<gpx xmlns:ns3="http://www.garmin.com/xmlschemas/TrackPointExtension/v1" xmlns="http://www.topografix.com/GPX/1/1" xmlns:xsi="http://www.w3.org/2001/XMLSchema-instance" xmlns:ns2="http://www.garmin.com/xmlschemas/GpxExtensions/v3" creator="Garmin Connect" version="1.1" xsi:schemaLocation="http://www.topografix.com/GPX/1/1 http://www.topografix.com/GPX/11.xsd">
  <extensions>
<distance>5002.15</distance>
<average_hr>115.0</average_hr>
<average_speed>2.5220000743865967</average_speed>
<start_time>2026-09-15T21:57:56+00:00</start_time>
<end_time>2026-09-15T22:30:59.288000+00:00</end_time>
<moving_time>1981.173</moving_time>
<elapsed_time>1983.288</elapsed_time>
</extensions>
<metadata>
    <link href="connect.garmin.com">
      <text>Garmin Connect</text>
    </link>
    <time>2026-09-15T21:57:56.000Z</time>
  </metadata>
  <trk>
    <name>苏州市 跑步</name>
    <type>running</type>
    <trkseg>
      <trkpt lat="31.4839161001145839691162109375" lon="121.16085416637361049652099609375">
        <ele>5.599999904632568359375</ele>
        <time>2026-09-15T21:57:56.000Z</time>
        <extensions>
          <ns3:TrackPointExtension>
            <ns3:hr>82</ns3:hr>
            <ns3:cad>53</ns3:cad>
          </ns3:TrackPointExtension>
        </extensions>
      </trkpt>
      <trkpt lat="31.48393596522510051727294921875" lon="121.1608336307108402252197265625">
        <ele>5.599999904632568359375</ele>
        <time>2026-09-15T21:57:57.000Z</time>
        <extensions>
          <ns3:TrackPointExtension>
            <ns3:hr>82</ns3:hr>
            <ns3:cad>51</ns3:cad>
          </ns3:TrackPointExtension>
        </extensions>
      </trkpt>
      <trkpt lat="31.48395205847918987274169921875" lon="121.160814352333545684814453125">
        <ele>5.599999904632568359375</ele>
        <time>2026-09-15T21:57:58.000Z</time>
        <extensions>
          <ns3:TrackPointExtension>
            <ns3:hr>82</ns3:hr>
            <ns3:cad>51</ns3:cad>
          </ns3:TrackPointExtension>
        </extensions>
      </trkpt>
      <trkpt lat="31.483974941074848175048828125" lon="121.1608001030981540679931640625">
        <ele>5.599999904632568359375</ele>
        <time>2026-09-15T21:57:59.000Z</time>
        <extensions>
          <ns3:TrackPointExtension>
            <ns3:hr>82</ns3:hr>
            <ns3:cad>51</ns3:cad>
          </ns3:TrackPointExtension>
        </extensions>
      </trkpt>
      <trkpt lat="31.48399530909955501556396484375" lon="121.16078442893922328948974609375">
        <ele>5.599999904632568359375</ele>
        <time>2026-09-15T21:58:00.000Z</time>
        <extensions>
          <ns3:TrackPointExtension>
            <ns3:hr>82</ns3:hr>
            <ns3:cad>0</ns3:cad>
          </ns3:TrackPointExtension>
        </extensions>
      </trkpt>
      <trkpt lat="31.48402112536132335662841796875" lon="121.16077051497995853424072265625">
        <ele>5.599999904632568359375</ele>
        <time>2026-09-15T21:58:01.000Z</time>
        <extensions>
          <ns3:TrackPointExtension>
            <ns3:hr>83</ns3:hr>
            <ns3:cad>0</ns3:cad>
          </ns3:TrackPointExtension>
        </extensions>
      </trkpt>
      <trkpt lat="31.48404392413794994354248046875" lon="121.16075442172586917877197265625">
        <ele>5.599999904632568359375</ele>
        <time>2026-09-15T21:58:02.000Z</time>
        <extensions>
          <ns3:TrackPointExtension>
            <ns3:hr>84</ns3:hr>
            <ns3:cad>0</ns3:cad>
          </ns3:TrackPointExtension>
        </extensions>
      </trkpt>
      <trkpt lat="31.48407049477100372314453125" lon="121.16073681972920894622802734375">
        <ele>5.599999904632568359375</ele>
        <time>2026-09-15T21:58:03.000Z</time>
        <extensions>
          <ns3:TrackPointExtension>
            <ns3:hr>85</ns3:hr>
            <ns3:cad>88</ns3:cad>
          </ns3:TrackPointExtension>
        </extensions>
      </trkpt>
      <trkpt lat="31.48408315144479274749755859375" lon="121.160726845264434814453125">
        <ele>5.80000019073486328125</ele>
        <time>2026-09-15T21:58:04.000Z</time>
        <extensions>
          <ns3:TrackPointExtension>
            <ns3:hr>87</ns3:hr>
            <ns3:cad>89</ns3:cad>
          </ns3:TrackPointExtension>
        </extensions>
      </trkpt>
      <trkpt lat="31.48410796187818050384521484375" lon="121.1607109196484088897705078125">
        <ele>5.80000019073486328125</ele>
        <time>2026-09-15T21:58:05.000Z</time>
        <extensions>
          <ns3:TrackPointExtension>
            <ns3:hr>88</ns3:hr>
            <ns3:cad>89</ns3:cad>
          </ns3:TrackPointExtension>
        </extensions>
      </trkpt>
      <trkpt lat="31.4841192774474620819091796875" lon="121.16069725714623928070068359375">
        <ele>5.80000019073486328125</ele>
        <time>2026-09-15T21:58:06.000Z</time>
        <extensions>
          <ns3:TrackPointExtension>
            <ns3:hr>90</ns3:hr>
            <ns3:cad>89</ns3:cad>
          </ns3:TrackPointExtension>
        </extensions>
      </trkpt>
      <trkpt lat="31.48414350114762783050537109375" lon="121.16068183444440364837646484375">
        <ele>5.80000019073486328125</ele>
        <time>2026-09-15T21:58:07.000Z</time>
        <extensions>
          <ns3:TrackPointExtension>
            <ns3:hr>91</ns3:hr>
            <ns3:cad>88</ns3:cad>
          </ns3:TrackPointExtension>
        </extensions>
      </trkpt>
      <trkpt lat="31.48415490053594112396240234375" lon="121.1606676690280437469482421875">
        <ele>5.80000019073486328125</ele>
        <time>2026-09-15T21:58:08.000Z</time>
        <extensions>
          <ns3:TrackPointExtension>
            <ns3:hr>91</ns3:hr>
            <ns3:cad>88</ns3:cad>
          </ns3:TrackPointExtension>
        </extensions>
      </trkpt>
      <trkpt lat="31.48418021388351917266845703125" lon="121.160649396479129791259765625">
        <ele>5.80000019073486328125</ele>
        <time>2026-09-15T21:58:09.000Z</time>
        <extensions>
          <ns3:TrackPointExtension>
            <ns3:hr>92</ns3:hr>
            <ns3:cad>89</ns3:cad>
          </ns3:TrackPointExtension>
        </extensions>
      </trkpt>
      <trkpt lat="31.48418943397700786590576171875" lon="121.16063405759632587432861328125">
        <ele>6</ele>
        <time>2026-09-15T21:58:10.000Z</time>
        <extensions>
          <ns3:TrackPointExtension>
            <ns3:hr>92</ns3:hr>
            <ns3:cad>89</ns3:cad>
          </ns3:TrackPointExtension>
        </extensions>
      </trkpt>
      <trkpt lat="31.484211981296539306640625" lon="121.1606157012283802032470703125">
        <ele>6</ele>
        <time>2026-09-15T21:58:11.000Z</time>
        <extensions>
          <ns3:TrackPointExtension>
            <ns3:hr>92</ns3:hr>
            <ns3:cad>89</ns3:cad>
          </ns3:TrackPointExtension>
        </extensions>
      </trkpt>
      <trkpt lat="31.4842238835990428924560546875" lon="121.16059935651719570159912109375">
        <ele>6</ele>
        <time>2026-09-15T21:58:12.000Z</time>
        <extensions>
          <ns3:TrackPointExtension>
            <ns3:hr>92</ns3:hr>
            <ns3:cad>89</ns3:cad>
          </ns3:TrackPointExtension>
        </extensions>
      </trkpt>
      <trkpt lat="31.4842490293085575103759765625" lon="121.1605851911008358001708984375">
        <ele>6</ele>
        <time>2026-09-15T21:58:13.000Z</time>
        <extensions>
          <ns3:TrackPointExtension>
            <ns3:hr>93</ns3:hr>
            <ns3:cad>89</ns3:cad>
          </ns3:TrackPointExtension>
        </extensions>
      </trkpt>
      <trkpt lat="31.48426093161106109619140625" lon="121.16057085804641246795654296875">
        <ele>6</ele>
        <time>2026-09-15T21:58:14.000Z</time>
        <extensions>
          <ns3:TrackPointExtension>
            <ns3:hr>94</ns3:hr>
            <ns3:cad>90</ns3:cad>
          </ns3:TrackPointExtension>
        </extensions>
      </trkpt>
      <trkpt lat="31.48428482003509998321533203125" lon="121.160558201372623443603515625">
        <ele>6</ele>
        <time>2026-09-15T21:58:15.000Z</time>
        <extensions>
          <ns3:TrackPointExtension>
            <ns3:hr>95</ns3:hr>
            <ns3:cad>90</ns3:cad>
          </ns3:TrackPointExtension>
        </extensions>
      </trkpt>
      <trkpt lat="31.484296135604381561279296875" lon="121.1605436168611049652099609375">
        <ele>6</ele>
        <time>2026-09-15T21:58:16.000Z</time>
        <extensions>
          <ns3:TrackPointExtension>
            <ns3:hr>96</ns3:hr>
            <ns3:cad>90</ns3:cad>
          </ns3:TrackPointExtension>
        </extensions>
      </trkpt>
      <trkpt lat="31.4843217842280864715576171875" lon="121.1605288647115230560302734375">
        <ele>6</ele>
        <time>2026-09-15T21:58:17.000Z</time>
        <extensions>
          <ns3:TrackPointExtension>
            <ns3:hr>96</ns3:hr>
            <ns3:cad>90</ns3:cad>
          </ns3:TrackPointExtension>
        </extensions>
      </trkpt>
      <trkpt lat="31.4843367040157318115234375" lon="121.160510592162609100341796875">
        <ele>6</ele>
        <time>2026-09-15T21:58:18.000Z</time>
        <extensions>
          <ns3:TrackPointExtension>
            <ns3:hr>97</ns3:hr>
            <ns3:cad>90</ns3:cad>
          </ns3:TrackPointExtension>
        </extensions>
      </trkpt>
      <trkpt lat="31.4843603409826755523681640625" lon="121.16049458272755146026611328125">
        <ele>6</ele>
        <time>2026-09-15T21:58:19.000Z</time>
        <extensions>
          <ns3:TrackPointExtension>
            <ns3:hr>98</ns3:hr>
            <ns3:cad>90</ns3:cad>
          </ns3:TrackPointExtension>
        </extensions>
      </trkpt>
      <trkpt lat="31.484375260770320892333984375" lon="121.16048083640635013580322265625">
        <ele>6</ele>
        <time>2026-09-15T21:58:20.000Z</time>
        <extensions>
          <ns3:TrackPointExtension>
            <ns3:hr>98</ns3:hr>
            <ns3:cad>90</ns3:cad>
          </ns3:TrackPointExtension>
        </extensions>
      </trkpt>
      <trkpt lat="31.484400741755962371826171875" lon="121.1604675091803073883056640625">
        <ele>6.19999980926513671875</ele>
        <time>2026-09-15T21:58:21.000Z</time>
        <extensions>
          <ns3:TrackPointExtension>
            <ns3:hr>99</ns3:hr>
            <ns3:cad>90</ns3:cad>
          </ns3:TrackPointExtension>
        </extensions>
      </trkpt>
      <trkpt lat="31.484415829181671142578125" lon="121.1604510806500911712646484375">
        <ele>6.19999980926513671875</ele>
        <time>2026-09-15T21:58:22.000Z</time>
        <extensions>
          <ns3:TrackPointExtension>
            <ns3:hr>100</ns3:hr>
            <ns3:cad>90</ns3:cad>
          </ns3:TrackPointExtension>
        </extensions>
      </trkpt>
      <trkpt lat="31.4844418130815029144287109375" lon="121.1604376696050167083740234375">
        <ele>6.19999980926513671875</ele>
        <time>2026-09-15T21:58:23.000Z</time>
        <extensions>
          <ns3:TrackPointExtension>
            <ns3:hr>101</ns3:hr>
            <ns3:cad>90</ns3:cad>
          </ns3:TrackPointExtension>
        </extensions>
      </trkpt>
      <trkpt lat="31.4844562299549579620361328125" lon="121.1604239232838153839111328125">
        <ele>6.19999980926513671875</ele>
        <time>2026-09-15T21:58:24.000Z</time>
        <extensions>
          <ns3:TrackPointExtension>
            <ns3:hr>102</ns3:hr>
            <ns3:cad>90</ns3:cad>
          </ns3:TrackPointExtension>
        </extensions>
      </trkpt>
      <trkpt lat="31.48448112420737743377685546875" lon="121.16041160188615322113037109375">
        <ele>6.19999980926513671875</ele>
        <time>2026-09-15T21:58:25.000Z</time>
        <extensions>
          <ns3:TrackPointExtension>
            <ns3:hr>102</ns3:hr>
            <ns3:cad>90</ns3:cad>
          </ns3:TrackPointExtension>
        </extensions>
      </trkpt>
      <trkpt lat="31.48449537344276905059814453125" lon="121.16039735265076160430908203125">
        <ele>6.19999980926513671875</ele>
        <time>2026-09-15T21:58:26.000Z</time>
        <extensions>
          <ns3:TrackPointExtension>
            <ns3:hr>103</ns3:hr>
            <ns3:cad>90</ns3:cad>
          </ns3:TrackPointExtension>
        </extensions>
      </trkpt>
      <trkpt lat="31.4845216087996959686279296875" lon="121.16038645617663860321044921875">
        <ele>6.400000095367431640625</ele>
        <time>2026-09-15T21:58:27.000Z</time>
        <extensions>
          <ns3:TrackPointExtension>
            <ns3:hr>104</ns3:hr>
            <ns3:cad>90</ns3:cad>
          </ns3:TrackPointExtension>
        </extensions>
      </trkpt>
      <trkpt lat="31.4845363609492778778076171875" lon="121.16037220694124698638916015625">
        <ele>6.400000095367431640625</ele>
        <time>2026-09-15T21:58:28.000Z</time>
        <extensions>
          <ns3:TrackPointExtension>
            <ns3:hr>105</ns3:hr>
            <ns3:cad>90</ns3:cad>
          </ns3:TrackPointExtension>
        </extensions>
      </trkpt>
      <trkpt lat="31.48456293158233165740966796875" lon="121.160361059010028839111328125">
        <ele>6.400000095367431640625</ele>
        <time>2026-09-15T21:58:29.000Z</time>
        <extensions>
          <ns3:TrackPointExtension>
            <ns3:hr>106</ns3:hr>
            <ns3:cad>90</ns3:cad>
          </ns3:TrackPointExtension>
        </extensions>
      </trkpt>
      <trkpt lat="31.48457743227481842041015625" lon="121.1603464744985103607177734375">
        <ele>6.599999904632568359375</ele>
        <time>2026-09-15T21:58:30.000Z</time>
        <extensions>
          <ns3:TrackPointExtension>
            <ns3:hr>107</ns3:hr>
            <ns3:cad>90</ns3:cad>
          </ns3:TrackPointExtension>
        </extensions>
      </trkpt>
      <trkpt lat="31.48459880612790584564208984375" lon="121.16033314727246761322021484375">
        <ele>6.599999904632568359375</ele>
        <time>2026-09-15T21:58:31.000Z</time>
        <extensions>
          <ns3:TrackPointExtension>
            <ns3:hr>107</ns3:hr>
            <ns3:cad>90</ns3:cad>
          </ns3:TrackPointExtension>
        </extensions>
      </trkpt>
      <trkpt lat="31.48461020551621913909912109375" lon="121.1603162996470928192138671875">
        <ele>6.599999904632568359375</ele>
        <time>2026-09-15T21:58:32.000Z</time>
        <extensions>
          <ns3:TrackPointExtension>
            <ns3:hr>108</ns3:hr>
            <ns3:cad>90</ns3:cad>
          </ns3:TrackPointExtension>
        </extensions>
      </trkpt>
      <trkpt lat="31.48463216610252857208251953125" lon="121.16030364297330379486083984375">
        <ele>6.400000095367431640625</ele>
        <time>2026-09-15T21:58:33.000Z</time>
        <extensions>
          <ns3:TrackPointExtension>
            <ns3:hr>109</ns3:hr>
            <ns3:cad>90</ns3:cad>
          </ns3:TrackPointExtension>
        </extensions>
      </trkpt>
      <trkpt lat="31.4846443198621273040771484375" lon="121.160292662680149078369140625">
        <ele>6.400000095367431640625</ele>
        <time>2026-09-15T21:58:34.000Z</time>
        <extensions>
          <ns3:TrackPointExtension>
            <ns3:hr>110</ns3:hr>
            <ns3:cad>90</ns3:cad>
          </ns3:TrackPointExtension>
        </extensions>
      </trkpt>
      <trkpt lat="31.484669633209705352783203125" lon="121.16027950309216976165771484375">
        <ele>6.400000095367431640625</ele>
        <time>2026-09-15T21:58:35.000Z</time>
        <extensions>
          <ns3:TrackPointExtension>
            <ns3:hr>111</ns3:hr>
            <ns3:cad>90</ns3:cad>
          </ns3:TrackPointExtension>
        </extensions>
      </trkpt>
      <trkpt lat="31.4846818707883358001708984375" lon="121.1602656729519367218017578125">
        <ele>6.599999904632568359375</ele>
        <time>2026-09-15T21:58:36.000Z</time>
        <extensions>
          <ns3:TrackPointExtension>
            <ns3:hr>111</ns3:hr>
            <ns3:cad>90</ns3:cad>
          </ns3:TrackPointExtension>
        </extensions>
      </trkpt>
      <trkpt lat="31.48470810614526271820068359375" lon="121.160249747335910797119140625">
        <ele>6.599999904632568359375</ele>
        <time>2026-09-15T21:58:37.000Z</time>
        <extensions>
          <ns3:TrackPointExtension>
            <ns3:hr>112</ns3:hr>
            <ns3:cad>89</ns3:cad>
          </ns3:TrackPointExtension>
        </extensions>
      </trkpt>
      <trkpt lat="31.48472252301871776580810546875" lon="121.1602348275482654571533203125">
        <ele>6.599999904632568359375</ele>
        <time>2026-09-15T21:58:38.000Z</time>
        <extensions>
          <ns3:TrackPointExtension>
            <ns3:hr>113</ns3:hr>
            <ns3:cad>89</ns3:cad>
          </ns3:TrackPointExtension>
        </extensions>
      </trkpt>
      <trkpt lat="31.48474666289985179901123046875" lon="121.1602190695703029632568359375">
        <ele>6.599999904632568359375</ele>
        <time>2026-09-15T21:58:39.000Z</time>
        <extensions>
          <ns3:TrackPointExtension>
            <ns3:hr>113</ns3:hr>
            <ns3:cad>88</ns3:cad>
          </ns3:TrackPointExtension>
        </extensions>
      </trkpt>
      <trkpt lat="31.4847596548497676849365234375" lon="121.16020574234426021575927734375">
        <ele>6.599999904632568359375</ele>
        <time>2026-09-15T21:58:40.000Z</time>
        <extensions>
          <ns3:TrackPointExtension>
            <ns3:hr>113</ns3:hr>
            <ns3:cad>88</ns3:cad>
          </ns3:TrackPointExtension>
        </extensions>
      </trkpt>
      <trkpt lat="31.484784968197345733642578125" lon="121.16019367240369319915771484375">
        <ele>6.599999904632568359375</ele>
        <time>2026-09-15T21:58:41.000Z</time>
        <extensions>
          <ns3:TrackPointExtension>
            <ns3:hr>114</ns3:hr>
            <ns3:cad>89</ns3:cad>
          </ns3:TrackPointExtension>
        </extensions>
      </trkpt>
      <trkpt lat="31.48479963652789592742919921875" lon="121.16017942316830158233642578125">
        <ele>6.599999904632568359375</ele>
        <time>2026-09-15T21:58:42.000Z</time>
        <extensions>
          <ns3:TrackPointExtension>
            <ns3:hr>115</ns3:hr>
            <ns3:cad>90</ns3:cad>
          </ns3:TrackPointExtension>
        </extensions>
      </trkpt>
      <trkpt lat="31.48482243530452251434326171875" lon="121.16016332991421222686767578125">
        <ele>6.80000019073486328125</ele>
        <time>2026-09-15T21:58:43.000Z</time>
        <extensions>
          <ns3:TrackPointExtension>
            <ns3:hr>115</ns3:hr>
            <ns3:cad>90</ns3:cad>
          </ns3:TrackPointExtension>
        </extensions>
      </trkpt>
      <trkpt lat="31.48483048193156719207763671875" lon="121.1601523496210575103759765625">
        <ele>6.80000019073486328125</ele>
        <time>2026-09-15T21:58:44.000Z</time>
        <extensions>
          <ns3:TrackPointExtension>
            <ns3:hr>116</ns3:hr>
            <ns3:cad>90</ns3:cad>
          </ns3:TrackPointExtension>
        </extensions>
      </trkpt>
      <trkpt lat="31.48486032150685787200927734375" lon="121.1601381003856658935546875">
        <ele>6.80000019073486328125</ele>
        <time>2026-09-15T21:58:45.000Z</time>
        <extensions>
          <ns3:TrackPointExtension>
            <ns3:hr>116</ns3:hr>
            <ns3:cad>90</ns3:cad>
          </ns3:TrackPointExtension>
        </extensions>
      </trkpt>
      <trkpt lat="31.484877504408359527587890625" lon="121.16012133657932281494140625">
        <ele>7</ele>
        <time>2026-09-15T21:58:46.000Z</time>
        <extensions>
          <ns3:TrackPointExtension>
            <ns3:hr>117</ns3:hr>
            <ns3:cad>90</ns3:cad>
          </ns3:TrackPointExtension>
        </extensions>
      </trkpt>
      <trkpt lat="31.4849004708230495452880859375" lon="121.16011328995227813720703125">
        <ele>7</ele>
        <time>2026-09-15T21:58:47.000Z</time>
        <extensions>
          <ns3:TrackPointExtension>
            <ns3:hr>117</ns3:hr>
            <ns3:cad>90</ns3:cad>
          </ns3:TrackPointExtension>
        </extensions>
      </trkpt>
      <trkpt lat="31.48491363041102886199951171875" lon="121.160099543631076812744140625">
        <ele>7</ele>
        <time>2026-09-15T21:58:48.000Z</time>
        <extensions>
          <ns3:TrackPointExtension>
            <ns3:hr>118</ns3:hr>
            <ns3:cad>90</ns3:cad>
          </ns3:TrackPointExtension>
        </extensions>
      </trkpt>
      <trkpt lat="31.4849366806447505950927734375" lon="121.16008454002439975738525390625">
        <ele>7</ele>
        <time>2026-09-15T21:58:49.000Z</time>
        <extensions>
          <ns3:TrackPointExtension>
            <ns3:hr>118</ns3:hr>
            <ns3:cad>90</ns3:cad>
          </ns3:TrackPointExtension>
        </extensions>
      </trkpt>
      <trkpt lat="31.48494900204241275787353515625" lon="121.16007045842707157135009765625">
        <ele>7</ele>
        <time>2026-09-15T21:58:50.000Z</time>
        <extensions>
          <ns3:TrackPointExtension>
            <ns3:hr>119</ns3:hr>
            <ns3:cad>90</ns3:cad>
          </ns3:TrackPointExtension>
        </extensions>
      </trkpt>
      <trkpt lat="31.48497398011386394500732421875" lon="121.1600564606487751007080078125">
        <ele>7</ele>
        <time>2026-09-15T21:58:51.000Z</time>
        <extensions>
          <ns3:TrackPointExtension>
            <ns3:hr>119</ns3:hr>
            <ns3:cad>90</ns3:cad>
          </ns3:TrackPointExtension>
        </extensions>
      </trkpt>
      <trkpt lat="31.48498822934925556182861328125" lon="121.1600413732230663299560546875">
        <ele>7</ele>
        <time>2026-09-15T21:58:52.000Z</time>
        <extensions>
          <ns3:TrackPointExtension>
            <ns3:hr>120</ns3:hr>
            <ns3:cad>90</ns3:cad>
          </ns3:TrackPointExtension>
        </extensions>
      </trkpt>
      <trkpt lat="31.48501371033489704132080078125" lon="121.16002720780670642852783203125">
        <ele>7</ele>
        <time>2026-09-15T21:58:53.000Z</time>
        <extensions>
          <ns3:TrackPointExtension>
            <ns3:hr>120</ns3:hr>
            <ns3:cad>90</ns3:cad>
          </ns3:TrackPointExtension>
        </extensions>
      </trkpt>
      <trkpt lat="31.485025696456432342529296875" lon="121.16001161746680736541748046875">
        <ele>7</ele>
        <time>2026-09-15T21:58:54.000Z</time>
        <extensions>
          <ns3:TrackPointExtension>
            <ns3:hr>120</ns3:hr>
            <ns3:cad>90</ns3:cad>
          </ns3:TrackPointExtension>
        </extensions>
      </trkpt>
      <trkpt lat="31.485051847994327545166015625" lon="121.15999585948884487152099609375">
        <ele>7</ele>
        <time>2026-09-15T21:58:55.000Z</time>
        <extensions>
          <ns3:TrackPointExtension>
            <ns3:hr>121</ns3:hr>
            <ns3:cad>90</ns3:cad>
          </ns3:TrackPointExtension>
        </extensions>
      </trkpt>
      <trkpt lat="31.48506483994424343109130859375" lon="121.1599793471395969390869140625">
        <ele>7</ele>
        <time>2026-09-15T21:58:56.000Z</time>
        <extensions>
          <ns3:TrackPointExtension>
            <ns3:hr>121</ns3:hr>
            <ns3:cad>89</ns3:cad>
          </ns3:TrackPointExtension>
        </extensions>
      </trkpt>
      <trkpt lat="31.48509241640567779541015625" lon="121.15996199660003185272216796875">
        <ele>7</ele>
        <time>2026-09-15T21:58:57.000Z</time>
        <extensions>
          <ns3:TrackPointExtension>
            <ns3:hr>121</ns3:hr>
            <ns3:cad>89</ns3:cad>
          </ns3:TrackPointExtension>
        </extensions>
      </trkpt>
      <trkpt lat="31.48510658182203769683837890625" lon="121.1599451489746570587158203125">
        <ele>7</ele>
        <time>2026-09-15T21:58:58.000Z</time>
        <extensions>
          <ns3:TrackPointExtension>
            <ns3:hr>122</ns3:hr>
            <ns3:cad>89</ns3:cad>
          </ns3:TrackPointExtension>
        </extensions>
      </trkpt>
      <trkpt lat="31.48513189516961574554443359375" lon="121.15992645733058452606201171875">
        <ele>7</ele>
        <time>2026-09-15T21:58:59.000Z</time>
        <extensions>
          <ns3:TrackPointExtension>
            <ns3:hr>122</ns3:hr>
            <ns3:cad>89</ns3:cad>
          </ns3:TrackPointExtension>
        </extensions>
      </trkpt>
      <trkpt lat="31.48514564149081707000732421875" lon="121.15991170518100261688232421875">
        <ele>7</ele>
        <time>2026-09-15T21:59:00.000Z</time>
        <extensions>
          <ns3:TrackPointExtension>
            <ns3:hr>122</ns3:hr>
            <ns3:cad>89</ns3:cad>
          </ns3:TrackPointExtension>
        </extensions>
      </trkpt>
      <trkpt lat="31.48517296649515628814697265625" lon="121.15989862941205501556396484375">
        <ele>7</ele>
        <time>2026-09-15T21:59:01.000Z</time>
        <extensions>
          <ns3:TrackPointExtension>
            <ns3:hr>122</ns3:hr>
            <ns3:cad>89</ns3:cad>
          </ns3:TrackPointExtension>
        </extensions>
      </trkpt>
      <trkpt lat="31.48518629372119903564453125" lon="121.15988572128117084503173828125">
        <ele>7</ele>
        <time>2026-09-15T21:59:02.000Z</time>
        <extensions>
          <ns3:TrackPointExtension>
            <ns3:hr>122</ns3:hr>
            <ns3:cad>89</ns3:cad>
          </ns3:TrackPointExtension>
        </extensions>
      </trkpt>
      <trkpt lat="31.48521219380199909210205078125" lon="121.15987055003643035888671875">
        <ele>6.80000019073486328125</ele>
        <time>2026-09-15T21:59:03.000Z</time>
        <extensions>
          <ns3:TrackPointExtension>
            <ns3:hr>123</ns3:hr>
            <ns3:cad>89</ns3:cad>
          </ns3:TrackPointExtension>
        </extensions>
      </trkpt>
      <trkpt lat="31.48522292263805866241455078125" lon="121.15985521115362644195556640625">
        <ele>6.80000019073486328125</ele>
        <time>2026-09-15T21:59:04.000Z</time>
        <extensions>
          <ns3:TrackPointExtension>
            <ns3:hr>123</ns3:hr>
            <ns3:cad>89</ns3:cad>
          </ns3:TrackPointExtension>
        </extensions>
      </trkpt>
      <trkpt lat="31.48524873889982700347900390625" lon="121.1598371900618076324462890625">
        <ele>6.80000019073486328125</ele>
        <time>2026-09-15T21:59:05.000Z</time>
        <extensions>
          <ns3:TrackPointExtension>
            <ns3:hr>123</ns3:hr>
            <ns3:cad>90</ns3:cad>
          </ns3:TrackPointExtension>
        </extensions>
      </trkpt>
      <trkpt lat="31.485263071954250335693359375" lon="121.15982403047382831573486328125">
        <ele>6.80000019073486328125</ele>
        <time>2026-09-15T21:59:06.000Z</time>
        <extensions>
          <ns3:TrackPointExtension>
            <ns3:hr>122</ns3:hr>
            <ns3:cad>90</ns3:cad>
          </ns3:TrackPointExtension>
        </extensions>
      </trkpt>
      <trkpt lat="31.48529249243438243865966796875" lon="121.15980927832424640655517578125">
        <ele>6.599999904632568359375</ele>
        <time>2026-09-15T21:59:07.000Z</time>
        <extensions>
          <ns3:TrackPointExtension>
            <ns3:hr>122</ns3:hr>
            <ns3:cad>89</ns3:cad>
          </ns3:TrackPointExtension>
        </extensions>
      </trkpt>
      <trkpt lat="31.48530674166977405548095703125" lon="121.1597946099936962127685546875">
        <ele>6.599999904632568359375</ele>
        <time>2026-09-15T21:59:08.000Z</time>
        <extensions>
          <ns3:TrackPointExtension>
            <ns3:hr>122</ns3:hr>
            <ns3:cad>89</ns3:cad>
          </ns3:TrackPointExtension>
        </extensions>
      </trkpt>
      <trkpt lat="31.485333144664764404296875" lon="121.1597760021686553955078125">
        <ele>6.599999904632568359375</ele>
        <time>2026-09-15T21:59:09.000Z</time>
        <extensions>
          <ns3:TrackPointExtension>
            <ns3:hr>121</ns3:hr>
            <ns3:cad>90</ns3:cad>
          </ns3:TrackPointExtension>
        </extensions>
      </trkpt>
      <trkpt lat="31.48534680716693401336669921875" lon="121.15975948981940746307373046875">
        <ele>6.400000095367431640625</ele>
        <time>2026-09-15T21:59:10.000Z</time>
        <extensions>
          <ns3:TrackPointExtension>
            <ns3:hr>121</ns3:hr>
            <ns3:cad>91</ns3:cad>
          </ns3:TrackPointExtension>
        </extensions>
      </trkpt>
      <trkpt lat="31.48537396453320980072021484375" lon="121.1597423069179058074951171875">
        <ele>6.400000095367431640625</ele>
        <time>2026-09-15T21:59:11.000Z</time>
        <extensions>
          <ns3:TrackPointExtension>
            <ns3:hr>120</ns3:hr>
            <ns3:cad>92</ns3:cad>
          </ns3:TrackPointExtension>
        </extensions>
      </trkpt>
      <trkpt lat="31.4853896386921405792236328125" lon="121.15972512401640415191650390625">
        <ele>6.599999904632568359375</ele>
        <time>2026-09-15T21:59:12.000Z</time>
        <extensions>
          <ns3:TrackPointExtension>
            <ns3:hr>120</ns3:hr>
            <ns3:cad>92</ns3:cad>
          </ns3:TrackPointExtension>
        </extensions>
      </trkpt>
      <trkpt lat="31.485415287315845489501953125" lon="121.15970768965780735015869140625">
        <ele>6.599999904632568359375</ele>
        <time>2026-09-15T21:59:13.000Z</time>
        <extensions>
          <ns3:TrackPointExtension>
            <ns3:hr>120</ns3:hr>
            <ns3:cad>92</ns3:cad>
          </ns3:TrackPointExtension>
        </extensions>
      </trkpt>
      <trkpt lat="31.48543112911283969879150390625" lon="121.159689836204051971435546875">
        <ele>6.400000095367431640625</ele>
        <time>2026-09-15T21:59:14.000Z</time>
        <extensions>
          <ns3:TrackPointExtension>
            <ns3:hr>120</ns3:hr>
            <ns3:cad>92</ns3:cad>
          </ns3:TrackPointExtension>
        </extensions>
      </trkpt>
      <trkpt lat="31.48545661009848117828369140625" lon="121.15967432968318462371826171875">
        <ele>6.400000095367431640625</ele>
        <time>2026-09-15T21:59:15.000Z</time>
        <extensions>
          <ns3:TrackPointExtension>
            <ns3:hr>121</ns3:hr>
            <ns3:cad>92</ns3:cad>
          </ns3:TrackPointExtension>
        </extensions>
      </trkpt>
      <trkpt lat="31.48547404445707798004150390625" lon="121.159656979143619537353515625">
        <ele>6.19999980926513671875</ele>
        <time>2026-09-15T21:59:16.000Z</time>
        <extensions>
          <ns3:TrackPointExtension>
            <ns3:hr>120</ns3:hr>
            <ns3:cad>92</ns3:cad>
          </ns3:TrackPointExtension>
        </extensions>
      </trkpt>
      <trkpt lat="31.4854932390153408050537109375" lon="121.15964524447917938232421875">
        <ele>6.19999980926513671875</ele>
        <time>2026-09-15T21:59:17.000Z</time>
        <extensions>
          <ns3:TrackPointExtension>
            <ns3:hr>121</ns3:hr>
            <ns3:cad>92</ns3:cad>
          </ns3:TrackPointExtension>
        </extensions>
      </trkpt>
      <trkpt lat="31.4855086617171764373779296875" lon="121.15962856449186801910400390625">
        <ele>6.19999980926513671875</ele>
        <time>2026-09-15T21:59:18.000Z</time>
        <extensions>
          <ns3:TrackPointExtension>
            <ns3:hr>121</ns3:hr>
            <ns3:cad>91</ns3:cad>
          </ns3:TrackPointExtension>
        </extensions>
      </trkpt>
      <trkpt lat="31.4855304546654224395751953125" lon="121.1596177518367767333984375">
        <ele>6.19999980926513671875</ele>
        <time>2026-09-15T21:59:19.000Z</time>
        <extensions>
          <ns3:TrackPointExtension>
            <ns3:hr>121</ns3:hr>
            <ns3:cad>91</ns3:cad>
          </ns3:TrackPointExtension>
        </extensions>
      </trkpt>
      <trkpt lat="31.48554696701467037200927734375" lon="121.15960475988686084747314453125">
        <ele>6.19999980926513671875</ele>
        <time>2026-09-15T21:59:20.000Z</time>
        <extensions>
          <ns3:TrackPointExtension>
            <ns3:hr>120</ns3:hr>
            <ns3:cad>91</ns3:cad>
          </ns3:TrackPointExtension>
        </extensions>
      </trkpt>
      <trkpt lat="31.48556850850582122802734375" lon="121.15959570743143558502197265625">
        <ele>6.19999980926513671875</ele>
        <time>2026-09-15T21:59:21.000Z</time>
        <extensions>
          <ns3:TrackPointExtension>
            <ns3:hr>120</ns3:hr>
            <ns3:cad>90</ns3:cad>
          </ns3:TrackPointExtension>
        </extensions>
      </trkpt>
      <trkpt lat="31.4855861105024814605712890625" lon="121.15957894362509250640869140625">
        <ele>6.19999980926513671875</ele>
        <time>2026-09-15T21:59:22.000Z</time>
        <extensions>
          <ns3:TrackPointExtension>
            <ns3:hr>120</ns3:hr>
            <ns3:cad>90</ns3:cad>
          </ns3:TrackPointExtension>
        </extensions>
      </trkpt>
      <trkpt lat="31.4856035448610782623291015625" lon="121.1595696397125720977783203125">
        <ele>6.19999980926513671875</ele>
        <time>2026-09-15T21:59:23.000Z</time>
        <extensions>
          <ns3:TrackPointExtension>
            <ns3:hr>120</ns3:hr>
            <ns3:cad>90</ns3:cad>
          </ns3:TrackPointExtension>
        </extensions>
      </trkpt>
      <trkpt lat="31.48561821319162845611572265625" lon="121.1595533788204193115234375">
        <ele>6.19999980926513671875</ele>
        <time>2026-09-15T21:59:24.000Z</time>
        <extensions>
          <ns3:TrackPointExtension>
            <ns3:hr>120</ns3:hr>
            <ns3:cad>90</ns3:cad>
          </ns3:TrackPointExtension>
        </extensions>
      </trkpt>
      <trkpt lat="31.48563732393085956573486328125" lon="121.15953938104212284088134765625">
        <ele>6.19999980926513671875</ele>
        <time>2026-09-15T21:59:25.000Z</time>
        <extensions>
          <ns3:TrackPointExtension>
            <ns3:hr>119</ns3:hr>
            <ns3:cad>90</ns3:cad>
          </ns3:TrackPointExtension>
        </extensions>
      </trkpt>
      <trkpt lat="31.48565433919429779052734375" lon="121.15952144376933574676513671875">
        <ele>6.19999980926513671875</ele>
        <time>2026-09-15T21:59:26.000Z</time>
        <extensions>
          <ns3:TrackPointExtension>
            <ns3:hr>119</ns3:hr>
            <ns3:cad>90</ns3:cad>
          </ns3:TrackPointExtension>
        </extensions>
      </trkpt>
      <trkpt lat="31.48567772470414638519287109375" lon="121.15951004438102245330810546875">
        <ele>6</ele>
        <time>2026-09-15T21:59:27.000Z</time>
        <extensions>
          <ns3:TrackPointExtension>
            <ns3:hr>119</ns3:hr>
            <ns3:cad>90</ns3:cad>
          </ns3:TrackPointExtension>
        </extensions>
      </trkpt>
      <trkpt lat="31.48569499142467975616455078125" lon="121.1594935320317745208740234375">
        <ele>6</ele>
        <time>2026-09-15T21:59:28.000Z</time>
        <extensions>
          <ns3:TrackPointExtension>
            <ns3:hr>119</ns3:hr>
            <ns3:cad>90</ns3:cad>
          </ns3:TrackPointExtension>
        </extensions>
      </trkpt>
      <trkpt lat="31.485715024173259735107421875" lon="121.15948162972927093505859375">
        <ele>6</ele>
        <time>2026-09-15T21:59:29.000Z</time>
        <extensions>
          <ns3:TrackPointExtension>
            <ns3:hr>119</ns3:hr>
            <ns3:cad>90</ns3:cad>
          </ns3:TrackPointExtension>
        </extensions>
      </trkpt>
      <trkpt lat="31.48573287762701511383056640625" lon="121.15946352481842041015625">
        <ele>6</ele>
        <time>2026-09-15T21:59:30.000Z</time>
        <extensions>
          <ns3:TrackPointExtension>
            <ns3:hr>119</ns3:hr>
            <ns3:cad>90</ns3:cad>
          </ns3:TrackPointExtension>
        </extensions>
      </trkpt>
      <trkpt lat="31.48575064726173877716064453125" lon="121.15944785065948963165283203125">
        <ele>6</ele>
        <time>2026-09-15T21:59:31.000Z</time>
        <extensions>
          <ns3:TrackPointExtension>
            <ns3:hr>119</ns3:hr>
            <ns3:cad>90</ns3:cad>
          </ns3:TrackPointExtension>
        </extensions>
      </trkpt>
      <trkpt lat="31.4857695065438747406005859375" lon="121.15943192504346370697021484375">
        <ele>6</ele>
        <time>2026-09-15T21:59:32.000Z</time>
        <extensions>
          <ns3:TrackPointExtension>
            <ns3:hr>119</ns3:hr>
            <ns3:cad>90</ns3:cad>
          </ns3:TrackPointExtension>
        </extensions>
      </trkpt>
      <trkpt lat="31.48578635416924953460693359375" lon="121.15941784344613552093505859375">
        <ele>5.80000019073486328125</ele>
        <time>2026-09-15T21:59:33.000Z</time>
        <extensions>
          <ns3:TrackPointExtension>
            <ns3:hr>119</ns3:hr>
            <ns3:cad>90</ns3:cad>
          </ns3:TrackPointExtension>
        </extensions>
      </trkpt>
      <trkpt lat="31.485805548727512359619140625" lon="121.15940242074429988861083984375">
        <ele>5.80000019073486328125</ele>
        <time>2026-09-15T21:59:34.000Z</time>
        <extensions>
          <ns3:TrackPointExtension>
            <ns3:hr>119</ns3:hr>
            <ns3:cad>90</ns3:cad>
          </ns3:TrackPointExtension>
        </extensions>
      </trkpt>
      <trkpt lat="31.48582197725772857666015625" lon="121.15938750095665454864501953125">
        <ele>5.80000019073486328125</ele>
        <time>2026-09-15T21:59:35.000Z</time>
        <extensions>
          <ns3:TrackPointExtension>
            <ns3:hr>119</ns3:hr>
            <ns3:cad>90</ns3:cad>
          </ns3:TrackPointExtension>
        </extensions>
      </trkpt>
      <trkpt lat="31.48584603331983089447021484375" lon="121.1593708209693431854248046875">
        <ele>5.80000019073486328125</ele>
        <time>2026-09-15T21:59:36.000Z</time>
        <extensions>
          <ns3:TrackPointExtension>
            <ns3:hr>119</ns3:hr>
            <ns3:cad>90</ns3:cad>
          </ns3:TrackPointExtension>
        </extensions>
      </trkpt>
      <trkpt lat="31.485865898430347442626953125" lon="121.15935732610523700714111328125">
        <ele>5.80000019073486328125</ele>
        <time>2026-09-15T21:59:37.000Z</time>
        <extensions>
          <ns3:TrackPointExtension>
            <ns3:hr>119</ns3:hr>
            <ns3:cad>91</ns3:cad>
          </ns3:TrackPointExtension>
        </extensions>
      </trkpt>
      <trkpt lat="31.48589112795889377593994140625" lon="121.15934140048921108245849609375">
        <ele>5.599999904632568359375</ele>
        <time>2026-09-15T21:59:38.000Z</time>
        <extensions>
          <ns3:TrackPointExtension>
            <ns3:hr>120</ns3:hr>
            <ns3:cad>91</ns3:cad>
          </ns3:TrackPointExtension>
        </extensions>
      </trkpt>
      <trkpt lat="31.48590872995555400848388671875" lon="121.15932698361575603485107421875">
        <ele>5.599999904632568359375</ele>
        <time>2026-09-15T21:59:39.000Z</time>
        <extensions>
          <ns3:TrackPointExtension>
            <ns3:hr>119</ns3:hr>
            <ns3:cad>91</ns3:cad>
          </ns3:TrackPointExtension>
        </extensions>
      </trkpt>
      <trkpt lat="31.4859331212937831878662109375" lon="121.1593119800090789794921875">
        <ele>5.599999904632568359375</ele>
        <time>2026-09-15T21:59:40.000Z</time>
        <extensions>
          <ns3:TrackPointExtension>
            <ns3:hr>120</ns3:hr>
            <ns3:cad>91</ns3:cad>
          </ns3:TrackPointExtension>
        </extensions>
      </trkpt>
      <trkpt lat="31.48594795726239681243896484375" lon="121.15929647348821163177490234375">
        <ele>5.599999904632568359375</ele>
        <time>2026-09-15T21:59:41.000Z</time>
        <extensions>
          <ns3:TrackPointExtension>
            <ns3:hr>120</ns3:hr>
            <ns3:cad>91</ns3:cad>
          </ns3:TrackPointExtension>
        </extensions>
      </trkpt>
      <trkpt lat="31.48597352206707000732421875" lon="121.15928255952894687652587890625">
        <ele>5.599999904632568359375</ele>
        <time>2026-09-15T21:59:42.000Z</time>
        <extensions>
          <ns3:TrackPointExtension>
            <ns3:hr>120</ns3:hr>
            <ns3:cad>91</ns3:cad>
          </ns3:TrackPointExtension>
        </extensions>
      </trkpt>
      <trkpt lat="31.48598869331181049346923828125" lon="121.159266047179698944091796875">
        <ele>5.599999904632568359375</ele>
        <time>2026-09-15T21:59:43.000Z</time>
        <extensions>
          <ns3:TrackPointExtension>
            <ns3:hr>120</ns3:hr>
            <ns3:cad>91</ns3:cad>
          </ns3:TrackPointExtension>
        </extensions>
      </trkpt>
      <trkpt lat="31.4860130846500396728515625" lon="121.15925372578203678131103515625">
        <ele>5.599999904632568359375</ele>
        <time>2026-09-15T21:59:44.000Z</time>
        <extensions>
          <ns3:TrackPointExtension>
            <ns3:hr>120</ns3:hr>
            <ns3:cad>90</ns3:cad>
          </ns3:TrackPointExtension>
        </extensions>
      </trkpt>
      <trkpt lat="31.48602783679962158203125" lon="121.1592377163469791412353515625">
        <ele>5.599999904632568359375</ele>
        <time>2026-09-15T21:59:45.000Z</time>
        <extensions>
          <ns3:TrackPointExtension>
            <ns3:hr>121</ns3:hr>
            <ns3:cad>90</ns3:cad>
          </ns3:TrackPointExtension>
        </extensions>
      </trkpt>
      <trkpt lat="31.486055664718151092529296875" lon="121.1592206172645092010498046875">
        <ele>5.599999904632568359375</ele>
        <time>2026-09-15T21:59:46.000Z</time>
        <extensions>
          <ns3:TrackPointExtension>
            <ns3:hr>121</ns3:hr>
            <ns3:cad>90</ns3:cad>
          </ns3:TrackPointExtension>
        </extensions>
      </trkpt>
      <trkpt lat="31.4860725961625576019287109375" lon="121.15920091979205608367919921875">
        <ele>5.400000095367431640625</ele>
        <time>2026-09-15T21:59:47.000Z</time>
        <extensions>
          <ns3:TrackPointExtension>
            <ns3:hr>121</ns3:hr>
            <ns3:cad>90</ns3:cad>
          </ns3:TrackPointExtension>
        </extensions>
      </trkpt>
      <trkpt lat="31.48609916679561138153076171875" lon="121.15918122231960296630859375">
        <ele>5.400000095367431640625</ele>
        <time>2026-09-15T21:59:48.000Z</time>
        <extensions>
          <ns3:TrackPointExtension>
            <ns3:hr>122</ns3:hr>
            <ns3:cad>90</ns3:cad>
          </ns3:TrackPointExtension>
        </extensions>
      </trkpt>
      <trkpt lat="31.4861148409545421600341796875" lon="121.1591663025319576263427734375">
        <ele>5.400000095367431640625</ele>
        <time>2026-09-15T21:59:49.000Z</time>
        <extensions>
          <ns3:TrackPointExtension>
            <ns3:hr>122</ns3:hr>
            <ns3:cad>90</ns3:cad>
          </ns3:TrackPointExtension>
        </extensions>
      </trkpt>
      <trkpt lat="31.48614007048308849334716796875" lon="121.1591535620391368865966796875">
        <ele>5.400000095367431640625</ele>
        <time>2026-09-15T21:59:50.000Z</time>
        <extensions>
          <ns3:TrackPointExtension>
            <ns3:hr>122</ns3:hr>
            <ns3:cad>90</ns3:cad>
          </ns3:TrackPointExtension>
        </extensions>
      </trkpt>
      <trkpt lat="31.48615230806171894073486328125" lon="121.159140653908252716064453125">
        <ele>5.400000095367431640625</ele>
        <time>2026-09-15T21:59:51.000Z</time>
        <extensions>
          <ns3:TrackPointExtension>
            <ns3:hr>122</ns3:hr>
            <ns3:cad>90</ns3:cad>
          </ns3:TrackPointExtension>
        </extensions>
      </trkpt>
      <trkpt lat="31.48617292754352092742919921875" lon="121.15912967361509799957275390625">
        <ele>5.400000095367431640625</ele>
        <time>2026-09-15T21:59:52.000Z</time>
        <extensions>
          <ns3:TrackPointExtension>
            <ns3:hr>122</ns3:hr>
            <ns3:cad>90</ns3:cad>
          </ns3:TrackPointExtension>
        </extensions>
      </trkpt>
      <trkpt lat="31.4861859194934368133544921875" lon="121.15911416709423065185546875">
        <ele>5.400000095367431640625</ele>
        <time>2026-09-15T21:59:53.000Z</time>
        <extensions>
          <ns3:TrackPointExtension>
            <ns3:hr>122</ns3:hr>
            <ns3:cad>90</ns3:cad>
          </ns3:TrackPointExtension>
        </extensions>
      </trkpt>
      <trkpt lat="31.48620695807039737701416015625" lon="121.15910134278237819671630859375">
        <ele>5.400000095367431640625</ele>
        <time>2026-09-15T21:59:54.000Z</time>
        <extensions>
          <ns3:TrackPointExtension>
            <ns3:hr>122</ns3:hr>
            <ns3:cad>90</ns3:cad>
          </ns3:TrackPointExtension>
        </extensions>
      </trkpt>
      <trkpt lat="31.4862221293151378631591796875" lon="121.1590893566608428955078125">
        <ele>5.400000095367431640625</ele>
        <time>2026-09-15T21:59:55.000Z</time>
        <extensions>
          <ns3:TrackPointExtension>
            <ns3:hr>122</ns3:hr>
            <ns3:cad>89</ns3:cad>
          </ns3:TrackPointExtension>
        </extensions>
      </trkpt>
      <trkpt lat="31.4862445928156375885009765625" lon="121.15907435305416584014892578125">
        <ele>5.19999980926513671875</ele>
        <time>2026-09-15T21:59:56.000Z</time>
        <extensions>
          <ns3:TrackPointExtension>
            <ns3:hr>122</ns3:hr>
            <ns3:cad>89</ns3:cad>
          </ns3:TrackPointExtension>
        </extensions>
      </trkpt>
      <trkpt lat="31.4862603507936000823974609375" lon="121.159058511257171630859375">
        <ele>5.19999980926513671875</ele>
        <time>2026-09-15T21:59:57.000Z</time>
        <extensions>
          <ns3:TrackPointExtension>
            <ns3:hr>122</ns3:hr>
            <ns3:cad>89</ns3:cad>
          </ns3:TrackPointExtension>
        </extensions>
      </trkpt>
      <trkpt lat="31.486286334693431854248046875" lon="121.15904250182211399078369140625">
        <ele>5.19999980926513671875</ele>
        <time>2026-09-15T21:59:58.000Z</time>
        <extensions>
          <ns3:TrackPointExtension>
            <ns3:hr>122</ns3:hr>
            <ns3:cad>89</ns3:cad>
          </ns3:TrackPointExtension>
        </extensions>
      </trkpt>
      <trkpt lat="31.4863009192049503326416015625" lon="121.1590281687676906585693359375">
        <ele>5.19999980926513671875</ele>
        <time>2026-09-15T21:59:59.000Z</time>
        <extensions>
          <ns3:TrackPointExtension>
            <ns3:hr>122</ns3:hr>
            <ns3:cad>89</ns3:cad>
          </ns3:TrackPointExtension>
        </extensions>
      </trkpt>
      <trkpt lat="31.4863250590860843658447265625" lon="121.15901333279907703399658203125">
        <ele>5.19999980926513671875</ele>
        <time>2026-09-15T22:00:00.000Z</time>
        <extensions>
          <ns3:TrackPointExtension>
            <ns3:hr>123</ns3:hr>
            <ns3:cad>89</ns3:cad>
          </ns3:TrackPointExtension>
        </extensions>
      </trkpt>
      <trkpt lat="31.4863428287208080291748046875" lon="121.15900428034365177154541015625">
        <ele>5.19999980926513671875</ele>
        <time>2026-09-15T22:00:01.000Z</time>
        <extensions>
          <ns3:TrackPointExtension>
            <ns3:hr>122</ns3:hr>
            <ns3:cad>89</ns3:cad>
          </ns3:TrackPointExtension>
        </extensions>
      </trkpt>
      <trkpt lat="31.48636604659259319305419921875" lon="121.15898969583213329315185546875">
        <ele>5.19999980926513671875</ele>
        <time>2026-09-15T22:00:02.000Z</time>
        <extensions>
          <ns3:TrackPointExtension>
            <ns3:hr>122</ns3:hr>
            <ns3:cad>89</ns3:cad>
          </ns3:TrackPointExtension>
        </extensions>
      </trkpt>
      <trkpt lat="31.48637945763766765594482421875" lon="121.1589738540351390838623046875">
        <ele>5.19999980926513671875</ele>
        <time>2026-09-15T22:00:03.000Z</time>
        <extensions>
          <ns3:TrackPointExtension>
            <ns3:hr>123</ns3:hr>
            <ns3:cad>89</ns3:cad>
          </ns3:TrackPointExtension>
        </extensions>
      </trkpt>
      <trkpt lat="31.48640208877623081207275390625" lon="121.1589611135423183441162109375">
        <ele>5.19999980926513671875</ele>
        <time>2026-09-15T22:00:04.000Z</time>
        <extensions>
          <ns3:TrackPointExtension>
            <ns3:hr>123</ns3:hr>
            <ns3:cad>90</ns3:cad>
          </ns3:TrackPointExtension>
        </extensions>
      </trkpt>
      <trkpt lat="31.48641474545001983642578125" lon="121.15894518792629241943359375">
        <ele>5.19999980926513671875</ele>
        <time>2026-09-15T22:00:05.000Z</time>
        <extensions>
          <ns3:TrackPointExtension>
            <ns3:hr>123</ns3:hr>
            <ns3:cad>90</ns3:cad>
          </ns3:TrackPointExtension>
        </extensions>
      </trkpt>
      <trkpt lat="31.4864353649318218231201171875" lon="121.158931441605091094970703125">
        <ele>5.19999980926513671875</ele>
        <time>2026-09-15T22:00:06.000Z</time>
        <extensions>
          <ns3:TrackPointExtension>
            <ns3:hr>123</ns3:hr>
            <ns3:cad>90</ns3:cad>
          </ns3:TrackPointExtension>
        </extensions>
      </trkpt>
      <trkpt lat="31.48644735105335712432861328125" lon="121.15891677327454090118408203125">
        <ele>5.19999980926513671875</ele>
        <time>2026-09-15T22:00:07.000Z</time>
        <extensions>
          <ns3:TrackPointExtension>
            <ns3:hr>122</ns3:hr>
            <ns3:cad>90</ns3:cad>
          </ns3:TrackPointExtension>
        </extensions>
      </trkpt>
      <trkpt lat="31.48647014982998371124267578125" lon="121.15890227258205413818359375">
        <ele>5.19999980926513671875</ele>
        <time>2026-09-15T22:00:08.000Z</time>
        <extensions>
          <ns3:TrackPointExtension>
            <ns3:hr>123</ns3:hr>
            <ns3:cad>91</ns3:cad>
          </ns3:TrackPointExtension>
        </extensions>
      </trkpt>
      <trkpt lat="31.4864863269031047821044921875" lon="121.158885844051837921142578125">
        <ele>5.19999980926513671875</ele>
        <time>2026-09-15T22:00:09.000Z</time>
        <extensions>
          <ns3:TrackPointExtension>
            <ns3:hr>123</ns3:hr>
            <ns3:cad>91</ns3:cad>
          </ns3:TrackPointExtension>
        </extensions>
      </trkpt>
      <trkpt lat="31.4865124784409999847412109375" lon="121.15886748768389225006103515625">
        <ele>5.19999980926513671875</ele>
        <time>2026-09-15T22:00:10.000Z</time>
        <extensions>
          <ns3:TrackPointExtension>
            <ns3:hr>123</ns3:hr>
            <ns3:cad>90</ns3:cad>
          </ns3:TrackPointExtension>
        </extensions>
      </trkpt>
      <trkpt lat="31.4865253865718841552734375" lon="121.15885240025818347930908203125">
        <ele>5.19999980926513671875</ele>
        <time>2026-09-15T22:00:11.000Z</time>
        <extensions>
          <ns3:TrackPointExtension>
            <ns3:hr>123</ns3:hr>
            <ns3:cad>90</ns3:cad>
          </ns3:TrackPointExtension>
        </extensions>
      </trkpt>
      <trkpt lat="31.4865520410239696502685546875" lon="121.1588387377560138702392578125">
        <ele>5.19999980926513671875</ele>
        <time>2026-09-15T22:00:12.000Z</time>
        <extensions>
          <ns3:TrackPointExtension>
            <ns3:hr>123</ns3:hr>
            <ns3:cad>90</ns3:cad>
          </ns3:TrackPointExtension>
        </extensions>
      </trkpt>
      <trkpt lat="31.48656587116420269012451171875" lon="121.15882473997771739959716796875">
        <ele>5.19999980926513671875</ele>
        <time>2026-09-15T22:00:13.000Z</time>
        <extensions>
          <ns3:TrackPointExtension>
            <ns3:hr>124</ns3:hr>
            <ns3:cad>90</ns3:cad>
          </ns3:TrackPointExtension>
        </extensions>
      </trkpt>
      <trkpt lat="31.4865932799875736236572265625" lon="121.158810742199420928955078125">
        <ele>5.19999980926513671875</ele>
        <time>2026-09-15T22:00:14.000Z</time>
        <extensions>
          <ns3:TrackPointExtension>
            <ns3:hr>124</ns3:hr>
            <ns3:cad>90</ns3:cad>
          </ns3:TrackPointExtension>
        </extensions>
      </trkpt>
      <trkpt lat="31.4866043440997600555419921875" lon="121.15879473276436328887939453125">
        <ele>5.19999980926513671875</ele>
        <time>2026-09-15T22:00:15.000Z</time>
        <extensions>
          <ns3:TrackPointExtension>
            <ns3:hr>124</ns3:hr>
            <ns3:cad>90</ns3:cad>
          </ns3:TrackPointExtension>
        </extensions>
      </trkpt>
      <trkpt lat="31.486627645790576934814453125" lon="121.15878215990960597991943359375">
        <ele>5.19999980926513671875</ele>
        <time>2026-09-15T22:00:16.000Z</time>
        <extensions>
          <ns3:TrackPointExtension>
            <ns3:hr>124</ns3:hr>
            <ns3:cad>90</ns3:cad>
          </ns3:TrackPointExtension>
        </extensions>
      </trkpt>
      <trkpt lat="31.48664130829274654388427734375" lon="121.15876891650259494781494140625">
        <ele>5.19999980926513671875</ele>
        <time>2026-09-15T22:00:17.000Z</time>
        <extensions>
          <ns3:TrackPointExtension>
            <ns3:hr>123</ns3:hr>
            <ns3:cad>90</ns3:cad>
          </ns3:TrackPointExtension>
        </extensions>
      </trkpt>
      <trkpt lat="31.48666460998356342315673828125" lon="121.15875734947621822357177734375">
        <ele>5.19999980926513671875</ele>
        <time>2026-09-15T22:00:18.000Z</time>
        <extensions>
          <ns3:TrackPointExtension>
            <ns3:hr>124</ns3:hr>
            <ns3:cad>90</ns3:cad>
          </ns3:TrackPointExtension>
        </extensions>
      </trkpt>
      <trkpt lat="31.4866781048476696014404296875" lon="121.1587433516979217529296875">
        <ele>5.19999980926513671875</ele>
        <time>2026-09-15T22:00:19.000Z</time>
        <extensions>
          <ns3:TrackPointExtension>
            <ns3:hr>124</ns3:hr>
            <ns3:cad>91</ns3:cad>
          </ns3:TrackPointExtension>
        </extensions>
      </trkpt>
      <trkpt lat="31.48670316673815250396728515625" lon="121.15873203612864017486572265625">
        <ele>5.19999980926513671875</ele>
        <time>2026-09-15T22:00:20.000Z</time>
        <extensions>
          <ns3:TrackPointExtension>
            <ns3:hr>123</ns3:hr>
            <ns3:cad>91</ns3:cad>
          </ns3:TrackPointExtension>
        </extensions>
      </trkpt>
      <trkpt lat="31.48671607486903667449951171875" lon="121.15871543996036052703857421875">
        <ele>5.19999980926513671875</ele>
        <time>2026-09-15T22:00:21.000Z</time>
        <extensions>
          <ns3:TrackPointExtension>
            <ns3:hr>123</ns3:hr>
            <ns3:cad>91</ns3:cad>
          </ns3:TrackPointExtension>
        </extensions>
      </trkpt>
      <trkpt lat="31.48673786781728267669677734375" lon="121.15870102308690547943115234375">
        <ele>5.19999980926513671875</ele>
        <time>2026-09-15T22:00:22.000Z</time>
        <extensions>
          <ns3:TrackPointExtension>
            <ns3:hr>123</ns3:hr>
            <ns3:cad>91</ns3:cad>
          </ns3:TrackPointExtension>
        </extensions>
      </trkpt>
      <trkpt lat="31.48674926720559597015380859375" lon="121.1586875282227993011474609375">
        <ele>5.19999980926513671875</ele>
        <time>2026-09-15T22:00:23.000Z</time>
        <extensions>
          <ns3:TrackPointExtension>
            <ns3:hr>123</ns3:hr>
            <ns3:cad>91</ns3:cad>
          </ns3:TrackPointExtension>
        </extensions>
      </trkpt>
      <trkpt lat="31.486773826181888580322265625" lon="121.15867151878774166107177734375">
        <ele>5.19999980926513671875</ele>
        <time>2026-09-15T22:00:24.000Z</time>
        <extensions>
          <ns3:TrackPointExtension>
            <ns3:hr>124</ns3:hr>
            <ns3:cad>90</ns3:cad>
          </ns3:TrackPointExtension>
        </extensions>
      </trkpt>
      <trkpt lat="31.48679017089307308197021484375" lon="121.15865408442914485931396484375">
        <ele>5.19999980926513671875</ele>
        <time>2026-09-15T22:00:25.000Z</time>
        <extensions>
          <ns3:TrackPointExtension>
            <ns3:hr>124</ns3:hr>
            <ns3:cad>90</ns3:cad>
          </ns3:TrackPointExtension>
        </extensions>
      </trkpt>
      <trkpt lat="31.48681632243096828460693359375" lon="121.158642433583736419677734375">
        <ele>5.19999980926513671875</ele>
        <time>2026-09-15T22:00:26.000Z</time>
        <extensions>
          <ns3:TrackPointExtension>
            <ns3:hr>124</ns3:hr>
            <ns3:cad>90</ns3:cad>
          </ns3:TrackPointExtension>
        </extensions>
      </trkpt>
      <trkpt lat="31.48683317005634307861328125" lon="121.15863044746220111846923828125">
        <ele>5.19999980926513671875</ele>
        <time>2026-09-15T22:00:27.000Z</time>
        <extensions>
          <ns3:TrackPointExtension>
            <ns3:hr>124</ns3:hr>
            <ns3:cad>89</ns3:cad>
          </ns3:TrackPointExtension>
        </extensions>
      </trkpt>
      <trkpt lat="31.486862339079380035400390625" lon="121.1586238257586956024169921875">
        <ele>5.19999980926513671875</ele>
        <time>2026-09-15T22:00:28.000Z</time>
        <extensions>
          <ns3:TrackPointExtension>
            <ns3:hr>124</ns3:hr>
            <ns3:cad>89</ns3:cad>
          </ns3:TrackPointExtension>
        </extensions>
      </trkpt>
      <trkpt lat="31.4868826232850551605224609375" lon="121.158618293702602386474609375">
        <ele>5.19999980926513671875</ele>
        <time>2026-09-15T22:00:29.000Z</time>
        <extensions>
          <ns3:TrackPointExtension>
            <ns3:hr>125</ns3:hr>
            <ns3:cad>89</ns3:cad>
          </ns3:TrackPointExtension>
        </extensions>
      </trkpt>
      <trkpt lat="31.4869094453752040863037109375" lon="121.1586280167102813720703125">
        <ele>5.19999980926513671875</ele>
        <time>2026-09-15T22:00:30.000Z</time>
        <extensions>
          <ns3:TrackPointExtension>
            <ns3:hr>125</ns3:hr>
            <ns3:cad>89</ns3:cad>
          </ns3:TrackPointExtension>
        </extensions>
      </trkpt>
      <trkpt lat="31.48692780174314975738525390625" lon="121.1586305312812328338623046875">
        <ele>5.19999980926513671875</ele>
        <time>2026-09-15T22:00:31.000Z</time>
        <extensions>
          <ns3:TrackPointExtension>
            <ns3:hr>125</ns3:hr>
            <ns3:cad>89</ns3:cad>
          </ns3:TrackPointExtension>
        </extensions>
      </trkpt>
      <trkpt lat="31.486953534185886383056640625" lon="121.158653832972049713134765625">
        <ele>5.19999980926513671875</ele>
        <time>2026-09-15T22:00:32.000Z</time>
        <extensions>
          <ns3:TrackPointExtension>
            <ns3:hr>126</ns3:hr>
            <ns3:cad>89</ns3:cad>
          </ns3:TrackPointExtension>
        </extensions>
      </trkpt>
      <trkpt lat="31.48697088472545146942138671875" lon="121.1586643941700458526611328125">
        <ele>5.400000095367431640625</ele>
        <time>2026-09-15T22:00:33.000Z</time>
        <extensions>
          <ns3:TrackPointExtension>
            <ns3:hr>126</ns3:hr>
            <ns3:cad>88</ns3:cad>
          </ns3:TrackPointExtension>
        </extensions>
      </trkpt>
      <trkpt lat="31.48698681034147739410400390625" lon="121.1586952395737171173095703125">
        <ele>5.400000095367431640625</ele>
        <time>2026-09-15T22:00:34.000Z</time>
        <extensions>
          <ns3:TrackPointExtension>
            <ns3:hr>126</ns3:hr>
            <ns3:cad>88</ns3:cad>
          </ns3:TrackPointExtension>
        </extensions>
      </trkpt>
      <trkpt lat="31.48700005374848842620849609375" lon="121.1587146855890750885009765625">
        <ele>5.400000095367431640625</ele>
        <time>2026-09-15T22:00:35.000Z</time>
        <extensions>
          <ns3:TrackPointExtension>
            <ns3:hr>126</ns3:hr>
            <ns3:cad>88</ns3:cad>
          </ns3:TrackPointExtension>
        </extensions>
      </trkpt>
      <trkpt lat="31.48701078258454799652099609375" lon="121.15874829702079296112060546875">
        <ele>5.19999980926513671875</ele>
        <time>2026-09-15T22:00:36.000Z</time>
        <extensions>
          <ns3:TrackPointExtension>
            <ns3:hr>126</ns3:hr>
            <ns3:cad>88</ns3:cad>
          </ns3:TrackPointExtension>
        </extensions>
      </trkpt>
      <trkpt lat="31.48702067323029041290283203125" lon="121.15876615047454833984375">
        <ele>5.19999980926513671875</ele>
        <time>2026-09-15T22:00:37.000Z</time>
        <extensions>
          <ns3:TrackPointExtension>
            <ns3:hr>126</ns3:hr>
            <ns3:cad>90</ns3:cad>
          </ns3:TrackPointExtension>
        </extensions>
      </trkpt>
      <trkpt lat="31.4870323240756988525390625" lon="121.1587971635162830352783203125">
        <ele>5.19999980926513671875</ele>
        <time>2026-09-15T22:00:38.000Z</time>
        <extensions>
          <ns3:TrackPointExtension>
            <ns3:hr>126</ns3:hr>
            <ns3:cad>90</ns3:cad>
          </ns3:TrackPointExtension>
        </extensions>
      </trkpt>
      <trkpt lat="31.4870469085872173309326171875" lon="121.15881107747554779052734375">
        <ele>5.19999980926513671875</ele>
        <time>2026-09-15T22:00:39.000Z</time>
        <extensions>
          <ns3:TrackPointExtension>
            <ns3:hr>126</ns3:hr>
            <ns3:cad>90</ns3:cad>
          </ns3:TrackPointExtension>
        </extensions>
      </trkpt>
      <trkpt lat="31.48705621249973773956298828125" lon="121.158840246498584747314453125">
        <ele>5.19999980926513671875</ele>
        <time>2026-09-15T22:00:40.000Z</time>
        <extensions>
          <ns3:TrackPointExtension>
            <ns3:hr>126</ns3:hr>
            <ns3:cad>90</ns3:cad>
          </ns3:TrackPointExtension>
        </extensions>
      </trkpt>
      <trkpt lat="31.4870710484683513641357421875" lon="121.15885525010526180267333984375">
        <ele>5.19999980926513671875</ele>
        <time>2026-09-15T22:00:41.000Z</time>
        <extensions>
          <ns3:TrackPointExtension>
            <ns3:hr>126</ns3:hr>
            <ns3:cad>90</ns3:cad>
          </ns3:TrackPointExtension>
        </extensions>
      </trkpt>
      <trkpt lat="31.4870831184089183807373046875" lon="121.1588840000331401824951171875">
        <ele>5</ele>
        <time>2026-09-15T22:00:42.000Z</time>
        <extensions>
          <ns3:TrackPointExtension>
            <ns3:hr>126</ns3:hr>
            <ns3:cad>90</ns3:cad>
          </ns3:TrackPointExtension>
        </extensions>
      </trkpt>
      <trkpt lat="31.487095020711421966552734375" lon="121.15889799781143665313720703125">
        <ele>5</ele>
        <time>2026-09-15T22:00:43.000Z</time>
        <extensions>
          <ns3:TrackPointExtension>
            <ns3:hr>126</ns3:hr>
            <ns3:cad>90</ns3:cad>
          </ns3:TrackPointExtension>
        </extensions>
      </trkpt>
      <trkpt lat="31.48710583336651325225830078125" lon="121.15892666392028331756591796875">
        <ele>5</ele>
        <time>2026-09-15T22:00:44.000Z</time>
        <extensions>
          <ns3:TrackPointExtension>
            <ns3:hr>126</ns3:hr>
            <ns3:cad>90</ns3:cad>
          </ns3:TrackPointExtension>
        </extensions>
      </trkpt>
      <trkpt lat="31.48711689747869968414306640625" lon="121.158940494060516357421875">
        <ele>5</ele>
        <time>2026-09-15T22:00:45.000Z</time>
        <extensions>
          <ns3:TrackPointExtension>
            <ns3:hr>126</ns3:hr>
            <ns3:cad>90</ns3:cad>
          </ns3:TrackPointExtension>
        </extensions>
      </trkpt>
      <trkpt lat="31.48712553083896636962890625" lon="121.15896739996969699859619140625">
        <ele>5</ele>
        <time>2026-09-15T22:00:46.000Z</time>
        <extensions>
          <ns3:TrackPointExtension>
            <ns3:hr>127</ns3:hr>
            <ns3:cad>90</ns3:cad>
          </ns3:TrackPointExtension>
        </extensions>
      </trkpt>
      <trkpt lat="31.4871411211788654327392578125" lon="121.1589808948338031768798828125">
        <ele>5</ele>
        <time>2026-09-15T22:00:47.000Z</time>
        <extensions>
          <ns3:TrackPointExtension>
            <ns3:hr>126</ns3:hr>
            <ns3:cad>90</ns3:cad>
          </ns3:TrackPointExtension>
        </extensions>
      </trkpt>
      <trkpt lat="31.4871498383581638336181640625" lon="121.1590124107897281646728515625">
        <ele>5</ele>
        <time>2026-09-15T22:00:48.000Z</time>
        <extensions>
          <ns3:TrackPointExtension>
            <ns3:hr>126</ns3:hr>
            <ns3:cad>90</ns3:cad>
          </ns3:TrackPointExtension>
        </extensions>
      </trkpt>
      <trkpt lat="31.4871629141271114349365234375" lon="121.15903101861476898193359375">
        <ele>5</ele>
        <time>2026-09-15T22:00:49.000Z</time>
        <extensions>
          <ns3:TrackPointExtension>
            <ns3:hr>126</ns3:hr>
            <ns3:cad>90</ns3:cad>
          </ns3:TrackPointExtension>
        </extensions>
      </trkpt>
      <trkpt lat="31.48717205040156841278076171875" lon="121.1590640433132648468017578125">
        <ele>5</ele>
        <time>2026-09-15T22:00:50.000Z</time>
        <extensions>
          <ns3:TrackPointExtension>
            <ns3:hr>126</ns3:hr>
            <ns3:cad>90</ns3:cad>
          </ns3:TrackPointExtension>
        </extensions>
      </trkpt>
      <trkpt lat="31.4871830306947231292724609375" lon="121.1590838246047496795654296875">
        <ele>5</ele>
        <time>2026-09-15T22:00:51.000Z</time>
        <extensions>
          <ns3:TrackPointExtension>
            <ns3:hr>126</ns3:hr>
            <ns3:cad>90</ns3:cad>
          </ns3:TrackPointExtension>
        </extensions>
      </trkpt>
      <trkpt lat="31.487192250788211822509765625" lon="121.15911148488521575927734375">
        <ele>5</ele>
        <time>2026-09-15T22:00:52.000Z</time>
        <extensions>
          <ns3:TrackPointExtension>
            <ns3:hr>126</ns3:hr>
            <ns3:cad>90</ns3:cad>
          </ns3:TrackPointExtension>
        </extensions>
      </trkpt>
      <trkpt lat="31.48720507510006427764892578125" lon="121.15912833251059055328369140625">
        <ele>5</ele>
        <time>2026-09-15T22:00:53.000Z</time>
        <extensions>
          <ns3:TrackPointExtension>
            <ns3:hr>126</ns3:hr>
            <ns3:cad>90</ns3:cad>
          </ns3:TrackPointExtension>
        </extensions>
      </trkpt>
      <trkpt lat="31.4872147142887115478515625" lon="121.1591532267630100250244140625">
        <ele>5</ele>
        <time>2026-09-15T22:00:54.000Z</time>
        <extensions>
          <ns3:TrackPointExtension>
            <ns3:hr>126</ns3:hr>
            <ns3:cad>90</ns3:cad>
          </ns3:TrackPointExtension>
        </extensions>
      </trkpt>
      <trkpt lat="31.48722971789538860321044921875" lon="121.159165464341640472412109375">
        <ele>5</ele>
        <time>2026-09-15T22:00:55.000Z</time>
        <extensions>
          <ns3:TrackPointExtension>
            <ns3:hr>126</ns3:hr>
            <ns3:cad>90</ns3:cad>
          </ns3:TrackPointExtension>
        </extensions>
      </trkpt>
      <trkpt lat="31.48723910562694072723388671875" lon="121.1591891013085842132568359375">
        <ele>5</ele>
        <time>2026-09-15T22:00:56.000Z</time>
        <extensions>
          <ns3:TrackPointExtension>
            <ns3:hr>125</ns3:hr>
            <ns3:cad>90</ns3:cad>
          </ns3:TrackPointExtension>
        </extensions>
      </trkpt>
      <trkpt lat="31.48725016973912715911865234375" lon="121.15920829586684703826904296875">
        <ele>5</ele>
        <time>2026-09-15T22:00:57.000Z</time>
        <extensions>
          <ns3:TrackPointExtension>
            <ns3:hr>125</ns3:hr>
            <ns3:cad>90</ns3:cad>
          </ns3:TrackPointExtension>
        </extensions>
      </trkpt>
      <trkpt lat="31.4872571267187595367431640625" lon="121.159233860671520233154296875">
        <ele>5</ele>
        <time>2026-09-15T22:00:58.000Z</time>
        <extensions>
          <ns3:TrackPointExtension>
            <ns3:hr>125</ns3:hr>
            <ns3:cad>90</ns3:cad>
          </ns3:TrackPointExtension>
        </extensions>
      </trkpt>
      <trkpt lat="31.48727263323962688446044921875" lon="121.15925121121108531951904296875">
        <ele>5</ele>
        <time>2026-09-15T22:00:59.000Z</time>
        <extensions>
          <ns3:TrackPointExtension>
            <ns3:hr>124</ns3:hr>
            <ns3:cad>90</ns3:cad>
          </ns3:TrackPointExtension>
        </extensions>
      </trkpt>
      <trkpt lat="31.4872849546372890472412109375" lon="121.1592752672731876373291015625">
        <ele>5</ele>
        <time>2026-09-15T22:01:00.000Z</time>
        <extensions>
          <ns3:TrackPointExtension>
            <ns3:hr>121</ns3:hr>
            <ns3:cad>91</ns3:cad>
          </ns3:TrackPointExtension>
        </extensions>
      </trkpt>
      <trkpt lat="31.48730113171041011810302734375" lon="121.15929395891726016998291015625">
        <ele>5</ele>
        <time>2026-09-15T22:01:01.000Z</time>
        <extensions>
          <ns3:TrackPointExtension>
            <ns3:hr>117</ns3:hr>
            <ns3:cad>91</ns3:cad>
          </ns3:TrackPointExtension>
        </extensions>
      </trkpt>
      <trkpt lat="31.4873134531080722808837890625" lon="121.15931667387485504150390625">
        <ele>5</ele>
        <time>2026-09-15T22:01:02.000Z</time>
        <extensions>
          <ns3:TrackPointExtension>
            <ns3:hr>114</ns3:hr>
            <ns3:cad>90</ns3:cad>
          </ns3:TrackPointExtension>
        </extensions>
      </trkpt>
      <trkpt lat="31.48732728324830532073974609375" lon="121.15933804772794246673583984375">
        <ele>5</ele>
        <time>2026-09-15T22:01:03.000Z</time>
        <extensions>
          <ns3:TrackPointExtension>
            <ns3:hr>113</ns3:hr>
            <ns3:cad>90</ns3:cad>
          </ns3:TrackPointExtension>
        </extensions>
      </trkpt>
      <trkpt lat="31.4873327314853668212890625" lon="121.15936084650456905364990234375">
        <ele>5</ele>
        <time>2026-09-15T22:01:04.000Z</time>
        <extensions>
          <ns3:TrackPointExtension>
            <ns3:hr>113</ns3:hr>
            <ns3:cad>90</ns3:cad>
          </ns3:TrackPointExtension>
        </extensions>
      </trkpt>
      <trkpt lat="31.4873446337878704071044921875" lon="121.159382723271846771240234375">
        <ele>5</ele>
        <time>2026-09-15T22:01:05.000Z</time>
        <extensions>
          <ns3:TrackPointExtension>
            <ns3:hr>113</ns3:hr>
            <ns3:cad>90</ns3:cad>
          </ns3:TrackPointExtension>
        </extensions>
      </trkpt>
      <trkpt lat="31.48735628463327884674072265625" lon="121.159406192600727081298828125">
        <ele>5</ele>
        <time>2026-09-15T22:01:06.000Z</time>
        <extensions>
          <ns3:TrackPointExtension>
            <ns3:hr>113</ns3:hr>
            <ns3:cad>90</ns3:cad>
          </ns3:TrackPointExtension>
        </extensions>
      </trkpt>
      <trkpt lat="31.4873724617063999176025390625" lon="121.15942890755832195281982421875">
        <ele>5</ele>
        <time>2026-09-15T22:01:07.000Z</time>
        <extensions>
          <ns3:TrackPointExtension>
            <ns3:hr>112</ns3:hr>
            <ns3:cad>90</ns3:cad>
          </ns3:TrackPointExtension>
        </extensions>
      </trkpt>
      <trkpt lat="31.48738444782793521881103515625" lon="121.159450449049472808837890625">
        <ele>5</ele>
        <time>2026-09-15T22:01:08.000Z</time>
        <extensions>
          <ns3:TrackPointExtension>
            <ns3:hr>112</ns3:hr>
            <ns3:cad>90</ns3:cad>
          </ns3:TrackPointExtension>
        </extensions>
      </trkpt>
      <trkpt lat="31.48739903233945369720458984375" lon="121.15947618149220943450927734375">
        <ele>5</ele>
        <time>2026-09-15T22:01:09.000Z</time>
        <extensions>
          <ns3:TrackPointExtension>
            <ns3:hr>112</ns3:hr>
            <ns3:cad>90</ns3:cad>
          </ns3:TrackPointExtension>
        </extensions>
      </trkpt>
      <trkpt lat="31.48741227574646472930908203125" lon="121.1594968847930431365966796875">
        <ele>5</ele>
        <time>2026-09-15T22:01:10.000Z</time>
        <extensions>
          <ns3:TrackPointExtension>
            <ns3:hr>111</ns3:hr>
            <ns3:cad>91</ns3:cad>
          </ns3:TrackPointExtension>
        </extensions>
      </trkpt>
      <trkpt lat="31.48742719553411006927490234375" lon="121.1595206893980503082275390625">
        <ele>5</ele>
        <time>2026-09-15T22:01:11.000Z</time>
        <extensions>
          <ns3:TrackPointExtension>
            <ns3:hr>111</ns3:hr>
            <ns3:cad>92</ns3:cad>
          </ns3:TrackPointExtension>
        </extensions>
      </trkpt>
      <trkpt lat="31.48744211532175540924072265625" lon="121.159537620842456817626953125">
        <ele>5</ele>
        <time>2026-09-15T22:01:12.000Z</time>
        <extensions>
          <ns3:TrackPointExtension>
            <ns3:hr>110</ns3:hr>
            <ns3:cad>92</ns3:cad>
          </ns3:TrackPointExtension>
        </extensions>
      </trkpt>
      <trkpt lat="31.48745946586132049560546875" lon="121.15955949760973453521728515625">
        <ele>5</ele>
        <time>2026-09-15T22:01:13.000Z</time>
        <extensions>
          <ns3:TrackPointExtension>
            <ns3:hr>110</ns3:hr>
            <ns3:cad>92</ns3:cad>
          </ns3:TrackPointExtension>
        </extensions>
      </trkpt>
      <trkpt lat="31.4874720387160778045654296875" lon="121.15957894362509250640869140625">
        <ele>4.80000019073486328125</ele>
        <time>2026-09-15T22:01:14.000Z</time>
        <extensions>
          <ns3:TrackPointExtension>
            <ns3:hr>109</ns3:hr>
            <ns3:cad>92</ns3:cad>
          </ns3:TrackPointExtension>
        </extensions>
      </trkpt>
      <trkpt lat="31.48748704232275485992431640625" lon="121.1596035026013851165771484375">
        <ele>4.80000019073486328125</ele>
        <time>2026-09-15T22:01:15.000Z</time>
        <extensions>
          <ns3:TrackPointExtension>
            <ns3:hr>109</ns3:hr>
            <ns3:cad>91</ns3:cad>
          </ns3:TrackPointExtension>
        </extensions>
      </trkpt>
      <trkpt lat="31.487498022615909576416015625" lon="121.1596189253032207489013671875">
        <ele>5</ele>
        <time>2026-09-15T22:01:16.000Z</time>
        <extensions>
          <ns3:TrackPointExtension>
            <ns3:hr>109</ns3:hr>
            <ns3:cad>91</ns3:cad>
          </ns3:TrackPointExtension>
        </extensions>
      </trkpt>
      <trkpt lat="31.48751453496515750885009765625" lon="121.15964482538402080535888671875">
        <ele>5</ele>
        <time>2026-09-15T22:01:17.000Z</time>
        <extensions>
          <ns3:TrackPointExtension>
            <ns3:hr>108</ns3:hr>
            <ns3:cad>91</ns3:cad>
          </ns3:TrackPointExtension>
        </extensions>
      </trkpt>
      <trkpt lat="31.4875297062098979949951171875" lon="121.15965924225747585296630859375">
        <ele>5</ele>
        <time>2026-09-15T22:01:18.000Z</time>
        <extensions>
          <ns3:TrackPointExtension>
            <ns3:hr>108</ns3:hr>
            <ns3:cad>91</ns3:cad>
          </ns3:TrackPointExtension>
        </extensions>
      </trkpt>
      <trkpt lat="31.487540937960147857666015625" lon="121.1596903391182422637939453125">
        <ele>5</ele>
        <time>2026-09-15T22:01:19.000Z</time>
        <extensions>
          <ns3:TrackPointExtension>
            <ns3:hr>108</ns3:hr>
            <ns3:cad>91</ns3:cad>
          </ns3:TrackPointExtension>
        </extensions>
      </trkpt>
      <trkpt lat="31.487554013729095458984375" lon="121.1597091145813465118408203125">
        <ele>5</ele>
        <time>2026-09-15T22:01:20.000Z</time>
        <extensions>
          <ns3:TrackPointExtension>
            <ns3:hr>108</ns3:hr>
            <ns3:cad>91</ns3:cad>
          </ns3:TrackPointExtension>
        </extensions>
      </trkpt>
      <trkpt lat="31.48756197653710842132568359375" lon="121.15973568521440029144287109375">
        <ele>5</ele>
        <time>2026-09-15T22:01:21.000Z</time>
        <extensions>
          <ns3:TrackPointExtension>
            <ns3:hr>108</ns3:hr>
            <ns3:cad>91</ns3:cad>
          </ns3:TrackPointExtension>
        </extensions>
      </trkpt>
      <trkpt lat="31.48757589049637317657470703125" lon="121.159753538668155670166015625">
        <ele>5</ele>
        <time>2026-09-15T22:01:22.000Z</time>
        <extensions>
          <ns3:TrackPointExtension>
            <ns3:hr>108</ns3:hr>
            <ns3:cad>92</ns3:cad>
          </ns3:TrackPointExtension>
        </extensions>
      </trkpt>
      <trkpt lat="31.487584523856639862060546875" lon="121.15977935492992401123046875">
        <ele>5</ele>
        <time>2026-09-15T22:01:23.000Z</time>
        <extensions>
          <ns3:TrackPointExtension>
            <ns3:hr>108</ns3:hr>
            <ns3:cad>92</ns3:cad>
          </ns3:TrackPointExtension>
        </extensions>
      </trkpt>
      <trkpt lat="31.48760053329169750213623046875" lon="121.159798465669155120849609375">
        <ele>5</ele>
        <time>2026-09-15T22:01:24.000Z</time>
        <extensions>
          <ns3:TrackPointExtension>
            <ns3:hr>108</ns3:hr>
            <ns3:cad>92</ns3:cad>
          </ns3:TrackPointExtension>
        </extensions>
      </trkpt>
      <trkpt lat="31.487607993185520172119140625" lon="121.1598278023302555084228515625">
        <ele>5</ele>
        <time>2026-09-15T22:01:25.000Z</time>
        <extensions>
          <ns3:TrackPointExtension>
            <ns3:hr>108</ns3:hr>
            <ns3:cad>92</ns3:cad>
          </ns3:TrackPointExtension>
        </extensions>
      </trkpt>
      <trkpt lat="31.487621404230594635009765625" lon="121.15984565578401088714599609375">
        <ele>4.80000019073486328125</ele>
        <time>2026-09-15T22:01:26.000Z</time>
        <extensions>
          <ns3:TrackPointExtension>
            <ns3:hr>108</ns3:hr>
            <ns3:cad>92</ns3:cad>
          </ns3:TrackPointExtension>
        </extensions>
      </trkpt>
      <trkpt lat="31.487630121409893035888671875" lon="121.1598744057118892669677734375">
        <ele>4.80000019073486328125</ele>
        <time>2026-09-15T22:01:27.000Z</time>
        <extensions>
          <ns3:TrackPointExtension>
            <ns3:hr>108</ns3:hr>
            <ns3:cad>92</ns3:cad>
          </ns3:TrackPointExtension>
        </extensions>
      </trkpt>
      <trkpt lat="31.48764529265463352203369140625" lon="121.15988706238567829132080078125">
        <ele>4.80000019073486328125</ele>
        <time>2026-09-15T22:01:28.000Z</time>
        <extensions>
          <ns3:TrackPointExtension>
            <ns3:hr>107</ns3:hr>
            <ns3:cad>92</ns3:cad>
          </ns3:TrackPointExtension>
        </extensions>
      </trkpt>
      <trkpt lat="31.48765518330037593841552734375" lon="121.1599163152277469635009765625">
        <ele>4.80000019073486328125</ele>
        <time>2026-09-15T22:01:29.000Z</time>
        <extensions>
          <ns3:TrackPointExtension>
            <ns3:hr>107</ns3:hr>
            <ns3:cad>91</ns3:cad>
          </ns3:TrackPointExtension>
        </extensions>
      </trkpt>
      <trkpt lat="31.487669013440608978271484375" lon="121.15993282757699489593505859375">
        <ele>4.80000019073486328125</ele>
        <time>2026-09-15T22:01:30.000Z</time>
        <extensions>
          <ns3:TrackPointExtension>
            <ns3:hr>107</ns3:hr>
            <ns3:cad>90</ns3:cad>
          </ns3:TrackPointExtension>
        </extensions>
      </trkpt>
      <trkpt lat="31.48767798207700252532958984375" lon="121.1599624156951904296875">
        <ele>4.80000019073486328125</ele>
        <time>2026-09-15T22:01:31.000Z</time>
        <extensions>
          <ns3:TrackPointExtension>
            <ns3:hr>106</ns3:hr>
            <ns3:cad>90</ns3:cad>
          </ns3:TrackPointExtension>
        </extensions>
      </trkpt>
      <trkpt lat="31.487688124179840087890625" lon="121.15998412482440471649169921875">
        <ele>4.80000019073486328125</ele>
        <time>2026-09-15T22:01:32.000Z</time>
        <extensions>
          <ns3:TrackPointExtension>
            <ns3:hr>106</ns3:hr>
            <ns3:cad>90</ns3:cad>
          </ns3:TrackPointExtension>
        </extensions>
      </trkpt>
      <trkpt lat="31.48769759573042392730712890625" lon="121.160013042390346527099609375">
        <ele>4.80000019073486328125</ele>
        <time>2026-09-15T22:01:33.000Z</time>
        <extensions>
          <ns3:TrackPointExtension>
            <ns3:hr>106</ns3:hr>
            <ns3:cad>90</ns3:cad>
          </ns3:TrackPointExtension>
        </extensions>
      </trkpt>
      <trkpt lat="31.4877077378332614898681640625" lon="121.160033829510211944580078125">
        <ele>4.80000019073486328125</ele>
        <time>2026-09-15T22:01:34.000Z</time>
        <extensions>
          <ns3:TrackPointExtension>
            <ns3:hr>106</ns3:hr>
            <ns3:cad>90</ns3:cad>
          </ns3:TrackPointExtension>
        </extensions>
      </trkpt>
      <trkpt lat="31.4877137728035449981689453125" lon="121.16005855612456798553466796875">
        <ele>4.80000019073486328125</ele>
        <time>2026-09-15T22:01:35.000Z</time>
        <extensions>
          <ns3:TrackPointExtension>
            <ns3:hr>106</ns3:hr>
            <ns3:cad>90</ns3:cad>
          </ns3:TrackPointExtension>
        </extensions>
      </trkpt>
      <trkpt lat="31.48772634565830230712890625" lon="121.160075403749942779541015625">
        <ele>4.80000019073486328125</ele>
        <time>2026-09-15T22:01:36.000Z</time>
        <extensions>
          <ns3:TrackPointExtension>
            <ns3:hr>105</ns3:hr>
            <ns3:cad>90</ns3:cad>
          </ns3:TrackPointExtension>
        </extensions>
      </trkpt>
      <trkpt lat="31.48773950524628162384033203125" lon="121.16010180674493312835693359375">
        <ele>4.80000019073486328125</ele>
        <time>2026-09-15T22:01:37.000Z</time>
        <extensions>
          <ns3:TrackPointExtension>
            <ns3:hr>105</ns3:hr>
            <ns3:cad>90</ns3:cad>
          </ns3:TrackPointExtension>
        </extensions>
      </trkpt>
      <trkpt lat="31.48775476031005382537841796875" lon="121.16012209095060825347900390625">
        <ele>4.80000019073486328125</ele>
        <time>2026-09-15T22:01:38.000Z</time>
        <extensions>
          <ns3:TrackPointExtension>
            <ns3:hr>105</ns3:hr>
            <ns3:cad>90</ns3:cad>
          </ns3:TrackPointExtension>
        </extensions>
      </trkpt>
      <trkpt lat="31.48776582442224025726318359375" lon="121.16014606319367885589599609375">
        <ele>4.80000019073486328125</ele>
        <time>2026-09-15T22:01:39.000Z</time>
        <extensions>
          <ns3:TrackPointExtension>
            <ns3:hr>105</ns3:hr>
            <ns3:cad>91</ns3:cad>
          </ns3:TrackPointExtension>
        </extensions>
      </trkpt>
      <trkpt lat="31.48778057657182216644287109375" lon="121.1601671017706394195556640625">
        <ele>4.80000019073486328125</ele>
        <time>2026-09-15T22:01:40.000Z</time>
        <extensions>
          <ns3:TrackPointExtension>
            <ns3:hr>105</ns3:hr>
            <ns3:cad>91</ns3:cad>
          </ns3:TrackPointExtension>
        </extensions>
      </trkpt>
      <trkpt lat="31.4877918921411037445068359375" lon="121.1601878888905048370361328125">
        <ele>4.80000019073486328125</ele>
        <time>2026-09-15T22:01:41.000Z</time>
        <extensions>
          <ns3:TrackPointExtension>
            <ns3:hr>105</ns3:hr>
            <ns3:cad>91</ns3:cad>
          </ns3:TrackPointExtension>
        </extensions>
      </trkpt>
      <trkpt lat="31.4878076501190662384033203125" lon="121.16020658053457736968994140625">
        <ele>4.80000019073486328125</ele>
        <time>2026-09-15T22:01:42.000Z</time>
        <extensions>
          <ns3:TrackPointExtension>
            <ns3:hr>105</ns3:hr>
            <ns3:cad>92</ns3:cad>
          </ns3:TrackPointExtension>
        </extensions>
      </trkpt>
      <trkpt lat="31.48782097734510898590087890625" lon="121.1602287925779819488525390625">
        <ele>4.80000019073486328125</ele>
        <time>2026-09-15T22:01:43.000Z</time>
        <extensions>
          <ns3:TrackPointExtension>
            <ns3:hr>105</ns3:hr>
            <ns3:cad>92</ns3:cad>
          </ns3:TrackPointExtension>
        </extensions>
      </trkpt>
      <trkpt lat="31.48783899843692779541015625" lon="121.16025008261203765869140625">
        <ele>5</ele>
        <time>2026-09-15T22:01:44.000Z</time>
        <extensions>
          <ns3:TrackPointExtension>
            <ns3:hr>105</ns3:hr>
            <ns3:cad>92</ns3:cad>
          </ns3:TrackPointExtension>
        </extensions>
      </trkpt>
      <trkpt lat="31.48785106837749481201171875" lon="121.160264499485492706298828125">
        <ele>5</ele>
        <time>2026-09-15T22:01:45.000Z</time>
        <extensions>
          <ns3:TrackPointExtension>
            <ns3:hr>105</ns3:hr>
            <ns3:cad>92</ns3:cad>
          </ns3:TrackPointExtension>
        </extensions>
      </trkpt>
      <trkpt lat="31.48786716163158416748046875" lon="121.16028805263340473175048828125">
        <ele>5</ele>
        <time>2026-09-15T22:01:46.000Z</time>
        <extensions>
          <ns3:TrackPointExtension>
            <ns3:hr>106</ns3:hr>
            <ns3:cad>91</ns3:cad>
          </ns3:TrackPointExtension>
        </extensions>
      </trkpt>
      <trkpt lat="31.48787898011505603790283203125" lon="121.1603018827736377716064453125">
        <ele>5</ele>
        <time>2026-09-15T22:01:47.000Z</time>
        <extensions>
          <ns3:TrackPointExtension>
            <ns3:hr>106</ns3:hr>
            <ns3:cad>91</ns3:cad>
          </ns3:TrackPointExtension>
        </extensions>
      </trkpt>
      <trkpt lat="31.48789272643625736236572265625" lon="121.1603256873786449432373046875">
        <ele>5</ele>
        <time>2026-09-15T22:01:48.000Z</time>
        <extensions>
          <ns3:TrackPointExtension>
            <ns3:hr>106</ns3:hr>
            <ns3:cad>91</ns3:cad>
          </ns3:TrackPointExtension>
        </extensions>
      </trkpt>
      <trkpt lat="31.48790479637682437896728515625" lon="121.1603404395282268524169921875">
        <ele>5</ele>
        <time>2026-09-15T22:01:49.000Z</time>
        <extensions>
          <ns3:TrackPointExtension>
            <ns3:hr>107</ns3:hr>
            <ns3:cad>92</ns3:cad>
          </ns3:TrackPointExtension>
        </extensions>
      </trkpt>
      <trkpt lat="31.487915106117725372314453125" lon="121.16036701016128063201904296875">
        <ele>5</ele>
        <time>2026-09-15T22:01:50.000Z</time>
        <extensions>
          <ns3:TrackPointExtension>
            <ns3:hr>107</ns3:hr>
            <ns3:cad>92</ns3:cad>
          </ns3:TrackPointExtension>
        </extensions>
      </trkpt>
      <trkpt lat="31.48792591877281665802001953125" lon="121.16038394160568714141845703125">
        <ele>4.80000019073486328125</ele>
        <time>2026-09-15T22:01:51.000Z</time>
        <extensions>
          <ns3:TrackPointExtension>
            <ns3:hr>108</ns3:hr>
            <ns3:cad>92</ns3:cad>
          </ns3:TrackPointExtension>
        </extensions>
      </trkpt>
      <trkpt lat="31.4879394136369228363037109375" lon="121.16041461937129497528076171875">
        <ele>4.80000019073486328125</ele>
        <time>2026-09-15T22:01:52.000Z</time>
        <extensions>
          <ns3:TrackPointExtension>
            <ns3:hr>109</ns3:hr>
            <ns3:cad>91</ns3:cad>
          </ns3:TrackPointExtension>
        </extensions>
      </trkpt>
      <trkpt lat="31.487953662872314453125" lon="121.16042853333055973052978515625">
        <ele>5</ele>
        <time>2026-09-15T22:01:53.000Z</time>
        <extensions>
          <ns3:TrackPointExtension>
            <ns3:hr>110</ns3:hr>
            <ns3:cad>91</ns3:cad>
          </ns3:TrackPointExtension>
        </extensions>
      </trkpt>
      <trkpt lat="31.48797101341187953948974609375" lon="121.160458624362945556640625">
        <ele>5</ele>
        <time>2026-09-15T22:01:54.000Z</time>
        <extensions>
          <ns3:TrackPointExtension>
            <ns3:hr>111</ns3:hr>
            <ns3:cad>92</ns3:cad>
          </ns3:TrackPointExtension>
        </extensions>
      </trkpt>
      <trkpt lat="31.48798517882823944091796875" lon="121.1604733765125274658203125">
        <ele>5</ele>
        <time>2026-09-15T22:01:55.000Z</time>
        <extensions>
          <ns3:TrackPointExtension>
            <ns3:hr>112</ns3:hr>
            <ns3:cad>92</ns3:cad>
          </ns3:TrackPointExtension>
        </extensions>
      </trkpt>
      <trkpt lat="31.487999260425567626953125" lon="121.16050195880234241485595703125">
        <ele>5</ele>
        <time>2026-09-15T22:01:56.000Z</time>
        <extensions>
          <ns3:TrackPointExtension>
            <ns3:hr>113</ns3:hr>
            <ns3:cad>92</ns3:cad>
          </ns3:TrackPointExtension>
        </extensions>
      </trkpt>
      <trkpt lat="31.48801376111805438995361328125" lon="121.1605178005993366241455078125">
        <ele>5</ele>
        <time>2026-09-15T22:01:57.000Z</time>
        <extensions>
          <ns3:TrackPointExtension>
            <ns3:hr>113</ns3:hr>
            <ns3:cad>90</ns3:cad>
          </ns3:TrackPointExtension>
        </extensions>
      </trkpt>
      <trkpt lat="31.48802264593541622161865234375" lon="121.160545460879802703857421875">
        <ele>5</ele>
        <time>2026-09-15T22:01:58.000Z</time>
        <extensions>
          <ns3:TrackPointExtension>
            <ns3:hr>113</ns3:hr>
            <ns3:cad>90</ns3:cad>
          </ns3:TrackPointExtension>
        </extensions>
      </trkpt>
      <trkpt lat="31.48803672753274440765380859375" lon="121.1605576984584331512451171875">
        <ele>5</ele>
        <time>2026-09-15T22:01:59.000Z</time>
        <extensions>
          <ns3:TrackPointExtension>
            <ns3:hr>113</ns3:hr>
            <ns3:cad>91</ns3:cad>
          </ns3:TrackPointExtension>
        </extensions>
      </trkpt>
      <trkpt lat="31.48804544471204280853271484375" lon="121.16058577783405780792236328125">
        <ele>5</ele>
        <time>2026-09-15T22:02:00.000Z</time>
        <extensions>
          <ns3:TrackPointExtension>
            <ns3:hr>114</ns3:hr>
            <ns3:cad>92</ns3:cad>
          </ns3:TrackPointExtension>
        </extensions>
      </trkpt>
      <trkpt lat="31.4880604483187198638916015625" lon="121.16060002706944942474365234375">
        <ele>5</ele>
        <time>2026-09-15T22:02:01.000Z</time>
        <extensions>
          <ns3:TrackPointExtension>
            <ns3:hr>114</ns3:hr>
            <ns3:cad>92</ns3:cad>
          </ns3:TrackPointExtension>
        </extensions>
      </trkpt>
      <trkpt lat="31.48806589655578136444091796875" lon="121.1606291122734546661376953125">
        <ele>5</ele>
        <time>2026-09-15T22:02:02.000Z</time>
        <extensions>
          <ns3:TrackPointExtension>
            <ns3:hr>114</ns3:hr>
            <ns3:cad>92</ns3:cad>
          </ns3:TrackPointExtension>
        </extensions>
      </trkpt>
      <trkpt lat="31.48807913996279239654541015625" lon="121.16064646281301975250244140625">
        <ele>5</ele>
        <time>2026-09-15T22:02:03.000Z</time>
        <extensions>
          <ns3:TrackPointExtension>
            <ns3:hr>114</ns3:hr>
            <ns3:cad>92</ns3:cad>
          </ns3:TrackPointExtension>
        </extensions>
      </trkpt>
      <trkpt lat="31.48808400146663188934326171875" lon="121.16067462600767612457275390625">
        <ele>5</ele>
        <time>2026-09-15T22:02:04.000Z</time>
        <extensions>
          <ns3:TrackPointExtension>
            <ns3:hr>114</ns3:hr>
            <ns3:cad>91</ns3:cad>
          </ns3:TrackPointExtension>
        </extensions>
      </trkpt>
      <trkpt lat="31.4880963228642940521240234375" lon="121.16069172509014606475830078125">
        <ele>5.19999980926513671875</ele>
        <time>2026-09-15T22:02:05.000Z</time>
        <extensions>
          <ns3:TrackPointExtension>
            <ns3:hr>114</ns3:hr>
            <ns3:cad>91</ns3:cad>
          </ns3:TrackPointExtension>
        </extensions>
      </trkpt>
      <trkpt lat="31.48810445331037044525146484375" lon="121.16071905009448528289794921875">
        <ele>5.19999980926513671875</ele>
        <time>2026-09-15T22:02:06.000Z</time>
        <extensions>
          <ns3:TrackPointExtension>
            <ns3:hr>114</ns3:hr>
            <ns3:cad>91</ns3:cad>
          </ns3:TrackPointExtension>
        </extensions>
      </trkpt>
      <trkpt lat="31.48811853490769863128662109375" lon="121.16073497571051120758056640625">
        <ele>5.19999980926513671875</ele>
        <time>2026-09-15T22:02:07.000Z</time>
        <extensions>
          <ns3:TrackPointExtension>
            <ns3:hr>114</ns3:hr>
            <ns3:cad>90</ns3:cad>
          </ns3:TrackPointExtension>
        </extensions>
      </trkpt>
      <trkpt lat="31.4881211332976818084716796875" lon="121.16076280362904071807861328125">
        <ele>5</ele>
        <time>2026-09-15T22:02:08.000Z</time>
        <extensions>
          <ns3:TrackPointExtension>
            <ns3:hr>114</ns3:hr>
            <ns3:cad>90</ns3:cad>
          </ns3:TrackPointExtension>
        </extensions>
      </trkpt>
      <trkpt lat="31.4881320297718048095703125" lon="121.16078090853989124298095703125">
        <ele>5</ele>
        <time>2026-09-15T22:02:09.000Z</time>
        <extensions>
          <ns3:TrackPointExtension>
            <ns3:hr>114</ns3:hr>
            <ns3:cad>90</ns3:cad>
          </ns3:TrackPointExtension>
        </extensions>
      </trkpt>
      <trkpt lat="31.48813680745661258697509765625" lon="121.1608071438968181610107421875">
        <ele>5</ele>
        <time>2026-09-15T22:02:10.000Z</time>
        <extensions>
          <ns3:TrackPointExtension>
            <ns3:hr>114</ns3:hr>
            <ns3:cad>90</ns3:cad>
          </ns3:TrackPointExtension>
        </extensions>
      </trkpt>
      <trkpt lat="31.48815088905394077301025390625" lon="121.16082273423671722412109375">
        <ele>5</ele>
        <time>2026-09-15T22:02:11.000Z</time>
        <extensions>
          <ns3:TrackPointExtension>
            <ns3:hr>114</ns3:hr>
            <ns3:cad>90</ns3:cad>
          </ns3:TrackPointExtension>
        </extensions>
      </trkpt>
      <trkpt lat="31.4881580136716365814208984375" lon="121.1608480475842952728271484375">
        <ele>5</ele>
        <time>2026-09-15T22:02:12.000Z</time>
        <extensions>
          <ns3:TrackPointExtension>
            <ns3:hr>114</ns3:hr>
            <ns3:cad>90</ns3:cad>
          </ns3:TrackPointExtension>
        </extensions>
      </trkpt>
      <trkpt lat="31.48817033506929874420166015625" lon="121.16086606867611408233642578125">
        <ele>5</ele>
        <time>2026-09-15T22:02:13.000Z</time>
        <extensions>
          <ns3:TrackPointExtension>
            <ns3:hr>114</ns3:hr>
            <ns3:cad>90</ns3:cad>
          </ns3:TrackPointExtension>
        </extensions>
      </trkpt>
      <trkpt lat="31.48818022571504116058349609375" lon="121.1608918011188507080078125">
        <ele>5</ele>
        <time>2026-09-15T22:02:14.000Z</time>
        <extensions>
          <ns3:TrackPointExtension>
            <ns3:hr>113</ns3:hr>
            <ns3:cad>90</ns3:cad>
          </ns3:TrackPointExtension>
        </extensions>
      </trkpt>
      <trkpt lat="31.48819531314074993133544921875" lon="121.1609120853245258331298828125">
        <ele>5</ele>
        <time>2026-09-15T22:02:15.000Z</time>
        <extensions>
          <ns3:TrackPointExtension>
            <ns3:hr>113</ns3:hr>
            <ns3:cad>90</ns3:cad>
          </ns3:TrackPointExtension>
        </extensions>
      </trkpt>
      <trkpt lat="31.488204784691333770751953125" lon="121.16093714721500873565673828125">
        <ele>5</ele>
        <time>2026-09-15T22:02:16.000Z</time>
        <extensions>
          <ns3:TrackPointExtension>
            <ns3:hr>113</ns3:hr>
            <ns3:cad>90</ns3:cad>
          </ns3:TrackPointExtension>
        </extensions>
      </trkpt>
      <trkpt lat="31.48822280578315258026123046875" lon="121.1609573476016521453857421875">
        <ele>5</ele>
        <time>2026-09-15T22:02:17.000Z</time>
        <extensions>
          <ns3:TrackPointExtension>
            <ns3:hr>113</ns3:hr>
            <ns3:cad>90</ns3:cad>
          </ns3:TrackPointExtension>
        </extensions>
      </trkpt>
      <trkpt lat="31.488235294818878173828125" lon="121.1609804816544055938720703125">
        <ele>5</ele>
        <time>2026-09-15T22:02:18.000Z</time>
        <extensions>
          <ns3:TrackPointExtension>
            <ns3:hr>113</ns3:hr>
            <ns3:cad>90</ns3:cad>
          </ns3:TrackPointExtension>
        </extensions>
      </trkpt>
      <trkpt lat="31.4882515557110309600830078125" lon="121.16100068204104900360107421875">
        <ele>5.19999980926513671875</ele>
        <time>2026-09-15T22:02:19.000Z</time>
        <extensions>
          <ns3:TrackPointExtension>
            <ns3:hr>113</ns3:hr>
            <ns3:cad>90</ns3:cad>
          </ns3:TrackPointExtension>
        </extensions>
      </trkpt>
      <trkpt lat="31.488265134394168853759765625" lon="121.161017529666423797607421875">
        <ele>5.19999980926513671875</ele>
        <time>2026-09-15T22:02:20.000Z</time>
        <extensions>
          <ns3:TrackPointExtension>
            <ns3:hr>112</ns3:hr>
            <ns3:cad>90</ns3:cad>
          </ns3:TrackPointExtension>
        </extensions>
      </trkpt>
      <trkpt lat="31.48828047327697277069091796875" lon="121.1610408313572406768798828125">
        <ele>5.19999980926513671875</ele>
        <time>2026-09-15T22:02:21.000Z</time>
        <extensions>
          <ns3:TrackPointExtension>
            <ns3:hr>113</ns3:hr>
            <ns3:cad>91</ns3:cad>
          </ns3:TrackPointExtension>
        </extensions>
      </trkpt>
      <trkpt lat="31.4882951416075229644775390625" lon="121.16105717606842517852783203125">
        <ele>5.19999980926513671875</ele>
        <time>2026-09-15T22:02:22.000Z</time>
        <extensions>
          <ns3:TrackPointExtension>
            <ns3:hr>113</ns3:hr>
            <ns3:cad>91</ns3:cad>
          </ns3:TrackPointExtension>
        </extensions>
      </trkpt>
      <trkpt lat="31.48831165395677089691162109375" lon="121.1610840819776058197021484375">
        <ele>5.19999980926513671875</ele>
        <time>2026-09-15T22:02:23.000Z</time>
        <extensions>
          <ns3:TrackPointExtension>
            <ns3:hr>112</ns3:hr>
            <ns3:cad>91</ns3:cad>
          </ns3:TrackPointExtension>
        </extensions>
      </trkpt>
      <trkpt lat="31.4883269928395748138427734375" lon="121.16110277362167835235595703125">
        <ele>5.19999980926513671875</ele>
        <time>2026-09-15T22:02:24.000Z</time>
        <extensions>
          <ns3:TrackPointExtension>
            <ns3:hr>113</ns3:hr>
            <ns3:cad>92</ns3:cad>
          </ns3:TrackPointExtension>
        </extensions>
      </trkpt>
      <trkpt lat="31.48833612911403179168701171875" lon="121.16113110445439815521240234375">
        <ele>5</ele>
        <time>2026-09-15T22:02:25.000Z</time>
        <extensions>
          <ns3:TrackPointExtension>
            <ns3:hr>113</ns3:hr>
            <ns3:cad>92</ns3:cad>
          </ns3:TrackPointExtension>
        </extensions>
      </trkpt>
      <trkpt lat="31.48834685795009136199951171875" lon="121.161154322326183319091796875">
        <ele>5</ele>
        <time>2026-09-15T22:02:26.000Z</time>
        <extensions>
          <ns3:TrackPointExtension>
            <ns3:hr>113</ns3:hr>
            <ns3:cad>92</ns3:cad>
          </ns3:TrackPointExtension>
        </extensions>
      </trkpt>
      <trkpt lat="31.48835876025259494781494140625" lon="121.1611813120543956756591796875">
        <ele>5.19999980926513671875</ele>
        <time>2026-09-15T22:02:27.000Z</time>
        <extensions>
          <ns3:TrackPointExtension>
            <ns3:hr>112</ns3:hr>
            <ns3:cad>91</ns3:cad>
          </ns3:TrackPointExtension>
        </extensions>
      </trkpt>
      <trkpt lat="31.48837007582187652587890625" lon="121.16120553575456142425537109375">
        <ele>5.19999980926513671875</ele>
        <time>2026-09-15T22:02:28.000Z</time>
        <extensions>
          <ns3:TrackPointExtension>
            <ns3:hr>113</ns3:hr>
            <ns3:cad>90</ns3:cad>
          </ns3:TrackPointExtension>
        </extensions>
      </trkpt>
      <trkpt lat="31.488384492695331573486328125" lon="121.16122774779796600341796875">
        <ele>5.19999980926513671875</ele>
        <time>2026-09-15T22:02:29.000Z</time>
        <extensions>
          <ns3:TrackPointExtension>
            <ns3:hr>113</ns3:hr>
            <ns3:cad>90</ns3:cad>
          </ns3:TrackPointExtension>
        </extensions>
      </trkpt>
      <trkpt lat="31.48839597590267658233642578125" lon="121.161245517432689666748046875">
        <ele>5.19999980926513671875</ele>
        <time>2026-09-15T22:02:30.000Z</time>
        <extensions>
          <ns3:TrackPointExtension>
            <ns3:hr>112</ns3:hr>
            <ns3:cad>90</ns3:cad>
          </ns3:TrackPointExtension>
        </extensions>
      </trkpt>
      <trkpt lat="31.48840704001486301422119140625" lon="121.16127066314220428466796875">
        <ele>5.19999980926513671875</ele>
        <time>2026-09-15T22:02:31.000Z</time>
        <extensions>
          <ns3:TrackPointExtension>
            <ns3:hr>113</ns3:hr>
            <ns3:cad>90</ns3:cad>
          </ns3:TrackPointExtension>
        </extensions>
      </trkpt>
      <trkpt lat="31.48841760121285915374755859375" lon="121.16128868423402309417724609375">
        <ele>5</ele>
        <time>2026-09-15T22:02:32.000Z</time>
        <extensions>
          <ns3:TrackPointExtension>
            <ns3:hr>113</ns3:hr>
            <ns3:cad>89</ns3:cad>
          </ns3:TrackPointExtension>
        </extensions>
      </trkpt>
      <trkpt lat="31.4884322695434093475341796875" lon="121.1613150872290134429931640625">
        <ele>5</ele>
        <time>2026-09-15T22:02:33.000Z</time>
        <extensions>
          <ns3:TrackPointExtension>
            <ns3:hr>113</ns3:hr>
            <ns3:cad>89</ns3:cad>
          </ns3:TrackPointExtension>
        </extensions>
      </trkpt>
      <trkpt lat="31.48844274692237377166748046875" lon="121.16133101284503936767578125">
        <ele>5</ele>
        <time>2026-09-15T22:02:34.000Z</time>
        <extensions>
          <ns3:TrackPointExtension>
            <ns3:hr>113</ns3:hr>
            <ns3:cad>89</ns3:cad>
          </ns3:TrackPointExtension>
        </extensions>
      </trkpt>
      <trkpt lat="31.48845766671001911163330078125" lon="121.1613576672971248626708984375">
        <ele>5</ele>
        <time>2026-09-15T22:02:35.000Z</time>
        <extensions>
          <ns3:TrackPointExtension>
            <ns3:hr>112</ns3:hr>
            <ns3:cad>89</ns3:cad>
          </ns3:TrackPointExtension>
        </extensions>
      </trkpt>
      <trkpt lat="31.4884711615741252899169921875" lon="121.1613744311034679412841796875">
        <ele>5</ele>
        <time>2026-09-15T22:02:36.000Z</time>
        <extensions>
          <ns3:TrackPointExtension>
            <ns3:hr>112</ns3:hr>
            <ns3:cad>90</ns3:cad>
          </ns3:TrackPointExtension>
        </extensions>
      </trkpt>
      <trkpt lat="31.48848432116210460662841796875" lon="121.16139899007976055145263671875">
        <ele>5</ele>
        <time>2026-09-15T22:02:37.000Z</time>
        <extensions>
          <ns3:TrackPointExtension>
            <ns3:hr>112</ns3:hr>
            <ns3:cad>90</ns3:cad>
          </ns3:TrackPointExtension>
        </extensions>
      </trkpt>
      <trkpt lat="31.48849337361752986907958984375" lon="121.161413826048374176025390625">
        <ele>5</ele>
        <time>2026-09-15T22:02:38.000Z</time>
        <extensions>
          <ns3:TrackPointExtension>
            <ns3:hr>112</ns3:hr>
            <ns3:cad>90</ns3:cad>
          </ns3:TrackPointExtension>
        </extensions>
      </trkpt>
      <trkpt lat="31.48850955069065093994140625" lon="121.1614404805004596710205078125">
        <ele>5</ele>
        <time>2026-09-15T22:02:39.000Z</time>
        <extensions>
          <ns3:TrackPointExtension>
            <ns3:hr>112</ns3:hr>
            <ns3:cad>90</ns3:cad>
          </ns3:TrackPointExtension>
        </extensions>
      </trkpt>
      <trkpt lat="31.488522626459598541259765625" lon="121.16145347245037555694580078125">
        <ele>5</ele>
        <time>2026-09-15T22:02:40.000Z</time>
        <extensions>
          <ns3:TrackPointExtension>
            <ns3:hr>111</ns3:hr>
            <ns3:cad>90</ns3:cad>
          </ns3:TrackPointExtension>
        </extensions>
      </trkpt>
      <trkpt lat="31.488536037504673004150390625" lon="121.1614792048931121826171875">
        <ele>5</ele>
        <time>2026-09-15T22:02:41.000Z</time>
        <extensions>
          <ns3:TrackPointExtension>
            <ns3:hr>110</ns3:hr>
            <ns3:cad>90</ns3:cad>
          </ns3:TrackPointExtension>
        </extensions>
      </trkpt>
      <trkpt lat="31.48855037055909633636474609375" lon="121.161499656736850738525390625">
        <ele>5</ele>
        <time>2026-09-15T22:02:42.000Z</time>
        <extensions>
          <ns3:TrackPointExtension>
            <ns3:hr>109</ns3:hr>
            <ns3:cad>90</ns3:cad>
          </ns3:TrackPointExtension>
        </extensions>
      </trkpt>
      <trkpt lat="31.4885576628148555755615234375" lon="121.16153008304536342620849609375">
        <ele>5</ele>
        <time>2026-09-15T22:02:43.000Z</time>
        <extensions>
          <ns3:TrackPointExtension>
            <ns3:hr>109</ns3:hr>
            <ns3:cad>90</ns3:cad>
          </ns3:TrackPointExtension>
        </extensions>
      </trkpt>
      <trkpt lat="31.48856855928897857666015625" lon="121.16154500283300876617431640625">
        <ele>5</ele>
        <time>2026-09-15T22:02:44.000Z</time>
        <extensions>
          <ns3:TrackPointExtension>
            <ns3:hr>108</ns3:hr>
            <ns3:cad>90</ns3:cad>
          </ns3:TrackPointExtension>
        </extensions>
      </trkpt>
      <trkpt lat="31.48857937194406986236572265625" lon="121.16156830452382564544677734375">
        <ele>5</ele>
        <time>2026-09-15T22:02:45.000Z</time>
        <extensions>
          <ns3:TrackPointExtension>
            <ns3:hr>108</ns3:hr>
            <ns3:cad>90</ns3:cad>
          </ns3:TrackPointExtension>
        </extensions>
      </trkpt>
      <trkpt lat="31.4885871671140193939208984375" lon="121.1615869961678981781005859375">
        <ele>5</ele>
        <time>2026-09-15T22:02:46.000Z</time>
        <extensions>
          <ns3:TrackPointExtension>
            <ns3:hr>108</ns3:hr>
            <ns3:cad>90</ns3:cad>
          </ns3:TrackPointExtension>
        </extensions>
      </trkpt>
      <trkpt lat="31.4885995723307132720947265625" lon="121.16161524318158626556396484375">
        <ele>5</ele>
        <time>2026-09-15T22:02:47.000Z</time>
        <extensions>
          <ns3:TrackPointExtension>
            <ns3:hr>108</ns3:hr>
            <ns3:cad>90</ns3:cad>
          </ns3:TrackPointExtension>
        </extensions>
      </trkpt>
      <trkpt lat="31.4886153303086757659912109375" lon="121.16163250990211963653564453125">
        <ele>5</ele>
        <time>2026-09-15T22:02:48.000Z</time>
        <extensions>
          <ns3:TrackPointExtension>
            <ns3:hr>108</ns3:hr>
            <ns3:cad>89</ns3:cad>
          </ns3:TrackPointExtension>
        </extensions>
      </trkpt>
      <trkpt lat="31.48862564004957675933837890625" lon="121.16166134364902973175048828125">
        <ele>5</ele>
        <time>2026-09-15T22:02:49.000Z</time>
        <extensions>
          <ns3:TrackPointExtension>
            <ns3:hr>108</ns3:hr>
            <ns3:cad>89</ns3:cad>
          </ns3:TrackPointExtension>
        </extensions>
      </trkpt>
      <trkpt lat="31.48863838054239749908447265625" lon="121.16167542524635791778564453125">
        <ele>5</ele>
        <time>2026-09-15T22:02:50.000Z</time>
        <extensions>
          <ns3:TrackPointExtension>
            <ns3:hr>108</ns3:hr>
            <ns3:cad>89</ns3:cad>
          </ns3:TrackPointExtension>
        </extensions>
      </trkpt>
      <trkpt lat="31.4886550605297088623046875" lon="121.16170694120228290557861328125">
        <ele>5</ele>
        <time>2026-09-15T22:02:51.000Z</time>
        <extensions>
          <ns3:TrackPointExtension>
            <ns3:hr>108</ns3:hr>
            <ns3:cad>89</ns3:cad>
          </ns3:TrackPointExtension>
        </extensions>
      </trkpt>
      <trkpt lat="31.48866469971835613250732421875" lon="121.16172085516154766082763671875">
        <ele>5</ele>
        <time>2026-09-15T22:02:52.000Z</time>
        <extensions>
          <ns3:TrackPointExtension>
            <ns3:hr>109</ns3:hr>
            <ns3:cad>90</ns3:cad>
          </ns3:TrackPointExtension>
        </extensions>
      </trkpt>
      <trkpt lat="31.4886736683547496795654296875" lon="121.161747090518474578857421875">
        <ele>5</ele>
        <time>2026-09-15T22:02:53.000Z</time>
        <extensions>
          <ns3:TrackPointExtension>
            <ns3:hr>108</ns3:hr>
            <ns3:cad>90</ns3:cad>
          </ns3:TrackPointExtension>
        </extensions>
      </trkpt>
      <trkpt lat="31.48868313990533351898193359375" lon="121.1617683805525302886962890625">
        <ele>4.80000019073486328125</ele>
        <time>2026-09-15T22:02:54.000Z</time>
        <extensions>
          <ns3:TrackPointExtension>
            <ns3:hr>108</ns3:hr>
            <ns3:cad>90</ns3:cad>
          </ns3:TrackPointExtension>
        </extensions>
      </trkpt>
      <trkpt lat="31.48869403637945652008056640625" lon="121.16179503500461578369140625">
        <ele>5</ele>
        <time>2026-09-15T22:02:55.000Z</time>
        <extensions>
          <ns3:TrackPointExtension>
            <ns3:hr>108</ns3:hr>
            <ns3:cad>90</ns3:cad>
          </ns3:TrackPointExtension>
        </extensions>
      </trkpt>
      <trkpt lat="31.488705016672611236572265625" lon="121.161816827952861785888671875">
        <ele>4.80000019073486328125</ele>
        <time>2026-09-15T22:02:56.000Z</time>
        <extensions>
          <ns3:TrackPointExtension>
            <ns3:hr>108</ns3:hr>
            <ns3:cad>90</ns3:cad>
          </ns3:TrackPointExtension>
        </extensions>
      </trkpt>
      <trkpt lat="31.4887154102325439453125" lon="121.16184440441429615020751953125">
        <ele>4.80000019073486328125</ele>
        <time>2026-09-15T22:02:57.000Z</time>
        <extensions>
          <ns3:TrackPointExtension>
            <ns3:hr>109</ns3:hr>
            <ns3:cad>90</ns3:cad>
          </ns3:TrackPointExtension>
        </extensions>
      </trkpt>
      <trkpt lat="31.48872756399214267730712890625" lon="121.1618612520396709442138671875">
        <ele>4.80000019073486328125</ele>
        <time>2026-09-15T22:02:58.000Z</time>
        <extensions>
          <ns3:TrackPointExtension>
            <ns3:hr>108</ns3:hr>
            <ns3:cad>90</ns3:cad>
          </ns3:TrackPointExtension>
        </extensions>
      </trkpt>
      <trkpt lat="31.4887410588562488555908203125" lon="121.16189084015786647796630859375">
        <ele>4.80000019073486328125</ele>
        <time>2026-09-15T22:02:59.000Z</time>
        <extensions>
          <ns3:TrackPointExtension>
            <ns3:hr>108</ns3:hr>
            <ns3:cad>90</ns3:cad>
          </ns3:TrackPointExtension>
        </extensions>
      </trkpt>
      <trkpt lat="31.488755978643894195556640625" lon="121.1619083583354949951171875">
        <ele>4.80000019073486328125</ele>
        <time>2026-09-15T22:03:00.000Z</time>
        <extensions>
          <ns3:TrackPointExtension>
            <ns3:hr>109</ns3:hr>
            <ns3:cad>90</ns3:cad>
          </ns3:TrackPointExtension>
        </extensions>
      </trkpt>
      <trkpt lat="31.488771401345729827880859375" lon="121.16193140856921672821044921875">
        <ele>5</ele>
        <time>2026-09-15T22:03:01.000Z</time>
        <extensions>
          <ns3:TrackPointExtension>
            <ns3:hr>108</ns3:hr>
            <ns3:cad>90</ns3:cad>
          </ns3:TrackPointExtension>
        </extensions>
      </trkpt>
      <trkpt lat="31.4887843094766139984130859375" lon="121.1619427241384983062744140625">
        <ele>5</ele>
        <time>2026-09-15T22:03:02.000Z</time>
        <extensions>
          <ns3:TrackPointExtension>
            <ns3:hr>108</ns3:hr>
            <ns3:cad>90</ns3:cad>
          </ns3:TrackPointExtension>
        </extensions>
      </trkpt>
      <trkpt lat="31.488800905644893646240234375" lon="121.16196812130510807037353515625">
        <ele>4.80000019073486328125</ele>
        <time>2026-09-15T22:03:03.000Z</time>
        <extensions>
          <ns3:TrackPointExtension>
            <ns3:hr>109</ns3:hr>
            <ns3:cad>90</ns3:cad>
          </ns3:TrackPointExtension>
        </extensions>
      </trkpt>
      <trkpt lat="31.488812305033206939697265625" lon="121.16198421455919742584228515625">
        <ele>4.80000019073486328125</ele>
        <time>2026-09-15T22:03:04.000Z</time>
        <extensions>
          <ns3:TrackPointExtension>
            <ns3:hr>108</ns3:hr>
            <ns3:cad>90</ns3:cad>
          </ns3:TrackPointExtension>
        </extensions>
      </trkpt>
      <trkpt lat="31.48882194422185420989990234375" lon="121.16201204247772693634033203125">
        <ele>4.80000019073486328125</ele>
        <time>2026-09-15T22:03:05.000Z</time>
        <extensions>
          <ns3:TrackPointExtension>
            <ns3:hr>109</ns3:hr>
            <ns3:cad>90</ns3:cad>
          </ns3:TrackPointExtension>
        </extensions>
      </trkpt>
      <trkpt lat="31.48883275687694549560546875" lon="121.1620322428643703460693359375">
        <ele>4.80000019073486328125</ele>
        <time>2026-09-15T22:03:06.000Z</time>
        <extensions>
          <ns3:TrackPointExtension>
            <ns3:hr>109</ns3:hr>
            <ns3:cad>90</ns3:cad>
          </ns3:TrackPointExtension>
        </extensions>
      </trkpt>
      <trkpt lat="31.488845832645893096923828125" lon="121.16206032223999500274658203125">
        <ele>4.599999904632568359375</ele>
        <time>2026-09-15T22:03:07.000Z</time>
        <extensions>
          <ns3:TrackPointExtension>
            <ns3:hr>109</ns3:hr>
            <ns3:cad>89</ns3:cad>
          </ns3:TrackPointExtension>
        </extensions>
      </trkpt>
      <trkpt lat="31.48886184208095073699951171875" lon="121.16208177991211414337158203125">
        <ele>4.599999904632568359375</ele>
        <time>2026-09-15T22:03:08.000Z</time>
        <extensions>
          <ns3:TrackPointExtension>
            <ns3:hr>109</ns3:hr>
            <ns3:cad>89</ns3:cad>
          </ns3:TrackPointExtension>
        </extensions>
      </trkpt>
      <trkpt lat="31.488876007497310638427734375" lon="121.162112541496753692626953125">
        <ele>4.599999904632568359375</ele>
        <time>2026-09-15T22:03:09.000Z</time>
        <extensions>
          <ns3:TrackPointExtension>
            <ns3:hr>108</ns3:hr>
            <ns3:cad>90</ns3:cad>
          </ns3:TrackPointExtension>
        </extensions>
      </trkpt>
      <trkpt lat="31.488891430199146270751953125" lon="121.162131316959857940673828125">
        <ele>4.599999904632568359375</ele>
        <time>2026-09-15T22:03:10.000Z</time>
        <extensions>
          <ns3:TrackPointExtension>
            <ns3:hr>109</ns3:hr>
            <ns3:cad>92</ns3:cad>
          </ns3:TrackPointExtension>
        </extensions>
      </trkpt>
      <trkpt lat="31.48889369331300258636474609375" lon="121.16215855814516544342041015625">
        <ele>4.599999904632568359375</ele>
        <time>2026-09-15T22:03:11.000Z</time>
        <extensions>
          <ns3:TrackPointExtension>
            <ns3:hr>109</ns3:hr>
            <ns3:cad>92</ns3:cad>
          </ns3:TrackPointExtension>
        </extensions>
      </trkpt>
      <trkpt lat="31.4889071881771087646484375" lon="121.162174902856349945068359375">
        <ele>4.599999904632568359375</ele>
        <time>2026-09-15T22:03:12.000Z</time>
        <extensions>
          <ns3:TrackPointExtension>
            <ns3:hr>108</ns3:hr>
            <ns3:cad>92</ns3:cad>
          </ns3:TrackPointExtension>
        </extensions>
      </trkpt>
      <trkpt lat="31.4889150671660900115966796875" lon="121.16220080293715000152587890625">
        <ele>4.400000095367431640625</ele>
        <time>2026-09-15T22:03:13.000Z</time>
        <extensions>
          <ns3:TrackPointExtension>
            <ns3:hr>109</ns3:hr>
            <ns3:cad>92</ns3:cad>
          </ns3:TrackPointExtension>
        </extensions>
      </trkpt>
      <trkpt lat="31.48892437107861042022705078125" lon="121.162223853170871734619140625">
        <ele>4.400000095367431640625</ele>
        <time>2026-09-15T22:03:14.000Z</time>
        <extensions>
          <ns3:TrackPointExtension>
            <ns3:hr>109</ns3:hr>
            <ns3:cad>92</ns3:cad>
          </ns3:TrackPointExtension>
        </extensions>
      </trkpt>
      <trkpt lat="31.4889308251440525054931640625" lon="121.1622501723468303680419921875">
        <ele>4.400000095367431640625</ele>
        <time>2026-09-15T22:03:15.000Z</time>
        <extensions>
          <ns3:TrackPointExtension>
            <ns3:hr>108</ns3:hr>
            <ns3:cad>92</ns3:cad>
          </ns3:TrackPointExtension>
        </extensions>
      </trkpt>
      <trkpt lat="31.4889422245323657989501953125" lon="121.16227380931377410888671875">
        <ele>4.400000095367431640625</ele>
        <time>2026-09-15T22:03:16.000Z</time>
        <extensions>
          <ns3:TrackPointExtension>
            <ns3:hr>109</ns3:hr>
            <ns3:cad>92</ns3:cad>
          </ns3:TrackPointExtension>
        </extensions>
      </trkpt>
      <trkpt lat="31.48895203135907649993896484375" lon="121.1622997932136058807373046875">
        <ele>4.19999980926513671875</ele>
        <time>2026-09-15T22:03:17.000Z</time>
        <extensions>
          <ns3:TrackPointExtension>
            <ns3:hr>109</ns3:hr>
            <ns3:cad>92</ns3:cad>
          </ns3:TrackPointExtension>
        </extensions>
      </trkpt>
      <trkpt lat="31.48896762169897556304931640625" lon="121.16232133470475673675537109375">
        <ele>4.19999980926513671875</ele>
        <time>2026-09-15T22:03:18.000Z</time>
        <extensions>
          <ns3:TrackPointExtension>
            <ns3:hr>109</ns3:hr>
            <ns3:cad>92</ns3:cad>
          </ns3:TrackPointExtension>
        </extensions>
      </trkpt>
      <trkpt lat="31.48898237384855747222900390625" lon="121.1623427085578441619873046875">
        <ele>4.19999980926513671875</ele>
        <time>2026-09-15T22:03:19.000Z</time>
        <extensions>
          <ns3:TrackPointExtension>
            <ns3:hr>108</ns3:hr>
            <ns3:cad>92</ns3:cad>
          </ns3:TrackPointExtension>
        </extensions>
      </trkpt>
      <trkpt lat="31.48899905383586883544921875" lon="121.162366010248661041259765625">
        <ele>4.19999980926513671875</ele>
        <time>2026-09-15T22:03:20.000Z</time>
        <extensions>
          <ns3:TrackPointExtension>
            <ns3:hr>109</ns3:hr>
            <ns3:cad>92</ns3:cad>
          </ns3:TrackPointExtension>
        </extensions>
      </trkpt>
      <trkpt lat="31.4890133030712604522705078125" lon="121.16238302551209926605224609375">
        <ele>4.19999980926513671875</ele>
        <time>2026-09-15T22:03:21.000Z</time>
        <extensions>
          <ns3:TrackPointExtension>
            <ns3:hr>109</ns3:hr>
            <ns3:cad>92</ns3:cad>
          </ns3:TrackPointExtension>
        </extensions>
      </trkpt>
      <trkpt lat="31.4890267141163349151611328125" lon="121.16240649484097957611083984375">
        <ele>4</ele>
        <time>2026-09-15T22:03:22.000Z</time>
        <extensions>
          <ns3:TrackPointExtension>
            <ns3:hr>109</ns3:hr>
            <ns3:cad>91</ns3:cad>
          </ns3:TrackPointExtension>
        </extensions>
      </trkpt>
      <trkpt lat="31.4890391193330287933349609375" lon="121.16242191754281520843505859375">
        <ele>4</ele>
        <time>2026-09-15T22:03:23.000Z</time>
        <extensions>
          <ns3:TrackPointExtension>
            <ns3:hr>109</ns3:hr>
            <ns3:cad>91</ns3:cad>
          </ns3:TrackPointExtension>
        </extensions>
      </trkpt>
      <trkpt lat="31.489056386053562164306640625" lon="121.16244681179523468017578125">
        <ele>4</ele>
        <time>2026-09-15T22:03:24.000Z</time>
        <extensions>
          <ns3:TrackPointExtension>
            <ns3:hr>109</ns3:hr>
            <ns3:cad>91</ns3:cad>
          </ns3:TrackPointExtension>
        </extensions>
      </trkpt>
      <trkpt lat="31.4890723116695880889892578125" lon="121.16246315650641918182373046875">
        <ele>4</ele>
        <time>2026-09-15T22:03:25.000Z</time>
        <extensions>
          <ns3:TrackPointExtension>
            <ns3:hr>109</ns3:hr>
            <ns3:cad>92</ns3:cad>
          </ns3:TrackPointExtension>
        </extensions>
      </trkpt>
      <trkpt lat="31.4890877343714237213134765625" lon="121.16249333135783672332763671875">
        <ele>4</ele>
        <time>2026-09-15T22:03:26.000Z</time>
        <extensions>
          <ns3:TrackPointExtension>
            <ns3:hr>110</ns3:hr>
            <ns3:cad>92</ns3:cad>
          </ns3:TrackPointExtension>
        </extensions>
      </trkpt>
      <trkpt lat="31.4891004748642444610595703125" lon="121.16250984370708465576171875">
        <ele>3.7999999523162841796875</ele>
        <time>2026-09-15T22:03:27.000Z</time>
        <extensions>
          <ns3:TrackPointExtension>
            <ns3:hr>110</ns3:hr>
            <ns3:cad>93</ns3:cad>
          </ns3:TrackPointExtension>
        </extensions>
      </trkpt>
      <trkpt lat="31.4891162328422069549560546875" lon="121.16254027001559734344482421875">
        <ele>3.7999999523162841796875</ele>
        <time>2026-09-15T22:03:28.000Z</time>
        <extensions>
          <ns3:TrackPointExtension>
            <ns3:hr>110</ns3:hr>
            <ns3:cad>93</ns3:cad>
          </ns3:TrackPointExtension>
        </extensions>
      </trkpt>
      <trkpt lat="31.48912821896374225616455078125" lon="121.1625629849731922149658203125">
        <ele>3.7999999523162841796875</ele>
        <time>2026-09-15T22:03:29.000Z</time>
        <extensions>
          <ns3:TrackPointExtension>
            <ns3:hr>110</ns3:hr>
            <ns3:cad>93</ns3:cad>
          </ns3:TrackPointExtension>
        </extensions>
      </trkpt>
      <trkpt lat="31.489135511219501495361328125" lon="121.16258368827402591705322265625">
        <ele>3.7999999523162841796875</ele>
        <time>2026-09-15T22:03:30.000Z</time>
        <extensions>
          <ns3:TrackPointExtension>
            <ns3:hr>110</ns3:hr>
            <ns3:cad>92</ns3:cad>
          </ns3:TrackPointExtension>
        </extensions>
      </trkpt>
      <trkpt lat="31.48915252648293972015380859375" lon="121.16260011680424213409423828125">
        <ele>3.7999999523162841796875</ele>
        <time>2026-09-15T22:03:31.000Z</time>
        <extensions>
          <ns3:TrackPointExtension>
            <ns3:hr>110</ns3:hr>
            <ns3:cad>92</ns3:cad>
          </ns3:TrackPointExtension>
        </extensions>
      </trkpt>
      <trkpt lat="31.48916224949061870574951171875" lon="121.16262911818921566009521484375">
        <ele>3.7999999523162841796875</ele>
        <time>2026-09-15T22:03:32.000Z</time>
        <extensions>
          <ns3:TrackPointExtension>
            <ns3:hr>110</ns3:hr>
            <ns3:cad>92</ns3:cad>
          </ns3:TrackPointExtension>
        </extensions>
      </trkpt>
      <trkpt lat="31.489173062145709991455078125" lon="121.162651665508747100830078125">
        <ele>3.7999999523162841796875</ele>
        <time>2026-09-15T22:03:33.000Z</time>
        <extensions>
          <ns3:TrackPointExtension>
            <ns3:hr>110</ns3:hr>
            <ns3:cad>92</ns3:cad>
          </ns3:TrackPointExtension>
        </extensions>
      </trkpt>
      <trkpt lat="31.489179767668247222900390625" lon="121.16267840377986431121826171875">
        <ele>3.599999904632568359375</ele>
        <time>2026-09-15T22:03:34.000Z</time>
        <extensions>
          <ns3:TrackPointExtension>
            <ns3:hr>110</ns3:hr>
            <ns3:cad>92</ns3:cad>
          </ns3:TrackPointExtension>
        </extensions>
      </trkpt>
      <trkpt lat="31.4891943521797657012939453125" lon="121.16270086728036403656005859375">
        <ele>3.599999904632568359375</ele>
        <time>2026-09-15T22:03:35.000Z</time>
        <extensions>
          <ns3:TrackPointExtension>
            <ns3:hr>110</ns3:hr>
            <ns3:cad>92</ns3:cad>
          </ns3:TrackPointExtension>
        </extensions>
      </trkpt>
      <trkpt lat="31.48920834995806217193603515625" lon="121.1627245880663394927978515625">
        <ele>3.599999904632568359375</ele>
        <time>2026-09-15T22:03:36.000Z</time>
        <extensions>
          <ns3:TrackPointExtension>
            <ns3:hr>110</ns3:hr>
            <ns3:cad>92</ns3:cad>
          </ns3:TrackPointExtension>
        </extensions>
      </trkpt>
      <trkpt lat="31.4892248623073101043701171875" lon="121.16274897940456867218017578125">
        <ele>3.599999904632568359375</ele>
        <time>2026-09-15T22:03:37.000Z</time>
        <extensions>
          <ns3:TrackPointExtension>
            <ns3:hr>110</ns3:hr>
            <ns3:cad>92</ns3:cad>
          </ns3:TrackPointExtension>
        </extensions>
      </trkpt>
      <trkpt lat="31.4892372675240039825439453125" lon="121.16276741959154605865478515625">
        <ele>3.400000095367431640625</ele>
        <time>2026-09-15T22:03:38.000Z</time>
        <extensions>
          <ns3:TrackPointExtension>
            <ns3:hr>110</ns3:hr>
            <ns3:cad>92</ns3:cad>
          </ns3:TrackPointExtension>
        </extensions>
      </trkpt>
      <trkpt lat="31.48925310932099819183349609375" lon="121.1627948284149169921875">
        <ele>3.400000095367431640625</ele>
        <time>2026-09-15T22:03:39.000Z</time>
        <extensions>
          <ns3:TrackPointExtension>
            <ns3:hr>111</ns3:hr>
            <ns3:cad>92</ns3:cad>
          </ns3:TrackPointExtension>
        </extensions>
      </trkpt>
      <trkpt lat="31.48926702328026294708251953125" lon="121.1628095805644989013671875">
        <ele>3.2000000476837158203125</ele>
        <time>2026-09-15T22:03:40.000Z</time>
        <extensions>
          <ns3:TrackPointExtension>
            <ns3:hr>110</ns3:hr>
            <ns3:cad>93</ns3:cad>
          </ns3:TrackPointExtension>
        </extensions>
      </trkpt>
      <trkpt lat="31.489280350506305694580078125" lon="121.162835396826267242431640625">
        <ele>3.2000000476837158203125</ele>
        <time>2026-09-15T22:03:41.000Z</time>
        <extensions>
          <ns3:TrackPointExtension>
            <ns3:hr>110</ns3:hr>
            <ns3:cad>93</ns3:cad>
          </ns3:TrackPointExtension>
        </extensions>
      </trkpt>
      <trkpt lat="31.4892907440662384033203125" lon="121.16285291500389575958251953125">
        <ele>3.2000000476837158203125</ele>
        <time>2026-09-15T22:03:42.000Z</time>
        <extensions>
          <ns3:TrackPointExtension>
            <ns3:hr>110</ns3:hr>
            <ns3:cad>93</ns3:cad>
          </ns3:TrackPointExtension>
        </extensions>
      </trkpt>
      <trkpt lat="31.4893063344061374664306640625" lon="121.16288132965564727783203125">
        <ele>3.2000000476837158203125</ele>
        <time>2026-09-15T22:03:43.000Z</time>
        <extensions>
          <ns3:TrackPointExtension>
            <ns3:hr>111</ns3:hr>
            <ns3:cad>93</ns3:cad>
          </ns3:TrackPointExtension>
        </extensions>
      </trkpt>
      <trkpt lat="31.4893229305744171142578125" lon="121.162894070148468017578125">
        <ele>3.2000000476837158203125</ele>
        <time>2026-09-15T22:03:44.000Z</time>
        <extensions>
          <ns3:TrackPointExtension>
            <ns3:hr>111</ns3:hr>
            <ns3:cad>93</ns3:cad>
          </ns3:TrackPointExtension>
        </extensions>
      </trkpt>
      <trkpt lat="31.48933642543852329254150390625" lon="121.162925250828266143798828125">
        <ele>3.2000000476837158203125</ele>
        <time>2026-09-15T22:03:45.000Z</time>
        <extensions>
          <ns3:TrackPointExtension>
            <ns3:hr>112</ns3:hr>
            <ns3:cad>93</ns3:cad>
          </ns3:TrackPointExtension>
        </extensions>
      </trkpt>
      <trkpt lat="31.489350758492946624755859375" lon="121.1629431881010532379150390625">
        <ele>3.2000000476837158203125</ele>
        <time>2026-09-15T22:03:46.000Z</time>
        <extensions>
          <ns3:TrackPointExtension>
            <ns3:hr>112</ns3:hr>
            <ns3:cad>92</ns3:cad>
          </ns3:TrackPointExtension>
        </extensions>
      </trkpt>
      <trkpt lat="31.4893603138625621795654296875" lon="121.1629757098853588104248046875">
        <ele>3</ele>
        <time>2026-09-15T22:03:47.000Z</time>
        <extensions>
          <ns3:TrackPointExtension>
            <ns3:hr>112</ns3:hr>
            <ns3:cad>92</ns3:cad>
          </ns3:TrackPointExtension>
        </extensions>
      </trkpt>
      <trkpt lat="31.4893757365643978118896484375" lon="121.16299456916749477386474609375">
        <ele>3</ele>
        <time>2026-09-15T22:03:48.000Z</time>
        <extensions>
          <ns3:TrackPointExtension>
            <ns3:hr>112</ns3:hr>
            <ns3:cad>92</ns3:cad>
          </ns3:TrackPointExtension>
        </extensions>
      </trkpt>
      <trkpt lat="31.48938654921948909759521484375" lon="121.16302273236215114593505859375">
        <ele>3</ele>
        <time>2026-09-15T22:03:49.000Z</time>
        <extensions>
          <ns3:TrackPointExtension>
            <ns3:hr>112</ns3:hr>
            <ns3:cad>92</ns3:cad>
          </ns3:TrackPointExtension>
        </extensions>
      </trkpt>
      <trkpt lat="31.48940138518810272216796875" lon="121.163045279681682586669921875">
        <ele>3</ele>
        <time>2026-09-15T22:03:50.000Z</time>
        <extensions>
          <ns3:TrackPointExtension>
            <ns3:hr>113</ns3:hr>
            <ns3:cad>91</ns3:cad>
          </ns3:TrackPointExtension>
        </extensions>
      </trkpt>
      <trkpt lat="31.48940850980579853057861328125" lon="121.16307302378118038177490234375">
        <ele>2.7999999523162841796875</ele>
        <time>2026-09-15T22:03:51.000Z</time>
        <extensions>
          <ns3:TrackPointExtension>
            <ns3:hr>113</ns3:hr>
            <ns3:cad>91</ns3:cad>
          </ns3:TrackPointExtension>
        </extensions>
      </trkpt>
      <trkpt lat="31.4894240163266658782958984375" lon="121.1630938947200775146484375">
        <ele>2.7999999523162841796875</ele>
        <time>2026-09-15T22:03:52.000Z</time>
        <extensions>
          <ns3:TrackPointExtension>
            <ns3:hr>113</ns3:hr>
            <ns3:cad>92</ns3:cad>
          </ns3:TrackPointExtension>
        </extensions>
      </trkpt>
      <trkpt lat="31.48943684063851833343505859375" lon="121.1631188727915287017822265625">
        <ele>2.7999999523162841796875</ele>
        <time>2026-09-15T22:03:53.000Z</time>
        <extensions>
          <ns3:TrackPointExtension>
            <ns3:hr>114</ns3:hr>
            <ns3:cad>93</ns3:cad>
          </ns3:TrackPointExtension>
        </extensions>
      </trkpt>
      <trkpt lat="31.4894531853497028350830078125" lon="121.163139827549457550048828125">
        <ele>2.7999999523162841796875</ele>
        <time>2026-09-15T22:03:54.000Z</time>
        <extensions>
          <ns3:TrackPointExtension>
            <ns3:hr>115</ns3:hr>
            <ns3:cad>93</ns3:cad>
          </ns3:TrackPointExtension>
        </extensions>
      </trkpt>
      <trkpt lat="31.48946366272866725921630859375" lon="121.16316203959286212921142578125">
        <ele>2.7999999523162841796875</ele>
        <time>2026-09-15T22:03:55.000Z</time>
        <extensions>
          <ns3:TrackPointExtension>
            <ns3:hr>115</ns3:hr>
            <ns3:cad>93</ns3:cad>
          </ns3:TrackPointExtension>
        </extensions>
      </trkpt>
      <trkpt lat="31.48948277346789836883544921875" lon="121.16318148560822010040283203125">
        <ele>2.7999999523162841796875</ele>
        <time>2026-09-15T22:03:56.000Z</time>
        <extensions>
          <ns3:TrackPointExtension>
            <ns3:hr>115</ns3:hr>
            <ns3:cad>92</ns3:cad>
          </ns3:TrackPointExtension>
        </extensions>
      </trkpt>
      <trkpt lat="31.4894930832087993621826171875" lon="121.16320461966097354888916015625">
        <ele>2.7999999523162841796875</ele>
        <time>2026-09-15T22:03:57.000Z</time>
        <extensions>
          <ns3:TrackPointExtension>
            <ns3:hr>114</ns3:hr>
            <ns3:cad>92</ns3:cad>
          </ns3:TrackPointExtension>
        </extensions>
      </trkpt>
      <trkpt lat="31.48950808681547641754150390625" lon="121.1632291786372661590576171875">
        <ele>2.7999999523162841796875</ele>
        <time>2026-09-15T22:03:58.000Z</time>
        <extensions>
          <ns3:TrackPointExtension>
            <ns3:hr>114</ns3:hr>
            <ns3:cad>92</ns3:cad>
          </ns3:TrackPointExtension>
        </extensions>
      </trkpt>
      <trkpt lat="31.489512361586093902587890625" lon="121.163255162537097930908203125">
        <ele>2.7999999523162841796875</ele>
        <time>2026-09-15T22:03:59.000Z</time>
        <extensions>
          <ns3:TrackPointExtension>
            <ns3:hr>114</ns3:hr>
            <ns3:cad>90</ns3:cad>
          </ns3:TrackPointExtension>
        </extensions>
      </trkpt>
      <trkpt lat="31.48951864801347255706787109375" lon="121.16328290663659572601318359375">
        <ele>2.7999999523162841796875</ele>
        <time>2026-09-15T22:04:00.000Z</time>
        <extensions>
          <ns3:TrackPointExtension>
            <ns3:hr>114</ns3:hr>
            <ns3:cad>90</ns3:cad>
          </ns3:TrackPointExtension>
        </extensions>
      </trkpt>
      <trkpt lat="31.48951395414769649505615234375" lon="121.16330771706998348236083984375">
        <ele>3</ele>
        <time>2026-09-15T22:04:01.000Z</time>
        <extensions>
          <ns3:TrackPointExtension>
            <ns3:hr>113</ns3:hr>
            <ns3:cad>90</ns3:cad>
          </ns3:TrackPointExtension>
        </extensions>
      </trkpt>
      <trkpt lat="31.48950758390128612518310546875" lon="121.16333663463592529296875">
        <ele>3</ele>
        <time>2026-09-15T22:04:02.000Z</time>
        <extensions>
          <ns3:TrackPointExtension>
            <ns3:hr>113</ns3:hr>
            <ns3:cad>90</ns3:cad>
          </ns3:TrackPointExtension>
        </extensions>
      </trkpt>
      <trkpt lat="31.48949802853167057037353515625" lon="121.16335717029869556427001953125">
        <ele>3.2000000476837158203125</ele>
        <time>2026-09-15T22:04:03.000Z</time>
        <extensions>
          <ns3:TrackPointExtension>
            <ns3:hr>113</ns3:hr>
            <ns3:cad>90</ns3:cad>
          </ns3:TrackPointExtension>
        </extensions>
      </trkpt>
      <trkpt lat="31.4894860424101352691650390625" lon="121.1633830703794956207275390625">
        <ele>3.2000000476837158203125</ele>
        <time>2026-09-15T22:04:04.000Z</time>
        <extensions>
          <ns3:TrackPointExtension>
            <ns3:hr>114</ns3:hr>
            <ns3:cad>89</ns3:cad>
          </ns3:TrackPointExtension>
        </extensions>
      </trkpt>
      <trkpt lat="31.48946735076606273651123046875" lon="121.16339706815779209136962890625">
        <ele>3.2000000476837158203125</ele>
        <time>2026-09-15T22:04:05.000Z</time>
        <extensions>
          <ns3:TrackPointExtension>
            <ns3:hr>113</ns3:hr>
            <ns3:cad>89</ns3:cad>
          </ns3:TrackPointExtension>
        </extensions>
      </trkpt>
      <trkpt lat="31.489447653293609619140625" lon="121.16341584362089633941650390625">
        <ele>3.2000000476837158203125</ele>
        <time>2026-09-15T22:04:06.000Z</time>
        <extensions>
          <ns3:TrackPointExtension>
            <ns3:hr>113</ns3:hr>
            <ns3:cad>89</ns3:cad>
          </ns3:TrackPointExtension>
        </extensions>
      </trkpt>
      <trkpt lat="31.4894302189350128173828125" lon="121.16342590190470218658447265625">
        <ele>3.400000095367431640625</ele>
        <time>2026-09-15T22:04:07.000Z</time>
        <extensions>
          <ns3:TrackPointExtension>
            <ns3:hr>114</ns3:hr>
            <ns3:cad>89</ns3:cad>
          </ns3:TrackPointExtension>
        </extensions>
      </trkpt>
      <trkpt lat="31.48940943181514739990234375" lon="121.1634444259107112884521484375">
        <ele>3.400000095367431640625</ele>
        <time>2026-09-15T22:04:08.000Z</time>
        <extensions>
          <ns3:TrackPointExtension>
            <ns3:hr>113</ns3:hr>
            <ns3:cad>89</ns3:cad>
          </ns3:TrackPointExtension>
        </extensions>
      </trkpt>
      <trkpt lat="31.4893904887139797210693359375" lon="121.16345792077481746673583984375">
        <ele>3.400000095367431640625</ele>
        <time>2026-09-15T22:04:09.000Z</time>
        <extensions>
          <ns3:TrackPointExtension>
            <ns3:hr>113</ns3:hr>
            <ns3:cad>89</ns3:cad>
          </ns3:TrackPointExtension>
        </extensions>
      </trkpt>
      <trkpt lat="31.48937146179378032684326171875" lon="121.16347451694309711456298828125">
        <ele>3.400000095367431640625</ele>
        <time>2026-09-15T22:04:10.000Z</time>
        <extensions>
          <ns3:TrackPointExtension>
            <ns3:hr>114</ns3:hr>
            <ns3:cad>90</ns3:cad>
          </ns3:TrackPointExtension>
        </extensions>
      </trkpt>
      <trkpt lat="31.48935444653034210205078125" lon="121.16348625160753726959228515625">
        <ele>3.400000095367431640625</ele>
        <time>2026-09-15T22:04:11.000Z</time>
        <extensions>
          <ns3:TrackPointExtension>
            <ns3:hr>113</ns3:hr>
            <ns3:cad>90</ns3:cad>
          </ns3:TrackPointExtension>
        </extensions>
      </trkpt>
      <trkpt lat="31.48933625780045986175537109375" lon="121.16349999792873859405517578125">
        <ele>3.400000095367431640625</ele>
        <time>2026-09-15T22:04:12.000Z</time>
        <extensions>
          <ns3:TrackPointExtension>
            <ns3:hr>113</ns3:hr>
            <ns3:cad>90</ns3:cad>
          </ns3:TrackPointExtension>
        </extensions>
      </trkpt>
      <trkpt lat="31.48931798525154590606689453125" lon="121.16351357661187648773193359375">
        <ele>3.400000095367431640625</ele>
        <time>2026-09-15T22:04:13.000Z</time>
        <extensions>
          <ns3:TrackPointExtension>
            <ns3:hr>114</ns3:hr>
            <ns3:cad>90</ns3:cad>
          </ns3:TrackPointExtension>
        </extensions>
      </trkpt>
      <trkpt lat="31.48929669521749019622802734375" lon="121.16353285498917102813720703125">
        <ele>3.400000095367431640625</ele>
        <time>2026-09-15T22:04:14.000Z</time>
        <extensions>
          <ns3:TrackPointExtension>
            <ns3:hr>114</ns3:hr>
            <ns3:cad>90</ns3:cad>
          </ns3:TrackPointExtension>
        </extensions>
      </trkpt>
      <trkpt lat="31.48927867412567138671875" lon="121.1635473556816577911376953125">
        <ele>3.400000095367431640625</ele>
        <time>2026-09-15T22:04:15.000Z</time>
        <extensions>
          <ns3:TrackPointExtension>
            <ns3:hr>114</ns3:hr>
            <ns3:cad>91</ns3:cad>
          </ns3:TrackPointExtension>
        </extensions>
      </trkpt>
      <trkpt lat="31.4892550371587276458740234375" lon="121.16356353275477886199951171875">
        <ele>3.400000095367431640625</ele>
        <time>2026-09-15T22:04:16.000Z</time>
        <extensions>
          <ns3:TrackPointExtension>
            <ns3:hr>113</ns3:hr>
            <ns3:cad>91</ns3:cad>
          </ns3:TrackPointExtension>
        </extensions>
      </trkpt>
      <trkpt lat="31.48923886008560657501220703125" lon="121.1635782010853290557861328125">
        <ele>3.400000095367431640625</ele>
        <time>2026-09-15T22:04:17.000Z</time>
        <extensions>
          <ns3:TrackPointExtension>
            <ns3:hr>113</ns3:hr>
            <ns3:cad>90</ns3:cad>
          </ns3:TrackPointExtension>
        </extensions>
      </trkpt>
      <trkpt lat="31.48921522311866283416748046875" lon="121.163596473634243011474609375">
        <ele>3.400000095367431640625</ele>
        <time>2026-09-15T22:04:18.000Z</time>
        <extensions>
          <ns3:TrackPointExtension>
            <ns3:hr>113</ns3:hr>
            <ns3:cad>90</ns3:cad>
          </ns3:TrackPointExtension>
        </extensions>
      </trkpt>
      <trkpt lat="31.48920047096908092498779296875" lon="121.16361415944993495941162109375">
        <ele>3.400000095367431640625</ele>
        <time>2026-09-15T22:04:19.000Z</time>
        <extensions>
          <ns3:TrackPointExtension>
            <ns3:hr>113</ns3:hr>
            <ns3:cad>91</ns3:cad>
          </ns3:TrackPointExtension>
        </extensions>
      </trkpt>
      <trkpt lat="31.48917431943118572235107421875" lon="121.16362974978983402252197265625">
        <ele>3.400000095367431640625</ele>
        <time>2026-09-15T22:04:20.000Z</time>
        <extensions>
          <ns3:TrackPointExtension>
            <ns3:hr>113</ns3:hr>
            <ns3:cad>91</ns3:cad>
          </ns3:TrackPointExtension>
        </extensions>
      </trkpt>
      <trkpt lat="31.4891614951193332672119140625" lon="121.16364500485360622406005859375">
        <ele>3.400000095367431640625</ele>
        <time>2026-09-15T22:04:21.000Z</time>
        <extensions>
          <ns3:TrackPointExtension>
            <ns3:hr>113</ns3:hr>
            <ns3:cad>91</ns3:cad>
          </ns3:TrackPointExtension>
        </extensions>
      </trkpt>
      <trkpt lat="31.489134170114994049072265625" lon="121.16365975700318813323974609375">
        <ele>3.2000000476837158203125</ele>
        <time>2026-09-15T22:04:22.000Z</time>
        <extensions>
          <ns3:TrackPointExtension>
            <ns3:hr>113</ns3:hr>
            <ns3:cad>91</ns3:cad>
          </ns3:TrackPointExtension>
        </extensions>
      </trkpt>
      <trkpt lat="31.48912251926958560943603515625" lon="121.163675598800182342529296875">
        <ele>3.2000000476837158203125</ele>
        <time>2026-09-15T22:04:23.000Z</time>
        <extensions>
          <ns3:TrackPointExtension>
            <ns3:hr>113</ns3:hr>
            <ns3:cad>91</ns3:cad>
          </ns3:TrackPointExtension>
        </extensions>
      </trkpt>
      <trkpt lat="31.48909620009362697601318359375" lon="121.16369043476879596710205078125">
        <ele>3.2000000476837158203125</ele>
        <time>2026-09-15T22:04:24.000Z</time>
        <extensions>
          <ns3:TrackPointExtension>
            <ns3:hr>113</ns3:hr>
            <ns3:cad>92</ns3:cad>
          </ns3:TrackPointExtension>
        </extensions>
      </trkpt>
      <trkpt lat="31.4890813641250133514404296875" lon="121.163709796965122222900390625">
        <ele>3.2000000476837158203125</ele>
        <time>2026-09-15T22:04:25.000Z</time>
        <extensions>
          <ns3:TrackPointExtension>
            <ns3:hr>113</ns3:hr>
            <ns3:cad>93</ns3:cad>
          </ns3:TrackPointExtension>
        </extensions>
      </trkpt>
      <trkpt lat="31.48905915208160877227783203125" lon="121.16372245363891124725341796875">
        <ele>3.2000000476837158203125</ele>
        <time>2026-09-15T22:04:26.000Z</time>
        <extensions>
          <ns3:TrackPointExtension>
            <ns3:hr>113</ns3:hr>
            <ns3:cad>93</ns3:cad>
          </ns3:TrackPointExtension>
        </extensions>
      </trkpt>
      <trkpt lat="31.48904507048428058624267578125" lon="121.1637404747307300567626953125">
        <ele>3.2000000476837158203125</ele>
        <time>2026-09-15T22:04:27.000Z</time>
        <extensions>
          <ns3:TrackPointExtension>
            <ns3:hr>113</ns3:hr>
            <ns3:cad>92</ns3:cad>
          </ns3:TrackPointExtension>
        </extensions>
      </trkpt>
      <trkpt lat="31.48902428336441516876220703125" lon="121.16375531069934368133544921875">
        <ele>3.2000000476837158203125</ele>
        <time>2026-09-15T22:04:28.000Z</time>
        <extensions>
          <ns3:TrackPointExtension>
            <ns3:hr>112</ns3:hr>
            <ns3:cad>92</ns3:cad>
          </ns3:TrackPointExtension>
        </extensions>
      </trkpt>
      <trkpt lat="31.48900441825389862060546875" lon="121.1637683026492595672607421875">
        <ele>3.2000000476837158203125</ele>
        <time>2026-09-15T22:04:29.000Z</time>
        <extensions>
          <ns3:TrackPointExtension>
            <ns3:hr>113</ns3:hr>
            <ns3:cad>93</ns3:cad>
          </ns3:TrackPointExtension>
        </extensions>
      </trkpt>
      <trkpt lat="31.48899142630398273468017578125" lon="121.16378045640885829925537109375">
        <ele>3.2000000476837158203125</ele>
        <time>2026-09-15T22:04:30.000Z</time>
        <extensions>
          <ns3:TrackPointExtension>
            <ns3:hr>113</ns3:hr>
            <ns3:cad>93</ns3:cad>
          </ns3:TrackPointExtension>
        </extensions>
      </trkpt>
      <trkpt lat="31.48896745406091213226318359375" lon="121.16380375809967517852783203125">
        <ele>3.2000000476837158203125</ele>
        <time>2026-09-15T22:04:31.000Z</time>
        <extensions>
          <ns3:TrackPointExtension>
            <ns3:hr>113</ns3:hr>
            <ns3:cad>92</ns3:cad>
          </ns3:TrackPointExtension>
        </extensions>
      </trkpt>
      <trkpt lat="31.48895136080682277679443359375" lon="121.16381985135376453399658203125">
        <ele>3.2000000476837158203125</ele>
        <time>2026-09-15T22:04:32.000Z</time>
        <extensions>
          <ns3:TrackPointExtension>
            <ns3:hr>113</ns3:hr>
            <ns3:cad>92</ns3:cad>
          </ns3:TrackPointExtension>
        </extensions>
      </trkpt>
      <trkpt lat="31.48892738856375217437744140625" lon="121.16383343003690242767333984375">
        <ele>3.2000000476837158203125</ele>
        <time>2026-09-15T22:04:33.000Z</time>
        <extensions>
          <ns3:TrackPointExtension>
            <ns3:hr>113</ns3:hr>
            <ns3:cad>91</ns3:cad>
          </ns3:TrackPointExtension>
        </extensions>
      </trkpt>
      <trkpt lat="31.48891263641417026519775390625" lon="121.16385136730968952178955078125">
        <ele>3.2000000476837158203125</ele>
        <time>2026-09-15T22:04:34.000Z</time>
        <extensions>
          <ns3:TrackPointExtension>
            <ns3:hr>113</ns3:hr>
            <ns3:cad>91</ns3:cad>
          </ns3:TrackPointExtension>
        </extensions>
      </trkpt>
      <trkpt lat="31.4888852275907993316650390625" lon="121.163868717849254608154296875">
        <ele>3.2000000476837158203125</ele>
        <time>2026-09-15T22:04:35.000Z</time>
        <extensions>
          <ns3:TrackPointExtension>
            <ns3:hr>113</ns3:hr>
            <ns3:cad>91</ns3:cad>
          </ns3:TrackPointExtension>
        </extensions>
      </trkpt>
      <trkpt lat="31.4888684637844562530517578125" lon="121.16387802176177501678466796875">
        <ele>3.2000000476837158203125</ele>
        <time>2026-09-15T22:04:36.000Z</time>
        <extensions>
          <ns3:TrackPointExtension>
            <ns3:hr>114</ns3:hr>
            <ns3:cad>91</ns3:cad>
          </ns3:TrackPointExtension>
        </extensions>
      </trkpt>
      <trkpt lat="31.48884977214038372039794921875" lon="121.1638931930065155029296875">
        <ele>3</ele>
        <time>2026-09-15T22:04:37.000Z</time>
        <extensions>
          <ns3:TrackPointExtension>
            <ns3:hr>114</ns3:hr>
            <ns3:cad>91</ns3:cad>
          </ns3:TrackPointExtension>
        </extensions>
      </trkpt>
      <trkpt lat="31.4888362772762775421142578125" lon="121.1639047600328922271728515625">
        <ele>3</ele>
        <time>2026-09-15T22:04:38.000Z</time>
        <extensions>
          <ns3:TrackPointExtension>
            <ns3:hr>114</ns3:hr>
            <ns3:cad>92</ns3:cad>
          </ns3:TrackPointExtension>
        </extensions>
      </trkpt>
      <trkpt lat="31.4888111315667629241943359375" lon="121.1639173328876495361328125">
        <ele>3</ele>
        <time>2026-09-15T22:04:39.000Z</time>
        <extensions>
          <ns3:TrackPointExtension>
            <ns3:hr>115</ns3:hr>
            <ns3:cad>92</ns3:cad>
          </ns3:TrackPointExtension>
        </extensions>
      </trkpt>
      <trkpt lat="31.4887997321784496307373046875" lon="121.1639282293617725372314453125">
        <ele>2.7999999523162841796875</ele>
        <time>2026-09-15T22:04:40.000Z</time>
        <extensions>
          <ns3:TrackPointExtension>
            <ns3:hr>115</ns3:hr>
            <ns3:cad>92</ns3:cad>
          </ns3:TrackPointExtension>
        </extensions>
      </trkpt>
      <trkpt lat="31.4887735806405544281005859375" lon="121.1639372818171977996826171875">
        <ele>2.7999999523162841796875</ele>
        <time>2026-09-15T22:04:41.000Z</time>
        <extensions>
          <ns3:TrackPointExtension>
            <ns3:hr>116</ns3:hr>
            <ns3:cad>91</ns3:cad>
          </ns3:TrackPointExtension>
        </extensions>
      </trkpt>
      <trkpt lat="31.4887615106999874114990234375" lon="121.1639503575861454010009765625">
        <ele>2.7999999523162841796875</ele>
        <time>2026-09-15T22:04:42.000Z</time>
        <extensions>
          <ns3:TrackPointExtension>
            <ns3:hr>116</ns3:hr>
            <ns3:cad>91</ns3:cad>
          </ns3:TrackPointExtension>
        </extensions>
      </trkpt>
      <trkpt lat="31.48873879574239253997802734375" lon="121.16396016441285610198974609375">
        <ele>2.7999999523162841796875</ele>
        <time>2026-09-15T22:04:43.000Z</time>
        <extensions>
          <ns3:TrackPointExtension>
            <ns3:hr>116</ns3:hr>
            <ns3:cad>91</ns3:cad>
          </ns3:TrackPointExtension>
        </extensions>
      </trkpt>
      <trkpt lat="31.48872722871601581573486328125" lon="121.163975335657596588134765625">
        <ele>2.7999999523162841796875</ele>
        <time>2026-09-15T22:04:44.000Z</time>
        <extensions>
          <ns3:TrackPointExtension>
            <ns3:hr>116</ns3:hr>
            <ns3:cad>91</ns3:cad>
          </ns3:TrackPointExtension>
        </extensions>
      </trkpt>
      <trkpt lat="31.48870627395808696746826171875" lon="121.1639855615794658660888671875">
        <ele>2.599999904632568359375</ele>
        <time>2026-09-15T22:04:45.000Z</time>
        <extensions>
          <ns3:TrackPointExtension>
            <ns3:hr>116</ns3:hr>
            <ns3:cad>92</ns3:cad>
          </ns3:TrackPointExtension>
        </extensions>
      </trkpt>
      <trkpt lat="31.48869504220783710479736328125" lon="121.16400123573839664459228515625">
        <ele>2.599999904632568359375</ele>
        <time>2026-09-15T22:04:46.000Z</time>
        <extensions>
          <ns3:TrackPointExtension>
            <ns3:hr>116</ns3:hr>
            <ns3:cad>92</ns3:cad>
          </ns3:TrackPointExtension>
        </extensions>
      </trkpt>
      <trkpt lat="31.48867475800216197967529296875" lon="121.164012216031551361083984375">
        <ele>2.599999904632568359375</ele>
        <time>2026-09-15T22:04:47.000Z</time>
        <extensions>
          <ns3:TrackPointExtension>
            <ns3:hr>116</ns3:hr>
            <ns3:cad>92</ns3:cad>
          </ns3:TrackPointExtension>
        </extensions>
      </trkpt>
      <trkpt lat="31.48865430615842342376708984375" lon="121.16402872838079929351806640625">
        <ele>2.599999904632568359375</ele>
        <time>2026-09-15T22:04:48.000Z</time>
        <extensions>
          <ns3:TrackPointExtension>
            <ns3:hr>116</ns3:hr>
            <ns3:cad>92</ns3:cad>
          </ns3:TrackPointExtension>
        </extensions>
      </trkpt>
      <trkpt lat="31.4886327646672725677490234375" lon="121.16404616273939609527587890625">
        <ele>2.7999999523162841796875</ele>
        <time>2026-09-15T22:04:49.000Z</time>
        <extensions>
          <ns3:TrackPointExtension>
            <ns3:hr>116</ns3:hr>
            <ns3:cad>92</ns3:cad>
          </ns3:TrackPointExtension>
        </extensions>
      </trkpt>
      <trkpt lat="31.488607786595821380615234375" lon="121.1640646867454051971435546875">
        <ele>2.7999999523162841796875</ele>
        <time>2026-09-15T22:04:50.000Z</time>
        <extensions>
          <ns3:TrackPointExtension>
            <ns3:hr>116</ns3:hr>
            <ns3:cad>91</ns3:cad>
          </ns3:TrackPointExtension>
        </extensions>
      </trkpt>
      <trkpt lat="31.48858859203755855560302734375" lon="121.16407633759081363677978515625">
        <ele>2.7999999523162841796875</ele>
        <time>2026-09-15T22:04:51.000Z</time>
        <extensions>
          <ns3:TrackPointExtension>
            <ns3:hr>116</ns3:hr>
            <ns3:cad>91</ns3:cad>
          </ns3:TrackPointExtension>
        </extensions>
      </trkpt>
      <trkpt lat="31.488568224012851715087890625" lon="121.16409368813037872314453125">
        <ele>2.7999999523162841796875</ele>
        <time>2026-09-15T22:04:52.000Z</time>
        <extensions>
          <ns3:TrackPointExtension>
            <ns3:hr>116</ns3:hr>
            <ns3:cad>91</ns3:cad>
          </ns3:TrackPointExtension>
        </extensions>
      </trkpt>
      <trkpt lat="31.48854953236877918243408203125" lon="121.164106093347072601318359375">
        <ele>2.7999999523162841796875</ele>
        <time>2026-09-15T22:04:53.000Z</time>
        <extensions>
          <ns3:TrackPointExtension>
            <ns3:hr>116</ns3:hr>
            <ns3:cad>91</ns3:cad>
          </ns3:TrackPointExtension>
        </extensions>
      </trkpt>
      <trkpt lat="31.48852740414440631866455078125" lon="121.16412444971501827239990234375">
        <ele>2.599999904632568359375</ele>
        <time>2026-09-15T22:04:54.000Z</time>
        <extensions>
          <ns3:TrackPointExtension>
            <ns3:hr>116</ns3:hr>
            <ns3:cad>91</ns3:cad>
          </ns3:TrackPointExtension>
        </extensions>
      </trkpt>
      <trkpt lat="31.4885154180228710174560546875" lon="121.1641404591500759124755859375">
        <ele>2.599999904632568359375</ele>
        <time>2026-09-15T22:04:55.000Z</time>
        <extensions>
          <ns3:TrackPointExtension>
            <ns3:hr>116</ns3:hr>
            <ns3:cad>91</ns3:cad>
          </ns3:TrackPointExtension>
        </extensions>
      </trkpt>
      <trkpt lat="31.488489769399166107177734375" lon="121.1641585640609264373779296875">
        <ele>2.599999904632568359375</ele>
        <time>2026-09-15T22:04:56.000Z</time>
        <extensions>
          <ns3:TrackPointExtension>
            <ns3:hr>116</ns3:hr>
            <ns3:cad>91</ns3:cad>
          </ns3:TrackPointExtension>
        </extensions>
      </trkpt>
      <trkpt lat="31.48847962729632854461669921875" lon="121.1641743220388889312744140625">
        <ele>2.599999904632568359375</ele>
        <time>2026-09-15T22:04:57.000Z</time>
        <extensions>
          <ns3:TrackPointExtension>
            <ns3:hr>116</ns3:hr>
            <ns3:cad>91</ns3:cad>
          </ns3:TrackPointExtension>
        </extensions>
      </trkpt>
      <trkpt lat="31.488449536263942718505859375" lon="121.16419066675007343292236328125">
        <ele>2.599999904632568359375</ele>
        <time>2026-09-15T22:04:58.000Z</time>
        <extensions>
          <ns3:TrackPointExtension>
            <ns3:hr>116</ns3:hr>
            <ns3:cad>91</ns3:cad>
          </ns3:TrackPointExtension>
        </extensions>
      </trkpt>
      <trkpt lat="31.4884356223046779632568359375" lon="121.1642044968903064727783203125">
        <ele>2.599999904632568359375</ele>
        <time>2026-09-15T22:04:59.000Z</time>
        <extensions>
          <ns3:TrackPointExtension>
            <ns3:hr>116</ns3:hr>
            <ns3:cad>92</ns3:cad>
          </ns3:TrackPointExtension>
        </extensions>
      </trkpt>
      <trkpt lat="31.4884128235280513763427734375" lon="121.1642189137637615203857421875">
        <ele>2.599999904632568359375</ele>
        <time>2026-09-15T22:05:00.000Z</time>
        <extensions>
          <ns3:TrackPointExtension>
            <ns3:hr>116</ns3:hr>
            <ns3:cad>92</ns3:cad>
          </ns3:TrackPointExtension>
        </extensions>
      </trkpt>
      <trkpt lat="31.4884034357964992523193359375" lon="121.16423207335174083709716796875">
        <ele>2.599999904632568359375</ele>
        <time>2026-09-15T22:05:01.000Z</time>
        <extensions>
          <ns3:TrackPointExtension>
            <ns3:hr>116</ns3:hr>
            <ns3:cad>92</ns3:cad>
          </ns3:TrackPointExtension>
        </extensions>
      </trkpt>
      <trkpt lat="31.48838021792471408843994140625" lon="121.16424431093037128448486328125">
        <ele>2.599999904632568359375</ele>
        <time>2026-09-15T22:05:02.000Z</time>
        <extensions>
          <ns3:TrackPointExtension>
            <ns3:hr>116</ns3:hr>
            <ns3:cad>92</ns3:cad>
          </ns3:TrackPointExtension>
        </extensions>
      </trkpt>
      <trkpt lat="31.488371081650257110595703125" lon="121.1642574705183506011962890625">
        <ele>2.599999904632568359375</ele>
        <time>2026-09-15T22:05:03.000Z</time>
        <extensions>
          <ns3:TrackPointExtension>
            <ns3:hr>116</ns3:hr>
            <ns3:cad>92</ns3:cad>
          </ns3:TrackPointExtension>
        </extensions>
      </trkpt>
      <trkpt lat="31.48834669031202793121337890625" lon="121.1642668582499027252197265625">
        <ele>2.599999904632568359375</ele>
        <time>2026-09-15T22:05:04.000Z</time>
        <extensions>
          <ns3:TrackPointExtension>
            <ns3:hr>116</ns3:hr>
            <ns3:cad>92</ns3:cad>
          </ns3:TrackPointExtension>
        </extensions>
      </trkpt>
      <trkpt lat="31.4883330278098583221435546875" lon="121.16428001783788204193115234375">
        <ele>2.400000095367431640625</ele>
        <time>2026-09-15T22:05:05.000Z</time>
        <extensions>
          <ns3:TrackPointExtension>
            <ns3:hr>116</ns3:hr>
            <ns3:cad>92</ns3:cad>
          </ns3:TrackPointExtension>
        </extensions>
      </trkpt>
      <trkpt lat="31.48830880410969257354736328125" lon="121.1642896570265293121337890625">
        <ele>2.400000095367431640625</ele>
        <time>2026-09-15T22:05:06.000Z</time>
        <extensions>
          <ns3:TrackPointExtension>
            <ns3:hr>115</ns3:hr>
            <ns3:cad>92</ns3:cad>
          </ns3:TrackPointExtension>
        </extensions>
      </trkpt>
      <trkpt lat="31.488294303417205810546875" lon="121.16430558264255523681640625">
        <ele>2.400000095367431640625</ele>
        <time>2026-09-15T22:05:07.000Z</time>
        <extensions>
          <ns3:TrackPointExtension>
            <ns3:hr>115</ns3:hr>
            <ns3:cad>92</ns3:cad>
          </ns3:TrackPointExtension>
        </extensions>
      </trkpt>
      <trkpt lat="31.48827309720218181610107421875" lon="121.16431505419313907623291015625">
        <ele>2.400000095367431640625</ele>
        <time>2026-09-15T22:05:08.000Z</time>
        <extensions>
          <ns3:TrackPointExtension>
            <ns3:hr>115</ns3:hr>
            <ns3:cad>92</ns3:cad>
          </ns3:TrackPointExtension>
        </extensions>
      </trkpt>
      <trkpt lat="31.488255076110363006591796875" lon="121.16433097980916500091552734375">
        <ele>2.400000095367431640625</ele>
        <time>2026-09-15T22:05:09.000Z</time>
        <extensions>
          <ns3:TrackPointExtension>
            <ns3:hr>115</ns3:hr>
            <ns3:cad>92</ns3:cad>
          </ns3:TrackPointExtension>
        </extensions>
      </trkpt>
      <trkpt lat="31.48823462426662445068359375" lon="121.16434313356876373291015625">
        <ele>2.599999904632568359375</ele>
        <time>2026-09-15T22:05:10.000Z</time>
        <extensions>
          <ns3:TrackPointExtension>
            <ns3:hr>114</ns3:hr>
            <ns3:cad>92</ns3:cad>
          </ns3:TrackPointExtension>
        </extensions>
      </trkpt>
      <trkpt lat="31.4882153458893299102783203125" lon="121.16435914300382137298583984375">
        <ele>2.599999904632568359375</ele>
        <time>2026-09-15T22:05:11.000Z</time>
        <extensions>
          <ns3:TrackPointExtension>
            <ns3:hr>114</ns3:hr>
            <ns3:cad>92</ns3:cad>
          </ns3:TrackPointExtension>
        </extensions>
      </trkpt>
      <trkpt lat="31.4881972409784793853759765625" lon="121.1643697880208492279052734375">
        <ele>2.599999904632568359375</ele>
        <time>2026-09-15T22:05:12.000Z</time>
        <extensions>
          <ns3:TrackPointExtension>
            <ns3:hr>114</ns3:hr>
            <ns3:cad>92</ns3:cad>
          </ns3:TrackPointExtension>
        </extensions>
      </trkpt>
      <trkpt lat="31.4881741069257259368896484375" lon="121.1643855459988117218017578125">
        <ele>2.599999904632568359375</ele>
        <time>2026-09-15T22:05:13.000Z</time>
        <extensions>
          <ns3:TrackPointExtension>
            <ns3:hr>114</ns3:hr>
            <ns3:cad>92</ns3:cad>
          </ns3:TrackPointExtension>
        </extensions>
      </trkpt>
      <trkpt lat="31.48816145025193691253662109375" lon="121.16439904086291790008544921875">
        <ele>2.599999904632568359375</ele>
        <time>2026-09-15T22:05:14.000Z</time>
        <extensions>
          <ns3:TrackPointExtension>
            <ns3:hr>114</ns3:hr>
            <ns3:cad>92</ns3:cad>
          </ns3:TrackPointExtension>
        </extensions>
      </trkpt>
      <trkpt lat="31.48813680745661258697509765625" lon="121.16441647522151470184326171875">
        <ele>2.599999904632568359375</ele>
        <time>2026-09-15T22:05:15.000Z</time>
        <extensions>
          <ns3:TrackPointExtension>
            <ns3:hr>113</ns3:hr>
            <ns3:cad>92</ns3:cad>
          </ns3:TrackPointExtension>
        </extensions>
      </trkpt>
      <trkpt lat="31.488124988973140716552734375" lon="121.16443105973303318023681640625">
        <ele>2.400000095367431640625</ele>
        <time>2026-09-15T22:05:16.000Z</time>
        <extensions>
          <ns3:TrackPointExtension>
            <ns3:hr>113</ns3:hr>
            <ns3:cad>92</ns3:cad>
          </ns3:TrackPointExtension>
        </extensions>
      </trkpt>
      <trkpt lat="31.48809657432138919830322265625" lon="121.16444983519613742828369140625">
        <ele>2.400000095367431640625</ele>
        <time>2026-09-15T22:05:17.000Z</time>
        <extensions>
          <ns3:TrackPointExtension>
            <ns3:hr>113</ns3:hr>
            <ns3:cad>92</ns3:cad>
          </ns3:TrackPointExtension>
        </extensions>
      </trkpt>
      <trkpt lat="31.48808576166629791259765625" lon="121.1644660122692584991455078125">
        <ele>2.599999904632568359375</ele>
        <time>2026-09-15T22:05:18.000Z</time>
        <extensions>
          <ns3:TrackPointExtension>
            <ns3:hr>113</ns3:hr>
            <ns3:cad>93</ns3:cad>
          </ns3:TrackPointExtension>
        </extensions>
      </trkpt>
      <trkpt lat="31.4880584366619586944580078125" lon="121.16448101587593555450439453125">
        <ele>2.599999904632568359375</ele>
        <time>2026-09-15T22:05:19.000Z</time>
        <extensions>
          <ns3:TrackPointExtension>
            <ns3:hr>113</ns3:hr>
            <ns3:cad>93</ns3:cad>
          </ns3:TrackPointExtension>
        </extensions>
      </trkpt>
      <trkpt lat="31.48804829455912113189697265625" lon="121.16449694149196147918701171875">
        <ele>2.599999904632568359375</ele>
        <time>2026-09-15T22:05:20.000Z</time>
        <extensions>
          <ns3:TrackPointExtension>
            <ns3:hr>113</ns3:hr>
            <ns3:cad>93</ns3:cad>
          </ns3:TrackPointExtension>
        </extensions>
      </trkpt>
      <trkpt lat="31.4880232326686382293701171875" lon="121.16451102308928966522216796875">
        <ele>2.599999904632568359375</ele>
        <time>2026-09-15T22:05:21.000Z</time>
        <extensions>
          <ns3:TrackPointExtension>
            <ns3:hr>112</ns3:hr>
            <ns3:cad>93</ns3:cad>
          </ns3:TrackPointExtension>
        </extensions>
      </trkpt>
      <trkpt lat="31.4880140125751495361328125" lon="121.16452694870531558990478515625">
        <ele>2.599999904632568359375</ele>
        <time>2026-09-15T22:05:22.000Z</time>
        <extensions>
          <ns3:TrackPointExtension>
            <ns3:hr>112</ns3:hr>
            <ns3:cad>93</ns3:cad>
          </ns3:TrackPointExtension>
        </extensions>
      </trkpt>
      <trkpt lat="31.48799054324626922607421875" lon="121.1645394377410411834716796875">
        <ele>2.599999904632568359375</ele>
        <time>2026-09-15T22:05:23.000Z</time>
        <extensions>
          <ns3:TrackPointExtension>
            <ns3:hr>112</ns3:hr>
            <ns3:cad>92</ns3:cad>
          </ns3:TrackPointExtension>
        </extensions>
      </trkpt>
      <trkpt lat="31.48797805421054363250732421875" lon="121.16455511189997196197509765625">
        <ele>2.599999904632568359375</ele>
        <time>2026-09-15T22:05:24.000Z</time>
        <extensions>
          <ns3:TrackPointExtension>
            <ns3:hr>113</ns3:hr>
            <ns3:cad>92</ns3:cad>
          </ns3:TrackPointExtension>
        </extensions>
      </trkpt>
      <trkpt lat="31.48795156739652156829833984375" lon="121.1645659245550632476806640625">
        <ele>2.599999904632568359375</ele>
        <time>2026-09-15T22:05:25.000Z</time>
        <extensions>
          <ns3:TrackPointExtension>
            <ns3:hr>113</ns3:hr>
            <ns3:cad>92</ns3:cad>
          </ns3:TrackPointExtension>
        </extensions>
      </trkpt>
      <trkpt lat="31.4879362285137176513671875" lon="121.1645800061523914337158203125">
        <ele>2.599999904632568359375</ele>
        <time>2026-09-15T22:05:26.000Z</time>
        <extensions>
          <ns3:TrackPointExtension>
            <ns3:hr>113</ns3:hr>
            <ns3:cad>92</ns3:cad>
          </ns3:TrackPointExtension>
        </extensions>
      </trkpt>
      <trkpt lat="31.4879159443080425262451171875" lon="121.16459190845489501953125">
        <ele>2.599999904632568359375</ele>
        <time>2026-09-15T22:05:27.000Z</time>
        <extensions>
          <ns3:TrackPointExtension>
            <ns3:hr>113</ns3:hr>
            <ns3:cad>92</ns3:cad>
          </ns3:TrackPointExtension>
        </extensions>
      </trkpt>
      <trkpt lat="31.487897336483001708984375" lon="121.164609678089618682861328125">
        <ele>2.599999904632568359375</ele>
        <time>2026-09-15T22:05:28.000Z</time>
        <extensions>
          <ns3:TrackPointExtension>
            <ns3:hr>113</ns3:hr>
            <ns3:cad>92</ns3:cad>
          </ns3:TrackPointExtension>
        </extensions>
      </trkpt>
      <trkpt lat="31.48787562735378742218017578125" lon="121.16462367586791515350341796875">
        <ele>2.7999999523162841796875</ele>
        <time>2026-09-15T22:05:29.000Z</time>
        <extensions>
          <ns3:TrackPointExtension>
            <ns3:hr>113</ns3:hr>
            <ns3:cad>92</ns3:cad>
          </ns3:TrackPointExtension>
        </extensions>
      </trkpt>
      <trkpt lat="31.48785769008100032806396484375" lon="121.16464245133101940155029296875">
        <ele>2.7999999523162841796875</ele>
        <time>2026-09-15T22:05:30.000Z</time>
        <extensions>
          <ns3:TrackPointExtension>
            <ns3:hr>113</ns3:hr>
            <ns3:cad>92</ns3:cad>
          </ns3:TrackPointExtension>
        </extensions>
      </trkpt>
      <trkpt lat="31.48783958517014980316162109375" lon="121.16465753875672817230224609375">
        <ele>2.7999999523162841796875</ele>
        <time>2026-09-15T22:05:31.000Z</time>
        <extensions>
          <ns3:TrackPointExtension>
            <ns3:hr>113</ns3:hr>
            <ns3:cad>92</ns3:cad>
          </ns3:TrackPointExtension>
        </extensions>
      </trkpt>
      <trkpt lat="31.48781779222190380096435546875" lon="121.16467773914337158203125">
        <ele>2.7999999523162841796875</ele>
        <time>2026-09-15T22:05:32.000Z</time>
        <extensions>
          <ns3:TrackPointExtension>
            <ns3:hr>113</ns3:hr>
            <ns3:cad>92</ns3:cad>
          </ns3:TrackPointExtension>
        </extensions>
      </trkpt>
      <trkpt lat="31.48780371062457561492919921875" lon="121.164694838225841522216796875">
        <ele>2.7999999523162841796875</ele>
        <time>2026-09-15T22:05:33.000Z</time>
        <extensions>
          <ns3:TrackPointExtension>
            <ns3:hr>114</ns3:hr>
            <ns3:cad>92</ns3:cad>
          </ns3:TrackPointExtension>
        </extensions>
      </trkpt>
      <trkpt lat="31.4877808280289173126220703125" lon="121.1647139489650726318359375">
        <ele>2.7999999523162841796875</ele>
        <time>2026-09-15T22:05:34.000Z</time>
        <extensions>
          <ns3:TrackPointExtension>
            <ns3:hr>114</ns3:hr>
            <ns3:cad>92</ns3:cad>
          </ns3:TrackPointExtension>
        </extensions>
      </trkpt>
      <trkpt lat="31.48776582442224025726318359375" lon="121.16473213769495487213134765625">
        <ele>2.7999999523162841796875</ele>
        <time>2026-09-15T22:05:35.000Z</time>
        <extensions>
          <ns3:TrackPointExtension>
            <ns3:hr>115</ns3:hr>
            <ns3:cad>92</ns3:cad>
          </ns3:TrackPointExtension>
        </extensions>
      </trkpt>
      <trkpt lat="31.48774017579853534698486328125" lon="121.164753176271915435791015625">
        <ele>2.7999999523162841796875</ele>
        <time>2026-09-15T22:05:36.000Z</time>
        <extensions>
          <ns3:TrackPointExtension>
            <ns3:hr>115</ns3:hr>
            <ns3:cad>92</ns3:cad>
          </ns3:TrackPointExtension>
        </extensions>
      </trkpt>
      <trkpt lat="31.48772274143993854522705078125" lon="121.164767928421497344970703125">
        <ele>2.7999999523162841796875</ele>
        <time>2026-09-15T22:05:37.000Z</time>
        <extensions>
          <ns3:TrackPointExtension>
            <ns3:hr>115</ns3:hr>
            <ns3:cad>92</ns3:cad>
          </ns3:TrackPointExtension>
        </extensions>
      </trkpt>
      <trkpt lat="31.4876956678926944732666015625" lon="121.1647828482091426849365234375">
        <ele>2.7999999523162841796875</ele>
        <time>2026-09-15T22:05:38.000Z</time>
        <extensions>
          <ns3:TrackPointExtension>
            <ns3:hr>115</ns3:hr>
            <ns3:cad>92</ns3:cad>
          </ns3:TrackPointExtension>
        </extensions>
      </trkpt>
      <trkpt lat="31.48768368177115917205810546875" lon="121.164798103272914886474609375">
        <ele>2.7999999523162841796875</ele>
        <time>2026-09-15T22:05:39.000Z</time>
        <extensions>
          <ns3:TrackPointExtension>
            <ns3:hr>115</ns3:hr>
            <ns3:cad>92</ns3:cad>
          </ns3:TrackPointExtension>
        </extensions>
      </trkpt>
      <trkpt lat="31.48765669204294681549072265625" lon="121.16481545381247997283935546875">
        <ele>2.7999999523162841796875</ele>
        <time>2026-09-15T22:05:40.000Z</time>
        <extensions>
          <ns3:TrackPointExtension>
            <ns3:hr>115</ns3:hr>
            <ns3:cad>92</ns3:cad>
          </ns3:TrackPointExtension>
        </extensions>
      </trkpt>
      <trkpt lat="31.48764696903526782989501953125" lon="121.164830960333347320556640625">
        <ele>3</ele>
        <time>2026-09-15T22:05:41.000Z</time>
        <extensions>
          <ns3:TrackPointExtension>
            <ns3:hr>116</ns3:hr>
            <ns3:cad>92</ns3:cad>
          </ns3:TrackPointExtension>
        </extensions>
      </trkpt>
      <trkpt lat="31.48762433789670467376708984375" lon="121.16484328173100948333740234375">
        <ele>3</ele>
        <time>2026-09-15T22:05:42.000Z</time>
        <extensions>
          <ns3:TrackPointExtension>
            <ns3:hr>115</ns3:hr>
            <ns3:cad>92</ns3:cad>
          </ns3:TrackPointExtension>
        </extensions>
      </trkpt>
      <trkpt lat="31.487613357603549957275390625" lon="121.1648586206138134002685546875">
        <ele>3</ele>
        <time>2026-09-15T22:05:43.000Z</time>
        <extensions>
          <ns3:TrackPointExtension>
            <ns3:hr>115</ns3:hr>
            <ns3:cad>92</ns3:cad>
          </ns3:TrackPointExtension>
        </extensions>
      </trkpt>
      <trkpt lat="31.4875890500843524932861328125" lon="121.16486725397408008575439453125">
        <ele>3</ele>
        <time>2026-09-15T22:05:44.000Z</time>
        <extensions>
          <ns3:TrackPointExtension>
            <ns3:hr>114</ns3:hr>
            <ns3:cad>92</ns3:cad>
          </ns3:TrackPointExtension>
        </extensions>
      </trkpt>
      <trkpt lat="31.4875753037631511688232421875" lon="121.1648807488381862640380859375">
        <ele>3</ele>
        <time>2026-09-15T22:05:45.000Z</time>
        <extensions>
          <ns3:TrackPointExtension>
            <ns3:hr>114</ns3:hr>
            <ns3:cad>92</ns3:cad>
          </ns3:TrackPointExtension>
        </extensions>
      </trkpt>
      <trkpt lat="31.48755057714879512786865234375" lon="121.164891310036182403564453125">
        <ele>2.7999999523162841796875</ele>
        <time>2026-09-15T22:05:46.000Z</time>
        <extensions>
          <ns3:TrackPointExtension>
            <ns3:hr>114</ns3:hr>
            <ns3:cad>93</ns3:cad>
          </ns3:TrackPointExtension>
        </extensions>
      </trkpt>
      <trkpt lat="31.48753934539854526519775390625" lon="121.16490329615771770477294921875">
        <ele>3</ele>
        <time>2026-09-15T22:05:47.000Z</time>
        <extensions>
          <ns3:TrackPointExtension>
            <ns3:hr>114</ns3:hr>
            <ns3:cad>93</ns3:cad>
          </ns3:TrackPointExtension>
        </extensions>
      </trkpt>
      <trkpt lat="31.48751973174512386322021484375" lon="121.16491251625120639801025390625">
        <ele>3</ele>
        <time>2026-09-15T22:05:48.000Z</time>
        <extensions>
          <ns3:TrackPointExtension>
            <ns3:hr>114</ns3:hr>
            <ns3:cad>93</ns3:cad>
          </ns3:TrackPointExtension>
        </extensions>
      </trkpt>
      <trkpt lat="31.4875028841197490692138671875" lon="121.16492542438209056854248046875">
        <ele>2.7999999523162841796875</ele>
        <time>2026-09-15T22:05:49.000Z</time>
        <extensions>
          <ns3:TrackPointExtension>
            <ns3:hr>114</ns3:hr>
            <ns3:cad>92</ns3:cad>
          </ns3:TrackPointExtension>
        </extensions>
      </trkpt>
      <trkpt lat="31.48748402483761310577392578125" lon="121.1649365723133087158203125">
        <ele>3</ele>
        <time>2026-09-15T22:05:50.000Z</time>
        <extensions>
          <ns3:TrackPointExtension>
            <ns3:hr>113</ns3:hr>
            <ns3:cad>92</ns3:cad>
          </ns3:TrackPointExtension>
        </extensions>
      </trkpt>
      <trkpt lat="31.4874653331935405731201171875" lon="121.1649528332054615020751953125">
        <ele>3</ele>
        <time>2026-09-15T22:05:51.000Z</time>
        <extensions>
          <ns3:TrackPointExtension>
            <ns3:hr>113</ns3:hr>
            <ns3:cad>92</ns3:cad>
          </ns3:TrackPointExtension>
        </extensions>
      </trkpt>
      <trkpt lat="31.48744697682559490203857421875" lon="121.16496666334569454193115234375">
        <ele>3</ele>
        <time>2026-09-15T22:05:52.000Z</time>
        <extensions>
          <ns3:TrackPointExtension>
            <ns3:hr>112</ns3:hr>
            <ns3:cad>92</ns3:cad>
          </ns3:TrackPointExtension>
        </extensions>
      </trkpt>
      <trkpt lat="31.4874274469912052154541015625" lon="121.1649873666465282440185546875">
        <ele>3</ele>
        <time>2026-09-15T22:05:53.000Z</time>
        <extensions>
          <ns3:TrackPointExtension>
            <ns3:hr>112</ns3:hr>
            <ns3:cad>92</ns3:cad>
          </ns3:TrackPointExtension>
        </extensions>
      </trkpt>
      <trkpt lat="31.4874096773564815521240234375" lon="121.16499851457774639129638671875">
        <ele>3.2000000476837158203125</ele>
        <time>2026-09-15T22:05:54.000Z</time>
        <extensions>
          <ns3:TrackPointExtension>
            <ns3:hr>112</ns3:hr>
            <ns3:cad>92</ns3:cad>
          </ns3:TrackPointExtension>
        </extensions>
      </trkpt>
      <trkpt lat="31.4873888902366161346435546875" lon="121.16501276381313800811767578125">
        <ele>3.2000000476837158203125</ele>
        <time>2026-09-15T22:05:55.000Z</time>
        <extensions>
          <ns3:TrackPointExtension>
            <ns3:hr>112</ns3:hr>
            <ns3:cad>92</ns3:cad>
          </ns3:TrackPointExtension>
        </extensions>
      </trkpt>
      <trkpt lat="31.48737221024930477142333984375" lon="121.1650224030017852783203125">
        <ele>3.2000000476837158203125</ele>
        <time>2026-09-15T22:05:56.000Z</time>
        <extensions>
          <ns3:TrackPointExtension>
            <ns3:hr>111</ns3:hr>
            <ns3:cad>91</ns3:cad>
          </ns3:TrackPointExtension>
        </extensions>
      </trkpt>
      <trkpt lat="31.487348489463329315185546875" lon="121.16503606550395488739013671875">
        <ele>3.2000000476837158203125</ele>
        <time>2026-09-15T22:05:57.000Z</time>
        <extensions>
          <ns3:TrackPointExtension>
            <ns3:hr>111</ns3:hr>
            <ns3:cad>91</ns3:cad>
          </ns3:TrackPointExtension>
        </extensions>
      </trkpt>
      <trkpt lat="31.487329714000225067138671875" lon="121.1650470457971096038818359375">
        <ele>3.2000000476837158203125</ele>
        <time>2026-09-15T22:05:58.000Z</time>
        <extensions>
          <ns3:TrackPointExtension>
            <ns3:hr>111</ns3:hr>
            <ns3:cad>91</ns3:cad>
          </ns3:TrackPointExtension>
        </extensions>
      </trkpt>
      <trkpt lat="31.4873060770332813262939453125" lon="121.1650611273944377899169921875">
        <ele>3.2000000476837158203125</ele>
        <time>2026-09-15T22:05:59.000Z</time>
        <extensions>
          <ns3:TrackPointExtension>
            <ns3:hr>111</ns3:hr>
            <ns3:cad>90</ns3:cad>
          </ns3:TrackPointExtension>
        </extensions>
      </trkpt>
      <trkpt lat="31.48728403262794017791748046875" lon="121.16507495753467082977294921875">
        <ele>3.2000000476837158203125</ele>
        <time>2026-09-15T22:06:00.000Z</time>
        <extensions>
          <ns3:TrackPointExtension>
            <ns3:hr>111</ns3:hr>
            <ns3:cad>90</ns3:cad>
          </ns3:TrackPointExtension>
        </extensions>
      </trkpt>
      <trkpt lat="31.487260647118091583251953125" lon="121.1650936491787433624267578125">
        <ele>3.2000000476837158203125</ele>
        <time>2026-09-15T22:06:01.000Z</time>
        <extensions>
          <ns3:TrackPointExtension>
            <ns3:hr>110</ns3:hr>
            <ns3:cad>90</ns3:cad>
          </ns3:TrackPointExtension>
        </extensions>
      </trkpt>
      <trkpt lat="31.48724162019789218902587890625" lon="121.1651063896715641021728515625">
        <ele>3.2000000476837158203125</ele>
        <time>2026-09-15T22:06:02.000Z</time>
        <extensions>
          <ns3:TrackPointExtension>
            <ns3:hr>110</ns3:hr>
            <ns3:cad>90</ns3:cad>
          </ns3:TrackPointExtension>
        </extensions>
      </trkpt>
      <trkpt lat="31.487221084535121917724609375" lon="121.16512591950595378875732421875">
        <ele>3.2000000476837158203125</ele>
        <time>2026-09-15T22:06:03.000Z</time>
        <extensions>
          <ns3:TrackPointExtension>
            <ns3:hr>110</ns3:hr>
            <ns3:cad>90</ns3:cad>
          </ns3:TrackPointExtension>
        </extensions>
      </trkpt>
      <trkpt lat="31.48720624856650829315185546875" lon="121.16514050401747226715087890625">
        <ele>3.2000000476837158203125</ele>
        <time>2026-09-15T22:06:04.000Z</time>
        <extensions>
          <ns3:TrackPointExtension>
            <ns3:hr>109</ns3:hr>
            <ns3:cad>90</ns3:cad>
          </ns3:TrackPointExtension>
        </extensions>
      </trkpt>
      <trkpt lat="31.4871877245604991912841796875" lon="121.16516112349927425384521484375">
        <ele>3.2000000476837158203125</ele>
        <time>2026-09-15T22:06:05.000Z</time>
        <extensions>
          <ns3:TrackPointExtension>
            <ns3:hr>109</ns3:hr>
            <ns3:cad>90</ns3:cad>
          </ns3:TrackPointExtension>
        </extensions>
      </trkpt>
      <trkpt lat="31.48716886527836322784423828125" lon="121.16517671383917331695556640625">
        <ele>3.2000000476837158203125</ele>
        <time>2026-09-15T22:06:06.000Z</time>
        <extensions>
          <ns3:TrackPointExtension>
            <ns3:hr>109</ns3:hr>
            <ns3:cad>89</ns3:cad>
          </ns3:TrackPointExtension>
        </extensions>
      </trkpt>
      <trkpt lat="31.48714405484497547149658203125" lon="121.165195405483245849609375">
        <ele>3.2000000476837158203125</ele>
        <time>2026-09-15T22:06:07.000Z</time>
        <extensions>
          <ns3:TrackPointExtension>
            <ns3:hr>109</ns3:hr>
            <ns3:cad>89</ns3:cad>
          </ns3:TrackPointExtension>
        </extensions>
      </trkpt>
      <trkpt lat="31.48712846450507640838623046875" lon="121.16521091200411319732666015625">
        <ele>3.2000000476837158203125</ele>
        <time>2026-09-15T22:06:08.000Z</time>
        <extensions>
          <ns3:TrackPointExtension>
            <ns3:hr>108</ns3:hr>
            <ns3:cad>90</ns3:cad>
          </ns3:TrackPointExtension>
        </extensions>
      </trkpt>
      <trkpt lat="31.48710197769105434417724609375" lon="121.16523228585720062255859375">
        <ele>3.2000000476837158203125</ele>
        <time>2026-09-15T22:06:09.000Z</time>
        <extensions>
          <ns3:TrackPointExtension>
            <ns3:hr>108</ns3:hr>
            <ns3:cad>90</ns3:cad>
          </ns3:TrackPointExtension>
        </extensions>
      </trkpt>
      <trkpt lat="31.48709041066467761993408203125" lon="121.16525148041546344757080078125">
        <ele>3.2000000476837158203125</ele>
        <time>2026-09-15T22:06:10.000Z</time>
        <extensions>
          <ns3:TrackPointExtension>
            <ns3:hr>108</ns3:hr>
            <ns3:cad>90</ns3:cad>
          </ns3:TrackPointExtension>
        </extensions>
      </trkpt>
      <trkpt lat="31.4870636723935604095458984375" lon="121.1652718484401702880859375">
        <ele>3.2000000476837158203125</ele>
        <time>2026-09-15T22:06:11.000Z</time>
        <extensions>
          <ns3:TrackPointExtension>
            <ns3:hr>108</ns3:hr>
            <ns3:cad>91</ns3:cad>
          </ns3:TrackPointExtension>
        </extensions>
      </trkpt>
      <trkpt lat="31.48705135099589824676513671875" lon="121.165287606418132781982421875">
        <ele>3.2000000476837158203125</ele>
        <time>2026-09-15T22:06:12.000Z</time>
        <extensions>
          <ns3:TrackPointExtension>
            <ns3:hr>107</ns3:hr>
            <ns3:cad>91</ns3:cad>
          </ns3:TrackPointExtension>
        </extensions>
      </trkpt>
      <trkpt lat="31.48702620528638362884521484375" lon="121.1653015203773975372314453125">
        <ele>3.2000000476837158203125</ele>
        <time>2026-09-15T22:06:13.000Z</time>
        <extensions>
          <ns3:TrackPointExtension>
            <ns3:hr>107</ns3:hr>
            <ns3:cad>91</ns3:cad>
          </ns3:TrackPointExtension>
        </extensions>
      </trkpt>
      <trkpt lat="31.4870157279074192047119140625" lon="121.1653149314224720001220703125">
        <ele>3.2000000476837158203125</ele>
        <time>2026-09-15T22:06:14.000Z</time>
        <extensions>
          <ns3:TrackPointExtension>
            <ns3:hr>107</ns3:hr>
            <ns3:cad>92</ns3:cad>
          </ns3:TrackPointExtension>
        </extensions>
      </trkpt>
      <trkpt lat="31.48698949255049228668212890625" lon="121.16532607935369014739990234375">
        <ele>3.2000000476837158203125</ele>
        <time>2026-09-15T22:06:15.000Z</time>
        <extensions>
          <ns3:TrackPointExtension>
            <ns3:hr>107</ns3:hr>
            <ns3:cad>92</ns3:cad>
          </ns3:TrackPointExtension>
        </extensions>
      </trkpt>
      <trkpt lat="31.4869786798954010009765625" lon="121.165342591702938079833984375">
        <ele>3.2000000476837158203125</ele>
        <time>2026-09-15T22:06:16.000Z</time>
        <extensions>
          <ns3:TrackPointExtension>
            <ns3:hr>107</ns3:hr>
            <ns3:cad>92</ns3:cad>
          </ns3:TrackPointExtension>
        </extensions>
      </trkpt>
      <trkpt lat="31.486956886947154998779296875" lon="121.1653554998338222503662109375">
        <ele>3.400000095367431640625</ele>
        <time>2026-09-15T22:06:17.000Z</time>
        <extensions>
          <ns3:TrackPointExtension>
            <ns3:hr>106</ns3:hr>
            <ns3:cad>93</ns3:cad>
          </ns3:TrackPointExtension>
        </extensions>
      </trkpt>
      <trkpt lat="31.48694439791142940521240234375" lon="121.1653684079647064208984375">
        <ele>3.400000095367431640625</ele>
        <time>2026-09-15T22:06:18.000Z</time>
        <extensions>
          <ns3:TrackPointExtension>
            <ns3:hr>107</ns3:hr>
            <ns3:cad>93</ns3:cad>
          </ns3:TrackPointExtension>
        </extensions>
      </trkpt>
      <trkpt lat="31.48692277260124683380126953125" lon="121.1653796397149562835693359375">
        <ele>3.2000000476837158203125</ele>
        <time>2026-09-15T22:06:19.000Z</time>
        <extensions>
          <ns3:TrackPointExtension>
            <ns3:hr>107</ns3:hr>
            <ns3:cad>92</ns3:cad>
          </ns3:TrackPointExtension>
        </extensions>
      </trkpt>
      <trkpt lat="31.48690558969974517822265625" lon="121.1653960682451725006103515625">
        <ele>3.2000000476837158203125</ele>
        <time>2026-09-15T22:06:20.000Z</time>
        <extensions>
          <ns3:TrackPointExtension>
            <ns3:hr>107</ns3:hr>
            <ns3:cad>92</ns3:cad>
          </ns3:TrackPointExtension>
        </extensions>
      </trkpt>
      <trkpt lat="31.48688538931310176849365234375" lon="121.16540729999542236328125">
        <ele>3.2000000476837158203125</ele>
        <time>2026-09-15T22:06:21.000Z</time>
        <extensions>
          <ns3:TrackPointExtension>
            <ns3:hr>106</ns3:hr>
            <ns3:cad>93</ns3:cad>
          </ns3:TrackPointExtension>
        </extensions>
      </trkpt>
      <trkpt lat="31.486864350736141204833984375" lon="121.16542062722146511077880859375">
        <ele>3.2000000476837158203125</ele>
        <time>2026-09-15T22:06:22.000Z</time>
        <extensions>
          <ns3:TrackPointExtension>
            <ns3:hr>107</ns3:hr>
            <ns3:cad>93</ns3:cad>
          </ns3:TrackPointExtension>
        </extensions>
      </trkpt>
      <trkpt lat="31.48684616200625896453857421875" lon="121.165433116257190704345703125">
        <ele>3.2000000476837158203125</ele>
        <time>2026-09-15T22:06:23.000Z</time>
        <extensions>
          <ns3:TrackPointExtension>
            <ns3:hr>107</ns3:hr>
            <ns3:cad>93</ns3:cad>
          </ns3:TrackPointExtension>
        </extensions>
      </trkpt>
      <trkpt lat="31.4868222735822200775146484375" lon="121.1654503829777240753173828125">
        <ele>3.400000095367431640625</ele>
        <time>2026-09-15T22:06:24.000Z</time>
        <extensions>
          <ns3:TrackPointExtension>
            <ns3:hr>107</ns3:hr>
            <ns3:cad>93</ns3:cad>
          </ns3:TrackPointExtension>
        </extensions>
      </trkpt>
      <trkpt lat="31.486805342137813568115234375" lon="121.16546505130827426910400390625">
        <ele>3.400000095367431640625</ele>
        <time>2026-09-15T22:06:25.000Z</time>
        <extensions>
          <ns3:TrackPointExtension>
            <ns3:hr>107</ns3:hr>
            <ns3:cad>93</ns3:cad>
          </ns3:TrackPointExtension>
        </extensions>
      </trkpt>
      <trkpt lat="31.4867830462753772735595703125" lon="121.16548097692430019378662109375">
        <ele>3.400000095367431640625</ele>
        <time>2026-09-15T22:06:26.000Z</time>
        <extensions>
          <ns3:TrackPointExtension>
            <ns3:hr>107</ns3:hr>
            <ns3:cad>92</ns3:cad>
          </ns3:TrackPointExtension>
        </extensions>
      </trkpt>
      <trkpt lat="31.48676519282162189483642578125" lon="121.16549556143581867218017578125">
        <ele>3.400000095367431640625</ele>
        <time>2026-09-15T22:06:27.000Z</time>
        <extensions>
          <ns3:TrackPointExtension>
            <ns3:hr>108</ns3:hr>
            <ns3:cad>92</ns3:cad>
          </ns3:TrackPointExtension>
        </extensions>
      </trkpt>
      <trkpt lat="31.48674457333981990814208984375" lon="121.16551500745117664337158203125">
        <ele>3.400000095367431640625</ele>
        <time>2026-09-15T22:06:28.000Z</time>
        <extensions>
          <ns3:TrackPointExtension>
            <ns3:hr>108</ns3:hr>
            <ns3:cad>92</ns3:cad>
          </ns3:TrackPointExtension>
        </extensions>
      </trkpt>
      <trkpt lat="31.4867304079234600067138671875" lon="121.16552866995334625244140625">
        <ele>3.400000095367431640625</ele>
        <time>2026-09-15T22:06:29.000Z</time>
        <extensions>
          <ns3:TrackPointExtension>
            <ns3:hr>112</ns3:hr>
            <ns3:cad>91</ns3:cad>
          </ns3:TrackPointExtension>
        </extensions>
      </trkpt>
      <trkpt lat="31.48670869879424571990966796875" lon="121.1655472777783870697021484375">
        <ele>3.400000095367431640625</ele>
        <time>2026-09-15T22:06:30.000Z</time>
        <extensions>
          <ns3:TrackPointExtension>
            <ns3:hr>116</ns3:hr>
            <ns3:cad>91</ns3:cad>
          </ns3:TrackPointExtension>
        </extensions>
      </trkpt>
      <trkpt lat="31.48669377900660037994384765625" lon="121.1655633710324764251708984375">
        <ele>3.400000095367431640625</ele>
        <time>2026-09-15T22:06:31.000Z</time>
        <extensions>
          <ns3:TrackPointExtension>
            <ns3:hr>117</ns3:hr>
            <ns3:cad>91</ns3:cad>
          </ns3:TrackPointExtension>
        </extensions>
      </trkpt>
      <trkpt lat="31.48667098022997379302978515625" lon="121.1655801348388195037841796875">
        <ele>3.400000095367431640625</ele>
        <time>2026-09-15T22:06:32.000Z</time>
        <extensions>
          <ns3:TrackPointExtension>
            <ns3:hr>117</ns3:hr>
            <ns3:cad>90</ns3:cad>
          </ns3:TrackPointExtension>
        </extensions>
      </trkpt>
      <trkpt lat="31.48665480315685272216796875" lon="121.16559094749391078948974609375">
        <ele>3.400000095367431640625</ele>
        <time>2026-09-15T22:06:33.000Z</time>
        <extensions>
          <ns3:TrackPointExtension>
            <ns3:hr>117</ns3:hr>
            <ns3:cad>90</ns3:cad>
          </ns3:TrackPointExtension>
        </extensions>
      </trkpt>
      <trkpt lat="31.48663275875151157379150390625" lon="121.16560251452028751373291015625">
        <ele>3.599999904632568359375</ele>
        <time>2026-09-15T22:06:34.000Z</time>
        <extensions>
          <ns3:TrackPointExtension>
            <ns3:hr>117</ns3:hr>
            <ns3:cad>90</ns3:cad>
          </ns3:TrackPointExtension>
        </extensions>
      </trkpt>
      <trkpt lat="31.486622281372547149658203125" lon="121.1656163446605205535888671875">
        <ele>3.400000095367431640625</ele>
        <time>2026-09-15T22:06:35.000Z</time>
        <extensions>
          <ns3:TrackPointExtension>
            <ns3:hr>117</ns3:hr>
            <ns3:cad>90</ns3:cad>
          </ns3:TrackPointExtension>
        </extensions>
      </trkpt>
      <trkpt lat="31.486600823700428009033203125" lon="121.16562791168689727783203125">
        <ele>3.599999904632568359375</ele>
        <time>2026-09-15T22:06:36.000Z</time>
        <extensions>
          <ns3:TrackPointExtension>
            <ns3:hr>117</ns3:hr>
            <ns3:cad>90</ns3:cad>
          </ns3:TrackPointExtension>
        </extensions>
      </trkpt>
      <trkpt lat="31.48658833466470241546630859375" lon="121.16563838906586170196533203125">
        <ele>3.599999904632568359375</ele>
        <time>2026-09-15T22:06:37.000Z</time>
        <extensions>
          <ns3:TrackPointExtension>
            <ns3:hr>117</ns3:hr>
            <ns3:cad>90</ns3:cad>
          </ns3:TrackPointExtension>
        </extensions>
      </trkpt>
      <trkpt lat="31.48656771518290042877197265625" lon="121.1656522192060947418212890625">
        <ele>3.599999904632568359375</ele>
        <time>2026-09-15T22:06:38.000Z</time>
        <extensions>
          <ns3:TrackPointExtension>
            <ns3:hr>117</ns3:hr>
            <ns3:cad>91</ns3:cad>
          </ns3:TrackPointExtension>
        </extensions>
      </trkpt>
      <trkpt lat="31.48655212484300136566162109375" lon="121.16566370241343975067138671875">
        <ele>3.599999904632568359375</ele>
        <time>2026-09-15T22:06:39.000Z</time>
        <extensions>
          <ns3:TrackPointExtension>
            <ns3:hr>117</ns3:hr>
            <ns3:cad>91</ns3:cad>
          </ns3:TrackPointExtension>
        </extensions>
      </trkpt>
      <trkpt lat="31.48653184063732624053955078125" lon="121.16567577235400676727294921875">
        <ele>3.599999904632568359375</ele>
        <time>2026-09-15T22:06:40.000Z</time>
        <extensions>
          <ns3:TrackPointExtension>
            <ns3:hr>116</ns3:hr>
            <ns3:cad>90</ns3:cad>
          </ns3:TrackPointExtension>
        </extensions>
      </trkpt>
      <trkpt lat="31.4865173399448394775390625" lon="121.1656916141510009765625">
        <ele>3.599999904632568359375</ele>
        <time>2026-09-15T22:06:41.000Z</time>
        <extensions>
          <ns3:TrackPointExtension>
            <ns3:hr>117</ns3:hr>
            <ns3:cad>90</ns3:cad>
          </ns3:TrackPointExtension>
        </extensions>
      </trkpt>
      <trkpt lat="31.48649697192013263702392578125" lon="121.16570661775767803192138671875">
        <ele>3.599999904632568359375</ele>
        <time>2026-09-15T22:06:42.000Z</time>
        <extensions>
          <ns3:TrackPointExtension>
            <ns3:hr>117</ns3:hr>
            <ns3:cad>89</ns3:cad>
          </ns3:TrackPointExtension>
        </extensions>
      </trkpt>
      <trkpt lat="31.48648356087505817413330078125" lon="121.16572086699306964874267578125">
        <ele>3.599999904632568359375</ele>
        <time>2026-09-15T22:06:43.000Z</time>
        <extensions>
          <ns3:TrackPointExtension>
            <ns3:hr>116</ns3:hr>
            <ns3:cad>88</ns3:cad>
          </ns3:TrackPointExtension>
        </extensions>
      </trkpt>
      <trkpt lat="31.48646076209843158721923828125" lon="121.16573520004749298095703125">
        <ele>3.599999904632568359375</ele>
        <time>2026-09-15T22:06:44.000Z</time>
        <extensions>
          <ns3:TrackPointExtension>
            <ns3:hr>115</ns3:hr>
            <ns3:cad>88</ns3:cad>
          </ns3:TrackPointExtension>
        </extensions>
      </trkpt>
      <trkpt lat="31.4864470995962619781494140625" lon="121.16575053893029689788818359375">
        <ele>3.599999904632568359375</ele>
        <time>2026-09-15T22:06:45.000Z</time>
        <extensions>
          <ns3:TrackPointExtension>
            <ns3:hr>114</ns3:hr>
            <ns3:cad>89</ns3:cad>
          </ns3:TrackPointExtension>
        </extensions>
      </trkpt>
      <trkpt lat="31.48642069660127162933349609375" lon="121.16576998494565486907958984375">
        <ele>3.599999904632568359375</ele>
        <time>2026-09-15T22:06:46.000Z</time>
        <extensions>
          <ns3:TrackPointExtension>
            <ns3:hr>113</ns3:hr>
            <ns3:cad>89</ns3:cad>
          </ns3:TrackPointExtension>
        </extensions>
      </trkpt>
      <trkpt lat="31.486406363546848297119140625" lon="121.1657870002090930938720703125">
        <ele>3.599999904632568359375</ele>
        <time>2026-09-15T22:06:47.000Z</time>
        <extensions>
          <ns3:TrackPointExtension>
            <ns3:hr>113</ns3:hr>
            <ns3:cad>89</ns3:cad>
          </ns3:TrackPointExtension>
        </extensions>
      </trkpt>
      <trkpt lat="31.48637861944735050201416015625" lon="121.16580368019640445709228515625">
        <ele>3.599999904632568359375</ele>
        <time>2026-09-15T22:06:48.000Z</time>
        <extensions>
          <ns3:TrackPointExtension>
            <ns3:hr>113</ns3:hr>
            <ns3:cad>90</ns3:cad>
          </ns3:TrackPointExtension>
        </extensions>
      </trkpt>
      <trkpt lat="31.4863646216690540313720703125" lon="121.1658188514411449432373046875">
        <ele>3.400000095367431640625</ele>
        <time>2026-09-15T22:06:49.000Z</time>
        <extensions>
          <ns3:TrackPointExtension>
            <ns3:hr>113</ns3:hr>
            <ns3:cad>91</ns3:cad>
          </ns3:TrackPointExtension>
        </extensions>
      </trkpt>
      <trkpt lat="31.4863371290266513824462890625" lon="121.1658362857997417449951171875">
        <ele>3.400000095367431640625</ele>
        <time>2026-09-15T22:06:50.000Z</time>
        <extensions>
          <ns3:TrackPointExtension>
            <ns3:hr>113</ns3:hr>
            <ns3:cad>92</ns3:cad>
          </ns3:TrackPointExtension>
        </extensions>
      </trkpt>
      <trkpt lat="31.486321873962879180908203125" lon="121.16585330106317996978759765625">
        <ele>3.400000095367431640625</ele>
        <time>2026-09-15T22:06:51.000Z</time>
        <extensions>
          <ns3:TrackPointExtension>
            <ns3:hr>113</ns3:hr>
            <ns3:cad>92</ns3:cad>
          </ns3:TrackPointExtension>
        </extensions>
      </trkpt>
      <trkpt lat="31.48629614152014255523681640625" lon="121.16586822085082530975341796875">
        <ele>3.2000000476837158203125</ele>
        <time>2026-09-15T22:06:52.000Z</time>
        <extensions>
          <ns3:TrackPointExtension>
            <ns3:hr>112</ns3:hr>
            <ns3:cad>92</ns3:cad>
          </ns3:TrackPointExtension>
        </extensions>
      </trkpt>
      <trkpt lat="31.48628457449376583099365234375" lon="121.16588330827653408050537109375">
        <ele>3.2000000476837158203125</ele>
        <time>2026-09-15T22:06:53.000Z</time>
        <extensions>
          <ns3:TrackPointExtension>
            <ns3:hr>113</ns3:hr>
            <ns3:cad>92</ns3:cad>
          </ns3:TrackPointExtension>
        </extensions>
      </trkpt>
      <trkpt lat="31.48626110516488552093505859375" lon="121.1658946238458156585693359375">
        <ele>3.2000000476837158203125</ele>
        <time>2026-09-15T22:06:54.000Z</time>
        <extensions>
          <ns3:TrackPointExtension>
            <ns3:hr>113</ns3:hr>
            <ns3:cad>92</ns3:cad>
          </ns3:TrackPointExtension>
        </extensions>
      </trkpt>
      <trkpt lat="31.48624819703400135040283203125" lon="121.16590996272861957550048828125">
        <ele>3.2000000476837158203125</ele>
        <time>2026-09-15T22:06:55.000Z</time>
        <extensions>
          <ns3:TrackPointExtension>
            <ns3:hr>112</ns3:hr>
            <ns3:cad>92</ns3:cad>
          </ns3:TrackPointExtension>
        </extensions>
      </trkpt>
      <trkpt lat="31.486221291124820709228515625" lon="121.16592102684080600738525390625">
        <ele>3.2000000476837158203125</ele>
        <time>2026-09-15T22:06:56.000Z</time>
        <extensions>
          <ns3:TrackPointExtension>
            <ns3:hr>113</ns3:hr>
            <ns3:cad>92</ns3:cad>
          </ns3:TrackPointExtension>
        </extensions>
      </trkpt>
      <trkpt lat="31.48620611988008022308349609375" lon="121.16594131104648113250732421875">
        <ele>3</ele>
        <time>2026-09-15T22:06:57.000Z</time>
        <extensions>
          <ns3:TrackPointExtension>
            <ns3:hr>112</ns3:hr>
            <ns3:cad>92</ns3:cad>
          </ns3:TrackPointExtension>
        </extensions>
      </trkpt>
      <trkpt lat="31.486181728541851043701171875" lon="121.16595354862511157989501953125">
        <ele>3.2000000476837158203125</ele>
        <time>2026-09-15T22:06:58.000Z</time>
        <extensions>
          <ns3:TrackPointExtension>
            <ns3:hr>113</ns3:hr>
            <ns3:cad>92</ns3:cad>
          </ns3:TrackPointExtension>
        </extensions>
      </trkpt>
      <trkpt lat="31.48615851067006587982177734375" lon="121.1659720726311206817626953125">
        <ele>3.2000000476837158203125</ele>
        <time>2026-09-15T22:06:59.000Z</time>
        <extensions>
          <ns3:TrackPointExtension>
            <ns3:hr>113</ns3:hr>
            <ns3:cad>92</ns3:cad>
          </ns3:TrackPointExtension>
        </extensions>
      </trkpt>
      <trkpt lat="31.4861393161118030548095703125" lon="121.16598690859973430633544921875">
        <ele>3.400000095367431640625</ele>
        <time>2026-09-15T22:07:00.000Z</time>
        <extensions>
          <ns3:TrackPointExtension>
            <ns3:hr>113</ns3:hr>
            <ns3:cad>92</ns3:cad>
          </ns3:TrackPointExtension>
        </extensions>
      </trkpt>
      <trkpt lat="31.4861218817532062530517578125" lon="121.1660042591392993927001953125">
        <ele>3.599999904632568359375</ele>
        <time>2026-09-15T22:07:01.000Z</time>
        <extensions>
          <ns3:TrackPointExtension>
            <ns3:hr>112</ns3:hr>
            <ns3:cad>92</ns3:cad>
          </ns3:TrackPointExtension>
        </extensions>
      </trkpt>
      <trkpt lat="31.48610184900462627410888671875" lon="121.16602043621242046356201171875">
        <ele>3.599999904632568359375</ele>
        <time>2026-09-15T22:07:02.000Z</time>
        <extensions>
          <ns3:TrackPointExtension>
            <ns3:hr>112</ns3:hr>
            <ns3:cad>92</ns3:cad>
          </ns3:TrackPointExtension>
        </extensions>
      </trkpt>
      <trkpt lat="31.48608139716088771820068359375" lon="121.16603585891425609588623046875">
        <ele>3.7999999523162841796875</ele>
        <time>2026-09-15T22:07:03.000Z</time>
        <extensions>
          <ns3:TrackPointExtension>
            <ns3:hr>112</ns3:hr>
            <ns3:cad>92</ns3:cad>
          </ns3:TrackPointExtension>
        </extensions>
      </trkpt>
      <trkpt lat="31.48606865666806697845458984375" lon="121.1660523712635040283203125">
        <ele>3.599999904632568359375</ele>
        <time>2026-09-15T22:07:04.000Z</time>
        <extensions>
          <ns3:TrackPointExtension>
            <ns3:hr>112</ns3:hr>
            <ns3:cad>92</ns3:cad>
          </ns3:TrackPointExtension>
        </extensions>
      </trkpt>
      <trkpt lat="31.486044935882091522216796875" lon="121.16606838069856166839599609375">
        <ele>3.400000095367431640625</ele>
        <time>2026-09-15T22:07:05.000Z</time>
        <extensions>
          <ns3:TrackPointExtension>
            <ns3:hr>113</ns3:hr>
            <ns3:cad>91</ns3:cad>
          </ns3:TrackPointExtension>
        </extensions>
      </trkpt>
      <trkpt lat="31.48603362031280994415283203125" lon="121.16608363576233386993408203125">
        <ele>3.2000000476837158203125</ele>
        <time>2026-09-15T22:07:06.000Z</time>
        <extensions>
          <ns3:TrackPointExtension>
            <ns3:hr>113</ns3:hr>
            <ns3:cad>91</ns3:cad>
          </ns3:TrackPointExtension>
        </extensions>
      </trkpt>
      <trkpt lat="31.48600637912750244140625" lon="121.166100315749645233154296875">
        <ele>3</ele>
        <time>2026-09-15T22:07:07.000Z</time>
        <extensions>
          <ns3:TrackPointExtension>
            <ns3:hr>113</ns3:hr>
            <ns3:cad>91</ns3:cad>
          </ns3:TrackPointExtension>
        </extensions>
      </trkpt>
      <trkpt lat="31.48599363863468170166015625" lon="121.1661135591566562652587890625">
        <ele>3</ele>
        <time>2026-09-15T22:07:08.000Z</time>
        <extensions>
          <ns3:TrackPointExtension>
            <ns3:hr>114</ns3:hr>
            <ns3:cad>91</ns3:cad>
          </ns3:TrackPointExtension>
        </extensions>
      </trkpt>
      <trkpt lat="31.4859669841825962066650390625" lon="121.16612554527819156646728515625">
        <ele>3</ele>
        <time>2026-09-15T22:07:09.000Z</time>
        <extensions>
          <ns3:TrackPointExtension>
            <ns3:hr>115</ns3:hr>
            <ns3:cad>91</ns3:cad>
          </ns3:TrackPointExtension>
        </extensions>
      </trkpt>
      <trkpt lat="31.48595365695655345916748046875" lon="121.166143901646137237548828125">
        <ele>3</ele>
        <time>2026-09-15T22:07:10.000Z</time>
        <extensions>
          <ns3:TrackPointExtension>
            <ns3:hr>116</ns3:hr>
            <ns3:cad>91</ns3:cad>
          </ns3:TrackPointExtension>
        </extensions>
      </trkpt>
      <trkpt lat="31.4859297685325145721435546875" lon="121.16615496575832366943359375">
        <ele>3</ele>
        <time>2026-09-15T22:07:11.000Z</time>
        <extensions>
          <ns3:TrackPointExtension>
            <ns3:hr>116</ns3:hr>
            <ns3:cad>93</ns3:cad>
          </ns3:TrackPointExtension>
        </extensions>
      </trkpt>
      <trkpt lat="31.4859160222113132476806640625" lon="121.16617147810757160186767578125">
        <ele>2.7999999523162841796875</ele>
        <time>2026-09-15T22:07:12.000Z</time>
        <extensions>
          <ns3:TrackPointExtension>
            <ns3:hr>116</ns3:hr>
            <ns3:cad>93</ns3:cad>
          </ns3:TrackPointExtension>
        </extensions>
      </trkpt>
      <trkpt lat="31.48589330725371837615966796875" lon="121.16618312895298004150390625">
        <ele>2.7999999523162841796875</ele>
        <time>2026-09-15T22:07:13.000Z</time>
        <extensions>
          <ns3:TrackPointExtension>
            <ns3:hr>116</ns3:hr>
            <ns3:cad>92</ns3:cad>
          </ns3:TrackPointExtension>
        </extensions>
      </trkpt>
      <trkpt lat="31.48587402887642383575439453125" lon="121.16619922220706939697265625">
        <ele>2.7999999523162841796875</ele>
        <time>2026-09-15T22:07:14.000Z</time>
        <extensions>
          <ns3:TrackPointExtension>
            <ns3:hr>116</ns3:hr>
            <ns3:cad>92</ns3:cad>
          </ns3:TrackPointExtension>
        </extensions>
      </trkpt>
      <trkpt lat="31.485850811004638671875" lon="121.16621129214763641357421875">
        <ele>2.7999999523162841796875</ele>
        <time>2026-09-15T22:07:15.000Z</time>
        <extensions>
          <ns3:TrackPointExtension>
            <ns3:hr>117</ns3:hr>
            <ns3:cad>93</ns3:cad>
          </ns3:TrackPointExtension>
        </extensions>
      </trkpt>
      <trkpt lat="31.48582943715155124664306640625" lon="121.16622864268720149993896484375">
        <ele>2.7999999523162841796875</ele>
        <time>2026-09-15T22:07:16.000Z</time>
        <extensions>
          <ns3:TrackPointExtension>
            <ns3:hr>117</ns3:hr>
            <ns3:cad>93</ns3:cad>
          </ns3:TrackPointExtension>
        </extensions>
      </trkpt>
      <trkpt lat="31.48580948822200298309326171875" lon="121.1662387847900390625">
        <ele>2.7999999523162841796875</ele>
        <time>2026-09-15T22:07:17.000Z</time>
        <extensions>
          <ns3:TrackPointExtension>
            <ns3:hr>117</ns3:hr>
            <ns3:cad>92</ns3:cad>
          </ns3:TrackPointExtension>
        </extensions>
      </trkpt>
      <trkpt lat="31.485788114368915557861328125" lon="121.1662557162344455718994140625">
        <ele>2.7999999523162841796875</ele>
        <time>2026-09-15T22:07:18.000Z</time>
        <extensions>
          <ns3:TrackPointExtension>
            <ns3:hr>117</ns3:hr>
            <ns3:cad>92</ns3:cad>
          </ns3:TrackPointExtension>
        </extensions>
      </trkpt>
      <trkpt lat="31.485772021114826202392578125" lon="121.16627139039337635040283203125">
        <ele>2.7999999523162841796875</ele>
        <time>2026-09-15T22:07:19.000Z</time>
        <extensions>
          <ns3:TrackPointExtension>
            <ns3:hr>117</ns3:hr>
            <ns3:cad>92</ns3:cad>
          </ns3:TrackPointExtension>
        </extensions>
      </trkpt>
      <trkpt lat="31.48574980907142162322998046875" lon="121.16628907620906829833984375">
        <ele>2.7999999523162841796875</ele>
        <time>2026-09-15T22:07:20.000Z</time>
        <extensions>
          <ns3:TrackPointExtension>
            <ns3:hr>116</ns3:hr>
            <ns3:cad>92</ns3:cad>
          </ns3:TrackPointExtension>
        </extensions>
      </trkpt>
      <trkpt lat="31.48573606275022029876708984375" lon="121.16630307398736476898193359375">
        <ele>2.7999999523162841796875</ele>
        <time>2026-09-15T22:07:21.000Z</time>
        <extensions>
          <ns3:TrackPointExtension>
            <ns3:hr>117</ns3:hr>
            <ns3:cad>92</ns3:cad>
          </ns3:TrackPointExtension>
        </extensions>
      </trkpt>
      <trkpt lat="31.4857145212590694427490234375" lon="121.16631682030856609344482421875">
        <ele>2.7999999523162841796875</ele>
        <time>2026-09-15T22:07:22.000Z</time>
        <extensions>
          <ns3:TrackPointExtension>
            <ns3:hr>116</ns3:hr>
            <ns3:cad>92</ns3:cad>
          </ns3:TrackPointExtension>
        </extensions>
      </trkpt>
      <trkpt lat="31.48570186458528041839599609375" lon="121.16632536984980106353759765625">
        <ele>2.7999999523162841796875</ele>
        <time>2026-09-15T22:07:23.000Z</time>
        <extensions>
          <ns3:TrackPointExtension>
            <ns3:hr>116</ns3:hr>
            <ns3:cad>92</ns3:cad>
          </ns3:TrackPointExtension>
        </extensions>
      </trkpt>
      <trkpt lat="31.4856742881238460540771484375" lon="121.16634137928485870361328125">
        <ele>2.7999999523162841796875</ele>
        <time>2026-09-15T22:07:24.000Z</time>
        <extensions>
          <ns3:TrackPointExtension>
            <ns3:hr>116</ns3:hr>
            <ns3:cad>92</ns3:cad>
          </ns3:TrackPointExtension>
        </extensions>
      </trkpt>
      <trkpt lat="31.4856595359742641448974609375" lon="121.1663569696247577667236328125">
        <ele>2.7999999523162841796875</ele>
        <time>2026-09-15T22:07:25.000Z</time>
        <extensions>
          <ns3:TrackPointExtension>
            <ns3:hr>116</ns3:hr>
            <ns3:cad>92</ns3:cad>
          </ns3:TrackPointExtension>
        </extensions>
      </trkpt>
      <trkpt lat="31.48563346825540065765380859375" lon="121.166370213031768798828125">
        <ele>2.7999999523162841796875</ele>
        <time>2026-09-15T22:07:26.000Z</time>
        <extensions>
          <ns3:TrackPointExtension>
            <ns3:hr>116</ns3:hr>
            <ns3:cad>92</ns3:cad>
          </ns3:TrackPointExtension>
        </extensions>
      </trkpt>
      <trkpt lat="31.4856213144958019256591796875" lon="121.16638706065714359283447265625">
        <ele>2.7999999523162841796875</ele>
        <time>2026-09-15T22:07:27.000Z</time>
        <extensions>
          <ns3:TrackPointExtension>
            <ns3:hr>116</ns3:hr>
            <ns3:cad>92</ns3:cad>
          </ns3:TrackPointExtension>
        </extensions>
      </trkpt>
      <trkpt lat="31.48559675551950931549072265625" lon="121.166402399539947509765625">
        <ele>2.7999999523162841796875</ele>
        <time>2026-09-15T22:07:28.000Z</time>
        <extensions>
          <ns3:TrackPointExtension>
            <ns3:hr>116</ns3:hr>
            <ns3:cad>92</ns3:cad>
          </ns3:TrackPointExtension>
        </extensions>
      </trkpt>
      <trkpt lat="31.48558451794087886810302734375" lon="121.1664186604321002960205078125">
        <ele>2.7999999523162841796875</ele>
        <time>2026-09-15T22:07:29.000Z</time>
        <extensions>
          <ns3:TrackPointExtension>
            <ns3:hr>116</ns3:hr>
            <ns3:cad>92</ns3:cad>
          </ns3:TrackPointExtension>
        </extensions>
      </trkpt>
      <trkpt lat="31.48555953986942768096923828125" lon="121.16642980836331844329833984375">
        <ele>2.7999999523162841796875</ele>
        <time>2026-09-15T22:07:30.000Z</time>
        <extensions>
          <ns3:TrackPointExtension>
            <ns3:hr>116</ns3:hr>
            <ns3:cad>92</ns3:cad>
          </ns3:TrackPointExtension>
        </extensions>
      </trkpt>
      <trkpt lat="31.48554327897727489471435546875" lon="121.1664441414177417755126953125">
        <ele>2.7999999523162841796875</ele>
        <time>2026-09-15T22:07:31.000Z</time>
        <extensions>
          <ns3:TrackPointExtension>
            <ns3:hr>115</ns3:hr>
            <ns3:cad>92</ns3:cad>
          </ns3:TrackPointExtension>
        </extensions>
      </trkpt>
      <trkpt lat="31.4855182170867919921875" lon="121.166451685130596160888671875">
        <ele>2.7999999523162841796875</ele>
        <time>2026-09-15T22:07:32.000Z</time>
        <extensions>
          <ns3:TrackPointExtension>
            <ns3:hr>116</ns3:hr>
            <ns3:cad>92</ns3:cad>
          </ns3:TrackPointExtension>
        </extensions>
      </trkpt>
      <trkpt lat="31.4855016209185123443603515625" lon="121.1664645932614803314208984375">
        <ele>2.7999999523162841796875</ele>
        <time>2026-09-15T22:07:33.000Z</time>
        <extensions>
          <ns3:TrackPointExtension>
            <ns3:hr>116</ns3:hr>
            <ns3:cad>91</ns3:cad>
          </ns3:TrackPointExtension>
        </extensions>
      </trkpt>
      <trkpt lat="31.48548393510282039642333984375" lon="121.1664729751646518707275390625">
        <ele>2.7999999523162841796875</ele>
        <time>2026-09-15T22:07:34.000Z</time>
        <extensions>
          <ns3:TrackPointExtension>
            <ns3:hr>115</ns3:hr>
            <ns3:cad>91</ns3:cad>
          </ns3:TrackPointExtension>
        </extensions>
      </trkpt>
      <trkpt lat="31.485467590391635894775390625" lon="121.1664870567619800567626953125">
        <ele>2.7999999523162841796875</ele>
        <time>2026-09-15T22:07:35.000Z</time>
        <extensions>
          <ns3:TrackPointExtension>
            <ns3:hr>115</ns3:hr>
            <ns3:cad>92</ns3:cad>
          </ns3:TrackPointExtension>
        </extensions>
      </trkpt>
      <trkpt lat="31.48544839583337306976318359375" lon="121.16649518720805644989013671875">
        <ele>2.7999999523162841796875</ele>
        <time>2026-09-15T22:07:36.000Z</time>
        <extensions>
          <ns3:TrackPointExtension>
            <ns3:hr>115</ns3:hr>
            <ns3:cad>92</ns3:cad>
          </ns3:TrackPointExtension>
        </extensions>
      </trkpt>
      <trkpt lat="31.4854229986667633056640625" lon="121.16651161573827266693115234375">
        <ele>2.7999999523162841796875</ele>
        <time>2026-09-15T22:07:37.000Z</time>
        <extensions>
          <ns3:TrackPointExtension>
            <ns3:hr>115</ns3:hr>
            <ns3:cad>92</ns3:cad>
          </ns3:TrackPointExtension>
        </extensions>
      </trkpt>
      <trkpt lat="31.4854070730507373809814453125" lon="121.1665239371359348297119140625">
        <ele>2.7999999523162841796875</ele>
        <time>2026-09-15T22:07:38.000Z</time>
        <extensions>
          <ns3:TrackPointExtension>
            <ns3:hr>116</ns3:hr>
            <ns3:cad>92</ns3:cad>
          </ns3:TrackPointExtension>
        </extensions>
      </trkpt>
      <trkpt lat="31.4853809215128421783447265625" lon="121.16654011420905590057373046875">
        <ele>2.7999999523162841796875</ele>
        <time>2026-09-15T22:07:39.000Z</time>
        <extensions>
          <ns3:TrackPointExtension>
            <ns3:hr>115</ns3:hr>
            <ns3:cad>92</ns3:cad>
          </ns3:TrackPointExtension>
        </extensions>
      </trkpt>
      <trkpt lat="31.485365666449069976806640625" lon="121.16655536927282810211181640625">
        <ele>2.7999999523162841796875</ele>
        <time>2026-09-15T22:07:40.000Z</time>
        <extensions>
          <ns3:TrackPointExtension>
            <ns3:hr>115</ns3:hr>
            <ns3:cad>92</ns3:cad>
          </ns3:TrackPointExtension>
        </extensions>
      </trkpt>
      <trkpt lat="31.485338173806667327880859375" lon="121.166572384536266326904296875">
        <ele>2.7999999523162841796875</ele>
        <time>2026-09-15T22:07:41.000Z</time>
        <extensions>
          <ns3:TrackPointExtension>
            <ns3:hr>115</ns3:hr>
            <ns3:cad>92</ns3:cad>
          </ns3:TrackPointExtension>
        </extensions>
      </trkpt>
      <trkpt lat="31.48532484658062458038330078125" lon="121.1665879748761653900146484375">
        <ele>2.7999999523162841796875</ele>
        <time>2026-09-15T22:07:42.000Z</time>
        <extensions>
          <ns3:TrackPointExtension>
            <ns3:hr>115</ns3:hr>
            <ns3:cad>92</ns3:cad>
          </ns3:TrackPointExtension>
        </extensions>
      </trkpt>
      <trkpt lat="31.48529953323304653167724609375" lon="121.166605912148952484130859375">
        <ele>2.7999999523162841796875</ele>
        <time>2026-09-15T22:07:43.000Z</time>
        <extensions>
          <ns3:TrackPointExtension>
            <ns3:hr>116</ns3:hr>
            <ns3:cad>93</ns3:cad>
          </ns3:TrackPointExtension>
        </extensions>
      </trkpt>
      <trkpt lat="31.485286541283130645751953125" lon="121.166622340679168701171875">
        <ele>2.7999999523162841796875</ele>
        <time>2026-09-15T22:07:44.000Z</time>
        <extensions>
          <ns3:TrackPointExtension>
            <ns3:hr>115</ns3:hr>
            <ns3:cad>93</ns3:cad>
          </ns3:TrackPointExtension>
        </extensions>
      </trkpt>
      <trkpt lat="31.4852602221071720123291015625" lon="121.16663751192390918731689453125">
        <ele>2.7999999523162841796875</ele>
        <time>2026-09-15T22:07:45.000Z</time>
        <extensions>
          <ns3:TrackPointExtension>
            <ns3:hr>115</ns3:hr>
            <ns3:cad>93</ns3:cad>
          </ns3:TrackPointExtension>
        </extensions>
      </trkpt>
      <trkpt lat="31.485247649252414703369140625" lon="121.166650839149951934814453125">
        <ele>2.7999999523162841796875</ele>
        <time>2026-09-15T22:07:46.000Z</time>
        <extensions>
          <ns3:TrackPointExtension>
            <ns3:hr>115</ns3:hr>
            <ns3:cad>93</ns3:cad>
          </ns3:TrackPointExtension>
        </extensions>
      </trkpt>
      <trkpt lat="31.48522208444774150848388671875" lon="121.1666612327098846435546875">
        <ele>2.7999999523162841796875</ele>
        <time>2026-09-15T22:07:47.000Z</time>
        <extensions>
          <ns3:TrackPointExtension>
            <ns3:hr>115</ns3:hr>
            <ns3:cad>93</ns3:cad>
          </ns3:TrackPointExtension>
        </extensions>
      </trkpt>
      <trkpt lat="31.4852095954120159149169921875" lon="121.1666758172214031219482421875">
        <ele>2.7999999523162841796875</ele>
        <time>2026-09-15T22:07:48.000Z</time>
        <extensions>
          <ns3:TrackPointExtension>
            <ns3:hr>115</ns3:hr>
            <ns3:cad>93</ns3:cad>
          </ns3:TrackPointExtension>
        </extensions>
      </trkpt>
      <trkpt lat="31.4851854555308818817138671875" lon="121.1666853725910186767578125">
        <ele>2.599999904632568359375</ele>
        <time>2026-09-15T22:07:49.000Z</time>
        <extensions>
          <ns3:TrackPointExtension>
            <ns3:hr>115</ns3:hr>
            <ns3:cad>93</ns3:cad>
          </ns3:TrackPointExtension>
        </extensions>
      </trkpt>
      <trkpt lat="31.48516894318163394927978515625" lon="121.1667019687592983245849609375">
        <ele>2.599999904632568359375</ele>
        <time>2026-09-15T22:07:50.000Z</time>
        <extensions>
          <ns3:TrackPointExtension>
            <ns3:hr>115</ns3:hr>
            <ns3:cad>92</ns3:cad>
          </ns3:TrackPointExtension>
        </extensions>
      </trkpt>
      <trkpt lat="31.4851482398808002471923828125" lon="121.1667113564908504486083984375">
        <ele>2.599999904632568359375</ele>
        <time>2026-09-15T22:07:51.000Z</time>
        <extensions>
          <ns3:TrackPointExtension>
            <ns3:hr>114</ns3:hr>
            <ns3:cad>92</ns3:cad>
          </ns3:TrackPointExtension>
        </extensions>
      </trkpt>
      <trkpt lat="31.48513038642704486846923828125" lon="121.16672627627849578857421875">
        <ele>2.599999904632568359375</ele>
        <time>2026-09-15T22:07:52.000Z</time>
        <extensions>
          <ns3:TrackPointExtension>
            <ns3:hr>114</ns3:hr>
            <ns3:cad>92</ns3:cad>
          </ns3:TrackPointExtension>
        </extensions>
      </trkpt>
      <trkpt lat="31.48510976694524288177490234375" lon="121.1667371727526187896728515625">
        <ele>2.7999999523162841796875</ele>
        <time>2026-09-15T22:07:53.000Z</time>
        <extensions>
          <ns3:TrackPointExtension>
            <ns3:hr>114</ns3:hr>
            <ns3:cad>92</ns3:cad>
          </ns3:TrackPointExtension>
        </extensions>
      </trkpt>
      <trkpt lat="31.4850855432450771331787109375" lon="121.166755445301532745361328125">
        <ele>2.599999904632568359375</ele>
        <time>2026-09-15T22:07:54.000Z</time>
        <extensions>
          <ns3:TrackPointExtension>
            <ns3:hr>114</ns3:hr>
            <ns3:cad>92</ns3:cad>
          </ns3:TrackPointExtension>
        </extensions>
      </trkpt>
      <trkpt lat="31.4850674383342266082763671875" lon="121.16677111946046352386474609375">
        <ele>2.599999904632568359375</ele>
        <time>2026-09-15T22:07:55.000Z</time>
        <extensions>
          <ns3:TrackPointExtension>
            <ns3:hr>114</ns3:hr>
            <ns3:cad>93</ns3:cad>
          </ns3:TrackPointExtension>
        </extensions>
      </trkpt>
      <trkpt lat="31.4850389398634433746337890625" lon="121.1667921580374240875244140625">
        <ele>2.599999904632568359375</ele>
        <time>2026-09-15T22:07:56.000Z</time>
        <extensions>
          <ns3:TrackPointExtension>
            <ns3:hr>114</ns3:hr>
            <ns3:cad>93</ns3:cad>
          </ns3:TrackPointExtension>
        </extensions>
      </trkpt>
      <trkpt lat="31.48502041585743427276611328125" lon="121.16680598817765712738037109375">
        <ele>2.599999904632568359375</ele>
        <time>2026-09-15T22:07:57.000Z</time>
        <extensions>
          <ns3:TrackPointExtension>
            <ns3:hr>113</ns3:hr>
            <ns3:cad>93</ns3:cad>
          </ns3:TrackPointExtension>
        </extensions>
      </trkpt>
      <trkpt lat="31.48499124683439731597900390625" lon="121.166827194392681121826171875">
        <ele>2.599999904632568359375</ele>
        <time>2026-09-15T22:07:58.000Z</time>
        <extensions>
          <ns3:TrackPointExtension>
            <ns3:hr>113</ns3:hr>
            <ns3:cad>92</ns3:cad>
          </ns3:TrackPointExtension>
        </extensions>
      </trkpt>
      <trkpt lat="31.48497364483773708343505859375" lon="121.166843958199024200439453125">
        <ele>2.599999904632568359375</ele>
        <time>2026-09-15T22:07:59.000Z</time>
        <extensions>
          <ns3:TrackPointExtension>
            <ns3:hr>113</ns3:hr>
            <ns3:cad>92</ns3:cad>
          </ns3:TrackPointExtension>
        </extensions>
      </trkpt>
      <trkpt lat="31.48494481109082698822021484375" lon="121.1668622307479381561279296875">
        <ele>2.599999904632568359375</ele>
        <time>2026-09-15T22:08:00.000Z</time>
        <extensions>
          <ns3:TrackPointExtension>
            <ns3:hr>113</ns3:hr>
            <ns3:cad>92</ns3:cad>
          </ns3:TrackPointExtension>
        </extensions>
      </trkpt>
      <trkpt lat="31.484931819140911102294921875" lon="121.16688058711588382720947265625">
        <ele>2.599999904632568359375</ele>
        <time>2026-09-15T22:08:01.000Z</time>
        <extensions>
          <ns3:TrackPointExtension>
            <ns3:hr>113</ns3:hr>
            <ns3:cad>92</ns3:cad>
          </ns3:TrackPointExtension>
        </extensions>
      </trkpt>
      <trkpt lat="31.48490726016461849212646484375" lon="121.16689299233257770538330078125">
        <ele>2.599999904632568359375</ele>
        <time>2026-09-15T22:08:02.000Z</time>
        <extensions>
          <ns3:TrackPointExtension>
            <ns3:hr>113</ns3:hr>
            <ns3:cad>93</ns3:cad>
          </ns3:TrackPointExtension>
        </extensions>
      </trkpt>
      <trkpt lat="31.484890915453433990478515625" lon="121.16691042669117450714111328125">
        <ele>2.599999904632568359375</ele>
        <time>2026-09-15T22:08:03.000Z</time>
        <extensions>
          <ns3:TrackPointExtension>
            <ns3:hr>113</ns3:hr>
            <ns3:cad>93</ns3:cad>
          </ns3:TrackPointExtension>
        </extensions>
      </trkpt>
      <trkpt lat="31.48486702702939510345458984375" lon="121.16692065261304378509521484375">
        <ele>2.599999904632568359375</ele>
        <time>2026-09-15T22:08:04.000Z</time>
        <extensions>
          <ns3:TrackPointExtension>
            <ns3:hr>114</ns3:hr>
            <ns3:cad>92</ns3:cad>
          </ns3:TrackPointExtension>
        </extensions>
      </trkpt>
      <trkpt lat="31.48485227487981319427490234375" lon="121.16693506948649883270263671875">
        <ele>2.400000095367431640625</ele>
        <time>2026-09-15T22:08:05.000Z</time>
        <extensions>
          <ns3:TrackPointExtension>
            <ns3:hr>114</ns3:hr>
            <ns3:cad>92</ns3:cad>
          </ns3:TrackPointExtension>
        </extensions>
      </trkpt>
      <trkpt lat="31.48483182303607463836669921875" lon="121.16694848053157329559326171875">
        <ele>2.599999904632568359375</ele>
        <time>2026-09-15T22:08:06.000Z</time>
        <extensions>
          <ns3:TrackPointExtension>
            <ns3:hr>115</ns3:hr>
            <ns3:cad>92</ns3:cad>
          </ns3:TrackPointExtension>
        </extensions>
      </trkpt>
      <trkpt lat="31.4848101139068603515625" lon="121.1669634841382503509521484375">
        <ele>2.400000095367431640625</ele>
        <time>2026-09-15T22:08:07.000Z</time>
        <extensions>
          <ns3:TrackPointExtension>
            <ns3:hr>115</ns3:hr>
            <ns3:cad>92</ns3:cad>
          </ns3:TrackPointExtension>
        </extensions>
      </trkpt>
      <trkpt lat="31.484791338443756103515625" lon="121.16697530262172222137451171875">
        <ele>2.400000095367431640625</ele>
        <time>2026-09-15T22:08:08.000Z</time>
        <extensions>
          <ns3:TrackPointExtension>
            <ns3:hr>115</ns3:hr>
            <ns3:cad>92</ns3:cad>
          </ns3:TrackPointExtension>
        </extensions>
      </trkpt>
      <trkpt lat="31.4847660250961780548095703125" lon="121.16698904894292354583740234375">
        <ele>2.400000095367431640625</ele>
        <time>2026-09-15T22:08:09.000Z</time>
        <extensions>
          <ns3:TrackPointExtension>
            <ns3:hr>116</ns3:hr>
            <ns3:cad>93</ns3:cad>
          </ns3:TrackPointExtension>
        </extensions>
      </trkpt>
      <trkpt lat="31.48475043475627899169921875" lon="121.166999526321887969970703125">
        <ele>2.400000095367431640625</ele>
        <time>2026-09-15T22:08:10.000Z</time>
        <extensions>
          <ns3:TrackPointExtension>
            <ns3:hr>115</ns3:hr>
            <ns3:cad>93</ns3:cad>
          </ns3:TrackPointExtension>
        </extensions>
      </trkpt>
      <trkpt lat="31.48472419939935207366943359375" lon="121.16701469756662845611572265625">
        <ele>2.400000095367431640625</ele>
        <time>2026-09-15T22:08:11.000Z</time>
        <extensions>
          <ns3:TrackPointExtension>
            <ns3:hr>115</ns3:hr>
            <ns3:cad>93</ns3:cad>
          </ns3:TrackPointExtension>
        </extensions>
      </trkpt>
      <trkpt lat="31.4847096987068653106689453125" lon="121.16702894680202007293701171875">
        <ele>2.400000095367431640625</ele>
        <time>2026-09-15T22:08:12.000Z</time>
        <extensions>
          <ns3:TrackPointExtension>
            <ns3:hr>114</ns3:hr>
            <ns3:cad>93</ns3:cad>
          </ns3:TrackPointExtension>
        </extensions>
      </trkpt>
      <trkpt lat="31.48468363098800182342529296875" lon="121.167045794427394866943359375">
        <ele>2.400000095367431640625</ele>
        <time>2026-09-15T22:08:13.000Z</time>
        <extensions>
          <ns3:TrackPointExtension>
            <ns3:hr>114</ns3:hr>
            <ns3:cad>93</ns3:cad>
          </ns3:TrackPointExtension>
        </extensions>
      </trkpt>
      <trkpt lat="31.48466904647648334503173828125" lon="121.16706146858632564544677734375">
        <ele>2.599999904632568359375</ele>
        <time>2026-09-15T22:08:14.000Z</time>
        <extensions>
          <ns3:TrackPointExtension>
            <ns3:hr>114</ns3:hr>
            <ns3:cad>92</ns3:cad>
          </ns3:TrackPointExtension>
        </extensions>
      </trkpt>
      <trkpt lat="31.48464172147214412689208984375" lon="121.167076639831066131591796875">
        <ele>2.599999904632568359375</ele>
        <time>2026-09-15T22:08:15.000Z</time>
        <extensions>
          <ns3:TrackPointExtension>
            <ns3:hr>114</ns3:hr>
            <ns3:cad>92</ns3:cad>
          </ns3:TrackPointExtension>
        </extensions>
      </trkpt>
      <trkpt lat="31.48462797515094280242919921875" lon="121.167094409465789794921875">
        <ele>2.599999904632568359375</ele>
        <time>2026-09-15T22:08:16.000Z</time>
        <extensions>
          <ns3:TrackPointExtension>
            <ns3:hr>115</ns3:hr>
            <ns3:cad>92</ns3:cad>
          </ns3:TrackPointExtension>
        </extensions>
      </trkpt>
      <trkpt lat="31.48460199125111103057861328125" lon="121.16710388101637363433837890625">
        <ele>2.400000095367431640625</ele>
        <time>2026-09-15T22:08:17.000Z</time>
        <extensions>
          <ns3:TrackPointExtension>
            <ns3:hr>115</ns3:hr>
            <ns3:cad>92</ns3:cad>
          </ns3:TrackPointExtension>
        </extensions>
      </trkpt>
      <trkpt lat="31.484586484730243682861328125" lon="121.16711947135627269744873046875">
        <ele>2.400000095367431640625</ele>
        <time>2026-09-15T22:08:18.000Z</time>
        <extensions>
          <ns3:TrackPointExtension>
            <ns3:hr>115</ns3:hr>
            <ns3:cad>92</ns3:cad>
          </ns3:TrackPointExtension>
        </extensions>
      </trkpt>
      <trkpt lat="31.48456326685845851898193359375" lon="121.1671297810971736907958984375">
        <ele>2.400000095367431640625</ele>
        <time>2026-09-15T22:08:19.000Z</time>
        <extensions>
          <ns3:TrackPointExtension>
            <ns3:hr>115</ns3:hr>
            <ns3:cad>92</ns3:cad>
          </ns3:TrackPointExtension>
        </extensions>
      </trkpt>
      <trkpt lat="31.48454725742340087890625" lon="121.16714579053223133087158203125">
        <ele>2.400000095367431640625</ele>
        <time>2026-09-15T22:08:20.000Z</time>
        <extensions>
          <ns3:TrackPointExtension>
            <ns3:hr>115</ns3:hr>
            <ns3:cad>92</ns3:cad>
          </ns3:TrackPointExtension>
        </extensions>
      </trkpt>
      <trkpt lat="31.48452554829418659210205078125" lon="121.167157776653766632080078125">
        <ele>2.400000095367431640625</ele>
        <time>2026-09-15T22:08:21.000Z</time>
        <extensions>
          <ns3:TrackPointExtension>
            <ns3:hr>115</ns3:hr>
            <ns3:cad>93</ns3:cad>
          </ns3:TrackPointExtension>
        </extensions>
      </trkpt>
      <trkpt lat="31.4845051802694797515869140625" lon="121.16717143915593624114990234375">
        <ele>2.400000095367431640625</ele>
        <time>2026-09-15T22:08:22.000Z</time>
        <extensions>
          <ns3:TrackPointExtension>
            <ns3:hr>115</ns3:hr>
            <ns3:cad>93</ns3:cad>
          </ns3:TrackPointExtension>
        </extensions>
      </trkpt>
      <trkpt lat="31.4844870753586292266845703125" lon="121.16718216799199581146240234375">
        <ele>2.400000095367431640625</ele>
        <time>2026-09-15T22:08:23.000Z</time>
        <extensions>
          <ns3:TrackPointExtension>
            <ns3:hr>115</ns3:hr>
            <ns3:cad>93</ns3:cad>
          </ns3:TrackPointExtension>
        </extensions>
      </trkpt>
      <trkpt lat="31.484464444220066070556640625" lon="121.16719876416027545928955078125">
        <ele>2.400000095367431640625</ele>
        <time>2026-09-15T22:08:24.000Z</time>
        <extensions>
          <ns3:TrackPointExtension>
            <ns3:hr>115</ns3:hr>
            <ns3:cad>93</ns3:cad>
          </ns3:TrackPointExtension>
        </extensions>
      </trkpt>
      <trkpt lat="31.4844455011188983917236328125" lon="121.16721183992922306060791015625">
        <ele>2.400000095367431640625</ele>
        <time>2026-09-15T22:08:25.000Z</time>
        <extensions>
          <ns3:TrackPointExtension>
            <ns3:hr>115</ns3:hr>
            <ns3:cad>93</ns3:cad>
          </ns3:TrackPointExtension>
        </extensions>
      </trkpt>
      <trkpt lat="31.48442043922841548919677734375" lon="121.167225502431392669677734375">
        <ele>2.400000095367431640625</ele>
        <time>2026-09-15T22:08:26.000Z</time>
        <extensions>
          <ns3:TrackPointExtension>
            <ns3:hr>115</ns3:hr>
            <ns3:cad>93</ns3:cad>
          </ns3:TrackPointExtension>
        </extensions>
      </trkpt>
      <trkpt lat="31.4843992330133914947509765625" lon="121.16723849438130855560302734375">
        <ele>2.400000095367431640625</ele>
        <time>2026-09-15T22:08:27.000Z</time>
        <extensions>
          <ns3:TrackPointExtension>
            <ns3:hr>116</ns3:hr>
            <ns3:cad>93</ns3:cad>
          </ns3:TrackPointExtension>
        </extensions>
      </trkpt>
      <trkpt lat="31.4843760989606380462646484375" lon="121.16725341416895389556884765625">
        <ele>2.400000095367431640625</ele>
        <time>2026-09-15T22:08:28.000Z</time>
        <extensions>
          <ns3:TrackPointExtension>
            <ns3:hr>115</ns3:hr>
            <ns3:cad>92</ns3:cad>
          </ns3:TrackPointExtension>
        </extensions>
      </trkpt>
      <trkpt lat="31.48435723967850208282470703125" lon="121.16726883687078952789306640625">
        <ele>2.400000095367431640625</ele>
        <time>2026-09-15T22:08:29.000Z</time>
        <extensions>
          <ns3:TrackPointExtension>
            <ns3:hr>115</ns3:hr>
            <ns3:cad>92</ns3:cad>
          </ns3:TrackPointExtension>
        </extensions>
      </trkpt>
      <trkpt lat="31.484335027635097503662109375" lon="121.1672826670110225677490234375">
        <ele>2.2000000476837158203125</ele>
        <time>2026-09-15T22:08:30.000Z</time>
        <extensions>
          <ns3:TrackPointExtension>
            <ns3:hr>116</ns3:hr>
            <ns3:cad>92</ns3:cad>
          </ns3:TrackPointExtension>
        </extensions>
      </trkpt>
      <trkpt lat="31.4843180961906909942626953125" lon="121.1672974191606044769287109375">
        <ele>2.400000095367431640625</ele>
        <time>2026-09-15T22:08:31.000Z</time>
        <extensions>
          <ns3:TrackPointExtension>
            <ns3:hr>115</ns3:hr>
            <ns3:cad>91</ns3:cad>
          </ns3:TrackPointExtension>
        </extensions>
      </trkpt>
      <trkpt lat="31.484295465052127838134765625" lon="121.16731292568147182464599609375">
        <ele>2.400000095367431640625</ele>
        <time>2026-09-15T22:08:32.000Z</time>
        <extensions>
          <ns3:TrackPointExtension>
            <ns3:hr>115</ns3:hr>
            <ns3:cad>91</ns3:cad>
          </ns3:TrackPointExtension>
        </extensions>
      </trkpt>
      <trkpt lat="31.4842751808464527130126953125" lon="121.16732767783105373382568359375">
        <ele>2.2000000476837158203125</ele>
        <time>2026-09-15T22:08:33.000Z</time>
        <extensions>
          <ns3:TrackPointExtension>
            <ns3:hr>116</ns3:hr>
            <ns3:cad>91</ns3:cad>
          </ns3:TrackPointExtension>
        </extensions>
      </trkpt>
      <trkpt lat="31.48425146006047725677490234375" lon="121.16733874194324016571044921875">
        <ele>2.2000000476837158203125</ele>
        <time>2026-09-15T22:08:34.000Z</time>
        <extensions>
          <ns3:TrackPointExtension>
            <ns3:hr>115</ns3:hr>
            <ns3:cad>92</ns3:cad>
          </ns3:TrackPointExtension>
        </extensions>
      </trkpt>
      <trkpt lat="31.48423000238835811614990234375" lon="121.167349554598331451416015625">
        <ele>2.2000000476837158203125</ele>
        <time>2026-09-15T22:08:35.000Z</time>
        <extensions>
          <ns3:TrackPointExtension>
            <ns3:hr>115</ns3:hr>
            <ns3:cad>92</ns3:cad>
          </ns3:TrackPointExtension>
        </extensions>
      </trkpt>
      <trkpt lat="31.4842108078300952911376953125" lon="121.16736355237662792205810546875">
        <ele>2.2000000476837158203125</ele>
        <time>2026-09-15T22:08:36.000Z</time>
        <extensions>
          <ns3:TrackPointExtension>
            <ns3:hr>116</ns3:hr>
            <ns3:cad>93</ns3:cad>
          </ns3:TrackPointExtension>
        </extensions>
      </trkpt>
      <trkpt lat="31.48419253528118133544921875" lon="121.1673748679459095001220703125">
        <ele>2.2000000476837158203125</ele>
        <time>2026-09-15T22:08:37.000Z</time>
        <extensions>
          <ns3:TrackPointExtension>
            <ns3:hr>115</ns3:hr>
            <ns3:cad>93</ns3:cad>
          </ns3:TrackPointExtension>
        </extensions>
      </trkpt>
      <trkpt lat="31.4841715805232524871826171875" lon="121.16738283075392246246337890625">
        <ele>2.2000000476837158203125</ele>
        <time>2026-09-15T22:08:38.000Z</time>
        <extensions>
          <ns3:TrackPointExtension>
            <ns3:hr>115</ns3:hr>
            <ns3:cad>92</ns3:cad>
          </ns3:TrackPointExtension>
        </extensions>
      </trkpt>
      <trkpt lat="31.48415029048919677734375" lon="121.1673899553716182708740234375">
        <ele>2.2000000476837158203125</ele>
        <time>2026-09-15T22:08:39.000Z</time>
        <extensions>
          <ns3:TrackPointExtension>
            <ns3:hr>116</ns3:hr>
            <ns3:cad>92</ns3:cad>
          </ns3:TrackPointExtension>
        </extensions>
      </trkpt>
      <trkpt lat="31.4841290004551410675048828125" lon="121.1674013547599315643310546875">
        <ele>2</ele>
        <time>2026-09-15T22:08:40.000Z</time>
        <extensions>
          <ns3:TrackPointExtension>
            <ns3:hr>115</ns3:hr>
            <ns3:cad>92</ns3:cad>
          </ns3:TrackPointExtension>
        </extensions>
      </trkpt>
      <trkpt lat="31.4841041900217533111572265625" lon="121.1674124188721179962158203125">
        <ele>2</ele>
        <time>2026-09-15T22:08:41.000Z</time>
        <extensions>
          <ns3:TrackPointExtension>
            <ns3:hr>116</ns3:hr>
            <ns3:cad>92</ns3:cad>
          </ns3:TrackPointExtension>
        </extensions>
      </trkpt>
      <trkpt lat="31.4840850792825222015380859375" lon="121.1674197949469089508056640625">
        <ele>2</ele>
        <time>2026-09-15T22:08:42.000Z</time>
        <extensions>
          <ns3:TrackPointExtension>
            <ns3:hr>116</ns3:hr>
            <ns3:cad>92</ns3:cad>
          </ns3:TrackPointExtension>
        </extensions>
      </trkpt>
      <trkpt lat="31.48405750282108783721923828125" lon="121.1674254946410655975341796875">
        <ele>2</ele>
        <time>2026-09-15T22:08:43.000Z</time>
        <extensions>
          <ns3:TrackPointExtension>
            <ns3:hr>116</ns3:hr>
            <ns3:cad>92</ns3:cad>
          </ns3:TrackPointExtension>
        </extensions>
      </trkpt>
      <trkpt lat="31.48403738625347614288330078125" lon="121.1674278415739536285400390625">
        <ele>2</ele>
        <time>2026-09-15T22:08:44.000Z</time>
        <extensions>
          <ns3:TrackPointExtension>
            <ns3:hr>115</ns3:hr>
            <ns3:cad>92</ns3:cad>
          </ns3:TrackPointExtension>
        </extensions>
      </trkpt>
      <trkpt lat="31.48401081562042236328125" lon="121.16742993704974651336669921875">
        <ele>2</ele>
        <time>2026-09-15T22:08:45.000Z</time>
        <extensions>
          <ns3:TrackPointExtension>
            <ns3:hr>116</ns3:hr>
            <ns3:cad>92</ns3:cad>
          </ns3:TrackPointExtension>
        </extensions>
      </trkpt>
      <trkpt lat="31.48399061523377895355224609375" lon="121.16742775775492191314697265625">
        <ele>2.2000000476837158203125</ele>
        <time>2026-09-15T22:08:46.000Z</time>
        <extensions>
          <ns3:TrackPointExtension>
            <ns3:hr>116</ns3:hr>
            <ns3:cad>92</ns3:cad>
          </ns3:TrackPointExtension>
        </extensions>
      </trkpt>
      <trkpt lat="31.483959853649139404296875" lon="121.16742272861301898956298828125">
        <ele>2</ele>
        <time>2026-09-15T22:08:47.000Z</time>
        <extensions>
          <ns3:TrackPointExtension>
            <ns3:hr>116</ns3:hr>
            <ns3:cad>92</ns3:cad>
          </ns3:TrackPointExtension>
        </extensions>
      </trkpt>
      <trkpt lat="31.4839395694434642791748046875" lon="121.16742440499365329742431640625">
        <ele>2</ele>
        <time>2026-09-15T22:08:48.000Z</time>
        <extensions>
          <ns3:TrackPointExtension>
            <ns3:hr>115</ns3:hr>
            <ns3:cad>91</ns3:cad>
          </ns3:TrackPointExtension>
        </extensions>
      </trkpt>
      <trkpt lat="31.4839102327823638916015625" lon="121.16741803474724292755126953125">
        <ele>2</ele>
        <time>2026-09-15T22:08:49.000Z</time>
        <extensions>
          <ns3:TrackPointExtension>
            <ns3:hr>116</ns3:hr>
            <ns3:cad>91</ns3:cad>
          </ns3:TrackPointExtension>
        </extensions>
      </trkpt>
      <trkpt lat="31.48389070294797420501708984375" lon="121.1674167774617671966552734375">
        <ele>2</ele>
        <time>2026-09-15T22:08:50.000Z</time>
        <extensions>
          <ns3:TrackPointExtension>
            <ns3:hr>116</ns3:hr>
            <ns3:cad>92</ns3:cad>
          </ns3:TrackPointExtension>
        </extensions>
      </trkpt>
      <trkpt lat="31.48386119864881038665771484375" lon="121.1674010194838047027587890625">
        <ele>2</ele>
        <time>2026-09-15T22:08:51.000Z</time>
        <extensions>
          <ns3:TrackPointExtension>
            <ns3:hr>116</ns3:hr>
            <ns3:cad>92</ns3:cad>
          </ns3:TrackPointExtension>
        </extensions>
      </trkpt>
      <trkpt lat="31.483842171728610992431640625" lon="121.16739691235125064849853515625">
        <ele>2</ele>
        <time>2026-09-15T22:08:52.000Z</time>
        <extensions>
          <ns3:TrackPointExtension>
            <ns3:hr>115</ns3:hr>
            <ns3:cad>92</ns3:cad>
          </ns3:TrackPointExtension>
        </extensions>
      </trkpt>
      <trkpt lat="31.4838175289332866668701171875" lon="121.16737863980233669281005859375">
        <ele>2</ele>
        <time>2026-09-15T22:08:53.000Z</time>
        <extensions>
          <ns3:TrackPointExtension>
            <ns3:hr>116</ns3:hr>
            <ns3:cad>92</ns3:cad>
          </ns3:TrackPointExtension>
        </extensions>
      </trkpt>
      <trkpt lat="31.4838004298508167266845703125" lon="121.16737134754657745361328125">
        <ele>2</ele>
        <time>2026-09-15T22:08:54.000Z</time>
        <extensions>
          <ns3:TrackPointExtension>
            <ns3:hr>116</ns3:hr>
            <ns3:cad>92</ns3:cad>
          </ns3:TrackPointExtension>
        </extensions>
      </trkpt>
      <trkpt lat="31.48378710262477397918701171875" lon="121.1673510633409023284912109375">
        <ele>2</ele>
        <time>2026-09-15T22:08:55.000Z</time>
        <extensions>
          <ns3:TrackPointExtension>
            <ns3:hr>115</ns3:hr>
            <ns3:cad>91</ns3:cad>
          </ns3:TrackPointExtension>
        </extensions>
      </trkpt>
      <trkpt lat="31.483777463436126708984375" lon="121.16732801310718059539794921875">
        <ele>2</ele>
        <time>2026-09-15T22:08:56.000Z</time>
        <extensions>
          <ns3:TrackPointExtension>
            <ns3:hr>116</ns3:hr>
            <ns3:cad>90</ns3:cad>
          </ns3:TrackPointExtension>
        </extensions>
      </trkpt>
      <trkpt lat="31.48376480676233768463134765625" lon="121.16730806417763233184814453125">
        <ele>2</ele>
        <time>2026-09-15T22:08:57.000Z</time>
        <extensions>
          <ns3:TrackPointExtension>
            <ns3:hr>116</ns3:hr>
            <ns3:cad>90</ns3:cad>
          </ns3:TrackPointExtension>
        </extensions>
      </trkpt>
      <trkpt lat="31.4837581850588321685791015625" lon="121.16728392429649829864501953125">
        <ele>2</ele>
        <time>2026-09-15T22:08:58.000Z</time>
        <extensions>
          <ns3:TrackPointExtension>
            <ns3:hr>115</ns3:hr>
            <ns3:cad>90</ns3:cad>
          </ns3:TrackPointExtension>
        </extensions>
      </trkpt>
      <trkpt lat="31.4837439358234405517578125" lon="121.16727051325142383575439453125">
        <ele>2</ele>
        <time>2026-09-15T22:08:59.000Z</time>
        <extensions>
          <ns3:TrackPointExtension>
            <ns3:hr>115</ns3:hr>
            <ns3:cad>90</ns3:cad>
          </ns3:TrackPointExtension>
        </extensions>
      </trkpt>
      <trkpt lat="31.48373161442577838897705078125" lon="121.1672437749803066253662109375">
        <ele>2</ele>
        <time>2026-09-15T22:09:00.000Z</time>
        <extensions>
          <ns3:TrackPointExtension>
            <ns3:hr>115</ns3:hr>
            <ns3:cad>89</ns3:cad>
          </ns3:TrackPointExtension>
        </extensions>
      </trkpt>
      <trkpt lat="31.48371887393295764923095703125" lon="121.1672253347933292388916015625">
        <ele>2</ele>
        <time>2026-09-15T22:09:01.000Z</time>
        <extensions>
          <ns3:TrackPointExtension>
            <ns3:hr>116</ns3:hr>
            <ns3:cad>83</ns3:cad>
          </ns3:TrackPointExtension>
        </extensions>
      </trkpt>
      <trkpt lat="31.48371250368654727935791015625" lon="121.167191304266452789306640625">
        <ele>2</ele>
        <time>2026-09-15T22:09:02.000Z</time>
        <extensions>
          <ns3:TrackPointExtension>
            <ns3:hr>116</ns3:hr>
            <ns3:cad>83</ns3:cad>
          </ns3:TrackPointExtension>
        </extensions>
      </trkpt>
      <trkpt lat="31.4837037026882171630859375" lon="121.16716993041336536407470703125">
        <ele>2</ele>
        <time>2026-09-15T22:09:03.000Z</time>
        <extensions>
          <ns3:TrackPointExtension>
            <ns3:hr>116</ns3:hr>
            <ns3:cad>86</ns3:cad>
          </ns3:TrackPointExtension>
        </extensions>
      </trkpt>
      <trkpt lat="31.48369674570858478546142578125" lon="121.16713707335293292999267578125">
        <ele>2</ele>
        <time>2026-09-15T22:09:04.000Z</time>
        <extensions>
          <ns3:TrackPointExtension>
            <ns3:hr>115</ns3:hr>
            <ns3:cad>88</ns3:cad>
          </ns3:TrackPointExtension>
        </extensions>
      </trkpt>
      <trkpt lat="31.48368719033896923065185546875" lon="121.16712098009884357452392578125">
        <ele>2</ele>
        <time>2026-09-15T22:09:05.000Z</time>
        <extensions>
          <ns3:TrackPointExtension>
            <ns3:hr>115</ns3:hr>
            <ns3:cad>88</ns3:cad>
          </ns3:TrackPointExtension>
        </extensions>
      </trkpt>
      <trkpt lat="31.48367830552160739898681640625" lon="121.1670925654470920562744140625">
        <ele>2.2000000476837158203125</ele>
        <time>2026-09-15T22:09:06.000Z</time>
        <extensions>
          <ns3:TrackPointExtension>
            <ns3:hr>115</ns3:hr>
            <ns3:cad>88</ns3:cad>
          </ns3:TrackPointExtension>
        </extensions>
      </trkpt>
      <trkpt lat="31.48366791196167469024658203125" lon="121.16707823239266872406005859375">
        <ele>2.2000000476837158203125</ele>
        <time>2026-09-15T22:09:07.000Z</time>
        <extensions>
          <ns3:TrackPointExtension>
            <ns3:hr>115</ns3:hr>
            <ns3:cad>89</ns3:cad>
          </ns3:TrackPointExtension>
        </extensions>
      </trkpt>
      <trkpt lat="31.4836609549820423126220703125" lon="121.16704554297029972076416015625">
        <ele>2.2000000476837158203125</ele>
        <time>2026-09-15T22:09:08.000Z</time>
        <extensions>
          <ns3:TrackPointExtension>
            <ns3:hr>115</ns3:hr>
            <ns3:cad>89</ns3:cad>
          </ns3:TrackPointExtension>
        </extensions>
      </trkpt>
      <trkpt lat="31.48365047760307788848876953125" lon="121.167029701173305511474609375">
        <ele>2.2000000476837158203125</ele>
        <time>2026-09-15T22:09:09.000Z</time>
        <extensions>
          <ns3:TrackPointExtension>
            <ns3:hr>115</ns3:hr>
            <ns3:cad>90</ns3:cad>
          </ns3:TrackPointExtension>
        </extensions>
      </trkpt>
      <trkpt lat="31.4836405031383037567138671875" lon="121.16699877195060253143310546875">
        <ele>2.2000000476837158203125</ele>
        <time>2026-09-15T22:09:10.000Z</time>
        <extensions>
          <ns3:TrackPointExtension>
            <ns3:hr>114</ns3:hr>
            <ns3:cad>90</ns3:cad>
          </ns3:TrackPointExtension>
        </extensions>
      </trkpt>
      <trkpt lat="31.48363186977803707122802734375" lon="121.16698108613491058349609375">
        <ele>2.2000000476837158203125</ele>
        <time>2026-09-15T22:09:11.000Z</time>
        <extensions>
          <ns3:TrackPointExtension>
            <ns3:hr>114</ns3:hr>
            <ns3:cad>90</ns3:cad>
          </ns3:TrackPointExtension>
        </extensions>
      </trkpt>
      <trkpt lat="31.48362617008388042449951171875" lon="121.16695216856896877288818359375">
        <ele>2.2000000476837158203125</ele>
        <time>2026-09-15T22:09:12.000Z</time>
        <extensions>
          <ns3:TrackPointExtension>
            <ns3:hr>114</ns3:hr>
            <ns3:cad>90</ns3:cad>
          </ns3:TrackPointExtension>
        </extensions>
      </trkpt>
      <trkpt lat="31.48361611180007457733154296875" lon="121.166933141648769378662109375">
        <ele>2.2000000476837158203125</ele>
        <time>2026-09-15T22:09:13.000Z</time>
        <extensions>
          <ns3:TrackPointExtension>
            <ns3:hr>114</ns3:hr>
            <ns3:cad>90</ns3:cad>
          </ns3:TrackPointExtension>
        </extensions>
      </trkpt>
      <trkpt lat="31.483611166477203369140625" lon="121.16690422408282756805419921875">
        <ele>2.2000000476837158203125</ele>
        <time>2026-09-15T22:09:14.000Z</time>
        <extensions>
          <ns3:TrackPointExtension>
            <ns3:hr>114</ns3:hr>
            <ns3:cad>90</ns3:cad>
          </ns3:TrackPointExtension>
        </extensions>
      </trkpt>
      <trkpt lat="31.48360018618404865264892578125" lon="121.1668865382671356201171875">
        <ele>2.2000000476837158203125</ele>
        <time>2026-09-15T22:09:15.000Z</time>
        <extensions>
          <ns3:TrackPointExtension>
            <ns3:hr>114</ns3:hr>
            <ns3:cad>90</ns3:cad>
          </ns3:TrackPointExtension>
        </extensions>
      </trkpt>
      <trkpt lat="31.483594067394733428955078125" lon="121.1668588779866695404052734375">
        <ele>2.2000000476837158203125</ele>
        <time>2026-09-15T22:09:16.000Z</time>
        <extensions>
          <ns3:TrackPointExtension>
            <ns3:hr>114</ns3:hr>
            <ns3:cad>90</ns3:cad>
          </ns3:TrackPointExtension>
        </extensions>
      </trkpt>
      <trkpt lat="31.48358275182545185089111328125" lon="121.16683892905712127685546875">
        <ele>2.2000000476837158203125</ele>
        <time>2026-09-15T22:09:17.000Z</time>
        <extensions>
          <ns3:TrackPointExtension>
            <ns3:hr>114</ns3:hr>
            <ns3:cad>90</ns3:cad>
          </ns3:TrackPointExtension>
        </extensions>
      </trkpt>
      <trkpt lat="31.48357520811259746551513671875" lon="121.1668139509856700897216796875">
        <ele>2.2000000476837158203125</ele>
        <time>2026-09-15T22:09:18.000Z</time>
        <extensions>
          <ns3:TrackPointExtension>
            <ns3:hr>114</ns3:hr>
            <ns3:cad>90</ns3:cad>
          </ns3:TrackPointExtension>
        </extensions>
      </trkpt>
      <trkpt lat="31.48356297053396701812744140625" lon="121.1667928285896778106689453125">
        <ele>2.2000000476837158203125</ele>
        <time>2026-09-15T22:09:19.000Z</time>
        <extensions>
          <ns3:TrackPointExtension>
            <ns3:hr>114</ns3:hr>
            <ns3:cad>92</ns3:cad>
          </ns3:TrackPointExtension>
        </extensions>
      </trkpt>
      <trkpt lat="31.4835529960691928863525390625" lon="121.1667686887085437774658203125">
        <ele>2.2000000476837158203125</ele>
        <time>2026-09-15T22:09:20.000Z</time>
        <extensions>
          <ns3:TrackPointExtension>
            <ns3:hr>114</ns3:hr>
            <ns3:cad>92</ns3:cad>
          </ns3:TrackPointExtension>
        </extensions>
      </trkpt>
      <trkpt lat="31.483540423214435577392578125" lon="121.16674513556063175201416015625">
        <ele>2.2000000476837158203125</ele>
        <time>2026-09-15T22:09:21.000Z</time>
        <extensions>
          <ns3:TrackPointExtension>
            <ns3:hr>114</ns3:hr>
            <ns3:cad>92</ns3:cad>
          </ns3:TrackPointExtension>
        </extensions>
      </trkpt>
      <trkpt lat="31.4835293591022491455078125" lon="121.16672518663108348846435546875">
        <ele>2.2000000476837158203125</ele>
        <time>2026-09-15T22:09:22.000Z</time>
        <extensions>
          <ns3:TrackPointExtension>
            <ns3:hr>114</ns3:hr>
            <ns3:cad>92</ns3:cad>
          </ns3:TrackPointExtension>
        </extensions>
      </trkpt>
      <trkpt lat="31.48351921699941158294677734375" lon="121.16669869981706142425537109375">
        <ele>2.2000000476837158203125</ele>
        <time>2026-09-15T22:09:23.000Z</time>
        <extensions>
          <ns3:TrackPointExtension>
            <ns3:hr>114</ns3:hr>
            <ns3:cad>92</ns3:cad>
          </ns3:TrackPointExtension>
        </extensions>
      </trkpt>
      <trkpt lat="31.4835084043443202972412109375" lon="121.16667891852557659149169921875">
        <ele>2.2000000476837158203125</ele>
        <time>2026-09-15T22:09:24.000Z</time>
        <extensions>
          <ns3:TrackPointExtension>
            <ns3:hr>115</ns3:hr>
            <ns3:cad>92</ns3:cad>
          </ns3:TrackPointExtension>
        </extensions>
      </trkpt>
      <trkpt lat="31.48349893279373645782470703125" lon="121.16665343753993511199951171875">
        <ele>2.2000000476837158203125</ele>
        <time>2026-09-15T22:09:25.000Z</time>
        <extensions>
          <ns3:TrackPointExtension>
            <ns3:hr>114</ns3:hr>
            <ns3:cad>92</ns3:cad>
          </ns3:TrackPointExtension>
        </extensions>
      </trkpt>
      <trkpt lat="31.4834891259670257568359375" lon="121.16663239896297454833984375">
        <ele>2.2000000476837158203125</ele>
        <time>2026-09-15T22:09:26.000Z</time>
        <extensions>
          <ns3:TrackPointExtension>
            <ns3:hr>114</ns3:hr>
            <ns3:cad>92</ns3:cad>
          </ns3:TrackPointExtension>
        </extensions>
      </trkpt>
      <trkpt lat="31.48348082788288593292236328125" lon="121.16659887135028839111328125">
        <ele>2.2000000476837158203125</ele>
        <time>2026-09-15T22:09:27.000Z</time>
        <extensions>
          <ns3:TrackPointExtension>
            <ns3:hr>114</ns3:hr>
            <ns3:cad>92</ns3:cad>
          </ns3:TrackPointExtension>
        </extensions>
      </trkpt>
      <trkpt lat="31.4834701828658580780029296875" lon="121.16657967679202556610107421875">
        <ele>2.2000000476837158203125</ele>
        <time>2026-09-15T22:09:28.000Z</time>
        <extensions>
          <ns3:TrackPointExtension>
            <ns3:hr>114</ns3:hr>
            <ns3:cad>92</ns3:cad>
          </ns3:TrackPointExtension>
        </extensions>
      </trkpt>
      <trkpt lat="31.4834661595523357391357421875" lon="121.1665467359125614166259765625">
        <ele>2</ele>
        <time>2026-09-15T22:09:29.000Z</time>
        <extensions>
          <ns3:TrackPointExtension>
            <ns3:hr>114</ns3:hr>
            <ns3:cad>92</ns3:cad>
          </ns3:TrackPointExtension>
        </extensions>
      </trkpt>
      <trkpt lat="31.483457274734973907470703125" lon="121.166531145572662353515625">
        <ele>2</ele>
        <time>2026-09-15T22:09:30.000Z</time>
        <extensions>
          <ns3:TrackPointExtension>
            <ns3:hr>114</ns3:hr>
            <ns3:cad>93</ns3:cad>
          </ns3:TrackPointExtension>
        </extensions>
      </trkpt>
      <trkpt lat="31.483450569212436676025390625" lon="121.1664991267025470733642578125">
        <ele>2</ele>
        <time>2026-09-15T22:09:31.000Z</time>
        <extensions>
          <ns3:TrackPointExtension>
            <ns3:hr>115</ns3:hr>
            <ns3:cad>93</ns3:cad>
          </ns3:TrackPointExtension>
        </extensions>
      </trkpt>
      <trkpt lat="31.48343841545283794403076171875" lon="121.16647724993526935577392578125">
        <ele>2</ele>
        <time>2026-09-15T22:09:32.000Z</time>
        <extensions>
          <ns3:TrackPointExtension>
            <ns3:hr>114</ns3:hr>
            <ns3:cad>91</ns3:cad>
          </ns3:TrackPointExtension>
        </extensions>
      </trkpt>
      <trkpt lat="31.4834343083202838897705078125" lon="121.16644472815096378326416015625">
        <ele>2</ele>
        <time>2026-09-15T22:09:33.000Z</time>
        <extensions>
          <ns3:TrackPointExtension>
            <ns3:hr>114</ns3:hr>
            <ns3:cad>91</ns3:cad>
          </ns3:TrackPointExtension>
        </extensions>
      </trkpt>
      <trkpt lat="31.483421735465526580810546875" lon="121.16642142646014690399169921875">
        <ele>2</ele>
        <time>2026-09-15T22:09:34.000Z</time>
        <extensions>
          <ns3:TrackPointExtension>
            <ns3:hr>115</ns3:hr>
            <ns3:cad>91</ns3:cad>
          </ns3:TrackPointExtension>
        </extensions>
      </trkpt>
      <trkpt lat="31.4834131859242916107177734375" lon="121.1663911677896976470947265625">
        <ele>2.2000000476837158203125</ele>
        <time>2026-09-15T22:09:35.000Z</time>
        <extensions>
          <ns3:TrackPointExtension>
            <ns3:hr>114</ns3:hr>
            <ns3:cad>91</ns3:cad>
          </ns3:TrackPointExtension>
        </extensions>
      </trkpt>
      <trkpt lat="31.4834007807075977325439453125" lon="121.16636694408953189849853515625">
        <ele>2.2000000476837158203125</ele>
        <time>2026-09-15T22:09:36.000Z</time>
        <extensions>
          <ns3:TrackPointExtension>
            <ns3:hr>115</ns3:hr>
            <ns3:cad>91</ns3:cad>
          </ns3:TrackPointExtension>
        </extensions>
      </trkpt>
      <trkpt lat="31.48338963277637958526611328125" lon="121.16634297184646129608154296875">
        <ele>2.2000000476837158203125</ele>
        <time>2026-09-15T22:09:37.000Z</time>
        <extensions>
          <ns3:TrackPointExtension>
            <ns3:hr>115</ns3:hr>
            <ns3:cad>93</ns3:cad>
          </ns3:TrackPointExtension>
        </extensions>
      </trkpt>
      <trkpt lat="31.4833796583116054534912109375" lon="121.1663137190043926239013671875">
        <ele>2</ele>
        <time>2026-09-15T22:09:38.000Z</time>
        <extensions>
          <ns3:TrackPointExtension>
            <ns3:hr>115</ns3:hr>
            <ns3:cad>93</ns3:cad>
          </ns3:TrackPointExtension>
        </extensions>
      </trkpt>
      <trkpt lat="31.48336800746619701385498046875" lon="121.1662892438471317291259765625">
        <ele>2</ele>
        <time>2026-09-15T22:09:39.000Z</time>
        <extensions>
          <ns3:TrackPointExtension>
            <ns3:hr>115</ns3:hr>
            <ns3:cad>93</ns3:cad>
          </ns3:TrackPointExtension>
        </extensions>
      </trkpt>
      <trkpt lat="31.48335711099207401275634765625" lon="121.16625797934830188751220703125">
        <ele>2</ele>
        <time>2026-09-15T22:09:40.000Z</time>
        <extensions>
          <ns3:TrackPointExtension>
            <ns3:hr>115</ns3:hr>
            <ns3:cad>93</ns3:cad>
          </ns3:TrackPointExtension>
        </extensions>
      </trkpt>
      <trkpt lat="31.4833437837660312652587890625" lon="121.16623518057167530059814453125">
        <ele>2</ele>
        <time>2026-09-15T22:09:41.000Z</time>
        <extensions>
          <ns3:TrackPointExtension>
            <ns3:hr>115</ns3:hr>
            <ns3:cad>93</ns3:cad>
          </ns3:TrackPointExtension>
        </extensions>
      </trkpt>
      <trkpt lat="31.48333095945417881011962890625" lon="121.16620651446282863616943359375">
        <ele>2</ele>
        <time>2026-09-15T22:09:42.000Z</time>
        <extensions>
          <ns3:TrackPointExtension>
            <ns3:hr>116</ns3:hr>
            <ns3:cad>93</ns3:cad>
          </ns3:TrackPointExtension>
        </extensions>
      </trkpt>
      <trkpt lat="31.48331570439040660858154296875" lon="121.16618941538035869598388671875">
        <ele>2</ele>
        <time>2026-09-15T22:09:43.000Z</time>
        <extensions>
          <ns3:TrackPointExtension>
            <ns3:hr>116</ns3:hr>
            <ns3:cad>92</ns3:cad>
          </ns3:TrackPointExtension>
        </extensions>
      </trkpt>
      <trkpt lat="31.48329776711761951446533203125" lon="121.16616376675665378570556640625">
        <ele>2</ele>
        <time>2026-09-15T22:09:44.000Z</time>
        <extensions>
          <ns3:TrackPointExtension>
            <ns3:hr>116</ns3:hr>
            <ns3:cad>92</ns3:cad>
          </ns3:TrackPointExtension>
        </extensions>
      </trkpt>
      <trkpt lat="31.48328192532062530517578125" lon="121.16615094244480133056640625">
        <ele>2</ele>
        <time>2026-09-15T22:09:45.000Z</time>
        <extensions>
          <ns3:TrackPointExtension>
            <ns3:hr>115</ns3:hr>
            <ns3:cad>92</ns3:cad>
          </ns3:TrackPointExtension>
        </extensions>
      </trkpt>
      <trkpt lat="31.4832633174955844879150390625" lon="121.16612537764012813568115234375">
        <ele>2</ele>
        <time>2026-09-15T22:09:46.000Z</time>
        <extensions>
          <ns3:TrackPointExtension>
            <ns3:hr>115</ns3:hr>
            <ns3:cad>92</ns3:cad>
          </ns3:TrackPointExtension>
        </extensions>
      </trkpt>
      <trkpt lat="31.48324781097471714019775390625" lon="121.1661140620708465576171875">
        <ele>2</ele>
        <time>2026-09-15T22:09:47.000Z</time>
        <extensions>
          <ns3:TrackPointExtension>
            <ns3:hr>115</ns3:hr>
            <ns3:cad>92</ns3:cad>
          </ns3:TrackPointExtension>
        </extensions>
      </trkpt>
      <trkpt lat="31.483231298625469207763671875" lon="121.16608522832393646240234375">
        <ele>2</ele>
        <time>2026-09-15T22:09:48.000Z</time>
        <extensions>
          <ns3:TrackPointExtension>
            <ns3:hr>114</ns3:hr>
            <ns3:cad>92</ns3:cad>
          </ns3:TrackPointExtension>
        </extensions>
      </trkpt>
      <trkpt lat="31.48321629501879215240478515625" lon="121.1660790257155895233154296875">
        <ele>2</ele>
        <time>2026-09-15T22:09:49.000Z</time>
        <extensions>
          <ns3:TrackPointExtension>
            <ns3:hr>113</ns3:hr>
            <ns3:cad>92</ns3:cad>
          </ns3:TrackPointExtension>
        </extensions>
      </trkpt>
      <trkpt lat="31.4832029677927494049072265625" lon="121.1660558916628360748291015625">
        <ele>2</ele>
        <time>2026-09-15T22:09:50.000Z</time>
        <extensions>
          <ns3:TrackPointExtension>
            <ns3:hr>113</ns3:hr>
            <ns3:cad>92</ns3:cad>
          </ns3:TrackPointExtension>
        </extensions>
      </trkpt>
      <trkpt lat="31.48318746127188205718994140625" lon="121.166042983531951904296875">
        <ele>2</ele>
        <time>2026-09-15T22:09:51.000Z</time>
        <extensions>
          <ns3:TrackPointExtension>
            <ns3:hr>112</ns3:hr>
            <ns3:cad>93</ns3:cad>
          </ns3:TrackPointExtension>
        </extensions>
      </trkpt>
      <trkpt lat="31.48317036218941211700439453125" lon="121.166022531688213348388671875">
        <ele>2</ele>
        <time>2026-09-15T22:09:52.000Z</time>
        <extensions>
          <ns3:TrackPointExtension>
            <ns3:hr>112</ns3:hr>
            <ns3:cad>93</ns3:cad>
          </ns3:TrackPointExtension>
        </extensions>
      </trkpt>
      <trkpt lat="31.48315041325986385345458984375" lon="121.16600551642477512359619140625">
        <ele>2</ele>
        <time>2026-09-15T22:09:53.000Z</time>
        <extensions>
          <ns3:TrackPointExtension>
            <ns3:hr>112</ns3:hr>
            <ns3:cad>92</ns3:cad>
          </ns3:TrackPointExtension>
        </extensions>
      </trkpt>
      <trkpt lat="31.48313381709158420562744140625" lon="121.165988333523273468017578125">
        <ele>2</ele>
        <time>2026-09-15T22:09:54.000Z</time>
        <extensions>
          <ns3:TrackPointExtension>
            <ns3:hr>111</ns3:hr>
            <ns3:cad>92</ns3:cad>
          </ns3:TrackPointExtension>
        </extensions>
      </trkpt>
      <trkpt lat="31.48311370052397251129150390625" lon="121.16596587002277374267578125">
        <ele>2</ele>
        <time>2026-09-15T22:09:55.000Z</time>
        <extensions>
          <ns3:TrackPointExtension>
            <ns3:hr>111</ns3:hr>
            <ns3:cad>92</ns3:cad>
          </ns3:TrackPointExtension>
        </extensions>
      </trkpt>
      <trkpt lat="31.48309593088924884796142578125" lon="121.1659506149590015411376953125">
        <ele>2</ele>
        <time>2026-09-15T22:09:56.000Z</time>
        <extensions>
          <ns3:TrackPointExtension>
            <ns3:hr>111</ns3:hr>
            <ns3:cad>93</ns3:cad>
          </ns3:TrackPointExtension>
        </extensions>
      </trkpt>
      <trkpt lat="31.48307547904551029205322265625" lon="121.16592689417302608489990234375">
        <ele>2</ele>
        <time>2026-09-15T22:09:57.000Z</time>
        <extensions>
          <ns3:TrackPointExtension>
            <ns3:hr>111</ns3:hr>
            <ns3:cad>93</ns3:cad>
          </ns3:TrackPointExtension>
        </extensions>
      </trkpt>
      <trkpt lat="31.48305837996304035186767578125" lon="121.16591365076601505279541015625">
        <ele>2</ele>
        <time>2026-09-15T22:09:58.000Z</time>
        <extensions>
          <ns3:TrackPointExtension>
            <ns3:hr>110</ns3:hr>
            <ns3:cad>93</ns3:cad>
          </ns3:TrackPointExtension>
        </extensions>
      </trkpt>
      <trkpt lat="31.4830410294234752655029296875" lon="121.1658885888755321502685546875">
        <ele>2</ele>
        <time>2026-09-15T22:09:59.000Z</time>
        <extensions>
          <ns3:TrackPointExtension>
            <ns3:hr>110</ns3:hr>
            <ns3:cad>92</ns3:cad>
          </ns3:TrackPointExtension>
        </extensions>
      </trkpt>
      <trkpt lat="31.4830252714455127716064453125" lon="121.1658699810504913330078125">
        <ele>2</ele>
        <time>2026-09-15T22:10:00.000Z</time>
        <extensions>
          <ns3:TrackPointExtension>
            <ns3:hr>110</ns3:hr>
            <ns3:cad>92</ns3:cad>
          </ns3:TrackPointExtension>
        </extensions>
      </trkpt>
      <trkpt lat="31.4830088429152965545654296875" lon="121.16584357805550098419189453125">
        <ele>1.7999999523162841796875</ele>
        <time>2026-09-15T22:10:01.000Z</time>
        <extensions>
          <ns3:TrackPointExtension>
            <ns3:hr>110</ns3:hr>
            <ns3:cad>92</ns3:cad>
          </ns3:TrackPointExtension>
        </extensions>
      </trkpt>
      <trkpt lat="31.4829924143850803375244140625" lon="121.1658297479152679443359375">
        <ele>1.7999999523162841796875</ele>
        <time>2026-09-15T22:10:02.000Z</time>
        <extensions>
          <ns3:TrackPointExtension>
            <ns3:hr>110</ns3:hr>
            <ns3:cad>92</ns3:cad>
          </ns3:TrackPointExtension>
        </extensions>
      </trkpt>
      <trkpt lat="31.48298042826354503631591796875" lon="121.16580015979707241058349609375">
        <ele>1.7999999523162841796875</ele>
        <time>2026-09-15T22:10:03.000Z</time>
        <extensions>
          <ns3:TrackPointExtension>
            <ns3:hr>109</ns3:hr>
            <ns3:cad>93</ns3:cad>
          </ns3:TrackPointExtension>
        </extensions>
      </trkpt>
      <trkpt lat="31.48296450264751911163330078125" lon="121.16578758694231510162353515625">
        <ele>1.7999999523162841796875</ele>
        <time>2026-09-15T22:10:04.000Z</time>
        <extensions>
          <ns3:TrackPointExtension>
            <ns3:hr>109</ns3:hr>
            <ns3:cad>93</ns3:cad>
          </ns3:TrackPointExtension>
        </extensions>
      </trkpt>
      <trkpt lat="31.48295603692531585693359375" lon="121.16575757972896099090576171875">
        <ele>1.7999999523162841796875</ele>
        <time>2026-09-15T22:10:05.000Z</time>
        <extensions>
          <ns3:TrackPointExtension>
            <ns3:hr>109</ns3:hr>
            <ns3:cad>93</ns3:cad>
          </ns3:TrackPointExtension>
        </extensions>
      </trkpt>
      <trkpt lat="31.48294321261346340179443359375" lon="121.16574064828455448150634765625">
        <ele>1.7999999523162841796875</ele>
        <time>2026-09-15T22:10:06.000Z</time>
        <extensions>
          <ns3:TrackPointExtension>
            <ns3:hr>109</ns3:hr>
            <ns3:cad>92</ns3:cad>
          </ns3:TrackPointExtension>
        </extensions>
      </trkpt>
      <trkpt lat="31.4829380996525287628173828125" lon="121.1657115630805492401123046875">
        <ele>1.7999999523162841796875</ele>
        <time>2026-09-15T22:10:07.000Z</time>
        <extensions>
          <ns3:TrackPointExtension>
            <ns3:hr>109</ns3:hr>
            <ns3:cad>92</ns3:cad>
          </ns3:TrackPointExtension>
        </extensions>
      </trkpt>
      <trkpt lat="31.4829270355403423309326171875" lon="121.165688931941986083984375">
        <ele>1.7999999523162841796875</ele>
        <time>2026-09-15T22:10:08.000Z</time>
        <extensions>
          <ns3:TrackPointExtension>
            <ns3:hr>109</ns3:hr>
            <ns3:cad>92</ns3:cad>
          </ns3:TrackPointExtension>
        </extensions>
      </trkpt>
      <trkpt lat="31.48292074911296367645263671875" lon="121.1656606011092662811279296875">
        <ele>1.7999999523162841796875</ele>
        <time>2026-09-15T22:10:09.000Z</time>
        <extensions>
          <ns3:TrackPointExtension>
            <ns3:hr>109</ns3:hr>
            <ns3:cad>92</ns3:cad>
          </ns3:TrackPointExtension>
        </extensions>
      </trkpt>
      <trkpt lat="31.482910104095935821533203125" lon="121.16563503630459308624267578125">
        <ele>1.7999999523162841796875</ele>
        <time>2026-09-15T22:10:10.000Z</time>
        <extensions>
          <ns3:TrackPointExtension>
            <ns3:hr>109</ns3:hr>
            <ns3:cad>91</ns3:cad>
          </ns3:TrackPointExtension>
        </extensions>
      </trkpt>
      <trkpt lat="31.48290331475436687469482421875" lon="121.1656099744141101837158203125">
        <ele>1.7999999523162841796875</ele>
        <time>2026-09-15T22:10:11.000Z</time>
        <extensions>
          <ns3:TrackPointExtension>
            <ns3:hr>109</ns3:hr>
            <ns3:cad>91</ns3:cad>
          </ns3:TrackPointExtension>
        </extensions>
      </trkpt>
      <trkpt lat="31.482891328632831573486328125" lon="121.16558189503848552703857421875">
        <ele>1.7999999523162841796875</ele>
        <time>2026-09-15T22:10:12.000Z</time>
        <extensions>
          <ns3:TrackPointExtension>
            <ns3:hr>109</ns3:hr>
            <ns3:cad>91</ns3:cad>
          </ns3:TrackPointExtension>
        </extensions>
      </trkpt>
      <trkpt lat="31.4828821085393428802490234375" lon="121.1655580066144466400146484375">
        <ele>1.7999999523162841796875</ele>
        <time>2026-09-15T22:10:13.000Z</time>
        <extensions>
          <ns3:TrackPointExtension>
            <ns3:hr>109</ns3:hr>
            <ns3:cad>92</ns3:cad>
          </ns3:TrackPointExtension>
        </extensions>
      </trkpt>
      <trkpt lat="31.4828690327703952789306640625" lon="121.16552959196269512176513671875">
        <ele>1.7999999523162841796875</ele>
        <time>2026-09-15T22:10:14.000Z</time>
        <extensions>
          <ns3:TrackPointExtension>
            <ns3:hr>109</ns3:hr>
            <ns3:cad>92</ns3:cad>
          </ns3:TrackPointExtension>
        </extensions>
      </trkpt>
      <trkpt lat="31.4828596450388431549072265625" lon="121.16551131941378116607666015625">
        <ele>1.7999999523162841796875</ele>
        <time>2026-09-15T22:10:15.000Z</time>
        <extensions>
          <ns3:TrackPointExtension>
            <ns3:hr>109</ns3:hr>
            <ns3:cad>93</ns3:cad>
          </ns3:TrackPointExtension>
        </extensions>
      </trkpt>
      <trkpt lat="31.48285008966922760009765625" lon="121.16548047401010990142822265625">
        <ele>1.60000002384185791015625</ele>
        <time>2026-09-15T22:10:16.000Z</time>
        <extensions>
          <ns3:TrackPointExtension>
            <ns3:hr>110</ns3:hr>
            <ns3:cad>93</ns3:cad>
          </ns3:TrackPointExtension>
        </extensions>
      </trkpt>
      <trkpt lat="31.4828418754041194915771484375" lon="121.1654617823660373687744140625">
        <ele>1.60000002384185791015625</ele>
        <time>2026-09-15T22:10:17.000Z</time>
        <extensions>
          <ns3:TrackPointExtension>
            <ns3:hr>109</ns3:hr>
            <ns3:cad>92</ns3:cad>
          </ns3:TrackPointExtension>
        </extensions>
      </trkpt>
      <trkpt lat="31.48283441551029682159423828125" lon="121.16542699746787548065185546875">
        <ele>1.60000002384185791015625</ele>
        <time>2026-09-15T22:10:18.000Z</time>
        <extensions>
          <ns3:TrackPointExtension>
            <ns3:hr>110</ns3:hr>
            <ns3:cad>92</ns3:cad>
          </ns3:TrackPointExtension>
        </extensions>
      </trkpt>
      <trkpt lat="31.482824273407459259033203125" lon="121.16540788672864437103271484375">
        <ele>1.60000002384185791015625</ele>
        <time>2026-09-15T22:10:19.000Z</time>
        <extensions>
          <ns3:TrackPointExtension>
            <ns3:hr>110</ns3:hr>
            <ns3:cad>92</ns3:cad>
          </ns3:TrackPointExtension>
        </extensions>
      </trkpt>
      <trkpt lat="31.48281245492398738861083984375" lon="121.1653818190097808837890625">
        <ele>1.60000002384185791015625</ele>
        <time>2026-09-15T22:10:20.000Z</time>
        <extensions>
          <ns3:TrackPointExtension>
            <ns3:hr>111</ns3:hr>
            <ns3:cad>91</ns3:cad>
          </ns3:TrackPointExtension>
        </extensions>
      </trkpt>
      <trkpt lat="31.4828006364405155181884765625" lon="121.16536379791796207427978515625">
        <ele>1.60000002384185791015625</ele>
        <time>2026-09-15T22:10:21.000Z</time>
        <extensions>
          <ns3:TrackPointExtension>
            <ns3:hr>112</ns3:hr>
            <ns3:cad>90</ns3:cad>
          </ns3:TrackPointExtension>
        </extensions>
      </trkpt>
      <trkpt lat="31.48279803805053234100341796875" lon="121.1653357185423374176025390625">
        <ele>1.60000002384185791015625</ele>
        <time>2026-09-15T22:10:22.000Z</time>
        <extensions>
          <ns3:TrackPointExtension>
            <ns3:hr>112</ns3:hr>
            <ns3:cad>90</ns3:cad>
          </ns3:TrackPointExtension>
        </extensions>
      </trkpt>
      <trkpt lat="31.482785381376743316650390625" lon="121.16531333886086940765380859375">
        <ele>1.60000002384185791015625</ele>
        <time>2026-09-15T22:10:23.000Z</time>
        <extensions>
          <ns3:TrackPointExtension>
            <ns3:hr>113</ns3:hr>
            <ns3:cad>90</ns3:cad>
          </ns3:TrackPointExtension>
        </extensions>
      </trkpt>
      <trkpt lat="31.4827781729400157928466796875" lon="121.16528584621846675872802734375">
        <ele>1.60000002384185791015625</ele>
        <time>2026-09-15T22:10:24.000Z</time>
        <extensions>
          <ns3:TrackPointExtension>
            <ns3:hr>113</ns3:hr>
            <ns3:cad>92</ns3:cad>
          </ns3:TrackPointExtension>
        </extensions>
      </trkpt>
      <trkpt lat="31.4827649295330047607421875" lon="121.16526187397539615631103515625">
        <ele>1.60000002384185791015625</ele>
        <time>2026-09-15T22:10:25.000Z</time>
        <extensions>
          <ns3:TrackPointExtension>
            <ns3:hr>114</ns3:hr>
            <ns3:cad>92</ns3:cad>
          </ns3:TrackPointExtension>
        </extensions>
      </trkpt>
      <trkpt lat="31.4827560447156429290771484375" lon="121.16523739881813526153564453125">
        <ele>1.60000002384185791015625</ele>
        <time>2026-09-15T22:10:26.000Z</time>
        <extensions>
          <ns3:TrackPointExtension>
            <ns3:hr>114</ns3:hr>
            <ns3:cad>92</ns3:cad>
          </ns3:TrackPointExtension>
        </extensions>
      </trkpt>
      <trkpt lat="31.4827446453273296356201171875" lon="121.16520554758608341217041015625">
        <ele>1.60000002384185791015625</ele>
        <time>2026-09-15T22:10:27.000Z</time>
        <extensions>
          <ns3:TrackPointExtension>
            <ns3:hr>114</ns3:hr>
            <ns3:cad>92</ns3:cad>
          </ns3:TrackPointExtension>
        </extensions>
      </trkpt>
      <trkpt lat="31.482733748853206634521484375" lon="121.16518442519009113311767578125">
        <ele>1.60000002384185791015625</ele>
        <time>2026-09-15T22:10:28.000Z</time>
        <extensions>
          <ns3:TrackPointExtension>
            <ns3:hr>115</ns3:hr>
            <ns3:cad>93</ns3:cad>
          </ns3:TrackPointExtension>
        </extensions>
      </trkpt>
      <trkpt lat="31.48272478021681308746337890625" lon="121.1651486344635486602783203125">
        <ele>1.60000002384185791015625</ele>
        <time>2026-09-15T22:10:29.000Z</time>
        <extensions>
          <ns3:TrackPointExtension>
            <ns3:hr>115</ns3:hr>
            <ns3:cad>93</ns3:cad>
          </ns3:TrackPointExtension>
        </extensions>
      </trkpt>
      <trkpt lat="31.48271421901881694793701171875" lon="121.16513279266655445098876953125">
        <ele>1.60000002384185791015625</ele>
        <time>2026-09-15T22:10:30.000Z</time>
        <extensions>
          <ns3:TrackPointExtension>
            <ns3:hr>115</ns3:hr>
            <ns3:cad>92</ns3:cad>
          </ns3:TrackPointExtension>
        </extensions>
      </trkpt>
      <trkpt lat="31.482705585658550262451171875" lon="121.16510077379643917083740234375">
        <ele>1.39999997615814208984375</ele>
        <time>2026-09-15T22:10:31.000Z</time>
        <extensions>
          <ns3:TrackPointExtension>
            <ns3:hr>116</ns3:hr>
            <ns3:cad>92</ns3:cad>
          </ns3:TrackPointExtension>
        </extensions>
      </trkpt>
      <trkpt lat="31.482696868479251861572265625" lon="121.16508132778108119964599609375">
        <ele>1.39999997615814208984375</ele>
        <time>2026-09-15T22:10:32.000Z</time>
        <extensions>
          <ns3:TrackPointExtension>
            <ns3:hr>116</ns3:hr>
            <ns3:cad>94</ns3:cad>
          </ns3:TrackPointExtension>
        </extensions>
      </trkpt>
      <trkpt lat="31.48269209079444408416748046875" lon="121.16504578851163387298583984375">
        <ele>1.39999997615814208984375</ele>
        <time>2026-09-15T22:10:33.000Z</time>
        <extensions>
          <ns3:TrackPointExtension>
            <ns3:hr>116</ns3:hr>
            <ns3:cad>94</ns3:cad>
          </ns3:TrackPointExtension>
        </extensions>
      </trkpt>
      <trkpt lat="31.482680775225162506103515625" lon="121.1650265939533710479736328125">
        <ele>1.39999997615814208984375</ele>
        <time>2026-09-15T22:10:34.000Z</time>
        <extensions>
          <ns3:TrackPointExtension>
            <ns3:hr>116</ns3:hr>
            <ns3:cad>93</ns3:cad>
          </ns3:TrackPointExtension>
        </extensions>
      </trkpt>
      <trkpt lat="31.4826765842735767364501953125" lon="121.1650037951767444610595703125">
        <ele>1.39999997615814208984375</ele>
        <time>2026-09-15T22:10:35.000Z</time>
        <extensions>
          <ns3:TrackPointExtension>
            <ns3:hr>116</ns3:hr>
            <ns3:cad>92</ns3:cad>
          </ns3:TrackPointExtension>
        </extensions>
      </trkpt>
      <trkpt lat="31.48266593925654888153076171875" lon="121.16498560644686222076416015625">
        <ele>1.39999997615814208984375</ele>
        <time>2026-09-15T22:10:36.000Z</time>
        <extensions>
          <ns3:TrackPointExtension>
            <ns3:hr>116</ns3:hr>
            <ns3:cad>92</ns3:cad>
          </ns3:TrackPointExtension>
        </extensions>
      </trkpt>
      <trkpt lat="31.48265923373401165008544921875" lon="121.16496264003217220306396484375">
        <ele>1.39999997615814208984375</ele>
        <time>2026-09-15T22:10:37.000Z</time>
        <extensions>
          <ns3:TrackPointExtension>
            <ns3:hr>116</ns3:hr>
            <ns3:cad>92</ns3:cad>
          </ns3:TrackPointExtension>
        </extensions>
      </trkpt>
      <trkpt lat="31.48264934308826923370361328125" lon="121.164935566484928131103515625">
        <ele>1.39999997615814208984375</ele>
        <time>2026-09-15T22:10:38.000Z</time>
        <extensions>
          <ns3:TrackPointExtension>
            <ns3:hr>117</ns3:hr>
            <ns3:cad>93</ns3:cad>
          </ns3:TrackPointExtension>
        </extensions>
      </trkpt>
      <trkpt lat="31.4826370216906070709228515625" lon="121.16491268388926982879638671875">
        <ele>1.39999997615814208984375</ele>
        <time>2026-09-15T22:10:39.000Z</time>
        <extensions>
          <ns3:TrackPointExtension>
            <ns3:hr>117</ns3:hr>
            <ns3:cad>94</ns3:cad>
          </ns3:TrackPointExtension>
        </extensions>
      </trkpt>
      <trkpt lat="31.482628472149372100830078125" lon="121.16487882100045680999755859375">
        <ele>1.39999997615814208984375</ele>
        <time>2026-09-15T22:10:40.000Z</time>
        <extensions>
          <ns3:TrackPointExtension>
            <ns3:hr>117</ns3:hr>
            <ns3:cad>94</ns3:cad>
          </ns3:TrackPointExtension>
        </extensions>
      </trkpt>
      <trkpt lat="31.4826155640184879302978515625" lon="121.1648569442331790924072265625">
        <ele>1.39999997615814208984375</ele>
        <time>2026-09-15T22:10:41.000Z</time>
        <extensions>
          <ns3:TrackPointExtension>
            <ns3:hr>117</ns3:hr>
            <ns3:cad>93</ns3:cad>
          </ns3:TrackPointExtension>
        </extensions>
      </trkpt>
      <trkpt lat="31.48260642774403095245361328125" lon="121.16482249461114406585693359375">
        <ele>1.39999997615814208984375</ele>
        <time>2026-09-15T22:10:42.000Z</time>
        <extensions>
          <ns3:TrackPointExtension>
            <ns3:hr>117</ns3:hr>
            <ns3:cad>93</ns3:cad>
          </ns3:TrackPointExtension>
        </extensions>
      </trkpt>
      <trkpt lat="31.482593603432178497314453125" lon="121.16480455733835697174072265625">
        <ele>1.39999997615814208984375</ele>
        <time>2026-09-15T22:10:43.000Z</time>
        <extensions>
          <ns3:TrackPointExtension>
            <ns3:hr>117</ns3:hr>
            <ns3:cad>92</ns3:cad>
          </ns3:TrackPointExtension>
        </extensions>
      </trkpt>
      <trkpt lat="31.482586897909641265869140625" lon="121.164771951735019683837890625">
        <ele>1.39999997615814208984375</ele>
        <time>2026-09-15T22:10:44.000Z</time>
        <extensions>
          <ns3:TrackPointExtension>
            <ns3:hr>117</ns3:hr>
            <ns3:cad>93</ns3:cad>
          </ns3:TrackPointExtension>
        </extensions>
      </trkpt>
      <trkpt lat="31.48257558234035968780517578125" lon="121.16475359536707401275634765625">
        <ele>1.39999997615814208984375</ele>
        <time>2026-09-15T22:10:45.000Z</time>
        <extensions>
          <ns3:TrackPointExtension>
            <ns3:hr>117</ns3:hr>
            <ns3:cad>94</ns3:cad>
          </ns3:TrackPointExtension>
        </extensions>
      </trkpt>
      <trkpt lat="31.4825691282749176025390625" lon="121.16472710855305194854736328125">
        <ele>1.39999997615814208984375</ele>
        <time>2026-09-15T22:10:46.000Z</time>
        <extensions>
          <ns3:TrackPointExtension>
            <ns3:hr>118</ns3:hr>
            <ns3:cad>94</ns3:cad>
          </ns3:TrackPointExtension>
        </extensions>
      </trkpt>
      <trkpt lat="31.4825582318007946014404296875" lon="121.16470657289028167724609375">
        <ele>1.39999997615814208984375</ele>
        <time>2026-09-15T22:10:47.000Z</time>
        <extensions>
          <ns3:TrackPointExtension>
            <ns3:hr>117</ns3:hr>
            <ns3:cad>92</ns3:cad>
          </ns3:TrackPointExtension>
        </extensions>
      </trkpt>
      <trkpt lat="31.4825530350208282470703125" lon="121.1646782420575618743896484375">
        <ele>1.60000002384185791015625</ele>
        <time>2026-09-15T22:10:48.000Z</time>
        <extensions>
          <ns3:TrackPointExtension>
            <ns3:hr>117</ns3:hr>
            <ns3:cad>92</ns3:cad>
          </ns3:TrackPointExtension>
        </extensions>
      </trkpt>
      <trkpt lat="31.4825414679944515228271484375" lon="121.16465720348060131072998046875">
        <ele>1.60000002384185791015625</ele>
        <time>2026-09-15T22:10:49.000Z</time>
        <extensions>
          <ns3:TrackPointExtension>
            <ns3:hr>117</ns3:hr>
            <ns3:cad>93</ns3:cad>
          </ns3:TrackPointExtension>
        </extensions>
      </trkpt>
      <trkpt lat="31.48253367282450199127197265625" lon="121.164633817970752716064453125">
        <ele>1.60000002384185791015625</ele>
        <time>2026-09-15T22:10:50.000Z</time>
        <extensions>
          <ns3:TrackPointExtension>
            <ns3:hr>118</ns3:hr>
            <ns3:cad>93</ns3:cad>
          </ns3:TrackPointExtension>
        </extensions>
      </trkpt>
      <trkpt lat="31.48252478800714015960693359375" lon="121.16461026482284069061279296875">
        <ele>1.60000002384185791015625</ele>
        <time>2026-09-15T22:10:51.000Z</time>
        <extensions>
          <ns3:TrackPointExtension>
            <ns3:hr>117</ns3:hr>
            <ns3:cad>93</ns3:cad>
          </ns3:TrackPointExtension>
        </extensions>
      </trkpt>
      <trkpt lat="31.4825139753520488739013671875" lon="121.16459266282618045806884765625">
        <ele>1.60000002384185791015625</ele>
        <time>2026-09-15T22:10:52.000Z</time>
        <extensions>
          <ns3:TrackPointExtension>
            <ns3:hr>117</ns3:hr>
            <ns3:cad>93</ns3:cad>
          </ns3:TrackPointExtension>
        </extensions>
      </trkpt>
      <trkpt lat="31.48250550962984561920166015625" lon="121.164562739431858062744140625">
        <ele>1.60000002384185791015625</ele>
        <time>2026-09-15T22:10:53.000Z</time>
        <extensions>
          <ns3:TrackPointExtension>
            <ns3:hr>117</ns3:hr>
            <ns3:cad>93</ns3:cad>
          </ns3:TrackPointExtension>
        </extensions>
      </trkpt>
      <trkpt lat="31.48249494843184947967529296875" lon="121.1645437963306903839111328125">
        <ele>1.60000002384185791015625</ele>
        <time>2026-09-15T22:10:54.000Z</time>
        <extensions>
          <ns3:TrackPointExtension>
            <ns3:hr>117</ns3:hr>
            <ns3:cad>92</ns3:cad>
          </ns3:TrackPointExtension>
        </extensions>
      </trkpt>
      <trkpt lat="31.482486985623836517333984375" lon="121.16450783796608448028564453125">
        <ele>1.60000002384185791015625</ele>
        <time>2026-09-15T22:10:55.000Z</time>
        <extensions>
          <ns3:TrackPointExtension>
            <ns3:hr>117</ns3:hr>
            <ns3:cad>92</ns3:cad>
          </ns3:TrackPointExtension>
        </extensions>
      </trkpt>
      <trkpt lat="31.482476256787776947021484375" lon="121.1644874699413776397705078125">
        <ele>1.60000002384185791015625</ele>
        <time>2026-09-15T22:10:56.000Z</time>
        <extensions>
          <ns3:TrackPointExtension>
            <ns3:hr>117</ns3:hr>
            <ns3:cad>92</ns3:cad>
          </ns3:TrackPointExtension>
        </extensions>
      </trkpt>
      <trkpt lat="31.48247013799846172332763671875" lon="121.164455451071262359619140625">
        <ele>1.60000002384185791015625</ele>
        <time>2026-09-15T22:10:57.000Z</time>
        <extensions>
          <ns3:TrackPointExtension>
            <ns3:hr>117</ns3:hr>
            <ns3:cad>92</ns3:cad>
          </ns3:TrackPointExtension>
        </extensions>
      </trkpt>
      <trkpt lat="31.48245991207659244537353515625" lon="121.16442636586725711822509765625">
        <ele>1.60000002384185791015625</ele>
        <time>2026-09-15T22:10:58.000Z</time>
        <extensions>
          <ns3:TrackPointExtension>
            <ns3:hr>117</ns3:hr>
            <ns3:cad>92</ns3:cad>
          </ns3:TrackPointExtension>
        </extensions>
      </trkpt>
      <trkpt lat="31.4824519492685794830322265625" lon="121.16440088488161563873291015625">
        <ele>1.7999999523162841796875</ele>
        <time>2026-09-15T22:10:59.000Z</time>
        <extensions>
          <ns3:TrackPointExtension>
            <ns3:hr>117</ns3:hr>
            <ns3:cad>92</ns3:cad>
          </ns3:TrackPointExtension>
        </extensions>
      </trkpt>
      <trkpt lat="31.482437364757061004638671875" lon="121.164381019771099090576171875">
        <ele>1.7999999523162841796875</ele>
        <time>2026-09-15T22:11:00.000Z</time>
        <extensions>
          <ns3:TrackPointExtension>
            <ns3:hr>117</ns3:hr>
            <ns3:cad>94</ns3:cad>
          </ns3:TrackPointExtension>
        </extensions>
      </trkpt>
      <trkpt lat="31.4824318327009677886962890625" lon="121.1643550358712673187255859375">
        <ele>1.7999999523162841796875</ele>
        <time>2026-09-15T22:11:01.000Z</time>
        <extensions>
          <ns3:TrackPointExtension>
            <ns3:hr>117</ns3:hr>
            <ns3:cad>94</ns3:cad>
          </ns3:TrackPointExtension>
        </extensions>
      </trkpt>
      <trkpt lat="31.4824216067790985107421875" lon="121.1643335781991481781005859375">
        <ele>1.7999999523162841796875</ele>
        <time>2026-09-15T22:11:02.000Z</time>
        <extensions>
          <ns3:TrackPointExtension>
            <ns3:hr>117</ns3:hr>
            <ns3:cad>94</ns3:cad>
          </ns3:TrackPointExtension>
        </extensions>
      </trkpt>
      <trkpt lat="31.4824137277901172637939453125" lon="121.16431086324155330657958984375">
        <ele>1.7999999523162841796875</ele>
        <time>2026-09-15T22:11:03.000Z</time>
        <extensions>
          <ns3:TrackPointExtension>
            <ns3:hr>116</ns3:hr>
            <ns3:cad>92</ns3:cad>
          </ns3:TrackPointExtension>
        </extensions>
      </trkpt>
      <trkpt lat="31.482404507696628570556640625" lon="121.164281778037548065185546875">
        <ele>1.60000002384185791015625</ele>
        <time>2026-09-15T22:11:04.000Z</time>
        <extensions>
          <ns3:TrackPointExtension>
            <ns3:hr>117</ns3:hr>
            <ns3:cad>92</ns3:cad>
          </ns3:TrackPointExtension>
        </extensions>
      </trkpt>
      <trkpt lat="31.48239386267960071563720703125" lon="121.16425864398479461669921875">
        <ele>1.60000002384185791015625</ele>
        <time>2026-09-15T22:11:05.000Z</time>
        <extensions>
          <ns3:TrackPointExtension>
            <ns3:hr>117</ns3:hr>
            <ns3:cad>92</ns3:cad>
          </ns3:TrackPointExtension>
        </extensions>
      </trkpt>
      <trkpt lat="31.48238514550030231475830078125" lon="121.16422511637210845947265625">
        <ele>1.7999999523162841796875</ele>
        <time>2026-09-15T22:11:06.000Z</time>
        <extensions>
          <ns3:TrackPointExtension>
            <ns3:hr>117</ns3:hr>
            <ns3:cad>92</ns3:cad>
          </ns3:TrackPointExtension>
        </extensions>
      </trkpt>
      <trkpt lat="31.4823731593787670135498046875" lon="121.16420843638479709625244140625">
        <ele>1.7999999523162841796875</ele>
        <time>2026-09-15T22:11:07.000Z</time>
        <extensions>
          <ns3:TrackPointExtension>
            <ns3:hr>117</ns3:hr>
            <ns3:cad>92</ns3:cad>
          </ns3:TrackPointExtension>
        </extensions>
      </trkpt>
      <trkpt lat="31.4823657833039760589599609375" lon="121.16417541168630123138427734375">
        <ele>1.7999999523162841796875</ele>
        <time>2026-09-15T22:11:08.000Z</time>
        <extensions>
          <ns3:TrackPointExtension>
            <ns3:hr>116</ns3:hr>
            <ns3:cad>92</ns3:cad>
          </ns3:TrackPointExtension>
        </extensions>
      </trkpt>
      <trkpt lat="31.48235681466758251190185546875" lon="121.16415596567094326019287109375">
        <ele>1.7999999523162841796875</ele>
        <time>2026-09-15T22:11:09.000Z</time>
        <extensions>
          <ns3:TrackPointExtension>
            <ns3:hr>116</ns3:hr>
            <ns3:cad>93</ns3:cad>
          </ns3:TrackPointExtension>
        </extensions>
      </trkpt>
      <trkpt lat="31.4823473431169986724853515625" lon="121.16412595845758914947509765625">
        <ele>1.7999999523162841796875</ele>
        <time>2026-09-15T22:11:10.000Z</time>
        <extensions>
          <ns3:TrackPointExtension>
            <ns3:hr>116</ns3:hr>
            <ns3:cad>93</ns3:cad>
          </ns3:TrackPointExtension>
        </extensions>
      </trkpt>
      <trkpt lat="31.4823359437286853790283203125" lon="121.16410684771835803985595703125">
        <ele>1.7999999523162841796875</ele>
        <time>2026-09-15T22:11:11.000Z</time>
        <extensions>
          <ns3:TrackPointExtension>
            <ns3:hr>116</ns3:hr>
            <ns3:cad>93</ns3:cad>
          </ns3:TrackPointExtension>
        </extensions>
      </trkpt>
      <trkpt lat="31.48232999257743358612060546875" lon="121.16407432593405246734619140625">
        <ele>1.7999999523162841796875</ele>
        <time>2026-09-15T22:11:12.000Z</time>
        <extensions>
          <ns3:TrackPointExtension>
            <ns3:hr>117</ns3:hr>
            <ns3:cad>93</ns3:cad>
          </ns3:TrackPointExtension>
        </extensions>
      </trkpt>
      <trkpt lat="31.48231809027493000030517578125" lon="121.164057143032550811767578125">
        <ele>1.7999999523162841796875</ele>
        <time>2026-09-15T22:11:13.000Z</time>
        <extensions>
          <ns3:TrackPointExtension>
            <ns3:hr>116</ns3:hr>
            <ns3:cad>93</ns3:cad>
          </ns3:TrackPointExtension>
        </extensions>
      </trkpt>
      <trkpt lat="31.4823114685714244842529296875" lon="121.1640268005430698394775390625">
        <ele>1.7999999523162841796875</ele>
        <time>2026-09-15T22:11:14.000Z</time>
        <extensions>
          <ns3:TrackPointExtension>
            <ns3:hr>116</ns3:hr>
            <ns3:cad>93</ns3:cad>
          </ns3:TrackPointExtension>
        </extensions>
      </trkpt>
      <trkpt lat="31.48229889571666717529296875" lon="121.16400651633739471435546875">
        <ele>2</ele>
        <time>2026-09-15T22:11:15.000Z</time>
        <extensions>
          <ns3:TrackPointExtension>
            <ns3:hr>117</ns3:hr>
            <ns3:cad>93</ns3:cad>
          </ns3:TrackPointExtension>
        </extensions>
      </trkpt>
      <trkpt lat="31.4822923578321933746337890625" lon="121.16398044861853122711181640625">
        <ele>2</ele>
        <time>2026-09-15T22:11:16.000Z</time>
        <extensions>
          <ns3:TrackPointExtension>
            <ns3:hr>117</ns3:hr>
            <ns3:cad>93</ns3:cad>
          </ns3:TrackPointExtension>
        </extensions>
      </trkpt>
      <trkpt lat="31.48227936588227748870849609375" lon="121.16395689547061920166015625">
        <ele>2</ele>
        <time>2026-09-15T22:11:17.000Z</time>
        <extensions>
          <ns3:TrackPointExtension>
            <ns3:hr>117</ns3:hr>
            <ns3:cad>92</ns3:cad>
          </ns3:TrackPointExtension>
        </extensions>
      </trkpt>
      <trkpt lat="31.48226913996040821075439453125" lon="121.16393501870334148406982421875">
        <ele>2</ele>
        <time>2026-09-15T22:11:18.000Z</time>
        <extensions>
          <ns3:TrackPointExtension>
            <ns3:hr>117</ns3:hr>
            <ns3:cad>92</ns3:cad>
          </ns3:TrackPointExtension>
        </extensions>
      </trkpt>
      <trkpt lat="31.48226008750498294830322265625" lon="121.1639057658612728118896484375">
        <ele>2</ele>
        <time>2026-09-15T22:11:19.000Z</time>
        <extensions>
          <ns3:TrackPointExtension>
            <ns3:hr>116</ns3:hr>
            <ns3:cad>93</ns3:cad>
          </ns3:TrackPointExtension>
        </extensions>
      </trkpt>
      <trkpt lat="31.48225002922117710113525390625" lon="121.163884140551090240478515625">
        <ele>2</ele>
        <time>2026-09-15T22:11:20.000Z</time>
        <extensions>
          <ns3:TrackPointExtension>
            <ns3:hr>117</ns3:hr>
            <ns3:cad>93</ns3:cad>
          </ns3:TrackPointExtension>
        </extensions>
      </trkpt>
      <trkpt lat="31.48224282078444957733154296875" lon="121.16385228931903839111328125">
        <ele>2</ele>
        <time>2026-09-15T22:11:21.000Z</time>
        <extensions>
          <ns3:TrackPointExtension>
            <ns3:hr>116</ns3:hr>
            <ns3:cad>91</ns3:cad>
          </ns3:TrackPointExtension>
        </extensions>
      </trkpt>
      <trkpt lat="31.4822299964725971221923828125" lon="121.16383393295109272003173828125">
        <ele>2</ele>
        <time>2026-09-15T22:11:22.000Z</time>
        <extensions>
          <ns3:TrackPointExtension>
            <ns3:hr>116</ns3:hr>
            <ns3:cad>91</ns3:cad>
          </ns3:TrackPointExtension>
        </extensions>
      </trkpt>
      <trkpt lat="31.48222354240715503692626953125" lon="121.16380308754742145538330078125">
        <ele>2</ele>
        <time>2026-09-15T22:11:23.000Z</time>
        <extensions>
          <ns3:TrackPointExtension>
            <ns3:hr>116</ns3:hr>
            <ns3:cad>92</ns3:cad>
          </ns3:TrackPointExtension>
        </extensions>
      </trkpt>
      <trkpt lat="31.4822142384946346282958984375" lon="121.1637859046459197998046875">
        <ele>2</ele>
        <time>2026-09-15T22:11:24.000Z</time>
        <extensions>
          <ns3:TrackPointExtension>
            <ns3:hr>116</ns3:hr>
            <ns3:cad>92</ns3:cad>
          </ns3:TrackPointExtension>
        </extensions>
      </trkpt>
      <trkpt lat="31.48220845498144626617431640625" lon="121.16375438868999481201171875">
        <ele>2</ele>
        <time>2026-09-15T22:11:25.000Z</time>
        <extensions>
          <ns3:TrackPointExtension>
            <ns3:hr>117</ns3:hr>
            <ns3:cad>92</ns3:cad>
          </ns3:TrackPointExtension>
        </extensions>
      </trkpt>
      <trkpt lat="31.48219957016408443450927734375" lon="121.16373687051236629486083984375">
        <ele>2</ele>
        <time>2026-09-15T22:11:26.000Z</time>
        <extensions>
          <ns3:TrackPointExtension>
            <ns3:hr>116</ns3:hr>
            <ns3:cad>93</ns3:cad>
          </ns3:TrackPointExtension>
        </extensions>
      </trkpt>
      <trkpt lat="31.48219102062284946441650390625" lon="121.16370770148932933807373046875">
        <ele>2</ele>
        <time>2026-09-15T22:11:27.000Z</time>
        <extensions>
          <ns3:TrackPointExtension>
            <ns3:hr>116</ns3:hr>
            <ns3:cad>93</ns3:cad>
          </ns3:TrackPointExtension>
        </extensions>
      </trkpt>
      <trkpt lat="31.4821797050535678863525390625" lon="121.16368641145527362823486328125">
        <ele>2</ele>
        <time>2026-09-15T22:11:28.000Z</time>
        <extensions>
          <ns3:TrackPointExtension>
            <ns3:hr>116</ns3:hr>
            <ns3:cad>93</ns3:cad>
          </ns3:TrackPointExtension>
        </extensions>
      </trkpt>
      <trkpt lat="31.48217543028295040130615234375" lon="121.16365648806095123291015625">
        <ele>2</ele>
        <time>2026-09-15T22:11:29.000Z</time>
        <extensions>
          <ns3:TrackPointExtension>
            <ns3:hr>116</ns3:hr>
            <ns3:cad>92</ns3:cad>
          </ns3:TrackPointExtension>
        </extensions>
      </trkpt>
      <trkpt lat="31.48216302506625652313232421875" lon="121.16363444365561008453369140625">
        <ele>2</ele>
        <time>2026-09-15T22:11:30.000Z</time>
        <extensions>
          <ns3:TrackPointExtension>
            <ns3:hr>116</ns3:hr>
            <ns3:cad>92</ns3:cad>
          </ns3:TrackPointExtension>
        </extensions>
      </trkpt>
      <trkpt lat="31.4821552298963069915771484375" lon="121.1636134050786495208740234375">
        <ele>2</ele>
        <time>2026-09-15T22:11:31.000Z</time>
        <extensions>
          <ns3:TrackPointExtension>
            <ns3:hr>116</ns3:hr>
            <ns3:cad>92</ns3:cad>
          </ns3:TrackPointExtension>
        </extensions>
      </trkpt>
      <trkpt lat="31.48214399814605712890625" lon="121.1635889299213886260986328125">
        <ele>2.2000000476837158203125</ele>
        <time>2026-09-15T22:11:32.000Z</time>
        <extensions>
          <ns3:TrackPointExtension>
            <ns3:hr>116</ns3:hr>
            <ns3:cad>93</ns3:cad>
          </ns3:TrackPointExtension>
        </extensions>
      </trkpt>
      <trkpt lat="31.48213528096675872802734375" lon="121.16356923244893550872802734375">
        <ele>2.2000000476837158203125</ele>
        <time>2026-09-15T22:11:33.000Z</time>
        <extensions>
          <ns3:TrackPointExtension>
            <ns3:hr>116</ns3:hr>
            <ns3:cad>93</ns3:cad>
          </ns3:TrackPointExtension>
        </extensions>
      </trkpt>
      <trkpt lat="31.4821274019777774810791015625" lon="121.16353738121688365936279296875">
        <ele>2.2000000476837158203125</ele>
        <time>2026-09-15T22:11:34.000Z</time>
        <extensions>
          <ns3:TrackPointExtension>
            <ns3:hr>115</ns3:hr>
            <ns3:cad>93</ns3:cad>
          </ns3:TrackPointExtension>
        </extensions>
      </trkpt>
      <trkpt lat="31.48211658932268619537353515625" lon="121.16351567208766937255859375">
        <ele>2.2000000476837158203125</ele>
        <time>2026-09-15T22:11:35.000Z</time>
        <extensions>
          <ns3:TrackPointExtension>
            <ns3:hr>116</ns3:hr>
            <ns3:cad>93</ns3:cad>
          </ns3:TrackPointExtension>
        </extensions>
      </trkpt>
      <trkpt lat="31.48210871033370494842529296875" lon="121.16348323412239551544189453125">
        <ele>2.2000000476837158203125</ele>
        <time>2026-09-15T22:11:36.000Z</time>
        <extensions>
          <ns3:TrackPointExtension>
            <ns3:hr>116</ns3:hr>
            <ns3:cad>93</ns3:cad>
          </ns3:TrackPointExtension>
        </extensions>
      </trkpt>
      <trkpt lat="31.48209697566926479339599609375" lon="121.16346378810703754425048828125">
        <ele>2.2000000476837158203125</ele>
        <time>2026-09-15T22:11:37.000Z</time>
        <extensions>
          <ns3:TrackPointExtension>
            <ns3:hr>115</ns3:hr>
            <ns3:cad>92</ns3:cad>
          </ns3:TrackPointExtension>
        </extensions>
      </trkpt>
      <trkpt lat="31.48209110833704471588134765625" lon="121.16343243978917598724365234375">
        <ele>2.2000000476837158203125</ele>
        <time>2026-09-15T22:11:38.000Z</time>
        <extensions>
          <ns3:TrackPointExtension>
            <ns3:hr>115</ns3:hr>
            <ns3:cad>92</ns3:cad>
          </ns3:TrackPointExtension>
        </extensions>
      </trkpt>
      <trkpt lat="31.48207853548228740692138671875" lon="121.16341483779251575469970703125">
        <ele>2.2000000476837158203125</ele>
        <time>2026-09-15T22:11:39.000Z</time>
        <extensions>
          <ns3:TrackPointExtension>
            <ns3:hr>115</ns3:hr>
            <ns3:cad>92</ns3:cad>
          </ns3:TrackPointExtension>
        </extensions>
      </trkpt>
      <trkpt lat="31.482071578502655029296875" lon="121.16338600404560565948486328125">
        <ele>2.400000095367431640625</ele>
        <time>2026-09-15T22:11:40.000Z</time>
        <extensions>
          <ns3:TrackPointExtension>
            <ns3:hr>115</ns3:hr>
            <ns3:cad>92</ns3:cad>
          </ns3:TrackPointExtension>
        </extensions>
      </trkpt>
      <trkpt lat="31.48205976001918315887451171875" lon="121.1633666418492794036865234375">
        <ele>2.400000095367431640625</ele>
        <time>2026-09-15T22:11:41.000Z</time>
        <extensions>
          <ns3:TrackPointExtension>
            <ns3:hr>116</ns3:hr>
            <ns3:cad>93</ns3:cad>
          </ns3:TrackPointExtension>
        </extensions>
      </trkpt>
      <trkpt lat="31.48205540142953395843505859375" lon="121.16333864629268646240234375">
        <ele>2.400000095367431640625</ele>
        <time>2026-09-15T22:11:42.000Z</time>
        <extensions>
          <ns3:TrackPointExtension>
            <ns3:hr>116</ns3:hr>
            <ns3:cad>93</ns3:cad>
          </ns3:TrackPointExtension>
        </extensions>
      </trkpt>
      <trkpt lat="31.48204199038445949554443359375" lon="121.16331609897315502166748046875">
        <ele>2.400000095367431640625</ele>
        <time>2026-09-15T22:11:43.000Z</time>
        <extensions>
          <ns3:TrackPointExtension>
            <ns3:hr>116</ns3:hr>
            <ns3:cad>93</ns3:cad>
          </ns3:TrackPointExtension>
        </extensions>
      </trkpt>
      <trkpt lat="31.4820338599383831024169921875" lon="121.16329279728233814239501953125">
        <ele>2.400000095367431640625</ele>
        <time>2026-09-15T22:11:44.000Z</time>
        <extensions>
          <ns3:TrackPointExtension>
            <ns3:hr>116</ns3:hr>
            <ns3:cad>93</ns3:cad>
          </ns3:TrackPointExtension>
        </extensions>
      </trkpt>
      <trkpt lat="31.482022963464260101318359375" lon="121.163265220820903778076171875">
        <ele>2.400000095367431640625</ele>
        <time>2026-09-15T22:11:45.000Z</time>
        <extensions>
          <ns3:TrackPointExtension>
            <ns3:hr>117</ns3:hr>
            <ns3:cad>93</ns3:cad>
          </ns3:TrackPointExtension>
        </extensions>
      </trkpt>
      <trkpt lat="31.4820144139230251312255859375" lon="121.163244433701038360595703125">
        <ele>2.400000095367431640625</ele>
        <time>2026-09-15T22:11:46.000Z</time>
        <extensions>
          <ns3:TrackPointExtension>
            <ns3:hr>117</ns3:hr>
            <ns3:cad>93</ns3:cad>
          </ns3:TrackPointExtension>
        </extensions>
      </trkpt>
      <trkpt lat="31.48200628347694873809814453125" lon="121.163212917745113372802734375">
        <ele>2.400000095367431640625</ele>
        <time>2026-09-15T22:11:47.000Z</time>
        <extensions>
          <ns3:TrackPointExtension>
            <ns3:hr>117</ns3:hr>
            <ns3:cad>93</ns3:cad>
          </ns3:TrackPointExtension>
        </extensions>
      </trkpt>
      <trkpt lat="31.48199538700282573699951171875" lon="121.16319422610104084014892578125">
        <ele>2.400000095367431640625</ele>
        <time>2026-09-15T22:11:48.000Z</time>
        <extensions>
          <ns3:TrackPointExtension>
            <ns3:hr>117</ns3:hr>
            <ns3:cad>92</ns3:cad>
          </ns3:TrackPointExtension>
        </extensions>
      </trkpt>
      <trkpt lat="31.4819882623851299285888671875" lon="121.16316304542124271392822265625">
        <ele>2.599999904632568359375</ele>
        <time>2026-09-15T22:11:49.000Z</time>
        <extensions>
          <ns3:TrackPointExtension>
            <ns3:hr>117</ns3:hr>
            <ns3:cad>92</ns3:cad>
          </ns3:TrackPointExtension>
        </extensions>
      </trkpt>
      <trkpt lat="31.48197929374873638153076171875" lon="121.16314393468201160430908203125">
        <ele>2.599999904632568359375</ele>
        <time>2026-09-15T22:11:50.000Z</time>
        <extensions>
          <ns3:TrackPointExtension>
            <ns3:hr>118</ns3:hr>
            <ns3:cad>93</ns3:cad>
          </ns3:TrackPointExtension>
        </extensions>
      </trkpt>
      <trkpt lat="31.48197158239781856536865234375" lon="121.1631148494780063629150390625">
        <ele>2.599999904632568359375</ele>
        <time>2026-09-15T22:11:51.000Z</time>
        <extensions>
          <ns3:TrackPointExtension>
            <ns3:hr>118</ns3:hr>
            <ns3:cad>93</ns3:cad>
          </ns3:TrackPointExtension>
        </extensions>
      </trkpt>
      <trkpt lat="31.48195783607661724090576171875" lon="121.16309867240488529205322265625">
        <ele>2.599999904632568359375</ele>
        <time>2026-09-15T22:11:52.000Z</time>
        <extensions>
          <ns3:TrackPointExtension>
            <ns3:hr>118</ns3:hr>
            <ns3:cad>93</ns3:cad>
          </ns3:TrackPointExtension>
        </extensions>
      </trkpt>
      <trkpt lat="31.48195289075374603271484375" lon="121.16307017393410205841064453125">
        <ele>2.599999904632568359375</ele>
        <time>2026-09-15T22:11:53.000Z</time>
        <extensions>
          <ns3:TrackPointExtension>
            <ns3:hr>118</ns3:hr>
            <ns3:cad>93</ns3:cad>
          </ns3:TrackPointExtension>
        </extensions>
      </trkpt>
      <trkpt lat="31.48194107227027416229248046875" lon="121.16305072791874408721923828125">
        <ele>2.599999904632568359375</ele>
        <time>2026-09-15T22:11:54.000Z</time>
        <extensions>
          <ns3:TrackPointExtension>
            <ns3:hr>119</ns3:hr>
            <ns3:cad>93</ns3:cad>
          </ns3:TrackPointExtension>
        </extensions>
      </trkpt>
      <trkpt lat="31.48193671368062496185302734375" lon="121.1630214750766754150390625">
        <ele>2.599999904632568359375</ele>
        <time>2026-09-15T22:11:55.000Z</time>
        <extensions>
          <ns3:TrackPointExtension>
            <ns3:hr>119</ns3:hr>
            <ns3:cad>92</ns3:cad>
          </ns3:TrackPointExtension>
        </extensions>
      </trkpt>
      <trkpt lat="31.48192598484456539154052734375" lon="121.1630011908710002899169921875">
        <ele>2.599999904632568359375</ele>
        <time>2026-09-15T22:11:56.000Z</time>
        <extensions>
          <ns3:TrackPointExtension>
            <ns3:hr>119</ns3:hr>
            <ns3:cad>92</ns3:cad>
          </ns3:TrackPointExtension>
        </extensions>
      </trkpt>
      <trkpt lat="31.48192011751234531402587890625" lon="121.162974871695041656494140625">
        <ele>2.599999904632568359375</ele>
        <time>2026-09-15T22:11:57.000Z</time>
        <extensions>
          <ns3:TrackPointExtension>
            <ns3:hr>119</ns3:hr>
            <ns3:cad>92</ns3:cad>
          </ns3:TrackPointExtension>
        </extensions>
      </trkpt>
      <trkpt lat="31.48191022686660289764404296875" lon="121.16295165382325649261474609375">
        <ele>2.599999904632568359375</ele>
        <time>2026-09-15T22:11:58.000Z</time>
        <extensions>
          <ns3:TrackPointExtension>
            <ns3:hr>119</ns3:hr>
            <ns3:cad>92</ns3:cad>
          </ns3:TrackPointExtension>
        </extensions>
      </trkpt>
      <trkpt lat="31.48190033622086048126220703125" lon="121.16292952559888362884521484375">
        <ele>2.599999904632568359375</ele>
        <time>2026-09-15T22:11:59.000Z</time>
        <extensions>
          <ns3:TrackPointExtension>
            <ns3:hr>119</ns3:hr>
            <ns3:cad>93</ns3:cad>
          </ns3:TrackPointExtension>
        </extensions>
      </trkpt>
      <trkpt lat="31.48188893683254718780517578125" lon="121.162902452051639556884765625">
        <ele>2.599999904632568359375</ele>
        <time>2026-09-15T22:12:00.000Z</time>
        <extensions>
          <ns3:TrackPointExtension>
            <ns3:hr>119</ns3:hr>
            <ns3:cad>92</ns3:cad>
          </ns3:TrackPointExtension>
        </extensions>
      </trkpt>
      <trkpt lat="31.48187921382486820220947265625" lon="121.1628820002079010009765625">
        <ele>2.7999999523162841796875</ele>
        <time>2026-09-15T22:12:01.000Z</time>
        <extensions>
          <ns3:TrackPointExtension>
            <ns3:hr>119</ns3:hr>
            <ns3:cad>92</ns3:cad>
          </ns3:TrackPointExtension>
        </extensions>
      </trkpt>
      <trkpt lat="31.48187049664556980133056640625" lon="121.1628498136997222900390625">
        <ele>2.7999999523162841796875</ele>
        <time>2026-09-15T22:12:02.000Z</time>
        <extensions>
          <ns3:TrackPointExtension>
            <ns3:hr>120</ns3:hr>
            <ns3:cad>92</ns3:cad>
          </ns3:TrackPointExtension>
        </extensions>
      </trkpt>
      <trkpt lat="31.48185926489531993865966796875" lon="121.1628315411508083343505859375">
        <ele>2.599999904632568359375</ele>
        <time>2026-09-15T22:12:03.000Z</time>
        <extensions>
          <ns3:TrackPointExtension>
            <ns3:hr>120</ns3:hr>
            <ns3:cad>93</ns3:cad>
          </ns3:TrackPointExtension>
        </extensions>
      </trkpt>
      <trkpt lat="31.481851637363433837890625" lon="121.16280480287969112396240234375">
        <ele>2.599999904632568359375</ele>
        <time>2026-09-15T22:12:04.000Z</time>
        <extensions>
          <ns3:TrackPointExtension>
            <ns3:hr>120</ns3:hr>
            <ns3:cad>93</ns3:cad>
          </ns3:TrackPointExtension>
        </extensions>
      </trkpt>
      <trkpt lat="31.48184149526059627532958984375" lon="121.16278669796884059906005859375">
        <ele>2.599999904632568359375</ele>
        <time>2026-09-15T22:12:05.000Z</time>
        <extensions>
          <ns3:TrackPointExtension>
            <ns3:hr>120</ns3:hr>
            <ns3:cad>92</ns3:cad>
          </ns3:TrackPointExtension>
        </extensions>
      </trkpt>
      <trkpt lat="31.481835544109344482421875" lon="121.16275836713612079620361328125">
        <ele>2.599999904632568359375</ele>
        <time>2026-09-15T22:12:06.000Z</time>
        <extensions>
          <ns3:TrackPointExtension>
            <ns3:hr>119</ns3:hr>
            <ns3:cad>92</ns3:cad>
          </ns3:TrackPointExtension>
        </extensions>
      </trkpt>
      <trkpt lat="31.4818229712545871734619140625" lon="121.16274126805365085601806640625">
        <ele>2.599999904632568359375</ele>
        <time>2026-09-15T22:12:07.000Z</time>
        <extensions>
          <ns3:TrackPointExtension>
            <ns3:hr>120</ns3:hr>
            <ns3:cad>92</ns3:cad>
          </ns3:TrackPointExtension>
        </extensions>
      </trkpt>
      <trkpt lat="31.48181836120784282684326171875" lon="121.1627162061631679534912109375">
        <ele>2.7999999523162841796875</ele>
        <time>2026-09-15T22:12:08.000Z</time>
        <extensions>
          <ns3:TrackPointExtension>
            <ns3:hr>120</ns3:hr>
            <ns3:cad>92</ns3:cad>
          </ns3:TrackPointExtension>
        </extensions>
      </trkpt>
      <trkpt lat="31.48180612362921237945556640625" lon="121.16269801743328571319580078125">
        <ele>2.7999999523162841796875</ele>
        <time>2026-09-15T22:12:09.000Z</time>
        <extensions>
          <ns3:TrackPointExtension>
            <ns3:hr>119</ns3:hr>
            <ns3:cad>92</ns3:cad>
          </ns3:TrackPointExtension>
        </extensions>
      </trkpt>
      <trkpt lat="31.4817978255450725555419921875" lon="121.1626719497144222259521484375">
        <ele>2.7999999523162841796875</ele>
        <time>2026-09-15T22:12:10.000Z</time>
        <extensions>
          <ns3:TrackPointExtension>
            <ns3:hr>120</ns3:hr>
            <ns3:cad>93</ns3:cad>
          </ns3:TrackPointExtension>
        </extensions>
      </trkpt>
      <trkpt lat="31.4817877672612667083740234375" lon="121.1626494862139225006103515625">
        <ele>2.7999999523162841796875</ele>
        <time>2026-09-15T22:12:11.000Z</time>
        <extensions>
          <ns3:TrackPointExtension>
            <ns3:hr>119</ns3:hr>
            <ns3:cad>93</ns3:cad>
          </ns3:TrackPointExtension>
        </extensions>
      </trkpt>
      <trkpt lat="31.4817827381193637847900390625" lon="121.16262559778988361358642578125">
        <ele>2.7999999523162841796875</ele>
        <time>2026-09-15T22:12:12.000Z</time>
        <extensions>
          <ns3:TrackPointExtension>
            <ns3:hr>119</ns3:hr>
            <ns3:cad>94</ns3:cad>
          </ns3:TrackPointExtension>
        </extensions>
      </trkpt>
      <trkpt lat="31.481774188578128814697265625" lon="121.1626008711755275726318359375">
        <ele>2.7999999523162841796875</ele>
        <time>2026-09-15T22:12:13.000Z</time>
        <extensions>
          <ns3:TrackPointExtension>
            <ns3:hr>119</ns3:hr>
            <ns3:cad>93</ns3:cad>
          </ns3:TrackPointExtension>
        </extensions>
      </trkpt>
      <trkpt lat="31.48176890797913074493408203125" lon="121.1625753901898860931396484375">
        <ele>3</ele>
        <time>2026-09-15T22:12:14.000Z</time>
        <extensions>
          <ns3:TrackPointExtension>
            <ns3:hr>119</ns3:hr>
            <ns3:cad>93</ns3:cad>
          </ns3:TrackPointExtension>
        </extensions>
      </trkpt>
      <trkpt lat="31.4817649684846401214599609375" lon="121.16254546679556369781494140625">
        <ele>3</ele>
        <time>2026-09-15T22:12:15.000Z</time>
        <extensions>
          <ns3:TrackPointExtension>
            <ns3:hr>119</ns3:hr>
            <ns3:cad>92</ns3:cad>
          </ns3:TrackPointExtension>
        </extensions>
      </trkpt>
      <trkpt lat="31.48176438175141811370849609375" lon="121.16252057254314422607421875">
        <ele>3</ele>
        <time>2026-09-15T22:12:16.000Z</time>
        <extensions>
          <ns3:TrackPointExtension>
            <ns3:hr>119</ns3:hr>
            <ns3:cad>92</ns3:cad>
          </ns3:TrackPointExtension>
        </extensions>
      </trkpt>
      <trkpt lat="31.48176890797913074493408203125" lon="121.1624909006059169769287109375">
        <ele>3</ele>
        <time>2026-09-15T22:12:17.000Z</time>
        <extensions>
          <ns3:TrackPointExtension>
            <ns3:hr>119</ns3:hr>
            <ns3:cad>92</ns3:cad>
          </ns3:TrackPointExtension>
        </extensions>
      </trkpt>
      <trkpt lat="31.48177745752036571502685546875" lon="121.16246801801025867462158203125">
        <ele>3</ele>
        <time>2026-09-15T22:12:18.000Z</time>
        <extensions>
          <ns3:TrackPointExtension>
            <ns3:hr>118</ns3:hr>
            <ns3:cad>92</ns3:cad>
          </ns3:TrackPointExtension>
        </extensions>
      </trkpt>
      <trkpt lat="31.48179304786026477813720703125" lon="121.16244555450975894927978515625">
        <ele>3</ele>
        <time>2026-09-15T22:12:19.000Z</time>
        <extensions>
          <ns3:TrackPointExtension>
            <ns3:hr>118</ns3:hr>
            <ns3:cad>90</ns3:cad>
          </ns3:TrackPointExtension>
        </extensions>
      </trkpt>
      <trkpt lat="31.48180411197245121002197265625" lon="121.16242627613246440887451171875">
        <ele>3</ele>
        <time>2026-09-15T22:12:20.000Z</time>
        <extensions>
          <ns3:TrackPointExtension>
            <ns3:hr>118</ns3:hr>
            <ns3:cad>90</ns3:cad>
          </ns3:TrackPointExtension>
        </extensions>
      </trkpt>
      <trkpt lat="31.48182548582553863525390625" lon="121.1624084226787090301513671875">
        <ele>3</ele>
        <time>2026-09-15T22:12:21.000Z</time>
        <extensions>
          <ns3:TrackPointExtension>
            <ns3:hr>119</ns3:hr>
            <ns3:cad>90</ns3:cad>
          </ns3:TrackPointExtension>
        </extensions>
      </trkpt>
      <trkpt lat="31.48183579556643962860107421875" lon="121.1623923294246196746826171875">
        <ele>3</ele>
        <time>2026-09-15T22:12:22.000Z</time>
        <extensions>
          <ns3:TrackPointExtension>
            <ns3:hr>118</ns3:hr>
            <ns3:cad>91</ns3:cad>
          </ns3:TrackPointExtension>
        </extensions>
      </trkpt>
      <trkpt lat="31.4818598516285419464111328125" lon="121.16237263195216655731201171875">
        <ele>3</ele>
        <time>2026-09-15T22:12:23.000Z</time>
        <extensions>
          <ns3:TrackPointExtension>
            <ns3:hr>118</ns3:hr>
            <ns3:cad>91</ns3:cad>
          </ns3:TrackPointExtension>
        </extensions>
      </trkpt>
      <trkpt lat="31.4818746037781238555908203125" lon="121.16235561668872833251953125">
        <ele>3</ele>
        <time>2026-09-15T22:12:24.000Z</time>
        <extensions>
          <ns3:TrackPointExtension>
            <ns3:hr>118</ns3:hr>
            <ns3:cad>92</ns3:cad>
          </ns3:TrackPointExtension>
        </extensions>
      </trkpt>
      <trkpt lat="31.48189983330667018890380859375" lon="121.1623393557965755462646484375">
        <ele>3</ele>
        <time>2026-09-15T22:12:25.000Z</time>
        <extensions>
          <ns3:TrackPointExtension>
            <ns3:hr>117</ns3:hr>
            <ns3:cad>92</ns3:cad>
          </ns3:TrackPointExtension>
        </extensions>
      </trkpt>
      <trkpt lat="31.48191668093204498291015625" lon="121.1623241007328033447265625">
        <ele>3</ele>
        <time>2026-09-15T22:12:26.000Z</time>
        <extensions>
          <ns3:TrackPointExtension>
            <ns3:hr>117</ns3:hr>
            <ns3:cad>92</ns3:cad>
          </ns3:TrackPointExtension>
        </extensions>
      </trkpt>
      <trkpt lat="31.48194341920316219329833984375" lon="121.16231312043964862823486328125">
        <ele>3</ele>
        <time>2026-09-15T22:12:27.000Z</time>
        <extensions>
          <ns3:TrackPointExtension>
            <ns3:hr>117</ns3:hr>
            <ns3:cad>92</ns3:cad>
          </ns3:TrackPointExtension>
        </extensions>
      </trkpt>
      <trkpt lat="31.48195666261017322540283203125" lon="121.162299625575542449951171875">
        <ele>3</ele>
        <time>2026-09-15T22:12:28.000Z</time>
        <extensions>
          <ns3:TrackPointExtension>
            <ns3:hr>117</ns3:hr>
            <ns3:cad>92</ns3:cad>
          </ns3:TrackPointExtension>
        </extensions>
      </trkpt>
      <trkpt lat="31.48198314942419528961181640625" lon="121.16229015402495861053466796875">
        <ele>3</ele>
        <time>2026-09-15T22:12:29.000Z</time>
        <extensions>
          <ns3:TrackPointExtension>
            <ns3:hr>116</ns3:hr>
            <ns3:cad>91</ns3:cad>
          </ns3:TrackPointExtension>
        </extensions>
      </trkpt>
      <trkpt lat="31.4819983206689357757568359375" lon="121.16227908991277217864990234375">
        <ele>3</ele>
        <time>2026-09-15T22:12:30.000Z</time>
        <extensions>
          <ns3:TrackPointExtension>
            <ns3:hr>116</ns3:hr>
            <ns3:cad>91</ns3:cad>
          </ns3:TrackPointExtension>
        </extensions>
      </trkpt>
      <trkpt lat="31.48202438838779926300048828125" lon="121.16227070800960063934326171875">
        <ele>3</ele>
        <time>2026-09-15T22:12:31.000Z</time>
        <extensions>
          <ns3:TrackPointExtension>
            <ns3:hr>116</ns3:hr>
            <ns3:cad>91</ns3:cad>
          </ns3:TrackPointExtension>
        </extensions>
      </trkpt>
      <trkpt lat="31.4820378832519054412841796875" lon="121.16225771605968475341796875">
        <ele>3</ele>
        <time>2026-09-15T22:12:32.000Z</time>
        <extensions>
          <ns3:TrackPointExtension>
            <ns3:hr>116</ns3:hr>
            <ns3:cad>91</ns3:cad>
          </ns3:TrackPointExtension>
        </extensions>
      </trkpt>
      <trkpt lat="31.482059843838214874267578125" lon="121.1622511781752109527587890625">
        <ele>3</ele>
        <time>2026-09-15T22:12:33.000Z</time>
        <extensions>
          <ns3:TrackPointExtension>
            <ns3:hr>116</ns3:hr>
            <ns3:cad>92</ns3:cad>
          </ns3:TrackPointExtension>
        </extensions>
      </trkpt>
      <trkpt lat="31.4820737577974796295166015625" lon="121.16223759949207305908203125">
        <ele>3.2000000476837158203125</ele>
        <time>2026-09-15T22:12:34.000Z</time>
        <extensions>
          <ns3:TrackPointExtension>
            <ns3:hr>116</ns3:hr>
            <ns3:cad>92</ns3:cad>
          </ns3:TrackPointExtension>
        </extensions>
      </trkpt>
      <trkpt lat="31.48209479637444019317626953125" lon="121.1622273735702037811279296875">
        <ele>3.2000000476837158203125</ele>
        <time>2026-09-15T22:12:35.000Z</time>
        <extensions>
          <ns3:TrackPointExtension>
            <ns3:hr>116</ns3:hr>
            <ns3:cad>92</ns3:cad>
          </ns3:TrackPointExtension>
        </extensions>
      </trkpt>
      <trkpt lat="31.48211139254271984100341796875" lon="121.1622109450399875640869140625">
        <ele>3.2000000476837158203125</ele>
        <time>2026-09-15T22:12:36.000Z</time>
        <extensions>
          <ns3:TrackPointExtension>
            <ns3:hr>116</ns3:hr>
            <ns3:cad>92</ns3:cad>
          </ns3:TrackPointExtension>
        </extensions>
      </trkpt>
      <trkpt lat="31.48212983272969722747802734375" lon="121.1621980369091033935546875">
        <ele>3.2000000476837158203125</ele>
        <time>2026-09-15T22:12:37.000Z</time>
        <extensions>
          <ns3:TrackPointExtension>
            <ns3:hr>116</ns3:hr>
            <ns3:cad>93</ns3:cad>
          </ns3:TrackPointExtension>
        </extensions>
      </trkpt>
      <trkpt lat="31.482147015631198883056640625" lon="121.1621827818453311920166015625">
        <ele>3.2000000476837158203125</ele>
        <time>2026-09-15T22:12:38.000Z</time>
        <extensions>
          <ns3:TrackPointExtension>
            <ns3:hr>115</ns3:hr>
            <ns3:cad>93</ns3:cad>
          </ns3:TrackPointExtension>
        </extensions>
      </trkpt>
      <trkpt lat="31.48216285742819309234619140625" lon="121.16217280738055706024169921875">
        <ele>3.2000000476837158203125</ele>
        <time>2026-09-15T22:12:39.000Z</time>
        <extensions>
          <ns3:TrackPointExtension>
            <ns3:hr>115</ns3:hr>
            <ns3:cad>93</ns3:cad>
          </ns3:TrackPointExtension>
        </extensions>
      </trkpt>
      <trkpt lat="31.4821827225387096405029296875" lon="121.1621573008596897125244140625">
        <ele>3.2000000476837158203125</ele>
        <time>2026-09-15T22:12:40.000Z</time>
        <extensions>
          <ns3:TrackPointExtension>
            <ns3:hr>115</ns3:hr>
            <ns3:cad>92</ns3:cad>
          </ns3:TrackPointExtension>
        </extensions>
      </trkpt>
      <trkpt lat="31.482196636497974395751953125" lon="121.162144057452678680419921875">
        <ele>3.400000095367431640625</ele>
        <time>2026-09-15T22:12:41.000Z</time>
        <extensions>
          <ns3:TrackPointExtension>
            <ns3:hr>115</ns3:hr>
            <ns3:cad>92</ns3:cad>
          </ns3:TrackPointExtension>
        </extensions>
      </trkpt>
      <trkpt lat="31.482216753065586090087890625" lon="121.16213207133114337921142578125">
        <ele>3.400000095367431640625</ele>
        <time>2026-09-15T22:12:42.000Z</time>
        <extensions>
          <ns3:TrackPointExtension>
            <ns3:hr>116</ns3:hr>
            <ns3:cad>91</ns3:cad>
          </ns3:TrackPointExtension>
        </extensions>
      </trkpt>
      <trkpt lat="31.48222982883453369140625" lon="121.1621174030005931854248046875">
        <ele>3.400000095367431640625</ele>
        <time>2026-09-15T22:12:43.000Z</time>
        <extensions>
          <ns3:TrackPointExtension>
            <ns3:hr>115</ns3:hr>
            <ns3:cad>91</ns3:cad>
          </ns3:TrackPointExtension>
        </extensions>
      </trkpt>
      <trkpt lat="31.4822541363537311553955078125" lon="121.162101142108440399169921875">
        <ele>3.400000095367431640625</ele>
        <time>2026-09-15T22:12:44.000Z</time>
        <extensions>
          <ns3:TrackPointExtension>
            <ns3:hr>115</ns3:hr>
            <ns3:cad>92</ns3:cad>
          </ns3:TrackPointExtension>
        </extensions>
      </trkpt>
      <trkpt lat="31.48226461373269557952880859375" lon="121.16208714433014392852783203125">
        <ele>3.400000095367431640625</ele>
        <time>2026-09-15T22:12:45.000Z</time>
        <extensions>
          <ns3:TrackPointExtension>
            <ns3:hr>116</ns3:hr>
            <ns3:cad>92</ns3:cad>
          </ns3:TrackPointExtension>
        </extensions>
      </trkpt>
      <trkpt lat="31.482289843261241912841796875" lon="121.16206903941929340362548828125">
        <ele>3.400000095367431640625</ele>
        <time>2026-09-15T22:12:46.000Z</time>
        <extensions>
          <ns3:TrackPointExtension>
            <ns3:hr>115</ns3:hr>
            <ns3:cad>92</ns3:cad>
          </ns3:TrackPointExtension>
        </extensions>
      </trkpt>
      <trkpt lat="31.48230417631566524505615234375" lon="121.16205210797488689422607421875">
        <ele>3.2000000476837158203125</ele>
        <time>2026-09-15T22:12:47.000Z</time>
        <extensions>
          <ns3:TrackPointExtension>
            <ns3:hr>115</ns3:hr>
            <ns3:cad>92</ns3:cad>
          </ns3:TrackPointExtension>
        </extensions>
      </trkpt>
      <trkpt lat="31.48232974112033843994140625" lon="121.16203844547271728515625">
        <ele>3.2000000476837158203125</ele>
        <time>2026-09-15T22:12:48.000Z</time>
        <extensions>
          <ns3:TrackPointExtension>
            <ns3:hr>116</ns3:hr>
            <ns3:cad>92</ns3:cad>
          </ns3:TrackPointExtension>
        </extensions>
      </trkpt>
      <trkpt lat="31.4823409728705883026123046875" lon="121.16202302277088165283203125">
        <ele>3.2000000476837158203125</ele>
        <time>2026-09-15T22:12:49.000Z</time>
        <extensions>
          <ns3:TrackPointExtension>
            <ns3:hr>115</ns3:hr>
            <ns3:cad>92</ns3:cad>
          </ns3:TrackPointExtension>
        </extensions>
      </trkpt>
      <trkpt lat="31.4823651127517223358154296875" lon="121.16201170720160007476806640625">
        <ele>3.2000000476837158203125</ele>
        <time>2026-09-15T22:12:50.000Z</time>
        <extensions>
          <ns3:TrackPointExtension>
            <ns3:hr>115</ns3:hr>
            <ns3:cad>92</ns3:cad>
          </ns3:TrackPointExtension>
        </extensions>
      </trkpt>
      <trkpt lat="31.482377350330352783203125" lon="121.1620010621845722198486328125">
        <ele>3.2000000476837158203125</ele>
        <time>2026-09-15T22:12:51.000Z</time>
        <extensions>
          <ns3:TrackPointExtension>
            <ns3:hr>115</ns3:hr>
            <ns3:cad>92</ns3:cad>
          </ns3:TrackPointExtension>
        </extensions>
      </trkpt>
      <trkpt lat="31.482403837144374847412109375" lon="121.16198622621595859527587890625">
        <ele>3.400000095367431640625</ele>
        <time>2026-09-15T22:12:52.000Z</time>
        <extensions>
          <ns3:TrackPointExtension>
            <ns3:hr>116</ns3:hr>
            <ns3:cad>92</ns3:cad>
          </ns3:TrackPointExtension>
        </extensions>
      </trkpt>
      <trkpt lat="31.4824140630662441253662109375" lon="121.16197264753282070159912109375">
        <ele>3.400000095367431640625</ele>
        <time>2026-09-15T22:12:53.000Z</time>
        <extensions>
          <ns3:TrackPointExtension>
            <ns3:hr>115</ns3:hr>
            <ns3:cad>91</ns3:cad>
          </ns3:TrackPointExtension>
        </extensions>
      </trkpt>
      <trkpt lat="31.4824378676712512969970703125" lon="121.1619601584970951080322265625">
        <ele>3.400000095367431640625</ele>
        <time>2026-09-15T22:12:54.000Z</time>
        <extensions>
          <ns3:TrackPointExtension>
            <ns3:hr>116</ns3:hr>
            <ns3:cad>91</ns3:cad>
          </ns3:TrackPointExtension>
        </extensions>
      </trkpt>
      <trkpt lat="31.482447423040866851806640625" lon="121.16194766946136951446533203125">
        <ele>3.400000095367431640625</ele>
        <time>2026-09-15T22:12:55.000Z</time>
        <extensions>
          <ns3:TrackPointExtension>
            <ns3:hr>116</ns3:hr>
            <ns3:cad>90</ns3:cad>
          </ns3:TrackPointExtension>
        </extensions>
      </trkpt>
      <trkpt lat="31.4824656955897808074951171875" lon="121.1619351804256439208984375">
        <ele>3.400000095367431640625</ele>
        <time>2026-09-15T22:12:56.000Z</time>
        <extensions>
          <ns3:TrackPointExtension>
            <ns3:hr>116</ns3:hr>
            <ns3:cad>90</ns3:cad>
          </ns3:TrackPointExtension>
        </extensions>
      </trkpt>
      <trkpt lat="31.4824779331684112548828125" lon="121.16192185319960117340087890625">
        <ele>3.400000095367431640625</ele>
        <time>2026-09-15T22:12:57.000Z</time>
        <extensions>
          <ns3:TrackPointExtension>
            <ns3:hr>115</ns3:hr>
            <ns3:cad>90</ns3:cad>
          </ns3:TrackPointExtension>
        </extensions>
      </trkpt>
      <trkpt lat="31.48249997757375240325927734375" lon="121.1619108729064464569091796875">
        <ele>3.400000095367431640625</ele>
        <time>2026-09-15T22:12:58.000Z</time>
        <extensions>
          <ns3:TrackPointExtension>
            <ns3:hr>116</ns3:hr>
            <ns3:cad>90</ns3:cad>
          </ns3:TrackPointExtension>
        </extensions>
      </trkpt>
      <trkpt lat="31.48251489736139774322509765625" lon="121.16190073080360889434814453125">
        <ele>3.400000095367431640625</ele>
        <time>2026-09-15T22:12:59.000Z</time>
        <extensions>
          <ns3:TrackPointExtension>
            <ns3:hr>116</ns3:hr>
            <ns3:cad>90</ns3:cad>
          </ns3:TrackPointExtension>
        </extensions>
      </trkpt>
      <trkpt lat="31.48253786377608776092529296875" lon="121.1618904210627079010009765625">
        <ele>3.2000000476837158203125</ele>
        <time>2026-09-15T22:13:00.000Z</time>
        <extensions>
          <ns3:TrackPointExtension>
            <ns3:hr>116</ns3:hr>
            <ns3:cad>90</ns3:cad>
          </ns3:TrackPointExtension>
        </extensions>
      </trkpt>
      <trkpt lat="31.48255093954503536224365234375" lon="121.1618749983608722686767578125">
        <ele>3.400000095367431640625</ele>
        <time>2026-09-15T22:13:01.000Z</time>
        <extensions>
          <ns3:TrackPointExtension>
            <ns3:hr>116</ns3:hr>
            <ns3:cad>90</ns3:cad>
          </ns3:TrackPointExtension>
        </extensions>
      </trkpt>
      <trkpt lat="31.48257424123585224151611328125" lon="121.16186133585870265960693359375">
        <ele>3.400000095367431640625</ele>
        <time>2026-09-15T22:13:02.000Z</time>
        <extensions>
          <ns3:TrackPointExtension>
            <ns3:hr>115</ns3:hr>
            <ns3:cad>90</ns3:cad>
          </ns3:TrackPointExtension>
        </extensions>
      </trkpt>
      <trkpt lat="31.4825880713760852813720703125" lon="121.1618441529572010040283203125">
        <ele>3.400000095367431640625</ele>
        <time>2026-09-15T22:13:03.000Z</time>
        <extensions>
          <ns3:TrackPointExtension>
            <ns3:hr>116</ns3:hr>
            <ns3:cad>90</ns3:cad>
          </ns3:TrackPointExtension>
        </extensions>
      </trkpt>
      <trkpt lat="31.4826132170855998992919921875" lon="121.16183149628341197967529296875">
        <ele>3.400000095367431640625</ele>
        <time>2026-09-15T22:13:04.000Z</time>
        <extensions>
          <ns3:TrackPointExtension>
            <ns3:hr>116</ns3:hr>
            <ns3:cad>90</ns3:cad>
          </ns3:TrackPointExtension>
        </extensions>
      </trkpt>
      <trkpt lat="31.482631154358386993408203125" lon="121.16181221790611743927001953125">
        <ele>3.400000095367431640625</ele>
        <time>2026-09-15T22:13:05.000Z</time>
        <extensions>
          <ns3:TrackPointExtension>
            <ns3:hr>116</ns3:hr>
            <ns3:cad>91</ns3:cad>
          </ns3:TrackPointExtension>
        </extensions>
      </trkpt>
      <trkpt lat="31.48265135474503040313720703125" lon="121.16180039942264556884765625">
        <ele>3.400000095367431640625</ele>
        <time>2026-09-15T22:13:06.000Z</time>
        <extensions>
          <ns3:TrackPointExtension>
            <ns3:hr>116</ns3:hr>
            <ns3:cad>92</ns3:cad>
          </ns3:TrackPointExtension>
        </extensions>
      </trkpt>
      <trkpt lat="31.4826688729226589202880859375" lon="121.1617831327021121978759765625">
        <ele>3.599999904632568359375</ele>
        <time>2026-09-15T22:13:07.000Z</time>
        <extensions>
          <ns3:TrackPointExtension>
            <ns3:hr>115</ns3:hr>
            <ns3:cad>92</ns3:cad>
          </ns3:TrackPointExtension>
        </extensions>
      </trkpt>
      <trkpt lat="31.48268756456673145294189453125" lon="121.1617720685899257659912109375">
        <ele>3.599999904632568359375</ele>
        <time>2026-09-15T22:13:08.000Z</time>
        <extensions>
          <ns3:TrackPointExtension>
            <ns3:hr>116</ns3:hr>
            <ns3:cad>92</ns3:cad>
          </ns3:TrackPointExtension>
        </extensions>
      </trkpt>
      <trkpt lat="31.482702232897281646728515625" lon="121.1617556400597095489501953125">
        <ele>3.599999904632568359375</ele>
        <time>2026-09-15T22:13:09.000Z</time>
        <extensions>
          <ns3:TrackPointExtension>
            <ns3:hr>116</ns3:hr>
            <ns3:cad>92</ns3:cad>
          </ns3:TrackPointExtension>
        </extensions>
      </trkpt>
      <trkpt lat="31.48272142745554447174072265625" lon="121.1617445759475231170654296875">
        <ele>3.599999904632568359375</ele>
        <time>2026-09-15T22:13:10.000Z</time>
        <extensions>
          <ns3:TrackPointExtension>
            <ns3:hr>116</ns3:hr>
            <ns3:cad>92</ns3:cad>
          </ns3:TrackPointExtension>
        </extensions>
      </trkpt>
      <trkpt lat="31.48273601196706295013427734375" lon="121.16173007525503635406494140625">
        <ele>3.599999904632568359375</ele>
        <time>2026-09-15T22:13:11.000Z</time>
        <extensions>
          <ns3:TrackPointExtension>
            <ns3:hr>115</ns3:hr>
            <ns3:cad>91</ns3:cad>
          </ns3:TrackPointExtension>
        </extensions>
      </trkpt>
      <trkpt lat="31.48275554180145263671875" lon="121.16171859204769134521484375">
        <ele>3.599999904632568359375</ele>
        <time>2026-09-15T22:13:12.000Z</time>
        <extensions>
          <ns3:TrackPointExtension>
            <ns3:hr>115</ns3:hr>
            <ns3:cad>91</ns3:cad>
          </ns3:TrackPointExtension>
        </extensions>
      </trkpt>
      <trkpt lat="31.482773311436176300048828125" lon="121.16170207969844341278076171875">
        <ele>3.599999904632568359375</ele>
        <time>2026-09-15T22:13:13.000Z</time>
        <extensions>
          <ns3:TrackPointExtension>
            <ns3:hr>115</ns3:hr>
            <ns3:cad>90</ns3:cad>
          </ns3:TrackPointExtension>
        </extensions>
      </trkpt>
      <trkpt lat="31.48279384709894657135009765625" lon="121.16169051267206668853759765625">
        <ele>3.599999904632568359375</ele>
        <time>2026-09-15T22:13:14.000Z</time>
        <extensions>
          <ns3:TrackPointExtension>
            <ns3:hr>115</ns3:hr>
            <ns3:cad>89</ns3:cad>
          </ns3:TrackPointExtension>
        </extensions>
      </trkpt>
      <trkpt lat="31.48281329311430454254150390625" lon="121.16167374886572360992431640625">
        <ele>3.599999904632568359375</ele>
        <time>2026-09-15T22:13:15.000Z</time>
        <extensions>
          <ns3:TrackPointExtension>
            <ns3:hr>115</ns3:hr>
            <ns3:cad>89</ns3:cad>
          </ns3:TrackPointExtension>
        </extensions>
      </trkpt>
      <trkpt lat="31.4828308112919330596923828125" lon="121.16165966726839542388916015625">
        <ele>3.599999904632568359375</ele>
        <time>2026-09-15T22:13:16.000Z</time>
        <extensions>
          <ns3:TrackPointExtension>
            <ns3:hr>115</ns3:hr>
            <ns3:cad>90</ns3:cad>
          </ns3:TrackPointExtension>
        </extensions>
      </trkpt>
      <trkpt lat="31.482853107154369354248046875" lon="121.1616413109004497528076171875">
        <ele>3.599999904632568359375</ele>
        <time>2026-09-15T22:13:17.000Z</time>
        <extensions>
          <ns3:TrackPointExtension>
            <ns3:hr>115</ns3:hr>
            <ns3:cad>90</ns3:cad>
          </ns3:TrackPointExtension>
        </extensions>
      </trkpt>
      <trkpt lat="31.48286978714168071746826171875" lon="121.16162605583667755126953125">
        <ele>3.599999904632568359375</ele>
        <time>2026-09-15T22:13:18.000Z</time>
        <extensions>
          <ns3:TrackPointExtension>
            <ns3:hr>115</ns3:hr>
            <ns3:cad>91</ns3:cad>
          </ns3:TrackPointExtension>
        </extensions>
      </trkpt>
      <trkpt lat="31.48289426229894161224365234375" lon="121.16160887293517589569091796875">
        <ele>3.599999904632568359375</ele>
        <time>2026-09-15T22:13:19.000Z</time>
        <extensions>
          <ns3:TrackPointExtension>
            <ns3:hr>115</ns3:hr>
            <ns3:cad>91</ns3:cad>
          </ns3:TrackPointExtension>
        </extensions>
      </trkpt>
      <trkpt lat="31.48290733806788921356201171875" lon="121.16159479133784770965576171875">
        <ele>3.599999904632568359375</ele>
        <time>2026-09-15T22:13:20.000Z</time>
        <extensions>
          <ns3:TrackPointExtension>
            <ns3:hr>115</ns3:hr>
            <ns3:cad>92</ns3:cad>
          </ns3:TrackPointExtension>
        </extensions>
      </trkpt>
      <trkpt lat="31.48293047212064266204833984375" lon="121.161582469940185546875">
        <ele>3.599999904632568359375</ele>
        <time>2026-09-15T22:13:21.000Z</time>
        <extensions>
          <ns3:TrackPointExtension>
            <ns3:hr>115</ns3:hr>
            <ns3:cad>92</ns3:cad>
          </ns3:TrackPointExtension>
        </extensions>
      </trkpt>
      <trkpt lat="31.4829448051750659942626953125" lon="121.16156863979995250701904296875">
        <ele>3.599999904632568359375</ele>
        <time>2026-09-15T22:13:22.000Z</time>
        <extensions>
          <ns3:TrackPointExtension>
            <ns3:hr>115</ns3:hr>
            <ns3:cad>92</ns3:cad>
          </ns3:TrackPointExtension>
        </extensions>
      </trkpt>
      <trkpt lat="31.4829692803323268890380859375" lon="121.16155623458325862884521484375">
        <ele>3.599999904632568359375</ele>
        <time>2026-09-15T22:13:23.000Z</time>
        <extensions>
          <ns3:TrackPointExtension>
            <ns3:hr>115</ns3:hr>
            <ns3:cad>92</ns3:cad>
          </ns3:TrackPointExtension>
        </extensions>
      </trkpt>
      <trkpt lat="31.48298243992030620574951171875" lon="121.16154081188142299652099609375">
        <ele>3.599999904632568359375</ele>
        <time>2026-09-15T22:13:24.000Z</time>
        <extensions>
          <ns3:TrackPointExtension>
            <ns3:hr>115</ns3:hr>
            <ns3:cad>92</ns3:cad>
          </ns3:TrackPointExtension>
        </extensions>
      </trkpt>
      <trkpt lat="31.48300825618207454681396484375" lon="121.16152907721698284149169921875">
        <ele>3.599999904632568359375</ele>
        <time>2026-09-15T22:13:25.000Z</time>
        <extensions>
          <ns3:TrackPointExtension>
            <ns3:hr>116</ns3:hr>
            <ns3:cad>92</ns3:cad>
          </ns3:TrackPointExtension>
        </extensions>
      </trkpt>
      <trkpt lat="31.48302250541746616363525390625" lon="121.16151331923902034759521484375">
        <ele>3.599999904632568359375</ele>
        <time>2026-09-15T22:13:26.000Z</time>
        <extensions>
          <ns3:TrackPointExtension>
            <ns3:hr>116</ns3:hr>
            <ns3:cad>92</ns3:cad>
          </ns3:TrackPointExtension>
        </extensions>
      </trkpt>
      <trkpt lat="31.483047567307949066162109375" lon="121.16150376386940479278564453125">
        <ele>3.599999904632568359375</ele>
        <time>2026-09-15T22:13:27.000Z</time>
        <extensions>
          <ns3:TrackPointExtension>
            <ns3:hr>116</ns3:hr>
            <ns3:cad>92</ns3:cad>
          </ns3:TrackPointExtension>
        </extensions>
      </trkpt>
      <trkpt lat="31.4830614812672138214111328125" lon="121.1614899337291717529296875">
        <ele>3.599999904632568359375</ele>
        <time>2026-09-15T22:13:28.000Z</time>
        <extensions>
          <ns3:TrackPointExtension>
            <ns3:hr>116</ns3:hr>
            <ns3:cad>92</ns3:cad>
          </ns3:TrackPointExtension>
        </extensions>
      </trkpt>
      <trkpt lat="31.483085453510284423828125" lon="121.161480210721492767333984375">
        <ele>3.599999904632568359375</ele>
        <time>2026-09-15T22:13:29.000Z</time>
        <extensions>
          <ns3:TrackPointExtension>
            <ns3:hr>115</ns3:hr>
            <ns3:cad>92</ns3:cad>
          </ns3:TrackPointExtension>
        </extensions>
      </trkpt>
      <trkpt lat="31.48310062475502490997314453125" lon="121.16146386601030826568603515625">
        <ele>3.599999904632568359375</ele>
        <time>2026-09-15T22:13:30.000Z</time>
        <extensions>
          <ns3:TrackPointExtension>
            <ns3:hr>116</ns3:hr>
            <ns3:cad>92</ns3:cad>
          </ns3:TrackPointExtension>
        </extensions>
      </trkpt>
      <trkpt lat="31.48312040604650974273681640625" lon="121.16145598702132701873779296875">
        <ele>3.599999904632568359375</ele>
        <time>2026-09-15T22:13:31.000Z</time>
        <extensions>
          <ns3:TrackPointExtension>
            <ns3:hr>116</ns3:hr>
            <ns3:cad>93</ns3:cad>
          </ns3:TrackPointExtension>
        </extensions>
      </trkpt>
      <trkpt lat="31.48313683457672595977783203125" lon="121.1614391393959522247314453125">
        <ele>3.599999904632568359375</ele>
        <time>2026-09-15T22:13:32.000Z</time>
        <extensions>
          <ns3:TrackPointExtension>
            <ns3:hr>115</ns3:hr>
            <ns3:cad>93</ns3:cad>
          </ns3:TrackPointExtension>
        </extensions>
      </trkpt>
      <trkpt lat="31.48315745405852794647216796875" lon="121.16142799146473407745361328125">
        <ele>3.599999904632568359375</ele>
        <time>2026-09-15T22:13:33.000Z</time>
        <extensions>
          <ns3:TrackPointExtension>
            <ns3:hr>116</ns3:hr>
            <ns3:cad>93</ns3:cad>
          </ns3:TrackPointExtension>
        </extensions>
      </trkpt>
      <trkpt lat="31.483176983892917633056640625" lon="121.16141106002032756805419921875">
        <ele>3.599999904632568359375</ele>
        <time>2026-09-15T22:13:34.000Z</time>
        <extensions>
          <ns3:TrackPointExtension>
            <ns3:hr>116</ns3:hr>
            <ns3:cad>92</ns3:cad>
          </ns3:TrackPointExtension>
        </extensions>
      </trkpt>
      <trkpt lat="31.48319735191762447357177734375" lon="121.16139882244169712066650390625">
        <ele>3.7999999523162841796875</ele>
        <time>2026-09-15T22:13:35.000Z</time>
        <extensions>
          <ns3:TrackPointExtension>
            <ns3:hr>116</ns3:hr>
            <ns3:cad>92</ns3:cad>
          </ns3:TrackPointExtension>
        </extensions>
      </trkpt>
      <trkpt lat="31.48321562446653842926025390625" lon="121.16138054989278316497802734375">
        <ele>3.7999999523162841796875</ele>
        <time>2026-09-15T22:13:36.000Z</time>
        <extensions>
          <ns3:TrackPointExtension>
            <ns3:hr>115</ns3:hr>
            <ns3:cad>92</ns3:cad>
          </ns3:TrackPointExtension>
        </extensions>
      </trkpt>
      <trkpt lat="31.4832334779202938079833984375" lon="121.16136713884770870208740234375">
        <ele>3.7999999523162841796875</ele>
        <time>2026-09-15T22:13:37.000Z</time>
        <extensions>
          <ns3:TrackPointExtension>
            <ns3:hr>116</ns3:hr>
            <ns3:cad>92</ns3:cad>
          </ns3:TrackPointExtension>
        </extensions>
      </trkpt>
      <trkpt lat="31.48325485177338123321533203125" lon="121.16135138086974620819091796875">
        <ele>3.599999904632568359375</ele>
        <time>2026-09-15T22:13:38.000Z</time>
        <extensions>
          <ns3:TrackPointExtension>
            <ns3:hr>115</ns3:hr>
            <ns3:cad>92</ns3:cad>
          </ns3:TrackPointExtension>
        </extensions>
      </trkpt>
      <trkpt lat="31.48326843045651912689208984375" lon="121.16133461706340312957763671875">
        <ele>3.599999904632568359375</ele>
        <time>2026-09-15T22:13:39.000Z</time>
        <extensions>
          <ns3:TrackPointExtension>
            <ns3:hr>115</ns3:hr>
            <ns3:cad>92</ns3:cad>
          </ns3:TrackPointExtension>
        </extensions>
      </trkpt>
      <trkpt lat="31.48329122923314571380615234375" lon="121.1613160930573940277099609375">
        <ele>3.599999904632568359375</ele>
        <time>2026-09-15T22:13:40.000Z</time>
        <extensions>
          <ns3:TrackPointExtension>
            <ns3:hr>115</ns3:hr>
            <ns3:cad>92</ns3:cad>
          </ns3:TrackPointExtension>
        </extensions>
      </trkpt>
      <trkpt lat="31.48330606520175933837890625" lon="121.16130477748811244964599609375">
        <ele>3.599999904632568359375</ele>
        <time>2026-09-15T22:13:41.000Z</time>
        <extensions>
          <ns3:TrackPointExtension>
            <ns3:hr>115</ns3:hr>
            <ns3:cad>92</ns3:cad>
          </ns3:TrackPointExtension>
        </extensions>
      </trkpt>
      <trkpt lat="31.483329869806766510009765625" lon="121.1612916179001331329345703125">
        <ele>3.599999904632568359375</ele>
        <time>2026-09-15T22:13:42.000Z</time>
        <extensions>
          <ns3:TrackPointExtension>
            <ns3:hr>115</ns3:hr>
            <ns3:cad>92</ns3:cad>
          </ns3:TrackPointExtension>
        </extensions>
      </trkpt>
      <trkpt lat="31.4833444543182849884033203125" lon="121.16127602756023406982421875">
        <ele>3.599999904632568359375</ele>
        <time>2026-09-15T22:13:43.000Z</time>
        <extensions>
          <ns3:TrackPointExtension>
            <ns3:hr>116</ns3:hr>
            <ns3:cad>92</ns3:cad>
          </ns3:TrackPointExtension>
        </extensions>
      </trkpt>
      <trkpt lat="31.48336934857070446014404296875" lon="121.16126152686774730682373046875">
        <ele>3.599999904632568359375</ele>
        <time>2026-09-15T22:13:44.000Z</time>
        <extensions>
          <ns3:TrackPointExtension>
            <ns3:hr>115</ns3:hr>
            <ns3:cad>92</ns3:cad>
          </ns3:TrackPointExtension>
        </extensions>
      </trkpt>
      <trkpt lat="31.48338192142546176910400390625" lon="121.16124643944203853607177734375">
        <ele>3.400000095367431640625</ele>
        <time>2026-09-15T22:13:45.000Z</time>
        <extensions>
          <ns3:TrackPointExtension>
            <ns3:hr>115</ns3:hr>
            <ns3:cad>93</ns3:cad>
          </ns3:TrackPointExtension>
        </extensions>
      </trkpt>
      <trkpt lat="31.48340396583080291748046875" lon="121.16123738698661327362060546875">
        <ele>3.400000095367431640625</ele>
        <time>2026-09-15T22:13:46.000Z</time>
        <extensions>
          <ns3:TrackPointExtension>
            <ns3:hr>115</ns3:hr>
            <ns3:cad>93</ns3:cad>
          </ns3:TrackPointExtension>
        </extensions>
      </trkpt>
      <trkpt lat="31.48341461084783077239990234375" lon="121.16122347302734851837158203125">
        <ele>3.400000095367431640625</ele>
        <time>2026-09-15T22:13:47.000Z</time>
        <extensions>
          <ns3:TrackPointExtension>
            <ns3:hr>115</ns3:hr>
            <ns3:cad>93</ns3:cad>
          </ns3:TrackPointExtension>
        </extensions>
      </trkpt>
      <trkpt lat="31.483437828719615936279296875" lon="121.1612151749432086944580078125">
        <ele>3.400000095367431640625</ele>
        <time>2026-09-15T22:13:48.000Z</time>
        <extensions>
          <ns3:TrackPointExtension>
            <ns3:hr>115</ns3:hr>
            <ns3:cad>93</ns3:cad>
          </ns3:TrackPointExtension>
        </extensions>
      </trkpt>
      <trkpt lat="31.48345132358372211456298828125" lon="121.1612000875174999237060546875">
        <ele>3.400000095367431640625</ele>
        <time>2026-09-15T22:13:49.000Z</time>
        <extensions>
          <ns3:TrackPointExtension>
            <ns3:hr>115</ns3:hr>
            <ns3:cad>93</ns3:cad>
          </ns3:TrackPointExtension>
        </extensions>
      </trkpt>
      <trkpt lat="31.48347504436969757080078125" lon="121.161188185214996337890625">
        <ele>3.400000095367431640625</ele>
        <time>2026-09-15T22:13:50.000Z</time>
        <extensions>
          <ns3:TrackPointExtension>
            <ns3:hr>115</ns3:hr>
            <ns3:cad>92</ns3:cad>
          </ns3:TrackPointExtension>
        </extensions>
      </trkpt>
      <trkpt lat="31.48349088616669178009033203125" lon="121.161174438893795013427734375">
        <ele>3.400000095367431640625</ele>
        <time>2026-09-15T22:13:51.000Z</time>
        <extensions>
          <ns3:TrackPointExtension>
            <ns3:hr>115</ns3:hr>
            <ns3:cad>92</ns3:cad>
          </ns3:TrackPointExtension>
        </extensions>
      </trkpt>
      <trkpt lat="31.48350899107754230499267578125" lon="121.16116312332451343536376953125">
        <ele>3.599999904632568359375</ele>
        <time>2026-09-15T22:13:52.000Z</time>
        <extensions>
          <ns3:TrackPointExtension>
            <ns3:hr>115</ns3:hr>
            <ns3:cad>92</ns3:cad>
          </ns3:TrackPointExtension>
        </extensions>
      </trkpt>
      <trkpt lat="31.4835268445312976837158203125" lon="121.1611481197178363800048828125">
        <ele>3.599999904632568359375</ele>
        <time>2026-09-15T22:13:53.000Z</time>
        <extensions>
          <ns3:TrackPointExtension>
            <ns3:hr>115</ns3:hr>
            <ns3:cad>92</ns3:cad>
          </ns3:TrackPointExtension>
        </extensions>
      </trkpt>
      <trkpt lat="31.48354285396635532379150390625" lon="121.16113521158695220947265625">
        <ele>3.7999999523162841796875</ele>
        <time>2026-09-15T22:13:54.000Z</time>
        <extensions>
          <ns3:TrackPointExtension>
            <ns3:hr>115</ns3:hr>
            <ns3:cad>92</ns3:cad>
          </ns3:TrackPointExtension>
        </extensions>
      </trkpt>
      <trkpt lat="31.48355819284915924072265625" lon="121.16112171672284603118896484375">
        <ele>3.7999999523162841796875</ele>
        <time>2026-09-15T22:13:55.000Z</time>
        <extensions>
          <ns3:TrackPointExtension>
            <ns3:hr>115</ns3:hr>
            <ns3:cad>91</ns3:cad>
          </ns3:TrackPointExtension>
        </extensions>
      </trkpt>
      <trkpt lat="31.48357688449323177337646484375" lon="121.16110629402101039886474609375">
        <ele>4</ele>
        <time>2026-09-15T22:13:56.000Z</time>
        <extensions>
          <ns3:TrackPointExtension>
            <ns3:hr>114</ns3:hr>
            <ns3:cad>92</ns3:cad>
          </ns3:TrackPointExtension>
        </extensions>
      </trkpt>
      <trkpt lat="31.48359415121376514434814453125" lon="121.1610917933285236358642578125">
        <ele>4</ele>
        <time>2026-09-15T22:13:57.000Z</time>
        <extensions>
          <ns3:TrackPointExtension>
            <ns3:hr>115</ns3:hr>
            <ns3:cad>91</ns3:cad>
          </ns3:TrackPointExtension>
        </extensions>
      </trkpt>
      <trkpt lat="31.4836133457720279693603515625" lon="121.16107628680765628814697265625">
        <ele>3.7999999523162841796875</ele>
        <time>2026-09-15T22:13:58.000Z</time>
        <extensions>
          <ns3:TrackPointExtension>
            <ns3:hr>115</ns3:hr>
            <ns3:cad>91</ns3:cad>
          </ns3:TrackPointExtension>
        </extensions>
      </trkpt>
      <trkpt lat="31.48363731801509857177734375" lon="121.1610646359622478485107421875">
        <ele>3.599999904632568359375</ele>
        <time>2026-09-15T22:13:59.000Z</time>
        <extensions>
          <ns3:TrackPointExtension>
            <ns3:hr>114</ns3:hr>
            <ns3:cad>91</ns3:cad>
          </ns3:TrackPointExtension>
        </extensions>
      </trkpt>
      <trkpt lat="31.48365332745015621185302734375" lon="121.16105139255523681640625">
        <ele>3.599999904632568359375</ele>
        <time>2026-09-15T22:14:00.000Z</time>
        <extensions>
          <ns3:TrackPointExtension>
            <ns3:hr>114</ns3:hr>
            <ns3:cad>91</ns3:cad>
          </ns3:TrackPointExtension>
        </extensions>
      </trkpt>
      <trkpt lat="31.48367847315967082977294921875" lon="121.1610394902527332305908203125">
        <ele>3.400000095367431640625</ele>
        <time>2026-09-15T22:14:01.000Z</time>
        <extensions>
          <ns3:TrackPointExtension>
            <ns3:hr>114</ns3:hr>
            <ns3:cad>91</ns3:cad>
          </ns3:TrackPointExtension>
        </extensions>
      </trkpt>
      <trkpt lat="31.48369557224214076995849609375" lon="121.1610274203121662139892578125">
        <ele>3.400000095367431640625</ele>
        <time>2026-09-15T22:14:02.000Z</time>
        <extensions>
          <ns3:TrackPointExtension>
            <ns3:hr>115</ns3:hr>
            <ns3:cad>93</ns3:cad>
          </ns3:TrackPointExtension>
        </extensions>
      </trkpt>
      <trkpt lat="31.4837182871997356414794921875" lon="121.16101057268679141998291015625">
        <ele>3.400000095367431640625</ele>
        <time>2026-09-15T22:14:03.000Z</time>
        <extensions>
          <ns3:TrackPointExtension>
            <ns3:hr>114</ns3:hr>
            <ns3:cad>93</ns3:cad>
          </ns3:TrackPointExtension>
        </extensions>
      </trkpt>
      <trkpt lat="31.48373119533061981201171875" lon="121.160996742546558380126953125">
        <ele>3.599999904632568359375</ele>
        <time>2026-09-15T22:14:04.000Z</time>
        <extensions>
          <ns3:TrackPointExtension>
            <ns3:hr>114</ns3:hr>
            <ns3:cad>92</ns3:cad>
          </ns3:TrackPointExtension>
        </extensions>
      </trkpt>
      <trkpt lat="31.483752988278865814208984375" lon="121.1609838344156742095947265625">
        <ele>3.599999904632568359375</ele>
        <time>2026-09-15T22:14:05.000Z</time>
        <extensions>
          <ns3:TrackPointExtension>
            <ns3:hr>114</ns3:hr>
            <ns3:cad>91</ns3:cad>
          </ns3:TrackPointExtension>
        </extensions>
      </trkpt>
      <trkpt lat="31.48376472294330596923828125" lon="121.16097033955156803131103515625">
        <ele>3.599999904632568359375</ele>
        <time>2026-09-15T22:14:06.000Z</time>
        <extensions>
          <ns3:TrackPointExtension>
            <ns3:hr>114</ns3:hr>
            <ns3:cad>91</ns3:cad>
          </ns3:TrackPointExtension>
        </extensions>
      </trkpt>
      <trkpt lat="31.48378492332994937896728515625" lon="121.16095743142068386077880859375">
        <ele>3.599999904632568359375</ele>
        <time>2026-09-15T22:14:07.000Z</time>
        <extensions>
          <ns3:TrackPointExtension>
            <ns3:hr>114</ns3:hr>
            <ns3:cad>91</ns3:cad>
          </ns3:TrackPointExtension>
        </extensions>
      </trkpt>
      <trkpt lat="31.483797915279865264892578125" lon="121.16094787605106830596923828125">
        <ele>3.599999904632568359375</ele>
        <time>2026-09-15T22:14:08.000Z</time>
        <extensions>
          <ns3:TrackPointExtension>
            <ns3:hr>114</ns3:hr>
            <ns3:cad>90</ns3:cad>
          </ns3:TrackPointExtension>
        </extensions>
      </trkpt>
      <trkpt lat="31.483816690742969512939453125" lon="121.16093345917761325836181640625">
        <ele>3.599999904632568359375</ele>
        <time>2026-09-15T22:14:09.000Z</time>
        <extensions>
          <ns3:TrackPointExtension>
            <ns3:hr>113</ns3:hr>
            <ns3:cad>90</ns3:cad>
          </ns3:TrackPointExtension>
        </extensions>
      </trkpt>
      <trkpt lat="31.48383085615932941436767578125" lon="121.16092264652252197265625">
        <ele>3.599999904632568359375</ele>
        <time>2026-09-15T22:14:10.000Z</time>
        <extensions>
          <ns3:TrackPointExtension>
            <ns3:hr>113</ns3:hr>
            <ns3:cad>90</ns3:cad>
          </ns3:TrackPointExtension>
        </extensions>
      </trkpt>
      <trkpt lat="31.4838564209640026092529296875" lon="121.16090722382068634033203125">
        <ele>3.599999904632568359375</ele>
        <time>2026-09-15T22:14:11.000Z</time>
        <extensions>
          <ns3:TrackPointExtension>
            <ns3:hr>113</ns3:hr>
            <ns3:cad>90</ns3:cad>
          </ns3:TrackPointExtension>
        </extensions>
      </trkpt>
      <trkpt lat="31.48387125693261623382568359375" lon="121.1608916334807872772216796875">
        <ele>3.599999904632568359375</ele>
        <time>2026-09-15T22:14:12.000Z</time>
        <extensions>
          <ns3:TrackPointExtension>
            <ns3:hr>113</ns3:hr>
            <ns3:cad>89</ns3:cad>
          </ns3:TrackPointExtension>
        </extensions>
      </trkpt>
      <trkpt lat="31.48389774374663829803466796875" lon="121.1608755402266979217529296875">
        <ele>3.599999904632568359375</ele>
        <time>2026-09-15T22:14:13.000Z</time>
        <extensions>
          <ns3:TrackPointExtension>
            <ns3:hr>113</ns3:hr>
            <ns3:cad>89</ns3:cad>
          </ns3:TrackPointExtension>
        </extensions>
      </trkpt>
      <trkpt lat="31.48391316644847393035888671875" lon="121.16086087189614772796630859375">
        <ele>3.599999904632568359375</ele>
        <time>2026-09-15T22:14:14.000Z</time>
        <extensions>
          <ns3:TrackPointExtension>
            <ns3:hr>114</ns3:hr>
            <ns3:cad>89</ns3:cad>
          </ns3:TrackPointExtension>
        </extensions>
      </trkpt>
      <trkpt lat="31.48393236100673675537109375" lon="121.160844527184963226318359375">
        <ele>3.599999904632568359375</ele>
        <time>2026-09-15T22:14:15.000Z</time>
        <extensions>
          <ns3:TrackPointExtension>
            <ns3:hr>113</ns3:hr>
            <ns3:cad>89</ns3:cad>
          </ns3:TrackPointExtension>
        </extensions>
      </trkpt>
      <trkpt lat="31.48394753225147724151611328125" lon="121.16082818247377872467041015625">
        <ele>3.7999999523162841796875</ele>
        <time>2026-09-15T22:14:16.000Z</time>
        <extensions>
          <ns3:TrackPointExtension>
            <ns3:hr>113</ns3:hr>
            <ns3:cad>90</ns3:cad>
          </ns3:TrackPointExtension>
        </extensions>
      </trkpt>
      <trkpt lat="31.48397100158035755157470703125" lon="121.16081393323838710784912109375">
        <ele>3.7999999523162841796875</ele>
        <time>2026-09-15T22:14:17.000Z</time>
        <extensions>
          <ns3:TrackPointExtension>
            <ns3:hr>114</ns3:hr>
            <ns3:cad>90</ns3:cad>
          </ns3:TrackPointExtension>
        </extensions>
      </trkpt>
      <trkpt lat="31.48398709483444690704345703125" lon="121.1607992649078369140625">
        <ele>3.7999999523162841796875</ele>
        <time>2026-09-15T22:14:18.000Z</time>
        <extensions>
          <ns3:TrackPointExtension>
            <ns3:hr>114</ns3:hr>
            <ns3:cad>90</ns3:cad>
          </ns3:TrackPointExtension>
        </extensions>
      </trkpt>
      <trkpt lat="31.48401509039103984832763671875" lon="121.16078945808112621307373046875">
        <ele>3.7999999523162841796875</ele>
        <time>2026-09-15T22:14:19.000Z</time>
        <extensions>
          <ns3:TrackPointExtension>
            <ns3:hr>114</ns3:hr>
            <ns3:cad>91</ns3:cad>
          </ns3:TrackPointExtension>
        </extensions>
      </trkpt>
      <trkpt lat="31.4840324409306049346923828125" lon="121.16077638231217861175537109375">
        <ele>3.7999999523162841796875</ele>
        <time>2026-09-15T22:14:20.000Z</time>
        <extensions>
          <ns3:TrackPointExtension>
            <ns3:hr>114</ns3:hr>
            <ns3:cad>91</ns3:cad>
          </ns3:TrackPointExtension>
        </extensions>
      </trkpt>
      <trkpt lat="31.484052725136280059814453125" lon="121.1607638932764530181884765625">
        <ele>3.7999999523162841796875</ele>
        <time>2026-09-15T22:14:21.000Z</time>
        <extensions>
          <ns3:TrackPointExtension>
            <ns3:hr>114</ns3:hr>
            <ns3:cad>91</ns3:cad>
          </ns3:TrackPointExtension>
        </extensions>
      </trkpt>
      <trkpt lat="31.48406638763844966888427734375" lon="121.16074637509882450103759765625">
        <ele>3.7999999523162841796875</ele>
        <time>2026-09-15T22:14:22.000Z</time>
        <extensions>
          <ns3:TrackPointExtension>
            <ns3:hr>114</ns3:hr>
            <ns3:cad>91</ns3:cad>
          </ns3:TrackPointExtension>
        </extensions>
      </trkpt>
      <trkpt lat="31.4840870909392833709716796875" lon="121.1607360653579235076904296875">
        <ele>3.7999999523162841796875</ele>
        <time>2026-09-15T22:14:23.000Z</time>
        <extensions>
          <ns3:TrackPointExtension>
            <ns3:hr>113</ns3:hr>
            <ns3:cad>91</ns3:cad>
          </ns3:TrackPointExtension>
        </extensions>
      </trkpt>
      <trkpt lat="31.4840991608798503875732421875" lon="121.160718463361263275146484375">
        <ele>4</ele>
        <time>2026-09-15T22:14:24.000Z</time>
        <extensions>
          <ns3:TrackPointExtension>
            <ns3:hr>113</ns3:hr>
            <ns3:cad>91</ns3:cad>
          </ns3:TrackPointExtension>
        </extensions>
      </trkpt>
      <trkpt lat="31.484119109809398651123046875" lon="121.16070698015391826629638671875">
        <ele>4</ele>
        <time>2026-09-15T22:14:25.000Z</time>
        <extensions>
          <ns3:TrackPointExtension>
            <ns3:hr>113</ns3:hr>
            <ns3:cad>92</ns3:cad>
          </ns3:TrackPointExtension>
        </extensions>
      </trkpt>
      <trkpt lat="31.484134532511234283447265625" lon="121.16069004870951175689697265625">
        <ele>4</ele>
        <time>2026-09-15T22:14:26.000Z</time>
        <extensions>
          <ns3:TrackPointExtension>
            <ns3:hr>113</ns3:hr>
            <ns3:cad>92</ns3:cad>
          </ns3:TrackPointExtension>
        </extensions>
      </trkpt>
      <trkpt lat="31.484150625765323638916015625" lon="121.16067814640700817108154296875">
        <ele>4</ele>
        <time>2026-09-15T22:14:27.000Z</time>
        <extensions>
          <ns3:TrackPointExtension>
            <ns3:hr>113</ns3:hr>
            <ns3:cad>92</ns3:cad>
          </ns3:TrackPointExtension>
        </extensions>
      </trkpt>
      <trkpt lat="31.4841699041426181793212890625" lon="121.1606638133525848388671875">
        <ele>4</ele>
        <time>2026-09-15T22:14:28.000Z</time>
        <extensions>
          <ns3:TrackPointExtension>
            <ns3:hr>113</ns3:hr>
            <ns3:cad>92</ns3:cad>
          </ns3:TrackPointExtension>
        </extensions>
      </trkpt>
      <trkpt lat="31.48418373428285121917724609375" lon="121.16065065376460552215576171875">
        <ele>4</ele>
        <time>2026-09-15T22:14:29.000Z</time>
        <extensions>
          <ns3:TrackPointExtension>
            <ns3:hr>113</ns3:hr>
            <ns3:cad>92</ns3:cad>
          </ns3:TrackPointExtension>
        </extensions>
      </trkpt>
      <trkpt lat="31.48420452140271663665771484375" lon="121.16063925437629222869873046875">
        <ele>4</ele>
        <time>2026-09-15T22:14:30.000Z</time>
        <extensions>
          <ns3:TrackPointExtension>
            <ns3:hr>113</ns3:hr>
            <ns3:cad>92</ns3:cad>
          </ns3:TrackPointExtension>
        </extensions>
      </trkpt>
      <trkpt lat="31.48421826772391796112060546875" lon="121.16062450222671031951904296875">
        <ele>4</ele>
        <time>2026-09-15T22:14:31.000Z</time>
        <extensions>
          <ns3:TrackPointExtension>
            <ns3:hr>113</ns3:hr>
            <ns3:cad>92</ns3:cad>
          </ns3:TrackPointExtension>
        </extensions>
      </trkpt>
      <trkpt lat="31.4842403121292591094970703125" lon="121.16061025299131870269775390625">
        <ele>4</ele>
        <time>2026-09-15T22:14:32.000Z</time>
        <extensions>
          <ns3:TrackPointExtension>
            <ns3:hr>113</ns3:hr>
            <ns3:cad>92</ns3:cad>
          </ns3:TrackPointExtension>
        </extensions>
      </trkpt>
      <trkpt lat="31.4842535555362701416015625" lon="121.16059348918497562408447265625">
        <ele>4</ele>
        <time>2026-09-15T22:14:33.000Z</time>
        <extensions>
          <ns3:TrackPointExtension>
            <ns3:hr>113</ns3:hr>
            <ns3:cad>92</ns3:cad>
          </ns3:TrackPointExtension>
        </extensions>
      </trkpt>
      <trkpt lat="31.48427694104611873626708984375" lon="121.16057890467345714569091796875">
        <ele>4</ele>
        <time>2026-09-15T22:14:34.000Z</time>
        <extensions>
          <ns3:TrackPointExtension>
            <ns3:hr>112</ns3:hr>
            <ns3:cad>92</ns3:cad>
          </ns3:TrackPointExtension>
        </extensions>
      </trkpt>
      <trkpt lat="31.4842909388244152069091796875" lon="121.16056515835225582122802734375">
        <ele>4</ele>
        <time>2026-09-15T22:14:35.000Z</time>
        <extensions>
          <ns3:TrackPointExtension>
            <ns3:hr>112</ns3:hr>
            <ns3:cad>92</ns3:cad>
          </ns3:TrackPointExtension>
        </extensions>
      </trkpt>
      <trkpt lat="31.48431616835296154022216796875" lon="121.1605516634881496429443359375">
        <ele>4</ele>
        <time>2026-09-15T22:14:36.000Z</time>
        <extensions>
          <ns3:TrackPointExtension>
            <ns3:hr>112</ns3:hr>
            <ns3:cad>92</ns3:cad>
          </ns3:TrackPointExtension>
        </extensions>
      </trkpt>
      <trkpt lat="31.4843291603028774261474609375" lon="121.16053397767245769500732421875">
        <ele>4.19999980926513671875</ele>
        <time>2026-09-15T22:14:37.000Z</time>
        <extensions>
          <ns3:TrackPointExtension>
            <ns3:hr>112</ns3:hr>
            <ns3:cad>92</ns3:cad>
          </ns3:TrackPointExtension>
        </extensions>
      </trkpt>
      <trkpt lat="31.484351791441440582275390625" lon="121.16051872260868549346923828125">
        <ele>4.19999980926513671875</ele>
        <time>2026-09-15T22:14:38.000Z</time>
        <extensions>
          <ns3:TrackPointExtension>
            <ns3:hr>112</ns3:hr>
            <ns3:cad>91</ns3:cad>
          </ns3:TrackPointExtension>
        </extensions>
      </trkpt>
      <trkpt lat="31.48436553776264190673828125" lon="121.16050363518297672271728515625">
        <ele>4.19999980926513671875</ele>
        <time>2026-09-15T22:14:39.000Z</time>
        <extensions>
          <ns3:TrackPointExtension>
            <ns3:hr>112</ns3:hr>
            <ns3:cad>91</ns3:cad>
          </ns3:TrackPointExtension>
        </extensions>
      </trkpt>
      <trkpt lat="31.48438875563442707061767578125" lon="121.16048586554825305938720703125">
        <ele>4.19999980926513671875</ele>
        <time>2026-09-15T22:14:40.000Z</time>
        <extensions>
          <ns3:TrackPointExtension>
            <ns3:hr>112</ns3:hr>
            <ns3:cad>91</ns3:cad>
          </ns3:TrackPointExtension>
        </extensions>
      </trkpt>
      <trkpt lat="31.48440183140337467193603515625" lon="121.160473711788654327392578125">
        <ele>4.19999980926513671875</ele>
        <time>2026-09-15T22:14:41.000Z</time>
        <extensions>
          <ns3:TrackPointExtension>
            <ns3:hr>112</ns3:hr>
            <ns3:cad>91</ns3:cad>
          </ns3:TrackPointExtension>
        </extensions>
      </trkpt>
      <trkpt lat="31.484426222741603851318359375" lon="121.1604624800384044647216796875">
        <ele>4.19999980926513671875</ele>
        <time>2026-09-15T22:14:42.000Z</time>
        <extensions>
          <ns3:TrackPointExtension>
            <ns3:hr>111</ns3:hr>
            <ns3:cad>91</ns3:cad>
          </ns3:TrackPointExtension>
        </extensions>
      </trkpt>
      <trkpt lat="31.484437622129917144775390625" lon="121.16044915281236171722412109375">
        <ele>4.19999980926513671875</ele>
        <time>2026-09-15T22:14:43.000Z</time>
        <extensions>
          <ns3:TrackPointExtension>
            <ns3:hr>112</ns3:hr>
            <ns3:cad>91</ns3:cad>
          </ns3:TrackPointExtension>
        </extensions>
      </trkpt>
      <trkpt lat="31.4844615943729877471923828125" lon="121.1604369990527629852294921875">
        <ele>4.400000095367431640625</ele>
        <time>2026-09-15T22:14:44.000Z</time>
        <extensions>
          <ns3:TrackPointExtension>
            <ns3:hr>111</ns3:hr>
            <ns3:cad>91</ns3:cad>
          </ns3:TrackPointExtension>
        </extensions>
      </trkpt>
      <trkpt lat="31.48447793908417224884033203125" lon="121.16042484529316425323486328125">
        <ele>4.400000095367431640625</ele>
        <time>2026-09-15T22:14:45.000Z</time>
        <extensions>
          <ns3:TrackPointExtension>
            <ns3:hr>111</ns3:hr>
            <ns3:cad>91</ns3:cad>
          </ns3:TrackPointExtension>
        </extensions>
      </trkpt>
      <trkpt lat="31.4845035038888454437255859375" lon="121.160416044294834136962890625">
        <ele>4.599999904632568359375</ele>
        <time>2026-09-15T22:14:46.000Z</time>
        <extensions>
          <ns3:TrackPointExtension>
            <ns3:hr>111</ns3:hr>
            <ns3:cad>91</ns3:cad>
          </ns3:TrackPointExtension>
        </extensions>
      </trkpt>
      <trkpt lat="31.484519429504871368408203125" lon="121.1604051478207111358642578125">
        <ele>4.599999904632568359375</ele>
        <time>2026-09-15T22:14:47.000Z</time>
        <extensions>
          <ns3:TrackPointExtension>
            <ns3:hr>111</ns3:hr>
            <ns3:cad>91</ns3:cad>
          </ns3:TrackPointExtension>
        </extensions>
      </trkpt>
      <trkpt lat="31.48454331792891025543212890625" lon="121.1603937484323978424072265625">
        <ele>4.599999904632568359375</ele>
        <time>2026-09-15T22:14:48.000Z</time>
        <extensions>
          <ns3:TrackPointExtension>
            <ns3:hr>111</ns3:hr>
            <ns3:cad>91</ns3:cad>
          </ns3:TrackPointExtension>
        </extensions>
      </trkpt>
      <trkpt lat="31.4845584891736507415771484375" lon="121.16038025356829166412353515625">
        <ele>4.599999904632568359375</ele>
        <time>2026-09-15T22:14:49.000Z</time>
        <extensions>
          <ns3:TrackPointExtension>
            <ns3:hr>111</ns3:hr>
            <ns3:cad>91</ns3:cad>
          </ns3:TrackPointExtension>
        </extensions>
      </trkpt>
      <trkpt lat="31.484575755894184112548828125" lon="121.1603712849318981170654296875">
        <ele>4.599999904632568359375</ele>
        <time>2026-09-15T22:14:50.000Z</time>
        <extensions>
          <ns3:TrackPointExtension>
            <ns3:hr>111</ns3:hr>
            <ns3:cad>91</ns3:cad>
          </ns3:TrackPointExtension>
        </extensions>
      </trkpt>
      <trkpt lat="31.48458891548216342926025390625" lon="121.16035661660134792327880859375">
        <ele>4.599999904632568359375</ele>
        <time>2026-09-15T22:14:51.000Z</time>
        <extensions>
          <ns3:TrackPointExtension>
            <ns3:hr>111</ns3:hr>
            <ns3:cad>92</ns3:cad>
          </ns3:TrackPointExtension>
        </extensions>
      </trkpt>
      <trkpt lat="31.4846049249172210693359375" lon="121.16034035570919513702392578125">
        <ele>4.599999904632568359375</ele>
        <time>2026-09-15T22:14:52.000Z</time>
        <extensions>
          <ns3:TrackPointExtension>
            <ns3:hr>110</ns3:hr>
            <ns3:cad>92</ns3:cad>
          </ns3:TrackPointExtension>
        </extensions>
      </trkpt>
      <trkpt lat="31.48462093435227870941162109375" lon="121.1603243462741374969482421875">
        <ele>4.80000019073486328125</ele>
        <time>2026-09-15T22:14:53.000Z</time>
        <extensions>
          <ns3:TrackPointExtension>
            <ns3:hr>110</ns3:hr>
            <ns3:cad>92</ns3:cad>
          </ns3:TrackPointExtension>
        </extensions>
      </trkpt>
      <trkpt lat="31.484640799462795257568359375" lon="121.16031168960034847259521484375">
        <ele>4.80000019073486328125</ele>
        <time>2026-09-15T22:14:54.000Z</time>
        <extensions>
          <ns3:TrackPointExtension>
            <ns3:hr>109</ns3:hr>
            <ns3:cad>92</ns3:cad>
          </ns3:TrackPointExtension>
        </extensions>
      </trkpt>
      <trkpt lat="31.48465454578399658203125" lon="121.16029375232756137847900390625">
        <ele>4.80000019073486328125</ele>
        <time>2026-09-15T22:14:55.000Z</time>
        <extensions>
          <ns3:TrackPointExtension>
            <ns3:hr>109</ns3:hr>
            <ns3:cad>91</ns3:cad>
          </ns3:TrackPointExtension>
        </extensions>
      </trkpt>
      <trkpt lat="31.48467659018933773040771484375" lon="121.16028168238699436187744140625">
        <ele>4.80000019073486328125</ele>
        <time>2026-09-15T22:14:56.000Z</time>
        <extensions>
          <ns3:TrackPointExtension>
            <ns3:hr>109</ns3:hr>
            <ns3:cad>91</ns3:cad>
          </ns3:TrackPointExtension>
        </extensions>
      </trkpt>
      <trkpt lat="31.48469368927180767059326171875" lon="121.16026575677096843719482421875">
        <ele>4.80000019073486328125</ele>
        <time>2026-09-15T22:14:57.000Z</time>
        <extensions>
          <ns3:TrackPointExtension>
            <ns3:hr>109</ns3:hr>
            <ns3:cad>91</ns3:cad>
          </ns3:TrackPointExtension>
        </extensions>
      </trkpt>
      <trkpt lat="31.48471246473491191864013671875" lon="121.16025268100202083587646484375">
        <ele>4.80000019073486328125</ele>
        <time>2026-09-15T22:14:58.000Z</time>
        <extensions>
          <ns3:TrackPointExtension>
            <ns3:hr>109</ns3:hr>
            <ns3:cad>90</ns3:cad>
          </ns3:TrackPointExtension>
        </extensions>
      </trkpt>
      <trkpt lat="31.4847311563789844512939453125" lon="121.1602373421192169189453125">
        <ele>4.80000019073486328125</ele>
        <time>2026-09-15T22:14:59.000Z</time>
        <extensions>
          <ns3:TrackPointExtension>
            <ns3:hr>109</ns3:hr>
            <ns3:cad>90</ns3:cad>
          </ns3:TrackPointExtension>
        </extensions>
      </trkpt>
      <trkpt lat="31.48475001566112041473388671875" lon="121.1602264456450939178466796875">
        <ele>4.80000019073486328125</ele>
        <time>2026-09-15T22:15:00.000Z</time>
        <extensions>
          <ns3:TrackPointExtension>
            <ns3:hr>109</ns3:hr>
            <ns3:cad>90</ns3:cad>
          </ns3:TrackPointExtension>
        </extensions>
      </trkpt>
      <trkpt lat="31.48476677946746349334716796875" lon="121.16021043621003627777099609375">
        <ele>4.80000019073486328125</ele>
        <time>2026-09-15T22:15:01.000Z</time>
        <extensions>
          <ns3:TrackPointExtension>
            <ns3:hr>109</ns3:hr>
            <ns3:cad>90</ns3:cad>
          </ns3:TrackPointExtension>
        </extensions>
      </trkpt>
      <trkpt lat="31.484784297645092010498046875" lon="121.1602006293833255767822265625">
        <ele>4.80000019073486328125</ele>
        <time>2026-09-15T22:15:02.000Z</time>
        <extensions>
          <ns3:TrackPointExtension>
            <ns3:hr>109</ns3:hr>
            <ns3:cad>90</ns3:cad>
          </ns3:TrackPointExtension>
        </extensions>
      </trkpt>
      <trkpt lat="31.484802067279815673828125" lon="121.16018478758633136749267578125">
        <ele>5</ele>
        <time>2026-09-15T22:15:03.000Z</time>
        <extensions>
          <ns3:TrackPointExtension>
            <ns3:hr>109</ns3:hr>
            <ns3:cad>90</ns3:cad>
          </ns3:TrackPointExtension>
        </extensions>
      </trkpt>
      <trkpt lat="31.48481841199100017547607421875" lon="121.16017422638833522796630859375">
        <ele>5</ele>
        <time>2026-09-15T22:15:04.000Z</time>
        <extensions>
          <ns3:TrackPointExtension>
            <ns3:hr>109</ns3:hr>
            <ns3:cad>91</ns3:cad>
          </ns3:TrackPointExtension>
        </extensions>
      </trkpt>
      <trkpt lat="31.4848377741873264312744140625" lon="121.160160563886165618896484375">
        <ele>5.19999980926513671875</ele>
        <time>2026-09-15T22:15:05.000Z</time>
        <extensions>
          <ns3:TrackPointExtension>
            <ns3:hr>109</ns3:hr>
            <ns3:cad>91</ns3:cad>
          </ns3:TrackPointExtension>
        </extensions>
      </trkpt>
      <trkpt lat="31.48485462181270122528076171875" lon="121.1601506732404232025146484375">
        <ele>5.19999980926513671875</ele>
        <time>2026-09-15T22:15:06.000Z</time>
        <extensions>
          <ns3:TrackPointExtension>
            <ns3:hr>109</ns3:hr>
            <ns3:cad>90</ns3:cad>
          </ns3:TrackPointExtension>
        </extensions>
      </trkpt>
      <trkpt lat="31.4848723076283931732177734375" lon="121.16013349033892154693603515625">
        <ele>5.19999980926513671875</ele>
        <time>2026-09-15T22:15:07.000Z</time>
        <extensions>
          <ns3:TrackPointExtension>
            <ns3:hr>109</ns3:hr>
            <ns3:cad>90</ns3:cad>
          </ns3:TrackPointExtension>
        </extensions>
      </trkpt>
      <trkpt lat="31.48488932289183139801025390625" lon="121.1601228453218936920166015625">
        <ele>5.19999980926513671875</ele>
        <time>2026-09-15T22:15:08.000Z</time>
        <extensions>
          <ns3:TrackPointExtension>
            <ns3:hr>108</ns3:hr>
            <ns3:cad>90</ns3:cad>
          </ns3:TrackPointExtension>
        </extensions>
      </trkpt>
      <trkpt lat="31.48490960709750652313232421875" lon="121.1601064167916774749755859375">
        <ele>5.19999980926513671875</ele>
        <time>2026-09-15T22:15:09.000Z</time>
        <extensions>
          <ns3:TrackPointExtension>
            <ns3:hr>108</ns3:hr>
            <ns3:cad>89</ns3:cad>
          </ns3:TrackPointExtension>
        </extensions>
      </trkpt>
      <trkpt lat="31.4849256165325641632080078125" lon="121.1600925028324127197265625">
        <ele>5.19999980926513671875</ele>
        <time>2026-09-15T22:15:10.000Z</time>
        <extensions>
          <ns3:TrackPointExtension>
            <ns3:hr>108</ns3:hr>
            <ns3:cad>89</ns3:cad>
          </ns3:TrackPointExtension>
        </extensions>
      </trkpt>
      <trkpt lat="31.4849474094808101654052734375" lon="121.16007531993091106414794921875">
        <ele>5.400000095367431640625</ele>
        <time>2026-09-15T22:15:11.000Z</time>
        <extensions>
          <ns3:TrackPointExtension>
            <ns3:hr>108</ns3:hr>
            <ns3:cad>90</ns3:cad>
          </ns3:TrackPointExtension>
        </extensions>
      </trkpt>
      <trkpt lat="31.4849635027348995208740234375" lon="121.160059981048107147216796875">
        <ele>5.400000095367431640625</ele>
        <time>2026-09-15T22:15:12.000Z</time>
        <extensions>
          <ns3:TrackPointExtension>
            <ns3:hr>108</ns3:hr>
            <ns3:cad>90</ns3:cad>
          </ns3:TrackPointExtension>
        </extensions>
      </trkpt>
      <trkpt lat="31.4849879778921604156494140625" lon="121.16004564799368381500244140625">
        <ele>5.400000095367431640625</ele>
        <time>2026-09-15T22:15:13.000Z</time>
        <extensions>
          <ns3:TrackPointExtension>
            <ns3:hr>108</ns3:hr>
            <ns3:cad>90</ns3:cad>
          </ns3:TrackPointExtension>
        </extensions>
      </trkpt>
      <trkpt lat="31.48500415496528148651123046875" lon="121.16003475151956081390380859375">
        <ele>5.400000095367431640625</ele>
        <time>2026-09-15T22:15:14.000Z</time>
        <extensions>
          <ns3:TrackPointExtension>
            <ns3:hr>108</ns3:hr>
            <ns3:cad>91</ns3:cad>
          </ns3:TrackPointExtension>
        </extensions>
      </trkpt>
      <trkpt lat="31.48502712137997150421142578125" lon="121.160017065703868865966796875">
        <ele>5.400000095367431640625</ele>
        <time>2026-09-15T22:15:15.000Z</time>
        <extensions>
          <ns3:TrackPointExtension>
            <ns3:hr>108</ns3:hr>
            <ns3:cad>92</ns3:cad>
          </ns3:TrackPointExtension>
        </extensions>
      </trkpt>
      <trkpt lat="31.48504120297729969024658203125" lon="121.15999988280236721038818359375">
        <ele>5.19999980926513671875</ele>
        <time>2026-09-15T22:15:16.000Z</time>
        <extensions>
          <ns3:TrackPointExtension>
            <ns3:hr>107</ns3:hr>
            <ns3:cad>92</ns3:cad>
          </ns3:TrackPointExtension>
        </extensions>
      </trkpt>
      <trkpt lat="31.485065259039402008056640625" lon="121.15998764522373676300048828125">
        <ele>5.19999980926513671875</ele>
        <time>2026-09-15T22:15:17.000Z</time>
        <extensions>
          <ns3:TrackPointExtension>
            <ns3:hr>108</ns3:hr>
            <ns3:cad>92</ns3:cad>
          </ns3:TrackPointExtension>
        </extensions>
      </trkpt>
      <trkpt lat="31.48507808335125446319580078125" lon="121.15997356362640857696533203125">
        <ele>5.19999980926513671875</ele>
        <time>2026-09-15T22:15:18.000Z</time>
        <extensions>
          <ns3:TrackPointExtension>
            <ns3:hr>108</ns3:hr>
            <ns3:cad>91</ns3:cad>
          </ns3:TrackPointExtension>
        </extensions>
      </trkpt>
      <trkpt lat="31.48510239087045192718505859375" lon="121.15996115840971469879150390625">
        <ele>5.19999980926513671875</ele>
        <time>2026-09-15T22:15:19.000Z</time>
        <extensions>
          <ns3:TrackPointExtension>
            <ns3:hr>108</ns3:hr>
            <ns3:cad>91</ns3:cad>
          </ns3:TrackPointExtension>
        </extensions>
      </trkpt>
      <trkpt lat="31.485116221010684967041015625" lon="121.1599448136985301971435546875">
        <ele>5.19999980926513671875</ele>
        <time>2026-09-15T22:15:20.000Z</time>
        <extensions>
          <ns3:TrackPointExtension>
            <ns3:hr>109</ns3:hr>
            <ns3:cad>92</ns3:cad>
          </ns3:TrackPointExtension>
        </extensions>
      </trkpt>
      <trkpt lat="31.485140025615692138671875" lon="121.15993249230086803436279296875">
        <ele>5</ele>
        <time>2026-09-15T22:15:21.000Z</time>
        <extensions>
          <ns3:TrackPointExtension>
            <ns3:hr>109</ns3:hr>
            <ns3:cad>92</ns3:cad>
          </ns3:TrackPointExtension>
        </extensions>
      </trkpt>
      <trkpt lat="31.48515050299465656280517578125" lon="121.1599183268845081329345703125">
        <ele>5</ele>
        <time>2026-09-15T22:15:22.000Z</time>
        <extensions>
          <ns3:TrackPointExtension>
            <ns3:hr>109</ns3:hr>
            <ns3:cad>91</ns3:cad>
          </ns3:TrackPointExtension>
        </extensions>
      </trkpt>
      <trkpt lat="31.48517246358096599578857421875" lon="121.15990432910621166229248046875">
        <ele>5</ele>
        <time>2026-09-15T22:15:23.000Z</time>
        <extensions>
          <ns3:TrackPointExtension>
            <ns3:hr>109</ns3:hr>
            <ns3:cad>91</ns3:cad>
          </ns3:TrackPointExtension>
        </extensions>
      </trkpt>
      <trkpt lat="31.48517967201769351959228515625" lon="121.1598884873092174530029296875">
        <ele>5</ele>
        <time>2026-09-15T22:15:24.000Z</time>
        <extensions>
          <ns3:TrackPointExtension>
            <ns3:hr>109</ns3:hr>
            <ns3:cad>91</ns3:cad>
          </ns3:TrackPointExtension>
        </extensions>
      </trkpt>
      <trkpt lat="31.48520632646977901458740234375" lon="121.159879602491855621337890625">
        <ele>5</ele>
        <time>2026-09-15T22:15:25.000Z</time>
        <extensions>
          <ns3:TrackPointExtension>
            <ns3:hr>109</ns3:hr>
            <ns3:cad>90</ns3:cad>
          </ns3:TrackPointExtension>
        </extensions>
      </trkpt>
      <trkpt lat="31.4852233417332172393798828125" lon="121.1598677001893520355224609375">
        <ele>5</ele>
        <time>2026-09-15T22:15:26.000Z</time>
        <extensions>
          <ns3:TrackPointExtension>
            <ns3:hr>110</ns3:hr>
            <ns3:cad>90</ns3:cad>
          </ns3:TrackPointExtension>
        </extensions>
      </trkpt>
      <trkpt lat="31.485251002013683319091796875" lon="121.15985873155295848846435546875">
        <ele>5</ele>
        <time>2026-09-15T22:15:27.000Z</time>
        <extensions>
          <ns3:TrackPointExtension>
            <ns3:hr>110</ns3:hr>
            <ns3:cad>90</ns3:cad>
          </ns3:TrackPointExtension>
        </extensions>
      </trkpt>
      <trkpt lat="31.48526684381067752838134765625" lon="121.1598452366888523101806640625">
        <ele>4.80000019073486328125</ele>
        <time>2026-09-15T22:15:28.000Z</time>
        <extensions>
          <ns3:TrackPointExtension>
            <ns3:hr>110</ns3:hr>
            <ns3:cad>91</ns3:cad>
          </ns3:TrackPointExtension>
        </extensions>
      </trkpt>
      <trkpt lat="31.48529282771050930023193359375" lon="121.15983526222407817840576171875">
        <ele>4.80000019073486328125</ele>
        <time>2026-09-15T22:15:29.000Z</time>
        <extensions>
          <ns3:TrackPointExtension>
            <ns3:hr>110</ns3:hr>
            <ns3:cad>91</ns3:cad>
          </ns3:TrackPointExtension>
        </extensions>
      </trkpt>
      <trkpt lat="31.48530707694590091705322265625" lon="121.15982051007449626922607421875">
        <ele>4.80000019073486328125</ele>
        <time>2026-09-15T22:15:30.000Z</time>
        <extensions>
          <ns3:TrackPointExtension>
            <ns3:hr>110</ns3:hr>
            <ns3:cad>92</ns3:cad>
          </ns3:TrackPointExtension>
        </extensions>
      </trkpt>
      <trkpt lat="31.4853292889893054962158203125" lon="121.15981020033359527587890625">
        <ele>4.599999904632568359375</ele>
        <time>2026-09-15T22:15:31.000Z</time>
        <extensions>
          <ns3:TrackPointExtension>
            <ns3:hr>110</ns3:hr>
            <ns3:cad>92</ns3:cad>
          </ns3:TrackPointExtension>
        </extensions>
      </trkpt>
      <trkpt lat="31.48534580133855342864990234375" lon="121.15979653783142566680908203125">
        <ele>4.599999904632568359375</ele>
        <time>2026-09-15T22:15:32.000Z</time>
        <extensions>
          <ns3:TrackPointExtension>
            <ns3:hr>110</ns3:hr>
            <ns3:cad>92</ns3:cad>
          </ns3:TrackPointExtension>
        </extensions>
      </trkpt>
      <trkpt lat="31.48536725901067256927490234375" lon="121.15978765301406383514404296875">
        <ele>4.599999904632568359375</ele>
        <time>2026-09-15T22:15:33.000Z</time>
        <extensions>
          <ns3:TrackPointExtension>
            <ns3:hr>111</ns3:hr>
            <ns3:cad>92</ns3:cad>
          </ns3:TrackPointExtension>
        </extensions>
      </trkpt>
      <trkpt lat="31.48538100533187389373779296875" lon="121.1597733199596405029296875">
        <ele>4.400000095367431640625</ele>
        <time>2026-09-15T22:15:34.000Z</time>
        <extensions>
          <ns3:TrackPointExtension>
            <ns3:hr>111</ns3:hr>
            <ns3:cad>92</ns3:cad>
          </ns3:TrackPointExtension>
        </extensions>
      </trkpt>
      <trkpt lat="31.48539952933788299560546875" lon="121.15976116620004177093505859375">
        <ele>4.400000095367431640625</ele>
        <time>2026-09-15T22:15:35.000Z</time>
        <extensions>
          <ns3:TrackPointExtension>
            <ns3:hr>111</ns3:hr>
            <ns3:cad>92</ns3:cad>
          </ns3:TrackPointExtension>
        </extensions>
      </trkpt>
      <trkpt lat="31.4854144491255283355712890625" lon="121.15974507294595241546630859375">
        <ele>4.400000095367431640625</ele>
        <time>2026-09-15T22:15:36.000Z</time>
        <extensions>
          <ns3:TrackPointExtension>
            <ns3:hr>111</ns3:hr>
            <ns3:cad>92</ns3:cad>
          </ns3:TrackPointExtension>
        </extensions>
      </trkpt>
      <trkpt lat="31.48543171584606170654296875" lon="121.15972973406314849853515625">
        <ele>4.400000095367431640625</ele>
        <time>2026-09-15T22:15:37.000Z</time>
        <extensions>
          <ns3:TrackPointExtension>
            <ns3:hr>112</ns3:hr>
            <ns3:cad>92</ns3:cad>
          </ns3:TrackPointExtension>
        </extensions>
      </trkpt>
      <trkpt lat="31.48544873110949993133544921875" lon="121.1597116291522979736328125">
        <ele>4.400000095367431640625</ele>
        <time>2026-09-15T22:15:38.000Z</time>
        <extensions>
          <ns3:TrackPointExtension>
            <ns3:hr>112</ns3:hr>
            <ns3:cad>92</ns3:cad>
          </ns3:TrackPointExtension>
        </extensions>
      </trkpt>
      <trkpt lat="31.4854647405445575714111328125" lon="121.15969578735530376434326171875">
        <ele>4.400000095367431640625</ele>
        <time>2026-09-15T22:15:39.000Z</time>
        <extensions>
          <ns3:TrackPointExtension>
            <ns3:hr>112</ns3:hr>
            <ns3:cad>92</ns3:cad>
          </ns3:TrackPointExtension>
        </extensions>
      </trkpt>
      <trkpt lat="31.48548670113086700439453125" lon="121.159675084054470062255859375">
        <ele>4.400000095367431640625</ele>
        <time>2026-09-15T22:15:40.000Z</time>
        <extensions>
          <ns3:TrackPointExtension>
            <ns3:hr>112</ns3:hr>
            <ns3:cad>92</ns3:cad>
          </ns3:TrackPointExtension>
        </extensions>
      </trkpt>
      <trkpt lat="31.4855019561946392059326171875" lon="121.159656979143619537353515625">
        <ele>4.400000095367431640625</ele>
        <time>2026-09-15T22:15:41.000Z</time>
        <extensions>
          <ns3:TrackPointExtension>
            <ns3:hr>112</ns3:hr>
            <ns3:cad>92</ns3:cad>
          </ns3:TrackPointExtension>
        </extensions>
      </trkpt>
      <trkpt lat="31.48552668280899524688720703125" lon="121.1596387065947055816650390625">
        <ele>4.400000095367431640625</ele>
        <time>2026-09-15T22:15:42.000Z</time>
        <extensions>
          <ns3:TrackPointExtension>
            <ns3:hr>112</ns3:hr>
            <ns3:cad>92</ns3:cad>
          </ns3:TrackPointExtension>
        </extensions>
      </trkpt>
      <trkpt lat="31.4855435304343700408935546875" lon="121.15962445735931396484375">
        <ele>4.400000095367431640625</ele>
        <time>2026-09-15T22:15:43.000Z</time>
        <extensions>
          <ns3:TrackPointExtension>
            <ns3:hr>112</ns3:hr>
            <ns3:cad>92</ns3:cad>
          </ns3:TrackPointExtension>
        </extensions>
      </trkpt>
      <trkpt lat="31.4855678379535675048828125" lon="121.15960710681974887847900390625">
        <ele>4.400000095367431640625</ele>
        <time>2026-09-15T22:15:44.000Z</time>
        <extensions>
          <ns3:TrackPointExtension>
            <ns3:hr>112</ns3:hr>
            <ns3:cad>92</ns3:cad>
          </ns3:TrackPointExtension>
        </extensions>
      </trkpt>
      <trkpt lat="31.48558200336992740631103515625" lon="121.1595907621085643768310546875">
        <ele>4.19999980926513671875</ele>
        <time>2026-09-15T22:15:45.000Z</time>
        <extensions>
          <ns3:TrackPointExtension>
            <ns3:hr>111</ns3:hr>
            <ns3:cad>92</ns3:cad>
          </ns3:TrackPointExtension>
        </extensions>
      </trkpt>
      <trkpt lat="31.485606729984283447265625" lon="121.15957324393093585968017578125">
        <ele>4.19999980926513671875</ele>
        <time>2026-09-15T22:15:46.000Z</time>
        <extensions>
          <ns3:TrackPointExtension>
            <ns3:hr>111</ns3:hr>
            <ns3:cad>92</ns3:cad>
          </ns3:TrackPointExtension>
        </extensions>
      </trkpt>
      <trkpt lat="31.4856209792196750640869140625" lon="121.15955865941941738128662109375">
        <ele>4.19999980926513671875</ele>
        <time>2026-09-15T22:15:47.000Z</time>
        <extensions>
          <ns3:TrackPointExtension>
            <ns3:hr>111</ns3:hr>
            <ns3:cad>92</ns3:cad>
          </ns3:TrackPointExtension>
        </extensions>
      </trkpt>
      <trkpt lat="31.48564570583403110504150390625" lon="121.159545667469501495361328125">
        <ele>4.19999980926513671875</ele>
        <time>2026-09-15T22:15:48.000Z</time>
        <extensions>
          <ns3:TrackPointExtension>
            <ns3:hr>111</ns3:hr>
            <ns3:cad>92</ns3:cad>
          </ns3:TrackPointExtension>
        </extensions>
      </trkpt>
      <trkpt lat="31.4856581948697566986083984375" lon="121.1595310829579830169677734375">
        <ele>4.19999980926513671875</ele>
        <time>2026-09-15T22:15:49.000Z</time>
        <extensions>
          <ns3:TrackPointExtension>
            <ns3:hr>111</ns3:hr>
            <ns3:cad>92</ns3:cad>
          </ns3:TrackPointExtension>
        </extensions>
      </trkpt>
      <trkpt lat="31.48568191565573215484619140625" lon="121.1595170013606548309326171875">
        <ele>4</ele>
        <time>2026-09-15T22:15:50.000Z</time>
        <extensions>
          <ns3:TrackPointExtension>
            <ns3:hr>111</ns3:hr>
            <ns3:cad>92</ns3:cad>
          </ns3:TrackPointExtension>
        </extensions>
      </trkpt>
      <trkpt lat="31.48569725453853607177734375" lon="121.15950350649654865264892578125">
        <ele>4</ele>
        <time>2026-09-15T22:15:51.000Z</time>
        <extensions>
          <ns3:TrackPointExtension>
            <ns3:hr>111</ns3:hr>
            <ns3:cad>93</ns3:cad>
          </ns3:TrackPointExtension>
        </extensions>
      </trkpt>
      <trkpt lat="31.48572114296257495880126953125" lon="121.1594925262033939361572265625">
        <ele>4</ele>
        <time>2026-09-15T22:15:52.000Z</time>
        <extensions>
          <ns3:TrackPointExtension>
            <ns3:hr>111</ns3:hr>
            <ns3:cad>93</ns3:cad>
          </ns3:TrackPointExtension>
        </extensions>
      </trkpt>
      <trkpt lat="31.48573606275022029876708984375" lon="121.1594774387776851654052734375">
        <ele>4</ele>
        <time>2026-09-15T22:15:53.000Z</time>
        <extensions>
          <ns3:TrackPointExtension>
            <ns3:hr>110</ns3:hr>
            <ns3:cad>93</ns3:cad>
          </ns3:TrackPointExtension>
        </extensions>
      </trkpt>
      <trkpt lat="31.4857597835361957550048828125" lon="121.15946662612259387969970703125">
        <ele>4</ele>
        <time>2026-09-15T22:15:54.000Z</time>
        <extensions>
          <ns3:TrackPointExtension>
            <ns3:hr>110</ns3:hr>
            <ns3:cad>93</ns3:cad>
          </ns3:TrackPointExtension>
        </extensions>
      </trkpt>
      <trkpt lat="31.48577679879963397979736328125" lon="121.15944969467818737030029296875">
        <ele>4</ele>
        <time>2026-09-15T22:15:55.000Z</time>
        <extensions>
          <ns3:TrackPointExtension>
            <ns3:hr>110</ns3:hr>
            <ns3:cad>93</ns3:cad>
          </ns3:TrackPointExtension>
        </extensions>
      </trkpt>
      <trkpt lat="31.48580010049045085906982421875" lon="121.15943745709955692291259765625">
        <ele>3.7999999523162841796875</ele>
        <time>2026-09-15T22:15:56.000Z</time>
        <extensions>
          <ns3:TrackPointExtension>
            <ns3:hr>110</ns3:hr>
            <ns3:cad>92</ns3:cad>
          </ns3:TrackPointExtension>
        </extensions>
      </trkpt>
      <trkpt lat="31.4858151040971279144287109375" lon="121.15942119620740413665771484375">
        <ele>3.7999999523162841796875</ele>
        <time>2026-09-15T22:15:57.000Z</time>
        <extensions>
          <ns3:TrackPointExtension>
            <ns3:hr>110</ns3:hr>
            <ns3:cad>92</ns3:cad>
          </ns3:TrackPointExtension>
        </extensions>
      </trkpt>
      <trkpt lat="31.48583781905472278594970703125" lon="121.1594100482761859893798828125">
        <ele>3.7999999523162841796875</ele>
        <time>2026-09-15T22:15:58.000Z</time>
        <extensions>
          <ns3:TrackPointExtension>
            <ns3:hr>110</ns3:hr>
            <ns3:cad>92</ns3:cad>
          </ns3:TrackPointExtension>
        </extensions>
      </trkpt>
      <trkpt lat="31.4858546666800975799560546875" lon="121.1593926139175891876220703125">
        <ele>3.7999999523162841796875</ele>
        <time>2026-09-15T22:15:59.000Z</time>
        <extensions>
          <ns3:TrackPointExtension>
            <ns3:hr>109</ns3:hr>
            <ns3:cad>91</ns3:cad>
          </ns3:TrackPointExtension>
        </extensions>
      </trkpt>
      <trkpt lat="31.48587620817124843597412109375" lon="121.159380711615085601806640625">
        <ele>3.599999904632568359375</ele>
        <time>2026-09-15T22:16:00.000Z</time>
        <extensions>
          <ns3:TrackPointExtension>
            <ns3:hr>108</ns3:hr>
            <ns3:cad>91</ns3:cad>
          </ns3:TrackPointExtension>
        </extensions>
      </trkpt>
      <trkpt lat="31.48589246906340122222900390625" lon="121.159363947808742523193359375">
        <ele>3.599999904632568359375</ele>
        <time>2026-09-15T22:16:01.000Z</time>
        <extensions>
          <ns3:TrackPointExtension>
            <ns3:hr>107</ns3:hr>
            <ns3:cad>91</ns3:cad>
          </ns3:TrackPointExtension>
        </extensions>
      </trkpt>
      <trkpt lat="31.48591090925037860870361328125" lon="121.15935020148754119873046875">
        <ele>3.599999904632568359375</ele>
        <time>2026-09-15T22:16:02.000Z</time>
        <extensions>
          <ns3:TrackPointExtension>
            <ns3:hr>107</ns3:hr>
            <ns3:cad>91</ns3:cad>
          </ns3:TrackPointExtension>
        </extensions>
      </trkpt>
      <trkpt lat="31.4859311096370220184326171875" lon="121.1593325994908809661865234375">
        <ele>3.599999904632568359375</ele>
        <time>2026-09-15T22:16:03.000Z</time>
        <extensions>
          <ns3:TrackPointExtension>
            <ns3:hr>107</ns3:hr>
            <ns3:cad>91</ns3:cad>
          </ns3:TrackPointExtension>
        </extensions>
      </trkpt>
      <trkpt lat="31.4859482087194919586181640625" lon="121.159316003322601318359375">
        <ele>3.599999904632568359375</ele>
        <time>2026-09-15T22:16:04.000Z</time>
        <extensions>
          <ns3:TrackPointExtension>
            <ns3:hr>106</ns3:hr>
            <ns3:cad>91</ns3:cad>
          </ns3:TrackPointExtension>
        </extensions>
      </trkpt>
      <trkpt lat="31.48596924729645252227783203125" lon="121.15929982624948024749755859375">
        <ele>3.599999904632568359375</ele>
        <time>2026-09-15T22:16:05.000Z</time>
        <extensions>
          <ns3:TrackPointExtension>
            <ns3:hr>105</ns3:hr>
            <ns3:cad>91</ns3:cad>
          </ns3:TrackPointExtension>
        </extensions>
      </trkpt>
      <trkpt lat="31.4859824068844318389892578125" lon="121.15928272716701030731201171875">
        <ele>3.400000095367431640625</ele>
        <time>2026-09-15T22:16:06.000Z</time>
        <extensions>
          <ns3:TrackPointExtension>
            <ns3:hr>105</ns3:hr>
            <ns3:cad>92</ns3:cad>
          </ns3:TrackPointExtension>
        </extensions>
      </trkpt>
      <trkpt lat="31.4860062114894390106201171875" lon="121.1592692323029041290283203125">
        <ele>3.400000095367431640625</ele>
        <time>2026-09-15T22:16:07.000Z</time>
        <extensions>
          <ns3:TrackPointExtension>
            <ns3:hr>105</ns3:hr>
            <ns3:cad>92</ns3:cad>
          </ns3:TrackPointExtension>
        </extensions>
      </trkpt>
      <trkpt lat="31.48602104745805263519287109375" lon="121.15925305522978305816650390625">
        <ele>3.400000095367431640625</ele>
        <time>2026-09-15T22:16:08.000Z</time>
        <extensions>
          <ns3:TrackPointExtension>
            <ns3:hr>105</ns3:hr>
            <ns3:cad>92</ns3:cad>
          </ns3:TrackPointExtension>
        </extensions>
      </trkpt>
      <trkpt lat="31.486044265329837799072265625" lon="121.15923679433763027191162109375">
        <ele>3.2000000476837158203125</ele>
        <time>2026-09-15T22:16:09.000Z</time>
        <extensions>
          <ns3:TrackPointExtension>
            <ns3:hr>106</ns3:hr>
            <ns3:cad>92</ns3:cad>
          </ns3:TrackPointExtension>
        </extensions>
      </trkpt>
      <trkpt lat="31.48605843074619770050048828125" lon="121.15922145545482635498046875">
        <ele>3.2000000476837158203125</ele>
        <time>2026-09-15T22:16:10.000Z</time>
        <extensions>
          <ns3:TrackPointExtension>
            <ns3:hr>105</ns3:hr>
            <ns3:cad>92</ns3:cad>
          </ns3:TrackPointExtension>
        </extensions>
      </trkpt>
      <trkpt lat="31.48607737384736537933349609375" lon="121.1592073738574981689453125">
        <ele>3.2000000476837158203125</ele>
        <time>2026-09-15T22:16:11.000Z</time>
        <extensions>
          <ns3:TrackPointExtension>
            <ns3:hr>105</ns3:hr>
            <ns3:cad>92</ns3:cad>
          </ns3:TrackPointExtension>
        </extensions>
      </trkpt>
      <trkpt lat="31.48609112016856670379638671875" lon="121.15919086150825023651123046875">
        <ele>3.2000000476837158203125</ele>
        <time>2026-09-15T22:16:12.000Z</time>
        <extensions>
          <ns3:TrackPointExtension>
            <ns3:hr>106</ns3:hr>
            <ns3:cad>91</ns3:cad>
          </ns3:TrackPointExtension>
        </extensions>
      </trkpt>
      <trkpt lat="31.48611274547874927520751953125" lon="121.15917451679706573486328125">
        <ele>3.2000000476837158203125</ele>
        <time>2026-09-15T22:16:13.000Z</time>
        <extensions>
          <ns3:TrackPointExtension>
            <ns3:hr>106</ns3:hr>
            <ns3:cad>91</ns3:cad>
          </ns3:TrackPointExtension>
        </extensions>
      </trkpt>
      <trkpt lat="31.48612582124769687652587890625" lon="121.15915733389556407928466796875">
        <ele>3.2000000476837158203125</ele>
        <time>2026-09-15T22:16:14.000Z</time>
        <extensions>
          <ns3:TrackPointExtension>
            <ns3:hr>106</ns3:hr>
            <ns3:cad>90</ns3:cad>
          </ns3:TrackPointExtension>
        </extensions>
      </trkpt>
      <trkpt lat="31.4861483685672283172607421875" lon="121.15914090536534786224365234375">
        <ele>3.2000000476837158203125</ele>
        <time>2026-09-15T22:16:15.000Z</time>
        <extensions>
          <ns3:TrackPointExtension>
            <ns3:hr>107</ns3:hr>
            <ns3:cad>90</ns3:cad>
          </ns3:TrackPointExtension>
        </extensions>
      </trkpt>
      <trkpt lat="31.486164964735507965087890625" lon="121.15912682376801967620849609375">
        <ele>3.2000000476837158203125</ele>
        <time>2026-09-15T22:16:16.000Z</time>
        <extensions>
          <ns3:TrackPointExtension>
            <ns3:hr>107</ns3:hr>
            <ns3:cad>90</ns3:cad>
          </ns3:TrackPointExtension>
        </extensions>
      </trkpt>
      <trkpt lat="31.486190445721149444580078125" lon="121.1591143347322940826416015625">
        <ele>3.2000000476837158203125</ele>
        <time>2026-09-15T22:16:17.000Z</time>
        <extensions>
          <ns3:TrackPointExtension>
            <ns3:hr>107</ns3:hr>
            <ns3:cad>90</ns3:cad>
          </ns3:TrackPointExtension>
        </extensions>
      </trkpt>
      <trkpt lat="31.48620494641363620758056640625" lon="121.159099750220775604248046875">
        <ele>3.2000000476837158203125</ele>
        <time>2026-09-15T22:16:18.000Z</time>
        <extensions>
          <ns3:TrackPointExtension>
            <ns3:hr>107</ns3:hr>
            <ns3:cad>90</ns3:cad>
          </ns3:TrackPointExtension>
        </extensions>
      </trkpt>
      <trkpt lat="31.4862308464944362640380859375" lon="121.15908659063279628753662109375">
        <ele>3</ele>
        <time>2026-09-15T22:16:19.000Z</time>
        <extensions>
          <ns3:TrackPointExtension>
            <ns3:hr>108</ns3:hr>
            <ns3:cad>90</ns3:cad>
          </ns3:TrackPointExtension>
        </extensions>
      </trkpt>
      <trkpt lat="31.486243419349193572998046875" lon="121.1590744368731975555419921875">
        <ele>3</ele>
        <time>2026-09-15T22:16:20.000Z</time>
        <extensions>
          <ns3:TrackPointExtension>
            <ns3:hr>108</ns3:hr>
            <ns3:cad>90</ns3:cad>
          </ns3:TrackPointExtension>
        </extensions>
      </trkpt>
      <trkpt lat="31.48626948706805706024169921875" lon="121.15906328894197940826416015625">
        <ele>3</ele>
        <time>2026-09-15T22:16:21.000Z</time>
        <extensions>
          <ns3:TrackPointExtension>
            <ns3:hr>108</ns3:hr>
            <ns3:cad>90</ns3:cad>
          </ns3:TrackPointExtension>
        </extensions>
      </trkpt>
      <trkpt lat="31.48628205992281436920166015625" lon="121.15905222482979297637939453125">
        <ele>3</ele>
        <time>2026-09-15T22:16:22.000Z</time>
        <extensions>
          <ns3:TrackPointExtension>
            <ns3:hr>109</ns3:hr>
            <ns3:cad>91</ns3:cad>
          </ns3:TrackPointExtension>
        </extensions>
      </trkpt>
      <trkpt lat="31.4863081276416778564453125" lon="121.15903881378471851348876953125">
        <ele>3</ele>
        <time>2026-09-15T22:16:23.000Z</time>
        <extensions>
          <ns3:TrackPointExtension>
            <ns3:hr>109</ns3:hr>
            <ns3:cad>91</ns3:cad>
          </ns3:TrackPointExtension>
        </extensions>
      </trkpt>
      <trkpt lat="31.48631709627807140350341796875" lon="121.1590251512825489044189453125">
        <ele>3</ele>
        <time>2026-09-15T22:16:24.000Z</time>
        <extensions>
          <ns3:TrackPointExtension>
            <ns3:hr>110</ns3:hr>
            <ns3:cad>91</ns3:cad>
          </ns3:TrackPointExtension>
        </extensions>
      </trkpt>
      <trkpt lat="31.48633989505469799041748046875" lon="121.15901383571326732635498046875">
        <ele>3</ele>
        <time>2026-09-15T22:16:25.000Z</time>
        <extensions>
          <ns3:TrackPointExtension>
            <ns3:hr>110</ns3:hr>
            <ns3:cad>92</ns3:cad>
          </ns3:TrackPointExtension>
        </extensions>
      </trkpt>
      <trkpt lat="31.48635079152882099151611328125" lon="121.1590036936104297637939453125">
        <ele>3</ele>
        <time>2026-09-15T22:16:26.000Z</time>
        <extensions>
          <ns3:TrackPointExtension>
            <ns3:hr>110</ns3:hr>
            <ns3:cad>92</ns3:cad>
          </ns3:TrackPointExtension>
        </extensions>
      </trkpt>
      <trkpt lat="31.486373841762542724609375" lon="121.15899321623146533966064453125">
        <ele>3</ele>
        <time>2026-09-15T22:16:27.000Z</time>
        <extensions>
          <ns3:TrackPointExtension>
            <ns3:hr>110</ns3:hr>
            <ns3:cad>91</ns3:cad>
          </ns3:TrackPointExtension>
        </extensions>
      </trkpt>
      <trkpt lat="31.4863857440650463104248046875" lon="121.15898030810058116912841796875">
        <ele>3</ele>
        <time>2026-09-15T22:16:28.000Z</time>
        <extensions>
          <ns3:TrackPointExtension>
            <ns3:hr>110</ns3:hr>
            <ns3:cad>91</ns3:cad>
          </ns3:TrackPointExtension>
        </extensions>
      </trkpt>
      <trkpt lat="31.48641206324100494384765625" lon="121.1589688248932361602783203125">
        <ele>3</ele>
        <time>2026-09-15T22:16:29.000Z</time>
        <extensions>
          <ns3:TrackPointExtension>
            <ns3:hr>110</ns3:hr>
            <ns3:cad>90</ns3:cad>
          </ns3:TrackPointExtension>
        </extensions>
      </trkpt>
      <trkpt lat="31.48642756976187229156494140625" lon="121.15895734168589115142822265625">
        <ele>3</ele>
        <time>2026-09-15T22:16:30.000Z</time>
        <extensions>
          <ns3:TrackPointExtension>
            <ns3:hr>110</ns3:hr>
            <ns3:cad>90</ns3:cad>
          </ns3:TrackPointExtension>
        </extensions>
      </trkpt>
      <trkpt lat="31.4864467643201351165771484375" lon="121.15894275717437267303466796875">
        <ele>3</ele>
        <time>2026-09-15T22:16:31.000Z</time>
        <extensions>
          <ns3:TrackPointExtension>
            <ns3:hr>110</ns3:hr>
            <ns3:cad>90</ns3:cad>
          </ns3:TrackPointExtension>
        </extensions>
      </trkpt>
      <trkpt lat="31.48646193556487560272216796875" lon="121.15892641246318817138671875">
        <ele>3.2000000476837158203125</ele>
        <time>2026-09-15T22:16:32.000Z</time>
        <extensions>
          <ns3:TrackPointExtension>
            <ns3:hr>110</ns3:hr>
            <ns3:cad>91</ns3:cad>
          </ns3:TrackPointExtension>
        </extensions>
      </trkpt>
      <trkpt lat="31.4864838123321533203125" lon="121.1589158512651920318603515625">
        <ele>3.2000000476837158203125</ele>
        <time>2026-09-15T22:16:33.000Z</time>
        <extensions>
          <ns3:TrackPointExtension>
            <ns3:hr>111</ns3:hr>
            <ns3:cad>92</ns3:cad>
          </ns3:TrackPointExtension>
        </extensions>
      </trkpt>
      <trkpt lat="31.48649990558624267578125" lon="121.15889766253530979156494140625">
        <ele>3.2000000476837158203125</ele>
        <time>2026-09-15T22:16:34.000Z</time>
        <extensions>
          <ns3:TrackPointExtension>
            <ns3:hr>110</ns3:hr>
            <ns3:cad>92</ns3:cad>
          </ns3:TrackPointExtension>
        </extensions>
      </trkpt>
      <trkpt lat="31.48651759140193462371826171875" lon="121.1588850058615207672119140625">
        <ele>3.400000095367431640625</ele>
        <time>2026-09-15T22:16:35.000Z</time>
        <extensions>
          <ns3:TrackPointExtension>
            <ns3:hr>110</ns3:hr>
            <ns3:cad>92</ns3:cad>
          </ns3:TrackPointExtension>
        </extensions>
      </trkpt>
      <trkpt lat="31.48653318174183368682861328125" lon="121.158866398036479949951171875">
        <ele>3.400000095367431640625</ele>
        <time>2026-09-15T22:16:36.000Z</time>
        <extensions>
          <ns3:TrackPointExtension>
            <ns3:hr>110</ns3:hr>
            <ns3:cad>91</ns3:cad>
          </ns3:TrackPointExtension>
        </extensions>
      </trkpt>
      <trkpt lat="31.48655153810977935791015625" lon="121.15885198116302490234375">
        <ele>3.400000095367431640625</ele>
        <time>2026-09-15T22:16:37.000Z</time>
        <extensions>
          <ns3:TrackPointExtension>
            <ns3:hr>111</ns3:hr>
            <ns3:cad>91</ns3:cad>
          </ns3:TrackPointExtension>
        </extensions>
      </trkpt>
      <trkpt lat="31.4865728281438350677490234375" lon="121.15883496589958667755126953125">
        <ele>3.400000095367431640625</ele>
        <time>2026-09-15T22:16:38.000Z</time>
        <extensions>
          <ns3:TrackPointExtension>
            <ns3:hr>110</ns3:hr>
            <ns3:cad>92</ns3:cad>
          </ns3:TrackPointExtension>
        </extensions>
      </trkpt>
      <trkpt lat="31.4865870773792266845703125" lon="121.15881853736937046051025390625">
        <ele>3.400000095367431640625</ele>
        <time>2026-09-15T22:16:39.000Z</time>
        <extensions>
          <ns3:TrackPointExtension>
            <ns3:hr>110</ns3:hr>
            <ns3:cad>92</ns3:cad>
          </ns3:TrackPointExtension>
        </extensions>
      </trkpt>
      <trkpt lat="31.48660652339458465576171875" lon="121.15880294702947139739990234375">
        <ele>3.400000095367431640625</ele>
        <time>2026-09-15T22:16:40.000Z</time>
        <extensions>
          <ns3:TrackPointExtension>
            <ns3:hr>110</ns3:hr>
            <ns3:cad>92</ns3:cad>
          </ns3:TrackPointExtension>
        </extensions>
      </trkpt>
      <trkpt lat="31.4866214431822299957275390625" lon="121.1587837524712085723876953125">
        <ele>3.400000095367431640625</ele>
        <time>2026-09-15T22:16:41.000Z</time>
        <extensions>
          <ns3:TrackPointExtension>
            <ns3:hr>110</ns3:hr>
            <ns3:cad>92</ns3:cad>
          </ns3:TrackPointExtension>
        </extensions>
      </trkpt>
      <trkpt lat="31.486643068492412567138671875" lon="121.15876824595034122467041015625">
        <ele>3.400000095367431640625</ele>
        <time>2026-09-15T22:16:42.000Z</time>
        <extensions>
          <ns3:TrackPointExtension>
            <ns3:hr>110</ns3:hr>
            <ns3:cad>92</ns3:cad>
          </ns3:TrackPointExtension>
        </extensions>
      </trkpt>
      <trkpt lat="31.486657820641994476318359375" lon="121.1587505601346492767333984375">
        <ele>3.400000095367431640625</ele>
        <time>2026-09-15T22:16:43.000Z</time>
        <extensions>
          <ns3:TrackPointExtension>
            <ns3:hr>110</ns3:hr>
            <ns3:cad>92</ns3:cad>
          </ns3:TrackPointExtension>
        </extensions>
      </trkpt>
      <trkpt lat="31.48668254725635051727294921875" lon="121.15873438306152820587158203125">
        <ele>3.400000095367431640625</ele>
        <time>2026-09-15T22:16:44.000Z</time>
        <extensions>
          <ns3:TrackPointExtension>
            <ns3:hr>110</ns3:hr>
            <ns3:cad>92</ns3:cad>
          </ns3:TrackPointExtension>
        </extensions>
      </trkpt>
      <trkpt lat="31.48669562302529811859130859375" lon="121.15871828980743885040283203125">
        <ele>3.400000095367431640625</ele>
        <time>2026-09-15T22:16:45.000Z</time>
        <extensions>
          <ns3:TrackPointExtension>
            <ns3:hr>110</ns3:hr>
            <ns3:cad>92</ns3:cad>
          </ns3:TrackPointExtension>
        </extensions>
      </trkpt>
      <trkpt lat="31.4867206849157810211181640625" lon="121.15870471112430095672607421875">
        <ele>3.400000095367431640625</ele>
        <time>2026-09-15T22:16:46.000Z</time>
        <extensions>
          <ns3:TrackPointExtension>
            <ns3:hr>110</ns3:hr>
            <ns3:cad>92</ns3:cad>
          </ns3:TrackPointExtension>
        </extensions>
      </trkpt>
      <trkpt lat="31.48673485033214092254638671875" lon="121.15868769586086273193359375">
        <ele>3.400000095367431640625</ele>
        <time>2026-09-15T22:16:47.000Z</time>
        <extensions>
          <ns3:TrackPointExtension>
            <ns3:hr>110</ns3:hr>
            <ns3:cad>92</ns3:cad>
          </ns3:TrackPointExtension>
        </extensions>
      </trkpt>
      <trkpt lat="31.48675932548940181732177734375" lon="121.15867369808256626129150390625">
        <ele>3.400000095367431640625</ele>
        <time>2026-09-15T22:16:48.000Z</time>
        <extensions>
          <ns3:TrackPointExtension>
            <ns3:hr>109</ns3:hr>
            <ns3:cad>92</ns3:cad>
          </ns3:TrackPointExtension>
        </extensions>
      </trkpt>
      <trkpt lat="31.486773155629634857177734375" lon="121.15865743719041347503662109375">
        <ele>3.400000095367431640625</ele>
        <time>2026-09-15T22:16:49.000Z</time>
        <extensions>
          <ns3:TrackPointExtension>
            <ns3:hr>110</ns3:hr>
            <ns3:cad>92</ns3:cad>
          </ns3:TrackPointExtension>
        </extensions>
      </trkpt>
      <trkpt lat="31.4868011511862277984619140625" lon="121.1586446128785610198974609375">
        <ele>3.400000095367431640625</ele>
        <time>2026-09-15T22:16:50.000Z</time>
        <extensions>
          <ns3:TrackPointExtension>
            <ns3:hr>109</ns3:hr>
            <ns3:cad>92</ns3:cad>
          </ns3:TrackPointExtension>
        </extensions>
      </trkpt>
      <trkpt lat="31.48681866936385631561279296875" lon="121.1586325429379940032958984375">
        <ele>3.599999904632568359375</ele>
        <time>2026-09-15T22:16:51.000Z</time>
        <extensions>
          <ns3:TrackPointExtension>
            <ns3:hr>109</ns3:hr>
            <ns3:cad>91</ns3:cad>
          </ns3:TrackPointExtension>
        </extensions>
      </trkpt>
      <trkpt lat="31.4868400432169437408447265625" lon="121.15862525068223476409912109375">
        <ele>3.599999904632568359375</ele>
        <time>2026-09-15T22:16:52.000Z</time>
        <extensions>
          <ns3:TrackPointExtension>
            <ns3:hr>110</ns3:hr>
            <ns3:cad>91</ns3:cad>
          </ns3:TrackPointExtension>
        </extensions>
      </trkpt>
      <trkpt lat="31.486854963004589080810546875" lon="121.15862122736871242523193359375">
        <ele>3.7999999523162841796875</ele>
        <time>2026-09-15T22:16:53.000Z</time>
        <extensions>
          <ns3:TrackPointExtension>
            <ns3:hr>110</ns3:hr>
            <ns3:cad>90</ns3:cad>
          </ns3:TrackPointExtension>
        </extensions>
      </trkpt>
      <trkpt lat="31.48688136599957942962646484375" lon="121.15862625651061534881591796875">
        <ele>3.7999999523162841796875</ele>
        <time>2026-09-15T22:16:54.000Z</time>
        <extensions>
          <ns3:TrackPointExtension>
            <ns3:hr>110</ns3:hr>
            <ns3:cad>91</ns3:cad>
          </ns3:TrackPointExtension>
        </extensions>
      </trkpt>
      <trkpt lat="31.4868997223675251007080078125" lon="121.1586261726915836334228515625">
        <ele>3.7999999523162841796875</ele>
        <time>2026-09-15T22:16:55.000Z</time>
        <extensions>
          <ns3:TrackPointExtension>
            <ns3:hr>112</ns3:hr>
            <ns3:cad>91</ns3:cad>
          </ns3:TrackPointExtension>
        </extensions>
      </trkpt>
      <trkpt lat="31.48692260496318340301513671875" lon="121.15864478051662445068359375">
        <ele>3.7999999523162841796875</ele>
        <time>2026-09-15T22:16:56.000Z</time>
        <extensions>
          <ns3:TrackPointExtension>
            <ns3:hr>112</ns3:hr>
            <ns3:cad>91</ns3:cad>
          </ns3:TrackPointExtension>
        </extensions>
      </trkpt>
      <trkpt lat="31.48694506846368312835693359375" lon="121.15865877829492092132568359375">
        <ele>3.599999904632568359375</ele>
        <time>2026-09-15T22:16:57.000Z</time>
        <extensions>
          <ns3:TrackPointExtension>
            <ns3:hr>113</ns3:hr>
            <ns3:cad>91</ns3:cad>
          </ns3:TrackPointExtension>
        </extensions>
      </trkpt>
      <trkpt lat="31.48695931769907474517822265625" lon="121.15868174470961093902587890625">
        <ele>3.599999904632568359375</ele>
        <time>2026-09-15T22:16:58.000Z</time>
        <extensions>
          <ns3:TrackPointExtension>
            <ns3:hr>113</ns3:hr>
            <ns3:cad>91</ns3:cad>
          </ns3:TrackPointExtension>
        </extensions>
      </trkpt>
      <trkpt lat="31.4869771711528301239013671875" lon="121.1587022803723812103271484375">
        <ele>3.599999904632568359375</ele>
        <time>2026-09-15T22:16:59.000Z</time>
        <extensions>
          <ns3:TrackPointExtension>
            <ns3:hr>113</ns3:hr>
            <ns3:cad>91</ns3:cad>
          </ns3:TrackPointExtension>
        </extensions>
      </trkpt>
      <trkpt lat="31.48698882199823856353759765625" lon="121.15872818045318126678466796875">
        <ele>3.599999904632568359375</ele>
        <time>2026-09-15T22:17:00.000Z</time>
        <extensions>
          <ns3:TrackPointExtension>
            <ns3:hr>113</ns3:hr>
            <ns3:cad>91</ns3:cad>
          </ns3:TrackPointExtension>
        </extensions>
      </trkpt>
      <trkpt lat="31.48700525052845478057861328125" lon="121.15875081159174442291259765625">
        <ele>3.599999904632568359375</ele>
        <time>2026-09-15T22:17:01.000Z</time>
        <extensions>
          <ns3:TrackPointExtension>
            <ns3:hr>114</ns3:hr>
            <ns3:cad>92</ns3:cad>
          </ns3:TrackPointExtension>
        </extensions>
      </trkpt>
      <trkpt lat="31.48701799102127552032470703125" lon="121.15877394564449787139892578125">
        <ele>3.599999904632568359375</ele>
        <time>2026-09-15T22:17:02.000Z</time>
        <extensions>
          <ns3:TrackPointExtension>
            <ns3:hr>114</ns3:hr>
            <ns3:cad>92</ns3:cad>
          </ns3:TrackPointExtension>
        </extensions>
      </trkpt>
      <trkpt lat="31.48703190498054027557373046875" lon="121.15880110301077365875244140625">
        <ele>3.400000095367431640625</ele>
        <time>2026-09-15T22:17:03.000Z</time>
        <extensions>
          <ns3:TrackPointExtension>
            <ns3:hr>114</ns3:hr>
            <ns3:cad>92</ns3:cad>
          </ns3:TrackPointExtension>
        </extensions>
      </trkpt>
      <trkpt lat="31.4870408736169338226318359375" lon="121.1588192917406558990478515625">
        <ele>3.400000095367431640625</ele>
        <time>2026-09-15T22:17:04.000Z</time>
        <extensions>
          <ns3:TrackPointExtension>
            <ns3:hr>115</ns3:hr>
            <ns3:cad>92</ns3:cad>
          </ns3:TrackPointExtension>
        </extensions>
      </trkpt>
      <trkpt lat="31.48705269210040569305419921875" lon="121.15884820930659770965576171875">
        <ele>3.400000095367431640625</ele>
        <time>2026-09-15T22:17:05.000Z</time>
        <extensions>
          <ns3:TrackPointExtension>
            <ns3:hr>115</ns3:hr>
            <ns3:cad>92</ns3:cad>
          </ns3:TrackPointExtension>
        </extensions>
      </trkpt>
      <trkpt lat="31.48706107400357723236083984375" lon="121.15886614657938480377197265625">
        <ele>3.400000095367431640625</ele>
        <time>2026-09-15T22:17:06.000Z</time>
        <extensions>
          <ns3:TrackPointExtension>
            <ns3:hr>115</ns3:hr>
            <ns3:cad>92</ns3:cad>
          </ns3:TrackPointExtension>
        </extensions>
      </trkpt>
      <trkpt lat="31.4870737306773662567138671875" lon="121.1588953994214534759521484375">
        <ele>3.400000095367431640625</ele>
        <time>2026-09-15T22:17:07.000Z</time>
        <extensions>
          <ns3:TrackPointExtension>
            <ns3:hr>115</ns3:hr>
            <ns3:cad>92</ns3:cad>
          </ns3:TrackPointExtension>
        </extensions>
      </trkpt>
      <trkpt lat="31.487087644636631011962890625" lon="121.1589088104665279388427734375">
        <ele>3.400000095367431640625</ele>
        <time>2026-09-15T22:17:08.000Z</time>
        <extensions>
          <ns3:TrackPointExtension>
            <ns3:hr>115</ns3:hr>
            <ns3:cad>92</ns3:cad>
          </ns3:TrackPointExtension>
        </extensions>
      </trkpt>
      <trkpt lat="31.4871012233197689056396484375" lon="121.158936135470867156982421875">
        <ele>3.400000095367431640625</ele>
        <time>2026-09-15T22:17:09.000Z</time>
        <extensions>
          <ns3:TrackPointExtension>
            <ns3:hr>115</ns3:hr>
            <ns3:cad>92</ns3:cad>
          </ns3:TrackPointExtension>
        </extensions>
      </trkpt>
      <trkpt lat="31.48711253888905048370361328125" lon="121.15895063616335391998291015625">
        <ele>3.400000095367431640625</ele>
        <time>2026-09-15T22:17:10.000Z</time>
        <extensions>
          <ns3:TrackPointExtension>
            <ns3:hr>115</ns3:hr>
            <ns3:cad>92</ns3:cad>
          </ns3:TrackPointExtension>
        </extensions>
      </trkpt>
      <trkpt lat="31.48712326772511005401611328125" lon="121.1589788831770420074462890625">
        <ele>3.400000095367431640625</ele>
        <time>2026-09-15T22:17:11.000Z</time>
        <extensions>
          <ns3:TrackPointExtension>
            <ns3:hr>115</ns3:hr>
            <ns3:cad>92</ns3:cad>
          </ns3:TrackPointExtension>
        </extensions>
      </trkpt>
      <trkpt lat="31.48713466711342334747314453125" lon="121.158999502658843994140625">
        <ele>3.400000095367431640625</ele>
        <time>2026-09-15T22:17:12.000Z</time>
        <extensions>
          <ns3:TrackPointExtension>
            <ns3:hr>115</ns3:hr>
            <ns3:cad>92</ns3:cad>
          </ns3:TrackPointExtension>
        </extensions>
      </trkpt>
      <trkpt lat="31.48714254610240459442138671875" lon="121.159030683338642120361328125">
        <ele>3.400000095367431640625</ele>
        <time>2026-09-15T22:17:13.000Z</time>
        <extensions>
          <ns3:TrackPointExtension>
            <ns3:hr>115</ns3:hr>
            <ns3:cad>92</ns3:cad>
          </ns3:TrackPointExtension>
        </extensions>
      </trkpt>
      <trkpt lat="31.48716081865131855010986328125" lon="121.159046106040477752685546875">
        <ele>3.400000095367431640625</ele>
        <time>2026-09-15T22:17:14.000Z</time>
        <extensions>
          <ns3:TrackPointExtension>
            <ns3:hr>115</ns3:hr>
            <ns3:cad>92</ns3:cad>
          </ns3:TrackPointExtension>
        </extensions>
      </trkpt>
      <trkpt lat="31.48717112839221954345703125" lon="121.15907183848321437835693359375">
        <ele>3.400000095367431640625</ele>
        <time>2026-09-15T22:17:15.000Z</time>
        <extensions>
          <ns3:TrackPointExtension>
            <ns3:hr>116</ns3:hr>
            <ns3:cad>92</ns3:cad>
          </ns3:TrackPointExtension>
        </extensions>
      </trkpt>
      <trkpt lat="31.48718395270407199859619140625" lon="121.1590905301272869110107421875">
        <ele>3.400000095367431640625</ele>
        <time>2026-09-15T22:17:16.000Z</time>
        <extensions>
          <ns3:TrackPointExtension>
            <ns3:hr>116</ns3:hr>
            <ns3:cad>92</ns3:cad>
          </ns3:TrackPointExtension>
        </extensions>
      </trkpt>
      <trkpt lat="31.48719283752143383026123046875" lon="121.159116514027118682861328125">
        <ele>3.400000095367431640625</ele>
        <time>2026-09-15T22:17:17.000Z</time>
        <extensions>
          <ns3:TrackPointExtension>
            <ns3:hr>116</ns3:hr>
            <ns3:cad>92</ns3:cad>
          </ns3:TrackPointExtension>
        </extensions>
      </trkpt>
      <trkpt lat="31.48720675148069858551025390625" lon="121.159137301146984100341796875">
        <ele>3.400000095367431640625</ele>
        <time>2026-09-15T22:17:18.000Z</time>
        <extensions>
          <ns3:TrackPointExtension>
            <ns3:hr>116</ns3:hr>
            <ns3:cad>92</ns3:cad>
          </ns3:TrackPointExtension>
        </extensions>
      </trkpt>
      <trkpt lat="31.48721848614513874053955078125" lon="121.1591606028378009796142578125">
        <ele>3.400000095367431640625</ele>
        <time>2026-09-15T22:17:19.000Z</time>
        <extensions>
          <ns3:TrackPointExtension>
            <ns3:hr>116</ns3:hr>
            <ns3:cad>93</ns3:cad>
          </ns3:TrackPointExtension>
        </extensions>
      </trkpt>
      <trkpt lat="31.487233825027942657470703125" lon="121.15918331779539585113525390625">
        <ele>3.400000095367431640625</ele>
        <time>2026-09-15T22:17:20.000Z</time>
        <extensions>
          <ns3:TrackPointExtension>
            <ns3:hr>116</ns3:hr>
            <ns3:cad>93</ns3:cad>
          </ns3:TrackPointExtension>
        </extensions>
      </trkpt>
      <trkpt lat="31.48724296130239963531494140625" lon="121.15920293144881725311279296875">
        <ele>3.400000095367431640625</ele>
        <time>2026-09-15T22:17:21.000Z</time>
        <extensions>
          <ns3:TrackPointExtension>
            <ns3:hr>116</ns3:hr>
            <ns3:cad>93</ns3:cad>
          </ns3:TrackPointExtension>
        </extensions>
      </trkpt>
      <trkpt lat="31.4872551150619983673095703125" lon="121.15922740660607814788818359375">
        <ele>3.400000095367431640625</ele>
        <time>2026-09-15T22:17:22.000Z</time>
        <extensions>
          <ns3:TrackPointExtension>
            <ns3:hr>116</ns3:hr>
            <ns3:cad>93</ns3:cad>
          </ns3:TrackPointExtension>
        </extensions>
      </trkpt>
      <trkpt lat="31.48726676590740680694580078125" lon="121.1592430807650089263916015625">
        <ele>3.599999904632568359375</ele>
        <time>2026-09-15T22:17:23.000Z</time>
        <extensions>
          <ns3:TrackPointExtension>
            <ns3:hr>117</ns3:hr>
            <ns3:cad>93</ns3:cad>
          </ns3:TrackPointExtension>
        </extensions>
      </trkpt>
      <trkpt lat="31.48728269152343273162841796875" lon="121.15926378406584262847900390625">
        <ele>3.599999904632568359375</ele>
        <time>2026-09-15T22:17:24.000Z</time>
        <extensions>
          <ns3:TrackPointExtension>
            <ns3:hr>117</ns3:hr>
            <ns3:cad>93</ns3:cad>
          </ns3:TrackPointExtension>
        </extensions>
      </trkpt>
      <trkpt lat="31.487295515835285186767578125" lon="121.15928054787218570709228515625">
        <ele>3.599999904632568359375</ele>
        <time>2026-09-15T22:17:25.000Z</time>
        <extensions>
          <ns3:TrackPointExtension>
            <ns3:hr>117</ns3:hr>
            <ns3:cad>93</ns3:cad>
          </ns3:TrackPointExtension>
        </extensions>
      </trkpt>
      <trkpt lat="31.48730616085231304168701171875" lon="121.15931441076099872589111328125">
        <ele>3.599999904632568359375</ele>
        <time>2026-09-15T22:17:26.000Z</time>
        <extensions>
          <ns3:TrackPointExtension>
            <ns3:hr>117</ns3:hr>
            <ns3:cad>93</ns3:cad>
          </ns3:TrackPointExtension>
        </extensions>
      </trkpt>
      <trkpt lat="31.4873178116977214813232421875" lon="121.159331090748310089111328125">
        <ele>3.599999904632568359375</ele>
        <time>2026-09-15T22:17:27.000Z</time>
        <extensions>
          <ns3:TrackPointExtension>
            <ns3:hr>117</ns3:hr>
            <ns3:cad>93</ns3:cad>
          </ns3:TrackPointExtension>
        </extensions>
      </trkpt>
      <trkpt lat="31.48732535541057586669921875" lon="121.1593604274094104766845703125">
        <ele>3.599999904632568359375</ele>
        <time>2026-09-15T22:17:28.000Z</time>
        <extensions>
          <ns3:TrackPointExtension>
            <ns3:hr>117</ns3:hr>
            <ns3:cad>92</ns3:cad>
          </ns3:TrackPointExtension>
        </extensions>
      </trkpt>
      <trkpt lat="31.48733600042760372161865234375" lon="121.1593788675963878631591796875">
        <ele>3.7999999523162841796875</ele>
        <time>2026-09-15T22:17:29.000Z</time>
        <extensions>
          <ns3:TrackPointExtension>
            <ns3:hr>117</ns3:hr>
            <ns3:cad>92</ns3:cad>
          </ns3:TrackPointExtension>
        </extensions>
      </trkpt>
      <trkpt lat="31.4873456396162509918212890625" lon="121.15940644405782222747802734375">
        <ele>3.7999999523162841796875</ele>
        <time>2026-09-15T22:17:30.000Z</time>
        <extensions>
          <ns3:TrackPointExtension>
            <ns3:hr>118</ns3:hr>
            <ns3:cad>93</ns3:cad>
          </ns3:TrackPointExtension>
        </extensions>
      </trkpt>
      <trkpt lat="31.4873600564897060394287109375" lon="121.1594211123883724212646484375">
        <ele>3.7999999523162841796875</ele>
        <time>2026-09-15T22:17:31.000Z</time>
        <extensions>
          <ns3:TrackPointExtension>
            <ns3:hr>119</ns3:hr>
            <ns3:cad>93</ns3:cad>
          </ns3:TrackPointExtension>
        </extensions>
      </trkpt>
      <trkpt lat="31.487369276583194732666015625" lon="121.1594455875456333160400390625">
        <ele>3.7999999523162841796875</ele>
        <time>2026-09-15T22:17:32.000Z</time>
        <extensions>
          <ns3:TrackPointExtension>
            <ns3:hr>119</ns3:hr>
            <ns3:cad>92</ns3:cad>
          </ns3:TrackPointExtension>
        </extensions>
      </trkpt>
      <trkpt lat="31.48738310672342777252197265625" lon="121.1594648659229278564453125">
        <ele>3.7999999523162841796875</ele>
        <time>2026-09-15T22:17:33.000Z</time>
        <extensions>
          <ns3:TrackPointExtension>
            <ns3:hr>120</ns3:hr>
            <ns3:cad>92</ns3:cad>
          </ns3:TrackPointExtension>
        </extensions>
      </trkpt>
      <trkpt lat="31.48739249445497989654541015625" lon="121.15948875434696674346923828125">
        <ele>3.7999999523162841796875</ele>
        <time>2026-09-15T22:17:34.000Z</time>
        <extensions>
          <ns3:TrackPointExtension>
            <ns3:hr>120</ns3:hr>
            <ns3:cad>92</ns3:cad>
          </ns3:TrackPointExtension>
        </extensions>
      </trkpt>
      <trkpt lat="31.48740607313811779022216796875" lon="121.15950987674295902252197265625">
        <ele>3.7999999523162841796875</ele>
        <time>2026-09-15T22:17:35.000Z</time>
        <extensions>
          <ns3:TrackPointExtension>
            <ns3:hr>120</ns3:hr>
            <ns3:cad>92</ns3:cad>
          </ns3:TrackPointExtension>
        </extensions>
      </trkpt>
      <trkpt lat="31.4874160476028919219970703125" lon="121.159529574215412139892578125">
        <ele>3.7999999523162841796875</ele>
        <time>2026-09-15T22:17:36.000Z</time>
        <extensions>
          <ns3:TrackPointExtension>
            <ns3:hr>121</ns3:hr>
            <ns3:cad>92</ns3:cad>
          </ns3:TrackPointExtension>
        </extensions>
      </trkpt>
      <trkpt lat="31.48742954246699810028076171875" lon="121.15955061279237270355224609375">
        <ele>3.7999999523162841796875</ele>
        <time>2026-09-15T22:17:37.000Z</time>
        <extensions>
          <ns3:TrackPointExtension>
            <ns3:hr>121</ns3:hr>
            <ns3:cad>92</ns3:cad>
          </ns3:TrackPointExtension>
        </extensions>
      </trkpt>
      <trkpt lat="31.4874421991407871246337890625" lon="121.1595689691603183746337890625">
        <ele>3.7999999523162841796875</ele>
        <time>2026-09-15T22:17:38.000Z</time>
        <extensions>
          <ns3:TrackPointExtension>
            <ns3:hr>121</ns3:hr>
            <ns3:cad>92</ns3:cad>
          </ns3:TrackPointExtension>
        </extensions>
      </trkpt>
      <trkpt lat="31.48745569400489330291748046875" lon="121.15959688089787960052490234375">
        <ele>3.7999999523162841796875</ele>
        <time>2026-09-15T22:17:39.000Z</time>
        <extensions>
          <ns3:TrackPointExtension>
            <ns3:hr>121</ns3:hr>
            <ns3:cad>92</ns3:cad>
          </ns3:TrackPointExtension>
        </extensions>
      </trkpt>
      <trkpt lat="31.48746860213577747344970703125" lon="121.159614063799381256103515625">
        <ele>3.7999999523162841796875</ele>
        <time>2026-09-15T22:17:40.000Z</time>
        <extensions>
          <ns3:TrackPointExtension>
            <ns3:hr>121</ns3:hr>
            <ns3:cad>93</ns3:cad>
          </ns3:TrackPointExtension>
        </extensions>
      </trkpt>
      <trkpt lat="31.48748083971440792083740234375" lon="121.1596397124230861663818359375">
        <ele>3.7999999523162841796875</ele>
        <time>2026-09-15T22:17:41.000Z</time>
        <extensions>
          <ns3:TrackPointExtension>
            <ns3:hr>121</ns3:hr>
            <ns3:cad>93</ns3:cad>
          </ns3:TrackPointExtension>
        </extensions>
      </trkpt>
      <trkpt lat="31.4874948374927043914794921875" lon="121.1596547998487949371337890625">
        <ele>3.7999999523162841796875</ele>
        <time>2026-09-15T22:17:42.000Z</time>
        <extensions>
          <ns3:TrackPointExtension>
            <ns3:hr>121</ns3:hr>
            <ns3:cad>92</ns3:cad>
          </ns3:TrackPointExtension>
        </extensions>
      </trkpt>
      <trkpt lat="31.4875055663287639617919921875" lon="121.15968354977667331695556640625">
        <ele>3.7999999523162841796875</ele>
        <time>2026-09-15T22:17:43.000Z</time>
        <extensions>
          <ns3:TrackPointExtension>
            <ns3:hr>121</ns3:hr>
            <ns3:cad>92</ns3:cad>
          </ns3:TrackPointExtension>
        </extensions>
      </trkpt>
      <trkpt lat="31.4875186420977115631103515625" lon="121.15969754755496978759765625">
        <ele>3.7999999523162841796875</ele>
        <time>2026-09-15T22:17:44.000Z</time>
        <extensions>
          <ns3:TrackPointExtension>
            <ns3:hr>121</ns3:hr>
            <ns3:cad>92</ns3:cad>
          </ns3:TrackPointExtension>
        </extensions>
      </trkpt>
      <trkpt lat="31.48752652108669281005859375" lon="121.1597235314548015594482421875">
        <ele>4</ele>
        <time>2026-09-15T22:17:45.000Z</time>
        <extensions>
          <ns3:TrackPointExtension>
            <ns3:hr>121</ns3:hr>
            <ns3:cad>91</ns3:cad>
          </ns3:TrackPointExtension>
        </extensions>
      </trkpt>
      <trkpt lat="31.4875394292175769805908203125" lon="121.1597384512424468994140625">
        <ele>3.7999999523162841796875</ele>
        <time>2026-09-15T22:17:46.000Z</time>
        <extensions>
          <ns3:TrackPointExtension>
            <ns3:hr>121</ns3:hr>
            <ns3:cad>91</ns3:cad>
          </ns3:TrackPointExtension>
        </extensions>
      </trkpt>
      <trkpt lat="31.4875474758446216583251953125" lon="121.159762255847454071044921875">
        <ele>3.7999999523162841796875</ele>
        <time>2026-09-15T22:17:47.000Z</time>
        <extensions>
          <ns3:TrackPointExtension>
            <ns3:hr>121</ns3:hr>
            <ns3:cad>91</ns3:cad>
          </ns3:TrackPointExtension>
        </extensions>
      </trkpt>
      <trkpt lat="31.48756013251841068267822265625" lon="121.159780025482177734375">
        <ele>3.7999999523162841796875</ele>
        <time>2026-09-15T22:17:48.000Z</time>
        <extensions>
          <ns3:TrackPointExtension>
            <ns3:hr>121</ns3:hr>
            <ns3:cad>91</ns3:cad>
          </ns3:TrackPointExtension>
        </extensions>
      </trkpt>
      <trkpt lat="31.4875699393451213836669921875" lon="121.15980089642107486724853515625">
        <ele>3.7999999523162841796875</ele>
        <time>2026-09-15T22:17:49.000Z</time>
        <extensions>
          <ns3:TrackPointExtension>
            <ns3:hr>121</ns3:hr>
            <ns3:cad>92</ns3:cad>
          </ns3:TrackPointExtension>
        </extensions>
      </trkpt>
      <trkpt lat="31.48758661933243274688720703125" lon="121.15982553921639919281005859375">
        <ele>4</ele>
        <time>2026-09-15T22:17:50.000Z</time>
        <extensions>
          <ns3:TrackPointExtension>
            <ns3:hr>122</ns3:hr>
            <ns3:cad>92</ns3:cad>
          </ns3:TrackPointExtension>
        </extensions>
      </trkpt>
      <trkpt lat="31.48759894073009490966796875" lon="121.15984213538467884063720703125">
        <ele>4</ele>
        <time>2026-09-15T22:17:51.000Z</time>
        <extensions>
          <ns3:TrackPointExtension>
            <ns3:hr>121</ns3:hr>
            <ns3:cad>93</ns3:cad>
          </ns3:TrackPointExtension>
        </extensions>
      </trkpt>
      <trkpt lat="31.48761360906064510345458984375" lon="121.1598687060177326202392578125">
        <ele>4</ele>
        <time>2026-09-15T22:17:52.000Z</time>
        <extensions>
          <ns3:TrackPointExtension>
            <ns3:hr>121</ns3:hr>
            <ns3:cad>94</ns3:cad>
          </ns3:TrackPointExtension>
        </extensions>
      </trkpt>
      <trkpt lat="31.48762903176248073577880859375" lon="121.1598817817866802215576171875">
        <ele>4</ele>
        <time>2026-09-15T22:17:53.000Z</time>
        <extensions>
          <ns3:TrackPointExtension>
            <ns3:hr>121</ns3:hr>
            <ns3:cad>94</ns3:cad>
          </ns3:TrackPointExtension>
        </extensions>
      </trkpt>
      <trkpt lat="31.48764319717884063720703125" lon="121.159913800656795501708984375">
        <ele>4</ele>
        <time>2026-09-15T22:17:54.000Z</time>
        <extensions>
          <ns3:TrackPointExtension>
            <ns3:hr>121</ns3:hr>
            <ns3:cad>94</ns3:cad>
          </ns3:TrackPointExtension>
        </extensions>
      </trkpt>
      <trkpt lat="31.48765518330037593841552734375" lon="121.15993048064410686492919921875">
        <ele>4</ele>
        <time>2026-09-15T22:17:55.000Z</time>
        <extensions>
          <ns3:TrackPointExtension>
            <ns3:hr>121</ns3:hr>
            <ns3:cad>94</ns3:cad>
          </ns3:TrackPointExtension>
        </extensions>
      </trkpt>
      <trkpt lat="31.4876691810786724090576171875" lon="121.15995931439101696014404296875">
        <ele>4</ele>
        <time>2026-09-15T22:17:56.000Z</time>
        <extensions>
          <ns3:TrackPointExtension>
            <ns3:hr>121</ns3:hr>
            <ns3:cad>93</ns3:cad>
          </ns3:TrackPointExtension>
        </extensions>
      </trkpt>
      <trkpt lat="31.48768435232341289520263671875" lon="121.1599749885499477386474609375">
        <ele>4</ele>
        <time>2026-09-15T22:17:57.000Z</time>
        <extensions>
          <ns3:TrackPointExtension>
            <ns3:hr>121</ns3:hr>
            <ns3:cad>93</ns3:cad>
          </ns3:TrackPointExtension>
        </extensions>
      </trkpt>
      <trkpt lat="31.48769323714077472686767578125" lon="121.15999954752624034881591796875">
        <ele>4</ele>
        <time>2026-09-15T22:17:58.000Z</time>
        <extensions>
          <ns3:TrackPointExtension>
            <ns3:hr>121</ns3:hr>
            <ns3:cad>93</ns3:cad>
          </ns3:TrackPointExtension>
        </extensions>
      </trkpt>
      <trkpt lat="31.48770413361489772796630859375" lon="121.1600148864090442657470703125">
        <ele>4</ele>
        <time>2026-09-15T22:17:59.000Z</time>
        <extensions>
          <ns3:TrackPointExtension>
            <ns3:hr>121</ns3:hr>
            <ns3:cad>92</ns3:cad>
          </ns3:TrackPointExtension>
        </extensions>
      </trkpt>
      <trkpt lat="31.4877109229564666748046875" lon="121.16003818809986114501953125">
        <ele>4</ele>
        <time>2026-09-15T22:18:00.000Z</time>
        <extensions>
          <ns3:TrackPointExtension>
            <ns3:hr>121</ns3:hr>
            <ns3:cad>91</ns3:cad>
          </ns3:TrackPointExtension>
        </extensions>
      </trkpt>
      <trkpt lat="31.4877243340015411376953125" lon="121.16005687974393367767333984375">
        <ele>4</ele>
        <time>2026-09-15T22:18:01.000Z</time>
        <extensions>
          <ns3:TrackPointExtension>
            <ns3:hr>121</ns3:hr>
            <ns3:cad>91</ns3:cad>
          </ns3:TrackPointExtension>
        </extensions>
      </trkpt>
      <trkpt lat="31.4877369068562984466552734375" lon="121.16007816977798938751220703125">
        <ele>4</ele>
        <time>2026-09-15T22:18:02.000Z</time>
        <extensions>
          <ns3:TrackPointExtension>
            <ns3:hr>121</ns3:hr>
            <ns3:cad>92</ns3:cad>
          </ns3:TrackPointExtension>
        </extensions>
      </trkpt>
      <trkpt lat="31.4877519942820072174072265625" lon="121.1601023934781551361083984375">
        <ele>4</ele>
        <time>2026-09-15T22:18:03.000Z</time>
        <extensions>
          <ns3:TrackPointExtension>
            <ns3:hr>121</ns3:hr>
            <ns3:cad>93</ns3:cad>
          </ns3:TrackPointExtension>
        </extensions>
      </trkpt>
      <trkpt lat="31.48776280693709850311279296875" lon="121.16011865437030792236328125">
        <ele>4</ele>
        <time>2026-09-15T22:18:04.000Z</time>
        <extensions>
          <ns3:TrackPointExtension>
            <ns3:hr>121</ns3:hr>
            <ns3:cad>94</ns3:cad>
          </ns3:TrackPointExtension>
        </extensions>
      </trkpt>
      <trkpt lat="31.4877714402973651885986328125" lon="121.1601453088223934173583984375">
        <ele>4</ele>
        <time>2026-09-15T22:18:05.000Z</time>
        <extensions>
          <ns3:TrackPointExtension>
            <ns3:hr>121</ns3:hr>
            <ns3:cad>94</ns3:cad>
          </ns3:TrackPointExtension>
        </extensions>
      </trkpt>
      <trkpt lat="31.48778292350471019744873046875" lon="121.16016534157097339630126953125">
        <ele>4</ele>
        <time>2026-09-15T22:18:06.000Z</time>
        <extensions>
          <ns3:TrackPointExtension>
            <ns3:hr>121</ns3:hr>
            <ns3:cad>92</ns3:cad>
          </ns3:TrackPointExtension>
        </extensions>
      </trkpt>
      <trkpt lat="31.48779666982591152191162109375" lon="121.16019719280302524566650390625">
        <ele>4</ele>
        <time>2026-09-15T22:18:07.000Z</time>
        <extensions>
          <ns3:TrackPointExtension>
            <ns3:hr>121</ns3:hr>
            <ns3:cad>92</ns3:cad>
          </ns3:TrackPointExtension>
        </extensions>
      </trkpt>
      <trkpt lat="31.48781008087098598480224609375" lon="121.16021429188549518585205078125">
        <ele>4</ele>
        <time>2026-09-15T22:18:08.000Z</time>
        <extensions>
          <ns3:TrackPointExtension>
            <ns3:hr>121</ns3:hr>
            <ns3:cad>92</ns3:cad>
          </ns3:TrackPointExtension>
        </extensions>
      </trkpt>
      <trkpt lat="31.48782332427799701690673828125" lon="121.16024999879300594329833984375">
        <ele>4</ele>
        <time>2026-09-15T22:18:09.000Z</time>
        <extensions>
          <ns3:TrackPointExtension>
            <ns3:hr>120</ns3:hr>
            <ns3:cad>92</ns3:cad>
          </ns3:TrackPointExtension>
        </extensions>
      </trkpt>
      <trkpt lat="31.48783723823726177215576171875" lon="121.16026776842772960662841796875">
        <ele>4</ele>
        <time>2026-09-15T22:18:10.000Z</time>
        <extensions>
          <ns3:TrackPointExtension>
            <ns3:hr>119</ns3:hr>
            <ns3:cad>93</ns3:cad>
          </ns3:TrackPointExtension>
        </extensions>
      </trkpt>
      <trkpt lat="31.487844027578830718994140625" lon="121.1602965183556079864501953125">
        <ele>4</ele>
        <time>2026-09-15T22:18:11.000Z</time>
        <extensions>
          <ns3:TrackPointExtension>
            <ns3:hr>119</ns3:hr>
            <ns3:cad>93</ns3:cad>
          </ns3:TrackPointExtension>
        </extensions>
      </trkpt>
      <trkpt lat="31.48785769008100032806396484375" lon="121.16031738929450511932373046875">
        <ele>4</ele>
        <time>2026-09-15T22:18:12.000Z</time>
        <extensions>
          <ns3:TrackPointExtension>
            <ns3:hr>119</ns3:hr>
            <ns3:cad>93</ns3:cad>
          </ns3:TrackPointExtension>
        </extensions>
      </trkpt>
      <trkpt lat="31.48786674253642559051513671875" lon="121.16034370847046375274658203125">
        <ele>4</ele>
        <time>2026-09-15T22:18:13.000Z</time>
        <extensions>
          <ns3:TrackPointExtension>
            <ns3:hr>118</ns3:hr>
            <ns3:cad>93</ns3:cad>
          </ns3:TrackPointExtension>
        </extensions>
      </trkpt>
      <trkpt lat="31.48788266815245151519775390625" lon="121.1603632383048534393310546875">
        <ele>4</ele>
        <time>2026-09-15T22:18:14.000Z</time>
        <extensions>
          <ns3:TrackPointExtension>
            <ns3:hr>118</ns3:hr>
            <ns3:cad>93</ns3:cad>
          </ns3:TrackPointExtension>
        </extensions>
      </trkpt>
      <trkpt lat="31.48789540864527225494384765625" lon="121.1603843607008457183837890625">
        <ele>4</ele>
        <time>2026-09-15T22:18:15.000Z</time>
        <extensions>
          <ns3:TrackPointExtension>
            <ns3:hr>118</ns3:hr>
            <ns3:cad>92</ns3:cad>
          </ns3:TrackPointExtension>
        </extensions>
      </trkpt>
      <trkpt lat="31.48791166953742504119873046875" lon="121.1604088358581066131591796875">
        <ele>4</ele>
        <time>2026-09-15T22:18:16.000Z</time>
        <extensions>
          <ns3:TrackPointExtension>
            <ns3:hr>118</ns3:hr>
            <ns3:cad>92</ns3:cad>
          </ns3:TrackPointExtension>
        </extensions>
      </trkpt>
      <trkpt lat="31.4879213087260723114013671875" lon="121.16042333655059337615966796875">
        <ele>4</ele>
        <time>2026-09-15T22:18:17.000Z</time>
        <extensions>
          <ns3:TrackPointExtension>
            <ns3:hr>118</ns3:hr>
            <ns3:cad>92</ns3:cad>
          </ns3:TrackPointExtension>
        </extensions>
      </trkpt>
      <trkpt lat="31.4879370667040348052978515625" lon="121.160444878041744232177734375">
        <ele>3.7999999523162841796875</ele>
        <time>2026-09-15T22:18:18.000Z</time>
        <extensions>
          <ns3:TrackPointExtension>
            <ns3:hr>117</ns3:hr>
            <ns3:cad>93</ns3:cad>
          </ns3:TrackPointExtension>
        </extensions>
      </trkpt>
      <trkpt lat="31.4879481308162212371826171875" lon="121.1604587920010089874267578125">
        <ele>3.7999999523162841796875</ele>
        <time>2026-09-15T22:18:19.000Z</time>
        <extensions>
          <ns3:TrackPointExtension>
            <ns3:hr>117</ns3:hr>
            <ns3:cad>93</ns3:cad>
          </ns3:TrackPointExtension>
        </extensions>
      </trkpt>
      <trkpt lat="31.48796011693775653839111328125" lon="121.160485446453094482421875">
        <ele>3.7999999523162841796875</ele>
        <time>2026-09-15T22:18:20.000Z</time>
        <extensions>
          <ns3:TrackPointExtension>
            <ns3:hr>117</ns3:hr>
            <ns3:cad>93</ns3:cad>
          </ns3:TrackPointExtension>
        </extensions>
      </trkpt>
      <trkpt lat="31.487973444163799285888671875" lon="121.1604976840317249298095703125">
        <ele>3.7999999523162841796875</ele>
        <time>2026-09-15T22:18:21.000Z</time>
        <extensions>
          <ns3:TrackPointExtension>
            <ns3:hr>117</ns3:hr>
            <ns3:cad>93</ns3:cad>
          </ns3:TrackPointExtension>
        </extensions>
      </trkpt>
      <trkpt lat="31.4879876933991909027099609375" lon="121.16052475757896900177001953125">
        <ele>3.7999999523162841796875</ele>
        <time>2026-09-15T22:18:22.000Z</time>
        <extensions>
          <ns3:TrackPointExtension>
            <ns3:hr>117</ns3:hr>
            <ns3:cad>93</ns3:cad>
          </ns3:TrackPointExtension>
        </extensions>
      </trkpt>
      <trkpt lat="31.48799951188266277313232421875" lon="121.1605409346520900726318359375">
        <ele>4</ele>
        <time>2026-09-15T22:18:23.000Z</time>
        <extensions>
          <ns3:TrackPointExtension>
            <ns3:hr>117</ns3:hr>
            <ns3:cad>93</ns3:cad>
          </ns3:TrackPointExtension>
        </extensions>
      </trkpt>
      <trkpt lat="31.48801065981388092041015625" lon="121.16057060658931732177734375">
        <ele>3.7999999523162841796875</ele>
        <time>2026-09-15T22:18:24.000Z</time>
        <extensions>
          <ns3:TrackPointExtension>
            <ns3:hr>117</ns3:hr>
            <ns3:cad>93</ns3:cad>
          </ns3:TrackPointExtension>
        </extensions>
      </trkpt>
      <trkpt lat="31.48802566342055797576904296875" lon="121.16058728657662868499755859375">
        <ele>3.7999999523162841796875</ele>
        <time>2026-09-15T22:18:25.000Z</time>
        <extensions>
          <ns3:TrackPointExtension>
            <ns3:hr>117</ns3:hr>
            <ns3:cad>93</ns3:cad>
          </ns3:TrackPointExtension>
        </extensions>
      </trkpt>
      <trkpt lat="31.48803538642823696136474609375" lon="121.16061628796160221099853515625">
        <ele>3.7999999523162841796875</ele>
        <time>2026-09-15T22:18:26.000Z</time>
        <extensions>
          <ns3:TrackPointExtension>
            <ns3:hr>117</ns3:hr>
            <ns3:cad>92</ns3:cad>
          </ns3:TrackPointExtension>
        </extensions>
      </trkpt>
      <trkpt lat="31.4880544133484363555908203125" lon="121.1606297828257083892822265625">
        <ele>3.7999999523162841796875</ele>
        <time>2026-09-15T22:18:27.000Z</time>
        <extensions>
          <ns3:TrackPointExtension>
            <ns3:hr>117</ns3:hr>
            <ns3:cad>92</ns3:cad>
          </ns3:TrackPointExtension>
        </extensions>
      </trkpt>
      <trkpt lat="31.4880664832890033721923828125" lon="121.16065719164907932281494140625">
        <ele>3.7999999523162841796875</ele>
        <time>2026-09-15T22:18:28.000Z</time>
        <extensions>
          <ns3:TrackPointExtension>
            <ns3:hr>117</ns3:hr>
            <ns3:cad>92</ns3:cad>
          </ns3:TrackPointExtension>
        </extensions>
      </trkpt>
      <trkpt lat="31.4880829118192195892333984375" lon="121.1606737039983272552490234375">
        <ele>3.7999999523162841796875</ele>
        <time>2026-09-15T22:18:29.000Z</time>
        <extensions>
          <ns3:TrackPointExtension>
            <ns3:hr>116</ns3:hr>
            <ns3:cad>92</ns3:cad>
          </ns3:TrackPointExtension>
        </extensions>
      </trkpt>
      <trkpt lat="31.488090455532073974609375" lon="121.16070144809782505035400390625">
        <ele>3.7999999523162841796875</ele>
        <time>2026-09-15T22:18:30.000Z</time>
        <extensions>
          <ns3:TrackPointExtension>
            <ns3:hr>116</ns3:hr>
            <ns3:cad>92</ns3:cad>
          </ns3:TrackPointExtension>
        </extensions>
      </trkpt>
      <trkpt lat="31.4881050400435924530029296875" lon="121.16071888245642185211181640625">
        <ele>3.7999999523162841796875</ele>
        <time>2026-09-15T22:18:31.000Z</time>
        <extensions>
          <ns3:TrackPointExtension>
            <ns3:hr>116</ns3:hr>
            <ns3:cad>92</ns3:cad>
          </ns3:TrackPointExtension>
        </extensions>
      </trkpt>
      <trkpt lat="31.48811434395611286163330078125" lon="121.1607454530894756317138671875">
        <ele>3.7999999523162841796875</ele>
        <time>2026-09-15T22:18:32.000Z</time>
        <extensions>
          <ns3:TrackPointExtension>
            <ns3:hr>117</ns3:hr>
            <ns3:cad>92</ns3:cad>
          </ns3:TrackPointExtension>
        </extensions>
      </trkpt>
      <trkpt lat="31.4881281740963459014892578125" lon="121.16076582111418247222900390625">
        <ele>3.7999999523162841796875</ele>
        <time>2026-09-15T22:18:33.000Z</time>
        <extensions>
          <ns3:TrackPointExtension>
            <ns3:hr>116</ns3:hr>
            <ns3:cad>92</ns3:cad>
          </ns3:TrackPointExtension>
        </extensions>
      </trkpt>
      <trkpt lat="31.48813580162823200225830078125" lon="121.16078996099531650543212890625">
        <ele>3.7999999523162841796875</ele>
        <time>2026-09-15T22:18:34.000Z</time>
        <extensions>
          <ns3:TrackPointExtension>
            <ns3:hr>117</ns3:hr>
            <ns3:cad>92</ns3:cad>
          </ns3:TrackPointExtension>
        </extensions>
      </trkpt>
      <trkpt lat="31.48815072141587734222412109375" lon="121.16081066429615020751953125">
        <ele>3.7999999523162841796875</ele>
        <time>2026-09-15T22:18:35.000Z</time>
        <extensions>
          <ns3:TrackPointExtension>
            <ns3:hr>117</ns3:hr>
            <ns3:cad>92</ns3:cad>
          </ns3:TrackPointExtension>
        </extensions>
      </trkpt>
      <trkpt lat="31.48815843276679515838623046875" lon="121.16083404980599880218505859375">
        <ele>3.7999999523162841796875</ele>
        <time>2026-09-15T22:18:36.000Z</time>
        <extensions>
          <ns3:TrackPointExtension>
            <ns3:hr>117</ns3:hr>
            <ns3:cad>92</ns3:cad>
          </ns3:TrackPointExtension>
        </extensions>
      </trkpt>
      <trkpt lat="31.488170921802520751953125" lon="121.1608564294874668121337890625">
        <ele>3.7999999523162841796875</ele>
        <time>2026-09-15T22:18:37.000Z</time>
        <extensions>
          <ns3:TrackPointExtension>
            <ns3:hr>116</ns3:hr>
            <ns3:cad>92</ns3:cad>
          </ns3:TrackPointExtension>
        </extensions>
      </trkpt>
      <trkpt lat="31.48817972280085086822509765625" lon="121.1608752049505710601806640625">
        <ele>3.7999999523162841796875</ele>
        <time>2026-09-15T22:18:38.000Z</time>
        <extensions>
          <ns3:TrackPointExtension>
            <ns3:hr>116</ns3:hr>
            <ns3:cad>92</ns3:cad>
          </ns3:TrackPointExtension>
        </extensions>
      </trkpt>
      <trkpt lat="31.48819481022655963897705078125" lon="121.16090185940265655517578125">
        <ele>3.7999999523162841796875</ele>
        <time>2026-09-15T22:18:39.000Z</time>
        <extensions>
          <ns3:TrackPointExtension>
            <ns3:hr>116</ns3:hr>
            <ns3:cad>92</ns3:cad>
          </ns3:TrackPointExtension>
        </extensions>
      </trkpt>
      <trkpt lat="31.48820780217647552490234375" lon="121.160918958485126495361328125">
        <ele>3.7999999523162841796875</ele>
        <time>2026-09-15T22:18:40.000Z</time>
        <extensions>
          <ns3:TrackPointExtension>
            <ns3:hr>116</ns3:hr>
            <ns3:cad>92</ns3:cad>
          </ns3:TrackPointExtension>
        </extensions>
      </trkpt>
      <trkpt lat="31.48822255432605743408203125" lon="121.1609454452991485595703125">
        <ele>3.7999999523162841796875</ele>
        <time>2026-09-15T22:18:41.000Z</time>
        <extensions>
          <ns3:TrackPointExtension>
            <ns3:hr>116</ns3:hr>
            <ns3:cad>92</ns3:cad>
          </ns3:TrackPointExtension>
        </extensions>
      </trkpt>
      <trkpt lat="31.48823772557079792022705078125" lon="121.16096019744873046875">
        <ele>3.7999999523162841796875</ele>
        <time>2026-09-15T22:18:42.000Z</time>
        <extensions>
          <ns3:TrackPointExtension>
            <ns3:hr>116</ns3:hr>
            <ns3:cad>92</ns3:cad>
          </ns3:TrackPointExtension>
        </extensions>
      </trkpt>
      <trkpt lat="31.488254405558109283447265625" lon="121.16098626516759395599365234375">
        <ele>3.7999999523162841796875</ele>
        <time>2026-09-15T22:18:43.000Z</time>
        <extensions>
          <ns3:TrackPointExtension>
            <ns3:hr>116</ns3:hr>
            <ns3:cad>92</ns3:cad>
          </ns3:TrackPointExtension>
        </extensions>
      </trkpt>
      <trkpt lat="31.48826940916478633880615234375" lon="121.16100001148879528045654296875">
        <ele>3.7999999523162841796875</ele>
        <time>2026-09-15T22:18:44.000Z</time>
        <extensions>
          <ns3:TrackPointExtension>
            <ns3:hr>116</ns3:hr>
            <ns3:cad>92</ns3:cad>
          </ns3:TrackPointExtension>
        </extensions>
      </trkpt>
      <trkpt lat="31.48828282020986080169677734375" lon="121.16102599538862705230712890625">
        <ele>3.7999999523162841796875</ele>
        <time>2026-09-15T22:18:45.000Z</time>
        <extensions>
          <ns3:TrackPointExtension>
            <ns3:hr>116</ns3:hr>
            <ns3:cad>92</ns3:cad>
          </ns3:TrackPointExtension>
        </extensions>
      </trkpt>
      <trkpt lat="31.4882968179881572723388671875" lon="121.16104208864271640777587890625">
        <ele>3.7999999523162841796875</ele>
        <time>2026-09-15T22:18:46.000Z</time>
        <extensions>
          <ns3:TrackPointExtension>
            <ns3:hr>116</ns3:hr>
            <ns3:cad>91</ns3:cad>
          </ns3:TrackPointExtension>
        </extensions>
      </trkpt>
      <trkpt lat="31.48830729536712169647216796875" lon="121.161073856055736541748046875">
        <ele>3.7999999523162841796875</ele>
        <time>2026-09-15T22:18:47.000Z</time>
        <extensions>
          <ns3:TrackPointExtension>
            <ns3:hr>115</ns3:hr>
            <ns3:cad>91</ns3:cad>
          </ns3:TrackPointExtension>
        </extensions>
      </trkpt>
      <trkpt lat="31.48831953294575214385986328125" lon="121.16109363734722137451171875">
        <ele>3.7999999523162841796875</ele>
        <time>2026-09-15T22:18:48.000Z</time>
        <extensions>
          <ns3:TrackPointExtension>
            <ns3:hr>115</ns3:hr>
            <ns3:cad>92</ns3:cad>
          </ns3:TrackPointExtension>
        </extensions>
      </trkpt>
      <trkpt lat="31.48833042941987514495849609375" lon="121.1611243151128292083740234375">
        <ele>3.7999999523162841796875</ele>
        <time>2026-09-15T22:18:49.000Z</time>
        <extensions>
          <ns3:TrackPointExtension>
            <ns3:hr>115</ns3:hr>
            <ns3:cad>92</ns3:cad>
          </ns3:TrackPointExtension>
        </extensions>
      </trkpt>
      <trkpt lat="31.48834350518882274627685546875" lon="121.1611434258520603179931640625">
        <ele>3.7999999523162841796875</ele>
        <time>2026-09-15T22:18:50.000Z</time>
        <extensions>
          <ns3:TrackPointExtension>
            <ns3:hr>115</ns3:hr>
            <ns3:cad>92</ns3:cad>
          </ns3:TrackPointExtension>
        </extensions>
      </trkpt>
      <trkpt lat="31.48835339583456516265869140625" lon="121.16117544472217559814453125">
        <ele>3.599999904632568359375</ele>
        <time>2026-09-15T22:18:51.000Z</time>
        <extensions>
          <ns3:TrackPointExtension>
            <ns3:hr>115</ns3:hr>
            <ns3:cad>92</ns3:cad>
          </ns3:TrackPointExtension>
        </extensions>
      </trkpt>
      <trkpt lat="31.48836814798414707183837890625" lon="121.16119497455656528472900390625">
        <ele>3.599999904632568359375</ele>
        <time>2026-09-15T22:18:52.000Z</time>
        <extensions>
          <ns3:TrackPointExtension>
            <ns3:hr>115</ns3:hr>
            <ns3:cad>92</ns3:cad>
          </ns3:TrackPointExtension>
        </extensions>
      </trkpt>
      <trkpt lat="31.48837217129766941070556640625" lon="121.16122506558895111083984375">
        <ele>3.599999904632568359375</ele>
        <time>2026-09-15T22:18:53.000Z</time>
        <extensions>
          <ns3:TrackPointExtension>
            <ns3:hr>115</ns3:hr>
            <ns3:cad>92</ns3:cad>
          </ns3:TrackPointExtension>
        </extensions>
      </trkpt>
      <trkpt lat="31.48838507942855358123779296875" lon="121.16124249994754791259765625">
        <ele>3.599999904632568359375</ele>
        <time>2026-09-15T22:18:54.000Z</time>
        <extensions>
          <ns3:TrackPointExtension>
            <ns3:hr>115</ns3:hr>
            <ns3:cad>92</ns3:cad>
          </ns3:TrackPointExtension>
        </extensions>
      </trkpt>
      <trkpt lat="31.48839362896978855133056640625" lon="121.16126588545739650726318359375">
        <ele>3.599999904632568359375</ele>
        <time>2026-09-15T22:18:55.000Z</time>
        <extensions>
          <ns3:TrackPointExtension>
            <ns3:hr>116</ns3:hr>
            <ns3:cad>92</ns3:cad>
          </ns3:TrackPointExtension>
        </extensions>
      </trkpt>
      <trkpt lat="31.48840586654841899871826171875" lon="121.1612835712730884552001953125">
        <ele>3.599999904632568359375</ele>
        <time>2026-09-15T22:18:56.000Z</time>
        <extensions>
          <ns3:TrackPointExtension>
            <ns3:hr>115</ns3:hr>
            <ns3:cad>92</ns3:cad>
          </ns3:TrackPointExtension>
        </extensions>
      </trkpt>
      <trkpt lat="31.48841408081352710723876953125" lon="121.16130511276423931121826171875">
        <ele>3.599999904632568359375</ele>
        <time>2026-09-15T22:18:57.000Z</time>
        <extensions>
          <ns3:TrackPointExtension>
            <ns3:hr>115</ns3:hr>
            <ns3:cad>93</ns3:cad>
          </ns3:TrackPointExtension>
        </extensions>
      </trkpt>
      <trkpt lat="31.488428749144077301025390625" lon="121.1613227985799312591552734375">
        <ele>3.599999904632568359375</ele>
        <time>2026-09-15T22:18:58.000Z</time>
        <extensions>
          <ns3:TrackPointExtension>
            <ns3:hr>116</ns3:hr>
            <ns3:cad>93</ns3:cad>
          </ns3:TrackPointExtension>
        </extensions>
      </trkpt>
      <trkpt lat="31.48843972943723201751708984375" lon="121.1613439209759235382080078125">
        <ele>3.599999904632568359375</ele>
        <time>2026-09-15T22:18:59.000Z</time>
        <extensions>
          <ns3:TrackPointExtension>
            <ns3:hr>116</ns3:hr>
            <ns3:cad>93</ns3:cad>
          </ns3:TrackPointExtension>
        </extensions>
      </trkpt>
      <trkpt lat="31.48845246993005275726318359375" lon="121.1613665521144866943359375">
        <ele>3.599999904632568359375</ele>
        <time>2026-09-15T22:19:00.000Z</time>
        <extensions>
          <ns3:TrackPointExtension>
            <ns3:hr>116</ns3:hr>
            <ns3:cad>92</ns3:cad>
          </ns3:TrackPointExtension>
        </extensions>
      </trkpt>
      <trkpt lat="31.4884594269096851348876953125" lon="121.16138935089111328125">
        <ele>3.599999904632568359375</ele>
        <time>2026-09-15T22:19:01.000Z</time>
        <extensions>
          <ns3:TrackPointExtension>
            <ns3:hr>115</ns3:hr>
            <ns3:cad>92</ns3:cad>
          </ns3:TrackPointExtension>
        </extensions>
      </trkpt>
      <trkpt lat="31.48847761563956737518310546875" lon="121.1614121496677398681640625">
        <ele>3.400000095367431640625</ele>
        <time>2026-09-15T22:19:02.000Z</time>
        <extensions>
          <ns3:TrackPointExtension>
            <ns3:hr>115</ns3:hr>
            <ns3:cad>92</ns3:cad>
          </ns3:TrackPointExtension>
        </extensions>
      </trkpt>
      <trkpt lat="31.4884916134178638458251953125" lon="121.16142966784536838531494140625">
        <ele>3.400000095367431640625</ele>
        <time>2026-09-15T22:19:03.000Z</time>
        <extensions>
          <ns3:TrackPointExtension>
            <ns3:hr>115</ns3:hr>
            <ns3:cad>92</ns3:cad>
          </ns3:TrackPointExtension>
        </extensions>
      </trkpt>
      <trkpt lat="31.4885048568248748779296875" lon="121.16145632229745388031005859375">
        <ele>3.400000095367431640625</ele>
        <time>2026-09-15T22:19:04.000Z</time>
        <extensions>
          <ns3:TrackPointExtension>
            <ns3:hr>115</ns3:hr>
            <ns3:cad>92</ns3:cad>
          </ns3:TrackPointExtension>
        </extensions>
      </trkpt>
      <trkpt lat="31.48851583711802959442138671875" lon="121.16147124208509922027587890625">
        <ele>3.400000095367431640625</ele>
        <time>2026-09-15T22:19:05.000Z</time>
        <extensions>
          <ns3:TrackPointExtension>
            <ns3:hr>115</ns3:hr>
            <ns3:cad>92</ns3:cad>
          </ns3:TrackPointExtension>
        </extensions>
      </trkpt>
      <trkpt lat="31.4885281585156917572021484375" lon="121.16149940527975559234619140625">
        <ele>3.400000095367431640625</ele>
        <time>2026-09-15T22:19:06.000Z</time>
        <extensions>
          <ns3:TrackPointExtension>
            <ns3:hr>114</ns3:hr>
            <ns3:cad>92</ns3:cad>
          </ns3:TrackPointExtension>
        </extensions>
      </trkpt>
      <trkpt lat="31.4885435812175273895263671875" lon="121.16151206195354461669921875">
        <ele>3.400000095367431640625</ele>
        <time>2026-09-15T22:19:07.000Z</time>
        <extensions>
          <ns3:TrackPointExtension>
            <ns3:hr>114</ns3:hr>
            <ns3:cad>92</ns3:cad>
          </ns3:TrackPointExtension>
        </extensions>
      </trkpt>
      <trkpt lat="31.48855623789131641387939453125" lon="121.16154232062399387359619140625">
        <ele>3.400000095367431640625</ele>
        <time>2026-09-15T22:19:08.000Z</time>
        <extensions>
          <ns3:TrackPointExtension>
            <ns3:hr>114</ns3:hr>
            <ns3:cad>92</ns3:cad>
          </ns3:TrackPointExtension>
        </extensions>
      </trkpt>
      <trkpt lat="31.4885692298412322998046875" lon="121.161556653678417205810546875">
        <ele>3.400000095367431640625</ele>
        <time>2026-09-15T22:19:09.000Z</time>
        <extensions>
          <ns3:TrackPointExtension>
            <ns3:hr>115</ns3:hr>
            <ns3:cad>92</ns3:cad>
          </ns3:TrackPointExtension>
        </extensions>
      </trkpt>
      <trkpt lat="31.48857794702053070068359375" lon="121.16158540360629558563232421875">
        <ele>3.400000095367431640625</ele>
        <time>2026-09-15T22:19:10.000Z</time>
        <extensions>
          <ns3:TrackPointExtension>
            <ns3:hr>115</ns3:hr>
            <ns3:cad>92</ns3:cad>
          </ns3:TrackPointExtension>
        </extensions>
      </trkpt>
      <trkpt lat="31.4885888434946537017822265625" lon="121.16160501725971698760986328125">
        <ele>3.400000095367431640625</ele>
        <time>2026-09-15T22:19:11.000Z</time>
        <extensions>
          <ns3:TrackPointExtension>
            <ns3:hr>116</ns3:hr>
            <ns3:cad>92</ns3:cad>
          </ns3:TrackPointExtension>
        </extensions>
      </trkpt>
      <trkpt lat="31.488595716655254364013671875" lon="121.1616342701017856597900390625">
        <ele>3.400000095367431640625</ele>
        <time>2026-09-15T22:19:12.000Z</time>
        <extensions>
          <ns3:TrackPointExtension>
            <ns3:hr>116</ns3:hr>
            <ns3:cad>92</ns3:cad>
          </ns3:TrackPointExtension>
        </extensions>
      </trkpt>
      <trkpt lat="31.4886069484055042266845703125" lon="121.1616563983261585235595703125">
        <ele>3.400000095367431640625</ele>
        <time>2026-09-15T22:19:13.000Z</time>
        <extensions>
          <ns3:TrackPointExtension>
            <ns3:hr>116</ns3:hr>
            <ns3:cad>92</ns3:cad>
          </ns3:TrackPointExtension>
        </extensions>
      </trkpt>
      <trkpt lat="31.48862010799348354339599609375" lon="121.16168548353016376495361328125">
        <ele>3.400000095367431640625</ele>
        <time>2026-09-15T22:19:14.000Z</time>
        <extensions>
          <ns3:TrackPointExtension>
            <ns3:hr>116</ns3:hr>
            <ns3:cad>92</ns3:cad>
          </ns3:TrackPointExtension>
        </extensions>
      </trkpt>
      <trkpt lat="31.4886347763240337371826171875" lon="121.1617004871368408203125">
        <ele>3.400000095367431640625</ele>
        <time>2026-09-15T22:19:15.000Z</time>
        <extensions>
          <ns3:TrackPointExtension>
            <ns3:hr>117</ns3:hr>
            <ns3:cad>92</ns3:cad>
          </ns3:TrackPointExtension>
        </extensions>
      </trkpt>
      <trkpt lat="31.48864223621785640716552734375" lon="121.1617232859134674072265625">
        <ele>3.400000095367431640625</ele>
        <time>2026-09-15T22:19:16.000Z</time>
        <extensions>
          <ns3:TrackPointExtension>
            <ns3:hr>117</ns3:hr>
            <ns3:cad>92</ns3:cad>
          </ns3:TrackPointExtension>
        </extensions>
      </trkpt>
      <trkpt lat="31.4886552281677722930908203125" lon="121.16174046881496906280517578125">
        <ele>3.400000095367431640625</ele>
        <time>2026-09-15T22:19:17.000Z</time>
        <extensions>
          <ns3:TrackPointExtension>
            <ns3:hr>117</ns3:hr>
            <ns3:cad>92</ns3:cad>
          </ns3:TrackPointExtension>
        </extensions>
      </trkpt>
      <trkpt lat="31.48866201750934123992919921875" lon="121.16176393814384937286376953125">
        <ele>3.400000095367431640625</ele>
        <time>2026-09-15T22:19:18.000Z</time>
        <extensions>
          <ns3:TrackPointExtension>
            <ns3:hr>117</ns3:hr>
            <ns3:cad>92</ns3:cad>
          </ns3:TrackPointExtension>
        </extensions>
      </trkpt>
      <trkpt lat="31.48867408744990825653076171875" lon="121.1617797799408435821533203125">
        <ele>3.400000095367431640625</ele>
        <time>2026-09-15T22:19:19.000Z</time>
        <extensions>
          <ns3:TrackPointExtension>
            <ns3:hr>117</ns3:hr>
            <ns3:cad>92</ns3:cad>
          </ns3:TrackPointExtension>
        </extensions>
      </trkpt>
      <trkpt lat="31.48868196643888950347900390625" lon="121.16180500946938991546630859375">
        <ele>3.400000095367431640625</ele>
        <time>2026-09-15T22:19:20.000Z</time>
        <extensions>
          <ns3:TrackPointExtension>
            <ns3:hr>117</ns3:hr>
            <ns3:cad>91</ns3:cad>
          </ns3:TrackPointExtension>
        </extensions>
      </trkpt>
      <trkpt lat="31.4886947907507419586181640625" lon="121.16182629950344562530517578125">
        <ele>3.400000095367431640625</ele>
        <time>2026-09-15T22:19:21.000Z</time>
        <extensions>
          <ns3:TrackPointExtension>
            <ns3:hr>117</ns3:hr>
            <ns3:cad>90</ns3:cad>
          </ns3:TrackPointExtension>
        </extensions>
      </trkpt>
      <trkpt lat="31.48870308883488178253173828125" lon="121.161853037774562835693359375">
        <ele>3.400000095367431640625</ele>
        <time>2026-09-15T22:19:22.000Z</time>
        <extensions>
          <ns3:TrackPointExtension>
            <ns3:hr>116</ns3:hr>
            <ns3:cad>90</ns3:cad>
          </ns3:TrackPointExtension>
        </extensions>
      </trkpt>
      <trkpt lat="31.4887155778706073760986328125" lon="121.161869801580905914306640625">
        <ele>3.400000095367431640625</ele>
        <time>2026-09-15T22:19:23.000Z</time>
        <extensions>
          <ns3:TrackPointExtension>
            <ns3:hr>117</ns3:hr>
            <ns3:cad>90</ns3:cad>
          </ns3:TrackPointExtension>
        </extensions>
      </trkpt>
      <trkpt lat="31.48872454650700092315673828125" lon="121.1619001440703868865966796875">
        <ele>3.400000095367431640625</ele>
        <time>2026-09-15T22:19:24.000Z</time>
        <extensions>
          <ns3:TrackPointExtension>
            <ns3:hr>116</ns3:hr>
            <ns3:cad>89</ns3:cad>
          </ns3:TrackPointExtension>
        </extensions>
      </trkpt>
      <trkpt lat="31.488736532628536224365234375" lon="121.16191632114350795745849609375">
        <ele>3.400000095367431640625</ele>
        <time>2026-09-15T22:19:25.000Z</time>
        <extensions>
          <ns3:TrackPointExtension>
            <ns3:hr>117</ns3:hr>
            <ns3:cad>89</ns3:cad>
          </ns3:TrackPointExtension>
        </extensions>
      </trkpt>
      <trkpt lat="31.488748602569103240966796875" lon="121.16194188594818115234375">
        <ele>3.400000095367431640625</ele>
        <time>2026-09-15T22:19:26.000Z</time>
        <extensions>
          <ns3:TrackPointExtension>
            <ns3:hr>116</ns3:hr>
            <ns3:cad>89</ns3:cad>
          </ns3:TrackPointExtension>
        </extensions>
      </trkpt>
      <trkpt lat="31.4887615106999874114990234375" lon="121.16195999085903167724609375">
        <ele>3.400000095367431640625</ele>
        <time>2026-09-15T22:19:27.000Z</time>
        <extensions>
          <ns3:TrackPointExtension>
            <ns3:hr>116</ns3:hr>
            <ns3:cad>89</ns3:cad>
          </ns3:TrackPointExtension>
        </extensions>
      </trkpt>
      <trkpt lat="31.4887712337076663970947265625" lon="121.161985807120800018310546875">
        <ele>3.2000000476837158203125</ele>
        <time>2026-09-15T22:19:28.000Z</time>
        <extensions>
          <ns3:TrackPointExtension>
            <ns3:hr>116</ns3:hr>
            <ns3:cad>89</ns3:cad>
          </ns3:TrackPointExtension>
        </extensions>
      </trkpt>
      <trkpt lat="31.4887826330959796905517578125" lon="121.16200550459325313568115234375">
        <ele>3.2000000476837158203125</ele>
        <time>2026-09-15T22:19:29.000Z</time>
        <extensions>
          <ns3:TrackPointExtension>
            <ns3:hr>116</ns3:hr>
            <ns3:cad>89</ns3:cad>
          </ns3:TrackPointExtension>
        </extensions>
      </trkpt>
      <trkpt lat="31.48879210464656352996826171875" lon="121.16203241050243377685546875">
        <ele>3.2000000476837158203125</ele>
        <time>2026-09-15T22:19:30.000Z</time>
        <extensions>
          <ns3:TrackPointExtension>
            <ns3:hr>117</ns3:hr>
            <ns3:cad>89</ns3:cad>
          </ns3:TrackPointExtension>
        </extensions>
      </trkpt>
      <trkpt lat="31.48880819790065288543701171875" lon="121.162051521241664886474609375">
        <ele>3.2000000476837158203125</ele>
        <time>2026-09-15T22:19:31.000Z</time>
        <extensions>
          <ns3:TrackPointExtension>
            <ns3:hr>116</ns3:hr>
            <ns3:cad>90</ns3:cad>
          </ns3:TrackPointExtension>
        </extensions>
      </trkpt>
      <trkpt lat="31.48881741799414157867431640625" lon="121.1620754934847354888916015625">
        <ele>3.2000000476837158203125</ele>
        <time>2026-09-15T22:19:32.000Z</time>
        <extensions>
          <ns3:TrackPointExtension>
            <ns3:hr>116</ns3:hr>
            <ns3:cad>90</ns3:cad>
          </ns3:TrackPointExtension>
        </extensions>
      </trkpt>
      <trkpt lat="31.4888319186866283416748046875" lon="121.162096448242664337158203125">
        <ele>3.2000000476837158203125</ele>
        <time>2026-09-15T22:19:33.000Z</time>
        <extensions>
          <ns3:TrackPointExtension>
            <ns3:hr>116</ns3:hr>
            <ns3:cad>90</ns3:cad>
          </ns3:TrackPointExtension>
        </extensions>
      </trkpt>
      <trkpt lat="31.48884105496108531951904296875" lon="121.16211933083832263946533203125">
        <ele>3.2000000476837158203125</ele>
        <time>2026-09-15T22:19:34.000Z</time>
        <extensions>
          <ns3:TrackPointExtension>
            <ns3:hr>116</ns3:hr>
            <ns3:cad>90</ns3:cad>
          </ns3:TrackPointExtension>
        </extensions>
      </trkpt>
      <trkpt lat="31.48885765112936496734619140625" lon="121.16214095614850521087646484375">
        <ele>3.2000000476837158203125</ele>
        <time>2026-09-15T22:19:35.000Z</time>
        <extensions>
          <ns3:TrackPointExtension>
            <ns3:hr>116</ns3:hr>
            <ns3:cad>90</ns3:cad>
          </ns3:TrackPointExtension>
        </extensions>
      </trkpt>
      <trkpt lat="31.488871313631534576416015625" lon="121.1621609888970851898193359375">
        <ele>3.2000000476837158203125</ele>
        <time>2026-09-15T22:19:36.000Z</time>
        <extensions>
          <ns3:TrackPointExtension>
            <ns3:hr>115</ns3:hr>
            <ns3:cad>91</ns3:cad>
          </ns3:TrackPointExtension>
        </extensions>
      </trkpt>
      <trkpt lat="31.48888682015240192413330078125" lon="121.162185966968536376953125">
        <ele>3.2000000476837158203125</ele>
        <time>2026-09-15T22:19:37.000Z</time>
        <extensions>
          <ns3:TrackPointExtension>
            <ns3:hr>115</ns3:hr>
            <ns3:cad>91</ns3:cad>
          </ns3:TrackPointExtension>
        </extensions>
      </trkpt>
      <trkpt lat="31.4889026619493961334228515625" lon="121.16220616735517978668212890625">
        <ele>3.2000000476837158203125</ele>
        <time>2026-09-15T22:19:38.000Z</time>
        <extensions>
          <ns3:TrackPointExtension>
            <ns3:hr>115</ns3:hr>
            <ns3:cad>91</ns3:cad>
          </ns3:TrackPointExtension>
        </extensions>
      </trkpt>
      <trkpt lat="31.48891481570899486541748046875" lon="121.16223148070275783538818359375">
        <ele>3.2000000476837158203125</ele>
        <time>2026-09-15T22:19:39.000Z</time>
        <extensions>
          <ns3:TrackPointExtension>
            <ns3:hr>115</ns3:hr>
            <ns3:cad>91</ns3:cad>
          </ns3:TrackPointExtension>
        </extensions>
      </trkpt>
      <trkpt lat="31.4889288134872913360595703125" lon="121.16225369274616241455078125">
        <ele>3</ele>
        <time>2026-09-15T22:19:40.000Z</time>
        <extensions>
          <ns3:TrackPointExtension>
            <ns3:hr>114</ns3:hr>
            <ns3:cad>91</ns3:cad>
          </ns3:TrackPointExtension>
        </extensions>
      </trkpt>
      <trkpt lat="31.488943062722682952880859375" lon="121.16228227503597736358642578125">
        <ele>3</ele>
        <time>2026-09-15T22:19:41.000Z</time>
        <extensions>
          <ns3:TrackPointExtension>
            <ns3:hr>114</ns3:hr>
            <ns3:cad>91</ns3:cad>
          </ns3:TrackPointExtension>
        </extensions>
      </trkpt>
      <trkpt lat="31.48895856924355030059814453125" lon="121.1623085103929042816162109375">
        <ele>3</ele>
        <time>2026-09-15T22:19:42.000Z</time>
        <extensions>
          <ns3:TrackPointExtension>
            <ns3:hr>114</ns3:hr>
            <ns3:cad>91</ns3:cad>
          </ns3:TrackPointExtension>
        </extensions>
      </trkpt>
      <trkpt lat="31.48897181265056133270263671875" lon="121.1623346619307994842529296875">
        <ele>3</ele>
        <time>2026-09-15T22:19:43.000Z</time>
        <extensions>
          <ns3:TrackPointExtension>
            <ns3:hr>114</ns3:hr>
            <ns3:cad>91</ns3:cad>
          </ns3:TrackPointExtension>
        </extensions>
      </trkpt>
      <trkpt lat="31.4889868162572383880615234375" lon="121.1623494140803813934326171875">
        <ele>3</ele>
        <time>2026-09-15T22:19:44.000Z</time>
        <extensions>
          <ns3:TrackPointExtension>
            <ns3:hr>114</ns3:hr>
            <ns3:cad>91</ns3:cad>
          </ns3:TrackPointExtension>
        </extensions>
      </trkpt>
      <trkpt lat="31.48899964056909084320068359375" lon="121.1623735539615154266357421875">
        <ele>3</ele>
        <time>2026-09-15T22:19:45.000Z</time>
        <extensions>
          <ns3:TrackPointExtension>
            <ns3:hr>113</ns3:hr>
            <ns3:cad>91</ns3:cad>
          </ns3:TrackPointExtension>
        </extensions>
      </trkpt>
      <trkpt lat="31.489015482366085052490234375" lon="121.16238780319690704345703125">
        <ele>2.7999999523162841796875</ele>
        <time>2026-09-15T22:19:46.000Z</time>
        <extensions>
          <ns3:TrackPointExtension>
            <ns3:hr>113</ns3:hr>
            <ns3:cad>91</ns3:cad>
          </ns3:TrackPointExtension>
        </extensions>
      </trkpt>
      <trkpt lat="31.489032916724681854248046875" lon="121.1624201573431491851806640625">
        <ele>2.7999999523162841796875</ele>
        <time>2026-09-15T22:19:47.000Z</time>
        <extensions>
          <ns3:TrackPointExtension>
            <ns3:hr>113</ns3:hr>
            <ns3:cad>91</ns3:cad>
          </ns3:TrackPointExtension>
        </extensions>
      </trkpt>
      <trkpt lat="31.4890485070645809173583984375" lon="121.16243742406368255615234375">
        <ele>2.7999999523162841796875</ele>
        <time>2026-09-15T22:19:48.000Z</time>
        <extensions>
          <ns3:TrackPointExtension>
            <ns3:hr>114</ns3:hr>
            <ns3:cad>91</ns3:cad>
          </ns3:TrackPointExtension>
        </extensions>
      </trkpt>
      <trkpt lat="31.489065103232860565185546875" lon="121.16246290504932403564453125">
        <ele>2.7999999523162841796875</ele>
        <time>2026-09-15T22:19:49.000Z</time>
        <extensions>
          <ns3:TrackPointExtension>
            <ns3:hr>113</ns3:hr>
            <ns3:cad>92</ns3:cad>
          </ns3:TrackPointExtension>
        </extensions>
      </trkpt>
      <trkpt lat="31.48907910101115703582763671875" lon="121.16247631609439849853515625">
        <ele>2.7999999523162841796875</ele>
        <time>2026-09-15T22:19:50.000Z</time>
        <extensions>
          <ns3:TrackPointExtension>
            <ns3:hr>113</ns3:hr>
            <ns3:cad>92</ns3:cad>
          </ns3:TrackPointExtension>
        </extensions>
      </trkpt>
      <trkpt lat="31.48909251205623149871826171875" lon="121.16250540129840373992919921875">
        <ele>2.7999999523162841796875</ele>
        <time>2026-09-15T22:19:51.000Z</time>
        <extensions>
          <ns3:TrackPointExtension>
            <ns3:hr>113</ns3:hr>
            <ns3:cad>92</ns3:cad>
          </ns3:TrackPointExtension>
        </extensions>
      </trkpt>
      <trkpt lat="31.48910642601549625396728515625" lon="121.162522248923778533935546875">
        <ele>2.7999999523162841796875</ele>
        <time>2026-09-15T22:19:52.000Z</time>
        <extensions>
          <ns3:TrackPointExtension>
            <ns3:hr>113</ns3:hr>
            <ns3:cad>92</ns3:cad>
          </ns3:TrackPointExtension>
        </extensions>
      </trkpt>
      <trkpt lat="31.48911380209028720855712890625" lon="121.1625505797564983367919921875">
        <ele>2.7999999523162841796875</ele>
        <time>2026-09-15T22:19:53.000Z</time>
        <extensions>
          <ns3:TrackPointExtension>
            <ns3:hr>112</ns3:hr>
            <ns3:cad>92</ns3:cad>
          </ns3:TrackPointExtension>
        </extensions>
      </trkpt>
      <trkpt lat="31.48912738077342510223388671875" lon="121.16256759501993656158447265625">
        <ele>2.7999999523162841796875</ele>
        <time>2026-09-15T22:19:54.000Z</time>
        <extensions>
          <ns3:TrackPointExtension>
            <ns3:hr>112</ns3:hr>
            <ns3:cad>92</ns3:cad>
          </ns3:TrackPointExtension>
        </extensions>
      </trkpt>
      <trkpt lat="31.4891363494098186492919921875" lon="121.16259290836751461029052734375">
        <ele>2.7999999523162841796875</ele>
        <time>2026-09-15T22:19:55.000Z</time>
        <extensions>
          <ns3:TrackPointExtension>
            <ns3:hr>112</ns3:hr>
            <ns3:cad>92</ns3:cad>
          </ns3:TrackPointExtension>
        </extensions>
      </trkpt>
      <trkpt lat="31.48914984427392482757568359375" lon="121.16261042654514312744140625">
        <ele>2.599999904632568359375</ele>
        <time>2026-09-15T22:19:56.000Z</time>
        <extensions>
          <ns3:TrackPointExtension>
            <ns3:hr>112</ns3:hr>
            <ns3:cad>92</ns3:cad>
          </ns3:TrackPointExtension>
        </extensions>
      </trkpt>
      <trkpt lat="31.48915596306324005126953125" lon="121.16263716481626033782958984375">
        <ele>2.599999904632568359375</ele>
        <time>2026-09-15T22:19:57.000Z</time>
        <extensions>
          <ns3:TrackPointExtension>
            <ns3:hr>112</ns3:hr>
            <ns3:cad>92</ns3:cad>
          </ns3:TrackPointExtension>
        </extensions>
      </trkpt>
      <trkpt lat="31.4891705475747585296630859375" lon="121.16265468299388885498046875">
        <ele>2.599999904632568359375</ele>
        <time>2026-09-15T22:19:58.000Z</time>
        <extensions>
          <ns3:TrackPointExtension>
            <ns3:hr>112</ns3:hr>
            <ns3:cad>91</ns3:cad>
          </ns3:TrackPointExtension>
        </extensions>
      </trkpt>
      <trkpt lat="31.4891789294779300689697265625" lon="121.16268418729305267333984375">
        <ele>2.599999904632568359375</ele>
        <time>2026-09-15T22:19:59.000Z</time>
        <extensions>
          <ns3:TrackPointExtension>
            <ns3:hr>111</ns3:hr>
            <ns3:cad>91</ns3:cad>
          </ns3:TrackPointExtension>
        </extensions>
      </trkpt>
      <trkpt lat="31.48919208906590938568115234375" lon="121.1627034656703472137451171875">
        <ele>2.599999904632568359375</ele>
        <time>2026-09-15T22:20:00.000Z</time>
        <extensions>
          <ns3:TrackPointExtension>
            <ns3:hr>111</ns3:hr>
            <ns3:cad>91</ns3:cad>
          </ns3:TrackPointExtension>
        </extensions>
      </trkpt>
      <trkpt lat="31.48920315317809581756591796875" lon="121.16273188032209873199462890625">
        <ele>2.599999904632568359375</ele>
        <time>2026-09-15T22:20:01.000Z</time>
        <extensions>
          <ns3:TrackPointExtension>
            <ns3:hr>111</ns3:hr>
            <ns3:cad>91</ns3:cad>
          </ns3:TrackPointExtension>
        </extensions>
      </trkpt>
      <trkpt lat="31.48921773768961429595947265625" lon="121.16275585256516933441162109375">
        <ele>2.599999904632568359375</ele>
        <time>2026-09-15T22:20:02.000Z</time>
        <extensions>
          <ns3:TrackPointExtension>
            <ns3:hr>111</ns3:hr>
            <ns3:cad>92</ns3:cad>
          </ns3:TrackPointExtension>
        </extensions>
      </trkpt>
      <trkpt lat="31.4892298914492130279541015625" lon="121.16277940571308135986328125">
        <ele>2.599999904632568359375</ele>
        <time>2026-09-15T22:20:03.000Z</time>
        <extensions>
          <ns3:TrackPointExtension>
            <ns3:hr>110</ns3:hr>
            <ns3:cad>92</ns3:cad>
          </ns3:TrackPointExtension>
        </extensions>
      </trkpt>
      <trkpt lat="31.48924673907458782196044921875" lon="121.1628037132322788238525390625">
        <ele>2.599999904632568359375</ele>
        <time>2026-09-15T22:20:04.000Z</time>
        <extensions>
          <ns3:TrackPointExtension>
            <ns3:hr>111</ns3:hr>
            <ns3:cad>91</ns3:cad>
          </ns3:TrackPointExtension>
        </extensions>
      </trkpt>
      <trkpt lat="31.4892610721290111541748046875" lon="121.1628229916095733642578125">
        <ele>2.599999904632568359375</ele>
        <time>2026-09-15T22:20:05.000Z</time>
        <extensions>
          <ns3:TrackPointExtension>
            <ns3:hr>111</ns3:hr>
            <ns3:cad>91</ns3:cad>
          </ns3:TrackPointExtension>
        </extensions>
      </trkpt>
      <trkpt lat="31.4892775006592273712158203125" lon="121.1628469638526439666748046875">
        <ele>2.400000095367431640625</ele>
        <time>2026-09-15T22:20:06.000Z</time>
        <extensions>
          <ns3:TrackPointExtension>
            <ns3:hr>110</ns3:hr>
            <ns3:cad>92</ns3:cad>
          </ns3:TrackPointExtension>
        </extensions>
      </trkpt>
      <trkpt lat="31.48929066024720668792724609375" lon="121.1628643982112407684326171875">
        <ele>2.400000095367431640625</ele>
        <time>2026-09-15T22:20:07.000Z</time>
        <extensions>
          <ns3:TrackPointExtension>
            <ns3:hr>111</ns3:hr>
            <ns3:cad>92</ns3:cad>
          </ns3:TrackPointExtension>
        </extensions>
      </trkpt>
      <trkpt lat="31.489305831491947174072265625" lon="121.16289264522492885589599609375">
        <ele>2.400000095367431640625</ele>
        <time>2026-09-15T22:20:08.000Z</time>
        <extensions>
          <ns3:TrackPointExtension>
            <ns3:hr>111</ns3:hr>
            <ns3:cad>92</ns3:cad>
          </ns3:TrackPointExtension>
        </extensions>
      </trkpt>
      <trkpt lat="31.48931865580379962921142578125" lon="121.16291343234479427337646484375">
        <ele>2.400000095367431640625</ele>
        <time>2026-09-15T22:20:09.000Z</time>
        <extensions>
          <ns3:TrackPointExtension>
            <ns3:hr>110</ns3:hr>
            <ns3:cad>92</ns3:cad>
          </ns3:TrackPointExtension>
        </extensions>
      </trkpt>
      <trkpt lat="31.48933307267725467681884765625" lon="121.16294528357684612274169921875">
        <ele>2.400000095367431640625</ele>
        <time>2026-09-15T22:20:10.000Z</time>
        <extensions>
          <ns3:TrackPointExtension>
            <ns3:hr>111</ns3:hr>
            <ns3:cad>92</ns3:cad>
          </ns3:TrackPointExtension>
        </extensions>
      </trkpt>
      <trkpt lat="31.489347405731678009033203125" lon="121.16296087391674518585205078125">
        <ele>2.400000095367431640625</ele>
        <time>2026-09-15T22:20:11.000Z</time>
        <extensions>
          <ns3:TrackPointExtension>
            <ns3:hr>111</ns3:hr>
            <ns3:cad>92</ns3:cad>
          </ns3:TrackPointExtension>
        </extensions>
      </trkpt>
      <trkpt lat="31.48935846984386444091796875" lon="121.16299155168235301971435546875">
        <ele>2.400000095367431640625</ele>
        <time>2026-09-15T22:20:12.000Z</time>
        <extensions>
          <ns3:TrackPointExtension>
            <ns3:hr>110</ns3:hr>
            <ns3:cad>92</ns3:cad>
          </ns3:TrackPointExtension>
        </extensions>
      </trkpt>
      <trkpt lat="31.48937263526022434234619140625" lon="121.1630048789083957672119140625">
        <ele>2.400000095367431640625</ele>
        <time>2026-09-15T22:20:13.000Z</time>
        <extensions>
          <ns3:TrackPointExtension>
            <ns3:hr>111</ns3:hr>
            <ns3:cad>93</ns3:cad>
          </ns3:TrackPointExtension>
        </extensions>
      </trkpt>
      <trkpt lat="31.48938755504786968231201171875" lon="121.16303555667400360107421875">
        <ele>2.400000095367431640625</ele>
        <time>2026-09-15T22:20:14.000Z</time>
        <extensions>
          <ns3:TrackPointExtension>
            <ns3:hr>111</ns3:hr>
            <ns3:cad>93</ns3:cad>
          </ns3:TrackPointExtension>
        </extensions>
      </trkpt>
      <trkpt lat="31.48940649814903736114501953125" lon="121.16305164992809295654296875">
        <ele>2.400000095367431640625</ele>
        <time>2026-09-15T22:20:15.000Z</time>
        <extensions>
          <ns3:TrackPointExtension>
            <ns3:hr>111</ns3:hr>
            <ns3:cad>93</ns3:cad>
          </ns3:TrackPointExtension>
        </extensions>
      </trkpt>
      <trkpt lat="31.48942225612699985504150390625" lon="121.16308115422725677490234375">
        <ele>2.400000095367431640625</ele>
        <time>2026-09-15T22:20:16.000Z</time>
        <extensions>
          <ns3:TrackPointExtension>
            <ns3:hr>111</ns3:hr>
            <ns3:cad>93</ns3:cad>
          </ns3:TrackPointExtension>
        </extensions>
      </trkpt>
      <trkpt lat="31.48943499661982059478759765625" lon="121.16309967823326587677001953125">
        <ele>2.400000095367431640625</ele>
        <time>2026-09-15T22:20:17.000Z</time>
        <extensions>
          <ns3:TrackPointExtension>
            <ns3:hr>111</ns3:hr>
            <ns3:cad>93</ns3:cad>
          </ns3:TrackPointExtension>
        </extensions>
      </trkpt>
      <trkpt lat="31.48944455198943614959716796875" lon="121.16312205791473388671875">
        <ele>2.400000095367431640625</ele>
        <time>2026-09-15T22:20:18.000Z</time>
        <extensions>
          <ns3:TrackPointExtension>
            <ns3:hr>111</ns3:hr>
            <ns3:cad>92</ns3:cad>
          </ns3:TrackPointExtension>
        </extensions>
      </trkpt>
      <trkpt lat="31.4894605614244937896728515625" lon="121.16314150393009185791015625">
        <ele>2.400000095367431640625</ele>
        <time>2026-09-15T22:20:19.000Z</time>
        <extensions>
          <ns3:TrackPointExtension>
            <ns3:hr>111</ns3:hr>
            <ns3:cad>92</ns3:cad>
          </ns3:TrackPointExtension>
        </extensions>
      </trkpt>
      <trkpt lat="31.48947187699377536773681640625" lon="121.16316572763025760650634765625">
        <ele>2.599999904632568359375</ele>
        <time>2026-09-15T22:20:20.000Z</time>
        <extensions>
          <ns3:TrackPointExtension>
            <ns3:hr>111</ns3:hr>
            <ns3:cad>92</ns3:cad>
          </ns3:TrackPointExtension>
        </extensions>
      </trkpt>
      <trkpt lat="31.48948914371430873870849609375" lon="121.163188107311725616455078125">
        <ele>2.400000095367431640625</ele>
        <time>2026-09-15T22:20:21.000Z</time>
        <extensions>
          <ns3:TrackPointExtension>
            <ns3:hr>111</ns3:hr>
            <ns3:cad>92</ns3:cad>
          </ns3:TrackPointExtension>
        </extensions>
      </trkpt>
      <trkpt lat="31.489499621093273162841796875" lon="121.1632107384502887725830078125">
        <ele>2.400000095367431640625</ele>
        <time>2026-09-15T22:20:22.000Z</time>
        <extensions>
          <ns3:TrackPointExtension>
            <ns3:hr>111</ns3:hr>
            <ns3:cad>92</ns3:cad>
          </ns3:TrackPointExtension>
        </extensions>
      </trkpt>
      <trkpt lat="31.4895106852054595947265625" lon="121.16323613561689853668212890625">
        <ele>2.400000095367431640625</ele>
        <time>2026-09-15T22:20:23.000Z</time>
        <extensions>
          <ns3:TrackPointExtension>
            <ns3:hr>112</ns3:hr>
            <ns3:cad>92</ns3:cad>
          </ns3:TrackPointExtension>
        </extensions>
      </trkpt>
      <trkpt lat="31.48951563052833080291748046875" lon="121.1632593534886837005615234375">
        <ele>2.400000095367431640625</ele>
        <time>2026-09-15T22:20:24.000Z</time>
        <extensions>
          <ns3:TrackPointExtension>
            <ns3:hr>114</ns3:hr>
            <ns3:cad>92</ns3:cad>
          </ns3:TrackPointExtension>
        </extensions>
      </trkpt>
      <trkpt lat="31.48952082730829715728759765625" lon="121.16328726522624492645263671875">
        <ele>2.400000095367431640625</ele>
        <time>2026-09-15T22:20:25.000Z</time>
        <extensions>
          <ns3:TrackPointExtension>
            <ns3:hr>114</ns3:hr>
            <ns3:cad>92</ns3:cad>
          </ns3:TrackPointExtension>
        </extensions>
      </trkpt>
      <trkpt lat="31.4895185641944408416748046875" lon="121.163312494754791259765625">
        <ele>2.599999904632568359375</ele>
        <time>2026-09-15T22:20:26.000Z</time>
        <extensions>
          <ns3:TrackPointExtension>
            <ns3:hr>114</ns3:hr>
            <ns3:cad>91</ns3:cad>
          </ns3:TrackPointExtension>
        </extensions>
      </trkpt>
      <trkpt lat="31.48951445706188678741455078125" lon="121.163343675434589385986328125">
        <ele>2.599999904632568359375</ele>
        <time>2026-09-15T22:20:27.000Z</time>
        <extensions>
          <ns3:TrackPointExtension>
            <ns3:hr>114</ns3:hr>
            <ns3:cad>90</ns3:cad>
          </ns3:TrackPointExtension>
        </extensions>
      </trkpt>
      <trkpt lat="31.489501297473907470703125" lon="121.16336538456380367279052734375">
        <ele>2.7999999523162841796875</ele>
        <time>2026-09-15T22:20:28.000Z</time>
        <extensions>
          <ns3:TrackPointExtension>
            <ns3:hr>113</ns3:hr>
            <ns3:cad>90</ns3:cad>
          </ns3:TrackPointExtension>
        </extensions>
      </trkpt>
      <trkpt lat="31.4894883893430233001708984375" lon="121.16338818334043025970458984375">
        <ele>2.7999999523162841796875</ele>
        <time>2026-09-15T22:20:29.000Z</time>
        <extensions>
          <ns3:TrackPointExtension>
            <ns3:hr>113</ns3:hr>
            <ns3:cad>90</ns3:cad>
          </ns3:TrackPointExtension>
        </extensions>
      </trkpt>
      <trkpt lat="31.4894699491560459136962890625" lon="121.16340008564293384552001953125">
        <ele>2.7999999523162841796875</ele>
        <time>2026-09-15T22:20:30.000Z</time>
        <extensions>
          <ns3:TrackPointExtension>
            <ns3:hr>113</ns3:hr>
            <ns3:cad>90</ns3:cad>
          </ns3:TrackPointExtension>
        </extensions>
      </trkpt>
      <trkpt lat="31.4894508384168148040771484375" lon="121.16341316141188144683837890625">
        <ele>2.7999999523162841796875</ele>
        <time>2026-09-15T22:20:31.000Z</time>
        <extensions>
          <ns3:TrackPointExtension>
            <ns3:hr>113</ns3:hr>
            <ns3:cad>90</ns3:cad>
          </ns3:TrackPointExtension>
        </extensions>
      </trkpt>
      <trkpt lat="31.48943415842950344085693359375" lon="121.16342590190470218658447265625">
        <ele>2.7999999523162841796875</ele>
        <time>2026-09-15T22:20:32.000Z</time>
        <extensions>
          <ns3:TrackPointExtension>
            <ns3:hr>113</ns3:hr>
            <ns3:cad>90</ns3:cad>
          </ns3:TrackPointExtension>
        </extensions>
      </trkpt>
      <trkpt lat="31.48941420949995517730712890625" lon="121.16343897767364978790283203125">
        <ele>2.7999999523162841796875</ele>
        <time>2026-09-15T22:20:33.000Z</time>
        <extensions>
          <ns3:TrackPointExtension>
            <ns3:hr>113</ns3:hr>
            <ns3:cad>90</ns3:cad>
          </ns3:TrackPointExtension>
        </extensions>
      </trkpt>
      <trkpt lat="31.4894008822739124298095703125" lon="121.1634531430900096893310546875">
        <ele>2.7999999523162841796875</ele>
        <time>2026-09-15T22:20:34.000Z</time>
        <extensions>
          <ns3:TrackPointExtension>
            <ns3:hr>114</ns3:hr>
            <ns3:cad>90</ns3:cad>
          </ns3:TrackPointExtension>
        </extensions>
      </trkpt>
      <trkpt lat="31.4893790893256664276123046875" lon="121.1634652130305767059326171875">
        <ele>2.7999999523162841796875</ele>
        <time>2026-09-15T22:20:35.000Z</time>
        <extensions>
          <ns3:TrackPointExtension>
            <ns3:hr>114</ns3:hr>
            <ns3:cad>90</ns3:cad>
          </ns3:TrackPointExtension>
        </extensions>
      </trkpt>
      <trkpt lat="31.48936106823384761810302734375" lon="121.16348088718950748443603515625">
        <ele>2.7999999523162841796875</ele>
        <time>2026-09-15T22:20:36.000Z</time>
        <extensions>
          <ns3:TrackPointExtension>
            <ns3:hr>114</ns3:hr>
            <ns3:cad>91</ns3:cad>
          </ns3:TrackPointExtension>
        </extensions>
      </trkpt>
      <trkpt lat="31.489340364933013916015625" lon="121.16349689662456512451171875">
        <ele>2.7999999523162841796875</ele>
        <time>2026-09-15T22:20:37.000Z</time>
        <extensions>
          <ns3:TrackPointExtension>
            <ns3:hr>115</ns3:hr>
            <ns3:cad>91</ns3:cad>
          </ns3:TrackPointExtension>
        </extensions>
      </trkpt>
      <trkpt lat="31.4893251098692417144775390625" lon="121.163514666259288787841796875">
        <ele>2.7999999523162841796875</ele>
        <time>2026-09-15T22:20:38.000Z</time>
        <extensions>
          <ns3:TrackPointExtension>
            <ns3:hr>115</ns3:hr>
            <ns3:cad>91</ns3:cad>
          </ns3:TrackPointExtension>
        </extensions>
      </trkpt>
      <trkpt lat="31.4893036521971225738525390625" lon="121.163530088961124420166015625">
        <ele>2.7999999523162841796875</ele>
        <time>2026-09-15T22:20:39.000Z</time>
        <extensions>
          <ns3:TrackPointExtension>
            <ns3:hr>116</ns3:hr>
            <ns3:cad>92</ns3:cad>
          </ns3:TrackPointExtension>
        </extensions>
      </trkpt>
      <trkpt lat="31.48928814567625522613525390625" lon="121.163546182215213775634765625">
        <ele>3</ele>
        <time>2026-09-15T22:20:40.000Z</time>
        <extensions>
          <ns3:TrackPointExtension>
            <ns3:hr>116</ns3:hr>
            <ns3:cad>91</ns3:cad>
          </ns3:TrackPointExtension>
        </extensions>
      </trkpt>
      <trkpt lat="31.48926383815705776214599609375" lon="121.16356168873608112335205078125">
        <ele>3</ele>
        <time>2026-09-15T22:20:41.000Z</time>
        <extensions>
          <ns3:TrackPointExtension>
            <ns3:hr>116</ns3:hr>
            <ns3:cad>91</ns3:cad>
          </ns3:TrackPointExtension>
        </extensions>
      </trkpt>
      <trkpt lat="31.489247493445873260498046875" lon="121.1635741777718067169189453125">
        <ele>3</ele>
        <time>2026-09-15T22:20:42.000Z</time>
        <extensions>
          <ns3:TrackPointExtension>
            <ns3:hr>116</ns3:hr>
            <ns3:cad>91</ns3:cad>
          </ns3:TrackPointExtension>
        </extensions>
      </trkpt>
      <trkpt lat="31.4892205037176609039306640625" lon="121.16358398459851741790771484375">
        <ele>3.2000000476837158203125</ele>
        <time>2026-09-15T22:20:43.000Z</time>
        <extensions>
          <ns3:TrackPointExtension>
            <ns3:hr>117</ns3:hr>
            <ns3:cad>92</ns3:cad>
          </ns3:TrackPointExtension>
        </extensions>
      </trkpt>
      <trkpt lat="31.48920558393001556396484375" lon="121.16359957493841648101806640625">
        <ele>3.2000000476837158203125</ele>
        <time>2026-09-15T22:20:44.000Z</time>
        <extensions>
          <ns3:TrackPointExtension>
            <ns3:hr>117</ns3:hr>
            <ns3:cad>92</ns3:cad>
          </ns3:TrackPointExtension>
        </extensions>
      </trkpt>
      <trkpt lat="31.4891829527914524078369140625" lon="121.16361147724092006683349609375">
        <ele>3.2000000476837158203125</ele>
        <time>2026-09-15T22:20:45.000Z</time>
        <extensions>
          <ns3:TrackPointExtension>
            <ns3:hr>117</ns3:hr>
            <ns3:cad>92</ns3:cad>
          </ns3:TrackPointExtension>
        </extensions>
      </trkpt>
      <trkpt lat="31.489167697727680206298828125" lon="121.1636271513998508453369140625">
        <ele>3.2000000476837158203125</ele>
        <time>2026-09-15T22:20:46.000Z</time>
        <extensions>
          <ns3:TrackPointExtension>
            <ns3:hr>118</ns3:hr>
            <ns3:cad>92</ns3:cad>
          </ns3:TrackPointExtension>
        </extensions>
      </trkpt>
      <trkpt lat="31.48914431221783161163330078125" lon="121.16363494656980037689208984375">
        <ele>3.2000000476837158203125</ele>
        <time>2026-09-15T22:20:47.000Z</time>
        <extensions>
          <ns3:TrackPointExtension>
            <ns3:hr>118</ns3:hr>
            <ns3:cad>92</ns3:cad>
          </ns3:TrackPointExtension>
        </extensions>
      </trkpt>
      <trkpt lat="31.4891293086111545562744140625" lon="121.16364978253841400146484375">
        <ele>3.2000000476837158203125</ele>
        <time>2026-09-15T22:20:48.000Z</time>
        <extensions>
          <ns3:TrackPointExtension>
            <ns3:hr>121</ns3:hr>
            <ns3:cad>92</ns3:cad>
          </ns3:TrackPointExtension>
        </extensions>
      </trkpt>
      <trkpt lat="31.4891075156629085540771484375" lon="121.16366051137447357177734375">
        <ele>3.2000000476837158203125</ele>
        <time>2026-09-15T22:20:49.000Z</time>
        <extensions>
          <ns3:TrackPointExtension>
            <ns3:hr>122</ns3:hr>
            <ns3:cad>92</ns3:cad>
          </ns3:TrackPointExtension>
        </extensions>
      </trkpt>
      <trkpt lat="31.4890914224088191986083984375" lon="121.16367585025727748870849609375">
        <ele>3.2000000476837158203125</ele>
        <time>2026-09-15T22:20:50.000Z</time>
        <extensions>
          <ns3:TrackPointExtension>
            <ns3:hr>123</ns3:hr>
            <ns3:cad>93</ns3:cad>
          </ns3:TrackPointExtension>
        </extensions>
      </trkpt>
      <trkpt lat="31.48907071910798549652099609375" lon="121.16368808783590793609619140625">
        <ele>3.2000000476837158203125</ele>
        <time>2026-09-15T22:20:51.000Z</time>
        <extensions>
          <ns3:TrackPointExtension>
            <ns3:hr>123</ns3:hr>
            <ns3:cad>93</ns3:cad>
          </ns3:TrackPointExtension>
        </extensions>
      </trkpt>
      <trkpt lat="31.4890525303781032562255859375" lon="121.16370334289968013763427734375">
        <ele>3.2000000476837158203125</ele>
        <time>2026-09-15T22:20:52.000Z</time>
        <extensions>
          <ns3:TrackPointExtension>
            <ns3:hr>122</ns3:hr>
            <ns3:cad>92</ns3:cad>
          </ns3:TrackPointExtension>
        </extensions>
      </trkpt>
      <trkpt lat="31.4890340901911258697509765625" lon="121.16371541284024715423583984375">
        <ele>3.2000000476837158203125</ele>
        <time>2026-09-15T22:20:53.000Z</time>
        <extensions>
          <ns3:TrackPointExtension>
            <ns3:hr>122</ns3:hr>
            <ns3:cad>92</ns3:cad>
          </ns3:TrackPointExtension>
        </extensions>
      </trkpt>
      <trkpt lat="31.4890143088996410369873046875" lon="121.1637320928275585174560546875">
        <ele>3.2000000476837158203125</ele>
        <time>2026-09-15T22:20:54.000Z</time>
        <extensions>
          <ns3:TrackPointExtension>
            <ns3:hr>122</ns3:hr>
            <ns3:cad>92</ns3:cad>
          </ns3:TrackPointExtension>
        </extensions>
      </trkpt>
      <trkpt lat="31.48900014348328113555908203125" lon="121.163746677339076995849609375">
        <ele>3.2000000476837158203125</ele>
        <time>2026-09-15T22:20:55.000Z</time>
        <extensions>
          <ns3:TrackPointExtension>
            <ns3:hr>121</ns3:hr>
            <ns3:cad>92</ns3:cad>
          </ns3:TrackPointExtension>
        </extensions>
      </trkpt>
      <trkpt lat="31.4889769256114959716796875" lon="121.16376511752605438232421875">
        <ele>3.2000000476837158203125</ele>
        <time>2026-09-15T22:20:56.000Z</time>
        <extensions>
          <ns3:TrackPointExtension>
            <ns3:hr>121</ns3:hr>
            <ns3:cad>92</ns3:cad>
          </ns3:TrackPointExtension>
        </extensions>
      </trkpt>
      <trkpt lat="31.48896242491900920867919921875" lon="121.16378246806561946868896484375">
        <ele>3.2000000476837158203125</ele>
        <time>2026-09-15T22:20:57.000Z</time>
        <extensions>
          <ns3:TrackPointExtension>
            <ns3:hr>121</ns3:hr>
            <ns3:cad>92</ns3:cad>
          </ns3:TrackPointExtension>
        </extensions>
      </trkpt>
      <trkpt lat="31.488938368856906890869140625" lon="121.16379906423389911651611328125">
        <ele>3.2000000476837158203125</ele>
        <time>2026-09-15T22:20:58.000Z</time>
        <extensions>
          <ns3:TrackPointExtension>
            <ns3:hr>121</ns3:hr>
            <ns3:cad>92</ns3:cad>
          </ns3:TrackPointExtension>
        </extensions>
      </trkpt>
      <trkpt lat="31.48892235942184925079345703125" lon="121.163815073668956756591796875">
        <ele>3.2000000476837158203125</ele>
        <time>2026-09-15T22:20:59.000Z</time>
        <extensions>
          <ns3:TrackPointExtension>
            <ns3:hr>121</ns3:hr>
            <ns3:cad>92</ns3:cad>
          </ns3:TrackPointExtension>
        </extensions>
      </trkpt>
      <trkpt lat="31.48889469914138317108154296875" lon="121.1638293229043483734130859375">
        <ele>3.2000000476837158203125</ele>
        <time>2026-09-15T22:21:00.000Z</time>
        <extensions>
          <ns3:TrackPointExtension>
            <ns3:hr>121</ns3:hr>
            <ns3:cad>92</ns3:cad>
          </ns3:TrackPointExtension>
        </extensions>
      </trkpt>
      <trkpt lat="31.48887743242084980010986328125" lon="121.16384558379650115966796875">
        <ele>3</ele>
        <time>2026-09-15T22:21:01.000Z</time>
        <extensions>
          <ns3:TrackPointExtension>
            <ns3:hr>121</ns3:hr>
            <ns3:cad>93</ns3:cad>
          </ns3:TrackPointExtension>
        </extensions>
      </trkpt>
      <trkpt lat="31.4888523705303668975830078125" lon="121.16385689936578273773193359375">
        <ele>3</ele>
        <time>2026-09-15T22:21:02.000Z</time>
        <extensions>
          <ns3:TrackPointExtension>
            <ns3:hr>120</ns3:hr>
            <ns3:cad>93</ns3:cad>
          </ns3:TrackPointExtension>
        </extensions>
      </trkpt>
      <trkpt lat="31.48883870802819728851318359375" lon="121.16387114860117435455322265625">
        <ele>3</ele>
        <time>2026-09-15T22:21:03.000Z</time>
        <extensions>
          <ns3:TrackPointExtension>
            <ns3:hr>120</ns3:hr>
            <ns3:cad>92</ns3:cad>
          </ns3:TrackPointExtension>
        </extensions>
      </trkpt>
      <trkpt lat="31.4888118021190166473388671875" lon="121.163882799446582794189453125">
        <ele>3</ele>
        <time>2026-09-15T22:21:04.000Z</time>
        <extensions>
          <ns3:TrackPointExtension>
            <ns3:hr>120</ns3:hr>
            <ns3:cad>92</ns3:cad>
          </ns3:TrackPointExtension>
        </extensions>
      </trkpt>
      <trkpt lat="31.48879361338913440704345703125" lon="121.1638997308909893035888671875">
        <ele>3</ele>
        <time>2026-09-15T22:21:05.000Z</time>
        <extensions>
          <ns3:TrackPointExtension>
            <ns3:hr>120</ns3:hr>
            <ns3:cad>93</ns3:cad>
          </ns3:TrackPointExtension>
        </extensions>
      </trkpt>
      <trkpt lat="31.48878003470599651336669921875" lon="121.163914315402507781982421875">
        <ele>3</ele>
        <time>2026-09-15T22:21:06.000Z</time>
        <extensions>
          <ns3:TrackPointExtension>
            <ns3:hr>120</ns3:hr>
            <ns3:cad>93</ns3:cad>
          </ns3:TrackPointExtension>
        </extensions>
      </trkpt>
      <trkpt lat="31.48876595310866832733154296875" lon="121.16393183358013629913330078125">
        <ele>3</ele>
        <time>2026-09-15T22:21:07.000Z</time>
        <extensions>
          <ns3:TrackPointExtension>
            <ns3:hr>120</ns3:hr>
            <ns3:cad>92</ns3:cad>
          </ns3:TrackPointExtension>
        </extensions>
      </trkpt>
      <trkpt lat="31.4887501113116741180419921875" lon="121.1639439873397350311279296875">
        <ele>3</ele>
        <time>2026-09-15T22:21:08.000Z</time>
        <extensions>
          <ns3:TrackPointExtension>
            <ns3:hr>120</ns3:hr>
            <ns3:cad>92</ns3:cad>
          </ns3:TrackPointExtension>
        </extensions>
      </trkpt>
      <trkpt lat="31.488728821277618408203125" lon="121.16395832039415836334228515625">
        <ele>3</ele>
        <time>2026-09-15T22:21:09.000Z</time>
        <extensions>
          <ns3:TrackPointExtension>
            <ns3:hr>120</ns3:hr>
            <ns3:cad>92</ns3:cad>
          </ns3:TrackPointExtension>
        </extensions>
      </trkpt>
      <trkpt lat="31.488712728023529052734375" lon="121.16397340781986713409423828125">
        <ele>3</ele>
        <time>2026-09-15T22:21:10.000Z</time>
        <extensions>
          <ns3:TrackPointExtension>
            <ns3:hr>121</ns3:hr>
            <ns3:cad>91</ns3:cad>
          </ns3:TrackPointExtension>
        </extensions>
      </trkpt>
      <trkpt lat="31.4886917732656002044677734375" lon="121.16399134509265422821044921875">
        <ele>2.7999999523162841796875</ele>
        <time>2026-09-15T22:21:11.000Z</time>
        <extensions>
          <ns3:TrackPointExtension>
            <ns3:hr>120</ns3:hr>
            <ns3:cad>91</ns3:cad>
          </ns3:TrackPointExtension>
        </extensions>
      </trkpt>
      <trkpt lat="31.48867358453571796417236328125" lon="121.16400760598480701446533203125">
        <ele>2.7999999523162841796875</ele>
        <time>2026-09-15T22:21:12.000Z</time>
        <extensions>
          <ns3:TrackPointExtension>
            <ns3:hr>120</ns3:hr>
            <ns3:cad>91</ns3:cad>
          </ns3:TrackPointExtension>
        </extensions>
      </trkpt>
      <trkpt lat="31.48865095339715480804443359375" lon="121.16402369923889636993408203125">
        <ele>2.7999999523162841796875</ele>
        <time>2026-09-15T22:21:13.000Z</time>
        <extensions>
          <ns3:TrackPointExtension>
            <ns3:hr>121</ns3:hr>
            <ns3:cad>91</ns3:cad>
          </ns3:TrackPointExtension>
        </extensions>
      </trkpt>
      <trkpt lat="31.48863737471401691436767578125" lon="121.1640395410358905792236328125">
        <ele>2.7999999523162841796875</ele>
        <time>2026-09-15T22:21:14.000Z</time>
        <extensions>
          <ns3:TrackPointExtension>
            <ns3:hr>120</ns3:hr>
            <ns3:cad>92</ns3:cad>
          </ns3:TrackPointExtension>
        </extensions>
      </trkpt>
      <trkpt lat="31.4886123128235340118408203125" lon="121.16405504755675792694091796875">
        <ele>2.7999999523162841796875</ele>
        <time>2026-09-15T22:21:15.000Z</time>
        <extensions>
          <ns3:TrackPointExtension>
            <ns3:hr>120</ns3:hr>
            <ns3:cad>92</ns3:cad>
          </ns3:TrackPointExtension>
        </extensions>
      </trkpt>
      <trkpt lat="31.48859965614974498748779296875" lon="121.1640723980963230133056640625">
        <ele>2.7999999523162841796875</ele>
        <time>2026-09-15T22:21:16.000Z</time>
        <extensions>
          <ns3:TrackPointExtension>
            <ns3:hr>120</ns3:hr>
            <ns3:cad>92</ns3:cad>
          </ns3:TrackPointExtension>
        </extensions>
      </trkpt>
      <trkpt lat="31.4885761030018329620361328125" lon="121.16408438421785831451416015625">
        <ele>2.7999999523162841796875</ele>
        <time>2026-09-15T22:21:17.000Z</time>
        <extensions>
          <ns3:TrackPointExtension>
            <ns3:hr>120</ns3:hr>
            <ns3:cad>92</ns3:cad>
          </ns3:TrackPointExtension>
        </extensions>
      </trkpt>
      <trkpt lat="31.4885636977851390838623046875" lon="121.16409863345324993133544921875">
        <ele>2.7999999523162841796875</ele>
        <time>2026-09-15T22:21:18.000Z</time>
        <extensions>
          <ns3:TrackPointExtension>
            <ns3:hr>121</ns3:hr>
            <ns3:cad>93</ns3:cad>
          </ns3:TrackPointExtension>
        </extensions>
      </trkpt>
      <trkpt lat="31.48854182101786136627197265625" lon="121.16410634480416774749755859375">
        <ele>2.7999999523162841796875</ele>
        <time>2026-09-15T22:21:19.000Z</time>
        <extensions>
          <ns3:TrackPointExtension>
            <ns3:hr>120</ns3:hr>
            <ns3:cad>93</ns3:cad>
          </ns3:TrackPointExtension>
        </extensions>
      </trkpt>
      <trkpt lat="31.488527320325374603271484375" lon="121.16411992348730564117431640625">
        <ele>2.599999904632568359375</ele>
        <time>2026-09-15T22:21:20.000Z</time>
        <extensions>
          <ns3:TrackPointExtension>
            <ns3:hr>120</ns3:hr>
            <ns3:cad>93</ns3:cad>
          </ns3:TrackPointExtension>
        </extensions>
      </trkpt>
      <trkpt lat="31.48850644938647747039794921875" lon="121.1641310714185237884521484375">
        <ele>2.599999904632568359375</ele>
        <time>2026-09-15T22:21:21.000Z</time>
        <extensions>
          <ns3:TrackPointExtension>
            <ns3:hr>120</ns3:hr>
            <ns3:cad>92</ns3:cad>
          </ns3:TrackPointExtension>
        </extensions>
      </trkpt>
      <trkpt lat="31.4884896017611026763916015625" lon="121.1641453206539154052734375">
        <ele>2.599999904632568359375</ele>
        <time>2026-09-15T22:21:22.000Z</time>
        <extensions>
          <ns3:TrackPointExtension>
            <ns3:hr>120</ns3:hr>
            <ns3:cad>93</ns3:cad>
          </ns3:TrackPointExtension>
        </extensions>
      </trkpt>
      <trkpt lat="31.48847040720283985137939453125" lon="121.1641572229564189910888671875">
        <ele>2.599999904632568359375</ele>
        <time>2026-09-15T22:21:23.000Z</time>
        <extensions>
          <ns3:TrackPointExtension>
            <ns3:hr>121</ns3:hr>
            <ns3:cad>92</ns3:cad>
          </ns3:TrackPointExtension>
        </extensions>
      </trkpt>
      <trkpt lat="31.48845280520617961883544921875" lon="121.1641749925911426544189453125">
        <ele>2.599999904632568359375</ele>
        <time>2026-09-15T22:21:24.000Z</time>
        <extensions>
          <ns3:TrackPointExtension>
            <ns3:hr>120</ns3:hr>
            <ns3:cad>93</ns3:cad>
          </ns3:TrackPointExtension>
        </extensions>
      </trkpt>
      <trkpt lat="31.48843201808631420135498046875" lon="121.16418865509331226348876953125">
        <ele>2.599999904632568359375</ele>
        <time>2026-09-15T22:21:25.000Z</time>
        <extensions>
          <ns3:TrackPointExtension>
            <ns3:hr>120</ns3:hr>
            <ns3:cad>93</ns3:cad>
          </ns3:TrackPointExtension>
        </extensions>
      </trkpt>
      <trkpt lat="31.48841223679482936859130859375" lon="121.16420676000416278839111328125">
        <ele>2.599999904632568359375</ele>
        <time>2026-09-15T22:21:26.000Z</time>
        <extensions>
          <ns3:TrackPointExtension>
            <ns3:hr>120</ns3:hr>
            <ns3:cad>93</ns3:cad>
          </ns3:TrackPointExtension>
        </extensions>
      </trkpt>
      <trkpt lat="31.48839429952204227447509765625" lon="121.1642236076295375823974609375">
        <ele>2.599999904632568359375</ele>
        <time>2026-09-15T22:21:27.000Z</time>
        <extensions>
          <ns3:TrackPointExtension>
            <ns3:hr>120</ns3:hr>
            <ns3:cad>93</ns3:cad>
          </ns3:TrackPointExtension>
        </extensions>
      </trkpt>
      <trkpt lat="31.48837200365960597991943359375" lon="121.16424120962619781494140625">
        <ele>2.599999904632568359375</ele>
        <time>2026-09-15T22:21:28.000Z</time>
        <extensions>
          <ns3:TrackPointExtension>
            <ns3:hr>120</ns3:hr>
            <ns3:cad>93</ns3:cad>
          </ns3:TrackPointExtension>
        </extensions>
      </trkpt>
      <trkpt lat="31.4883571676909923553466796875" lon="121.16425755433738231658935546875">
        <ele>2.599999904632568359375</ele>
        <time>2026-09-15T22:21:29.000Z</time>
        <extensions>
          <ns3:TrackPointExtension>
            <ns3:hr>120</ns3:hr>
            <ns3:cad>93</ns3:cad>
          </ns3:TrackPointExtension>
        </extensions>
      </trkpt>
      <trkpt lat="31.488331854343414306640625" lon="121.1642740666866302490234375">
        <ele>2.599999904632568359375</ele>
        <time>2026-09-15T22:21:30.000Z</time>
        <extensions>
          <ns3:TrackPointExtension>
            <ns3:hr>120</ns3:hr>
            <ns3:cad>93</ns3:cad>
          </ns3:TrackPointExtension>
        </extensions>
      </trkpt>
      <trkpt lat="31.4883189462125301361083984375" lon="121.16429108195006847381591796875">
        <ele>2.599999904632568359375</ele>
        <time>2026-09-15T22:21:31.000Z</time>
        <extensions>
          <ns3:TrackPointExtension>
            <ns3:hr>120</ns3:hr>
            <ns3:cad>93</ns3:cad>
          </ns3:TrackPointExtension>
        </extensions>
      </trkpt>
      <trkpt lat="31.48829405196011066436767578125" lon="121.16430248133838176727294921875">
        <ele>2.599999904632568359375</ele>
        <time>2026-09-15T22:21:32.000Z</time>
        <extensions>
          <ns3:TrackPointExtension>
            <ns3:hr>120</ns3:hr>
            <ns3:cad>93</ns3:cad>
          </ns3:TrackPointExtension>
        </extensions>
      </trkpt>
      <trkpt lat="31.4882790483534336090087890625" lon="121.16431455127894878387451171875">
        <ele>2.7999999523162841796875</ele>
        <time>2026-09-15T22:21:33.000Z</time>
        <extensions>
          <ns3:TrackPointExtension>
            <ns3:hr>119</ns3:hr>
            <ns3:cad>93</ns3:cad>
          </ns3:TrackPointExtension>
        </extensions>
      </trkpt>
      <trkpt lat="31.48825365118682384490966796875" lon="121.1643228493630886077880859375">
        <ele>2.7999999523162841796875</ele>
        <time>2026-09-15T22:21:34.000Z</time>
        <extensions>
          <ns3:TrackPointExtension>
            <ns3:hr>119</ns3:hr>
            <ns3:cad>93</ns3:cad>
          </ns3:TrackPointExtension>
        </extensions>
      </trkpt>
      <trkpt lat="31.4882404915988445281982421875" lon="121.16433517076075077056884765625">
        <ele>2.7999999523162841796875</ele>
        <time>2026-09-15T22:21:35.000Z</time>
        <extensions>
          <ns3:TrackPointExtension>
            <ns3:hr>119</ns3:hr>
            <ns3:cad>93</ns3:cad>
          </ns3:TrackPointExtension>
        </extensions>
      </trkpt>
      <trkpt lat="31.48821811191737651824951171875" lon="121.16434556432068347930908203125">
        <ele>2.7999999523162841796875</ele>
        <time>2026-09-15T22:21:36.000Z</time>
        <extensions>
          <ns3:TrackPointExtension>
            <ns3:hr>119</ns3:hr>
            <ns3:cad>93</ns3:cad>
          </ns3:TrackPointExtension>
        </extensions>
      </trkpt>
      <trkpt lat="31.48820268921554088592529296875" lon="121.1643617413938045501708984375">
        <ele>2.7999999523162841796875</ele>
        <time>2026-09-15T22:21:37.000Z</time>
        <extensions>
          <ns3:TrackPointExtension>
            <ns3:hr>119</ns3:hr>
            <ns3:cad>93</ns3:cad>
          </ns3:TrackPointExtension>
        </extensions>
      </trkpt>
      <trkpt lat="31.48818173445761203765869140625" lon="121.1643711291253566741943359375">
        <ele>2.7999999523162841796875</ele>
        <time>2026-09-15T22:21:38.000Z</time>
        <extensions>
          <ns3:TrackPointExtension>
            <ns3:hr>119</ns3:hr>
            <ns3:cad>93</ns3:cad>
          </ns3:TrackPointExtension>
        </extensions>
      </trkpt>
      <trkpt lat="31.48816463537514209747314453125" lon="121.164385043084621429443359375">
        <ele>2.7999999523162841796875</ele>
        <time>2026-09-15T22:21:39.000Z</time>
        <extensions>
          <ns3:TrackPointExtension>
            <ns3:hr>119</ns3:hr>
            <ns3:cad>93</ns3:cad>
          </ns3:TrackPointExtension>
        </extensions>
      </trkpt>
      <trkpt lat="31.48814535699784755706787109375" lon="121.16439585573971271514892578125">
        <ele>2.7999999523162841796875</ele>
        <time>2026-09-15T22:21:40.000Z</time>
        <extensions>
          <ns3:TrackPointExtension>
            <ns3:hr>119</ns3:hr>
            <ns3:cad>93</ns3:cad>
          </ns3:TrackPointExtension>
        </extensions>
      </trkpt>
      <trkpt lat="31.4881251566112041473388671875" lon="121.1644120328128337860107421875">
        <ele>2.7999999523162841796875</ele>
        <time>2026-09-15T22:21:41.000Z</time>
        <extensions>
          <ns3:TrackPointExtension>
            <ns3:hr>119</ns3:hr>
            <ns3:cad>93</ns3:cad>
          </ns3:TrackPointExtension>
        </extensions>
      </trkpt>
      <trkpt lat="31.48811099119484424591064453125" lon="121.164427958428859710693359375">
        <ele>2.7999999523162841796875</ele>
        <time>2026-09-15T22:21:42.000Z</time>
        <extensions>
          <ns3:TrackPointExtension>
            <ns3:hr>119</ns3:hr>
            <ns3:cad>93</ns3:cad>
          </ns3:TrackPointExtension>
        </extensions>
      </trkpt>
      <trkpt lat="31.488089449703693389892578125" lon="121.1644428782165050506591796875">
        <ele>2.7999999523162841796875</ele>
        <time>2026-09-15T22:21:43.000Z</time>
        <extensions>
          <ns3:TrackPointExtension>
            <ns3:hr>119</ns3:hr>
            <ns3:cad>93</ns3:cad>
          </ns3:TrackPointExtension>
        </extensions>
      </trkpt>
      <trkpt lat="31.488074697554111480712890625" lon="121.164458133280277252197265625">
        <ele>3</ele>
        <time>2026-09-15T22:21:44.000Z</time>
        <extensions>
          <ns3:TrackPointExtension>
            <ns3:hr>119</ns3:hr>
            <ns3:cad>93</ns3:cad>
          </ns3:TrackPointExtension>
        </extensions>
      </trkpt>
      <trkpt lat="31.48805248551070690155029296875" lon="121.164473555982112884521484375">
        <ele>3</ele>
        <time>2026-09-15T22:21:45.000Z</time>
        <extensions>
          <ns3:TrackPointExtension>
            <ns3:hr>119</ns3:hr>
            <ns3:cad>93</ns3:cad>
          </ns3:TrackPointExtension>
        </extensions>
      </trkpt>
      <trkpt lat="31.4880393259227275848388671875" lon="121.164487637579441070556640625">
        <ele>3</ele>
        <time>2026-09-15T22:21:46.000Z</time>
        <extensions>
          <ns3:TrackPointExtension>
            <ns3:hr>119</ns3:hr>
            <ns3:cad>93</ns3:cad>
          </ns3:TrackPointExtension>
        </extensions>
      </trkpt>
      <trkpt lat="31.48801602423191070556640625" lon="121.16450230590999126434326171875">
        <ele>3</ele>
        <time>2026-09-15T22:21:47.000Z</time>
        <extensions>
          <ns3:TrackPointExtension>
            <ns3:hr>119</ns3:hr>
            <ns3:cad>92</ns3:cad>
          </ns3:TrackPointExtension>
        </extensions>
      </trkpt>
      <trkpt lat="31.4880021102726459503173828125" lon="121.16451823152601718902587890625">
        <ele>3</ele>
        <time>2026-09-15T22:21:48.000Z</time>
        <extensions>
          <ns3:TrackPointExtension>
            <ns3:hr>119</ns3:hr>
            <ns3:cad>92</ns3:cad>
          </ns3:TrackPointExtension>
        </extensions>
      </trkpt>
      <trkpt lat="31.487979479134082794189453125" lon="121.164533235132694244384765625">
        <ele>3.2000000476837158203125</ele>
        <time>2026-09-15T22:21:49.000Z</time>
        <extensions>
          <ns3:TrackPointExtension>
            <ns3:hr>119</ns3:hr>
            <ns3:cad>92</ns3:cad>
          </ns3:TrackPointExtension>
        </extensions>
      </trkpt>
      <trkpt lat="31.4879655651748180389404296875" lon="121.16454790346324443817138671875">
        <ele>3.2000000476837158203125</ele>
        <time>2026-09-15T22:21:50.000Z</time>
        <extensions>
          <ns3:TrackPointExtension>
            <ns3:hr>119</ns3:hr>
            <ns3:cad>92</ns3:cad>
          </ns3:TrackPointExtension>
        </extensions>
      </trkpt>
      <trkpt lat="31.48793932981789112091064453125" lon="121.16456039249897003173828125">
        <ele>3.2000000476837158203125</ele>
        <time>2026-09-15T22:21:51.000Z</time>
        <extensions>
          <ns3:TrackPointExtension>
            <ns3:hr>119</ns3:hr>
            <ns3:cad>92</ns3:cad>
          </ns3:TrackPointExtension>
        </extensions>
      </trkpt>
      <trkpt lat="31.48792273364961147308349609375" lon="121.164575479924678802490234375">
        <ele>3.2000000476837158203125</ele>
        <time>2026-09-15T22:21:52.000Z</time>
        <extensions>
          <ns3:TrackPointExtension>
            <ns3:hr>120</ns3:hr>
            <ns3:cad>92</ns3:cad>
          </ns3:TrackPointExtension>
        </extensions>
      </trkpt>
      <trkpt lat="31.48789557628333568572998046875" lon="121.164586544036865234375">
        <ele>3.2000000476837158203125</ele>
        <time>2026-09-15T22:21:53.000Z</time>
        <extensions>
          <ns3:TrackPointExtension>
            <ns3:hr>119</ns3:hr>
            <ns3:cad>92</ns3:cad>
          </ns3:TrackPointExtension>
        </extensions>
      </trkpt>
      <trkpt lat="31.4878844283521175384521484375" lon="121.16460506804287433624267578125">
        <ele>3.400000095367431640625</ele>
        <time>2026-09-15T22:21:54.000Z</time>
        <extensions>
          <ns3:TrackPointExtension>
            <ns3:hr>119</ns3:hr>
            <ns3:cad>92</ns3:cad>
          </ns3:TrackPointExtension>
        </extensions>
      </trkpt>
      <trkpt lat="31.4878616295754909515380859375" lon="121.16461982019245624542236328125">
        <ele>3.400000095367431640625</ele>
        <time>2026-09-15T22:21:55.000Z</time>
        <extensions>
          <ns3:TrackPointExtension>
            <ns3:hr>119</ns3:hr>
            <ns3:cad>91</ns3:cad>
          </ns3:TrackPointExtension>
        </extensions>
      </trkpt>
      <trkpt lat="31.4878485538065433502197265625" lon="121.164637841284275054931640625">
        <ele>3.400000095367431640625</ele>
        <time>2026-09-15T22:21:56.000Z</time>
        <extensions>
          <ns3:TrackPointExtension>
            <ns3:hr>119</ns3:hr>
            <ns3:cad>91</ns3:cad>
          </ns3:TrackPointExtension>
        </extensions>
      </trkpt>
      <trkpt lat="31.4878260903060436248779296875" lon="121.1646520905196666717529296875">
        <ele>3.400000095367431640625</ele>
        <time>2026-09-15T22:21:57.000Z</time>
        <extensions>
          <ns3:TrackPointExtension>
            <ns3:hr>119</ns3:hr>
            <ns3:cad>92</ns3:cad>
          </ns3:TrackPointExtension>
        </extensions>
      </trkpt>
      <trkpt lat="31.4878096617758274078369140625" lon="121.16466759704053401947021484375">
        <ele>3.400000095367431640625</ele>
        <time>2026-09-15T22:21:58.000Z</time>
        <extensions>
          <ns3:TrackPointExtension>
            <ns3:hr>118</ns3:hr>
            <ns3:cad>93</ns3:cad>
          </ns3:TrackPointExtension>
        </extensions>
      </trkpt>
      <trkpt lat="31.4877898804843425750732421875" lon="121.16468000225722789764404296875">
        <ele>3.400000095367431640625</ele>
        <time>2026-09-15T22:21:59.000Z</time>
        <extensions>
          <ns3:TrackPointExtension>
            <ns3:hr>118</ns3:hr>
            <ns3:cad>93</ns3:cad>
          </ns3:TrackPointExtension>
        </extensions>
      </trkpt>
      <trkpt lat="31.48777102120220661163330078125" lon="121.164697520434856414794921875">
        <ele>3.400000095367431640625</ele>
        <time>2026-09-15T22:22:00.000Z</time>
        <extensions>
          <ns3:TrackPointExtension>
            <ns3:hr>118</ns3:hr>
            <ns3:cad>93</ns3:cad>
          </ns3:TrackPointExtension>
        </extensions>
      </trkpt>
      <trkpt lat="31.487757526338100433349609375" lon="121.16471327841281890869140625">
        <ele>3.400000095367431640625</ele>
        <time>2026-09-15T22:22:01.000Z</time>
        <extensions>
          <ns3:TrackPointExtension>
            <ns3:hr>118</ns3:hr>
            <ns3:cad>92</ns3:cad>
          </ns3:TrackPointExtension>
        </extensions>
      </trkpt>
      <trkpt lat="31.4877385832369327545166015625" lon="121.16473012603819370269775390625">
        <ele>3.400000095367431640625</ele>
        <time>2026-09-15T22:22:02.000Z</time>
        <extensions>
          <ns3:TrackPointExtension>
            <ns3:hr>118</ns3:hr>
            <ns3:cad>92</ns3:cad>
          </ns3:TrackPointExtension>
        </extensions>
      </trkpt>
      <trkpt lat="31.48772768676280975341796875" lon="121.16474756039679050445556640625">
        <ele>3.400000095367431640625</ele>
        <time>2026-09-15T22:22:03.000Z</time>
        <extensions>
          <ns3:TrackPointExtension>
            <ns3:hr>118</ns3:hr>
            <ns3:cad>93</ns3:cad>
          </ns3:TrackPointExtension>
        </extensions>
      </trkpt>
      <trkpt lat="31.487709581851959228515625" lon="121.16476365365087985992431640625">
        <ele>3.400000095367431640625</ele>
        <time>2026-09-15T22:22:04.000Z</time>
        <extensions>
          <ns3:TrackPointExtension>
            <ns3:hr>118</ns3:hr>
            <ns3:cad>93</ns3:cad>
          </ns3:TrackPointExtension>
        </extensions>
      </trkpt>
      <trkpt lat="31.48769759573042392730712890625" lon="121.1647798307240009307861328125">
        <ele>3.400000095367431640625</ele>
        <time>2026-09-15T22:22:05.000Z</time>
        <extensions>
          <ns3:TrackPointExtension>
            <ns3:hr>118</ns3:hr>
            <ns3:cad>92</ns3:cad>
          </ns3:TrackPointExtension>
        </extensions>
      </trkpt>
      <trkpt lat="31.487673036754131317138671875" lon="121.1647976003587245941162109375">
        <ele>3.599999904632568359375</ele>
        <time>2026-09-15T22:22:06.000Z</time>
        <extensions>
          <ns3:TrackPointExtension>
            <ns3:hr>118</ns3:hr>
            <ns3:cad>92</ns3:cad>
          </ns3:TrackPointExtension>
        </extensions>
      </trkpt>
      <trkpt lat="31.4876599609851837158203125" lon="121.164813525974750518798828125">
        <ele>3.599999904632568359375</ele>
        <time>2026-09-15T22:22:07.000Z</time>
        <extensions>
          <ns3:TrackPointExtension>
            <ns3:hr>118</ns3:hr>
            <ns3:cad>92</ns3:cad>
          </ns3:TrackPointExtension>
        </extensions>
      </trkpt>
      <trkpt lat="31.48763724602758884429931640625" lon="121.1648254282772541046142578125">
        <ele>3.599999904632568359375</ele>
        <time>2026-09-15T22:22:08.000Z</time>
        <extensions>
          <ns3:TrackPointExtension>
            <ns3:hr>118</ns3:hr>
            <ns3:cad>92</ns3:cad>
          </ns3:TrackPointExtension>
        </extensions>
      </trkpt>
      <trkpt lat="31.48762333206832408905029296875" lon="121.16484277881681919097900390625">
        <ele>3.599999904632568359375</ele>
        <time>2026-09-15T22:22:09.000Z</time>
        <extensions>
          <ns3:TrackPointExtension>
            <ns3:hr>117</ns3:hr>
            <ns3:cad>92</ns3:cad>
          </ns3:TrackPointExtension>
        </extensions>
      </trkpt>
      <trkpt lat="31.4875997789204120635986328125" lon="121.1648549325764179229736328125">
        <ele>3.599999904632568359375</ele>
        <time>2026-09-15T22:22:10.000Z</time>
        <extensions>
          <ns3:TrackPointExtension>
            <ns3:hr>118</ns3:hr>
            <ns3:cad>92</ns3:cad>
          </ns3:TrackPointExtension>
        </extensions>
      </trkpt>
      <trkpt lat="31.48758645169436931610107421875" lon="121.1648683436214923858642578125">
        <ele>3.599999904632568359375</ele>
        <time>2026-09-15T22:22:11.000Z</time>
        <extensions>
          <ns3:TrackPointExtension>
            <ns3:hr>118</ns3:hr>
            <ns3:cad>92</ns3:cad>
          </ns3:TrackPointExtension>
        </extensions>
      </trkpt>
      <trkpt lat="31.48756206035614013671875" lon="121.16487747989594936370849609375">
        <ele>3.599999904632568359375</ele>
        <time>2026-09-15T22:22:12.000Z</time>
        <extensions>
          <ns3:TrackPointExtension>
            <ns3:hr>118</ns3:hr>
            <ns3:cad>92</ns3:cad>
          </ns3:TrackPointExtension>
        </extensions>
      </trkpt>
      <trkpt lat="31.48754873313009738922119140625" lon="121.164894662797451019287109375">
        <ele>3.599999904632568359375</ele>
        <time>2026-09-15T22:22:13.000Z</time>
        <extensions>
          <ns3:TrackPointExtension>
            <ns3:hr>118</ns3:hr>
            <ns3:cad>92</ns3:cad>
          </ns3:TrackPointExtension>
        </extensions>
      </trkpt>
      <trkpt lat="31.48752777837216854095458984375" lon="121.16490547545254230499267578125">
        <ele>3.599999904632568359375</ele>
        <time>2026-09-15T22:22:14.000Z</time>
        <extensions>
          <ns3:TrackPointExtension>
            <ns3:hr>117</ns3:hr>
            <ns3:cad>92</ns3:cad>
          </ns3:TrackPointExtension>
        </extensions>
      </trkpt>
      <trkpt lat="31.4875132776796817779541015625" lon="121.16492207162082195281982421875">
        <ele>3.599999904632568359375</ele>
        <time>2026-09-15T22:22:15.000Z</time>
        <extensions>
          <ns3:TrackPointExtension>
            <ns3:hr>118</ns3:hr>
            <ns3:cad>92</ns3:cad>
          </ns3:TrackPointExtension>
        </extensions>
      </trkpt>
      <trkpt lat="31.48749005980789661407470703125" lon="121.16493263281881809234619140625">
        <ele>3.599999904632568359375</ele>
        <time>2026-09-15T22:22:16.000Z</time>
        <extensions>
          <ns3:TrackPointExtension>
            <ns3:hr>118</ns3:hr>
            <ns3:cad>92</ns3:cad>
          </ns3:TrackPointExtension>
        </extensions>
      </trkpt>
      <trkpt lat="31.487473547458648681640625" lon="121.1649481393396854400634765625">
        <ele>3.599999904632568359375</ele>
        <time>2026-09-15T22:22:17.000Z</time>
        <extensions>
          <ns3:TrackPointExtension>
            <ns3:hr>118</ns3:hr>
            <ns3:cad>93</ns3:cad>
          </ns3:TrackPointExtension>
        </extensions>
      </trkpt>
      <trkpt lat="31.48745619691908359527587890625" lon="121.164958365261554718017578125">
        <ele>3.599999904632568359375</ele>
        <time>2026-09-15T22:22:18.000Z</time>
        <extensions>
          <ns3:TrackPointExtension>
            <ns3:hr>118</ns3:hr>
            <ns3:cad>93</ns3:cad>
          </ns3:TrackPointExtension>
        </extensions>
      </trkpt>
      <trkpt lat="31.48743742145597934722900390625" lon="121.1649742908775806427001953125">
        <ele>3.400000095367431640625</ele>
        <time>2026-09-15T22:22:19.000Z</time>
        <extensions>
          <ns3:TrackPointExtension>
            <ns3:hr>118</ns3:hr>
            <ns3:cad>93</ns3:cad>
          </ns3:TrackPointExtension>
        </extensions>
      </trkpt>
      <trkpt lat="31.4874227531254291534423828125" lon="121.1649890430271625518798828125">
        <ele>3.400000095367431640625</ele>
        <time>2026-09-15T22:22:20.000Z</time>
        <extensions>
          <ns3:TrackPointExtension>
            <ns3:hr>118</ns3:hr>
            <ns3:cad>93</ns3:cad>
          </ns3:TrackPointExtension>
        </extensions>
      </trkpt>
      <trkpt lat="31.48739769123494625091552734375" lon="121.16500429809093475341796875">
        <ele>3.599999904632568359375</ele>
        <time>2026-09-15T22:22:21.000Z</time>
        <extensions>
          <ns3:TrackPointExtension>
            <ns3:hr>118</ns3:hr>
            <ns3:cad>93</ns3:cad>
          </ns3:TrackPointExtension>
        </extensions>
      </trkpt>
      <trkpt lat="31.4873855374753475189208984375" lon="121.165020726621150970458984375">
        <ele>3.599999904632568359375</ele>
        <time>2026-09-15T22:22:22.000Z</time>
        <extensions>
          <ns3:TrackPointExtension>
            <ns3:hr>118</ns3:hr>
            <ns3:cad>92</ns3:cad>
          </ns3:TrackPointExtension>
        </extensions>
      </trkpt>
      <trkpt lat="31.48736231960356235504150390625" lon="121.1650366522371768951416015625">
        <ele>3.599999904632568359375</ele>
        <time>2026-09-15T22:22:23.000Z</time>
        <extensions>
          <ns3:TrackPointExtension>
            <ns3:hr>118</ns3:hr>
            <ns3:cad>92</ns3:cad>
          </ns3:TrackPointExtension>
        </extensions>
      </trkpt>
      <trkpt lat="31.48735075257718563079833984375" lon="121.16505299694836139678955078125">
        <ele>3.599999904632568359375</ele>
        <time>2026-09-15T22:22:24.000Z</time>
        <extensions>
          <ns3:TrackPointExtension>
            <ns3:hr>118</ns3:hr>
            <ns3:cad>92</ns3:cad>
          </ns3:TrackPointExtension>
        </extensions>
      </trkpt>
      <trkpt lat="31.487325690686702728271484375" lon="121.16506875492632389068603515625">
        <ele>3.599999904632568359375</ele>
        <time>2026-09-15T22:22:25.000Z</time>
        <extensions>
          <ns3:TrackPointExtension>
            <ns3:hr>118</ns3:hr>
            <ns3:cad>92</ns3:cad>
          </ns3:TrackPointExtension>
        </extensions>
      </trkpt>
      <trkpt lat="31.48731420747935771942138671875" lon="121.165081076323986053466796875">
        <ele>3.599999904632568359375</ele>
        <time>2026-09-15T22:22:26.000Z</time>
        <extensions>
          <ns3:TrackPointExtension>
            <ns3:hr>118</ns3:hr>
            <ns3:cad>92</ns3:cad>
          </ns3:TrackPointExtension>
        </extensions>
      </trkpt>
      <trkpt lat="31.48728839121758937835693359375" lon="121.16509281098842620849609375">
        <ele>3.599999904632568359375</ele>
        <time>2026-09-15T22:22:27.000Z</time>
        <extensions>
          <ns3:TrackPointExtension>
            <ns3:hr>118</ns3:hr>
            <ns3:cad>93</ns3:cad>
          </ns3:TrackPointExtension>
        </extensions>
      </trkpt>
      <trkpt lat="31.487274728715419769287109375" lon="121.1651057191193103790283203125">
        <ele>3.7999999523162841796875</ele>
        <time>2026-09-15T22:22:28.000Z</time>
        <extensions>
          <ns3:TrackPointExtension>
            <ns3:hr>118</ns3:hr>
            <ns3:cad>93</ns3:cad>
          </ns3:TrackPointExtension>
        </extensions>
      </trkpt>
      <trkpt lat="31.4872534386813640594482421875" lon="121.16511560976505279541015625">
        <ele>3.7999999523162841796875</ele>
        <time>2026-09-15T22:22:29.000Z</time>
        <extensions>
          <ns3:TrackPointExtension>
            <ns3:hr>118</ns3:hr>
            <ns3:cad>93</ns3:cad>
          </ns3:TrackPointExtension>
        </extensions>
      </trkpt>
      <trkpt lat="31.48723776452243328094482421875" lon="121.16512994281947612762451171875">
        <ele>3.7999999523162841796875</ele>
        <time>2026-09-15T22:22:30.000Z</time>
        <extensions>
          <ns3:TrackPointExtension>
            <ns3:hr>118</ns3:hr>
            <ns3:cad>93</ns3:cad>
          </ns3:TrackPointExtension>
        </extensions>
      </trkpt>
      <trkpt lat="31.4872142113745212554931640625" lon="121.16514301858842372894287109375">
        <ele>3.7999999523162841796875</ele>
        <time>2026-09-15T22:22:31.000Z</time>
        <extensions>
          <ns3:TrackPointExtension>
            <ns3:hr>118</ns3:hr>
            <ns3:cad>93</ns3:cad>
          </ns3:TrackPointExtension>
        </extensions>
      </trkpt>
      <trkpt lat="31.48720121942460536956787109375" lon="121.16515827365219593048095703125">
        <ele>3.7999999523162841796875</ele>
        <time>2026-09-15T22:22:32.000Z</time>
        <extensions>
          <ns3:TrackPointExtension>
            <ns3:hr>118</ns3:hr>
            <ns3:cad>92</ns3:cad>
          </ns3:TrackPointExtension>
        </extensions>
      </trkpt>
      <trkpt lat="31.48717842064797878265380859375" lon="121.16516917012631893157958984375">
        <ele>3.7999999523162841796875</ele>
        <time>2026-09-15T22:22:33.000Z</time>
        <extensions>
          <ns3:TrackPointExtension>
            <ns3:hr>118</ns3:hr>
            <ns3:cad>92</ns3:cad>
          </ns3:TrackPointExtension>
        </extensions>
      </trkpt>
      <trkpt lat="31.48716199211776256561279296875" lon="121.16518576629459857940673828125">
        <ele>3.7999999523162841796875</ele>
        <time>2026-09-15T22:22:34.000Z</time>
        <extensions>
          <ns3:TrackPointExtension>
            <ns3:hr>118</ns3:hr>
            <ns3:cad>93</ns3:cad>
          </ns3:TrackPointExtension>
        </extensions>
      </trkpt>
      <trkpt lat="31.48714187555015087127685546875" lon="121.16520135663449764251708984375">
        <ele>3.7999999523162841796875</ele>
        <time>2026-09-15T22:22:35.000Z</time>
        <extensions>
          <ns3:TrackPointExtension>
            <ns3:hr>118</ns3:hr>
            <ns3:cad>93</ns3:cad>
          </ns3:TrackPointExtension>
        </extensions>
      </trkpt>
      <trkpt lat="31.48712226189672946929931640625" lon="121.16521929390728473663330078125">
        <ele>3.7999999523162841796875</ele>
        <time>2026-09-15T22:22:36.000Z</time>
        <extensions>
          <ns3:TrackPointExtension>
            <ns3:hr>118</ns3:hr>
            <ns3:cad>92</ns3:cad>
          </ns3:TrackPointExtension>
        </extensions>
      </trkpt>
      <trkpt lat="31.4871052466332912445068359375" lon="121.16523421369493007659912109375">
        <ele>3.7999999523162841796875</ele>
        <time>2026-09-15T22:22:37.000Z</time>
        <extensions>
          <ns3:TrackPointExtension>
            <ns3:hr>119</ns3:hr>
            <ns3:cad>92</ns3:cad>
          </ns3:TrackPointExtension>
        </extensions>
      </trkpt>
      <trkpt lat="31.4870827831327915191650390625" lon="121.16525433026254177093505859375">
        <ele>3.7999999523162841796875</ele>
        <time>2026-09-15T22:22:38.000Z</time>
        <extensions>
          <ns3:TrackPointExtension>
            <ns3:hr>118</ns3:hr>
            <ns3:cad>92</ns3:cad>
          </ns3:TrackPointExtension>
        </extensions>
      </trkpt>
      <trkpt lat="31.4870723895728588104248046875" lon="121.16527260281145572662353515625">
        <ele>3.7999999523162841796875</ele>
        <time>2026-09-15T22:22:39.000Z</time>
        <extensions>
          <ns3:TrackPointExtension>
            <ns3:hr>118</ns3:hr>
            <ns3:cad>92</ns3:cad>
          </ns3:TrackPointExtension>
        </extensions>
      </trkpt>
      <trkpt lat="31.487051434814929962158203125" lon="121.1652911268174648284912109375">
        <ele>3.7999999523162841796875</ele>
        <time>2026-09-15T22:22:40.000Z</time>
        <extensions>
          <ns3:TrackPointExtension>
            <ns3:hr>118</ns3:hr>
            <ns3:cad>92</ns3:cad>
          </ns3:TrackPointExtension>
        </extensions>
      </trkpt>
      <trkpt lat="31.48703777231276035308837890625" lon="121.16530881263315677642822265625">
        <ele>3.7999999523162841796875</ele>
        <time>2026-09-15T22:22:41.000Z</time>
        <extensions>
          <ns3:TrackPointExtension>
            <ns3:hr>118</ns3:hr>
            <ns3:cad>92</ns3:cad>
          </ns3:TrackPointExtension>
        </extensions>
      </trkpt>
      <trkpt lat="31.487017571926116943359375" lon="121.16532473824918270111083984375">
        <ele>3.7999999523162841796875</ele>
        <time>2026-09-15T22:22:42.000Z</time>
        <extensions>
          <ns3:TrackPointExtension>
            <ns3:hr>118</ns3:hr>
            <ns3:cad>92</ns3:cad>
          </ns3:TrackPointExtension>
        </extensions>
      </trkpt>
      <trkpt lat="31.48700080811977386474609375" lon="121.1653400771319866180419921875">
        <ele>4</ele>
        <time>2026-09-15T22:22:43.000Z</time>
        <extensions>
          <ns3:TrackPointExtension>
            <ns3:hr>117</ns3:hr>
            <ns3:cad>92</ns3:cad>
          </ns3:TrackPointExtension>
        </extensions>
      </trkpt>
      <trkpt lat="31.486980020999908447265625" lon="121.1653521470725536346435546875">
        <ele>4</ele>
        <time>2026-09-15T22:22:44.000Z</time>
        <extensions>
          <ns3:TrackPointExtension>
            <ns3:hr>117</ns3:hr>
            <ns3:cad>92</ns3:cad>
          </ns3:TrackPointExtension>
        </extensions>
      </trkpt>
      <trkpt lat="31.48696853779256343841552734375" lon="121.16536865942180156707763671875">
        <ele>4</ele>
        <time>2026-09-15T22:22:45.000Z</time>
        <extensions>
          <ns3:TrackPointExtension>
            <ns3:hr>117</ns3:hr>
            <ns3:cad>93</ns3:cad>
          </ns3:TrackPointExtension>
        </extensions>
      </trkpt>
      <trkpt lat="31.48694423027336597442626953125" lon="121.16537922061979770660400390625">
        <ele>4</ele>
        <time>2026-09-15T22:22:46.000Z</time>
        <extensions>
          <ns3:TrackPointExtension>
            <ns3:hr>117</ns3:hr>
            <ns3:cad>93</ns3:cad>
          </ns3:TrackPointExtension>
        </extensions>
      </trkpt>
      <trkpt lat="31.48692964576184749603271484375" lon="121.16539321839809417724609375">
        <ele>4</ele>
        <time>2026-09-15T22:22:47.000Z</time>
        <extensions>
          <ns3:TrackPointExtension>
            <ns3:hr>117</ns3:hr>
            <ns3:cad>92</ns3:cad>
          </ns3:TrackPointExtension>
        </extensions>
      </trkpt>
      <trkpt lat="31.48690500296652317047119140625" lon="121.1654034443199634552001953125">
        <ele>4</ele>
        <time>2026-09-15T22:22:48.000Z</time>
        <extensions>
          <ns3:TrackPointExtension>
            <ns3:hr>116</ns3:hr>
            <ns3:cad>92</ns3:cad>
          </ns3:TrackPointExtension>
        </extensions>
      </trkpt>
      <trkpt lat="31.48688941262662410736083984375" lon="121.1654195375740528106689453125">
        <ele>4</ele>
        <time>2026-09-15T22:22:49.000Z</time>
        <extensions>
          <ns3:TrackPointExtension>
            <ns3:hr>117</ns3:hr>
            <ns3:cad>92</ns3:cad>
          </ns3:TrackPointExtension>
        </extensions>
      </trkpt>
      <trkpt lat="31.4868682064116001129150390625" lon="121.1654282547533512115478515625">
        <ele>4</ele>
        <time>2026-09-15T22:22:50.000Z</time>
        <extensions>
          <ns3:TrackPointExtension>
            <ns3:hr>117</ns3:hr>
            <ns3:cad>92</ns3:cad>
          </ns3:TrackPointExtension>
        </extensions>
      </trkpt>
      <trkpt lat="31.4868524484336376190185546875" lon="121.16544409655034542083740234375">
        <ele>4</ele>
        <time>2026-09-15T22:22:51.000Z</time>
        <extensions>
          <ns3:TrackPointExtension>
            <ns3:hr>116</ns3:hr>
            <ns3:cad>93</ns3:cad>
          </ns3:TrackPointExtension>
        </extensions>
      </trkpt>
      <trkpt lat="31.48683057166635990142822265625" lon="121.16545532830059528350830078125">
        <ele>4</ele>
        <time>2026-09-15T22:22:52.000Z</time>
        <extensions>
          <ns3:TrackPointExtension>
            <ns3:hr>116</ns3:hr>
            <ns3:cad>93</ns3:cad>
          </ns3:TrackPointExtension>
        </extensions>
      </trkpt>
      <trkpt lat="31.48681364022195339202880859375" lon="121.16547091864049434661865234375">
        <ele>4</ele>
        <time>2026-09-15T22:22:53.000Z</time>
        <extensions>
          <ns3:TrackPointExtension>
            <ns3:hr>117</ns3:hr>
            <ns3:cad>92</ns3:cad>
          </ns3:TrackPointExtension>
        </extensions>
      </trkpt>
      <trkpt lat="31.4867927692830562591552734375" lon="121.16547904908657073974609375">
        <ele>4</ele>
        <time>2026-09-15T22:22:54.000Z</time>
        <extensions>
          <ns3:TrackPointExtension>
            <ns3:hr>117</ns3:hr>
            <ns3:cad>92</ns3:cad>
          </ns3:TrackPointExtension>
        </extensions>
      </trkpt>
      <trkpt lat="31.48677357472479343414306640625" lon="121.16549472324550151824951171875">
        <ele>4.19999980926513671875</ele>
        <time>2026-09-15T22:22:55.000Z</time>
        <extensions>
          <ns3:TrackPointExtension>
            <ns3:hr>117</ns3:hr>
            <ns3:cad>92</ns3:cad>
          </ns3:TrackPointExtension>
        </extensions>
      </trkpt>
      <trkpt lat="31.48675496689975261688232421875" lon="121.16550721228122711181640625">
        <ele>4.19999980926513671875</ele>
        <time>2026-09-15T22:22:56.000Z</time>
        <extensions>
          <ns3:TrackPointExtension>
            <ns3:hr>118</ns3:hr>
            <ns3:cad>92</ns3:cad>
          </ns3:TrackPointExtension>
        </extensions>
      </trkpt>
      <trkpt lat="31.4867364428937435150146484375" lon="121.1655248142778873443603515625">
        <ele>4.19999980926513671875</ele>
        <time>2026-09-15T22:22:57.000Z</time>
        <extensions>
          <ns3:TrackPointExtension>
            <ns3:hr>118</ns3:hr>
            <ns3:cad>92</ns3:cad>
          </ns3:TrackPointExtension>
        </extensions>
      </trkpt>
      <trkpt lat="31.48672060109674930572509765625" lon="121.1655362136662006378173828125">
        <ele>4.19999980926513671875</ele>
        <time>2026-09-15T22:22:58.000Z</time>
        <extensions>
          <ns3:TrackPointExtension>
            <ns3:hr>118</ns3:hr>
            <ns3:cad>92</ns3:cad>
          </ns3:TrackPointExtension>
        </extensions>
      </trkpt>
      <trkpt lat="31.48669830523431301116943359375" lon="121.1655523069202899932861328125">
        <ele>4.19999980926513671875</ele>
        <time>2026-09-15T22:22:59.000Z</time>
        <extensions>
          <ns3:TrackPointExtension>
            <ns3:hr>119</ns3:hr>
            <ns3:cad>92</ns3:cad>
          </ns3:TrackPointExtension>
        </extensions>
      </trkpt>
      <trkpt lat="31.48668564856052398681640625" lon="121.16556764580309391021728515625">
        <ele>4.19999980926513671875</ele>
        <time>2026-09-15T22:23:00.000Z</time>
        <extensions>
          <ns3:TrackPointExtension>
            <ns3:hr>119</ns3:hr>
            <ns3:cad>92</ns3:cad>
          </ns3:TrackPointExtension>
        </extensions>
      </trkpt>
      <trkpt lat="31.48666293360292911529541015625" lon="121.1655834876000881195068359375">
        <ele>4.19999980926513671875</ele>
        <time>2026-09-15T22:23:01.000Z</time>
        <extensions>
          <ns3:TrackPointExtension>
            <ns3:hr>119</ns3:hr>
            <ns3:cad>92</ns3:cad>
          </ns3:TrackPointExtension>
        </extensions>
      </trkpt>
      <trkpt lat="31.4866486005485057830810546875" lon="121.165598072111606597900390625">
        <ele>4.19999980926513671875</ele>
        <time>2026-09-15T22:23:02.000Z</time>
        <extensions>
          <ns3:TrackPointExtension>
            <ns3:hr>119</ns3:hr>
            <ns3:cad>92</ns3:cad>
          </ns3:TrackPointExtension>
        </extensions>
      </trkpt>
      <trkpt lat="31.486622281372547149658203125" lon="121.165615506470203399658203125">
        <ele>4.400000095367431640625</ele>
        <time>2026-09-15T22:23:03.000Z</time>
        <extensions>
          <ns3:TrackPointExtension>
            <ns3:hr>119</ns3:hr>
            <ns3:cad>91</ns3:cad>
          </ns3:TrackPointExtension>
        </extensions>
      </trkpt>
      <trkpt lat="31.48660945706069469451904296875" lon="121.16562950424849987030029296875">
        <ele>4.400000095367431640625</ele>
        <time>2026-09-15T22:23:04.000Z</time>
        <extensions>
          <ns3:TrackPointExtension>
            <ns3:hr>119</ns3:hr>
            <ns3:cad>91</ns3:cad>
          </ns3:TrackPointExtension>
        </extensions>
      </trkpt>
      <trkpt lat="31.486582718789577484130859375" lon="121.1656431667506694793701171875">
        <ele>4.400000095367431640625</ele>
        <time>2026-09-15T22:23:05.000Z</time>
        <extensions>
          <ns3:TrackPointExtension>
            <ns3:hr>119</ns3:hr>
            <ns3:cad>93</ns3:cad>
          </ns3:TrackPointExtension>
        </extensions>
      </trkpt>
      <trkpt lat="31.486567296087741851806640625" lon="121.16566034965217113494873046875">
        <ele>4.400000095367431640625</ele>
        <time>2026-09-15T22:23:06.000Z</time>
        <extensions>
          <ns3:TrackPointExtension>
            <ns3:hr>119</ns3:hr>
            <ns3:cad>93</ns3:cad>
          </ns3:TrackPointExtension>
        </extensions>
      </trkpt>
      <trkpt lat="31.4865423180162906646728515625" lon="121.1656730063259601593017578125">
        <ele>4.400000095367431640625</ele>
        <time>2026-09-15T22:23:07.000Z</time>
        <extensions>
          <ns3:TrackPointExtension>
            <ns3:hr>118</ns3:hr>
            <ns3:cad>93</ns3:cad>
          </ns3:TrackPointExtension>
        </extensions>
      </trkpt>
      <trkpt lat="31.486528404057025909423828125" lon="121.16568800993263721466064453125">
        <ele>4.400000095367431640625</ele>
        <time>2026-09-15T22:23:08.000Z</time>
        <extensions>
          <ns3:TrackPointExtension>
            <ns3:hr>119</ns3:hr>
            <ns3:cad>92</ns3:cad>
          </ns3:TrackPointExtension>
        </extensions>
      </trkpt>
      <trkpt lat="31.48650501854717731475830078125" lon="121.16569790057837963104248046875">
        <ele>4.400000095367431640625</ele>
        <time>2026-09-15T22:23:09.000Z</time>
        <extensions>
          <ns3:TrackPointExtension>
            <ns3:hr>119</ns3:hr>
            <ns3:cad>92</ns3:cad>
          </ns3:TrackPointExtension>
        </extensions>
      </trkpt>
      <trkpt lat="31.48649177514016628265380859375" lon="121.1657130718231201171875">
        <ele>4.400000095367431640625</ele>
        <time>2026-09-15T22:23:10.000Z</time>
        <extensions>
          <ns3:TrackPointExtension>
            <ns3:hr>118</ns3:hr>
            <ns3:cad>92</ns3:cad>
          </ns3:TrackPointExtension>
        </extensions>
      </trkpt>
      <trkpt lat="31.48646838963031768798828125" lon="121.1657236330211162567138671875">
        <ele>4.400000095367431640625</ele>
        <time>2026-09-15T22:23:11.000Z</time>
        <extensions>
          <ns3:TrackPointExtension>
            <ns3:hr>119</ns3:hr>
            <ns3:cad>91</ns3:cad>
          </ns3:TrackPointExtension>
        </extensions>
      </trkpt>
      <trkpt lat="31.48645388893783092498779296875" lon="121.16574064828455448150634765625">
        <ele>4.400000095367431640625</ele>
        <time>2026-09-15T22:23:12.000Z</time>
        <extensions>
          <ns3:TrackPointExtension>
            <ns3:hr>119</ns3:hr>
            <ns3:cad>91</ns3:cad>
          </ns3:TrackPointExtension>
        </extensions>
      </trkpt>
      <trkpt lat="31.48643528111279010772705078125" lon="121.16575204767286777496337890625">
        <ele>4.400000095367431640625</ele>
        <time>2026-09-15T22:23:13.000Z</time>
        <extensions>
          <ns3:TrackPointExtension>
            <ns3:hr>119</ns3:hr>
            <ns3:cad>92</ns3:cad>
          </ns3:TrackPointExtension>
        </extensions>
      </trkpt>
      <trkpt lat="31.48641650564968585968017578125" lon="121.16576797328889369964599609375">
        <ele>4.400000095367431640625</ele>
        <time>2026-09-15T22:23:14.000Z</time>
        <extensions>
          <ns3:TrackPointExtension>
            <ns3:hr>119</ns3:hr>
            <ns3:cad>92</ns3:cad>
          </ns3:TrackPointExtension>
        </extensions>
      </trkpt>
      <trkpt lat="31.4863994903862476348876953125" lon="121.16578222252428531646728515625">
        <ele>4.400000095367431640625</ele>
        <time>2026-09-15T22:23:15.000Z</time>
        <extensions>
          <ns3:TrackPointExtension>
            <ns3:hr>118</ns3:hr>
            <ns3:cad>92</ns3:cad>
          </ns3:TrackPointExtension>
        </extensions>
      </trkpt>
      <trkpt lat="31.4863746799528598785400390625" lon="121.1658010818064212799072265625">
        <ele>4.19999980926513671875</ele>
        <time>2026-09-15T22:23:16.000Z</time>
        <extensions>
          <ns3:TrackPointExtension>
            <ns3:hr>119</ns3:hr>
            <ns3:cad>93</ns3:cad>
          </ns3:TrackPointExtension>
        </extensions>
      </trkpt>
      <trkpt lat="31.4863617718219757080078125" lon="121.165817677974700927734375">
        <ele>4.19999980926513671875</ele>
        <time>2026-09-15T22:23:17.000Z</time>
        <extensions>
          <ns3:TrackPointExtension>
            <ns3:hr>119</ns3:hr>
            <ns3:cad>93</ns3:cad>
          </ns3:TrackPointExtension>
        </extensions>
      </trkpt>
      <trkpt lat="31.48633897304534912109375" lon="121.1658359505236148834228515625">
        <ele>4.19999980926513671875</ele>
        <time>2026-09-15T22:23:18.000Z</time>
        <extensions>
          <ns3:TrackPointExtension>
            <ns3:hr>118</ns3:hr>
            <ns3:cad>92</ns3:cad>
          </ns3:TrackPointExtension>
        </extensions>
      </trkpt>
      <trkpt lat="31.486326567828655242919921875" lon="121.16585413925349712371826171875">
        <ele>4.19999980926513671875</ele>
        <time>2026-09-15T22:23:19.000Z</time>
        <extensions>
          <ns3:TrackPointExtension>
            <ns3:hr>118</ns3:hr>
            <ns3:cad>92</ns3:cad>
          </ns3:TrackPointExtension>
        </extensions>
      </trkpt>
      <trkpt lat="31.4862999133765697479248046875" lon="121.16587392054498195648193359375">
        <ele>4.19999980926513671875</ele>
        <time>2026-09-15T22:23:20.000Z</time>
        <extensions>
          <ns3:TrackPointExtension>
            <ns3:hr>118</ns3:hr>
            <ns3:cad>92</ns3:cad>
          </ns3:TrackPointExtension>
        </extensions>
      </trkpt>
      <trkpt lat="31.48628558032214641571044921875" lon="121.16589135490357875823974609375">
        <ele>4.19999980926513671875</ele>
        <time>2026-09-15T22:23:21.000Z</time>
        <extensions>
          <ns3:TrackPointExtension>
            <ns3:hr>118</ns3:hr>
            <ns3:cad>92</ns3:cad>
          </ns3:TrackPointExtension>
        </extensions>
      </trkpt>
      <trkpt lat="31.4862569980323314666748046875" lon="121.165902502834796905517578125">
        <ele>4.19999980926513671875</ele>
        <time>2026-09-15T22:23:22.000Z</time>
        <extensions>
          <ns3:TrackPointExtension>
            <ns3:hr>119</ns3:hr>
            <ns3:cad>93</ns3:cad>
          </ns3:TrackPointExtension>
        </extensions>
      </trkpt>
      <trkpt lat="31.4862412400543689727783203125" lon="121.1659182608127593994140625">
        <ele>4.19999980926513671875</ele>
        <time>2026-09-15T22:23:23.000Z</time>
        <extensions>
          <ns3:TrackPointExtension>
            <ns3:hr>118</ns3:hr>
            <ns3:cad>93</ns3:cad>
          </ns3:TrackPointExtension>
        </extensions>
      </trkpt>
      <trkpt lat="31.4862147532403469085693359375" lon="121.1659284867346286773681640625">
        <ele>4.19999980926513671875</ele>
        <time>2026-09-15T22:23:24.000Z</time>
        <extensions>
          <ns3:TrackPointExtension>
            <ns3:hr>118</ns3:hr>
            <ns3:cad>92</ns3:cad>
          </ns3:TrackPointExtension>
        </extensions>
      </trkpt>
      <trkpt lat="31.486202515661716461181640625" lon="121.16594709455966949462890625">
        <ele>4.19999980926513671875</ele>
        <time>2026-09-15T22:23:25.000Z</time>
        <extensions>
          <ns3:TrackPointExtension>
            <ns3:hr>119</ns3:hr>
            <ns3:cad>92</ns3:cad>
          </ns3:TrackPointExtension>
        </extensions>
      </trkpt>
      <trkpt lat="31.4861798845231533050537109375" lon="121.165957152843475341796875">
        <ele>4.19999980926513671875</ele>
        <time>2026-09-15T22:23:26.000Z</time>
        <extensions>
          <ns3:TrackPointExtension>
            <ns3:hr>118</ns3:hr>
            <ns3:cad>92</ns3:cad>
          </ns3:TrackPointExtension>
        </extensions>
      </trkpt>
      <trkpt lat="31.4861637912690639495849609375" lon="121.16596980951726436614990234375">
        <ele>4.19999980926513671875</ele>
        <time>2026-09-15T22:23:27.000Z</time>
        <extensions>
          <ns3:TrackPointExtension>
            <ns3:hr>118</ns3:hr>
            <ns3:cad>91</ns3:cad>
          </ns3:TrackPointExtension>
        </extensions>
      </trkpt>
      <trkpt lat="31.48614577017724514007568359375" lon="121.16598053835332393646240234375">
        <ele>4.19999980926513671875</ele>
        <time>2026-09-15T22:23:28.000Z</time>
        <extensions>
          <ns3:TrackPointExtension>
            <ns3:hr>118</ns3:hr>
            <ns3:cad>91</ns3:cad>
          </ns3:TrackPointExtension>
        </extensions>
      </trkpt>
      <trkpt lat="31.4861292578279972076416015625" lon="121.16599361412227153778076171875">
        <ele>4.19999980926513671875</ele>
        <time>2026-09-15T22:23:29.000Z</time>
        <extensions>
          <ns3:TrackPointExtension>
            <ns3:hr>119</ns3:hr>
            <ns3:cad>92</ns3:cad>
          </ns3:TrackPointExtension>
        </extensions>
      </trkpt>
      <trkpt lat="31.486111991107463836669921875" lon="121.1660089530050754547119140625">
        <ele>4.19999980926513671875</ele>
        <time>2026-09-15T22:23:30.000Z</time>
        <extensions>
          <ns3:TrackPointExtension>
            <ns3:hr>118</ns3:hr>
            <ns3:cad>93</ns3:cad>
          </ns3:TrackPointExtension>
        </extensions>
      </trkpt>
      <trkpt lat="31.48609019815921783447265625" lon="121.166025884449481964111328125">
        <ele>4.19999980926513671875</ele>
        <time>2026-09-15T22:23:31.000Z</time>
        <extensions>
          <ns3:TrackPointExtension>
            <ns3:hr>118</ns3:hr>
            <ns3:cad>93</ns3:cad>
          </ns3:TrackPointExtension>
        </extensions>
      </trkpt>
      <trkpt lat="31.48607569746673107147216796875" lon="121.16604507900774478912353515625">
        <ele>4.19999980926513671875</ele>
        <time>2026-09-15T22:23:32.000Z</time>
        <extensions>
          <ns3:TrackPointExtension>
            <ns3:hr>119</ns3:hr>
            <ns3:cad>93</ns3:cad>
          </ns3:TrackPointExtension>
        </extensions>
      </trkpt>
      <trkpt lat="31.48605122230947017669677734375" lon="121.16606050170958042144775390625">
        <ele>4.19999980926513671875</ele>
        <time>2026-09-15T22:23:33.000Z</time>
        <extensions>
          <ns3:TrackPointExtension>
            <ns3:hr>118</ns3:hr>
            <ns3:cad>93</ns3:cad>
          </ns3:TrackPointExtension>
        </extensions>
      </trkpt>
      <trkpt lat="31.4860343746840953826904296875" lon="121.1660780198872089385986328125">
        <ele>4</ele>
        <time>2026-09-15T22:23:34.000Z</time>
        <extensions>
          <ns3:TrackPointExtension>
            <ns3:hr>118</ns3:hr>
            <ns3:cad>92</ns3:cad>
          </ns3:TrackPointExtension>
        </extensions>
      </trkpt>
      <trkpt lat="31.48600663058459758758544921875" lon="121.1660941131412982940673828125">
        <ele>4</ele>
        <time>2026-09-15T22:23:35.000Z</time>
        <extensions>
          <ns3:TrackPointExtension>
            <ns3:hr>118</ns3:hr>
            <ns3:cad>92</ns3:cad>
          </ns3:TrackPointExtension>
        </extensions>
      </trkpt>
      <trkpt lat="31.485993973910808563232421875" lon="121.166110374033451080322265625">
        <ele>4</ele>
        <time>2026-09-15T22:23:36.000Z</time>
        <extensions>
          <ns3:TrackPointExtension>
            <ns3:hr>119</ns3:hr>
            <ns3:cad>92</ns3:cad>
          </ns3:TrackPointExtension>
        </extensions>
      </trkpt>
      <trkpt lat="31.485967151820659637451171875" lon="121.16612412035465240478515625">
        <ele>4</ele>
        <time>2026-09-15T22:23:37.000Z</time>
        <extensions>
          <ns3:TrackPointExtension>
            <ns3:hr>118</ns3:hr>
            <ns3:cad>92</ns3:cad>
          </ns3:TrackPointExtension>
        </extensions>
      </trkpt>
      <trkpt lat="31.4859529025852680206298828125" lon="121.1661387048661708831787109375">
        <ele>4</ele>
        <time>2026-09-15T22:23:38.000Z</time>
        <extensions>
          <ns3:TrackPointExtension>
            <ns3:hr>118</ns3:hr>
            <ns3:cad>92</ns3:cad>
          </ns3:TrackPointExtension>
        </extensions>
      </trkpt>
      <trkpt lat="31.48592658340930938720703125" lon="121.16615094244480133056640625">
        <ele>4</ele>
        <time>2026-09-15T22:23:39.000Z</time>
        <extensions>
          <ns3:TrackPointExtension>
            <ns3:hr>118</ns3:hr>
            <ns3:cad>92</ns3:cad>
          </ns3:TrackPointExtension>
        </extensions>
      </trkpt>
      <trkpt lat="31.4859084784984588623046875" lon="121.1661661975085735321044921875">
        <ele>4</ele>
        <time>2026-09-15T22:23:40.000Z</time>
        <extensions>
          <ns3:TrackPointExtension>
            <ns3:hr>118</ns3:hr>
            <ns3:cad>93</ns3:cad>
          </ns3:TrackPointExtension>
        </extensions>
      </trkpt>
      <trkpt lat="31.48588291369378566741943359375" lon="121.16617717780172824859619140625">
        <ele>4</ele>
        <time>2026-09-15T22:23:41.000Z</time>
        <extensions>
          <ns3:TrackPointExtension>
            <ns3:hr>117</ns3:hr>
            <ns3:cad>93</ns3:cad>
          </ns3:TrackPointExtension>
        </extensions>
      </trkpt>
      <trkpt lat="31.48586447350680828094482421875" lon="121.16619226522743701934814453125">
        <ele>4</ele>
        <time>2026-09-15T22:23:42.000Z</time>
        <extensions>
          <ns3:TrackPointExtension>
            <ns3:hr>117</ns3:hr>
            <ns3:cad>92</ns3:cad>
          </ns3:TrackPointExtension>
        </extensions>
      </trkpt>
      <trkpt lat="31.48584033362567424774169921875" lon="121.16620735265314579010009765625">
        <ele>4</ele>
        <time>2026-09-15T22:23:43.000Z</time>
        <extensions>
          <ns3:TrackPointExtension>
            <ns3:hr>117</ns3:hr>
            <ns3:cad>92</ns3:cad>
          </ns3:TrackPointExtension>
        </extensions>
      </trkpt>
      <trkpt lat="31.485821306705474853515625" lon="121.16622470319271087646484375">
        <ele>4</ele>
        <time>2026-09-15T22:23:44.000Z</time>
        <extensions>
          <ns3:TrackPointExtension>
            <ns3:hr>117</ns3:hr>
            <ns3:cad>93</ns3:cad>
          </ns3:TrackPointExtension>
        </extensions>
      </trkpt>
      <trkpt lat="31.48580362088978290557861328125" lon="121.166242472827434539794921875">
        <ele>4</ele>
        <time>2026-09-15T22:23:45.000Z</time>
        <extensions>
          <ns3:TrackPointExtension>
            <ns3:hr>116</ns3:hr>
            <ns3:cad>93</ns3:cad>
          </ns3:TrackPointExtension>
        </extensions>
      </trkpt>
      <trkpt lat="31.48577948100864887237548828125" lon="121.16625546477735042572021484375">
        <ele>4.19999980926513671875</ele>
        <time>2026-09-15T22:23:46.000Z</time>
        <extensions>
          <ns3:TrackPointExtension>
            <ns3:hr>116</ns3:hr>
            <ns3:cad>93</ns3:cad>
          </ns3:TrackPointExtension>
        </extensions>
      </trkpt>
      <trkpt lat="31.485766656696796417236328125" lon="121.1662701331079006195068359375">
        <ele>4</ele>
        <time>2026-09-15T22:23:47.000Z</time>
        <extensions>
          <ns3:TrackPointExtension>
            <ns3:hr>116</ns3:hr>
            <ns3:cad>94</ns3:cad>
          </ns3:TrackPointExtension>
        </extensions>
      </trkpt>
      <trkpt lat="31.485745199024677276611328125" lon="121.16628530435264110565185546875">
        <ele>4</ele>
        <time>2026-09-15T22:23:48.000Z</time>
        <extensions>
          <ns3:TrackPointExtension>
            <ns3:hr>117</ns3:hr>
            <ns3:cad>94</ns3:cad>
          </ns3:TrackPointExtension>
        </extensions>
      </trkpt>
      <trkpt lat="31.48573371581733226776123046875" lon="121.166300810873508453369140625">
        <ele>4</ele>
        <time>2026-09-15T22:23:49.000Z</time>
        <extensions>
          <ns3:TrackPointExtension>
            <ns3:hr>117</ns3:hr>
            <ns3:cad>94</ns3:cad>
          </ns3:TrackPointExtension>
        </extensions>
      </trkpt>
      <trkpt lat="31.4857088215649127960205078125" lon="121.16631195880472660064697265625">
        <ele>4</ele>
        <time>2026-09-15T22:23:50.000Z</time>
        <extensions>
          <ns3:TrackPointExtension>
            <ns3:hr>116</ns3:hr>
            <ns3:cad>94</ns3:cad>
          </ns3:TrackPointExtension>
        </extensions>
      </trkpt>
      <trkpt lat="31.485696919262409210205078125" lon="121.16632704623043537139892578125">
        <ele>3.7999999523162841796875</ele>
        <time>2026-09-15T22:23:51.000Z</time>
        <extensions>
          <ns3:TrackPointExtension>
            <ns3:hr>116</ns3:hr>
            <ns3:cad>94</ns3:cad>
          </ns3:TrackPointExtension>
        </extensions>
      </trkpt>
      <trkpt lat="31.48567068390548229217529296875" lon="121.16633794270455837249755859375">
        <ele>4</ele>
        <time>2026-09-15T22:23:52.000Z</time>
        <extensions>
          <ns3:TrackPointExtension>
            <ns3:hr>116</ns3:hr>
            <ns3:cad>93</ns3:cad>
          </ns3:TrackPointExtension>
        </extensions>
      </trkpt>
      <trkpt lat="31.48565174080431461334228515625" lon="121.16635571233928203582763671875">
        <ele>4</ele>
        <time>2026-09-15T22:23:53.000Z</time>
        <extensions>
          <ns3:TrackPointExtension>
            <ns3:hr>116</ns3:hr>
            <ns3:cad>92</ns3:cad>
          </ns3:TrackPointExtension>
        </extensions>
      </trkpt>
      <trkpt lat="31.48563011549413204193115234375" lon="121.166363842785358428955078125">
        <ele>4</ele>
        <time>2026-09-15T22:23:54.000Z</time>
        <extensions>
          <ns3:TrackPointExtension>
            <ns3:hr>116</ns3:hr>
            <ns3:cad>92</ns3:cad>
          </ns3:TrackPointExtension>
        </extensions>
      </trkpt>
      <trkpt lat="31.48560916073620319366455078125" lon="121.1663760803639888763427734375">
        <ele>4</ele>
        <time>2026-09-15T22:23:55.000Z</time>
        <extensions>
          <ns3:TrackPointExtension>
            <ns3:hr>116</ns3:hr>
            <ns3:cad>93</ns3:cad>
          </ns3:TrackPointExtension>
        </extensions>
      </trkpt>
      <trkpt lat="31.48559021763503551483154296875" lon="121.16638354025781154632568359375">
        <ele>3.7999999523162841796875</ele>
        <time>2026-09-15T22:23:56.000Z</time>
        <extensions>
          <ns3:TrackPointExtension>
            <ns3:hr>117</ns3:hr>
            <ns3:cad>93</ns3:cad>
          </ns3:TrackPointExtension>
        </extensions>
      </trkpt>
      <trkpt lat="31.4855676703155040740966796875" lon="121.16639745421707630157470703125">
        <ele>3.7999999523162841796875</ele>
        <time>2026-09-15T22:23:57.000Z</time>
        <extensions>
          <ns3:TrackPointExtension>
            <ns3:hr>116</ns3:hr>
            <ns3:cad>93</ns3:cad>
          </ns3:TrackPointExtension>
        </extensions>
      </trkpt>
      <trkpt lat="31.4855505712330341339111328125" lon="121.16641153581440448760986328125">
        <ele>3.7999999523162841796875</ele>
        <time>2026-09-15T22:23:58.000Z</time>
        <extensions>
          <ns3:TrackPointExtension>
            <ns3:hr>116</ns3:hr>
            <ns3:cad>93</ns3:cad>
          </ns3:TrackPointExtension>
        </extensions>
      </trkpt>
      <trkpt lat="31.4855281077325344085693359375" lon="121.1664263717830181121826171875">
        <ele>3.7999999523162841796875</ele>
        <time>2026-09-15T22:23:59.000Z</time>
        <extensions>
          <ns3:TrackPointExtension>
            <ns3:hr>116</ns3:hr>
            <ns3:cad>92</ns3:cad>
          </ns3:TrackPointExtension>
        </extensions>
      </trkpt>
      <trkpt lat="31.48551293648779392242431640625" lon="121.16644187830388545989990234375">
        <ele>3.7999999523162841796875</ele>
        <time>2026-09-15T22:24:00.000Z</time>
        <extensions>
          <ns3:TrackPointExtension>
            <ns3:hr>116</ns3:hr>
            <ns3:cad>93</ns3:cad>
          </ns3:TrackPointExtension>
        </extensions>
      </trkpt>
      <trkpt lat="31.48548745550215244293212890625" lon="121.1664578877389430999755859375">
        <ele>3.599999904632568359375</ele>
        <time>2026-09-15T22:24:01.000Z</time>
        <extensions>
          <ns3:TrackPointExtension>
            <ns3:hr>116</ns3:hr>
            <ns3:cad>93</ns3:cad>
          </ns3:TrackPointExtension>
        </extensions>
      </trkpt>
      <trkpt lat="31.48547169752418994903564453125" lon="121.16647004149854183197021484375">
        <ele>3.599999904632568359375</ele>
        <time>2026-09-15T22:24:02.000Z</time>
        <extensions>
          <ns3:TrackPointExtension>
            <ns3:hr>116</ns3:hr>
            <ns3:cad>93</ns3:cad>
          </ns3:TrackPointExtension>
        </extensions>
      </trkpt>
      <trkpt lat="31.48544604890048503875732421875" lon="121.16648814640939235687255859375">
        <ele>3.599999904632568359375</ele>
        <time>2026-09-15T22:24:03.000Z</time>
        <extensions>
          <ns3:TrackPointExtension>
            <ns3:hr>115</ns3:hr>
            <ns3:cad>93</ns3:cad>
          </ns3:TrackPointExtension>
        </extensions>
      </trkpt>
      <trkpt lat="31.48543381132185459136962890625" lon="121.1665061675012111663818359375">
        <ele>3.599999904632568359375</ele>
        <time>2026-09-15T22:24:04.000Z</time>
        <extensions>
          <ns3:TrackPointExtension>
            <ns3:hr>115</ns3:hr>
            <ns3:cad>93</ns3:cad>
          </ns3:TrackPointExtension>
        </extensions>
      </trkpt>
      <trkpt lat="31.48540849797427654266357421875" lon="121.16651865653693675994873046875">
        <ele>3.599999904632568359375</ele>
        <time>2026-09-15T22:24:05.000Z</time>
        <extensions>
          <ns3:TrackPointExtension>
            <ns3:hr>115</ns3:hr>
            <ns3:cad>93</ns3:cad>
          </ns3:TrackPointExtension>
        </extensions>
      </trkpt>
      <trkpt lat="31.48539659567177295684814453125" lon="121.16653223522007465362548828125">
        <ele>3.599999904632568359375</ele>
        <time>2026-09-15T22:24:06.000Z</time>
        <extensions>
          <ns3:TrackPointExtension>
            <ns3:hr>115</ns3:hr>
            <ns3:cad>93</ns3:cad>
          </ns3:TrackPointExtension>
        </extensions>
      </trkpt>
      <trkpt lat="31.48537614382803440093994140625" lon="121.1665453948080539703369140625">
        <ele>3.599999904632568359375</ele>
        <time>2026-09-15T22:24:07.000Z</time>
        <extensions>
          <ns3:TrackPointExtension>
            <ns3:hr>115</ns3:hr>
            <ns3:cad>92</ns3:cad>
          </ns3:TrackPointExtension>
        </extensions>
      </trkpt>
      <trkpt lat="31.4853638224303722381591796875" lon="121.1665624938905239105224609375">
        <ele>3.599999904632568359375</ele>
        <time>2026-09-15T22:24:08.000Z</time>
        <extensions>
          <ns3:TrackPointExtension>
            <ns3:hr>115</ns3:hr>
            <ns3:cad>92</ns3:cad>
          </ns3:TrackPointExtension>
        </extensions>
      </trkpt>
      <trkpt lat="31.48534328676760196685791015625" lon="121.16657163016498088836669921875">
        <ele>3.599999904632568359375</ele>
        <time>2026-09-15T22:24:09.000Z</time>
        <extensions>
          <ns3:TrackPointExtension>
            <ns3:hr>115</ns3:hr>
            <ns3:cad>92</ns3:cad>
          </ns3:TrackPointExtension>
        </extensions>
      </trkpt>
      <trkpt lat="31.48533138446509838104248046875" lon="121.1665873043239116668701171875">
        <ele>3.599999904632568359375</ele>
        <time>2026-09-15T22:24:10.000Z</time>
        <extensions>
          <ns3:TrackPointExtension>
            <ns3:hr>116</ns3:hr>
            <ns3:cad>92</ns3:cad>
          </ns3:TrackPointExtension>
        </extensions>
      </trkpt>
      <trkpt lat="31.48531260900199413299560546875" lon="121.16659660823643207550048828125">
        <ele>3.599999904632568359375</ele>
        <time>2026-09-15T22:24:11.000Z</time>
        <extensions>
          <ns3:TrackPointExtension>
            <ns3:hr>116</ns3:hr>
            <ns3:cad>93</ns3:cad>
          </ns3:TrackPointExtension>
        </extensions>
      </trkpt>
      <trkpt lat="31.48529768921434879302978515625" lon="121.166615299880504608154296875">
        <ele>3.400000095367431640625</ele>
        <time>2026-09-15T22:24:12.000Z</time>
        <extensions>
          <ns3:TrackPointExtension>
            <ns3:hr>116</ns3:hr>
            <ns3:cad>93</ns3:cad>
          </ns3:TrackPointExtension>
        </extensions>
      </trkpt>
      <trkpt lat="31.48528075776994228363037109375" lon="121.1666268669068813323974609375">
        <ele>3.400000095367431640625</ele>
        <time>2026-09-15T22:24:13.000Z</time>
        <extensions>
          <ns3:TrackPointExtension>
            <ns3:hr>116</ns3:hr>
            <ns3:cad>92</ns3:cad>
          </ns3:TrackPointExtension>
        </extensions>
      </trkpt>
      <trkpt lat="31.4852615632116794586181640625" lon="121.16664254106581211090087890625">
        <ele>3.400000095367431640625</ele>
        <time>2026-09-15T22:24:14.000Z</time>
        <extensions>
          <ns3:TrackPointExtension>
            <ns3:hr>116</ns3:hr>
            <ns3:cad>91</ns3:cad>
          </ns3:TrackPointExtension>
        </extensions>
      </trkpt>
      <trkpt lat="31.485244296491146087646484375" lon="121.166654862463474273681640625">
        <ele>3.400000095367431640625</ele>
        <time>2026-09-15T22:24:15.000Z</time>
        <extensions>
          <ns3:TrackPointExtension>
            <ns3:hr>116</ns3:hr>
            <ns3:cad>92</ns3:cad>
          </ns3:TrackPointExtension>
        </extensions>
      </trkpt>
      <trkpt lat="31.4852218329906463623046875" lon="121.1666721291840076446533203125">
        <ele>3.400000095367431640625</ele>
        <time>2026-09-15T22:24:16.000Z</time>
        <extensions>
          <ns3:TrackPointExtension>
            <ns3:hr>116</ns3:hr>
            <ns3:cad>92</ns3:cad>
          </ns3:TrackPointExtension>
        </extensions>
      </trkpt>
      <trkpt lat="31.48520381189882755279541015625" lon="121.166687719523906707763671875">
        <ele>3.400000095367431640625</ele>
        <time>2026-09-15T22:24:17.000Z</time>
        <extensions>
          <ns3:TrackPointExtension>
            <ns3:hr>115</ns3:hr>
            <ns3:cad>93</ns3:cad>
          </ns3:TrackPointExtension>
        </extensions>
      </trkpt>
      <trkpt lat="31.485179252922534942626953125" lon="121.16670322604477405548095703125">
        <ele>3.400000095367431640625</ele>
        <time>2026-09-15T22:24:18.000Z</time>
        <extensions>
          <ns3:TrackPointExtension>
            <ns3:hr>114</ns3:hr>
            <ns3:cad>93</ns3:cad>
          </ns3:TrackPointExtension>
        </extensions>
      </trkpt>
      <trkpt lat="31.4851643331348896026611328125" lon="121.16671747528016567230224609375">
        <ele>3.400000095367431640625</ele>
        <time>2026-09-15T22:24:19.000Z</time>
        <extensions>
          <ns3:TrackPointExtension>
            <ns3:hr>114</ns3:hr>
            <ns3:cad>93</ns3:cad>
          </ns3:TrackPointExtension>
        </extensions>
      </trkpt>
      <trkpt lat="31.48513591848313808441162109375" lon="121.16672988049685955047607421875">
        <ele>3.400000095367431640625</ele>
        <time>2026-09-15T22:24:20.000Z</time>
        <extensions>
          <ns3:TrackPointExtension>
            <ns3:hr>114</ns3:hr>
            <ns3:cad>91</ns3:cad>
          </ns3:TrackPointExtension>
        </extensions>
      </trkpt>
      <trkpt lat="31.4851227588951587677001953125" lon="121.16674949415028095245361328125">
        <ele>3.400000095367431640625</ele>
        <time>2026-09-15T22:24:21.000Z</time>
        <extensions>
          <ns3:TrackPointExtension>
            <ns3:hr>113</ns3:hr>
            <ns3:cad>91</ns3:cad>
          </ns3:TrackPointExtension>
        </extensions>
      </trkpt>
      <trkpt lat="31.4850979484617710113525390625" lon="121.166760809719562530517578125">
        <ele>3.2000000476837158203125</ele>
        <time>2026-09-15T22:24:22.000Z</time>
        <extensions>
          <ns3:TrackPointExtension>
            <ns3:hr>113</ns3:hr>
            <ns3:cad>92</ns3:cad>
          </ns3:TrackPointExtension>
        </extensions>
      </trkpt>
      <trkpt lat="31.48508177138864994049072265625" lon="121.1667764000594615936279296875">
        <ele>3.2000000476837158203125</ele>
        <time>2026-09-15T22:24:23.000Z</time>
        <extensions>
          <ns3:TrackPointExtension>
            <ns3:hr>113</ns3:hr>
            <ns3:cad>92</ns3:cad>
          </ns3:TrackPointExtension>
        </extensions>
      </trkpt>
      <trkpt lat="31.48505796678364276885986328125" lon="121.16678771562874317169189453125">
        <ele>3.2000000476837158203125</ele>
        <time>2026-09-15T22:24:24.000Z</time>
        <extensions>
          <ns3:TrackPointExtension>
            <ns3:hr>113</ns3:hr>
            <ns3:cad>92</ns3:cad>
          </ns3:TrackPointExtension>
        </extensions>
      </trkpt>
      <trkpt lat="31.48504086770117282867431640625" lon="121.166804730892181396484375">
        <ele>3.2000000476837158203125</ele>
        <time>2026-09-15T22:24:25.000Z</time>
        <extensions>
          <ns3:TrackPointExtension>
            <ns3:hr>112</ns3:hr>
            <ns3:cad>92</ns3:cad>
          </ns3:TrackPointExtension>
        </extensions>
      </trkpt>
      <trkpt lat="31.48501974530518054962158203125" lon="121.16681688465178012847900390625">
        <ele>3.2000000476837158203125</ele>
        <time>2026-09-15T22:24:26.000Z</time>
        <extensions>
          <ns3:TrackPointExtension>
            <ns3:hr>112</ns3:hr>
            <ns3:cad>92</ns3:cad>
          </ns3:TrackPointExtension>
        </extensions>
      </trkpt>
      <trkpt lat="31.484999544918537139892578125" lon="121.1668340675532817840576171875">
        <ele>3.2000000476837158203125</ele>
        <time>2026-09-15T22:24:27.000Z</time>
        <extensions>
          <ns3:TrackPointExtension>
            <ns3:hr>112</ns3:hr>
            <ns3:cad>92</ns3:cad>
          </ns3:TrackPointExtension>
        </extensions>
      </trkpt>
      <trkpt lat="31.48498118855059146881103515625" lon="121.16684521548449993133544921875">
        <ele>3.2000000476837158203125</ele>
        <time>2026-09-15T22:24:28.000Z</time>
        <extensions>
          <ns3:TrackPointExtension>
            <ns3:hr>112</ns3:hr>
            <ns3:cad>93</ns3:cad>
          </ns3:TrackPointExtension>
        </extensions>
      </trkpt>
      <trkpt lat="31.4849584735929965972900390625" lon="121.16686038672924041748046875">
        <ele>3.2000000476837158203125</ele>
        <time>2026-09-15T22:24:29.000Z</time>
        <extensions>
          <ns3:TrackPointExtension>
            <ns3:hr>112</ns3:hr>
            <ns3:cad>92</ns3:cad>
          </ns3:TrackPointExtension>
        </extensions>
      </trkpt>
      <trkpt lat="31.484941206872463226318359375" lon="121.16687304340302944183349609375">
        <ele>3.2000000476837158203125</ele>
        <time>2026-09-15T22:24:30.000Z</time>
        <extensions>
          <ns3:TrackPointExtension>
            <ns3:hr>111</ns3:hr>
            <ns3:cad>92</ns3:cad>
          </ns3:TrackPointExtension>
        </extensions>
      </trkpt>
      <trkpt lat="31.48491849191486835479736328125" lon="121.16688880138099193572998046875">
        <ele>3</ele>
        <time>2026-09-15T22:24:31.000Z</time>
        <extensions>
          <ns3:TrackPointExtension>
            <ns3:hr>111</ns3:hr>
            <ns3:cad>92</ns3:cad>
          </ns3:TrackPointExtension>
        </extensions>
      </trkpt>
      <trkpt lat="31.48490600287914276123046875" lon="121.16690455935895442962646484375">
        <ele>3</ele>
        <time>2026-09-15T22:24:32.000Z</time>
        <extensions>
          <ns3:TrackPointExtension>
            <ns3:hr>111</ns3:hr>
            <ns3:cad>92</ns3:cad>
          </ns3:TrackPointExtension>
        </extensions>
      </trkpt>
      <trkpt lat="31.48488261736929416656494140625" lon="121.16691939532756805419921875">
        <ele>3</ele>
        <time>2026-09-15T22:24:33.000Z</time>
        <extensions>
          <ns3:TrackPointExtension>
            <ns3:hr>111</ns3:hr>
            <ns3:cad>92</ns3:cad>
          </ns3:TrackPointExtension>
        </extensions>
      </trkpt>
      <trkpt lat="31.48486870341002941131591796875" lon="121.16693506948649883270263671875">
        <ele>3</ele>
        <time>2026-09-15T22:24:34.000Z</time>
        <extensions>
          <ns3:TrackPointExtension>
            <ns3:hr>111</ns3:hr>
            <ns3:cad>92</ns3:cad>
          </ns3:TrackPointExtension>
        </extensions>
      </trkpt>
      <trkpt lat="31.484842635691165924072265625" lon="121.16694797761738300323486328125">
        <ele>3</ele>
        <time>2026-09-15T22:24:35.000Z</time>
        <extensions>
          <ns3:TrackPointExtension>
            <ns3:hr>111</ns3:hr>
            <ns3:cad>93</ns3:cad>
          </ns3:TrackPointExtension>
        </extensions>
      </trkpt>
      <trkpt lat="31.4848277159035205841064453125" lon="121.16696189157664775848388671875">
        <ele>3</ele>
        <time>2026-09-15T22:24:36.000Z</time>
        <extensions>
          <ns3:TrackPointExtension>
            <ns3:hr>112</ns3:hr>
            <ns3:cad>93</ns3:cad>
          </ns3:TrackPointExtension>
        </extensions>
      </trkpt>
      <trkpt lat="31.48480097763240337371826171875" lon="121.16696960292756557464599609375">
        <ele>3</ele>
        <time>2026-09-15T22:24:37.000Z</time>
        <extensions>
          <ns3:TrackPointExtension>
            <ns3:hr>112</ns3:hr>
            <ns3:cad>93</ns3:cad>
          </ns3:TrackPointExtension>
        </extensions>
      </trkpt>
      <trkpt lat="31.48478270508348941802978515625" lon="121.166985444724559783935546875">
        <ele>2.7999999523162841796875</ele>
        <time>2026-09-15T22:24:38.000Z</time>
        <extensions>
          <ns3:TrackPointExtension>
            <ns3:hr>112</ns3:hr>
            <ns3:cad>92</ns3:cad>
          </ns3:TrackPointExtension>
        </extensions>
      </trkpt>
      <trkpt lat="31.4847593195736408233642578125" lon="121.16699558682739734649658203125">
        <ele>2.7999999523162841796875</ele>
        <time>2026-09-15T22:24:39.000Z</time>
        <extensions>
          <ns3:TrackPointExtension>
            <ns3:hr>112</ns3:hr>
            <ns3:cad>91</ns3:cad>
          </ns3:TrackPointExtension>
        </extensions>
      </trkpt>
      <trkpt lat="31.4847418852150440216064453125" lon="121.16700916551053524017333984375">
        <ele>2.7999999523162841796875</ele>
        <time>2026-09-15T22:24:40.000Z</time>
        <extensions>
          <ns3:TrackPointExtension>
            <ns3:hr>113</ns3:hr>
            <ns3:cad>91</ns3:cad>
          </ns3:TrackPointExtension>
        </extensions>
      </trkpt>
      <trkpt lat="31.4847207628190517425537109375" lon="121.16701637394726276397705078125">
        <ele>2.7999999523162841796875</ele>
        <time>2026-09-15T22:24:41.000Z</time>
        <extensions>
          <ns3:TrackPointExtension>
            <ns3:hr>113</ns3:hr>
            <ns3:cad>91</ns3:cad>
          </ns3:TrackPointExtension>
        </extensions>
      </trkpt>
      <trkpt lat="31.48470240645110607147216796875" lon="121.16703028790652751922607421875">
        <ele>2.7999999523162841796875</ele>
        <time>2026-09-15T22:24:42.000Z</time>
        <extensions>
          <ns3:TrackPointExtension>
            <ns3:hr>114</ns3:hr>
            <ns3:cad>93</ns3:cad>
          </ns3:TrackPointExtension>
        </extensions>
      </trkpt>
      <trkpt lat="31.4846872352063655853271484375" lon="121.1670429445803165435791015625">
        <ele>2.7999999523162841796875</ele>
        <time>2026-09-15T22:24:43.000Z</time>
        <extensions>
          <ns3:TrackPointExtension>
            <ns3:hr>114</ns3:hr>
            <ns3:cad>93</ns3:cad>
          </ns3:TrackPointExtension>
        </extensions>
      </trkpt>
      <trkpt lat="31.484665609896183013916015625" lon="121.16705928929150104522705078125">
        <ele>2.7999999523162841796875</ele>
        <time>2026-09-15T22:24:44.000Z</time>
        <extensions>
          <ns3:TrackPointExtension>
            <ns3:hr>114</ns3:hr>
            <ns3:cad>93</ns3:cad>
          </ns3:TrackPointExtension>
        </extensions>
      </trkpt>
      <trkpt lat="31.484649516642093658447265625" lon="121.1670724488794803619384765625">
        <ele>2.7999999523162841796875</ele>
        <time>2026-09-15T22:24:45.000Z</time>
        <extensions>
          <ns3:TrackPointExtension>
            <ns3:hr>115</ns3:hr>
            <ns3:cad>93</ns3:cad>
          </ns3:TrackPointExtension>
        </extensions>
      </trkpt>
      <trkpt lat="31.484627388417720794677734375" lon="121.1670841835439205169677734375">
        <ele>2.7999999523162841796875</ele>
        <time>2026-09-15T22:24:46.000Z</time>
        <extensions>
          <ns3:TrackPointExtension>
            <ns3:hr>114</ns3:hr>
            <ns3:cad>93</ns3:cad>
          </ns3:TrackPointExtension>
        </extensions>
      </trkpt>
      <trkpt lat="31.48461095988750457763671875" lon="121.1670970916748046875">
        <ele>3</ele>
        <time>2026-09-15T22:24:47.000Z</time>
        <extensions>
          <ns3:TrackPointExtension>
            <ns3:hr>114</ns3:hr>
            <ns3:cad>92</ns3:cad>
          </ns3:TrackPointExtension>
        </extensions>
      </trkpt>
      <trkpt lat="31.48458891548216342926025390625" lon="121.16711192764341831207275390625">
        <ele>3</ele>
        <time>2026-09-15T22:24:48.000Z</time>
        <extensions>
          <ns3:TrackPointExtension>
            <ns3:hr>115</ns3:hr>
            <ns3:cad>92</ns3:cad>
          </ns3:TrackPointExtension>
        </extensions>
      </trkpt>
      <trkpt lat="31.484576426446437835693359375" lon="121.1671270988881587982177734375">
        <ele>3</ele>
        <time>2026-09-15T22:24:49.000Z</time>
        <extensions>
          <ns3:TrackPointExtension>
            <ns3:hr>114</ns3:hr>
            <ns3:cad>92</ns3:cad>
          </ns3:TrackPointExtension>
        </extensions>
      </trkpt>
      <trkpt lat="31.48455153219401836395263671875" lon="121.1671408452093601226806640625">
        <ele>3</ele>
        <time>2026-09-15T22:24:50.000Z</time>
        <extensions>
          <ns3:TrackPointExtension>
            <ns3:hr>114</ns3:hr>
            <ns3:cad>92</ns3:cad>
          </ns3:TrackPointExtension>
        </extensions>
      </trkpt>
      <trkpt lat="31.48453778587281703948974609375" lon="121.16715551353991031646728515625">
        <ele>3</ele>
        <time>2026-09-15T22:24:51.000Z</time>
        <extensions>
          <ns3:TrackPointExtension>
            <ns3:hr>114</ns3:hr>
            <ns3:cad>92</ns3:cad>
          </ns3:TrackPointExtension>
        </extensions>
      </trkpt>
      <trkpt lat="31.48451331071555614471435546875" lon="121.1671654880046844482421875">
        <ele>2.7999999523162841796875</ele>
        <time>2026-09-15T22:24:52.000Z</time>
        <extensions>
          <ns3:TrackPointExtension>
            <ns3:hr>115</ns3:hr>
            <ns3:cad>92</ns3:cad>
          </ns3:TrackPointExtension>
        </extensions>
      </trkpt>
      <trkpt lat="31.48449772037565708160400390625" lon="121.1671797372400760650634765625">
        <ele>2.7999999523162841796875</ele>
        <time>2026-09-15T22:24:53.000Z</time>
        <extensions>
          <ns3:TrackPointExtension>
            <ns3:hr>114</ns3:hr>
            <ns3:cad>93</ns3:cad>
          </ns3:TrackPointExtension>
        </extensions>
      </trkpt>
      <trkpt lat="31.484474502503871917724609375" lon="121.16718837060034275054931640625">
        <ele>2.7999999523162841796875</ele>
        <time>2026-09-15T22:24:54.000Z</time>
        <extensions>
          <ns3:TrackPointExtension>
            <ns3:hr>114</ns3:hr>
            <ns3:cad>93</ns3:cad>
          </ns3:TrackPointExtension>
        </extensions>
      </trkpt>
      <trkpt lat="31.4844582416117191314697265625" lon="121.16720345802605152130126953125">
        <ele>2.7999999523162841796875</ele>
        <time>2026-09-15T22:24:55.000Z</time>
        <extensions>
          <ns3:TrackPointExtension>
            <ns3:hr>114</ns3:hr>
            <ns3:cad>93</ns3:cad>
          </ns3:TrackPointExtension>
        </extensions>
      </trkpt>
      <trkpt lat="31.4844381250441074371337890625" lon="121.16721536032855510711669921875">
        <ele>3</ele>
        <time>2026-09-15T22:24:56.000Z</time>
        <extensions>
          <ns3:TrackPointExtension>
            <ns3:hr>114</ns3:hr>
            <ns3:cad>93</ns3:cad>
          </ns3:TrackPointExtension>
        </extensions>
      </trkpt>
      <trkpt lat="31.48442186415195465087890625" lon="121.167231537401676177978515625">
        <ele>3</ele>
        <time>2026-09-15T22:24:57.000Z</time>
        <extensions>
          <ns3:TrackPointExtension>
            <ns3:hr>115</ns3:hr>
            <ns3:cad>92</ns3:cad>
          </ns3:TrackPointExtension>
        </extensions>
      </trkpt>
      <trkpt lat="31.48440065793693065643310546875" lon="121.16724260151386260986328125">
        <ele>3</ele>
        <time>2026-09-15T22:24:58.000Z</time>
        <extensions>
          <ns3:TrackPointExtension>
            <ns3:hr>114</ns3:hr>
            <ns3:cad>93</ns3:cad>
          </ns3:TrackPointExtension>
        </extensions>
      </trkpt>
      <trkpt lat="31.4843804575502872467041015625" lon="121.16725995205342769622802734375">
        <ele>3</ele>
        <time>2026-09-15T22:24:59.000Z</time>
        <extensions>
          <ns3:TrackPointExtension>
            <ns3:hr>114</ns3:hr>
            <ns3:cad>92</ns3:cad>
          </ns3:TrackPointExtension>
        </extensions>
      </trkpt>
      <trkpt lat="31.48435883224010467529296875" lon="121.16727076470851898193359375">
        <ele>2.7999999523162841796875</ele>
        <time>2026-09-15T22:25:00.000Z</time>
        <extensions>
          <ns3:TrackPointExtension>
            <ns3:hr>114</ns3:hr>
            <ns3:cad>92</ns3:cad>
          </ns3:TrackPointExtension>
        </extensions>
      </trkpt>
      <trkpt lat="31.48433879949152469635009765625" lon="121.16728694178164005279541015625">
        <ele>2.7999999523162841796875</ele>
        <time>2026-09-15T22:25:01.000Z</time>
        <extensions>
          <ns3:TrackPointExtension>
            <ns3:hr>114</ns3:hr>
            <ns3:cad>92</ns3:cad>
          </ns3:TrackPointExtension>
        </extensions>
      </trkpt>
      <trkpt lat="31.4843234606087207794189453125" lon="121.16729917936027050018310546875">
        <ele>3</ele>
        <time>2026-09-15T22:25:02.000Z</time>
        <extensions>
          <ns3:TrackPointExtension>
            <ns3:hr>114</ns3:hr>
            <ns3:cad>92</ns3:cad>
          </ns3:TrackPointExtension>
        </extensions>
      </trkpt>
      <trkpt lat="31.48430292494595050811767578125" lon="121.16731510497629642486572265625">
        <ele>3</ele>
        <time>2026-09-15T22:25:03.000Z</time>
        <extensions>
          <ns3:TrackPointExtension>
            <ns3:hr>114</ns3:hr>
            <ns3:cad>92</ns3:cad>
          </ns3:TrackPointExtension>
        </extensions>
      </trkpt>
      <trkpt lat="31.48428775370121002197265625" lon="121.167326085269451141357421875">
        <ele>3</ele>
        <time>2026-09-15T22:25:04.000Z</time>
        <extensions>
          <ns3:TrackPointExtension>
            <ns3:hr>114</ns3:hr>
            <ns3:cad>92</ns3:cad>
          </ns3:TrackPointExtension>
        </extensions>
      </trkpt>
      <trkpt lat="31.48428775370121002197265625" lon="121.167326085269451141357421875">
        <ele>3</ele>
        <time>2026-09-15T22:25:05.000Z</time>
        <extensions>
          <ns3:TrackPointExtension>
            <ns3:hr>113</ns3:hr>
            <ns3:cad>92</ns3:cad>
          </ns3:TrackPointExtension>
        </extensions>
      </trkpt>
      <trkpt lat="31.48424643091857433319091796875" lon="121.16734880022704601287841796875">
        <ele>3</ele>
        <time>2026-09-15T22:25:06.000Z</time>
        <extensions>
          <ns3:TrackPointExtension>
            <ns3:hr>113</ns3:hr>
            <ns3:cad>92</ns3:cad>
          </ns3:TrackPointExtension>
        </extensions>
      </trkpt>
      <trkpt lat="31.4842285774648189544677734375" lon="121.16736472584307193756103515625">
        <ele>3</ele>
        <time>2026-09-15T22:25:07.000Z</time>
        <extensions>
          <ns3:TrackPointExtension>
            <ns3:hr>113</ns3:hr>
            <ns3:cad>92</ns3:cad>
          </ns3:TrackPointExtension>
        </extensions>
      </trkpt>
      <trkpt lat="31.48421189747750759124755859375" lon="121.16737528704106807708740234375">
        <ele>3</ele>
        <time>2026-09-15T22:25:08.000Z</time>
        <extensions>
          <ns3:TrackPointExtension>
            <ns3:hr>113</ns3:hr>
            <ns3:cad>90</ns3:cad>
          </ns3:TrackPointExtension>
        </extensions>
      </trkpt>
      <trkpt lat="31.4841923676431179046630859375" lon="121.1673886142671108245849609375">
        <ele>3.2000000476837158203125</ele>
        <time>2026-09-15T22:25:09.000Z</time>
        <extensions>
          <ns3:TrackPointExtension>
            <ns3:hr>113</ns3:hr>
            <ns3:cad>90</ns3:cad>
          </ns3:TrackPointExtension>
        </extensions>
      </trkpt>
      <trkpt lat="31.484176106750965118408203125" lon="121.16739548742771148681640625">
        <ele>3.2000000476837158203125</ele>
        <time>2026-09-15T22:25:10.000Z</time>
        <extensions>
          <ns3:TrackPointExtension>
            <ns3:hr>113</ns3:hr>
            <ns3:cad>89</ns3:cad>
          </ns3:TrackPointExtension>
        </extensions>
      </trkpt>
      <trkpt lat="31.4841538108885288238525390625" lon="121.1674016900360584259033203125">
        <ele>3.400000095367431640625</ele>
        <time>2026-09-15T22:25:11.000Z</time>
        <extensions>
          <ns3:TrackPointExtension>
            <ns3:hr>113</ns3:hr>
            <ns3:cad>89</ns3:cad>
          </ns3:TrackPointExtension>
        </extensions>
      </trkpt>
      <trkpt lat="31.48413394577801227569580078125" lon="121.16740487515926361083984375">
        <ele>3.400000095367431640625</ele>
        <time>2026-09-15T22:25:12.000Z</time>
        <extensions>
          <ns3:TrackPointExtension>
            <ns3:hr>113</ns3:hr>
            <ns3:cad>89</ns3:cad>
          </ns3:TrackPointExtension>
        </extensions>
      </trkpt>
      <trkpt lat="31.48410913534462451934814453125" lon="121.16740889847278594970703125">
        <ele>3.2000000476837158203125</ele>
        <time>2026-09-15T22:25:13.000Z</time>
        <extensions>
          <ns3:TrackPointExtension>
            <ns3:hr>113</ns3:hr>
            <ns3:cad>89</ns3:cad>
          </ns3:TrackPointExtension>
        </extensions>
      </trkpt>
      <trkpt lat="31.4840894378721714019775390625" lon="121.16741367615759372711181640625">
        <ele>3.2000000476837158203125</ele>
        <time>2026-09-15T22:25:14.000Z</time>
        <extensions>
          <ns3:TrackPointExtension>
            <ns3:hr>113</ns3:hr>
            <ns3:cad>89</ns3:cad>
          </ns3:TrackPointExtension>
        </extensions>
      </trkpt>
      <trkpt lat="31.48406454361975193023681640625" lon="121.1674171127378940582275390625">
        <ele>3.2000000476837158203125</ele>
        <time>2026-09-15T22:25:15.000Z</time>
        <extensions>
          <ns3:TrackPointExtension>
            <ns3:hr>113</ns3:hr>
            <ns3:cad>90</ns3:cad>
          </ns3:TrackPointExtension>
        </extensions>
      </trkpt>
      <trkpt lat="31.4840448461472988128662109375" lon="121.16742272861301898956298828125">
        <ele>3.2000000476837158203125</ele>
        <time>2026-09-15T22:25:16.000Z</time>
        <extensions>
          <ns3:TrackPointExtension>
            <ns3:hr>113</ns3:hr>
            <ns3:cad>90</ns3:cad>
          </ns3:TrackPointExtension>
        </extensions>
      </trkpt>
      <trkpt lat="31.48401995189487934112548828125" lon="121.16742306388914585113525390625">
        <ele>3.2000000476837158203125</ele>
        <time>2026-09-15T22:25:17.000Z</time>
        <extensions>
          <ns3:TrackPointExtension>
            <ns3:hr>113</ns3:hr>
            <ns3:cad>92</ns3:cad>
          </ns3:TrackPointExtension>
        </extensions>
      </trkpt>
      <trkpt lat="31.48400151170790195465087890625" lon="121.1674268357455730438232421875">
        <ele>3.2000000476837158203125</ele>
        <time>2026-09-15T22:25:18.000Z</time>
        <extensions>
          <ns3:TrackPointExtension>
            <ns3:hr>113</ns3:hr>
            <ns3:cad>92</ns3:cad>
          </ns3:TrackPointExtension>
        </extensions>
      </trkpt>
      <trkpt lat="31.48397686891257762908935546875" lon="121.16742339916527271270751953125">
        <ele>3.2000000476837158203125</ele>
        <time>2026-09-15T22:25:19.000Z</time>
        <extensions>
          <ns3:TrackPointExtension>
            <ns3:hr>113</ns3:hr>
            <ns3:cad>92</ns3:cad>
          </ns3:TrackPointExtension>
        </extensions>
      </trkpt>
      <trkpt lat="31.48395876400172710418701171875" lon="121.16743010468780994415283203125">
        <ele>3.2000000476837158203125</ele>
        <time>2026-09-15T22:25:20.000Z</time>
        <extensions>
          <ns3:TrackPointExtension>
            <ns3:hr>114</ns3:hr>
            <ns3:cad>92</ns3:cad>
          </ns3:TrackPointExtension>
        </extensions>
      </trkpt>
      <trkpt lat="31.4839308522641658782958984375" lon="121.16742038168013095855712890625">
        <ele>3</ele>
        <time>2026-09-15T22:25:21.000Z</time>
        <extensions>
          <ns3:TrackPointExtension>
            <ns3:hr>114</ns3:hr>
            <ns3:cad>92</ns3:cad>
          </ns3:TrackPointExtension>
        </extensions>
      </trkpt>
      <trkpt lat="31.4839127473533153533935546875" lon="121.16742440499365329742431640625">
        <ele>3</ele>
        <time>2026-09-15T22:25:22.000Z</time>
        <extensions>
          <ns3:TrackPointExtension>
            <ns3:hr>114</ns3:hr>
            <ns3:cad>92</ns3:cad>
          </ns3:TrackPointExtension>
        </extensions>
      </trkpt>
      <trkpt lat="31.4838835783302783966064453125" lon="121.16740730591118335723876953125">
        <ele>3</ele>
        <time>2026-09-15T22:25:23.000Z</time>
        <extensions>
          <ns3:TrackPointExtension>
            <ns3:hr>114</ns3:hr>
            <ns3:cad>92</ns3:cad>
          </ns3:TrackPointExtension>
        </extensions>
      </trkpt>
      <trkpt lat="31.4838634617626667022705078125" lon="121.16740680299699306488037109375">
        <ele>3</ele>
        <time>2026-09-15T22:25:24.000Z</time>
        <extensions>
          <ns3:TrackPointExtension>
            <ns3:hr>114</ns3:hr>
            <ns3:cad>92</ns3:cad>
          </ns3:TrackPointExtension>
        </extensions>
      </trkpt>
      <trkpt lat="31.48383756168186664581298828125" lon="121.16739037446677684783935546875">
        <ele>3</ele>
        <time>2026-09-15T22:25:25.000Z</time>
        <extensions>
          <ns3:TrackPointExtension>
            <ns3:hr>114</ns3:hr>
            <ns3:cad>92</ns3:cad>
          </ns3:TrackPointExtension>
        </extensions>
      </trkpt>
      <trkpt lat="31.48381576873362064361572265625" lon="121.16738383658230304718017578125">
        <ele>3</ele>
        <time>2026-09-15T22:25:26.000Z</time>
        <extensions>
          <ns3:TrackPointExtension>
            <ns3:hr>114</ns3:hr>
            <ns3:cad>92</ns3:cad>
          </ns3:TrackPointExtension>
        </extensions>
      </trkpt>
      <trkpt lat="31.48379766382277011871337890625" lon="121.16735952906310558319091796875">
        <ele>3</ele>
        <time>2026-09-15T22:25:27.000Z</time>
        <extensions>
          <ns3:TrackPointExtension>
            <ns3:hr>114</ns3:hr>
            <ns3:cad>93</ns3:cad>
          </ns3:TrackPointExtension>
        </extensions>
      </trkpt>
      <trkpt lat="31.48378777317702770233154296875" lon="121.1673426814377307891845703125">
        <ele>3</ele>
        <time>2026-09-15T22:25:28.000Z</time>
        <extensions>
          <ns3:TrackPointExtension>
            <ns3:hr>115</ns3:hr>
            <ns3:cad>93</ns3:cad>
          </ns3:TrackPointExtension>
        </extensions>
      </trkpt>
      <trkpt lat="31.4837783016264438629150390625" lon="121.16731510497629642486572265625">
        <ele>3.2000000476837158203125</ele>
        <time>2026-09-15T22:25:29.000Z</time>
        <extensions>
          <ns3:TrackPointExtension>
            <ns3:hr>114</ns3:hr>
            <ns3:cad>91</ns3:cad>
          </ns3:TrackPointExtension>
        </extensions>
      </trkpt>
      <trkpt lat="31.48377134464681148529052734375" lon="121.16729515604674816131591796875">
        <ele>3.2000000476837158203125</ele>
        <time>2026-09-15T22:25:30.000Z</time>
        <extensions>
          <ns3:TrackPointExtension>
            <ns3:hr>115</ns3:hr>
            <ns3:cad>91</ns3:cad>
          </ns3:TrackPointExtension>
        </extensions>
      </trkpt>
      <trkpt lat="31.483761370182037353515625" lon="121.16727478802204132080078125">
        <ele>3.2000000476837158203125</ele>
        <time>2026-09-15T22:25:31.000Z</time>
        <extensions>
          <ns3:TrackPointExtension>
            <ns3:hr>115</ns3:hr>
            <ns3:cad>90</ns3:cad>
          </ns3:TrackPointExtension>
        </extensions>
      </trkpt>
      <trkpt lat="31.48374552838504314422607421875" lon="121.167247630655765533447265625">
        <ele>3.2000000476837158203125</ele>
        <time>2026-09-15T22:25:32.000Z</time>
        <extensions>
          <ns3:TrackPointExtension>
            <ns3:hr>115</ns3:hr>
            <ns3:cad>90</ns3:cad>
          </ns3:TrackPointExtension>
        </extensions>
      </trkpt>
      <trkpt lat="31.4837320335209369659423828125" lon="121.16723455488681793212890625">
        <ele>3.2000000476837158203125</ele>
        <time>2026-09-15T22:25:33.000Z</time>
        <extensions>
          <ns3:TrackPointExtension>
            <ns3:hr>115</ns3:hr>
            <ns3:cad>90</ns3:cad>
          </ns3:TrackPointExtension>
        </extensions>
      </trkpt>
      <trkpt lat="31.48372340016067028045654296875" lon="121.16720815189182758331298828125">
        <ele>3.2000000476837158203125</ele>
        <time>2026-09-15T22:25:34.000Z</time>
        <extensions>
          <ns3:TrackPointExtension>
            <ns3:hr>115</ns3:hr>
            <ns3:cad>81</ns3:cad>
          </ns3:TrackPointExtension>
        </extensions>
      </trkpt>
      <trkpt lat="31.48371317423880100250244140625" lon="121.1671914719045162200927734375">
        <ele>3.2000000476837158203125</ele>
        <time>2026-09-15T22:25:35.000Z</time>
        <extensions>
          <ns3:TrackPointExtension>
            <ns3:hr>115</ns3:hr>
            <ns3:cad>81</ns3:cad>
          </ns3:TrackPointExtension>
        </extensions>
      </trkpt>
      <trkpt lat="31.48370529524981975555419921875" lon="121.167162470519542694091796875">
        <ele>3.2000000476837158203125</ele>
        <time>2026-09-15T22:25:36.000Z</time>
        <extensions>
          <ns3:TrackPointExtension>
            <ns3:hr>115</ns3:hr>
            <ns3:cad>86</ns3:cad>
          </ns3:TrackPointExtension>
        </extensions>
      </trkpt>
      <trkpt lat="31.48369506932795047760009765625" lon="121.167149730026721954345703125">
        <ele>3.2000000476837158203125</ele>
        <time>2026-09-15T22:25:37.000Z</time>
        <extensions>
          <ns3:TrackPointExtension>
            <ns3:hr>115</ns3:hr>
            <ns3:cad>86</ns3:cad>
          </ns3:TrackPointExtension>
        </extensions>
      </trkpt>
      <trkpt lat="31.4836877770721912384033203125" lon="121.167120896279811859130859375">
        <ele>3.2000000476837158203125</ele>
        <time>2026-09-15T22:25:38.000Z</time>
        <extensions>
          <ns3:TrackPointExtension>
            <ns3:hr>115</ns3:hr>
            <ns3:cad>86</ns3:cad>
          </ns3:TrackPointExtension>
        </extensions>
      </trkpt>
      <trkpt lat="31.48367579095065593719482421875" lon="121.16710270754992961883544921875">
        <ele>3.2000000476837158203125</ele>
        <time>2026-09-15T22:25:39.000Z</time>
        <extensions>
          <ns3:TrackPointExtension>
            <ns3:hr>115</ns3:hr>
            <ns3:cad>86</ns3:cad>
          </ns3:TrackPointExtension>
        </extensions>
      </trkpt>
      <trkpt lat="31.4836661517620086669921875" lon="121.167073287069797515869140625">
        <ele>3.2000000476837158203125</ele>
        <time>2026-09-15T22:25:40.000Z</time>
        <extensions>
          <ns3:TrackPointExtension>
            <ns3:hr>115</ns3:hr>
            <ns3:cad>89</ns3:cad>
          </ns3:TrackPointExtension>
        </extensions>
      </trkpt>
      <trkpt lat="31.48365550674498081207275390625" lon="121.16705811582505702972412109375">
        <ele>3.2000000476837158203125</ele>
        <time>2026-09-15T22:25:41.000Z</time>
        <extensions>
          <ns3:TrackPointExtension>
            <ns3:hr>115</ns3:hr>
            <ns3:cad>90</ns3:cad>
          </ns3:TrackPointExtension>
        </extensions>
      </trkpt>
      <trkpt lat="31.48364796303212642669677734375" lon="121.16702861152589321136474609375">
        <ele>3.2000000476837158203125</ele>
        <time>2026-09-15T22:25:42.000Z</time>
        <extensions>
          <ns3:TrackPointExtension>
            <ns3:hr>115</ns3:hr>
            <ns3:cad>90</ns3:cad>
          </ns3:TrackPointExtension>
        </extensions>
      </trkpt>
      <trkpt lat="31.4836366474628448486328125" lon="121.1670120991766452789306640625">
        <ele>3.400000095367431640625</ele>
        <time>2026-09-15T22:25:43.000Z</time>
        <extensions>
          <ns3:TrackPointExtension>
            <ns3:hr>116</ns3:hr>
            <ns3:cad>90</ns3:cad>
          </ns3:TrackPointExtension>
        </extensions>
      </trkpt>
      <trkpt lat="31.48362969048321247100830078125" lon="121.16698351688683032989501953125">
        <ele>3.400000095367431640625</ele>
        <time>2026-09-15T22:25:44.000Z</time>
        <extensions>
          <ns3:TrackPointExtension>
            <ns3:hr>117</ns3:hr>
            <ns3:cad>90</ns3:cad>
          </ns3:TrackPointExtension>
        </extensions>
      </trkpt>
      <trkpt lat="31.4836173690855503082275390625" lon="121.16697044111788272857666015625">
        <ele>3.400000095367431640625</ele>
        <time>2026-09-15T22:25:45.000Z</time>
        <extensions>
          <ns3:TrackPointExtension>
            <ns3:hr>118</ns3:hr>
            <ns3:cad>90</ns3:cad>
          </ns3:TrackPointExtension>
        </extensions>
      </trkpt>
      <trkpt lat="31.4836125075817108154296875" lon="121.16694328375160694122314453125">
        <ele>3.400000095367431640625</ele>
        <time>2026-09-15T22:25:46.000Z</time>
        <extensions>
          <ns3:TrackPointExtension>
            <ns3:hr>119</ns3:hr>
            <ns3:cad>91</ns3:cad>
          </ns3:TrackPointExtension>
        </extensions>
      </trkpt>
      <trkpt lat="31.48360521532595157623291015625" lon="121.16692006587982177734375">
        <ele>3.599999904632568359375</ele>
        <time>2026-09-15T22:25:47.000Z</time>
        <extensions>
          <ns3:TrackPointExtension>
            <ns3:hr>119</ns3:hr>
            <ns3:cad>91</ns3:cad>
          </ns3:TrackPointExtension>
        </extensions>
      </trkpt>
      <trkpt lat="31.4835995994508266448974609375" lon="121.1668950878083705902099609375">
        <ele>3.599999904632568359375</ele>
        <time>2026-09-15T22:25:48.000Z</time>
        <extensions>
          <ns3:TrackPointExtension>
            <ns3:hr>119</ns3:hr>
            <ns3:cad>91</ns3:cad>
          </ns3:TrackPointExtension>
        </extensions>
      </trkpt>
      <trkpt lat="31.4835875295102596282958984375" lon="121.16687170229852199554443359375">
        <ele>3.599999904632568359375</ele>
        <time>2026-09-15T22:25:49.000Z</time>
        <extensions>
          <ns3:TrackPointExtension>
            <ns3:hr>119</ns3:hr>
            <ns3:cad>91</ns3:cad>
          </ns3:TrackPointExtension>
        </extensions>
      </trkpt>
      <trkpt lat="31.48357856087386608123779296875" lon="121.16684823296964168548583984375">
        <ele>3.599999904632568359375</ele>
        <time>2026-09-15T22:25:50.000Z</time>
        <extensions>
          <ns3:TrackPointExtension>
            <ns3:hr>119</ns3:hr>
            <ns3:cad>91</ns3:cad>
          </ns3:TrackPointExtension>
        </extensions>
      </trkpt>
      <trkpt lat="31.48356892168521881103515625" lon="121.16682040505111217498779296875">
        <ele>3.599999904632568359375</ele>
        <time>2026-09-15T22:25:51.000Z</time>
        <extensions>
          <ns3:TrackPointExtension>
            <ns3:hr>119</ns3:hr>
            <ns3:cad>91</ns3:cad>
          </ns3:TrackPointExtension>
        </extensions>
      </trkpt>
      <trkpt lat="31.4835615456104278564453125" lon="121.1668012104928493499755859375">
        <ele>3.400000095367431640625</ele>
        <time>2026-09-15T22:25:52.000Z</time>
        <extensions>
          <ns3:TrackPointExtension>
            <ns3:hr>119</ns3:hr>
            <ns3:cad>91</ns3:cad>
          </ns3:TrackPointExtension>
        </extensions>
      </trkpt>
      <trkpt lat="31.483555175364017486572265625" lon="121.16677313111722469329833984375">
        <ele>3.400000095367431640625</ele>
        <time>2026-09-15T22:25:53.000Z</time>
        <extensions>
          <ns3:TrackPointExtension>
            <ns3:hr>118</ns3:hr>
            <ns3:cad>91</ns3:cad>
          </ns3:TrackPointExtension>
        </extensions>
      </trkpt>
      <trkpt lat="31.48354637436568737030029296875" lon="121.1667559482157230377197265625">
        <ele>3.599999904632568359375</ele>
        <time>2026-09-15T22:25:54.000Z</time>
        <extensions>
          <ns3:TrackPointExtension>
            <ns3:hr>119</ns3:hr>
            <ns3:cad>91</ns3:cad>
          </ns3:TrackPointExtension>
        </extensions>
      </trkpt>
      <trkpt lat="31.48354000411927700042724609375" lon="121.166728623211383819580078125">
        <ele>3.599999904632568359375</ele>
        <time>2026-09-15T22:25:55.000Z</time>
        <extensions>
          <ns3:TrackPointExtension>
            <ns3:hr>119</ns3:hr>
            <ns3:cad>92</ns3:cad>
          </ns3:TrackPointExtension>
        </extensions>
      </trkpt>
      <trkpt lat="31.48353044874966144561767578125" lon="121.1667137034237384796142578125">
        <ele>3.599999904632568359375</ele>
        <time>2026-09-15T22:25:56.000Z</time>
        <extensions>
          <ns3:TrackPointExtension>
            <ns3:hr>119</ns3:hr>
            <ns3:cad>92</ns3:cad>
          </ns3:TrackPointExtension>
        </extensions>
      </trkpt>
      <trkpt lat="31.48352256976068019866943359375" lon="121.16668562404811382293701171875">
        <ele>3.599999904632568359375</ele>
        <time>2026-09-15T22:25:57.000Z</time>
        <extensions>
          <ns3:TrackPointExtension>
            <ns3:hr>119</ns3:hr>
            <ns3:cad>92</ns3:cad>
          </ns3:TrackPointExtension>
        </extensions>
      </trkpt>
      <trkpt lat="31.48350915871560573577880859375" lon="121.1666697822511196136474609375">
        <ele>3.599999904632568359375</ele>
        <time>2026-09-15T22:25:58.000Z</time>
        <extensions>
          <ns3:TrackPointExtension>
            <ns3:hr>119</ns3:hr>
            <ns3:cad>92</ns3:cad>
          </ns3:TrackPointExtension>
        </extensions>
      </trkpt>
      <trkpt lat="31.48350329138338565826416015625" lon="121.16664019413292407989501953125">
        <ele>3.599999904632568359375</ele>
        <time>2026-09-15T22:25:59.000Z</time>
        <extensions>
          <ns3:TrackPointExtension>
            <ns3:hr>119</ns3:hr>
            <ns3:cad>92</ns3:cad>
          </ns3:TrackPointExtension>
        </extensions>
      </trkpt>
      <trkpt lat="31.4834933169186115264892578125" lon="121.16661907173693180084228515625">
        <ele>3.7999999523162841796875</ele>
        <time>2026-09-15T22:26:00.000Z</time>
        <extensions>
          <ns3:TrackPointExtension>
            <ns3:hr>119</ns3:hr>
            <ns3:cad>92</ns3:cad>
          </ns3:TrackPointExtension>
        </extensions>
      </trkpt>
      <trkpt lat="31.483488790690898895263671875" lon="121.166590154170989990234375">
        <ele>3.7999999523162841796875</ele>
        <time>2026-09-15T22:26:01.000Z</time>
        <extensions>
          <ns3:TrackPointExtension>
            <ns3:hr>119</ns3:hr>
            <ns3:cad>93</ns3:cad>
          </ns3:TrackPointExtension>
        </extensions>
      </trkpt>
      <trkpt lat="31.4834783971309661865234375" lon="121.16656676866114139556884765625">
        <ele>3.7999999523162841796875</ele>
        <time>2026-09-15T22:26:02.000Z</time>
        <extensions>
          <ns3:TrackPointExtension>
            <ns3:hr>119</ns3:hr>
            <ns3:cad>93</ns3:cad>
          </ns3:TrackPointExtension>
        </extensions>
      </trkpt>
      <trkpt lat="31.4834715239703655242919921875" lon="121.166542880237102508544921875">
        <ele>3.7999999523162841796875</ele>
        <time>2026-09-15T22:26:03.000Z</time>
        <extensions>
          <ns3:TrackPointExtension>
            <ns3:hr>118</ns3:hr>
            <ns3:cad>92</ns3:cad>
          </ns3:TrackPointExtension>
        </extensions>
      </trkpt>
      <trkpt lat="31.48345970548689365386962890625" lon="121.16651731543242931365966796875">
        <ele>3.7999999523162841796875</ele>
        <time>2026-09-15T22:26:04.000Z</time>
        <extensions>
          <ns3:TrackPointExtension>
            <ns3:hr>118</ns3:hr>
            <ns3:cad>92</ns3:cad>
          </ns3:TrackPointExtension>
        </extensions>
      </trkpt>
      <trkpt lat="31.48345048539340496063232421875" lon="121.16649636067450046539306640625">
        <ele>3.7999999523162841796875</ele>
        <time>2026-09-15T22:26:05.000Z</time>
        <extensions>
          <ns3:TrackPointExtension>
            <ns3:hr>118</ns3:hr>
            <ns3:cad>93</ns3:cad>
          </ns3:TrackPointExtension>
        </extensions>
      </trkpt>
      <trkpt lat="31.48344059474766254425048828125" lon="121.1664672754704952239990234375">
        <ele>3.7999999523162841796875</ele>
        <time>2026-09-15T22:26:06.000Z</time>
        <extensions>
          <ns3:TrackPointExtension>
            <ns3:hr>119</ns3:hr>
            <ns3:cad>93</ns3:cad>
          </ns3:TrackPointExtension>
        </extensions>
      </trkpt>
      <trkpt lat="31.48343036882579326629638671875" lon="121.16644732654094696044921875">
        <ele>3.7999999523162841796875</ele>
        <time>2026-09-15T22:26:07.000Z</time>
        <extensions>
          <ns3:TrackPointExtension>
            <ns3:hr>118</ns3:hr>
            <ns3:cad>93</ns3:cad>
          </ns3:TrackPointExtension>
        </extensions>
      </trkpt>
      <trkpt lat="31.48342005908489227294921875" lon="121.16641773842275142669677734375">
        <ele>3.7999999523162841796875</ele>
        <time>2026-09-15T22:26:08.000Z</time>
        <extensions>
          <ns3:TrackPointExtension>
            <ns3:hr>118</ns3:hr>
            <ns3:cad>93</ns3:cad>
          </ns3:TrackPointExtension>
        </extensions>
      </trkpt>
      <trkpt lat="31.48340824060142040252685546875" lon="121.1664005555212497711181640625">
        <ele>3.7999999523162841796875</ele>
        <time>2026-09-15T22:26:09.000Z</time>
        <extensions>
          <ns3:TrackPointExtension>
            <ns3:hr>118</ns3:hr>
            <ns3:cad>93</ns3:cad>
          </ns3:TrackPointExtension>
        </extensions>
      </trkpt>
      <trkpt lat="31.483397595584392547607421875" lon="121.16636954247951507568359375">
        <ele>3.7999999523162841796875</ele>
        <time>2026-09-15T22:26:10.000Z</time>
        <extensions>
          <ns3:TrackPointExtension>
            <ns3:hr>118</ns3:hr>
            <ns3:cad>93</ns3:cad>
          </ns3:TrackPointExtension>
        </extensions>
      </trkpt>
      <trkpt lat="31.48338376544415950775146484375" lon="121.16635420359671115875244140625">
        <ele>3.7999999523162841796875</ele>
        <time>2026-09-15T22:26:11.000Z</time>
        <extensions>
          <ns3:TrackPointExtension>
            <ns3:hr>117</ns3:hr>
            <ns3:cad>93</ns3:cad>
          </ns3:TrackPointExtension>
        </extensions>
      </trkpt>
      <trkpt lat="31.483375132083892822265625" lon="121.16632394492626190185546875">
        <ele>3.7999999523162841796875</ele>
        <time>2026-09-15T22:26:12.000Z</time>
        <extensions>
          <ns3:TrackPointExtension>
            <ns3:hr>117</ns3:hr>
            <ns3:cad>93</ns3:cad>
          </ns3:TrackPointExtension>
        </extensions>
      </trkpt>
      <trkpt lat="31.48336415179073810577392578125" lon="121.16630407981574535369873046875">
        <ele>3.7999999523162841796875</ele>
        <time>2026-09-15T22:26:13.000Z</time>
        <extensions>
          <ns3:TrackPointExtension>
            <ns3:hr>117</ns3:hr>
            <ns3:cad>93</ns3:cad>
          </ns3:TrackPointExtension>
        </extensions>
      </trkpt>
      <trkpt lat="31.483351327478885650634765625" lon="121.16627541370689868927001953125">
        <ele>3.7999999523162841796875</ele>
        <time>2026-09-15T22:26:14.000Z</time>
        <extensions>
          <ns3:TrackPointExtension>
            <ns3:hr>117</ns3:hr>
            <ns3:cad>93</ns3:cad>
          </ns3:TrackPointExtension>
        </extensions>
      </trkpt>
      <trkpt lat="31.4833350665867328643798828125" lon="121.1662604101002216339111328125">
        <ele>3.7999999523162841796875</ele>
        <time>2026-09-15T22:26:15.000Z</time>
        <extensions>
          <ns3:TrackPointExtension>
            <ns3:hr>117</ns3:hr>
            <ns3:cad>93</ns3:cad>
          </ns3:TrackPointExtension>
        </extensions>
      </trkpt>
      <trkpt lat="31.48332324810326099395751953125" lon="121.16623367182910442352294921875">
        <ele>3.7999999523162841796875</ele>
        <time>2026-09-15T22:26:16.000Z</time>
        <extensions>
          <ns3:TrackPointExtension>
            <ns3:hr>117</ns3:hr>
            <ns3:cad>93</ns3:cad>
          </ns3:TrackPointExtension>
        </extensions>
      </trkpt>
      <trkpt lat="31.4833072386682033538818359375" lon="121.166217662394046783447265625">
        <ele>3.7999999523162841796875</ele>
        <time>2026-09-15T22:26:17.000Z</time>
        <extensions>
          <ns3:TrackPointExtension>
            <ns3:hr>117</ns3:hr>
            <ns3:cad>92</ns3:cad>
          </ns3:TrackPointExtension>
        </extensions>
      </trkpt>
      <trkpt lat="31.4832951687276363372802734375" lon="121.16619050502777099609375">
        <ele>3.7999999523162841796875</ele>
        <time>2026-09-15T22:26:18.000Z</time>
        <extensions>
          <ns3:TrackPointExtension>
            <ns3:hr>117</ns3:hr>
            <ns3:cad>92</ns3:cad>
          </ns3:TrackPointExtension>
        </extensions>
      </trkpt>
      <trkpt lat="31.4832777343690395355224609375" lon="121.16617348976433277130126953125">
        <ele>3.7999999523162841796875</ele>
        <time>2026-09-15T22:26:19.000Z</time>
        <extensions>
          <ns3:TrackPointExtension>
            <ns3:hr>116</ns3:hr>
            <ns3:cad>93</ns3:cad>
          </ns3:TrackPointExtension>
        </extensions>
      </trkpt>
      <trkpt lat="31.48326692171394824981689453125" lon="121.16614834405481815338134765625">
        <ele>3.7999999523162841796875</ele>
        <time>2026-09-15T22:26:20.000Z</time>
        <extensions>
          <ns3:TrackPointExtension>
            <ns3:hr>116</ns3:hr>
            <ns3:cad>93</ns3:cad>
          </ns3:TrackPointExtension>
        </extensions>
      </trkpt>
      <trkpt lat="31.48325183428823947906494140625" lon="121.16612973622977733612060546875">
        <ele>3.7999999523162841796875</ele>
        <time>2026-09-15T22:26:21.000Z</time>
        <extensions>
          <ns3:TrackPointExtension>
            <ns3:hr>116</ns3:hr>
            <ns3:cad>92</ns3:cad>
          </ns3:TrackPointExtension>
        </extensions>
      </trkpt>
      <trkpt lat="31.48323859088122844696044921875" lon="121.16611079312860965728759765625">
        <ele>3.7999999523162841796875</ele>
        <time>2026-09-15T22:26:22.000Z</time>
        <extensions>
          <ns3:TrackPointExtension>
            <ns3:hr>116</ns3:hr>
            <ns3:cad>92</ns3:cad>
          </ns3:TrackPointExtension>
        </extensions>
      </trkpt>
      <trkpt lat="31.4832234196364879608154296875" lon="121.16608832962810993194580078125">
        <ele>3.599999904632568359375</ele>
        <time>2026-09-15T22:26:23.000Z</time>
        <extensions>
          <ns3:TrackPointExtension>
            <ns3:hr>116</ns3:hr>
            <ns3:cad>91</ns3:cad>
          </ns3:TrackPointExtension>
        </extensions>
      </trkpt>
      <trkpt lat="31.483209170401096343994140625" lon="121.16607743315398693084716796875">
        <ele>3.599999904632568359375</ele>
        <time>2026-09-15T22:26:24.000Z</time>
        <extensions>
          <ns3:TrackPointExtension>
            <ns3:hr>115</ns3:hr>
            <ns3:cad>92</ns3:cad>
          </ns3:TrackPointExtension>
        </extensions>
      </trkpt>
      <trkpt lat="31.48319081403315067291259765625" lon="121.16605312563478946685791015625">
        <ele>3.599999904632568359375</ele>
        <time>2026-09-15T22:26:25.000Z</time>
        <extensions>
          <ns3:TrackPointExtension>
            <ns3:hr>115</ns3:hr>
            <ns3:cad>93</ns3:cad>
          </ns3:TrackPointExtension>
        </extensions>
      </trkpt>
      <trkpt lat="31.483175642788410186767578125" lon="121.1660421453416347503662109375">
        <ele>3.599999904632568359375</ele>
        <time>2026-09-15T22:26:26.000Z</time>
        <extensions>
          <ns3:TrackPointExtension>
            <ns3:hr>115</ns3:hr>
            <ns3:cad>93</ns3:cad>
          </ns3:TrackPointExtension>
        </extensions>
      </trkpt>
      <trkpt lat="31.48315661586821079254150390625" lon="121.1660173349082469940185546875">
        <ele>3.599999904632568359375</ele>
        <time>2026-09-15T22:26:27.000Z</time>
        <extensions>
          <ns3:TrackPointExtension>
            <ns3:hr>115</ns3:hr>
            <ns3:cad>93</ns3:cad>
          </ns3:TrackPointExtension>
        </extensions>
      </trkpt>
      <trkpt lat="31.4831399358808994293212890625" lon="121.16600786335766315460205078125">
        <ele>3.599999904632568359375</ele>
        <time>2026-09-15T22:26:28.000Z</time>
        <extensions>
          <ns3:TrackPointExtension>
            <ns3:hr>115</ns3:hr>
            <ns3:cad>93</ns3:cad>
          </ns3:TrackPointExtension>
        </extensions>
      </trkpt>
      <trkpt lat="31.48312007077038288116455078125" lon="121.16598196327686309814453125">
        <ele>3.400000095367431640625</ele>
        <time>2026-09-15T22:26:29.000Z</time>
        <extensions>
          <ns3:TrackPointExtension>
            <ns3:hr>115</ns3:hr>
            <ns3:cad>93</ns3:cad>
          </ns3:TrackPointExtension>
        </extensions>
      </trkpt>
      <trkpt lat="31.48310213349759578704833984375" lon="121.16597081534564495086669921875">
        <ele>3.400000095367431640625</ele>
        <time>2026-09-15T22:26:30.000Z</time>
        <extensions>
          <ns3:TrackPointExtension>
            <ns3:hr>114</ns3:hr>
            <ns3:cad>93</ns3:cad>
          </ns3:TrackPointExtension>
        </extensions>
      </trkpt>
      <trkpt lat="31.48308369331061840057373046875" lon="121.16594868712127208709716796875">
        <ele>3.400000095367431640625</ele>
        <time>2026-09-15T22:26:31.000Z</time>
        <extensions>
          <ns3:TrackPointExtension>
            <ns3:hr>115</ns3:hr>
            <ns3:cad>93</ns3:cad>
          </ns3:TrackPointExtension>
        </extensions>
      </trkpt>
      <trkpt lat="31.4830680191516876220703125" lon="121.16593594662845134735107421875">
        <ele>3.400000095367431640625</ele>
        <time>2026-09-15T22:26:32.000Z</time>
        <extensions>
          <ns3:TrackPointExtension>
            <ns3:hr>115</ns3:hr>
            <ns3:cad>92</ns3:cad>
          </ns3:TrackPointExtension>
        </extensions>
      </trkpt>
      <trkpt lat="31.48305150680243968963623046875" lon="121.1659127287566661834716796875">
        <ele>3.400000095367431640625</ele>
        <time>2026-09-15T22:26:33.000Z</time>
        <extensions>
          <ns3:TrackPointExtension>
            <ns3:hr>115</ns3:hr>
            <ns3:cad>92</ns3:cad>
          </ns3:TrackPointExtension>
        </extensions>
      </trkpt>
      <trkpt lat="31.48303524591028690338134765625" lon="121.1658926121890544891357421875">
        <ele>3.400000095367431640625</ele>
        <time>2026-09-15T22:26:34.000Z</time>
        <extensions>
          <ns3:TrackPointExtension>
            <ns3:hr>115</ns3:hr>
            <ns3:cad>91</ns3:cad>
          </ns3:TrackPointExtension>
        </extensions>
      </trkpt>
      <trkpt lat="31.48302351124584674835205078125" lon="121.165872998535633087158203125">
        <ele>3.400000095367431640625</ele>
        <time>2026-09-15T22:26:35.000Z</time>
        <extensions>
          <ns3:TrackPointExtension>
            <ns3:hr>115</ns3:hr>
            <ns3:cad>91</ns3:cad>
          </ns3:TrackPointExtension>
        </extensions>
      </trkpt>
      <trkpt lat="31.4830075018107891082763671875" lon="121.165851540863513946533203125">
        <ele>3.400000095367431640625</ele>
        <time>2026-09-15T22:26:36.000Z</time>
        <extensions>
          <ns3:TrackPointExtension>
            <ns3:hr>115</ns3:hr>
            <ns3:cad>91</ns3:cad>
          </ns3:TrackPointExtension>
        </extensions>
      </trkpt>
      <trkpt lat="31.48299484513700008392333984375" lon="121.165828406810760498046875">
        <ele>3.400000095367431640625</ele>
        <time>2026-09-15T22:26:37.000Z</time>
        <extensions>
          <ns3:TrackPointExtension>
            <ns3:hr>115</ns3:hr>
            <ns3:cad>91</ns3:cad>
          </ns3:TrackPointExtension>
        </extensions>
      </trkpt>
      <trkpt lat="31.48297883570194244384765625" lon="121.1658037640154361724853515625">
        <ele>3.2000000476837158203125</ele>
        <time>2026-09-15T22:26:38.000Z</time>
        <extensions>
          <ns3:TrackPointExtension>
            <ns3:hr>115</ns3:hr>
            <ns3:cad>91</ns3:cad>
          </ns3:TrackPointExtension>
        </extensions>
      </trkpt>
      <trkpt lat="31.48296668194234371185302734375" lon="121.1657833121716976165771484375">
        <ele>3.2000000476837158203125</ele>
        <time>2026-09-15T22:26:39.000Z</time>
        <extensions>
          <ns3:TrackPointExtension>
            <ns3:hr>115</ns3:hr>
            <ns3:cad>91</ns3:cad>
          </ns3:TrackPointExtension>
        </extensions>
      </trkpt>
      <trkpt lat="31.48295310325920581817626953125" lon="121.165756992995738983154296875">
        <ele>3.2000000476837158203125</ele>
        <time>2026-09-15T22:26:40.000Z</time>
        <extensions>
          <ns3:TrackPointExtension>
            <ns3:hr>115</ns3:hr>
            <ns3:cad>91</ns3:cad>
          </ns3:TrackPointExtension>
        </extensions>
      </trkpt>
      <trkpt lat="31.48294103331863880157470703125" lon="121.16573880426585674285888671875">
        <ele>3.2000000476837158203125</ele>
        <time>2026-09-15T22:26:41.000Z</time>
        <extensions>
          <ns3:TrackPointExtension>
            <ns3:hr>115</ns3:hr>
            <ns3:cad>92</ns3:cad>
          </ns3:TrackPointExtension>
        </extensions>
      </trkpt>
      <trkpt lat="31.4829310588538646697998046875" lon="121.16570980288088321685791015625">
        <ele>3.2000000476837158203125</ele>
        <time>2026-09-15T22:26:42.000Z</time>
        <extensions>
          <ns3:TrackPointExtension>
            <ns3:hr>115</ns3:hr>
            <ns3:cad>92</ns3:cad>
          </ns3:TrackPointExtension>
        </extensions>
      </trkpt>
      <trkpt lat="31.48291940800845623016357421875" lon="121.1656929552555084228515625">
        <ele>3.2000000476837158203125</ele>
        <time>2026-09-15T22:26:43.000Z</time>
        <extensions>
          <ns3:TrackPointExtension>
            <ns3:hr>115</ns3:hr>
            <ns3:cad>92</ns3:cad>
          </ns3:TrackPointExtension>
        </extensions>
      </trkpt>
      <trkpt lat="31.48290851153433322906494140625" lon="121.165662109851837158203125">
        <ele>3</ele>
        <time>2026-09-15T22:26:44.000Z</time>
        <extensions>
          <ns3:TrackPointExtension>
            <ns3:hr>116</ns3:hr>
            <ns3:cad>92</ns3:cad>
          </ns3:TrackPointExtension>
        </extensions>
      </trkpt>
      <trkpt lat="31.48289510048925876617431640625" lon="121.16564442403614521026611328125">
        <ele>3</ele>
        <time>2026-09-15T22:26:45.000Z</time>
        <extensions>
          <ns3:TrackPointExtension>
            <ns3:hr>116</ns3:hr>
            <ns3:cad>92</ns3:cad>
          </ns3:TrackPointExtension>
        </extensions>
      </trkpt>
      <trkpt lat="31.48288420401513576507568359375" lon="121.1656133271753787994384765625">
        <ele>3</ele>
        <time>2026-09-15T22:26:46.000Z</time>
        <extensions>
          <ns3:TrackPointExtension>
            <ns3:hr>116</ns3:hr>
            <ns3:cad>92</ns3:cad>
          </ns3:TrackPointExtension>
        </extensions>
      </trkpt>
      <trkpt lat="31.482871882617473602294921875" lon="121.1655963957309722900390625">
        <ele>3</ele>
        <time>2026-09-15T22:26:47.000Z</time>
        <extensions>
          <ns3:TrackPointExtension>
            <ns3:hr>116</ns3:hr>
            <ns3:cad>92</ns3:cad>
          </ns3:TrackPointExtension>
        </extensions>
      </trkpt>
      <trkpt lat="31.4828683622181415557861328125" lon="121.16556144319474697113037109375">
        <ele>3</ele>
        <time>2026-09-15T22:26:48.000Z</time>
        <extensions>
          <ns3:TrackPointExtension>
            <ns3:hr>117</ns3:hr>
            <ns3:cad>92</ns3:cad>
          </ns3:TrackPointExtension>
        </extensions>
      </trkpt>
      <trkpt lat="31.48285872302949428558349609375" lon="121.165544427931308746337890625">
        <ele>3</ele>
        <time>2026-09-15T22:26:49.000Z</time>
        <extensions>
          <ns3:TrackPointExtension>
            <ns3:hr>117</ns3:hr>
            <ns3:cad>91</ns3:cad>
          </ns3:TrackPointExtension>
        </extensions>
      </trkpt>
      <trkpt lat="31.482849754393100738525390625" lon="121.1655137501657009124755859375">
        <ele>3</ele>
        <time>2026-09-15T22:26:50.000Z</time>
        <extensions>
          <ns3:TrackPointExtension>
            <ns3:hr>117</ns3:hr>
            <ns3:cad>91</ns3:cad>
          </ns3:TrackPointExtension>
        </extensions>
      </trkpt>
      <trkpt lat="31.48283927701413631439208984375" lon="121.1654983274638652801513671875">
        <ele>3</ele>
        <time>2026-09-15T22:26:51.000Z</time>
        <extensions>
          <ns3:TrackPointExtension>
            <ns3:hr>117</ns3:hr>
            <ns3:cad>90</ns3:cad>
          </ns3:TrackPointExtension>
        </extensions>
      </trkpt>
      <trkpt lat="31.48283206857740879058837890625" lon="121.165467314422130584716796875">
        <ele>3</ele>
        <time>2026-09-15T22:26:52.000Z</time>
        <extensions>
          <ns3:TrackPointExtension>
            <ns3:hr>117</ns3:hr>
            <ns3:cad>91</ns3:cad>
          </ns3:TrackPointExtension>
        </extensions>
      </trkpt>
      <trkpt lat="31.48281983099877834320068359375" lon="121.16545214317739009857177734375">
        <ele>3</ele>
        <time>2026-09-15T22:26:53.000Z</time>
        <extensions>
          <ns3:TrackPointExtension>
            <ns3:hr>117</ns3:hr>
            <ns3:cad>91</ns3:cad>
          </ns3:TrackPointExtension>
        </extensions>
      </trkpt>
      <trkpt lat="31.4828174002468585968017578125" lon="121.1654195375740528106689453125">
        <ele>3</ele>
        <time>2026-09-15T22:26:54.000Z</time>
        <extensions>
          <ns3:TrackPointExtension>
            <ns3:hr>118</ns3:hr>
            <ns3:cad>91</ns3:cad>
          </ns3:TrackPointExtension>
        </extensions>
      </trkpt>
      <trkpt lat="31.48280541412532329559326171875" lon="121.16539933718740940093994140625">
        <ele>3</ele>
        <time>2026-09-15T22:26:55.000Z</time>
        <extensions>
          <ns3:TrackPointExtension>
            <ns3:hr>118</ns3:hr>
            <ns3:cad>92</ns3:cad>
          </ns3:TrackPointExtension>
        </extensions>
      </trkpt>
      <trkpt lat="31.48280072025954723358154296875" lon="121.16536907851696014404296875">
        <ele>3</ele>
        <time>2026-09-15T22:26:56.000Z</time>
        <extensions>
          <ns3:TrackPointExtension>
            <ns3:hr>117</ns3:hr>
            <ns3:cad>92</ns3:cad>
          </ns3:TrackPointExtension>
        </extensions>
      </trkpt>
      <trkpt lat="31.48278973996639251708984375" lon="121.16534887813031673431396484375">
        <ele>3</ele>
        <time>2026-09-15T22:26:57.000Z</time>
        <extensions>
          <ns3:TrackPointExtension>
            <ns3:hr>117</ns3:hr>
            <ns3:cad>93</ns3:cad>
          </ns3:TrackPointExtension>
        </extensions>
      </trkpt>
      <trkpt lat="31.48278395645320415496826171875" lon="121.16532172076404094696044921875">
        <ele>3</ele>
        <time>2026-09-15T22:26:58.000Z</time>
        <extensions>
          <ns3:TrackPointExtension>
            <ns3:hr>117</ns3:hr>
            <ns3:cad>93</ns3:cad>
          </ns3:TrackPointExtension>
        </extensions>
      </trkpt>
      <trkpt lat="31.4827716350555419921875" lon="121.165299676358699798583984375">
        <ele>3</ele>
        <time>2026-09-15T22:26:59.000Z</time>
        <extensions>
          <ns3:TrackPointExtension>
            <ns3:hr>118</ns3:hr>
            <ns3:cad>93</ns3:cad>
          </ns3:TrackPointExtension>
        </extensions>
      </trkpt>
      <trkpt lat="31.4827630855143070220947265625" lon="121.1652730219066143035888671875">
        <ele>3</ele>
        <time>2026-09-15T22:27:00.000Z</time>
        <extensions>
          <ns3:TrackPointExtension>
            <ns3:hr>118</ns3:hr>
            <ns3:cad>93</ns3:cad>
          </ns3:TrackPointExtension>
        </extensions>
      </trkpt>
      <trkpt lat="31.4827520214021205902099609375" lon="121.165246702730655670166015625">
        <ele>3</ele>
        <time>2026-09-15T22:27:01.000Z</time>
        <extensions>
          <ns3:TrackPointExtension>
            <ns3:hr>118</ns3:hr>
            <ns3:cad>93</ns3:cad>
          </ns3:TrackPointExtension>
        </extensions>
      </trkpt>
      <trkpt lat="31.4827446453273296356201171875" lon="121.16522415541112422943115234375">
        <ele>3</ele>
        <time>2026-09-15T22:27:02.000Z</time>
        <extensions>
          <ns3:TrackPointExtension>
            <ns3:hr>119</ns3:hr>
            <ns3:cad>93</ns3:cad>
          </ns3:TrackPointExtension>
        </extensions>
      </trkpt>
      <trkpt lat="31.48273609578609466552734375" lon="121.1651913821697235107421875">
        <ele>3</ele>
        <time>2026-09-15T22:27:03.000Z</time>
        <extensions>
          <ns3:TrackPointExtension>
            <ns3:hr>119</ns3:hr>
            <ns3:cad>93</ns3:cad>
          </ns3:TrackPointExtension>
        </extensions>
      </trkpt>
      <trkpt lat="31.48272511549293994903564453125" lon="121.165169589221477508544921875">
        <ele>3.2000000476837158203125</ele>
        <time>2026-09-15T22:27:04.000Z</time>
        <extensions>
          <ns3:TrackPointExtension>
            <ns3:hr>119</ns3:hr>
            <ns3:cad>93</ns3:cad>
          </ns3:TrackPointExtension>
        </extensions>
      </trkpt>
      <trkpt lat="31.4827164821326732635498046875" lon="121.1651412583887577056884765625">
        <ele>3.2000000476837158203125</ele>
        <time>2026-09-15T22:27:05.000Z</time>
        <extensions>
          <ns3:TrackPointExtension>
            <ns3:hr>118</ns3:hr>
            <ns3:cad>93</ns3:cad>
          </ns3:TrackPointExtension>
        </extensions>
      </trkpt>
      <trkpt lat="31.482704579830169677734375" lon="121.16512390784919261932373046875">
        <ele>3.2000000476837158203125</ele>
        <time>2026-09-15T22:27:06.000Z</time>
        <extensions>
          <ns3:TrackPointExtension>
            <ns3:hr>119</ns3:hr>
            <ns3:cad>92</ns3:cad>
          </ns3:TrackPointExtension>
        </extensions>
      </trkpt>
      <trkpt lat="31.482696868479251861572265625" lon="121.16509121842682361602783203125">
        <ele>3.2000000476837158203125</ele>
        <time>2026-09-15T22:27:07.000Z</time>
        <extensions>
          <ns3:TrackPointExtension>
            <ns3:hr>119</ns3:hr>
            <ns3:cad>92</ns3:cad>
          </ns3:TrackPointExtension>
        </extensions>
      </trkpt>
      <trkpt lat="31.4826866425573825836181640625" lon="121.16507194004952907562255859375">
        <ele>3.2000000476837158203125</ele>
        <time>2026-09-15T22:27:08.000Z</time>
        <extensions>
          <ns3:TrackPointExtension>
            <ns3:hr>118</ns3:hr>
            <ns3:cad>92</ns3:cad>
          </ns3:TrackPointExtension>
        </extensions>
      </trkpt>
      <trkpt lat="31.48268035613000392913818359375" lon="121.16503824479877948760986328125">
        <ele>3</ele>
        <time>2026-09-15T22:27:09.000Z</time>
        <extensions>
          <ns3:TrackPointExtension>
            <ns3:hr>119</ns3:hr>
            <ns3:cad>91</ns3:cad>
          </ns3:TrackPointExtension>
        </extensions>
      </trkpt>
      <trkpt lat="31.4826683700084686279296875" lon="121.1650212295353412628173828125">
        <ele>3</ele>
        <time>2026-09-15T22:27:10.000Z</time>
        <extensions>
          <ns3:TrackPointExtension>
            <ns3:hr>119</ns3:hr>
            <ns3:cad>91</ns3:cad>
          </ns3:TrackPointExtension>
        </extensions>
      </trkpt>
      <trkpt lat="31.48266325704753398895263671875" lon="121.16498929448425769805908203125">
        <ele>3</ele>
        <time>2026-09-15T22:27:11.000Z</time>
        <extensions>
          <ns3:TrackPointExtension>
            <ns3:hr>118</ns3:hr>
            <ns3:cad>93</ns3:cad>
          </ns3:TrackPointExtension>
        </extensions>
      </trkpt>
      <trkpt lat="31.48265152238309383392333984375" lon="121.1649699322879314422607421875">
        <ele>3</ele>
        <time>2026-09-15T22:27:12.000Z</time>
        <extensions>
          <ns3:TrackPointExtension>
            <ns3:hr>119</ns3:hr>
            <ns3:cad>93</ns3:cad>
          </ns3:TrackPointExtension>
        </extensions>
      </trkpt>
      <trkpt lat="31.48264682851731777191162109375" lon="121.16494051180779933929443359375">
        <ele>3</ele>
        <time>2026-09-15T22:27:13.000Z</time>
        <extensions>
          <ns3:TrackPointExtension>
            <ns3:hr>118</ns3:hr>
            <ns3:cad>93</ns3:cad>
          </ns3:TrackPointExtension>
        </extensions>
      </trkpt>
      <trkpt lat="31.48263576440513134002685546875" lon="121.16492123343050479888916015625">
        <ele>3</ele>
        <time>2026-09-15T22:27:14.000Z</time>
        <extensions>
          <ns3:TrackPointExtension>
            <ns3:hr>118</ns3:hr>
            <ns3:cad>93</ns3:cad>
          </ns3:TrackPointExtension>
        </extensions>
      </trkpt>
      <trkpt lat="31.482630483806133270263671875" lon="121.16489307023584842681884765625">
        <ele>3</ele>
        <time>2026-09-15T22:27:15.000Z</time>
        <extensions>
          <ns3:TrackPointExtension>
            <ns3:hr>118</ns3:hr>
            <ns3:cad>93</ns3:cad>
          </ns3:TrackPointExtension>
        </extensions>
      </trkpt>
      <trkpt lat="31.48262017406523227691650390625" lon="121.1648737080395221710205078125">
        <ele>3</ele>
        <time>2026-09-15T22:27:16.000Z</time>
        <extensions>
          <ns3:TrackPointExtension>
            <ns3:hr>119</ns3:hr>
            <ns3:cad>92</ns3:cad>
          </ns3:TrackPointExtension>
        </extensions>
      </trkpt>
      <trkpt lat="31.4826158992946147918701171875" lon="121.16484780795872211456298828125">
        <ele>3</ele>
        <time>2026-09-15T22:27:17.000Z</time>
        <extensions>
          <ns3:TrackPointExtension>
            <ns3:hr>119</ns3:hr>
            <ns3:cad>92</ns3:cad>
          </ns3:TrackPointExtension>
        </extensions>
      </trkpt>
      <trkpt lat="31.48260441608726978302001953125" lon="121.16482567973434925079345703125">
        <ele>3</ele>
        <time>2026-09-15T22:27:18.000Z</time>
        <extensions>
          <ns3:TrackPointExtension>
            <ns3:hr>119</ns3:hr>
            <ns3:cad>92</ns3:cad>
          </ns3:TrackPointExtension>
        </extensions>
      </trkpt>
      <trkpt lat="31.48259821347892284393310546875" lon="121.16479885764420032501220703125">
        <ele>3</ele>
        <time>2026-09-15T22:27:19.000Z</time>
        <extensions>
          <ns3:TrackPointExtension>
            <ns3:hr>119</ns3:hr>
            <ns3:cad>92</ns3:cad>
          </ns3:TrackPointExtension>
        </extensions>
      </trkpt>
      <trkpt lat="31.48258723318576812744140625" lon="121.1647756397724151611328125">
        <ele>3</ele>
        <time>2026-09-15T22:27:20.000Z</time>
        <extensions>
          <ns3:TrackPointExtension>
            <ns3:hr>119</ns3:hr>
            <ns3:cad>92</ns3:cad>
          </ns3:TrackPointExtension>
        </extensions>
      </trkpt>
      <trkpt lat="31.48257943801581859588623046875" lon="121.16475493647158145904541015625">
        <ele>3</ele>
        <time>2026-09-15T22:27:21.000Z</time>
        <extensions>
          <ns3:TrackPointExtension>
            <ns3:hr>118</ns3:hr>
            <ns3:cad>92</ns3:cad>
          </ns3:TrackPointExtension>
        </extensions>
      </trkpt>
      <trkpt lat="31.48256921209394931793212890625" lon="121.1647285334765911102294921875">
        <ele>3.2000000476837158203125</ele>
        <time>2026-09-15T22:27:22.000Z</time>
        <extensions>
          <ns3:TrackPointExtension>
            <ns3:hr>119</ns3:hr>
            <ns3:cad>92</ns3:cad>
          </ns3:TrackPointExtension>
        </extensions>
      </trkpt>
      <trkpt lat="31.4825602434575557708740234375" lon="121.164708249270915985107421875">
        <ele>3.2000000476837158203125</ele>
        <time>2026-09-15T22:27:23.000Z</time>
        <extensions>
          <ns3:TrackPointExtension>
            <ns3:hr>119</ns3:hr>
            <ns3:cad>92</ns3:cad>
          </ns3:TrackPointExtension>
        </extensions>
      </trkpt>
      <trkpt lat="31.48255127482116222381591796875" lon="121.164678074419498443603515625">
        <ele>3.2000000476837158203125</ele>
        <time>2026-09-15T22:27:24.000Z</time>
        <extensions>
          <ns3:TrackPointExtension>
            <ns3:hr>118</ns3:hr>
            <ns3:cad>92</ns3:cad>
          </ns3:TrackPointExtension>
        </extensions>
      </trkpt>
      <trkpt lat="31.48254021070897579193115234375" lon="121.16466105915606021881103515625">
        <ele>3.2000000476837158203125</ele>
        <time>2026-09-15T22:27:25.000Z</time>
        <extensions>
          <ns3:TrackPointExtension>
            <ns3:hr>118</ns3:hr>
            <ns3:cad>92</ns3:cad>
          </ns3:TrackPointExtension>
        </extensions>
      </trkpt>
      <trkpt lat="31.48253023624420166015625" lon="121.16463021375238895416259765625">
        <ele>3.2000000476837158203125</ele>
        <time>2026-09-15T22:27:26.000Z</time>
        <extensions>
          <ns3:TrackPointExtension>
            <ns3:hr>118</ns3:hr>
            <ns3:cad>92</ns3:cad>
          </ns3:TrackPointExtension>
        </extensions>
      </trkpt>
      <trkpt lat="31.48251808248460292816162109375" lon="121.16461412049829959869384765625">
        <ele>3.2000000476837158203125</ele>
        <time>2026-09-15T22:27:27.000Z</time>
        <extensions>
          <ns3:TrackPointExtension>
            <ns3:hr>119</ns3:hr>
            <ns3:cad>92</ns3:cad>
          </ns3:TrackPointExtension>
        </extensions>
      </trkpt>
      <trkpt lat="31.4825096167623996734619140625" lon="121.1645825207233428955078125">
        <ele>3.2000000476837158203125</ele>
        <time>2026-09-15T22:27:28.000Z</time>
        <extensions>
          <ns3:TrackPointExtension>
            <ns3:hr>119</ns3:hr>
            <ns3:cad>92</ns3:cad>
          </ns3:TrackPointExtension>
        </extensions>
      </trkpt>
      <trkpt lat="31.48249696008861064910888671875" lon="121.1645645834505558013916015625">
        <ele>3.2000000476837158203125</ele>
        <time>2026-09-15T22:27:29.000Z</time>
        <extensions>
          <ns3:TrackPointExtension>
            <ns3:hr>119</ns3:hr>
            <ns3:cad>93</ns3:cad>
          </ns3:TrackPointExtension>
        </extensions>
      </trkpt>
      <trkpt lat="31.48249310441315174102783203125" lon="121.16453331895172595977783203125">
        <ele>3.2000000476837158203125</ele>
        <time>2026-09-15T22:27:30.000Z</time>
        <extensions>
          <ns3:TrackPointExtension>
            <ns3:hr>119</ns3:hr>
            <ns3:cad>93</ns3:cad>
          </ns3:TrackPointExtension>
        </extensions>
      </trkpt>
      <trkpt lat="31.48247986100614070892333984375" lon="121.16451286710798740386962890625">
        <ele>3.2000000476837158203125</ele>
        <time>2026-09-15T22:27:31.000Z</time>
        <extensions>
          <ns3:TrackPointExtension>
            <ns3:hr>119</ns3:hr>
            <ns3:cad>91</ns3:cad>
          </ns3:TrackPointExtension>
        </extensions>
      </trkpt>
      <trkpt lat="31.48247349075973033905029296875" lon="121.16448202170431613922119140625">
        <ele>3.2000000476837158203125</ele>
        <time>2026-09-15T22:27:32.000Z</time>
        <extensions>
          <ns3:TrackPointExtension>
            <ns3:hr>118</ns3:hr>
            <ns3:cad>91</ns3:cad>
          </ns3:TrackPointExtension>
        </extensions>
      </trkpt>
      <trkpt lat="31.4824606664478778839111328125" lon="121.16445922292768955230712890625">
        <ele>3.400000095367431640625</ele>
        <time>2026-09-15T22:27:33.000Z</time>
        <extensions>
          <ns3:TrackPointExtension>
            <ns3:hr>119</ns3:hr>
            <ns3:cad>92</ns3:cad>
          </ns3:TrackPointExtension>
        </extensions>
      </trkpt>
      <trkpt lat="31.4824526198208332061767578125" lon="121.1644311435520648956298828125">
        <ele>3.400000095367431640625</ele>
        <time>2026-09-15T22:27:34.000Z</time>
        <extensions>
          <ns3:TrackPointExtension>
            <ns3:hr>118</ns3:hr>
            <ns3:cad>93</ns3:cad>
          </ns3:TrackPointExtension>
        </extensions>
      </trkpt>
      <trkpt lat="31.48243971168994903564453125" lon="121.16440524347126483917236328125">
        <ele>3.2000000476837158203125</ele>
        <time>2026-09-15T22:27:35.000Z</time>
        <extensions>
          <ns3:TrackPointExtension>
            <ns3:hr>118</ns3:hr>
            <ns3:cad>93</ns3:cad>
          </ns3:TrackPointExtension>
        </extensions>
      </trkpt>
      <trkpt lat="31.482432000339031219482421875" lon="121.16437523625791072845458984375">
        <ele>3.2000000476837158203125</ele>
        <time>2026-09-15T22:27:36.000Z</time>
        <extensions>
          <ns3:TrackPointExtension>
            <ns3:hr>118</ns3:hr>
            <ns3:cad>93</ns3:cad>
          </ns3:TrackPointExtension>
        </extensions>
      </trkpt>
      <trkpt lat="31.48242085240781307220458984375" lon="121.16434975527226924896240234375">
        <ele>3.400000095367431640625</ele>
        <time>2026-09-15T22:27:37.000Z</time>
        <extensions>
          <ns3:TrackPointExtension>
            <ns3:hr>119</ns3:hr>
            <ns3:cad>92</ns3:cad>
          </ns3:TrackPointExtension>
        </extensions>
      </trkpt>
      <trkpt lat="31.48241314105689525604248046875" lon="121.16432435810565948486328125">
        <ele>3.400000095367431640625</ele>
        <time>2026-09-15T22:27:38.000Z</time>
        <extensions>
          <ns3:TrackPointExtension>
            <ns3:hr>118</ns3:hr>
            <ns3:cad>92</ns3:cad>
          </ns3:TrackPointExtension>
        </extensions>
      </trkpt>
      <trkpt lat="31.4824033342301845550537109375" lon="121.16429829038679599761962890625">
        <ele>3.2000000476837158203125</ele>
        <time>2026-09-15T22:27:39.000Z</time>
        <extensions>
          <ns3:TrackPointExtension>
            <ns3:hr>118</ns3:hr>
            <ns3:cad>92</ns3:cad>
          </ns3:TrackPointExtension>
        </extensions>
      </trkpt>
      <trkpt lat="31.482393778860569000244140625" lon="121.16427850909531116485595703125">
        <ele>3.400000095367431640625</ele>
        <time>2026-09-15T22:27:40.000Z</time>
        <extensions>
          <ns3:TrackPointExtension>
            <ns3:hr>119</ns3:hr>
            <ns3:cad>92</ns3:cad>
          </ns3:TrackPointExtension>
        </extensions>
      </trkpt>
      <trkpt lat="31.48238346911966800689697265625" lon="121.16425017826259136199951171875">
        <ele>3.400000095367431640625</ele>
        <time>2026-09-15T22:27:41.000Z</time>
        <extensions>
          <ns3:TrackPointExtension>
            <ns3:hr>118</ns3:hr>
            <ns3:cad>92</ns3:cad>
          </ns3:TrackPointExtension>
        </extensions>
      </trkpt>
      <trkpt lat="31.4823728241026401519775390625" lon="121.16423123516142368316650390625">
        <ele>3.400000095367431640625</ele>
        <time>2026-09-15T22:27:42.000Z</time>
        <extensions>
          <ns3:TrackPointExtension>
            <ns3:hr>118</ns3:hr>
            <ns3:cad>92</ns3:cad>
          </ns3:TrackPointExtension>
        </extensions>
      </trkpt>
      <trkpt lat="31.48236402310431003570556640625" lon="121.16420307196676731109619140625">
        <ele>3.400000095367431640625</ele>
        <time>2026-09-15T22:27:43.000Z</time>
        <extensions>
          <ns3:TrackPointExtension>
            <ns3:hr>119</ns3:hr>
            <ns3:cad>92</ns3:cad>
          </ns3:TrackPointExtension>
        </extensions>
      </trkpt>
      <trkpt lat="31.4823523722589015960693359375" lon="121.16418546997010707855224609375">
        <ele>3.400000095367431640625</ele>
        <time>2026-09-15T22:27:44.000Z</time>
        <extensions>
          <ns3:TrackPointExtension>
            <ns3:hr>119</ns3:hr>
            <ns3:cad>92</ns3:cad>
          </ns3:TrackPointExtension>
        </extensions>
      </trkpt>
      <trkpt lat="31.48234524764120578765869140625" lon="121.16415479220449924468994140625">
        <ele>3.400000095367431640625</ele>
        <time>2026-09-15T22:27:45.000Z</time>
        <extensions>
          <ns3:TrackPointExtension>
            <ns3:hr>119</ns3:hr>
            <ns3:cad>92</ns3:cad>
          </ns3:TrackPointExtension>
        </extensions>
      </trkpt>
      <trkpt lat="31.4823366142809391021728515625" lon="121.16413786076009273529052734375">
        <ele>3.400000095367431640625</ele>
        <time>2026-09-15T22:27:46.000Z</time>
        <extensions>
          <ns3:TrackPointExtension>
            <ns3:hr>119</ns3:hr>
            <ns3:cad>92</ns3:cad>
          </ns3:TrackPointExtension>
        </extensions>
      </trkpt>
      <trkpt lat="31.48233284242451190948486328125" lon="121.1641072668135166168212890625">
        <ele>3.599999904632568359375</ele>
        <time>2026-09-15T22:27:47.000Z</time>
        <extensions>
          <ns3:TrackPointExtension>
            <ns3:hr>118</ns3:hr>
            <ns3:cad>92</ns3:cad>
          </ns3:TrackPointExtension>
        </extensions>
      </trkpt>
      <trkpt lat="31.48232295177876949310302734375" lon="121.1640921793878078460693359375">
        <ele>3.599999904632568359375</ele>
        <time>2026-09-15T22:27:48.000Z</time>
        <extensions>
          <ns3:TrackPointExtension>
            <ns3:hr>119</ns3:hr>
            <ns3:cad>92</ns3:cad>
          </ns3:TrackPointExtension>
        </extensions>
      </trkpt>
      <trkpt lat="31.48231473751366138458251953125" lon="121.1640603281557559967041015625">
        <ele>3.599999904632568359375</ele>
        <time>2026-09-15T22:27:49.000Z</time>
        <extensions>
          <ns3:TrackPointExtension>
            <ns3:hr>119</ns3:hr>
            <ns3:cad>92</ns3:cad>
          </ns3:TrackPointExtension>
        </extensions>
      </trkpt>
      <trkpt lat="31.48230434395372867584228515625" lon="121.16404482163488864898681640625">
        <ele>3.599999904632568359375</ele>
        <time>2026-09-15T22:27:50.000Z</time>
        <extensions>
          <ns3:TrackPointExtension>
            <ns3:hr>119</ns3:hr>
            <ns3:cad>92</ns3:cad>
          </ns3:TrackPointExtension>
        </extensions>
      </trkpt>
      <trkpt lat="31.4822947047650814056396484375" lon="121.16401724517345428466796875">
        <ele>3.7999999523162841796875</ele>
        <time>2026-09-15T22:27:51.000Z</time>
        <extensions>
          <ns3:TrackPointExtension>
            <ns3:hr>118</ns3:hr>
            <ns3:cad>92</ns3:cad>
          </ns3:TrackPointExtension>
        </extensions>
      </trkpt>
      <trkpt lat="31.4822822995483875274658203125" lon="121.16399855352938175201416015625">
        <ele>3.7999999523162841796875</ele>
        <time>2026-09-15T22:27:52.000Z</time>
        <extensions>
          <ns3:TrackPointExtension>
            <ns3:hr>119</ns3:hr>
            <ns3:cad>92</ns3:cad>
          </ns3:TrackPointExtension>
        </extensions>
      </trkpt>
      <trkpt lat="31.48227919824421405792236328125" lon="121.16396921686828136444091796875">
        <ele>3.7999999523162841796875</ele>
        <time>2026-09-15T22:27:53.000Z</time>
        <extensions>
          <ns3:TrackPointExtension>
            <ns3:hr>119</ns3:hr>
            <ns3:cad>92</ns3:cad>
          </ns3:TrackPointExtension>
        </extensions>
      </trkpt>
      <trkpt lat="31.48226779885590076446533203125" lon="121.16395060904324054718017578125">
        <ele>3.7999999523162841796875</ele>
        <time>2026-09-15T22:27:54.000Z</time>
        <extensions>
          <ns3:TrackPointExtension>
            <ns3:hr>119</ns3:hr>
            <ns3:cad>92</ns3:cad>
          </ns3:TrackPointExtension>
        </extensions>
      </trkpt>
      <trkpt lat="31.482260338962078094482421875" lon="121.163921691477298736572265625">
        <ele>3.7999999523162841796875</ele>
        <time>2026-09-15T22:27:55.000Z</time>
        <extensions>
          <ns3:TrackPointExtension>
            <ns3:hr>119</ns3:hr>
            <ns3:cad>91</ns3:cad>
          </ns3:TrackPointExtension>
        </extensions>
      </trkpt>
      <trkpt lat="31.48224818520247936248779296875" lon="121.16390517912805080413818359375">
        <ele>3.7999999523162841796875</ele>
        <time>2026-09-15T22:27:56.000Z</time>
        <extensions>
          <ns3:TrackPointExtension>
            <ns3:hr>119</ns3:hr>
            <ns3:cad>91</ns3:cad>
          </ns3:TrackPointExtension>
        </extensions>
      </trkpt>
      <trkpt lat="31.48224567063152790069580078125" lon="121.1638802848756313323974609375">
        <ele>3.7999999523162841796875</ele>
        <time>2026-09-15T22:27:57.000Z</time>
        <extensions>
          <ns3:TrackPointExtension>
            <ns3:hr>119</ns3:hr>
            <ns3:cad>91</ns3:cad>
          </ns3:TrackPointExtension>
        </extensions>
      </trkpt>
      <trkpt lat="31.48223259486258029937744140625" lon="121.163864694535732269287109375">
        <ele>3.7999999523162841796875</ele>
        <time>2026-09-15T22:27:58.000Z</time>
        <extensions>
          <ns3:TrackPointExtension>
            <ns3:hr>119</ns3:hr>
            <ns3:cad>91</ns3:cad>
          </ns3:TrackPointExtension>
        </extensions>
      </trkpt>
      <trkpt lat="31.4822289906442165374755859375" lon="121.16383678279817104339599609375">
        <ele>3.7999999523162841796875</ele>
        <time>2026-09-15T22:27:59.000Z</time>
        <extensions>
          <ns3:TrackPointExtension>
            <ns3:hr>120</ns3:hr>
            <ns3:cad>91</ns3:cad>
          </ns3:TrackPointExtension>
        </extensions>
      </trkpt>
      <trkpt lat="31.4822192676365375518798828125" lon="121.163814067840576171875">
        <ele>3.7999999523162841796875</ele>
        <time>2026-09-15T22:28:00.000Z</time>
        <extensions>
          <ns3:TrackPointExtension>
            <ns3:hr>119</ns3:hr>
            <ns3:cad>90</ns3:cad>
          </ns3:TrackPointExtension>
        </extensions>
      </trkpt>
      <trkpt lat="31.48221113719046115875244140625" lon="121.16379118524491786956787109375">
        <ele>4</ele>
        <time>2026-09-15T22:28:01.000Z</time>
        <extensions>
          <ns3:TrackPointExtension>
            <ns3:hr>119</ns3:hr>
            <ns3:cad>90</ns3:cad>
          </ns3:TrackPointExtension>
        </extensions>
      </trkpt>
      <trkpt lat="31.48220309056341648101806640625" lon="121.16377157159149646759033203125">
        <ele>4</ele>
        <time>2026-09-15T22:28:02.000Z</time>
        <extensions>
          <ns3:TrackPointExtension>
            <ns3:hr>119</ns3:hr>
            <ns3:cad>90</ns3:cad>
          </ns3:TrackPointExtension>
        </extensions>
      </trkpt>
      <trkpt lat="31.4821951277554035186767578125" lon="121.16375036537647247314453125">
        <ele>4</ele>
        <time>2026-09-15T22:28:03.000Z</time>
        <extensions>
          <ns3:TrackPointExtension>
            <ns3:hr>120</ns3:hr>
            <ns3:cad>90</ns3:cad>
          </ns3:TrackPointExtension>
        </extensions>
      </trkpt>
      <trkpt lat="31.48218951188027858734130859375" lon="121.163726560771465301513671875">
        <ele>4.19999980926513671875</ele>
        <time>2026-09-15T22:28:04.000Z</time>
        <extensions>
          <ns3:TrackPointExtension>
            <ns3:hr>120</ns3:hr>
            <ns3:cad>91</ns3:cad>
          </ns3:TrackPointExtension>
        </extensions>
      </trkpt>
      <trkpt lat="31.4821807108819484710693359375" lon="121.16370753385126590728759765625">
        <ele>4</ele>
        <time>2026-09-15T22:28:05.000Z</time>
        <extensions>
          <ns3:TrackPointExtension>
            <ns3:hr>120</ns3:hr>
            <ns3:cad>91</ns3:cad>
          </ns3:TrackPointExtension>
        </extensions>
      </trkpt>
      <trkpt lat="31.482173837721347808837890625" lon="121.163678951561450958251953125">
        <ele>4</ele>
        <time>2026-09-15T22:28:06.000Z</time>
        <extensions>
          <ns3:TrackPointExtension>
            <ns3:hr>119</ns3:hr>
            <ns3:cad>91</ns3:cad>
          </ns3:TrackPointExtension>
        </extensions>
      </trkpt>
      <trkpt lat="31.4821629412472248077392578125" lon="121.163661181926727294921875">
        <ele>4</ele>
        <time>2026-09-15T22:28:07.000Z</time>
        <extensions>
          <ns3:TrackPointExtension>
            <ns3:hr>119</ns3:hr>
            <ns3:cad>90</ns3:cad>
          </ns3:TrackPointExtension>
        </extensions>
      </trkpt>
      <trkpt lat="31.48215405642986297607421875" lon="121.1636288277804851531982421875">
        <ele>4</ele>
        <time>2026-09-15T22:28:08.000Z</time>
        <extensions>
          <ns3:TrackPointExtension>
            <ns3:hr>118</ns3:hr>
            <ns3:cad>90</ns3:cad>
          </ns3:TrackPointExtension>
        </extensions>
      </trkpt>
      <trkpt lat="31.4821426570415496826171875" lon="121.1636102199554443359375">
        <ele>4</ele>
        <time>2026-09-15T22:28:09.000Z</time>
        <extensions>
          <ns3:TrackPointExtension>
            <ns3:hr>117</ns3:hr>
            <ns3:cad>90</ns3:cad>
          </ns3:TrackPointExtension>
        </extensions>
      </trkpt>
      <trkpt lat="31.48213318549096584320068359375" lon="121.16358113475143909454345703125">
        <ele>4</ele>
        <time>2026-09-15T22:28:10.000Z</time>
        <extensions>
          <ns3:TrackPointExtension>
            <ns3:hr>117</ns3:hr>
            <ns3:cad>90</ns3:cad>
          </ns3:TrackPointExtension>
        </extensions>
      </trkpt>
      <trkpt lat="31.48212228901684284210205078125" lon="121.16356194019317626953125">
        <ele>4</ele>
        <time>2026-09-15T22:28:11.000Z</time>
        <extensions>
          <ns3:TrackPointExtension>
            <ns3:hr>117</ns3:hr>
            <ns3:cad>91</ns3:cad>
          </ns3:TrackPointExtension>
        </extensions>
      </trkpt>
      <trkpt lat="31.482117511332035064697265625" lon="121.16352983750402927398681640625">
        <ele>4</ele>
        <time>2026-09-15T22:28:12.000Z</time>
        <extensions>
          <ns3:TrackPointExtension>
            <ns3:hr>116</ns3:hr>
            <ns3:cad>92</ns3:cad>
          </ns3:TrackPointExtension>
        </extensions>
      </trkpt>
      <trkpt lat="31.48210954852402210235595703125" lon="121.16351223550736904144287109375">
        <ele>4</ele>
        <time>2026-09-15T22:28:13.000Z</time>
        <extensions>
          <ns3:TrackPointExtension>
            <ns3:hr>116</ns3:hr>
            <ns3:cad>92</ns3:cad>
          </ns3:TrackPointExtension>
        </extensions>
      </trkpt>
      <trkpt lat="31.4821039326488971710205078125" lon="121.1634839884936809539794921875">
        <ele>4</ele>
        <time>2026-09-15T22:28:14.000Z</time>
        <extensions>
          <ns3:TrackPointExtension>
            <ns3:hr>116</ns3:hr>
            <ns3:cad>92</ns3:cad>
          </ns3:TrackPointExtension>
        </extensions>
      </trkpt>
      <trkpt lat="31.48209345526993274688720703125" lon="121.163470745086669921875">
        <ele>4</ele>
        <time>2026-09-15T22:28:15.000Z</time>
        <extensions>
          <ns3:TrackPointExtension>
            <ns3:hr>116</ns3:hr>
            <ns3:cad>92</ns3:cad>
          </ns3:TrackPointExtension>
        </extensions>
      </trkpt>
      <trkpt lat="31.482085995376110076904296875" lon="121.16344266571104526519775390625">
        <ele>4.19999980926513671875</ele>
        <time>2026-09-15T22:28:16.000Z</time>
        <extensions>
          <ns3:TrackPointExtension>
            <ns3:hr>116</ns3:hr>
            <ns3:cad>92</ns3:cad>
          </ns3:TrackPointExtension>
        </extensions>
      </trkpt>
      <trkpt lat="31.48207484744489192962646484375" lon="121.16342456080019474029541015625">
        <ele>4.19999980926513671875</ele>
        <time>2026-09-15T22:28:17.000Z</time>
        <extensions>
          <ns3:TrackPointExtension>
            <ns3:hr>117</ns3:hr>
            <ns3:cad>92</ns3:cad>
          </ns3:TrackPointExtension>
        </extensions>
      </trkpt>
      <trkpt lat="31.48207099176943302154541015625" lon="121.16339421831071376800537109375">
        <ele>4</ele>
        <time>2026-09-15T22:28:18.000Z</time>
        <extensions>
          <ns3:TrackPointExtension>
            <ns3:hr>118</ns3:hr>
            <ns3:cad>91</ns3:cad>
          </ns3:TrackPointExtension>
        </extensions>
      </trkpt>
      <trkpt lat="31.48205925710499286651611328125" lon="121.16337343119084835052490234375">
        <ele>4</ele>
        <time>2026-09-15T22:28:19.000Z</time>
        <extensions>
          <ns3:TrackPointExtension>
            <ns3:hr>118</ns3:hr>
            <ns3:cad>91</ns3:cad>
          </ns3:TrackPointExtension>
        </extensions>
      </trkpt>
      <trkpt lat="31.48205137811601161956787109375" lon="121.16334577091038227081298828125">
        <ele>4</ele>
        <time>2026-09-15T22:28:20.000Z</time>
        <extensions>
          <ns3:TrackPointExtension>
            <ns3:hr>118</ns3:hr>
            <ns3:cad>92</ns3:cad>
          </ns3:TrackPointExtension>
        </extensions>
      </trkpt>
      <trkpt lat="31.4820407330989837646484375" lon="121.16332481615245342254638671875">
        <ele>4</ele>
        <time>2026-09-15T22:28:21.000Z</time>
        <extensions>
          <ns3:TrackPointExtension>
            <ns3:hr>118</ns3:hr>
            <ns3:cad>92</ns3:cad>
          </ns3:TrackPointExtension>
        </extensions>
      </trkpt>
      <trkpt lat="31.48203260265290737152099609375" lon="121.16330050863325595855712890625">
        <ele>4</ele>
        <time>2026-09-15T22:28:22.000Z</time>
        <extensions>
          <ns3:TrackPointExtension>
            <ns3:hr>118</ns3:hr>
            <ns3:cad>92</ns3:cad>
          </ns3:TrackPointExtension>
        </extensions>
      </trkpt>
      <trkpt lat="31.48202019743621349334716796875" lon="121.16327687166631221771240234375">
        <ele>4</ele>
        <time>2026-09-15T22:28:23.000Z</time>
        <extensions>
          <ns3:TrackPointExtension>
            <ns3:hr>117</ns3:hr>
            <ns3:cad>91</ns3:cad>
          </ns3:TrackPointExtension>
        </extensions>
      </trkpt>
      <trkpt lat="31.4820139110088348388671875" lon="121.163250468671321868896484375">
        <ele>4</ele>
        <time>2026-09-15T22:28:24.000Z</time>
        <extensions>
          <ns3:TrackPointExtension>
            <ns3:hr>118</ns3:hr>
            <ns3:cad>92</ns3:cad>
          </ns3:TrackPointExtension>
        </extensions>
      </trkpt>
      <trkpt lat="31.4820033498108386993408203125" lon="121.16322775371372699737548828125">
        <ele>4</ele>
        <time>2026-09-15T22:28:25.000Z</time>
        <extensions>
          <ns3:TrackPointExtension>
            <ns3:hr>118</ns3:hr>
            <ns3:cad>91</ns3:cad>
          </ns3:TrackPointExtension>
        </extensions>
      </trkpt>
      <trkpt lat="31.48199714720249176025390625" lon="121.16320612840354442596435546875">
        <ele>4</ele>
        <time>2026-09-15T22:28:26.000Z</time>
        <extensions>
          <ns3:TrackPointExtension>
            <ns3:hr>118</ns3:hr>
            <ns3:cad>92</ns3:cad>
          </ns3:TrackPointExtension>
        </extensions>
      </trkpt>
      <trkpt lat="31.4819865860044956207275390625" lon="121.163183748722076416015625">
        <ele>4</ele>
        <time>2026-09-15T22:28:27.000Z</time>
        <extensions>
          <ns3:TrackPointExtension>
            <ns3:hr>118</ns3:hr>
            <ns3:cad>92</ns3:cad>
          </ns3:TrackPointExtension>
        </extensions>
      </trkpt>
      <trkpt lat="31.48197837173938751220703125" lon="121.1631637997925281524658203125">
        <ele>4</ele>
        <time>2026-09-15T22:28:28.000Z</time>
        <extensions>
          <ns3:TrackPointExtension>
            <ns3:hr>118</ns3:hr>
            <ns3:cad>92</ns3:cad>
          </ns3:TrackPointExtension>
        </extensions>
      </trkpt>
      <trkpt lat="31.48196890018880367279052734375" lon="121.163137815892696380615234375">
        <ele>4</ele>
        <time>2026-09-15T22:28:29.000Z</time>
        <extensions>
          <ns3:TrackPointExtension>
            <ns3:hr>117</ns3:hr>
            <ns3:cad>92</ns3:cad>
          </ns3:TrackPointExtension>
        </extensions>
      </trkpt>
      <trkpt lat="31.4819624461233615875244140625" lon="121.1631161905825138092041015625">
        <ele>4</ele>
        <time>2026-09-15T22:28:30.000Z</time>
        <extensions>
          <ns3:TrackPointExtension>
            <ns3:hr>117</ns3:hr>
            <ns3:cad>92</ns3:cad>
          </ns3:TrackPointExtension>
        </extensions>
      </trkpt>
      <trkpt lat="31.48195548914372920989990234375" lon="121.163089536130428314208984375">
        <ele>4</ele>
        <time>2026-09-15T22:28:31.000Z</time>
        <extensions>
          <ns3:TrackPointExtension>
            <ns3:hr>117</ns3:hr>
            <ns3:cad>92</ns3:cad>
          </ns3:TrackPointExtension>
        </extensions>
      </trkpt>
      <trkpt lat="31.48194610141217708587646484375" lon="121.1630719341337680816650390625">
        <ele>4</ele>
        <time>2026-09-15T22:28:32.000Z</time>
        <extensions>
          <ns3:TrackPointExtension>
            <ns3:hr>117</ns3:hr>
            <ns3:cad>92</ns3:cad>
          </ns3:TrackPointExtension>
        </extensions>
      </trkpt>
      <trkpt lat="31.4819369651377201080322265625" lon="121.1630471237003803253173828125">
        <ele>4</ele>
        <time>2026-09-15T22:28:33.000Z</time>
        <extensions>
          <ns3:TrackPointExtension>
            <ns3:hr>117</ns3:hr>
            <ns3:cad>92</ns3:cad>
          </ns3:TrackPointExtension>
        </extensions>
      </trkpt>
      <trkpt lat="31.48192581720650196075439453125" lon="121.16302885115146636962890625">
        <ele>4</ele>
        <time>2026-09-15T22:28:34.000Z</time>
        <extensions>
          <ns3:TrackPointExtension>
            <ns3:hr>117</ns3:hr>
            <ns3:cad>92</ns3:cad>
          </ns3:TrackPointExtension>
        </extensions>
      </trkpt>
      <trkpt lat="31.48191894404590129852294921875" lon="121.1629988439381122589111328125">
        <ele>4</ele>
        <time>2026-09-15T22:28:35.000Z</time>
        <extensions>
          <ns3:TrackPointExtension>
            <ns3:hr>117</ns3:hr>
            <ns3:cad>92</ns3:cad>
          </ns3:TrackPointExtension>
        </extensions>
      </trkpt>
      <trkpt lat="31.4819057844579219818115234375" lon="121.16298115812242031097412109375">
        <ele>4</ele>
        <time>2026-09-15T22:28:36.000Z</time>
        <extensions>
          <ns3:TrackPointExtension>
            <ns3:hr>116</ns3:hr>
            <ns3:cad>92</ns3:cad>
          </ns3:TrackPointExtension>
        </extensions>
      </trkpt>
      <trkpt lat="31.4819000847637653350830078125" lon="121.16295014508068561553955078125">
        <ele>4</ele>
        <time>2026-09-15T22:28:37.000Z</time>
        <extensions>
          <ns3:TrackPointExtension>
            <ns3:hr>116</ns3:hr>
            <ns3:cad>92</ns3:cad>
          </ns3:TrackPointExtension>
        </extensions>
      </trkpt>
      <trkpt lat="31.48188809864223003387451171875" lon="121.162931621074676513671875">
        <ele>4</ele>
        <time>2026-09-15T22:28:38.000Z</time>
        <extensions>
          <ns3:TrackPointExtension>
            <ns3:hr>115</ns3:hr>
            <ns3:cad>92</ns3:cad>
          </ns3:TrackPointExtension>
        </extensions>
      </trkpt>
      <trkpt lat="31.48188441060483455657958984375" lon="121.16289868019521236419677734375">
        <ele>4</ele>
        <time>2026-09-15T22:28:39.000Z</time>
        <extensions>
          <ns3:TrackPointExtension>
            <ns3:hr>115</ns3:hr>
            <ns3:cad>91</ns3:cad>
          </ns3:TrackPointExtension>
        </extensions>
      </trkpt>
      <trkpt lat="31.4818712510168552398681640625" lon="121.16287621669471263885498046875">
        <ele>4</ele>
        <time>2026-09-15T22:28:40.000Z</time>
        <extensions>
          <ns3:TrackPointExtension>
            <ns3:hr>115</ns3:hr>
            <ns3:cad>91</ns3:cad>
          </ns3:TrackPointExtension>
        </extensions>
      </trkpt>
      <trkpt lat="31.48186630569398403167724609375" lon="121.1628449521958827972412109375">
        <ele>4</ele>
        <time>2026-09-15T22:28:41.000Z</time>
        <extensions>
          <ns3:TrackPointExtension>
            <ns3:hr>115</ns3:hr>
            <ns3:cad>93</ns3:cad>
          </ns3:TrackPointExtension>
        </extensions>
      </trkpt>
      <trkpt lat="31.4818544872105121612548828125" lon="121.16282232105731964111328125">
        <ele>4</ele>
        <time>2026-09-15T22:28:42.000Z</time>
        <extensions>
          <ns3:TrackPointExtension>
            <ns3:hr>114</ns3:hr>
            <ns3:cad>93</ns3:cad>
          </ns3:TrackPointExtension>
        </extensions>
      </trkpt>
      <trkpt lat="31.4818474464118480682373046875" lon="121.1627963371574878692626953125">
        <ele>4</ele>
        <time>2026-09-15T22:28:43.000Z</time>
        <extensions>
          <ns3:TrackPointExtension>
            <ns3:hr>114</ns3:hr>
            <ns3:cad>93</ns3:cad>
          </ns3:TrackPointExtension>
        </extensions>
      </trkpt>
      <trkpt lat="31.48183629848062992095947265625" lon="121.16277043707668781280517578125">
        <ele>4</ele>
        <time>2026-09-15T22:28:44.000Z</time>
        <extensions>
          <ns3:TrackPointExtension>
            <ns3:hr>114</ns3:hr>
            <ns3:cad>93</ns3:cad>
          </ns3:TrackPointExtension>
        </extensions>
      </trkpt>
      <trkpt lat="31.4818280003964900970458984375" lon="121.16274814121425151824951171875">
        <ele>4</ele>
        <time>2026-09-15T22:28:45.000Z</time>
        <extensions>
          <ns3:TrackPointExtension>
            <ns3:hr>114</ns3:hr>
            <ns3:cad>93</ns3:cad>
          </ns3:TrackPointExtension>
        </extensions>
      </trkpt>
      <trkpt lat="31.48181517608463764190673828125" lon="121.162722744047641754150390625">
        <ele>4</ele>
        <time>2026-09-15T22:28:46.000Z</time>
        <extensions>
          <ns3:TrackPointExtension>
            <ns3:hr>114</ns3:hr>
            <ns3:cad>93</ns3:cad>
          </ns3:TrackPointExtension>
        </extensions>
      </trkpt>
      <trkpt lat="31.4818052016198635101318359375" lon="121.1627017892897129058837890625">
        <ele>4</ele>
        <time>2026-09-15T22:28:47.000Z</time>
        <extensions>
          <ns3:TrackPointExtension>
            <ns3:hr>114</ns3:hr>
            <ns3:cad>93</ns3:cad>
          </ns3:TrackPointExtension>
        </extensions>
      </trkpt>
      <trkpt lat="31.48179598152637481689453125" lon="121.16267387755215167999267578125">
        <ele>4</ele>
        <time>2026-09-15T22:28:48.000Z</time>
        <extensions>
          <ns3:TrackPointExtension>
            <ns3:hr>114</ns3:hr>
            <ns3:cad>92</ns3:cad>
          </ns3:TrackPointExtension>
        </extensions>
      </trkpt>
      <trkpt lat="31.48178868927061557769775390625" lon="121.16265024058520793914794921875">
        <ele>4</ele>
        <time>2026-09-15T22:28:49.000Z</time>
        <extensions>
          <ns3:TrackPointExtension>
            <ns3:hr>114</ns3:hr>
            <ns3:cad>92</ns3:cad>
          </ns3:TrackPointExtension>
        </extensions>
      </trkpt>
      <trkpt lat="31.4817790500819683074951171875" lon="121.1626223288476467132568359375">
        <ele>4.19999980926513671875</ele>
        <time>2026-09-15T22:28:50.000Z</time>
        <extensions>
          <ns3:TrackPointExtension>
            <ns3:hr>114</ns3:hr>
            <ns3:cad>92</ns3:cad>
          </ns3:TrackPointExtension>
        </extensions>
      </trkpt>
      <trkpt lat="31.48176857270300388336181640625" lon="121.16260162554681301116943359375">
        <ele>4.19999980926513671875</ele>
        <time>2026-09-15T22:28:51.000Z</time>
        <extensions>
          <ns3:TrackPointExtension>
            <ns3:hr>114</ns3:hr>
            <ns3:cad>92</ns3:cad>
          </ns3:TrackPointExtension>
        </extensions>
      </trkpt>
      <trkpt lat="31.4817636273801326751708984375" lon="121.162568517029285430908203125">
        <ele>4.19999980926513671875</ele>
        <time>2026-09-15T22:28:52.000Z</time>
        <extensions>
          <ns3:TrackPointExtension>
            <ns3:hr>114</ns3:hr>
            <ns3:cad>92</ns3:cad>
          </ns3:TrackPointExtension>
        </extensions>
      </trkpt>
      <trkpt lat="31.48175574839115142822265625" lon="121.16254781372845172882080078125">
        <ele>4.19999980926513671875</ele>
        <time>2026-09-15T22:28:53.000Z</time>
        <extensions>
          <ns3:TrackPointExtension>
            <ns3:hr>114</ns3:hr>
            <ns3:cad>92</ns3:cad>
          </ns3:TrackPointExtension>
        </extensions>
      </trkpt>
      <trkpt lat="31.48175968788564205169677734375" lon="121.162517555058002471923828125">
        <ele>4.19999980926513671875</ele>
        <time>2026-09-15T22:28:54.000Z</time>
        <extensions>
          <ns3:TrackPointExtension>
            <ns3:hr>114</ns3:hr>
            <ns3:cad>92</ns3:cad>
          </ns3:TrackPointExtension>
        </extensions>
      </trkpt>
      <trkpt lat="31.4817585982382297515869140625" lon="121.16249643266201019287109375">
        <ele>4.19999980926513671875</ele>
        <time>2026-09-15T22:28:55.000Z</time>
        <extensions>
          <ns3:TrackPointExtension>
            <ns3:hr>114</ns3:hr>
            <ns3:cad>92</ns3:cad>
          </ns3:TrackPointExtension>
        </extensions>
      </trkpt>
      <trkpt lat="31.48177460767328739166259765625" lon="121.16247220896184444427490234375">
        <ele>4.19999980926513671875</ele>
        <time>2026-09-15T22:28:56.000Z</time>
        <extensions>
          <ns3:TrackPointExtension>
            <ns3:hr>114</ns3:hr>
            <ns3:cad>91</ns3:cad>
          </ns3:TrackPointExtension>
        </extensions>
      </trkpt>
      <trkpt lat="31.4817832410335540771484375" lon="121.162451840937137603759765625">
        <ele>4.19999980926513671875</ele>
        <time>2026-09-15T22:28:57.000Z</time>
        <extensions>
          <ns3:TrackPointExtension>
            <ns3:hr>114</ns3:hr>
            <ns3:cad>90</ns3:cad>
          </ns3:TrackPointExtension>
        </extensions>
      </trkpt>
      <trkpt lat="31.48180796764791011810302734375" lon="121.1624335683882236480712890625">
        <ele>4.19999980926513671875</ele>
        <time>2026-09-15T22:28:58.000Z</time>
        <extensions>
          <ns3:TrackPointExtension>
            <ns3:hr>113</ns3:hr>
            <ns3:cad>90</ns3:cad>
          </ns3:TrackPointExtension>
        </extensions>
      </trkpt>
      <trkpt lat="31.4818229712545871734619140625" lon="121.1624161340296268463134765625">
        <ele>4.19999980926513671875</ele>
        <time>2026-09-15T22:28:59.000Z</time>
        <extensions>
          <ns3:TrackPointExtension>
            <ns3:hr>114</ns3:hr>
            <ns3:cad>90</ns3:cad>
          </ns3:TrackPointExtension>
        </extensions>
      </trkpt>
      <trkpt lat="31.48184962570667266845703125" lon="121.16239987313747406005859375">
        <ele>4.19999980926513671875</ele>
        <time>2026-09-15T22:29:00.000Z</time>
        <extensions>
          <ns3:TrackPointExtension>
            <ns3:hr>114</ns3:hr>
            <ns3:cad>90</ns3:cad>
          </ns3:TrackPointExtension>
        </extensions>
      </trkpt>
      <trkpt lat="31.48186446167528629302978515625" lon="121.16238755173981189727783203125">
        <ele>4.19999980926513671875</ele>
        <time>2026-09-15T22:29:01.000Z</time>
        <extensions>
          <ns3:TrackPointExtension>
            <ns3:hr>114</ns3:hr>
            <ns3:cad>90</ns3:cad>
          </ns3:TrackPointExtension>
        </extensions>
      </trkpt>
      <trkpt lat="31.48189161904156208038330078125" lon="121.162375397980213165283203125">
        <ele>4.19999980926513671875</ele>
        <time>2026-09-15T22:29:02.000Z</time>
        <extensions>
          <ns3:TrackPointExtension>
            <ns3:hr>114</ns3:hr>
            <ns3:cad>91</ns3:cad>
          </ns3:TrackPointExtension>
        </extensions>
      </trkpt>
      <trkpt lat="31.4819047786295413970947265625" lon="121.16236123256385326385498046875">
        <ele>4</ele>
        <time>2026-09-15T22:29:03.000Z</time>
        <extensions>
          <ns3:TrackPointExtension>
            <ns3:hr>114</ns3:hr>
            <ns3:cad>91</ns3:cad>
          </ns3:TrackPointExtension>
        </extensions>
      </trkpt>
      <trkpt lat="31.48193017579615116119384765625" lon="121.16234748624265193939208984375">
        <ele>4</ele>
        <time>2026-09-15T22:29:04.000Z</time>
        <extensions>
          <ns3:TrackPointExtension>
            <ns3:hr>116</ns3:hr>
            <ns3:cad>91</ns3:cad>
          </ns3:TrackPointExtension>
        </extensions>
      </trkpt>
      <trkpt lat="31.481941826641559600830078125" lon="121.16233290173113346099853515625">
        <ele>4</ele>
        <time>2026-09-15T22:29:05.000Z</time>
        <extensions>
          <ns3:TrackPointExtension>
            <ns3:hr>118</ns3:hr>
            <ns3:cad>91</ns3:cad>
          </ns3:TrackPointExtension>
        </extensions>
      </trkpt>
      <trkpt lat="31.481963954865932464599609375" lon="121.16231865249574184417724609375">
        <ele>4</ele>
        <time>2026-09-15T22:29:06.000Z</time>
        <extensions>
          <ns3:TrackPointExtension>
            <ns3:hr>119</ns3:hr>
            <ns3:cad>91</ns3:cad>
          </ns3:TrackPointExtension>
        </extensions>
      </trkpt>
      <trkpt lat="31.48197644390165805816650390625" lon="121.16230473853647708892822265625">
        <ele>4</ele>
        <time>2026-09-15T22:29:07.000Z</time>
        <extensions>
          <ns3:TrackPointExtension>
            <ns3:hr>119</ns3:hr>
            <ns3:cad>92</ns3:cad>
          </ns3:TrackPointExtension>
        </extensions>
      </trkpt>
      <trkpt lat="31.48199622519314289093017578125" lon="121.1622945964336395263671875">
        <ele>4.19999980926513671875</ele>
        <time>2026-09-15T22:29:08.000Z</time>
        <extensions>
          <ns3:TrackPointExtension>
            <ns3:hr>119</ns3:hr>
            <ns3:cad>92</ns3:cad>
          </ns3:TrackPointExtension>
        </extensions>
      </trkpt>
      <trkpt lat="31.482015587389469146728515625" lon="121.16227959282696247100830078125">
        <ele>4.19999980926513671875</ele>
        <time>2026-09-15T22:29:09.000Z</time>
        <extensions>
          <ns3:TrackPointExtension>
            <ns3:hr>119</ns3:hr>
            <ns3:cad>92</ns3:cad>
          </ns3:TrackPointExtension>
        </extensions>
      </trkpt>
      <trkpt lat="31.482037715613842010498046875" lon="121.16226710379123687744140625">
        <ele>4.19999980926513671875</ele>
        <time>2026-09-15T22:29:10.000Z</time>
        <extensions>
          <ns3:TrackPointExtension>
            <ns3:hr>118</ns3:hr>
            <ns3:cad>91</ns3:cad>
          </ns3:TrackPointExtension>
        </extensions>
      </trkpt>
      <trkpt lat="31.48205422796308994293212890625" lon="121.1622511781752109527587890625">
        <ele>4.19999980926513671875</ele>
        <time>2026-09-15T22:29:11.000Z</time>
        <extensions>
          <ns3:TrackPointExtension>
            <ns3:hr>119</ns3:hr>
            <ns3:cad>91</ns3:cad>
          </ns3:TrackPointExtension>
        </extensions>
      </trkpt>
      <trkpt lat="31.48207467980682849884033203125" lon="121.16224053315818309783935546875">
        <ele>4.19999980926513671875</ele>
        <time>2026-09-15T22:29:12.000Z</time>
        <extensions>
          <ns3:TrackPointExtension>
            <ns3:hr>119</ns3:hr>
            <ns3:cad>92</ns3:cad>
          </ns3:TrackPointExtension>
        </extensions>
      </trkpt>
      <trkpt lat="31.4820911921560764312744140625" lon="121.16222284734249114990234375">
        <ele>4.19999980926513671875</ele>
        <time>2026-09-15T22:29:13.000Z</time>
        <extensions>
          <ns3:TrackPointExtension>
            <ns3:hr>119</ns3:hr>
            <ns3:cad>92</ns3:cad>
          </ns3:TrackPointExtension>
        </extensions>
      </trkpt>
      <trkpt lat="31.48210954852402210235595703125" lon="121.162210442125797271728515625">
        <ele>4.400000095367431640625</ele>
        <time>2026-09-15T22:29:14.000Z</time>
        <extensions>
          <ns3:TrackPointExtension>
            <ns3:hr>119</ns3:hr>
            <ns3:cad>92</ns3:cad>
          </ns3:TrackPointExtension>
        </extensions>
      </trkpt>
      <trkpt lat="31.482128240168094635009765625" lon="121.1621948517858982086181640625">
        <ele>4.19999980926513671875</ele>
        <time>2026-09-15T22:29:15.000Z</time>
        <extensions>
          <ns3:TrackPointExtension>
            <ns3:hr>119</ns3:hr>
            <ns3:cad>92</ns3:cad>
          </ns3:TrackPointExtension>
        </extensions>
      </trkpt>
      <trkpt lat="31.4821465127170085906982421875" lon="121.16218169219791889190673828125">
        <ele>4.400000095367431640625</ele>
        <time>2026-09-15T22:29:16.000Z</time>
        <extensions>
          <ns3:TrackPointExtension>
            <ns3:hr>119</ns3:hr>
            <ns3:cad>92</ns3:cad>
          </ns3:TrackPointExtension>
        </extensions>
      </trkpt>
      <trkpt lat="31.48216486908495426177978515625" lon="121.16216660477221012115478515625">
        <ele>4.400000095367431640625</ele>
        <time>2026-09-15T22:29:17.000Z</time>
        <extensions>
          <ns3:TrackPointExtension>
            <ns3:hr>119</ns3:hr>
            <ns3:cad>92</ns3:cad>
          </ns3:TrackPointExtension>
        </extensions>
      </trkpt>
      <trkpt lat="31.4821803756058216094970703125" lon="121.16215470246970653533935546875">
        <ele>4.19999980926513671875</ele>
        <time>2026-09-15T22:29:18.000Z</time>
        <extensions>
          <ns3:TrackPointExtension>
            <ns3:hr>118</ns3:hr>
            <ns3:cad>92</ns3:cad>
          </ns3:TrackPointExtension>
        </extensions>
      </trkpt>
      <trkpt lat="31.4822011627256870269775390625" lon="121.16213911212980747222900390625">
        <ele>4.19999980926513671875</ele>
        <time>2026-09-15T22:29:19.000Z</time>
        <extensions>
          <ns3:TrackPointExtension>
            <ns3:hr>119</ns3:hr>
            <ns3:cad>92</ns3:cad>
          </ns3:TrackPointExtension>
        </extensions>
      </trkpt>
      <trkpt lat="31.48221415467560291290283203125" lon="121.16212083958089351654052734375">
        <ele>4.400000095367431640625</ele>
        <time>2026-09-15T22:29:20.000Z</time>
        <extensions>
          <ns3:TrackPointExtension>
            <ns3:hr>119</ns3:hr>
            <ns3:cad>92</ns3:cad>
          </ns3:TrackPointExtension>
        </extensions>
      </trkpt>
      <trkpt lat="31.4822392165660858154296875" lon="121.16210491396486759185791015625">
        <ele>4.400000095367431640625</ele>
        <time>2026-09-15T22:29:21.000Z</time>
        <extensions>
          <ns3:TrackPointExtension>
            <ns3:hr>120</ns3:hr>
            <ns3:cad>92</ns3:cad>
          </ns3:TrackPointExtension>
        </extensions>
      </trkpt>
      <trkpt lat="31.4822497777640819549560546875" lon="121.16208982653915882110595703125">
        <ele>4.400000095367431640625</ele>
        <time>2026-09-15T22:29:22.000Z</time>
        <extensions>
          <ns3:TrackPointExtension>
            <ns3:hr>120</ns3:hr>
            <ns3:cad>92</ns3:cad>
          </ns3:TrackPointExtension>
        </extensions>
      </trkpt>
      <trkpt lat="31.48227400146424770355224609375" lon="121.16207532584667205810546875">
        <ele>4.400000095367431640625</ele>
        <time>2026-09-15T22:29:23.000Z</time>
        <extensions>
          <ns3:TrackPointExtension>
            <ns3:hr>120</ns3:hr>
            <ns3:cad>92</ns3:cad>
          </ns3:TrackPointExtension>
        </extensions>
      </trkpt>
      <trkpt lat="31.48228791542351245880126953125" lon="121.16206116043031215667724609375">
        <ele>4.400000095367431640625</ele>
        <time>2026-09-15T22:29:24.000Z</time>
        <extensions>
          <ns3:TrackPointExtension>
            <ns3:hr>120</ns3:hr>
            <ns3:cad>92</ns3:cad>
          </ns3:TrackPointExtension>
        </extensions>
      </trkpt>
      <trkpt lat="31.48231222294270992279052734375" lon="121.162048168480396270751953125">
        <ele>4.400000095367431640625</ele>
        <time>2026-09-15T22:29:25.000Z</time>
        <extensions>
          <ns3:TrackPointExtension>
            <ns3:hr>120</ns3:hr>
            <ns3:cad>92</ns3:cad>
          </ns3:TrackPointExtension>
        </extensions>
      </trkpt>
      <trkpt lat="31.48232546634972095489501953125" lon="121.16203400306403636932373046875">
        <ele>4.400000095367431640625</ele>
        <time>2026-09-15T22:29:26.000Z</time>
        <extensions>
          <ns3:TrackPointExtension>
            <ns3:hr>121</ns3:hr>
            <ns3:cad>92</ns3:cad>
          </ns3:TrackPointExtension>
        </extensions>
      </trkpt>
      <trkpt lat="31.48234985768795013427734375" lon="121.16202226839959621429443359375">
        <ele>4.599999904632568359375</ele>
        <time>2026-09-15T22:29:27.000Z</time>
        <extensions>
          <ns3:TrackPointExtension>
            <ns3:hr>121</ns3:hr>
            <ns3:cad>92</ns3:cad>
          </ns3:TrackPointExtension>
        </extensions>
      </trkpt>
      <trkpt lat="31.48236385546624660491943359375" lon="121.1620081029832363128662109375">
        <ele>4.599999904632568359375</ele>
        <time>2026-09-15T22:29:28.000Z</time>
        <extensions>
          <ns3:TrackPointExtension>
            <ns3:hr>121</ns3:hr>
            <ns3:cad>92</ns3:cad>
          </ns3:TrackPointExtension>
        </extensions>
      </trkpt>
      <trkpt lat="31.48238740861415863037109375" lon="121.1619990505278110504150390625">
        <ele>4.80000019073486328125</ele>
        <time>2026-09-15T22:29:29.000Z</time>
        <extensions>
          <ns3:TrackPointExtension>
            <ns3:hr>121</ns3:hr>
            <ns3:cad>93</ns3:cad>
          </ns3:TrackPointExtension>
        </extensions>
      </trkpt>
      <trkpt lat="31.48240123875439167022705078125" lon="121.1619839631021022796630859375">
        <ele>4.80000019073486328125</ele>
        <time>2026-09-15T22:29:30.000Z</time>
        <extensions>
          <ns3:TrackPointExtension>
            <ns3:hr>121</ns3:hr>
            <ns3:cad>93</ns3:cad>
          </ns3:TrackPointExtension>
        </extensions>
      </trkpt>
      <trkpt lat="31.4824211038649082183837890625" lon="121.161972396075725555419921875">
        <ele>5</ele>
        <time>2026-09-15T22:29:31.000Z</time>
        <extensions>
          <ns3:TrackPointExtension>
            <ns3:hr>121</ns3:hr>
            <ns3:cad>92</ns3:cad>
          </ns3:TrackPointExtension>
        </extensions>
      </trkpt>
      <trkpt lat="31.48243510164320468902587890625" lon="121.16195756010711193084716796875">
        <ele>5</ele>
        <time>2026-09-15T22:29:32.000Z</time>
        <extensions>
          <ns3:TrackPointExtension>
            <ns3:hr>121</ns3:hr>
            <ns3:cad>92</ns3:cad>
          </ns3:TrackPointExtension>
        </extensions>
      </trkpt>
      <trkpt lat="31.48245454765856266021728515625" lon="121.161945573985576629638671875">
        <ele>5</ele>
        <time>2026-09-15T22:29:33.000Z</time>
        <extensions>
          <ns3:TrackPointExtension>
            <ns3:hr>120</ns3:hr>
            <ns3:cad>92</ns3:cad>
          </ns3:TrackPointExtension>
        </extensions>
      </trkpt>
      <trkpt lat="31.48247189819812774658203125" lon="121.161928474903106689453125">
        <ele>5</ele>
        <time>2026-09-15T22:29:34.000Z</time>
        <extensions>
          <ns3:TrackPointExtension>
            <ns3:hr>120</ns3:hr>
            <ns3:cad>92</ns3:cad>
          </ns3:TrackPointExtension>
        </extensions>
      </trkpt>
      <trkpt lat="31.4824868179857730865478515625" lon="121.16191179491579532623291015625">
        <ele>5</ele>
        <time>2026-09-15T22:29:35.000Z</time>
        <extensions>
          <ns3:TrackPointExtension>
            <ns3:hr>120</ns3:hr>
            <ns3:cad>92</ns3:cad>
          </ns3:TrackPointExtension>
        </extensions>
      </trkpt>
      <trkpt lat="31.48250634782016277313232421875" lon="121.16189519874751567840576171875">
        <ele>5.19999980926513671875</ele>
        <time>2026-09-15T22:29:36.000Z</time>
        <extensions>
          <ns3:TrackPointExtension>
            <ns3:hr>120</ns3:hr>
            <ns3:cad>92</ns3:cad>
          </ns3:TrackPointExtension>
        </extensions>
      </trkpt>
      <trkpt lat="31.48252311162650585174560546875" lon="121.1618843860924243927001953125">
        <ele>5.19999980926513671875</ele>
        <time>2026-09-15T22:29:37.000Z</time>
        <extensions>
          <ns3:TrackPointExtension>
            <ns3:hr>120</ns3:hr>
            <ns3:cad>92</ns3:cad>
          </ns3:TrackPointExtension>
        </extensions>
      </trkpt>
      <trkpt lat="31.48254591040313243865966796875" lon="121.16187105886638164520263671875">
        <ele>5.19999980926513671875</ele>
        <time>2026-09-15T22:29:38.000Z</time>
        <extensions>
          <ns3:TrackPointExtension>
            <ns3:hr>120</ns3:hr>
            <ns3:cad>92</ns3:cad>
          </ns3:TrackPointExtension>
        </extensions>
      </trkpt>
      <trkpt lat="31.4825637638568878173828125" lon="121.161858737468719482421875">
        <ele>5.400000095367431640625</ele>
        <time>2026-09-15T22:29:39.000Z</time>
        <extensions>
          <ns3:TrackPointExtension>
            <ns3:hr>120</ns3:hr>
            <ns3:cad>91</ns3:cad>
          </ns3:TrackPointExtension>
        </extensions>
      </trkpt>
      <trkpt lat="31.4825897477567195892333984375" lon="121.16184490732848644256591796875">
        <ele>5.19999980926513671875</ele>
        <time>2026-09-15T22:29:40.000Z</time>
        <extensions>
          <ns3:TrackPointExtension>
            <ns3:hr>120</ns3:hr>
            <ns3:cad>90</ns3:cad>
          </ns3:TrackPointExtension>
        </extensions>
      </trkpt>
      <trkpt lat="31.48260357789695262908935546875" lon="121.1618278920650482177734375">
        <ele>5.400000095367431640625</ele>
        <time>2026-09-15T22:29:41.000Z</time>
        <extensions>
          <ns3:TrackPointExtension>
            <ns3:hr>119</ns3:hr>
            <ns3:cad>90</ns3:cad>
          </ns3:TrackPointExtension>
        </extensions>
      </trkpt>
      <trkpt lat="31.48262687958776950836181640625" lon="121.16181171499192714691162109375">
        <ele>5.400000095367431640625</ele>
        <time>2026-09-15T22:29:42.000Z</time>
        <extensions>
          <ns3:TrackPointExtension>
            <ns3:hr>120</ns3:hr>
            <ns3:cad>90</ns3:cad>
          </ns3:TrackPointExtension>
        </extensions>
      </trkpt>
      <trkpt lat="31.48264079354703426361083984375" lon="121.16179645992815494537353515625">
        <ele>5.400000095367431640625</ele>
        <time>2026-09-15T22:29:43.000Z</time>
        <extensions>
          <ns3:TrackPointExtension>
            <ns3:hr>120</ns3:hr>
            <ns3:cad>92</ns3:cad>
          </ns3:TrackPointExtension>
        </extensions>
      </trkpt>
      <trkpt lat="31.48266845382750034332275390625" lon="121.1617838032543659210205078125">
        <ele>5.400000095367431640625</ele>
        <time>2026-09-15T22:29:44.000Z</time>
        <extensions>
          <ns3:TrackPointExtension>
            <ns3:hr>120</ns3:hr>
            <ns3:cad>93</ns3:cad>
          </ns3:TrackPointExtension>
        </extensions>
      </trkpt>
      <trkpt lat="31.48268421180546283721923828125" lon="121.1617690511047840118408203125">
        <ele>5.400000095367431640625</ele>
        <time>2026-09-15T22:29:45.000Z</time>
        <extensions>
          <ns3:TrackPointExtension>
            <ns3:hr>119</ns3:hr>
            <ns3:cad>93</ns3:cad>
          </ns3:TrackPointExtension>
        </extensions>
      </trkpt>
      <trkpt lat="31.48270768113434314727783203125" lon="121.161756478250026702880859375">
        <ele>5.400000095367431640625</ele>
        <time>2026-09-15T22:29:46.000Z</time>
        <extensions>
          <ns3:TrackPointExtension>
            <ns3:hr>120</ns3:hr>
            <ns3:cad>93</ns3:cad>
          </ns3:TrackPointExtension>
        </extensions>
      </trkpt>
      <trkpt lat="31.4827225171029567718505859375" lon="121.16174130700528621673583984375">
        <ele>5.400000095367431640625</ele>
        <time>2026-09-15T22:29:47.000Z</time>
        <extensions>
          <ns3:TrackPointExtension>
            <ns3:hr>120</ns3:hr>
            <ns3:cad>93</ns3:cad>
          </ns3:TrackPointExtension>
        </extensions>
      </trkpt>
      <trkpt lat="31.4827443100512027740478515625" lon="121.1617291532456874847412109375">
        <ele>5.599999904632568359375</ele>
        <time>2026-09-15T22:29:48.000Z</time>
        <extensions>
          <ns3:TrackPointExtension>
            <ns3:hr>120</ns3:hr>
            <ns3:cad>93</ns3:cad>
          </ns3:TrackPointExtension>
        </extensions>
      </trkpt>
      <trkpt lat="31.4827583916485309600830078125" lon="121.16171498782932758331298828125">
        <ele>5.599999904632568359375</ele>
        <time>2026-09-15T22:29:49.000Z</time>
        <extensions>
          <ns3:TrackPointExtension>
            <ns3:hr>120</ns3:hr>
            <ns3:cad>93</ns3:cad>
          </ns3:TrackPointExtension>
        </extensions>
      </trkpt>
      <trkpt lat="31.48278010077774524688720703125" lon="121.1617040075361728668212890625">
        <ele>5.599999904632568359375</ele>
        <time>2026-09-15T22:29:50.000Z</time>
        <extensions>
          <ns3:TrackPointExtension>
            <ns3:hr>120</ns3:hr>
            <ns3:cad>93</ns3:cad>
          </ns3:TrackPointExtension>
        </extensions>
      </trkpt>
      <trkpt lat="31.482796110212802886962890625" lon="121.16168984211981296539306640625">
        <ele>5.599999904632568359375</ele>
        <time>2026-09-15T22:29:51.000Z</time>
        <extensions>
          <ns3:TrackPointExtension>
            <ns3:hr>120</ns3:hr>
            <ns3:cad>93</ns3:cad>
          </ns3:TrackPointExtension>
        </extensions>
      </trkpt>
      <trkpt lat="31.48281522095203399658203125" lon="121.16167793981730937957763671875">
        <ele>5.599999904632568359375</ele>
        <time>2026-09-15T22:29:52.000Z</time>
        <extensions>
          <ns3:TrackPointExtension>
            <ns3:hr>121</ns3:hr>
            <ns3:cad>92</ns3:cad>
          </ns3:TrackPointExtension>
        </extensions>
      </trkpt>
      <trkpt lat="31.48283273912966251373291015625" lon="121.161662600934505462646484375">
        <ele>5.599999904632568359375</ele>
        <time>2026-09-15T22:29:53.000Z</time>
        <extensions>
          <ns3:TrackPointExtension>
            <ns3:hr>121</ns3:hr>
            <ns3:cad>92</ns3:cad>
          </ns3:TrackPointExtension>
        </extensions>
      </trkpt>
      <trkpt lat="31.48284983821213245391845703125" lon="121.1616496928036212921142578125">
        <ele>5.599999904632568359375</ele>
        <time>2026-09-15T22:29:54.000Z</time>
        <extensions>
          <ns3:TrackPointExtension>
            <ns3:hr>121</ns3:hr>
            <ns3:cad>93</ns3:cad>
          </ns3:TrackPointExtension>
        </extensions>
      </trkpt>
      <trkpt lat="31.4828737266361713409423828125" lon="121.16163502447307109832763671875">
        <ele>5.80000019073486328125</ele>
        <time>2026-09-15T22:29:55.000Z</time>
        <extensions>
          <ns3:TrackPointExtension>
            <ns3:hr>120</ns3:hr>
            <ns3:cad>93</ns3:cad>
          </ns3:TrackPointExtension>
        </extensions>
      </trkpt>
      <trkpt lat="31.482887305319309234619140625" lon="121.16161541081964969635009765625">
        <ele>5.80000019073486328125</ele>
        <time>2026-09-15T22:29:56.000Z</time>
        <extensions>
          <ns3:TrackPointExtension>
            <ns3:hr>121</ns3:hr>
            <ns3:cad>91</ns3:cad>
          </ns3:TrackPointExtension>
        </extensions>
      </trkpt>
      <trkpt lat="31.48290767334401607513427734375" lon="121.16159914992749691009521484375">
        <ele>5.80000019073486328125</ele>
        <time>2026-09-15T22:29:57.000Z</time>
        <extensions>
          <ns3:TrackPointExtension>
            <ns3:hr>121</ns3:hr>
            <ns3:cad>91</ns3:cad>
          </ns3:TrackPointExtension>
        </extensions>
      </trkpt>
      <trkpt lat="31.48292041383683681488037109375" lon="121.16158054210245609283447265625">
        <ele>5.80000019073486328125</ele>
        <time>2026-09-15T22:29:58.000Z</time>
        <extensions>
          <ns3:TrackPointExtension>
            <ns3:hr>121</ns3:hr>
            <ns3:cad>92</ns3:cad>
          </ns3:TrackPointExtension>
        </extensions>
      </trkpt>
      <trkpt lat="31.48294421844184398651123046875" lon="121.161564700305461883544921875">
        <ele>5.80000019073486328125</ele>
        <time>2026-09-15T22:29:59.000Z</time>
        <extensions>
          <ns3:TrackPointExtension>
            <ns3:hr>121</ns3:hr>
            <ns3:cad>93</ns3:cad>
          </ns3:TrackPointExtension>
        </extensions>
      </trkpt>
      <trkpt lat="31.4829572103917598724365234375" lon="121.16155036725103855133056640625">
        <ele>5.80000019073486328125</ele>
        <time>2026-09-15T22:30:00.000Z</time>
        <extensions>
          <ns3:TrackPointExtension>
            <ns3:hr>121</ns3:hr>
            <ns3:cad>93</ns3:cad>
          </ns3:TrackPointExtension>
        </extensions>
      </trkpt>
      <trkpt lat="31.48298076353967189788818359375" lon="121.16154047660529613494873046875">
        <ele>5.80000019073486328125</ele>
        <time>2026-09-15T22:30:01.000Z</time>
        <extensions>
          <ns3:TrackPointExtension>
            <ns3:hr>121</ns3:hr>
            <ns3:cad>93</ns3:cad>
          </ns3:TrackPointExtension>
        </extensions>
      </trkpt>
      <trkpt lat="31.4829917438328266143798828125" lon="121.1615283228456974029541015625">
        <ele>5.80000019073486328125</ele>
        <time>2026-09-15T22:30:02.000Z</time>
        <extensions>
          <ns3:TrackPointExtension>
            <ns3:hr>122</ns3:hr>
            <ns3:cad>91</ns3:cad>
          </ns3:TrackPointExtension>
        </extensions>
      </trkpt>
      <trkpt lat="31.48301680572330951690673828125" lon="121.16151482798159122467041015625">
        <ele>5.80000019073486328125</ele>
        <time>2026-09-15T22:30:03.000Z</time>
        <extensions>
          <ns3:TrackPointExtension>
            <ns3:hr>122</ns3:hr>
            <ns3:cad>91</ns3:cad>
          </ns3:TrackPointExtension>
        </extensions>
      </trkpt>
      <trkpt lat="31.4830296300351619720458984375" lon="121.1615018360316753387451171875">
        <ele>5.80000019073486328125</ele>
        <time>2026-09-15T22:30:04.000Z</time>
        <extensions>
          <ns3:TrackPointExtension>
            <ns3:hr>122</ns3:hr>
            <ns3:cad>92</ns3:cad>
          </ns3:TrackPointExtension>
        </extensions>
      </trkpt>
      <trkpt lat="31.4830546081066131591796875" lon="121.1614944599568843841552734375">
        <ele>5.599999904632568359375</ele>
        <time>2026-09-15T22:30:05.000Z</time>
        <extensions>
          <ns3:TrackPointExtension>
            <ns3:hr>122</ns3:hr>
            <ns3:cad>92</ns3:cad>
          </ns3:TrackPointExtension>
        </extensions>
      </trkpt>
      <trkpt lat="31.48307061754167079925537109375" lon="121.16148130036890506744384765625">
        <ele>5.599999904632568359375</ele>
        <time>2026-09-15T22:30:06.000Z</time>
        <extensions>
          <ns3:TrackPointExtension>
            <ns3:hr>122</ns3:hr>
            <ns3:cad>92</ns3:cad>
          </ns3:TrackPointExtension>
        </extensions>
      </trkpt>
      <trkpt lat="31.4830929972231388092041015625" lon="121.161470152437686920166015625">
        <ele>5.599999904632568359375</ele>
        <time>2026-09-15T22:30:07.000Z</time>
        <extensions>
          <ns3:TrackPointExtension>
            <ns3:hr>122</ns3:hr>
            <ns3:cad>92</ns3:cad>
          </ns3:TrackPointExtension>
        </extensions>
      </trkpt>
      <trkpt lat="31.4831074140965938568115234375" lon="121.16145632229745388031005859375">
        <ele>5.599999904632568359375</ele>
        <time>2026-09-15T22:30:08.000Z</time>
        <extensions>
          <ns3:TrackPointExtension>
            <ns3:hr>121</ns3:hr>
            <ns3:cad>92</ns3:cad>
          </ns3:TrackPointExtension>
        </extensions>
      </trkpt>
      <trkpt lat="31.48312744684517383575439453125" lon="121.16144894622266292572021484375">
        <ele>5.599999904632568359375</ele>
        <time>2026-09-15T22:30:09.000Z</time>
        <extensions>
          <ns3:TrackPointExtension>
            <ns3:hr>122</ns3:hr>
            <ns3:cad>92</ns3:cad>
          </ns3:TrackPointExtension>
        </extensions>
      </trkpt>
      <trkpt lat="31.48314421065151691436767578125" lon="121.1614331044256687164306640625">
        <ele>5.599999904632568359375</ele>
        <time>2026-09-15T22:30:10.000Z</time>
        <extensions>
          <ns3:TrackPointExtension>
            <ns3:hr>122</ns3:hr>
            <ns3:cad>92</ns3:cad>
          </ns3:TrackPointExtension>
        </extensions>
      </trkpt>
      <trkpt lat="31.483166925609111785888671875" lon="121.16142111830413341522216796875">
        <ele>5.400000095367431640625</ele>
        <time>2026-09-15T22:30:11.000Z</time>
        <extensions>
          <ns3:TrackPointExtension>
            <ns3:hr>122</ns3:hr>
            <ns3:cad>93</ns3:cad>
          </ns3:TrackPointExtension>
        </extensions>
      </trkpt>
      <trkpt lat="31.48318511433899402618408203125" lon="121.16140468977391719818115234375">
        <ele>5.599999904632568359375</ele>
        <time>2026-09-15T22:30:12.000Z</time>
        <extensions>
          <ns3:TrackPointExtension>
            <ns3:hr>122</ns3:hr>
            <ns3:cad>93</ns3:cad>
          </ns3:TrackPointExtension>
        </extensions>
      </trkpt>
      <trkpt lat="31.4832006208598613739013671875" lon="121.16139194928109645843505859375">
        <ele>5.599999904632568359375</ele>
        <time>2026-09-15T22:30:13.000Z</time>
        <extensions>
          <ns3:TrackPointExtension>
            <ns3:hr>121</ns3:hr>
            <ns3:cad>92</ns3:cad>
          </ns3:TrackPointExtension>
        </extensions>
      </trkpt>
      <trkpt lat="31.4832254312932491302490234375" lon="121.1613787896931171417236328125">
        <ele>5.599999904632568359375</ele>
        <time>2026-09-15T22:30:14.000Z</time>
        <extensions>
          <ns3:TrackPointExtension>
            <ns3:hr>122</ns3:hr>
            <ns3:cad>91</ns3:cad>
          </ns3:TrackPointExtension>
        </extensions>
      </trkpt>
      <trkpt lat="31.4832398481667041778564453125" lon="121.16136051714420318603515625">
        <ele>5.599999904632568359375</ele>
        <time>2026-09-15T22:30:15.000Z</time>
        <extensions>
          <ns3:TrackPointExtension>
            <ns3:hr>122</ns3:hr>
            <ns3:cad>91</ns3:cad>
          </ns3:TrackPointExtension>
        </extensions>
      </trkpt>
      <trkpt lat="31.4832613058388233184814453125" lon="121.1613445915281772613525390625">
        <ele>5.599999904632568359375</ele>
        <time>2026-09-15T22:30:16.000Z</time>
        <extensions>
          <ns3:TrackPointExtension>
            <ns3:hr>121</ns3:hr>
            <ns3:cad>91</ns3:cad>
          </ns3:TrackPointExtension>
        </extensions>
      </trkpt>
      <trkpt lat="31.4832757227122783660888671875" lon="121.16132942028343677520751953125">
        <ele>5.599999904632568359375</ele>
        <time>2026-09-15T22:30:17.000Z</time>
        <extensions>
          <ns3:TrackPointExtension>
            <ns3:hr>121</ns3:hr>
            <ns3:cad>92</ns3:cad>
          </ns3:TrackPointExtension>
        </extensions>
      </trkpt>
      <trkpt lat="31.48329843766987323760986328125" lon="121.16131634451448917388916015625">
        <ele>5.599999904632568359375</ele>
        <time>2026-09-15T22:30:18.000Z</time>
        <extensions>
          <ns3:TrackPointExtension>
            <ns3:hr>121</ns3:hr>
            <ns3:cad>92</ns3:cad>
          </ns3:TrackPointExtension>
        </extensions>
      </trkpt>
      <trkpt lat="31.48331151343882083892822265625" lon="121.16130016744136810302734375">
        <ele>5.400000095367431640625</ele>
        <time>2026-09-15T22:30:19.000Z</time>
        <extensions>
          <ns3:TrackPointExtension>
            <ns3:hr>121</ns3:hr>
            <ns3:cad>92</ns3:cad>
          </ns3:TrackPointExtension>
        </extensions>
      </trkpt>
      <trkpt lat="31.4833347313106060028076171875" lon="121.16128466092050075531005859375">
        <ele>5.400000095367431640625</ele>
        <time>2026-09-15T22:30:20.000Z</time>
        <extensions>
          <ns3:TrackPointExtension>
            <ns3:hr>121</ns3:hr>
            <ns3:cad>92</ns3:cad>
          </ns3:TrackPointExtension>
        </extensions>
      </trkpt>
      <trkpt lat="31.48334939964115619659423828125" lon="121.16127158515155315399169921875">
        <ele>5.400000095367431640625</ele>
        <time>2026-09-15T22:30:21.000Z</time>
        <extensions>
          <ns3:TrackPointExtension>
            <ns3:hr>121</ns3:hr>
            <ns3:cad>92</ns3:cad>
          </ns3:TrackPointExtension>
        </extensions>
      </trkpt>
      <trkpt lat="31.4833791553974151611328125" lon="121.1612641252577304840087890625">
        <ele>5.400000095367431640625</ele>
        <time>2026-09-15T22:30:22.000Z</time>
        <extensions>
          <ns3:TrackPointExtension>
            <ns3:hr>121</ns3:hr>
            <ns3:cad>92</ns3:cad>
          </ns3:TrackPointExtension>
        </extensions>
      </trkpt>
      <trkpt lat="31.4833930693566799163818359375" lon="121.16125163622200489044189453125">
        <ele>5.400000095367431640625</ele>
        <time>2026-09-15T22:30:23.000Z</time>
        <extensions>
          <ns3:TrackPointExtension>
            <ns3:hr>121</ns3:hr>
            <ns3:cad>92</ns3:cad>
          </ns3:TrackPointExtension>
        </extensions>
      </trkpt>
      <trkpt lat="31.48341611959040164947509765625" lon="121.16124291904270648956298828125">
        <ele>5.599999904632568359375</ele>
        <time>2026-09-15T22:30:24.000Z</time>
        <extensions>
          <ns3:TrackPointExtension>
            <ns3:hr>121</ns3:hr>
            <ns3:cad>92</ns3:cad>
          </ns3:TrackPointExtension>
        </extensions>
      </trkpt>
      <trkpt lat="31.4834296144545078277587890625" lon="121.16122783161699771881103515625">
        <ele>5.400000095367431640625</ele>
        <time>2026-09-15T22:30:25.000Z</time>
        <extensions>
          <ns3:TrackPointExtension>
            <ns3:hr>122</ns3:hr>
            <ns3:cad>91</ns3:cad>
          </ns3:TrackPointExtension>
        </extensions>
      </trkpt>
      <trkpt lat="31.483447551727294921875" lon="121.16121659986674785614013671875">
        <ele>5.400000095367431640625</ele>
        <time>2026-09-15T22:30:26.000Z</time>
        <extensions>
          <ns3:TrackPointExtension>
            <ns3:hr>122</ns3:hr>
            <ns3:cad>91</ns3:cad>
          </ns3:TrackPointExtension>
        </extensions>
      </trkpt>
      <trkpt lat="31.483462639153003692626953125" lon="121.161201260983943939208984375">
        <ele>5.400000095367431640625</ele>
        <time>2026-09-15T22:30:27.000Z</time>
        <extensions>
          <ns3:TrackPointExtension>
            <ns3:hr>122</ns3:hr>
            <ns3:cad>92</ns3:cad>
          </ns3:TrackPointExtension>
        </extensions>
      </trkpt>
      <trkpt lat="31.48347563110291957855224609375" lon="121.161188520491123199462890625">
        <ele>5.400000095367431640625</ele>
        <time>2026-09-15T22:30:28.000Z</time>
        <extensions>
          <ns3:TrackPointExtension>
            <ns3:hr>121</ns3:hr>
            <ns3:cad>93</ns3:cad>
          </ns3:TrackPointExtension>
        </extensions>
      </trkpt>
      <trkpt lat="31.483493484556674957275390625" lon="121.1611746065318584442138671875">
        <ele>5.400000095367431640625</ele>
        <time>2026-09-15T22:30:29.000Z</time>
        <extensions>
          <ns3:TrackPointExtension>
            <ns3:hr>122</ns3:hr>
            <ns3:cad>93</ns3:cad>
          </ns3:TrackPointExtension>
        </extensions>
      </trkpt>
      <trkpt lat="31.48350999690592288970947265625" lon="121.16116446442902088165283203125">
        <ele>5.400000095367431640625</ele>
        <time>2026-09-15T22:30:30.000Z</time>
        <extensions>
          <ns3:TrackPointExtension>
            <ns3:hr>122</ns3:hr>
            <ns3:cad>93</ns3:cad>
          </ns3:TrackPointExtension>
        </extensions>
      </trkpt>
      <trkpt lat="31.48352910764515399932861328125" lon="121.16115155629813671112060546875">
        <ele>5.400000095367431640625</ele>
        <time>2026-09-15T22:30:31.000Z</time>
        <extensions>
          <ns3:TrackPointExtension>
            <ns3:hr>121</ns3:hr>
            <ns3:cad>93</ns3:cad>
          </ns3:TrackPointExtension>
        </extensions>
      </trkpt>
      <trkpt lat="31.48354000411927700042724609375" lon="121.16113722324371337890625">
        <ele>5.400000095367431640625</ele>
        <time>2026-09-15T22:30:32.000Z</time>
        <extensions>
          <ns3:TrackPointExtension>
            <ns3:hr>121</ns3:hr>
            <ns3:cad>93</ns3:cad>
          </ns3:TrackPointExtension>
        </extensions>
      </trkpt>
      <trkpt lat="31.48356196470558643341064453125" lon="121.161124147474765777587890625">
        <ele>5.400000095367431640625</ele>
        <time>2026-09-15T22:30:33.000Z</time>
        <extensions>
          <ns3:TrackPointExtension>
            <ns3:hr>121</ns3:hr>
            <ns3:cad>93</ns3:cad>
          </ns3:TrackPointExtension>
        </extensions>
      </trkpt>
      <trkpt lat="31.48357696831226348876953125" lon="121.16110704839229583740234375">
        <ele>5.400000095367431640625</ele>
        <time>2026-09-15T22:30:34.000Z</time>
        <extensions>
          <ns3:TrackPointExtension>
            <ns3:hr>121</ns3:hr>
            <ns3:cad>92</ns3:cad>
          </ns3:TrackPointExtension>
        </extensions>
      </trkpt>
      <trkpt lat="31.48360370658338069915771484375" lon="121.1610934697091579437255859375">
        <ele>5.400000095367431640625</ele>
        <time>2026-09-15T22:30:35.000Z</time>
        <extensions>
          <ns3:TrackPointExtension>
            <ns3:hr>121</ns3:hr>
            <ns3:cad>92</ns3:cad>
          </ns3:TrackPointExtension>
        </extensions>
      </trkpt>
      <trkpt lat="31.4836197160184383392333984375" lon="121.16107779555022716522216796875">
        <ele>5.400000095367431640625</ele>
        <time>2026-09-15T22:30:36.000Z</time>
        <extensions>
          <ns3:TrackPointExtension>
            <ns3:hr>122</ns3:hr>
            <ns3:cad>92</ns3:cad>
          </ns3:TrackPointExtension>
        </extensions>
      </trkpt>
      <trkpt lat="31.48364536464214324951171875" lon="121.16106103174388408660888671875">
        <ele>5.400000095367431640625</ele>
        <time>2026-09-15T22:30:37.000Z</time>
        <extensions>
          <ns3:TrackPointExtension>
            <ns3:hr>121</ns3:hr>
            <ns3:cad>92</ns3:cad>
          </ns3:TrackPointExtension>
        </extensions>
      </trkpt>
      <trkpt lat="31.48365550674498081207275390625" lon="121.16104175336658954620361328125">
        <ele>5.400000095367431640625</ele>
        <time>2026-09-15T22:30:38.000Z</time>
        <extensions>
          <ns3:TrackPointExtension>
            <ns3:hr>121</ns3:hr>
            <ns3:cad>92</ns3:cad>
          </ns3:TrackPointExtension>
        </extensions>
      </trkpt>
      <trkpt lat="31.48367621004581451416015625" lon="121.161030940711498260498046875">
        <ele>5.400000095367431640625</ele>
        <time>2026-09-15T22:30:39.000Z</time>
        <extensions>
          <ns3:TrackPointExtension>
            <ns3:hr>121</ns3:hr>
            <ns3:cad>92</ns3:cad>
          </ns3:TrackPointExtension>
        </extensions>
      </trkpt>
      <trkpt lat="31.4836857654154300689697265625" lon="121.16101560182869434356689453125">
        <ele>5.599999904632568359375</ele>
        <time>2026-09-15T22:30:40.000Z</time>
        <extensions>
          <ns3:TrackPointExtension>
            <ns3:hr>121</ns3:hr>
            <ns3:cad>92</ns3:cad>
          </ns3:TrackPointExtension>
        </extensions>
      </trkpt>
      <trkpt lat="31.483712755143642425537109375" lon="121.161009483039379119873046875">
        <ele>5.599999904632568359375</ele>
        <time>2026-09-15T22:30:41.000Z</time>
        <extensions>
          <ns3:TrackPointExtension>
            <ns3:hr>120</ns3:hr>
            <ns3:cad>91</ns3:cad>
          </ns3:TrackPointExtension>
        </extensions>
      </trkpt>
      <trkpt lat="31.4837273396551609039306640625" lon="121.160994060337543487548828125">
        <ele>5.599999904632568359375</ele>
        <time>2026-09-15T22:30:42.000Z</time>
        <extensions>
          <ns3:TrackPointExtension>
            <ns3:hr>121</ns3:hr>
            <ns3:cad>91</ns3:cad>
          </ns3:TrackPointExtension>
        </extensions>
      </trkpt>
      <trkpt lat="31.48375441320240497589111328125" lon="121.160979308187961578369140625">
        <ele>5.599999904632568359375</ele>
        <time>2026-09-15T22:30:43.000Z</time>
        <extensions>
          <ns3:TrackPointExtension>
            <ns3:hr>121</ns3:hr>
            <ns3:cad>91</ns3:cad>
          </ns3:TrackPointExtension>
        </extensions>
      </trkpt>
      <trkpt lat="31.4837680757045745849609375" lon="121.1609642207622528076171875">
        <ele>5.599999904632568359375</ele>
        <time>2026-09-15T22:30:44.000Z</time>
        <extensions>
          <ns3:TrackPointExtension>
            <ns3:hr>120</ns3:hr>
            <ns3:cad>91</ns3:cad>
          </ns3:TrackPointExtension>
        </extensions>
      </trkpt>
      <trkpt lat="31.4837923832237720489501953125" lon="121.16094955243170261383056640625">
        <ele>5.400000095367431640625</ele>
        <time>2026-09-15T22:30:45.000Z</time>
        <extensions>
          <ns3:TrackPointExtension>
            <ns3:hr>120</ns3:hr>
            <ns3:cad>91</ns3:cad>
          </ns3:TrackPointExtension>
        </extensions>
      </trkpt>
      <trkpt lat="31.48380763828754425048828125" lon="121.16093337535858154296875">
        <ele>5.400000095367431640625</ele>
        <time>2026-09-15T22:30:46.000Z</time>
        <extensions>
          <ns3:TrackPointExtension>
            <ns3:hr>120</ns3:hr>
            <ns3:cad>91</ns3:cad>
          </ns3:TrackPointExtension>
        </extensions>
      </trkpt>
      <trkpt lat="31.4838339574635028839111328125" lon="121.160921640694141387939453125">
        <ele>5.599999904632568359375</ele>
        <time>2026-09-15T22:30:47.000Z</time>
        <extensions>
          <ns3:TrackPointExtension>
            <ns3:hr>120</ns3:hr>
            <ns3:cad>91</ns3:cad>
          </ns3:TrackPointExtension>
        </extensions>
      </trkpt>
      <trkpt lat="31.4838493801653385162353515625" lon="121.16090663708746433258056640625">
        <ele>5.599999904632568359375</ele>
        <time>2026-09-15T22:30:48.000Z</time>
        <extensions>
          <ns3:TrackPointExtension>
            <ns3:hr>120</ns3:hr>
            <ns3:cad>90</ns3:cad>
          </ns3:TrackPointExtension>
        </extensions>
      </trkpt>
      <trkpt lat="31.48387058638036251068115234375" lon="121.16089473478496074676513671875">
        <ele>5.80000019073486328125</ele>
        <time>2026-09-15T22:30:49.000Z</time>
        <extensions>
          <ns3:TrackPointExtension>
            <ns3:hr>120</ns3:hr>
            <ns3:cad>90</ns3:cad>
          </ns3:TrackPointExtension>
        </extensions>
      </trkpt>
      <trkpt lat="31.483885757625102996826171875" lon="121.16088048554956912994384765625">
        <ele>5.80000019073486328125</ele>
        <time>2026-09-15T22:30:50.000Z</time>
        <extensions>
          <ns3:TrackPointExtension>
            <ns3:hr>120</ns3:hr>
            <ns3:cad>90</ns3:cad>
          </ns3:TrackPointExtension>
        </extensions>
      </trkpt>
      <trkpt lat="31.483906209468841552734375" lon="121.16086942143738269805908203125">
        <ele>6</ele>
        <time>2026-09-15T22:30:51.000Z</time>
        <extensions>
          <ns3:TrackPointExtension>
            <ns3:hr>120</ns3:hr>
            <ns3:cad>90</ns3:cad>
          </ns3:TrackPointExtension>
        </extensions>
      </trkpt>
      <trkpt lat="31.4839228056371212005615234375" lon="121.16085466928780078887939453125">
        <ele>6.19999980926513671875</ele>
        <time>2026-09-15T22:30:52.000Z</time>
        <extensions>
          <ns3:TrackPointExtension>
            <ns3:hr>120</ns3:hr>
            <ns3:cad>90</ns3:cad>
          </ns3:TrackPointExtension>
        </extensions>
      </trkpt>
      <trkpt lat="31.4839422516524791717529296875" lon="121.16084058769047260284423828125">
        <ele>6.19999980926513671875</ele>
        <time>2026-09-15T22:30:53.000Z</time>
        <extensions>
          <ns3:TrackPointExtension>
            <ns3:hr>119</ns3:hr>
            <ns3:cad>90</ns3:cad>
          </ns3:TrackPointExtension>
        </extensions>
      </trkpt>
      <trkpt lat="31.4839737676084041595458984375" lon="121.160814352333545684814453125">
        <ele>6</ele>
        <time>2026-09-15T22:30:54.000Z</time>
        <extensions>
          <ns3:TrackPointExtension>
            <ns3:hr>119</ns3:hr>
            <ns3:cad>90</ns3:cad>
          </ns3:TrackPointExtension>
        </extensions>
      </trkpt>
      <trkpt lat="31.483987011015415191650390625" lon="121.16079750470817089080810546875">
        <ele>6</ele>
        <time>2026-09-15T22:30:55.000Z</time>
        <extensions>
          <ns3:TrackPointExtension>
            <ns3:hr>117</ns3:hr>
            <ns3:cad>90</ns3:cad>
          </ns3:TrackPointExtension>
        </extensions>
      </trkpt>
      <trkpt lat="31.48400553502142429351806640625" lon="121.16078912280499935150146484375">
        <ele>6</ele>
        <time>2026-09-15T22:30:56.000Z</time>
        <extensions>
          <ns3:TrackPointExtension>
            <ns3:hr>116</ns3:hr>
            <ns3:cad>92</ns3:cad>
          </ns3:TrackPointExtension>
        </extensions>
      </trkpt>
      <trkpt lat="31.4840163476765155792236328125" lon="121.16078778170049190521240234375">
        <ele>6</ele>
        <time>2026-09-15T22:30:57.000Z</time>
        <extensions>
          <ns3:TrackPointExtension>
            <ns3:hr>115</ns3:hr>
            <ns3:cad>92</ns3:cad>
          </ns3:TrackPointExtension>
        </extensions>
      </trkpt>
    </trkseg>
  </trk>
</gpx>
