<gpx xmlns:ns3="http://www.garmin.com/xmlschemas/TrackPointExtension/v1" xmlns="http://www.topografix.com/GPX/1/1" xmlns:xsi="http://www.w3.org/2001/XMLSchema-instance" xmlns:ns2="http://www.garmin.com/xmlschemas/GpxExtensions/v3" creator="Garmin Connect" version="1.1" xsi:schemaLocation="http://www.topografix.com/GPX/1/1 http://www.topografix.com/GPX/11.xsd">
  <extensions>
<distance>6425.77</distance>
<average_hr>129.0</average_hr>
<average_speed>2.9149999618530273</average_speed>
<start_time>2026-09-18T21:06:54+00:00</start_time>
<end_time>2026-09-18T21:43:38.745000+00:00</end_time>
<moving_time>2201.42</moving_time>
<elapsed_time>2204.745</elapsed_time>
</extensions>
<metadata>
    <link href="connect.garmin.com">
      <text>Garmin Connect</text>
    </link>
    <time>2026-09-18T21:06:54.000Z</time>
  </metadata>
  <trk>
    <name>南开区 跑步</name>
    <type>running</type>
    <trkseg>
      <trkpt lat="39.1435007192194461822509765625" lon="117.18136140145361423492431640625">
        <ele>7.599999904632568359375</ele>
        <time>2026-09-18T21:06:54.000Z</time>
        <extensions>
          <ns3:TrackPointExtension>
            <ns3:hr>81</ns3:hr>
            <ns3:cad>0</ns3:cad>
          </ns3:TrackPointExtension>
        </extensions>
      </trkpt>
      <trkpt lat="39.1432531177997589111328125" lon="117.18143667094409465789794921875">
        <ele>7.400000095367431640625</ele>
        <time>2026-09-18T21:06:55.000Z</time>
        <extensions>
          <ns3:TrackPointExtension>
            <ns3:hr>81</ns3:hr>
            <ns3:cad>0</ns3:cad>
          </ns3:TrackPointExtension>
        </extensions>
      </trkpt>
      <trkpt lat="39.1432563029229640960693359375" lon="117.1814684383571147918701171875">
        <ele>7.400000095367431640625</ele>
        <time>2026-09-18T21:06:56.000Z</time>
        <extensions>
          <ns3:TrackPointExtension>
            <ns3:hr>81</ns3:hr>
            <ns3:cad>0</ns3:cad>
          </ns3:TrackPointExtension>
        </extensions>
      </trkpt>
      <trkpt lat="39.14326460100710391998291015625" lon="117.18149869702756404876708984375">
        <ele>7.400000095367431640625</ele>
        <time>2026-09-18T21:06:57.000Z</time>
        <extensions>
          <ns3:TrackPointExtension>
            <ns3:hr>82</ns3:hr>
            <ns3:cad>0</ns3:cad>
          </ns3:TrackPointExtension>
        </extensions>
      </trkpt>
      <trkpt lat="39.14326761849224567413330078125" lon="117.18153574503958225250244140625">
        <ele>7.19999980926513671875</ele>
        <time>2026-09-18T21:06:58.000Z</time>
        <extensions>
          <ns3:TrackPointExtension>
            <ns3:hr>83</ns3:hr>
            <ns3:cad>0</ns3:cad>
          </ns3:TrackPointExtension>
        </extensions>
      </trkpt>
      <trkpt lat="39.14327315054833889007568359375" lon="117.18156407587230205535888671875">
        <ele>7.19999980926513671875</ele>
        <time>2026-09-18T21:06:59.000Z</time>
        <extensions>
          <ns3:TrackPointExtension>
            <ns3:hr>85</ns3:hr>
            <ns3:cad>0</ns3:cad>
          </ns3:TrackPointExtension>
        </extensions>
      </trkpt>
      <trkpt lat="39.1432710550725460052490234375" lon="117.181605398654937744140625">
        <ele>7.19999980926513671875</ele>
        <time>2026-09-18T21:07:00.000Z</time>
        <extensions>
          <ns3:TrackPointExtension>
            <ns3:hr>86</ns3:hr>
            <ns3:cad>87</ns3:cad>
          </ns3:TrackPointExtension>
        </extensions>
      </trkpt>
      <trkpt lat="39.14327113889157772064208984375" lon="117.181637920439243316650390625">
        <ele>7.19999980926513671875</ele>
        <time>2026-09-18T21:07:01.000Z</time>
        <extensions>
          <ns3:TrackPointExtension>
            <ns3:hr>87</ns3:hr>
            <ns3:cad>89</ns3:cad>
          </ns3:TrackPointExtension>
        </extensions>
      </trkpt>
      <trkpt lat="39.143270216882228851318359375" lon="117.1816729567945003509521484375">
        <ele>7</ele>
        <time>2026-09-18T21:07:02.000Z</time>
        <extensions>
          <ns3:TrackPointExtension>
            <ns3:hr>89</ns3:hr>
            <ns3:cad>89</ns3:cad>
          </ns3:TrackPointExtension>
        </extensions>
      </trkpt>
      <trkpt lat="39.14327667094767093658447265625" lon="117.18169902451336383819580078125">
        <ele>7</ele>
        <time>2026-09-18T21:07:03.000Z</time>
        <extensions>
          <ns3:TrackPointExtension>
            <ns3:hr>90</ns3:hr>
            <ns3:cad>89</ns3:cad>
          </ns3:TrackPointExtension>
        </extensions>
      </trkpt>
      <trkpt lat="39.14327583275735378265380859375" lon="117.18173087574541568756103515625">
        <ele>7</ele>
        <time>2026-09-18T21:07:04.000Z</time>
        <extensions>
          <ns3:TrackPointExtension>
            <ns3:hr>91</ns3:hr>
            <ns3:cad>89</ns3:cad>
          </ns3:TrackPointExtension>
        </extensions>
      </trkpt>
      <trkpt lat="39.1432794369757175445556640625" lon="117.1817547641694545745849609375">
        <ele>7</ele>
        <time>2026-09-18T21:07:05.000Z</time>
        <extensions>
          <ns3:TrackPointExtension>
            <ns3:hr>93</ns3:hr>
            <ns3:cad>89</ns3:cad>
          </ns3:TrackPointExtension>
        </extensions>
      </trkpt>
      <trkpt lat="39.14327918551862239837646484375" lon="117.1817859448492527008056640625">
        <ele>7</ele>
        <time>2026-09-18T21:07:06.000Z</time>
        <extensions>
          <ns3:TrackPointExtension>
            <ns3:hr>94</ns3:hr>
            <ns3:cad>89</ns3:cad>
          </ns3:TrackPointExtension>
        </extensions>
      </trkpt>
      <trkpt lat="39.143281616270542144775390625" lon="117.18180681578814983367919921875">
        <ele>6.80000019073486328125</ele>
        <time>2026-09-18T21:07:07.000Z</time>
        <extensions>
          <ns3:TrackPointExtension>
            <ns3:hr>95</ns3:hr>
            <ns3:cad>89</ns3:cad>
          </ns3:TrackPointExtension>
        </extensions>
      </trkpt>
      <trkpt lat="39.14328270591795444488525390625" lon="117.181823663413524627685546875">
        <ele>7</ele>
        <time>2026-09-18T21:07:08.000Z</time>
        <extensions>
          <ns3:TrackPointExtension>
            <ns3:hr>96</ns3:hr>
            <ns3:cad>87</ns3:cad>
          </ns3:TrackPointExtension>
        </extensions>
      </trkpt>
      <trkpt lat="39.14328605867922306060791015625" lon="117.1818493120372295379638671875">
        <ele>7</ele>
        <time>2026-09-18T21:07:09.000Z</time>
        <extensions>
          <ns3:TrackPointExtension>
            <ns3:hr>97</ns3:hr>
            <ns3:cad>87</ns3:cad>
          </ns3:TrackPointExtension>
        </extensions>
      </trkpt>
      <trkpt lat="39.1432888247072696685791015625" lon="117.18187454156577587127685546875">
        <ele>7</ele>
        <time>2026-09-18T21:07:10.000Z</time>
        <extensions>
          <ns3:TrackPointExtension>
            <ns3:hr>98</ns3:hr>
            <ns3:cad>87</ns3:cad>
          </ns3:TrackPointExtension>
        </extensions>
      </trkpt>
      <trkpt lat="39.1432898305356502532958984375" lon="117.1819046325981616973876953125">
        <ele>7</ele>
        <time>2026-09-18T21:07:11.000Z</time>
        <extensions>
          <ns3:TrackPointExtension>
            <ns3:hr>98</ns3:hr>
            <ns3:cad>89</ns3:cad>
          </ns3:TrackPointExtension>
        </extensions>
      </trkpt>
      <trkpt lat="39.14328840561211109161376953125" lon="117.18194067478179931640625">
        <ele>7.19999980926513671875</ele>
        <time>2026-09-18T21:07:12.000Z</time>
        <extensions>
          <ns3:TrackPointExtension>
            <ns3:hr>99</ns3:hr>
            <ns3:cad>90</ns3:cad>
          </ns3:TrackPointExtension>
        </extensions>
      </trkpt>
      <trkpt lat="39.14329108782112598419189453125" lon="117.1819690056145191192626953125">
        <ele>7</ele>
        <time>2026-09-18T21:07:13.000Z</time>
        <extensions>
          <ns3:TrackPointExtension>
            <ns3:hr>100</ns3:hr>
            <ns3:cad>90</ns3:cad>
          </ns3:TrackPointExtension>
        </extensions>
      </trkpt>
      <trkpt lat="39.143291004002094268798828125" lon="117.18200764618813991546630859375">
        <ele>7</ele>
        <time>2026-09-18T21:07:14.000Z</time>
        <extensions>
          <ns3:TrackPointExtension>
            <ns3:hr>101</ns3:hr>
            <ns3:cad>90</ns3:cad>
          </ns3:TrackPointExtension>
        </extensions>
      </trkpt>
      <trkpt lat="39.14329192601144313812255859375" lon="117.1820380724966526031494140625">
        <ele>7</ele>
        <time>2026-09-18T21:07:15.000Z</time>
        <extensions>
          <ns3:TrackPointExtension>
            <ns3:hr>101</ns3:hr>
            <ns3:cad>90</ns3:cad>
          </ns3:TrackPointExtension>
        </extensions>
      </trkpt>
      <trkpt lat="39.14329410530626773834228515625" lon="117.1820709295570850372314453125">
        <ele>7.19999980926513671875</ele>
        <time>2026-09-18T21:07:16.000Z</time>
        <extensions>
          <ns3:TrackPointExtension>
            <ns3:hr>102</ns3:hr>
            <ns3:cad>89</ns3:cad>
          </ns3:TrackPointExtension>
        </extensions>
      </trkpt>
      <trkpt lat="39.14329645223915576934814453125" lon="117.18210152350366115570068359375">
        <ele>7.19999980926513671875</ele>
        <time>2026-09-18T21:07:17.000Z</time>
        <extensions>
          <ns3:TrackPointExtension>
            <ns3:hr>103</ns3:hr>
            <ns3:cad>89</ns3:cad>
          </ns3:TrackPointExtension>
        </extensions>
      </trkpt>
      <trkpt lat="39.1432911716401576995849609375" lon="117.182139493525028228759765625">
        <ele>7.19999980926513671875</ele>
        <time>2026-09-18T21:07:18.000Z</time>
        <extensions>
          <ns3:TrackPointExtension>
            <ns3:hr>104</ns3:hr>
            <ns3:cad>89</ns3:cad>
          </ns3:TrackPointExtension>
        </extensions>
      </trkpt>
      <trkpt lat="39.1432821191847324371337890625" lon="117.18216740526258945465087890625">
        <ele>7.19999980926513671875</ele>
        <time>2026-09-18T21:07:19.000Z</time>
        <extensions>
          <ns3:TrackPointExtension>
            <ns3:hr>105</ns3:hr>
            <ns3:cad>90</ns3:cad>
          </ns3:TrackPointExtension>
        </extensions>
      </trkpt>
      <trkpt lat="39.14327382110059261322021484375" lon="117.182202525436878204345703125">
        <ele>7.19999980926513671875</ele>
        <time>2026-09-18T21:07:20.000Z</time>
        <extensions>
          <ns3:TrackPointExtension>
            <ns3:hr>106</ns3:hr>
            <ns3:cad>90</ns3:cad>
          </ns3:TrackPointExtension>
        </extensions>
      </trkpt>
      <trkpt lat="39.14326996542513370513916015625" lon="117.18222943134605884552001953125">
        <ele>7.19999980926513671875</ele>
        <time>2026-09-18T21:07:21.000Z</time>
        <extensions>
          <ns3:TrackPointExtension>
            <ns3:hr>106</ns3:hr>
            <ns3:cad>90</ns3:cad>
          </ns3:TrackPointExtension>
        </extensions>
      </trkpt>
      <trkpt lat="39.14326325990259647369384765625" lon="117.18226580880582332611083984375">
        <ele>7.19999980926513671875</ele>
        <time>2026-09-18T21:07:22.000Z</time>
        <extensions>
          <ns3:TrackPointExtension>
            <ns3:hr>107</ns3:hr>
            <ns3:cad>90</ns3:cad>
          </ns3:TrackPointExtension>
        </extensions>
      </trkpt>
      <trkpt lat="39.1432609967887401580810546875" lon="117.18229380436241626739501953125">
        <ele>7.19999980926513671875</ele>
        <time>2026-09-18T21:07:23.000Z</time>
        <extensions>
          <ns3:TrackPointExtension>
            <ns3:hr>108</ns3:hr>
            <ns3:cad>90</ns3:cad>
          </ns3:TrackPointExtension>
        </extensions>
      </trkpt>
      <trkpt lat="39.1432542912662029266357421875" lon="117.18232783488929271697998046875">
        <ele>7.19999980926513671875</ele>
        <time>2026-09-18T21:07:24.000Z</time>
        <extensions>
          <ns3:TrackPointExtension>
            <ns3:hr>108</ns3:hr>
            <ns3:cad>90</ns3:cad>
          </ns3:TrackPointExtension>
        </extensions>
      </trkpt>
      <trkpt lat="39.14325554855167865753173828125" lon="117.182355411350727081298828125">
        <ele>7.19999980926513671875</ele>
        <time>2026-09-18T21:07:25.000Z</time>
        <extensions>
          <ns3:TrackPointExtension>
            <ns3:hr>109</ns3:hr>
            <ns3:cad>90</ns3:cad>
          </ns3:TrackPointExtension>
        </extensions>
      </trkpt>
      <trkpt lat="39.14324867539107799530029296875" lon="117.1823941357433795928955078125">
        <ele>7.19999980926513671875</ele>
        <time>2026-09-18T21:07:26.000Z</time>
        <extensions>
          <ns3:TrackPointExtension>
            <ns3:hr>110</ns3:hr>
            <ns3:cad>90</ns3:cad>
          </ns3:TrackPointExtension>
        </extensions>
      </trkpt>
      <trkpt lat="39.1432462446391582489013671875" lon="117.18242154456675052642822265625">
        <ele>7.19999980926513671875</ele>
        <time>2026-09-18T21:07:27.000Z</time>
        <extensions>
          <ns3:TrackPointExtension>
            <ns3:hr>111</ns3:hr>
            <ns3:cad>90</ns3:cad>
          </ns3:TrackPointExtension>
        </extensions>
      </trkpt>
      <trkpt lat="39.14324297569692134857177734375" lon="117.18245674856007099151611328125">
        <ele>7.19999980926513671875</ele>
        <time>2026-09-18T21:07:28.000Z</time>
        <extensions>
          <ns3:TrackPointExtension>
            <ns3:hr>111</ns3:hr>
            <ns3:cad>89</ns3:cad>
          </ns3:TrackPointExtension>
        </extensions>
      </trkpt>
      <trkpt lat="39.14323928765952587127685546875" lon="117.182484157383441925048828125">
        <ele>7.19999980926513671875</ele>
        <time>2026-09-18T21:07:29.000Z</time>
        <extensions>
          <ns3:TrackPointExtension>
            <ns3:hr>112</ns3:hr>
            <ns3:cad>89</ns3:cad>
          </ns3:TrackPointExtension>
        </extensions>
      </trkpt>
      <trkpt lat="39.14323342032730579376220703125" lon="117.18251994810998439788818359375">
        <ele>7.19999980926513671875</ele>
        <time>2026-09-18T21:07:30.000Z</time>
        <extensions>
          <ns3:TrackPointExtension>
            <ns3:hr>113</ns3:hr>
            <ns3:cad>89</ns3:cad>
          </ns3:TrackPointExtension>
        </extensions>
      </trkpt>
      <trkpt lat="39.14323610253632068634033203125" lon="117.1825470216572284698486328125">
        <ele>7.19999980926513671875</ele>
        <time>2026-09-18T21:07:31.000Z</time>
        <extensions>
          <ns3:TrackPointExtension>
            <ns3:hr>114</ns3:hr>
            <ns3:cad>89</ns3:cad>
          </ns3:TrackPointExtension>
        </extensions>
      </trkpt>
      <trkpt lat="39.1432371921837329864501953125" lon="117.1825815550982952117919921875">
        <ele>7.19999980926513671875</ele>
        <time>2026-09-18T21:07:32.000Z</time>
        <extensions>
          <ns3:TrackPointExtension>
            <ns3:hr>114</ns3:hr>
            <ns3:cad>89</ns3:cad>
          </ns3:TrackPointExtension>
        </extensions>
      </trkpt>
      <trkpt lat="39.1432395391166210174560546875" lon="117.18261030502617359161376953125">
        <ele>7.19999980926513671875</ele>
        <time>2026-09-18T21:07:33.000Z</time>
        <extensions>
          <ns3:TrackPointExtension>
            <ns3:hr>115</ns3:hr>
            <ns3:cad>89</ns3:cad>
          </ns3:TrackPointExtension>
        </extensions>
      </trkpt>
      <trkpt lat="39.14323710836470127105712890625" lon="117.18264785595238208770751953125">
        <ele>7</ele>
        <time>2026-09-18T21:07:34.000Z</time>
        <extensions>
          <ns3:TrackPointExtension>
            <ns3:hr>116</ns3:hr>
            <ns3:cad>89</ns3:cad>
          </ns3:TrackPointExtension>
        </extensions>
      </trkpt>
      <trkpt lat="39.14323677308857440948486328125" lon="117.1826744265854358673095703125">
        <ele>7</ele>
        <time>2026-09-18T21:07:35.000Z</time>
        <extensions>
          <ns3:TrackPointExtension>
            <ns3:hr>117</ns3:hr>
            <ns3:cad>89</ns3:cad>
          </ns3:TrackPointExtension>
        </extensions>
      </trkpt>
      <trkpt lat="39.1432381980121135711669921875" lon="117.18270778656005859375">
        <ele>7</ele>
        <time>2026-09-18T21:07:36.000Z</time>
        <extensions>
          <ns3:TrackPointExtension>
            <ns3:hr>117</ns3:hr>
            <ns3:cad>89</ns3:cad>
          </ns3:TrackPointExtension>
        </extensions>
      </trkpt>
      <trkpt lat="39.14323844946920871734619140625" lon="117.18273066915571689605712890625">
        <ele>7.19999980926513671875</ele>
        <time>2026-09-18T21:07:37.000Z</time>
        <extensions>
          <ns3:TrackPointExtension>
            <ns3:hr>117</ns3:hr>
            <ns3:cad>89</ns3:cad>
          </ns3:TrackPointExtension>
        </extensions>
      </trkpt>
      <trkpt lat="39.1432365216314792633056640625" lon="117.18276478350162506103515625">
        <ele>7.19999980926513671875</ele>
        <time>2026-09-18T21:07:38.000Z</time>
        <extensions>
          <ns3:TrackPointExtension>
            <ns3:hr>118</ns3:hr>
            <ns3:cad>89</ns3:cad>
          </ns3:TrackPointExtension>
        </extensions>
      </trkpt>
      <trkpt lat="39.14323861710727214813232421875" lon="117.1827890910208225250244140625">
        <ele>7.19999980926513671875</ele>
        <time>2026-09-18T21:07:39.000Z</time>
        <extensions>
          <ns3:TrackPointExtension>
            <ns3:hr>119</ns3:hr>
            <ns3:cad>89</ns3:cad>
          </ns3:TrackPointExtension>
        </extensions>
      </trkpt>
      <trkpt lat="39.14323342032730579376220703125" lon="117.18282203190028667449951171875">
        <ele>7.19999980926513671875</ele>
        <time>2026-09-18T21:07:40.000Z</time>
        <extensions>
          <ns3:TrackPointExtension>
            <ns3:hr>119</ns3:hr>
            <ns3:cad>89</ns3:cad>
          </ns3:TrackPointExtension>
        </extensions>
      </trkpt>
      <trkpt lat="39.14323526434600353240966796875" lon="117.1828514523804187774658203125">
        <ele>7.19999980926513671875</ele>
        <time>2026-09-18T21:07:41.000Z</time>
        <extensions>
          <ns3:TrackPointExtension>
            <ns3:hr>120</ns3:hr>
            <ns3:cad>89</ns3:cad>
          </ns3:TrackPointExtension>
        </extensions>
      </trkpt>
      <trkpt lat="39.14323459379374980926513671875" lon="117.1828869916498661041259765625">
        <ele>7.19999980926513671875</ele>
        <time>2026-09-18T21:07:42.000Z</time>
        <extensions>
          <ns3:TrackPointExtension>
            <ns3:hr>120</ns3:hr>
            <ns3:cad>89</ns3:cad>
          </ns3:TrackPointExtension>
        </extensions>
      </trkpt>
      <trkpt lat="39.143231995403766632080078125" lon="117.182917334139347076416015625">
        <ele>7</ele>
        <time>2026-09-18T21:07:43.000Z</time>
        <extensions>
          <ns3:TrackPointExtension>
            <ns3:hr>121</ns3:hr>
            <ns3:cad>89</ns3:cad>
          </ns3:TrackPointExtension>
        </extensions>
      </trkpt>
      <trkpt lat="39.14322772063314914703369140625" lon="117.18295362778007984161376953125">
        <ele>7.19999980926513671875</ele>
        <time>2026-09-18T21:07:44.000Z</time>
        <extensions>
          <ns3:TrackPointExtension>
            <ns3:hr>121</ns3:hr>
            <ns3:cad>89</ns3:cad>
          </ns3:TrackPointExtension>
        </extensions>
      </trkpt>
      <trkpt lat="39.14322822354733943939208984375" lon="117.182983718812465667724609375">
        <ele>7</ele>
        <time>2026-09-18T21:07:45.000Z</time>
        <extensions>
          <ns3:TrackPointExtension>
            <ns3:hr>122</ns3:hr>
            <ns3:cad>89</ns3:cad>
          </ns3:TrackPointExtension>
        </extensions>
      </trkpt>
      <trkpt lat="39.14322369731962680816650390625" lon="117.1830154024064540863037109375">
        <ele>7</ele>
        <time>2026-09-18T21:07:46.000Z</time>
        <extensions>
          <ns3:TrackPointExtension>
            <ns3:hr>122</ns3:hr>
            <ns3:cad>89</ns3:cad>
          </ns3:TrackPointExtension>
        </extensions>
      </trkpt>
      <trkpt lat="39.14322302676737308502197265625" lon="117.18304297886788845062255859375">
        <ele>7.19999980926513671875</ele>
        <time>2026-09-18T21:07:47.000Z</time>
        <extensions>
          <ns3:TrackPointExtension>
            <ns3:hr>123</ns3:hr>
            <ns3:cad>90</ns3:cad>
          </ns3:TrackPointExtension>
        </extensions>
      </trkpt>
      <trkpt lat="39.14321959018707275390625" lon="117.1830774284899234771728515625">
        <ele>7.19999980926513671875</ele>
        <time>2026-09-18T21:07:48.000Z</time>
        <extensions>
          <ns3:TrackPointExtension>
            <ns3:hr>123</ns3:hr>
            <ns3:cad>89</ns3:cad>
          </ns3:TrackPointExtension>
        </extensions>
      </trkpt>
      <trkpt lat="39.1432170756161212921142578125" lon="117.1831055916845798492431640625">
        <ele>7.19999980926513671875</ele>
        <time>2026-09-18T21:07:49.000Z</time>
        <extensions>
          <ns3:TrackPointExtension>
            <ns3:hr>124</ns3:hr>
            <ns3:cad>89</ns3:cad>
          </ns3:TrackPointExtension>
        </extensions>
      </trkpt>
      <trkpt lat="39.1432123817503452301025390625" lon="117.1831431426107883453369140625">
        <ele>7.19999980926513671875</ele>
        <time>2026-09-18T21:07:50.000Z</time>
        <extensions>
          <ns3:TrackPointExtension>
            <ns3:hr>124</ns3:hr>
            <ns3:cad>89</ns3:cad>
          </ns3:TrackPointExtension>
        </extensions>
      </trkpt>
      <trkpt lat="39.14321162737905979156494140625" lon="117.183169461786746978759765625">
        <ele>7.19999980926513671875</ele>
        <time>2026-09-18T21:07:51.000Z</time>
        <extensions>
          <ns3:TrackPointExtension>
            <ns3:hr>125</ns3:hr>
            <ns3:cad>88</ns3:cad>
          </ns3:TrackPointExtension>
        </extensions>
      </trkpt>
      <trkpt lat="39.14320576004683971405029296875" lon="117.1832048334181308746337890625">
        <ele>7.19999980926513671875</ele>
        <time>2026-09-18T21:07:52.000Z</time>
        <extensions>
          <ns3:TrackPointExtension>
            <ns3:hr>125</ns3:hr>
            <ns3:cad>88</ns3:cad>
          </ns3:TrackPointExtension>
        </extensions>
      </trkpt>
      <trkpt lat="39.14320576004683971405029296875" lon="117.183236181735992431640625">
        <ele>7.19999980926513671875</ele>
        <time>2026-09-18T21:07:53.000Z</time>
        <extensions>
          <ns3:TrackPointExtension>
            <ns3:hr>126</ns3:hr>
            <ns3:cad>89</ns3:cad>
          </ns3:TrackPointExtension>
        </extensions>
      </trkpt>
      <trkpt lat="39.14320391602814197540283203125" lon="117.18326727859675884246826171875">
        <ele>7</ele>
        <time>2026-09-18T21:07:54.000Z</time>
        <extensions>
          <ns3:TrackPointExtension>
            <ns3:hr>126</ns3:hr>
            <ns3:cad>89</ns3:cad>
          </ns3:TrackPointExtension>
        </extensions>
      </trkpt>
      <trkpt lat="39.14320542477071285247802734375" lon="117.18329460360109806060791015625">
        <ele>7</ele>
        <time>2026-09-18T21:07:55.000Z</time>
        <extensions>
          <ns3:TrackPointExtension>
            <ns3:hr>127</ns3:hr>
            <ns3:cad>89</ns3:cad>
          </ns3:TrackPointExtension>
        </extensions>
      </trkpt>
      <trkpt lat="39.1432036645710468292236328125" lon="117.18332796357572078704833984375">
        <ele>7</ele>
        <time>2026-09-18T21:07:56.000Z</time>
        <extensions>
          <ns3:TrackPointExtension>
            <ns3:hr>127</ns3:hr>
            <ns3:cad>89</ns3:cad>
          </ns3:TrackPointExtension>
        </extensions>
      </trkpt>
      <trkpt lat="39.143205173313617706298828125" lon="117.18335084617137908935546875">
        <ele>6.80000019073486328125</ele>
        <time>2026-09-18T21:07:57.000Z</time>
        <extensions>
          <ns3:TrackPointExtension>
            <ns3:hr>128</ns3:hr>
            <ns3:cad>89</ns3:cad>
          </ns3:TrackPointExtension>
        </extensions>
      </trkpt>
      <trkpt lat="39.14320592768490314483642578125" lon="117.18337557278573513031005859375">
        <ele>6.80000019073486328125</ele>
        <time>2026-09-18T21:07:58.000Z</time>
        <extensions>
          <ns3:TrackPointExtension>
            <ns3:hr>128</ns3:hr>
            <ns3:cad>89</ns3:cad>
          </ns3:TrackPointExtension>
        </extensions>
      </trkpt>
      <trkpt lat="39.14320793934166431427001953125" lon="117.1834006346762180328369140625">
        <ele>6.80000019073486328125</ele>
        <time>2026-09-18T21:07:59.000Z</time>
        <extensions>
          <ns3:TrackPointExtension>
            <ns3:hr>128</ns3:hr>
            <ns3:cad>90</ns3:cad>
          </ns3:TrackPointExtension>
        </extensions>
      </trkpt>
      <trkpt lat="39.143210537731647491455078125" lon="117.18342150561511516571044921875">
        <ele>7</ele>
        <time>2026-09-18T21:08:00.000Z</time>
        <extensions>
          <ns3:TrackPointExtension>
            <ns3:hr>128</ns3:hr>
            <ns3:cad>90</ns3:cad>
          </ns3:TrackPointExtension>
        </extensions>
      </trkpt>
      <trkpt lat="39.1432093642652034759521484375" lon="117.18344681896269321441650390625">
        <ele>7</ele>
        <time>2026-09-18T21:08:01.000Z</time>
        <extensions>
          <ns3:TrackPointExtension>
            <ns3:hr>129</ns3:hr>
            <ns3:cad>90</ns3:cad>
          </ns3:TrackPointExtension>
        </extensions>
      </trkpt>
      <trkpt lat="39.14319687522947788238525390625" lon="117.18348856084048748016357421875">
        <ele>7</ele>
        <time>2026-09-18T21:08:02.000Z</time>
        <extensions>
          <ns3:TrackPointExtension>
            <ns3:hr>129</ns3:hr>
            <ns3:cad>90</ns3:cad>
          </ns3:TrackPointExtension>
        </extensions>
      </trkpt>
      <trkpt lat="39.1431983001530170440673828125" lon="117.18352653086185455322265625">
        <ele>7</ele>
        <time>2026-09-18T21:08:03.000Z</time>
        <extensions>
          <ns3:TrackPointExtension>
            <ns3:hr>129</ns3:hr>
            <ns3:cad>90</ns3:cad>
          </ns3:TrackPointExtension>
        </extensions>
      </trkpt>
      <trkpt lat="39.14319972507655620574951171875" lon="117.18356852419674396514892578125">
        <ele>7</ele>
        <time>2026-09-18T21:08:04.000Z</time>
        <extensions>
          <ns3:TrackPointExtension>
            <ns3:hr>129</ns3:hr>
            <ns3:cad>90</ns3:cad>
          </ns3:TrackPointExtension>
        </extensions>
      </trkpt>
      <trkpt lat="39.14319586940109729766845703125" lon="117.18360926024615764617919921875">
        <ele>7</ele>
        <time>2026-09-18T21:08:05.000Z</time>
        <extensions>
          <ns3:TrackPointExtension>
            <ns3:hr>129</ns3:hr>
            <ns3:cad>90</ns3:cad>
          </ns3:TrackPointExtension>
        </extensions>
      </trkpt>
      <trkpt lat="39.14319871924817562103271484375" lon="117.18364630825817584991455078125">
        <ele>7</ele>
        <time>2026-09-18T21:08:06.000Z</time>
        <extensions>
          <ns3:TrackPointExtension>
            <ns3:hr>130</ns3:hr>
            <ns3:cad>90</ns3:cad>
          </ns3:TrackPointExtension>
        </extensions>
      </trkpt>
      <trkpt lat="39.1432063467800617218017578125" lon="117.18368209898471832275390625">
        <ele>7</ele>
        <time>2026-09-18T21:08:07.000Z</time>
        <extensions>
          <ns3:TrackPointExtension>
            <ns3:hr>130</ns3:hr>
            <ns3:cad>89</ns3:cad>
          </ns3:TrackPointExtension>
        </extensions>
      </trkpt>
      <trkpt lat="39.1432224400341510772705078125" lon="117.183708250522613525390625">
        <ele>7</ele>
        <time>2026-09-18T21:08:08.000Z</time>
        <extensions>
          <ns3:TrackPointExtension>
            <ns3:hr>129</ns3:hr>
            <ns3:cad>89</ns3:cad>
          </ns3:TrackPointExtension>
        </extensions>
      </trkpt>
      <trkpt lat="39.14323761127889156341552734375" lon="117.1837359108030796051025390625">
        <ele>6.80000019073486328125</ele>
        <time>2026-09-18T21:08:09.000Z</time>
        <extensions>
          <ns3:TrackPointExtension>
            <ns3:hr>129</ns3:hr>
            <ns3:cad>89</ns3:cad>
          </ns3:TrackPointExtension>
        </extensions>
      </trkpt>
      <trkpt lat="39.1432559676468372344970703125" lon="117.18374990858137607574462890625">
        <ele>6.80000019073486328125</ele>
        <time>2026-09-18T21:08:10.000Z</time>
        <extensions>
          <ns3:TrackPointExtension>
            <ns3:hr>130</ns3:hr>
            <ns3:cad>89</ns3:cad>
          </ns3:TrackPointExtension>
        </extensions>
      </trkpt>
      <trkpt lat="39.1432747431099414825439453125" lon="117.18376851640641689300537109375">
        <ele>6.80000019073486328125</ele>
        <time>2026-09-18T21:08:11.000Z</time>
        <extensions>
          <ns3:TrackPointExtension>
            <ns3:hr>129</ns3:hr>
            <ns3:cad>88</ns3:cad>
          </ns3:TrackPointExtension>
        </extensions>
      </trkpt>
      <trkpt lat="39.14328865706920623779296875" lon="117.18377865850925445556640625">
        <ele>6.80000019073486328125</ele>
        <time>2026-09-18T21:08:12.000Z</time>
        <extensions>
          <ns3:TrackPointExtension>
            <ns3:hr>129</ns3:hr>
            <ns3:cad>88</ns3:cad>
          </ns3:TrackPointExtension>
        </extensions>
      </trkpt>
      <trkpt lat="39.14330231957137584686279296875" lon="117.18379416503012180328369140625">
        <ele>6.80000019073486328125</ele>
        <time>2026-09-18T21:08:13.000Z</time>
        <extensions>
          <ns3:TrackPointExtension>
            <ns3:hr>129</ns3:hr>
            <ns3:cad>88</ns3:cad>
          </ns3:TrackPointExtension>
        </extensions>
      </trkpt>
      <trkpt lat="39.14330617524683475494384765625" lon="117.18381486833095550537109375">
        <ele>6.80000019073486328125</ele>
        <time>2026-09-18T21:08:14.000Z</time>
        <extensions>
          <ns3:TrackPointExtension>
            <ns3:hr>129</ns3:hr>
            <ns3:cad>88</ns3:cad>
          </ns3:TrackPointExtension>
        </extensions>
      </trkpt>
      <trkpt lat="39.14330651052296161651611328125" lon="117.18383640982210636138916015625">
        <ele>7</ele>
        <time>2026-09-18T21:08:15.000Z</time>
        <extensions>
          <ns3:TrackPointExtension>
            <ns3:hr>129</ns3:hr>
            <ns3:cad>86</ns3:cad>
          </ns3:TrackPointExtension>
        </extensions>
      </trkpt>
      <trkpt lat="39.143302403390407562255859375" lon="117.18386490829288959503173828125">
        <ele>7</ele>
        <time>2026-09-18T21:08:16.000Z</time>
        <extensions>
          <ns3:TrackPointExtension>
            <ns3:hr>129</ns3:hr>
            <ns3:cad>86</ns3:cad>
          </ns3:TrackPointExtension>
        </extensions>
      </trkpt>
      <trkpt lat="39.143303744494915008544921875" lon="117.1838861145079135894775390625">
        <ele>7</ele>
        <time>2026-09-18T21:08:17.000Z</time>
        <extensions>
          <ns3:TrackPointExtension>
            <ns3:hr>129</ns3:hr>
            <ns3:cad>86</ns3:cad>
          </ns3:TrackPointExtension>
        </extensions>
      </trkpt>
      <trkpt lat="39.14330885745584964752197265625" lon="117.1839189715683460235595703125">
        <ele>7</ele>
        <time>2026-09-18T21:08:18.000Z</time>
        <extensions>
          <ns3:TrackPointExtension>
            <ns3:hr>129</ns3:hr>
            <ns3:cad>85</ns3:cad>
          </ns3:TrackPointExtension>
        </extensions>
      </trkpt>
      <trkpt lat="39.14329930208623409271240234375" lon="117.18395291827619075775146484375">
        <ele>7</ele>
        <time>2026-09-18T21:08:19.000Z</time>
        <extensions>
          <ns3:TrackPointExtension>
            <ns3:hr>129</ns3:hr>
            <ns3:cad>83</ns3:cad>
          </ns3:TrackPointExtension>
        </extensions>
      </trkpt>
      <trkpt lat="39.14329804480075836181640625" lon="117.18398275785148143768310546875">
        <ele>7</ele>
        <time>2026-09-18T21:08:20.000Z</time>
        <extensions>
          <ns3:TrackPointExtension>
            <ns3:hr>129</ns3:hr>
            <ns3:cad>83</ns3:cad>
          </ns3:TrackPointExtension>
        </extensions>
      </trkpt>
      <trkpt lat="39.14329259656369686126708984375" lon="117.1840188838541507720947265625">
        <ele>7</ele>
        <time>2026-09-18T21:08:21.000Z</time>
        <extensions>
          <ns3:TrackPointExtension>
            <ns3:hr>129</ns3:hr>
            <ns3:cad>83</ns3:cad>
          </ns3:TrackPointExtension>
        </extensions>
      </trkpt>
      <trkpt lat="39.1432928480207920074462890625" lon="117.1840530820190906524658203125">
        <ele>7</ele>
        <time>2026-09-18T21:08:22.000Z</time>
        <extensions>
          <ns3:TrackPointExtension>
            <ns3:hr>129</ns3:hr>
            <ns3:cad>82</ns3:cad>
          </ns3:TrackPointExtension>
        </extensions>
      </trkpt>
      <trkpt lat="39.1432928480207920074462890625" lon="117.184089124202728271484375">
        <ele>7</ele>
        <time>2026-09-18T21:08:23.000Z</time>
        <extensions>
          <ns3:TrackPointExtension>
            <ns3:hr>129</ns3:hr>
            <ns3:cad>82</ns3:cad>
          </ns3:TrackPointExtension>
        </extensions>
      </trkpt>
      <trkpt lat="39.14330131374299526214599609375" lon="117.184105552732944488525390625">
        <ele>7</ele>
        <time>2026-09-18T21:08:24.000Z</time>
        <extensions>
          <ns3:TrackPointExtension>
            <ns3:hr>129</ns3:hr>
            <ns3:cad>85</ns3:cad>
          </ns3:TrackPointExtension>
        </extensions>
      </trkpt>
      <trkpt lat="39.1433223523199558258056640625" lon="117.18413002789020538330078125">
        <ele>7</ele>
        <time>2026-09-18T21:08:25.000Z</time>
        <extensions>
          <ns3:TrackPointExtension>
            <ns3:hr>129</ns3:hr>
            <ns3:cad>85</ns3:cad>
          </ns3:TrackPointExtension>
        </extensions>
      </trkpt>
      <trkpt lat="39.143339954316616058349609375" lon="117.18412793241441249847412109375">
        <ele>7</ele>
        <time>2026-09-18T21:08:26.000Z</time>
        <extensions>
          <ns3:TrackPointExtension>
            <ns3:hr>130</ns3:hr>
            <ns3:cad>86</ns3:cad>
          </ns3:TrackPointExtension>
        </extensions>
      </trkpt>
      <trkpt lat="39.1433719731867313385009765625" lon="117.1841372363269329071044921875">
        <ele>7</ele>
        <time>2026-09-18T21:08:27.000Z</time>
        <extensions>
          <ns3:TrackPointExtension>
            <ns3:hr>129</ns3:hr>
            <ns3:cad>87</ns3:cad>
          </ns3:TrackPointExtension>
        </extensions>
      </trkpt>
      <trkpt lat="39.1433880664408206939697265625" lon="117.18412759713828563690185546875">
        <ele>6.80000019073486328125</ele>
        <time>2026-09-18T21:08:28.000Z</time>
        <extensions>
          <ns3:TrackPointExtension>
            <ns3:hr>129</ns3:hr>
            <ns3:cad>87</ns3:cad>
          </ns3:TrackPointExtension>
        </extensions>
      </trkpt>
      <trkpt lat="39.143415391445159912109375" lon="117.18412944115698337554931640625">
        <ele>6.80000019073486328125</ele>
        <time>2026-09-18T21:08:29.000Z</time>
        <extensions>
          <ns3:TrackPointExtension>
            <ns3:hr>130</ns3:hr>
            <ns3:cad>87</ns3:cad>
          </ns3:TrackPointExtension>
        </extensions>
      </trkpt>
      <trkpt lat="39.14343592710793018341064453125" lon="117.184123657643795013427734375">
        <ele>6.80000019073486328125</ele>
        <time>2026-09-18T21:08:30.000Z</time>
        <extensions>
          <ns3:TrackPointExtension>
            <ns3:hr>129</ns3:hr>
            <ns3:cad>87</ns3:cad>
          </ns3:TrackPointExtension>
        </extensions>
      </trkpt>
      <trkpt lat="39.14346660487353801727294921875" lon="117.1841258369386196136474609375">
        <ele>6.80000019073486328125</ele>
        <time>2026-09-18T21:08:31.000Z</time>
        <extensions>
          <ns3:TrackPointExtension>
            <ns3:hr>129</ns3:hr>
            <ns3:cad>88</ns3:cad>
          </ns3:TrackPointExtension>
        </extensions>
      </trkpt>
      <trkpt lat="39.1434842906892299652099609375" lon="117.18411938287317752838134765625">
        <ele>6.80000019073486328125</ele>
        <time>2026-09-18T21:08:32.000Z</time>
        <extensions>
          <ns3:TrackPointExtension>
            <ns3:hr>129</ns3:hr>
            <ns3:cad>88</ns3:cad>
          </ns3:TrackPointExtension>
        </extensions>
      </trkpt>
      <trkpt lat="39.14351589046418666839599609375" lon="117.1841147728264331817626953125">
        <ele>6.80000019073486328125</ele>
        <time>2026-09-18T21:08:33.000Z</time>
        <extensions>
          <ns3:TrackPointExtension>
            <ns3:hr>129</ns3:hr>
            <ns3:cad>88</ns3:cad>
          </ns3:TrackPointExtension>
        </extensions>
      </trkpt>
      <trkpt lat="39.1435345821082592010498046875" lon="117.18410949222743511199951171875">
        <ele>6.80000019073486328125</ele>
        <time>2026-09-18T21:08:34.000Z</time>
        <extensions>
          <ns3:TrackPointExtension>
            <ns3:hr>130</ns3:hr>
            <ns3:cad>88</ns3:cad>
          </ns3:TrackPointExtension>
        </extensions>
      </trkpt>
      <trkpt lat="39.1435624100267887115478515625" lon="117.1841119229793548583984375">
        <ele>6.80000019073486328125</ele>
        <time>2026-09-18T21:08:35.000Z</time>
        <extensions>
          <ns3:TrackPointExtension>
            <ns3:hr>129</ns3:hr>
            <ns3:cad>88</ns3:cad>
          </ns3:TrackPointExtension>
        </extensions>
      </trkpt>
      <trkpt lat="39.1435798443853855133056640625" lon="117.184108234941959381103515625">
        <ele>6.80000019073486328125</ele>
        <time>2026-09-18T21:08:36.000Z</time>
        <extensions>
          <ns3:TrackPointExtension>
            <ns3:hr>129</ns3:hr>
            <ns3:cad>88</ns3:cad>
          </ns3:TrackPointExtension>
        </extensions>
      </trkpt>
      <trkpt lat="39.14360675029456615447998046875" lon="117.18410857021808624267578125">
        <ele>6.80000019073486328125</ele>
        <time>2026-09-18T21:08:37.000Z</time>
        <extensions>
          <ns3:TrackPointExtension>
            <ns3:hr>130</ns3:hr>
            <ns3:cad>88</ns3:cad>
          </ns3:TrackPointExtension>
        </extensions>
      </trkpt>
      <trkpt lat="39.1436264477670192718505859375" lon="117.184104882180690765380859375">
        <ele>6.599999904632568359375</ele>
        <time>2026-09-18T21:08:38.000Z</time>
        <extensions>
          <ns3:TrackPointExtension>
            <ns3:hr>130</ns3:hr>
            <ns3:cad>89</ns3:cad>
          </ns3:TrackPointExtension>
        </extensions>
      </trkpt>
      <trkpt lat="39.1436515934765338897705078125" lon="117.18410496599972248077392578125">
        <ele>6.599999904632568359375</ele>
        <time>2026-09-18T21:08:39.000Z</time>
        <extensions>
          <ns3:TrackPointExtension>
            <ns3:hr>130</ns3:hr>
            <ns3:cad>89</ns3:cad>
          </ns3:TrackPointExtension>
        </extensions>
      </trkpt>
      <trkpt lat="39.1436723805963993072509765625" lon="117.18410295434296131134033203125">
        <ele>6.599999904632568359375</ele>
        <time>2026-09-18T21:08:40.000Z</time>
        <extensions>
          <ns3:TrackPointExtension>
            <ns3:hr>130</ns3:hr>
            <ns3:cad>89</ns3:cad>
          </ns3:TrackPointExtension>
        </extensions>
      </trkpt>
      <trkpt lat="39.1436998732388019561767578125" lon="117.1841027028858661651611328125">
        <ele>6.599999904632568359375</ele>
        <time>2026-09-18T21:08:41.000Z</time>
        <extensions>
          <ns3:TrackPointExtension>
            <ns3:hr>130</ns3:hr>
            <ns3:cad>89</ns3:cad>
          </ns3:TrackPointExtension>
        </extensions>
      </trkpt>
      <trkpt lat="39.14372309111058712005615234375" lon="117.18410186469554901123046875">
        <ele>6.599999904632568359375</ele>
        <time>2026-09-18T21:08:42.000Z</time>
        <extensions>
          <ns3:TrackPointExtension>
            <ns3:hr>130</ns3:hr>
            <ns3:cad>89</ns3:cad>
          </ns3:TrackPointExtension>
        </extensions>
      </trkpt>
      <trkpt lat="39.14375108666718006134033203125" lon="117.18409775756299495697021484375">
        <ele>6.599999904632568359375</ele>
        <time>2026-09-18T21:08:43.000Z</time>
        <extensions>
          <ns3:TrackPointExtension>
            <ns3:hr>131</ns3:hr>
            <ns3:cad>88</ns3:cad>
          </ns3:TrackPointExtension>
        </extensions>
      </trkpt>
      <trkpt lat="39.143775813281536102294921875" lon="117.18409918248653411865234375">
        <ele>6.599999904632568359375</ele>
        <time>2026-09-18T21:08:44.000Z</time>
        <extensions>
          <ns3:TrackPointExtension>
            <ns3:hr>131</ns3:hr>
            <ns3:cad>88</ns3:cad>
          </ns3:TrackPointExtension>
        </extensions>
      </trkpt>
      <trkpt lat="39.143802635371685028076171875" lon="117.18410228379070758819580078125">
        <ele>6.599999904632568359375</ele>
        <time>2026-09-18T21:08:45.000Z</time>
        <extensions>
          <ns3:TrackPointExtension>
            <ns3:hr>131</ns3:hr>
            <ns3:cad>88</ns3:cad>
          </ns3:TrackPointExtension>
        </extensions>
      </trkpt>
      <trkpt lat="39.1438271105289459228515625" lon="117.1841038763523101806640625">
        <ele>6.599999904632568359375</ele>
        <time>2026-09-18T21:08:46.000Z</time>
        <extensions>
          <ns3:TrackPointExtension>
            <ns3:hr>131</ns3:hr>
            <ns3:cad>89</ns3:cad>
          </ns3:TrackPointExtension>
        </extensions>
      </trkpt>
      <trkpt lat="39.14385301060974597930908203125" lon="117.18410379253327846527099609375">
        <ele>6.599999904632568359375</ele>
        <time>2026-09-18T21:08:47.000Z</time>
        <extensions>
          <ns3:TrackPointExtension>
            <ns3:hr>131</ns3:hr>
            <ns3:cad>89</ns3:cad>
          </ns3:TrackPointExtension>
        </extensions>
      </trkpt>
      <trkpt lat="39.1438738815486431121826171875" lon="117.18410161323845386505126953125">
        <ele>6.599999904632568359375</ele>
        <time>2026-09-18T21:08:48.000Z</time>
        <extensions>
          <ns3:TrackPointExtension>
            <ns3:hr>131</ns3:hr>
            <ns3:cad>89</ns3:cad>
          </ns3:TrackPointExtension>
        </extensions>
      </trkpt>
      <trkpt lat="39.1439033858478069305419921875" lon="117.18409976921975612640380859375">
        <ele>6.599999904632568359375</ele>
        <time>2026-09-18T21:08:49.000Z</time>
        <extensions>
          <ns3:TrackPointExtension>
            <ns3:hr>130</ns3:hr>
            <ns3:cad>89</ns3:cad>
          </ns3:TrackPointExtension>
        </extensions>
      </trkpt>
      <trkpt lat="39.1439265199005603790283203125" lon="117.18409859575331211090087890625">
        <ele>6.599999904632568359375</ele>
        <time>2026-09-18T21:08:50.000Z</time>
        <extensions>
          <ns3:TrackPointExtension>
            <ns3:hr>131</ns3:hr>
            <ns3:cad>89</ns3:cad>
          </ns3:TrackPointExtension>
        </extensions>
      </trkpt>
      <trkpt lat="39.14395225234329700469970703125" lon="117.18409608118236064910888671875">
        <ele>6.599999904632568359375</ele>
        <time>2026-09-18T21:08:51.000Z</time>
        <extensions>
          <ns3:TrackPointExtension>
            <ns3:hr>131</ns3:hr>
            <ns3:cad>88</ns3:cad>
          </ns3:TrackPointExtension>
        </extensions>
      </trkpt>
      <trkpt lat="39.1439754702150821685791015625" lon="117.18409826047718524932861328125">
        <ele>6.599999904632568359375</ele>
        <time>2026-09-18T21:08:52.000Z</time>
        <extensions>
          <ns3:TrackPointExtension>
            <ns3:hr>131</ns3:hr>
            <ns3:cad>88</ns3:cad>
          </ns3:TrackPointExtension>
        </extensions>
      </trkpt>
      <trkpt lat="39.144003130495548248291015625" lon="117.1840970031917095184326171875">
        <ele>6.599999904632568359375</ele>
        <time>2026-09-18T21:08:53.000Z</time>
        <extensions>
          <ns3:TrackPointExtension>
            <ns3:hr>131</ns3:hr>
            <ns3:cad>88</ns3:cad>
          </ns3:TrackPointExtension>
        </extensions>
      </trkpt>
      <trkpt lat="39.14402718655765056610107421875" lon="117.18409725464880466461181640625">
        <ele>6.599999904632568359375</ele>
        <time>2026-09-18T21:08:54.000Z</time>
        <extensions>
          <ns3:TrackPointExtension>
            <ns3:hr>131</ns3:hr>
            <ns3:cad>90</ns3:cad>
          </ns3:TrackPointExtension>
        </extensions>
      </trkpt>
      <trkpt lat="39.14405300281941890716552734375" lon="117.18409054912626743316650390625">
        <ele>6.599999904632568359375</ele>
        <time>2026-09-18T21:08:55.000Z</time>
        <extensions>
          <ns3:TrackPointExtension>
            <ns3:hr>132</ns3:hr>
            <ns3:cad>90</ns3:cad>
          </ns3:TrackPointExtension>
        </extensions>
      </trkpt>
      <trkpt lat="39.1440804116427898406982421875" lon="117.1840923093259334564208984375">
        <ele>6.599999904632568359375</ele>
        <time>2026-09-18T21:08:56.000Z</time>
        <extensions>
          <ns3:TrackPointExtension>
            <ns3:hr>132</ns3:hr>
            <ns3:cad>90</ns3:cad>
          </ns3:TrackPointExtension>
        </extensions>
      </trkpt>
      <trkpt lat="39.14410664699971675872802734375" lon="117.18408904038369655609130859375">
        <ele>6.599999904632568359375</ele>
        <time>2026-09-18T21:08:57.000Z</time>
        <extensions>
          <ns3:TrackPointExtension>
            <ns3:hr>132</ns3:hr>
            <ns3:cad>90</ns3:cad>
          </ns3:TrackPointExtension>
        </extensions>
      </trkpt>
      <trkpt lat="39.14413087069988250732421875" lon="117.184086106717586517333984375">
        <ele>6.599999904632568359375</ele>
        <time>2026-09-18T21:08:58.000Z</time>
        <extensions>
          <ns3:TrackPointExtension>
            <ns3:hr>132</ns3:hr>
            <ns3:cad>90</ns3:cad>
          </ns3:TrackPointExtension>
        </extensions>
      </trkpt>
      <trkpt lat="39.14415593259036540985107421875" lon="117.1840825863182544708251953125">
        <ele>6.599999904632568359375</ele>
        <time>2026-09-18T21:08:59.000Z</time>
        <extensions>
          <ns3:TrackPointExtension>
            <ns3:hr>132</ns3:hr>
            <ns3:cad>88</ns3:cad>
          </ns3:TrackPointExtension>
        </extensions>
      </trkpt>
      <trkpt lat="39.144179821014404296875" lon="117.1840839274227619171142578125">
        <ele>6.599999904632568359375</ele>
        <time>2026-09-18T21:09:00.000Z</time>
        <extensions>
          <ns3:TrackPointExtension>
            <ns3:hr>132</ns3:hr>
            <ns3:cad>88</ns3:cad>
          </ns3:TrackPointExtension>
        </extensions>
      </trkpt>
      <trkpt lat="39.14420689456164836883544921875" lon="117.18408216722309589385986328125">
        <ele>6.400000095367431640625</ele>
        <time>2026-09-18T21:09:01.000Z</time>
        <extensions>
          <ns3:TrackPointExtension>
            <ns3:hr>132</ns3:hr>
            <ns3:cad>88</ns3:cad>
          </ns3:TrackPointExtension>
        </extensions>
      </trkpt>
      <trkpt lat="39.1442296095192432403564453125" lon="117.1840815804898738861083984375">
        <ele>6.400000095367431640625</ele>
        <time>2026-09-18T21:09:02.000Z</time>
        <extensions>
          <ns3:TrackPointExtension>
            <ns3:hr>132</ns3:hr>
            <ns3:cad>89</ns3:cad>
          </ns3:TrackPointExtension>
        </extensions>
      </trkpt>
      <trkpt lat="39.14425584487617015838623046875" lon="117.18408032320439815521240234375">
        <ele>6.400000095367431640625</ele>
        <time>2026-09-18T21:09:03.000Z</time>
        <extensions>
          <ns3:TrackPointExtension>
            <ns3:hr>132</ns3:hr>
            <ns3:cad>89</ns3:cad>
          </ns3:TrackPointExtension>
        </extensions>
      </trkpt>
      <trkpt lat="39.144278727471828460693359375" lon="117.18407982029020786285400390625">
        <ele>6.400000095367431640625</ele>
        <time>2026-09-18T21:09:04.000Z</time>
        <extensions>
          <ns3:TrackPointExtension>
            <ns3:hr>133</ns3:hr>
            <ns3:cad>89</ns3:cad>
          </ns3:TrackPointExtension>
        </extensions>
      </trkpt>
      <trkpt lat="39.14430479519069194793701171875" lon="117.1840755455195903778076171875">
        <ele>6.400000095367431640625</ele>
        <time>2026-09-18T21:09:05.000Z</time>
        <extensions>
          <ns3:TrackPointExtension>
            <ns3:hr>133</ns3:hr>
            <ns3:cad>90</ns3:cad>
          </ns3:TrackPointExtension>
        </extensions>
      </trkpt>
      <trkpt lat="39.1443313658237457275390625" lon="117.1840782277286052703857421875">
        <ele>6.400000095367431640625</ele>
        <time>2026-09-18T21:09:06.000Z</time>
        <extensions>
          <ns3:TrackPointExtension>
            <ns3:hr>133</ns3:hr>
            <ns3:cad>90</ns3:cad>
          </ns3:TrackPointExtension>
        </extensions>
      </trkpt>
      <trkpt lat="39.14435843937098979949951171875" lon="117.1840772219002246856689453125">
        <ele>6.599999904632568359375</ele>
        <time>2026-09-18T21:09:07.000Z</time>
        <extensions>
          <ns3:TrackPointExtension>
            <ns3:hr>133</ns3:hr>
            <ns3:cad>90</ns3:cad>
          </ns3:TrackPointExtension>
        </extensions>
      </trkpt>
      <trkpt lat="39.14438174106180667877197265625" lon="117.18407562933862209320068359375">
        <ele>6.599999904632568359375</ele>
        <time>2026-09-18T21:09:08.000Z</time>
        <extensions>
          <ns3:TrackPointExtension>
            <ns3:hr>133</ns3:hr>
            <ns3:cad>90</ns3:cad>
          </ns3:TrackPointExtension>
        </extensions>
      </trkpt>
      <trkpt lat="39.1444109939038753509521484375" lon="117.18407160602509975433349609375">
        <ele>6.599999904632568359375</ele>
        <time>2026-09-18T21:09:09.000Z</time>
        <extensions>
          <ns3:TrackPointExtension>
            <ns3:hr>133</ns3:hr>
            <ns3:cad>90</ns3:cad>
          </ns3:TrackPointExtension>
        </extensions>
      </trkpt>
      <trkpt lat="39.14443404413759708404541015625" lon="117.18406959436833858489990234375">
        <ele>6.599999904632568359375</ele>
        <time>2026-09-18T21:09:10.000Z</time>
        <extensions>
          <ns3:TrackPointExtension>
            <ns3:hr>132</ns3:hr>
            <ns3:cad>89</ns3:cad>
          </ns3:TrackPointExtension>
        </extensions>
      </trkpt>
      <trkpt lat="39.14446304552257061004638671875" lon="117.1840685047209262847900390625">
        <ele>6.599999904632568359375</ele>
        <time>2026-09-18T21:09:11.000Z</time>
        <extensions>
          <ns3:TrackPointExtension>
            <ns3:hr>131</ns3:hr>
            <ns3:cad>89</ns3:cad>
          </ns3:TrackPointExtension>
        </extensions>
      </trkpt>
      <trkpt lat="39.144485928118228912353515625" lon="117.18406674452126026153564453125">
        <ele>6.599999904632568359375</ele>
        <time>2026-09-18T21:09:12.000Z</time>
        <extensions>
          <ns3:TrackPointExtension>
            <ns3:hr>131</ns3:hr>
            <ns3:cad>89</ns3:cad>
          </ns3:TrackPointExtension>
        </extensions>
      </trkpt>
      <trkpt lat="39.1445162706077098846435546875" lon="117.18406724743545055389404296875">
        <ele>6.599999904632568359375</ele>
        <time>2026-09-18T21:09:13.000Z</time>
        <extensions>
          <ns3:TrackPointExtension>
            <ns3:hr>130</ns3:hr>
            <ns3:cad>90</ns3:cad>
          </ns3:TrackPointExtension>
        </extensions>
      </trkpt>
      <trkpt lat="39.14454015903174877166748046875" lon="117.18406624160706996917724609375">
        <ele>6.599999904632568359375</ele>
        <time>2026-09-18T21:09:14.000Z</time>
        <extensions>
          <ns3:TrackPointExtension>
            <ns3:hr>130</ns3:hr>
            <ns3:cad>90</ns3:cad>
          </ns3:TrackPointExtension>
        </extensions>
      </trkpt>
      <trkpt lat="39.14456983096897602081298828125" lon="117.18407814390957355499267578125">
        <ele>6.599999904632568359375</ele>
        <time>2026-09-18T21:09:15.000Z</time>
        <extensions>
          <ns3:TrackPointExtension>
            <ns3:hr>130</ns3:hr>
            <ns3:cad>91</ns3:cad>
          </ns3:TrackPointExtension>
        </extensions>
      </trkpt>
      <trkpt lat="39.1445930488407611846923828125" lon="117.184087447822093963623046875">
        <ele>6.400000095367431640625</ele>
        <time>2026-09-18T21:09:16.000Z</time>
        <extensions>
          <ns3:TrackPointExtension>
            <ns3:hr>131</ns3:hr>
            <ns3:cad>91</ns3:cad>
          </ns3:TrackPointExtension>
        </extensions>
      </trkpt>
      <trkpt lat="39.144617021083831787109375" lon="117.18410479836165904998779296875">
        <ele>6.400000095367431640625</ele>
        <time>2026-09-18T21:09:17.000Z</time>
        <extensions>
          <ns3:TrackPointExtension>
            <ns3:hr>131</ns3:hr>
            <ns3:cad>91</ns3:cad>
          </ns3:TrackPointExtension>
        </extensions>
      </trkpt>
      <trkpt lat="39.14463789202272891998291015625" lon="117.18411988578736782073974609375">
        <ele>6.400000095367431640625</ele>
        <time>2026-09-18T21:09:18.000Z</time>
        <extensions>
          <ns3:TrackPointExtension>
            <ns3:hr>131</ns3:hr>
            <ns3:cad>90</ns3:cad>
          </ns3:TrackPointExtension>
        </extensions>
      </trkpt>
      <trkpt lat="39.144665300846099853515625" lon="117.18414134345948696136474609375">
        <ele>6.400000095367431640625</ele>
        <time>2026-09-18T21:09:19.000Z</time>
        <extensions>
          <ns3:TrackPointExtension>
            <ns3:hr>131</ns3:hr>
            <ns3:cad>90</ns3:cad>
          </ns3:TrackPointExtension>
        </extensions>
      </trkpt>
      <trkpt lat="39.14468399249017238616943359375" lon="117.18416229821741580963134765625">
        <ele>6.400000095367431640625</ele>
        <time>2026-09-18T21:09:20.000Z</time>
        <extensions>
          <ns3:TrackPointExtension>
            <ns3:hr>132</ns3:hr>
            <ns3:cad>89</ns3:cad>
          </ns3:TrackPointExtension>
        </extensions>
      </trkpt>
      <trkpt lat="39.1447077132761478424072265625" lon="117.18418492935597896575927734375">
        <ele>6.400000095367431640625</ele>
        <time>2026-09-18T21:09:21.000Z</time>
        <extensions>
          <ns3:TrackPointExtension>
            <ns3:hr>132</ns3:hr>
            <ns3:cad>89</ns3:cad>
          </ns3:TrackPointExtension>
        </extensions>
      </trkpt>
      <trkpt lat="39.144724309444427490234375" lon="117.18421074561774730682373046875">
        <ele>6.400000095367431640625</ele>
        <time>2026-09-18T21:09:22.000Z</time>
        <extensions>
          <ns3:TrackPointExtension>
            <ns3:hr>132</ns3:hr>
            <ns3:cad>89</ns3:cad>
          </ns3:TrackPointExtension>
        </extensions>
      </trkpt>
      <trkpt lat="39.1447439230978488922119140625" lon="117.1842381544411182403564453125">
        <ele>6.400000095367431640625</ele>
        <time>2026-09-18T21:09:23.000Z</time>
        <extensions>
          <ns3:TrackPointExtension>
            <ns3:hr>133</ns3:hr>
            <ns3:cad>89</ns3:cad>
          </ns3:TrackPointExtension>
        </extensions>
      </trkpt>
      <trkpt lat="39.14475088007748126983642578125" lon="117.184269838035106658935546875">
        <ele>6.400000095367431640625</ele>
        <time>2026-09-18T21:09:24.000Z</time>
        <extensions>
          <ns3:TrackPointExtension>
            <ns3:hr>133</ns3:hr>
            <ns3:cad>89</ns3:cad>
          </ns3:TrackPointExtension>
        </extensions>
      </trkpt>
      <trkpt lat="39.1447660513222217559814453125" lon="117.1843005158007144927978515625">
        <ele>6.19999980926513671875</ele>
        <time>2026-09-18T21:09:25.000Z</time>
        <extensions>
          <ns3:TrackPointExtension>
            <ns3:hr>133</ns3:hr>
            <ns3:cad>89</ns3:cad>
          </ns3:TrackPointExtension>
        </extensions>
      </trkpt>
      <trkpt lat="39.14477351121604442596435546875" lon="117.1843318641185760498046875">
        <ele>6.19999980926513671875</ele>
        <time>2026-09-18T21:09:26.000Z</time>
        <extensions>
          <ns3:TrackPointExtension>
            <ns3:hr>134</ns3:hr>
            <ns3:cad>89</ns3:cad>
          </ns3:TrackPointExtension>
        </extensions>
      </trkpt>
      <trkpt lat="39.14479061029851436614990234375" lon="117.1843615360558032989501953125">
        <ele>6.19999980926513671875</ele>
        <time>2026-09-18T21:09:27.000Z</time>
        <extensions>
          <ns3:TrackPointExtension>
            <ns3:hr>134</ns3:hr>
            <ns3:cad>89</ns3:cad>
          </ns3:TrackPointExtension>
        </extensions>
      </trkpt>
      <trkpt lat="39.14480033330619335174560546875" lon="117.18439213000237941741943359375">
        <ele>6.19999980926513671875</ele>
        <time>2026-09-18T21:09:28.000Z</time>
        <extensions>
          <ns3:TrackPointExtension>
            <ns3:hr>134</ns3:hr>
            <ns3:cad>89</ns3:cad>
          </ns3:TrackPointExtension>
        </extensions>
      </trkpt>
      <trkpt lat="39.14481676183640956878662109375" lon="117.18442238867282867431640625">
        <ele>6.19999980926513671875</ele>
        <time>2026-09-18T21:09:29.000Z</time>
        <extensions>
          <ns3:TrackPointExtension>
            <ns3:hr>134</ns3:hr>
            <ns3:cad>89</ns3:cad>
          </ns3:TrackPointExtension>
        </extensions>
      </trkpt>
      <trkpt lat="39.14482095278799533843994140625" lon="117.18445465900003910064697265625">
        <ele>6.19999980926513671875</ele>
        <time>2026-09-18T21:09:30.000Z</time>
        <extensions>
          <ns3:TrackPointExtension>
            <ns3:hr>134</ns3:hr>
            <ns3:cad>89</ns3:cad>
          </ns3:TrackPointExtension>
        </extensions>
      </trkpt>
      <trkpt lat="39.144825898110866546630859375" lon="117.18448986299335956573486328125">
        <ele>6.19999980926513671875</ele>
        <time>2026-09-18T21:09:31.000Z</time>
        <extensions>
          <ns3:TrackPointExtension>
            <ns3:hr>134</ns3:hr>
            <ns3:cad>89</ns3:cad>
          </ns3:TrackPointExtension>
        </extensions>
      </trkpt>
      <trkpt lat="39.14482246153056621551513671875" lon="117.18452556990087032318115234375">
        <ele>6.19999980926513671875</ele>
        <time>2026-09-18T21:09:32.000Z</time>
        <extensions>
          <ns3:TrackPointExtension>
            <ns3:hr>135</ns3:hr>
            <ns3:cad>89</ns3:cad>
          </ns3:TrackPointExtension>
        </extensions>
      </trkpt>
      <trkpt lat="39.144827909767627716064453125" lon="117.18456194736063480377197265625">
        <ele>6.19999980926513671875</ele>
        <time>2026-09-18T21:09:33.000Z</time>
        <extensions>
          <ns3:TrackPointExtension>
            <ns3:hr>135</ns3:hr>
            <ns3:cad>89</ns3:cad>
          </ns3:TrackPointExtension>
        </extensions>
      </trkpt>
      <trkpt lat="39.14483151398599147796630859375" lon="117.18459673225879669189453125">
        <ele>6.19999980926513671875</ele>
        <time>2026-09-18T21:09:34.000Z</time>
        <extensions>
          <ns3:TrackPointExtension>
            <ns3:hr>135</ns3:hr>
            <ns3:cad>89</ns3:cad>
          </ns3:TrackPointExtension>
        </extensions>
      </trkpt>
      <trkpt lat="39.14484039880335330963134765625" lon="117.184631265699863433837890625">
        <ele>6.19999980926513671875</ele>
        <time>2026-09-18T21:09:35.000Z</time>
        <extensions>
          <ns3:TrackPointExtension>
            <ns3:hr>135</ns3:hr>
            <ns3:cad>89</ns3:cad>
          </ns3:TrackPointExtension>
        </extensions>
      </trkpt>
      <trkpt lat="39.1448463499546051025390625" lon="117.1846629492938518524169921875">
        <ele>6.19999980926513671875</ele>
        <time>2026-09-18T21:09:36.000Z</time>
        <extensions>
          <ns3:TrackPointExtension>
            <ns3:hr>135</ns3:hr>
            <ns3:cad>89</ns3:cad>
          </ns3:TrackPointExtension>
        </extensions>
      </trkpt>
      <trkpt lat="39.1448517143726348876953125" lon="117.184694297611713409423828125">
        <ele>6.19999980926513671875</ele>
        <time>2026-09-18T21:09:37.000Z</time>
        <extensions>
          <ns3:TrackPointExtension>
            <ns3:hr>135</ns3:hr>
            <ns3:cad>90</ns3:cad>
          </ns3:TrackPointExtension>
        </extensions>
      </trkpt>
      <trkpt lat="39.14485774934291839599609375" lon="117.18472455628216266632080078125">
        <ele>6.19999980926513671875</ele>
        <time>2026-09-18T21:09:38.000Z</time>
        <extensions>
          <ns3:TrackPointExtension>
            <ns3:hr>135</ns3:hr>
            <ns3:cad>90</ns3:cad>
          </ns3:TrackPointExtension>
        </extensions>
      </trkpt>
      <trkpt lat="39.14486856199800968170166015625" lon="117.18475741334259510040283203125">
        <ele>6.19999980926513671875</ele>
        <time>2026-09-18T21:09:39.000Z</time>
        <extensions>
          <ns3:TrackPointExtension>
            <ns3:hr>135</ns3:hr>
            <ns3:cad>90</ns3:cad>
          </ns3:TrackPointExtension>
        </extensions>
      </trkpt>
      <trkpt lat="39.144869484007358551025390625" lon="117.1847920306026935577392578125">
        <ele>6.19999980926513671875</ele>
        <time>2026-09-18T21:09:40.000Z</time>
        <extensions>
          <ns3:TrackPointExtension>
            <ns3:hr>135</ns3:hr>
            <ns3:cad>90</ns3:cad>
          </ns3:TrackPointExtension>
        </extensions>
      </trkpt>
      <trkpt lat="39.14487845264375209808349609375" lon="117.18482798896729946136474609375">
        <ele>6</ele>
        <time>2026-09-18T21:09:41.000Z</time>
        <extensions>
          <ns3:TrackPointExtension>
            <ns3:hr>136</ns3:hr>
            <ns3:cad>90</ns3:cad>
          </ns3:TrackPointExtension>
        </extensions>
      </trkpt>
      <trkpt lat="39.14488448761403560638427734375" lon="117.18485900200903415679931640625">
        <ele>5.80000019073486328125</ele>
        <time>2026-09-18T21:09:42.000Z</time>
        <extensions>
          <ns3:TrackPointExtension>
            <ns3:hr>136</ns3:hr>
            <ns3:cad>90</ns3:cad>
          </ns3:TrackPointExtension>
        </extensions>
      </trkpt>
      <trkpt lat="39.14489404298365116119384765625" lon="117.1848956309258937835693359375">
        <ele>5.80000019073486328125</ele>
        <time>2026-09-18T21:09:43.000Z</time>
        <extensions>
          <ns3:TrackPointExtension>
            <ns3:hr>136</ns3:hr>
            <ns3:cad>90</ns3:cad>
          </ns3:TrackPointExtension>
        </extensions>
      </trkpt>
      <trkpt lat="39.1448978148400783538818359375" lon="117.1849281527101993560791015625">
        <ele>6</ele>
        <time>2026-09-18T21:09:44.000Z</time>
        <extensions>
          <ns3:TrackPointExtension>
            <ns3:hr>136</ns3:hr>
            <ns3:cad>90</ns3:cad>
          </ns3:TrackPointExtension>
        </extensions>
      </trkpt>
      <trkpt lat="39.14490871131420135498046875" lon="117.18496159650385379791259765625">
        <ele>5.80000019073486328125</ele>
        <time>2026-09-18T21:09:45.000Z</time>
        <extensions>
          <ns3:TrackPointExtension>
            <ns3:hr>136</ns3:hr>
            <ns3:cad>90</ns3:cad>
          </ns3:TrackPointExtension>
        </extensions>
      </trkpt>
      <trkpt lat="39.1449172608554363250732421875" lon="117.18499344773590564727783203125">
        <ele>5.80000019073486328125</ele>
        <time>2026-09-18T21:09:46.000Z</time>
        <extensions>
          <ns3:TrackPointExtension>
            <ns3:hr>136</ns3:hr>
            <ns3:cad>90</ns3:cad>
          </ns3:TrackPointExtension>
        </extensions>
      </trkpt>
      <trkpt lat="39.144928492605686187744140625" lon="117.18502479605376720428466796875">
        <ele>5.80000019073486328125</ele>
        <time>2026-09-18T21:09:47.000Z</time>
        <extensions>
          <ns3:TrackPointExtension>
            <ns3:hr>136</ns3:hr>
            <ns3:cad>90</ns3:cad>
          </ns3:TrackPointExtension>
        </extensions>
      </trkpt>
      <trkpt lat="39.144937209784984588623046875" lon="117.1850538812577724456787109375">
        <ele>5.80000019073486328125</ele>
        <time>2026-09-18T21:09:48.000Z</time>
        <extensions>
          <ns3:TrackPointExtension>
            <ns3:hr>136</ns3:hr>
            <ns3:cad>90</ns3:cad>
          </ns3:TrackPointExtension>
        </extensions>
      </trkpt>
      <trkpt lat="39.14494886063039302825927734375" lon="117.18509151600301265716552734375">
        <ele>5.80000019073486328125</ele>
        <time>2026-09-18T21:09:49.000Z</time>
        <extensions>
          <ns3:TrackPointExtension>
            <ns3:hr>136</ns3:hr>
            <ns3:cad>90</ns3:cad>
          </ns3:TrackPointExtension>
        </extensions>
      </trkpt>
      <trkpt lat="39.14495439268648624420166015625" lon="117.185122109949588775634765625">
        <ele>5.80000019073486328125</ele>
        <time>2026-09-18T21:09:50.000Z</time>
        <extensions>
          <ns3:TrackPointExtension>
            <ns3:hr>136</ns3:hr>
            <ns3:cad>90</ns3:cad>
          </ns3:TrackPointExtension>
        </extensions>
      </trkpt>
      <trkpt lat="39.144964702427387237548828125" lon="117.18515639193356037139892578125">
        <ele>5.80000019073486328125</ele>
        <time>2026-09-18T21:09:51.000Z</time>
        <extensions>
          <ns3:TrackPointExtension>
            <ns3:hr>137</ns3:hr>
            <ns3:cad>90</ns3:cad>
          </ns3:TrackPointExtension>
        </extensions>
      </trkpt>
      <trkpt lat="39.14497165940701961517333984375" lon="117.18518623150885105133056640625">
        <ele>5.80000019073486328125</ele>
        <time>2026-09-18T21:09:52.000Z</time>
        <extensions>
          <ns3:TrackPointExtension>
            <ns3:hr>137</ns3:hr>
            <ns3:cad>89</ns3:cad>
          </ns3:TrackPointExtension>
        </extensions>
      </trkpt>
      <trkpt lat="39.144980125129222869873046875" lon="117.18522059731185436248779296875">
        <ele>5.80000019073486328125</ele>
        <time>2026-09-18T21:09:53.000Z</time>
        <extensions>
          <ns3:TrackPointExtension>
            <ns3:hr>137</ns3:hr>
            <ns3:cad>89</ns3:cad>
          </ns3:TrackPointExtension>
        </extensions>
      </trkpt>
      <trkpt lat="39.14498247206211090087890625" lon="117.18525580130517482757568359375">
        <ele>5.80000019073486328125</ele>
        <time>2026-09-18T21:09:54.000Z</time>
        <extensions>
          <ns3:TrackPointExtension>
            <ns3:hr>137</ns3:hr>
            <ns3:cad>89</ns3:cad>
          </ns3:TrackPointExtension>
        </extensions>
      </trkpt>
      <trkpt lat="39.1449910216033458709716796875" lon="117.1852882392704486846923828125">
        <ele>5.80000019073486328125</ele>
        <time>2026-09-18T21:09:55.000Z</time>
        <extensions>
          <ns3:TrackPointExtension>
            <ns3:hr>137</ns3:hr>
            <ns3:cad>90</ns3:cad>
          </ns3:TrackPointExtension>
        </extensions>
      </trkpt>
      <trkpt lat="39.14499378763139247894287109375" lon="117.18532118014991283416748046875">
        <ele>5.80000019073486328125</ele>
        <time>2026-09-18T21:09:56.000Z</time>
        <extensions>
          <ns3:TrackPointExtension>
            <ns3:hr>137</ns3:hr>
            <ns3:cad>89</ns3:cad>
          </ns3:TrackPointExtension>
        </extensions>
      </trkpt>
      <trkpt lat="39.1450046002864837646484375" lon="117.18535470776259899139404296875">
        <ele>5.80000019073486328125</ele>
        <time>2026-09-18T21:09:57.000Z</time>
        <extensions>
          <ns3:TrackPointExtension>
            <ns3:hr>137</ns3:hr>
            <ns3:cad>89</ns3:cad>
          </ns3:TrackPointExtension>
        </extensions>
      </trkpt>
      <trkpt lat="39.14500929415225982666015625" lon="117.18538773246109485626220703125">
        <ele>5.80000019073486328125</ele>
        <time>2026-09-18T21:09:58.000Z</time>
        <extensions>
          <ns3:TrackPointExtension>
            <ns3:hr>137</ns3:hr>
            <ns3:cad>89</ns3:cad>
          </ns3:TrackPointExtension>
        </extensions>
      </trkpt>
      <trkpt lat="39.1450218670070171356201171875" lon="117.18541824258863925933837890625">
        <ele>5.80000019073486328125</ele>
        <time>2026-09-18T21:09:59.000Z</time>
        <extensions>
          <ns3:TrackPointExtension>
            <ns3:hr>137</ns3:hr>
            <ns3:cad>89</ns3:cad>
          </ns3:TrackPointExtension>
        </extensions>
      </trkpt>
      <trkpt lat="39.145032428205013275146484375" lon="117.18544858507812023162841796875">
        <ele>5.80000019073486328125</ele>
        <time>2026-09-18T21:10:00.000Z</time>
        <extensions>
          <ns3:TrackPointExtension>
            <ns3:hr>137</ns3:hr>
            <ns3:cad>89</ns3:cad>
          </ns3:TrackPointExtension>
        </extensions>
      </trkpt>
      <trkpt lat="39.1450450010597705841064453125" lon="117.18547892756760120391845703125">
        <ele>5.80000019073486328125</ele>
        <time>2026-09-18T21:10:01.000Z</time>
        <extensions>
          <ns3:TrackPointExtension>
            <ns3:hr>138</ns3:hr>
            <ns3:cad>89</ns3:cad>
          </ns3:TrackPointExtension>
        </extensions>
      </trkpt>
      <trkpt lat="39.1450510360300540924072265625" lon="117.185510359704494476318359375">
        <ele>5.80000019073486328125</ele>
        <time>2026-09-18T21:10:02.000Z</time>
        <extensions>
          <ns3:TrackPointExtension>
            <ns3:hr>138</ns3:hr>
            <ns3:cad>89</ns3:cad>
          </ns3:TrackPointExtension>
        </extensions>
      </trkpt>
      <trkpt lat="39.14506101049482822418212890625" lon="117.18553994782269001007080078125">
        <ele>5.599999904632568359375</ele>
        <time>2026-09-18T21:10:03.000Z</time>
        <extensions>
          <ns3:TrackPointExtension>
            <ns3:hr>138</ns3:hr>
            <ns3:cad>89</ns3:cad>
          </ns3:TrackPointExtension>
        </extensions>
      </trkpt>
      <trkpt lat="39.145069308578968048095703125" lon="117.1855705417692661285400390625">
        <ele>5.599999904632568359375</ele>
        <time>2026-09-18T21:10:04.000Z</time>
        <extensions>
          <ns3:TrackPointExtension>
            <ns3:hr>138</ns3:hr>
            <ns3:cad>89</ns3:cad>
          </ns3:TrackPointExtension>
        </extensions>
      </trkpt>
      <trkpt lat="39.14507844485342502593994140625" lon="117.18560029752552509307861328125">
        <ele>5.599999904632568359375</ele>
        <time>2026-09-18T21:10:05.000Z</time>
        <extensions>
          <ns3:TrackPointExtension>
            <ns3:hr>138</ns3:hr>
            <ns3:cad>89</ns3:cad>
          </ns3:TrackPointExtension>
        </extensions>
      </trkpt>
      <trkpt lat="39.14508749730885028839111328125" lon="117.1856312267482280731201171875">
        <ele>5.599999904632568359375</ele>
        <time>2026-09-18T21:10:06.000Z</time>
        <extensions>
          <ns3:TrackPointExtension>
            <ns3:hr>138</ns3:hr>
            <ns3:cad>89</ns3:cad>
          </ns3:TrackPointExtension>
        </extensions>
      </trkpt>
      <trkpt lat="39.14509805850684642791748046875" lon="117.18566156923770904541015625">
        <ele>5.599999904632568359375</ele>
        <time>2026-09-18T21:10:07.000Z</time>
        <extensions>
          <ns3:TrackPointExtension>
            <ns3:hr>138</ns3:hr>
            <ns3:cad>89</ns3:cad>
          </ns3:TrackPointExtension>
        </extensions>
      </trkpt>
      <trkpt lat="39.14510250091552734375" lon="117.1856952644884586334228515625">
        <ele>5.599999904632568359375</ele>
        <time>2026-09-18T21:10:08.000Z</time>
        <extensions>
          <ns3:TrackPointExtension>
            <ns3:hr>138</ns3:hr>
            <ns3:cad>90</ns3:cad>
          </ns3:TrackPointExtension>
        </extensions>
      </trkpt>
      <trkpt lat="39.14510987699031829833984375" lon="117.18572887592017650604248046875">
        <ele>5.599999904632568359375</ele>
        <time>2026-09-18T21:10:09.000Z</time>
        <extensions>
          <ns3:TrackPointExtension>
            <ns3:hr>138</ns3:hr>
            <ns3:cad>90</ns3:cad>
          </ns3:TrackPointExtension>
        </extensions>
      </trkpt>
      <trkpt lat="39.1451113857328891754150390625" lon="117.185764499008655548095703125">
        <ele>5.599999904632568359375</ele>
        <time>2026-09-18T21:10:10.000Z</time>
        <extensions>
          <ns3:TrackPointExtension>
            <ns3:hr>138</ns3:hr>
            <ns3:cad>90</ns3:cad>
          </ns3:TrackPointExtension>
        </extensions>
      </trkpt>
      <trkpt lat="39.1451204381883144378662109375" lon="117.1857975237071514129638671875">
        <ele>5.599999904632568359375</ele>
        <time>2026-09-18T21:10:11.000Z</time>
        <extensions>
          <ns3:TrackPointExtension>
            <ns3:hr>138</ns3:hr>
            <ns3:cad>89</ns3:cad>
          </ns3:TrackPointExtension>
        </extensions>
      </trkpt>
      <trkpt lat="39.14512404240667819976806640625" lon="117.1858310513198375701904296875">
        <ele>5.599999904632568359375</ele>
        <time>2026-09-18T21:10:12.000Z</time>
        <extensions>
          <ns3:TrackPointExtension>
            <ns3:hr>138</ns3:hr>
            <ns3:cad>89</ns3:cad>
          </ns3:TrackPointExtension>
        </extensions>
      </trkpt>
      <trkpt lat="39.14513259194791316986083984375" lon="117.18586231581866741180419921875">
        <ele>5.80000019073486328125</ele>
        <time>2026-09-18T21:10:13.000Z</time>
        <extensions>
          <ns3:TrackPointExtension>
            <ns3:hr>138</ns3:hr>
            <ns3:cad>89</ns3:cad>
          </ns3:TrackPointExtension>
        </extensions>
      </trkpt>
      <trkpt lat="39.14513678289949893951416015625" lon="117.18589399941265583038330078125">
        <ele>5.599999904632568359375</ele>
        <time>2026-09-18T21:10:14.000Z</time>
        <extensions>
          <ns3:TrackPointExtension>
            <ns3:hr>138</ns3:hr>
            <ns3:cad>90</ns3:cad>
          </ns3:TrackPointExtension>
        </extensions>
      </trkpt>
      <trkpt lat="39.1451499424874782562255859375" lon="117.1859262697398662567138671875">
        <ele>5.599999904632568359375</ele>
        <time>2026-09-18T21:10:15.000Z</time>
        <extensions>
          <ns3:TrackPointExtension>
            <ns3:hr>139</ns3:hr>
            <ns3:cad>90</ns3:cad>
          </ns3:TrackPointExtension>
        </extensions>
      </trkpt>
      <trkpt lat="39.14515136741101741790771484375" lon="117.18596088699996471405029296875">
        <ele>5.599999904632568359375</ele>
        <time>2026-09-18T21:10:16.000Z</time>
        <extensions>
          <ns3:TrackPointExtension>
            <ns3:hr>138</ns3:hr>
            <ns3:cad>89</ns3:cad>
          </ns3:TrackPointExtension>
        </extensions>
      </trkpt>
      <trkpt lat="39.145157821476459503173828125" lon="117.185993157327175140380859375">
        <ele>5.599999904632568359375</ele>
        <time>2026-09-18T21:10:17.000Z</time>
        <extensions>
          <ns3:TrackPointExtension>
            <ns3:hr>138</ns3:hr>
            <ns3:cad>89</ns3:cad>
          </ns3:TrackPointExtension>
        </extensions>
      </trkpt>
      <trkpt lat="39.14516109041869640350341796875" lon="117.1860270202159881591796875">
        <ele>5.599999904632568359375</ele>
        <time>2026-09-18T21:10:18.000Z</time>
        <extensions>
          <ns3:TrackPointExtension>
            <ns3:hr>139</ns3:hr>
            <ns3:cad>89</ns3:cad>
          </ns3:TrackPointExtension>
        </extensions>
      </trkpt>
      <trkpt lat="39.14517290890216827392578125" lon="117.186056189239025115966796875">
        <ele>5.400000095367431640625</ele>
        <time>2026-09-18T21:10:19.000Z</time>
        <extensions>
          <ns3:TrackPointExtension>
            <ns3:hr>138</ns3:hr>
            <ns3:cad>89</ns3:cad>
          </ns3:TrackPointExtension>
        </extensions>
      </trkpt>
      <trkpt lat="39.14517684839665889739990234375" lon="117.186087705194950103759765625">
        <ele>5.400000095367431640625</ele>
        <time>2026-09-18T21:10:20.000Z</time>
        <extensions>
          <ns3:TrackPointExtension>
            <ns3:hr>138</ns3:hr>
            <ns3:cad>89</ns3:cad>
          </ns3:TrackPointExtension>
        </extensions>
      </trkpt>
      <trkpt lat="39.1451874934136867523193359375" lon="117.1861197240650653839111328125">
        <ele>5.19999980926513671875</ele>
        <time>2026-09-18T21:10:21.000Z</time>
        <extensions>
          <ns3:TrackPointExtension>
            <ns3:hr>138</ns3:hr>
            <ns3:cad>89</ns3:cad>
          </ns3:TrackPointExtension>
        </extensions>
      </trkpt>
      <trkpt lat="39.1451950371265411376953125" lon="117.18615232966840267181396484375">
        <ele>5.19999980926513671875</ele>
        <time>2026-09-18T21:10:22.000Z</time>
        <extensions>
          <ns3:TrackPointExtension>
            <ns3:hr>138</ns3:hr>
            <ns3:cad>89</ns3:cad>
          </ns3:TrackPointExtension>
        </extensions>
      </trkpt>
      <trkpt lat="39.14520375430583953857421875" lon="117.18618233688175678253173828125">
        <ele>5.19999980926513671875</ele>
        <time>2026-09-18T21:10:23.000Z</time>
        <extensions>
          <ns3:TrackPointExtension>
            <ns3:hr>138</ns3:hr>
            <ns3:cad>89</ns3:cad>
          </ns3:TrackPointExtension>
        </extensions>
      </trkpt>
      <trkpt lat="39.14520937018096446990966796875" lon="117.18621569685637950897216796875">
        <ele>5.19999980926513671875</ele>
        <time>2026-09-18T21:10:24.000Z</time>
        <extensions>
          <ns3:TrackPointExtension>
            <ns3:hr>139</ns3:hr>
            <ns3:cad>89</ns3:cad>
          </ns3:TrackPointExtension>
        </extensions>
      </trkpt>
      <trkpt lat="39.1452213563024997711181640625" lon="117.18624687753617763519287109375">
        <ele>5.19999980926513671875</ele>
        <time>2026-09-18T21:10:25.000Z</time>
        <extensions>
          <ns3:TrackPointExtension>
            <ns3:hr>138</ns3:hr>
            <ns3:cad>89</ns3:cad>
          </ns3:TrackPointExtension>
        </extensions>
      </trkpt>
      <trkpt lat="39.145227558910846710205078125" lon="117.18628006987273693084716796875">
        <ele>5.19999980926513671875</ele>
        <time>2026-09-18T21:10:26.000Z</time>
        <extensions>
          <ns3:TrackPointExtension>
            <ns3:hr>138</ns3:hr>
            <ns3:cad>89</ns3:cad>
          </ns3:TrackPointExtension>
        </extensions>
      </trkpt>
      <trkpt lat="39.1452397964894771575927734375" lon="117.18630974180996417999267578125">
        <ele>5</ele>
        <time>2026-09-18T21:10:27.000Z</time>
        <extensions>
          <ns3:TrackPointExtension>
            <ns3:hr>139</ns3:hr>
            <ns3:cad>89</ns3:cad>
          </ns3:TrackPointExtension>
        </extensions>
      </trkpt>
      <trkpt lat="39.14524666965007781982421875" lon="117.18634461052715778350830078125">
        <ele>5</ele>
        <time>2026-09-18T21:10:28.000Z</time>
        <extensions>
          <ns3:TrackPointExtension>
            <ns3:hr>138</ns3:hr>
            <ns3:cad>89</ns3:cad>
          </ns3:TrackPointExtension>
        </extensions>
      </trkpt>
      <trkpt lat="39.1452579014003276824951171875" lon="117.1863748691976070404052734375">
        <ele>5</ele>
        <time>2026-09-18T21:10:29.000Z</time>
        <extensions>
          <ns3:TrackPointExtension>
            <ns3:hr>138</ns3:hr>
            <ns3:cad>89</ns3:cad>
          </ns3:TrackPointExtension>
        </extensions>
      </trkpt>
      <trkpt lat="39.14526251144707202911376953125" lon="117.18640948645770549774169921875">
        <ele>5</ele>
        <time>2026-09-18T21:10:30.000Z</time>
        <extensions>
          <ns3:TrackPointExtension>
            <ns3:hr>138</ns3:hr>
            <ns3:cad>89</ns3:cad>
          </ns3:TrackPointExtension>
        </extensions>
      </trkpt>
      <trkpt lat="39.14527256973087787628173828125" lon="117.1864372305572032928466796875">
        <ele>5</ele>
        <time>2026-09-18T21:10:31.000Z</time>
        <extensions>
          <ns3:TrackPointExtension>
            <ns3:hr>139</ns3:hr>
            <ns3:cad>89</ns3:cad>
          </ns3:TrackPointExtension>
        </extensions>
      </trkpt>
      <trkpt lat="39.14527743123471736907958984375" lon="117.1864714287221431732177734375">
        <ele>5</ele>
        <time>2026-09-18T21:10:32.000Z</time>
        <extensions>
          <ns3:TrackPointExtension>
            <ns3:hr>138</ns3:hr>
            <ns3:cad>89</ns3:cad>
          </ns3:TrackPointExtension>
        </extensions>
      </trkpt>
      <trkpt lat="39.1452884115278720855712890625" lon="117.18649934045970439910888671875">
        <ele>5</ele>
        <time>2026-09-18T21:10:33.000Z</time>
        <extensions>
          <ns3:TrackPointExtension>
            <ns3:hr>138</ns3:hr>
            <ns3:cad>89</ns3:cad>
          </ns3:TrackPointExtension>
        </extensions>
      </trkpt>
      <trkpt lat="39.14529235102236270904541015625" lon="117.1865354664623737335205078125">
        <ele>5</ele>
        <time>2026-09-18T21:10:34.000Z</time>
        <extensions>
          <ns3:TrackPointExtension>
            <ns3:hr>138</ns3:hr>
            <ns3:cad>89</ns3:cad>
          </ns3:TrackPointExtension>
        </extensions>
      </trkpt>
      <trkpt lat="39.145296625792980194091796875" lon="117.186565138399600982666015625">
        <ele>5</ele>
        <time>2026-09-18T21:10:35.000Z</time>
        <extensions>
          <ns3:TrackPointExtension>
            <ns3:hr>138</ns3:hr>
            <ns3:cad>89</ns3:cad>
          </ns3:TrackPointExtension>
        </extensions>
      </trkpt>
      <trkpt lat="39.14530173875391483306884765625" lon="117.18660176731646060943603515625">
        <ele>5</ele>
        <time>2026-09-18T21:10:36.000Z</time>
        <extensions>
          <ns3:TrackPointExtension>
            <ns3:hr>138</ns3:hr>
            <ns3:cad>89</ns3:cad>
          </ns3:TrackPointExtension>
        </extensions>
      </trkpt>
      <trkpt lat="39.1453115455806255340576171875" lon="117.18662858940660953521728515625">
        <ele>5</ele>
        <time>2026-09-18T21:10:37.000Z</time>
        <extensions>
          <ns3:TrackPointExtension>
            <ns3:hr>139</ns3:hr>
            <ns3:cad>89</ns3:cad>
          </ns3:TrackPointExtension>
        </extensions>
      </trkpt>
      <trkpt lat="39.1453205980360507965087890625" lon="117.1866595186293125152587890625">
        <ele>5</ele>
        <time>2026-09-18T21:10:38.000Z</time>
        <extensions>
          <ns3:TrackPointExtension>
            <ns3:hr>138</ns3:hr>
            <ns3:cad>89</ns3:cad>
          </ns3:TrackPointExtension>
        </extensions>
      </trkpt>
      <trkpt lat="39.1453283093869686126708984375" lon="117.1866846643388271331787109375">
        <ele>5</ele>
        <time>2026-09-18T21:10:39.000Z</time>
        <extensions>
          <ns3:TrackPointExtension>
            <ns3:hr>138</ns3:hr>
            <ns3:cad>89</ns3:cad>
          </ns3:TrackPointExtension>
        </extensions>
      </trkpt>
      <trkpt lat="39.14533308707177639007568359375" lon="117.18671794049441814422607421875">
        <ele>5</ele>
        <time>2026-09-18T21:10:40.000Z</time>
        <extensions>
          <ns3:TrackPointExtension>
            <ns3:hr>138</ns3:hr>
            <ns3:cad>89</ns3:cad>
          </ns3:TrackPointExtension>
        </extensions>
      </trkpt>
      <trkpt lat="39.1453417204320430755615234375" lon="117.18674249947071075439453125">
        <ele>5</ele>
        <time>2026-09-18T21:10:41.000Z</time>
        <extensions>
          <ns3:TrackPointExtension>
            <ns3:hr>138</ns3:hr>
            <ns3:cad>89</ns3:cad>
          </ns3:TrackPointExtension>
        </extensions>
      </trkpt>
      <trkpt lat="39.14534733630716800689697265625" lon="117.18677937984466552734375">
        <ele>5</ele>
        <time>2026-09-18T21:10:42.000Z</time>
        <extensions>
          <ns3:TrackPointExtension>
            <ns3:hr>138</ns3:hr>
            <ns3:cad>88</ns3:cad>
          </ns3:TrackPointExtension>
        </extensions>
      </trkpt>
      <trkpt lat="39.14535655640065670013427734375" lon="117.1868080459535121917724609375">
        <ele>5</ele>
        <time>2026-09-18T21:10:43.000Z</time>
        <extensions>
          <ns3:TrackPointExtension>
            <ns3:hr>138</ns3:hr>
            <ns3:cad>88</ns3:cad>
          </ns3:TrackPointExtension>
        </extensions>
      </trkpt>
      <trkpt lat="39.14536477066576480865478515625" lon="117.1868462674319744110107421875">
        <ele>5</ele>
        <time>2026-09-18T21:10:44.000Z</time>
        <extensions>
          <ns3:TrackPointExtension>
            <ns3:hr>138</ns3:hr>
            <ns3:cad>88</ns3:cad>
          </ns3:TrackPointExtension>
        </extensions>
      </trkpt>
      <trkpt lat="39.1453752480447292327880859375" lon="117.1868737600743770599365234375">
        <ele>5</ele>
        <time>2026-09-18T21:10:45.000Z</time>
        <extensions>
          <ns3:TrackPointExtension>
            <ns3:hr>138</ns3:hr>
            <ns3:cad>89</ns3:cad>
          </ns3:TrackPointExtension>
        </extensions>
      </trkpt>
      <trkpt lat="39.14538036100566387176513671875" lon="117.1869103051722049713134765625">
        <ele>5</ele>
        <time>2026-09-18T21:10:46.000Z</time>
        <extensions>
          <ns3:TrackPointExtension>
            <ns3:hr>138</ns3:hr>
            <ns3:cad>89</ns3:cad>
          </ns3:TrackPointExtension>
        </extensions>
      </trkpt>
      <trkpt lat="39.145389497280120849609375" lon="117.18693964183330535888671875">
        <ele>5.19999980926513671875</ele>
        <time>2026-09-18T21:10:47.000Z</time>
        <extensions>
          <ns3:TrackPointExtension>
            <ns3:hr>138</ns3:hr>
            <ns3:cad>89</ns3:cad>
          </ns3:TrackPointExtension>
        </extensions>
      </trkpt>
      <trkpt lat="39.14540349505841732025146484375" lon="117.18697610311210155487060546875">
        <ele>5.19999980926513671875</ele>
        <time>2026-09-18T21:10:48.000Z</time>
        <extensions>
          <ns3:TrackPointExtension>
            <ns3:hr>138</ns3:hr>
            <ns3:cad>89</ns3:cad>
          </ns3:TrackPointExtension>
        </extensions>
      </trkpt>
      <trkpt lat="39.14541070349514484405517578125" lon="117.1870015002787113189697265625">
        <ele>5.19999980926513671875</ele>
        <time>2026-09-18T21:10:49.000Z</time>
        <extensions>
          <ns3:TrackPointExtension>
            <ns3:hr>138</ns3:hr>
            <ns3:cad>89</ns3:cad>
          </ns3:TrackPointExtension>
        </extensions>
      </trkpt>
      <trkpt lat="39.14541606791317462921142578125" lon="117.187039554119110107421875">
        <ele>5.19999980926513671875</ele>
        <time>2026-09-18T21:10:50.000Z</time>
        <extensions>
          <ns3:TrackPointExtension>
            <ns3:hr>138</ns3:hr>
            <ns3:cad>89</ns3:cad>
          </ns3:TrackPointExtension>
        </extensions>
      </trkpt>
      <trkpt lat="39.1454248689115047454833984375" lon="117.18706394545733928680419921875">
        <ele>5.400000095367431640625</ele>
        <time>2026-09-18T21:10:51.000Z</time>
        <extensions>
          <ns3:TrackPointExtension>
            <ns3:hr>138</ns3:hr>
            <ns3:cad>89</ns3:cad>
          </ns3:TrackPointExtension>
        </extensions>
      </trkpt>
      <trkpt lat="39.14543174207210540771484375" lon="117.18709914945065975189208984375">
        <ele>5.400000095367431640625</ele>
        <time>2026-09-18T21:10:52.000Z</time>
        <extensions>
          <ns3:TrackPointExtension>
            <ns3:hr>139</ns3:hr>
            <ns3:cad>89</ns3:cad>
          </ns3:TrackPointExtension>
        </extensions>
      </trkpt>
      <trkpt lat="39.14543467573821544647216796875" lon="117.1871292404830455780029296875">
        <ele>5.599999904632568359375</ele>
        <time>2026-09-18T21:10:53.000Z</time>
        <extensions>
          <ns3:TrackPointExtension>
            <ns3:hr>141</ns3:hr>
            <ns3:cad>88</ns3:cad>
          </ns3:TrackPointExtension>
        </extensions>
      </trkpt>
      <trkpt lat="39.145440794527530670166015625" lon="117.18716687522828578948974609375">
        <ele>5.599999904632568359375</ele>
        <time>2026-09-18T21:10:54.000Z</time>
        <extensions>
          <ns3:TrackPointExtension>
            <ns3:hr>141</ns3:hr>
            <ns3:cad>88</ns3:cad>
          </ns3:TrackPointExtension>
        </extensions>
      </trkpt>
      <trkpt lat="39.14544439874589443206787109375" lon="117.18719285912811756134033203125">
        <ele>5.599999904632568359375</ele>
        <time>2026-09-18T21:10:55.000Z</time>
        <extensions>
          <ns3:TrackPointExtension>
            <ns3:hr>141</ns3:hr>
            <ns3:cad>88</ns3:cad>
          </ns3:TrackPointExtension>
        </extensions>
      </trkpt>
      <trkpt lat="39.145453535020351409912109375" lon="117.1872268058359622955322265625">
        <ele>5.80000019073486328125</ele>
        <time>2026-09-18T21:10:56.000Z</time>
        <extensions>
          <ns3:TrackPointExtension>
            <ns3:hr>141</ns3:hr>
            <ns3:cad>89</ns3:cad>
          </ns3:TrackPointExtension>
        </extensions>
      </trkpt>
      <trkpt lat="39.1454537026584148406982421875" lon="117.18725681304931640625">
        <ele>5.80000019073486328125</ele>
        <time>2026-09-18T21:10:57.000Z</time>
        <extensions>
          <ns3:TrackPointExtension>
            <ns3:hr>141</ns3:hr>
            <ns3:cad>89</ns3:cad>
          </ns3:TrackPointExtension>
        </extensions>
      </trkpt>
      <trkpt lat="39.14546635933220386505126953125" lon="117.18729226849973201751708984375">
        <ele>5.80000019073486328125</ele>
        <time>2026-09-18T21:10:58.000Z</time>
        <extensions>
          <ns3:TrackPointExtension>
            <ns3:hr>141</ns3:hr>
            <ns3:cad>89</ns3:cad>
          </ns3:TrackPointExtension>
        </extensions>
      </trkpt>
      <trkpt lat="39.145475327968597412109375" lon="117.1873226948082447052001953125">
        <ele>5.80000019073486328125</ele>
        <time>2026-09-18T21:10:59.000Z</time>
        <extensions>
          <ns3:TrackPointExtension>
            <ns3:hr>141</ns3:hr>
            <ns3:cad>89</ns3:cad>
          </ns3:TrackPointExtension>
        </extensions>
      </trkpt>
      <trkpt lat="39.14548982866108417510986328125" lon="117.18735312111675739288330078125">
        <ele>5.80000019073486328125</ele>
        <time>2026-09-18T21:11:00.000Z</time>
        <extensions>
          <ns3:TrackPointExtension>
            <ns3:hr>141</ns3:hr>
            <ns3:cad>88</ns3:cad>
          </ns3:TrackPointExtension>
        </extensions>
      </trkpt>
      <trkpt lat="39.14549745619297027587890625" lon="117.18738480471074581146240234375">
        <ele>5.80000019073486328125</ele>
        <time>2026-09-18T21:11:01.000Z</time>
        <extensions>
          <ns3:TrackPointExtension>
            <ns3:hr>141</ns3:hr>
            <ns3:cad>89</ns3:cad>
          </ns3:TrackPointExtension>
        </extensions>
      </trkpt>
      <trkpt lat="39.14551229216158390045166015625" lon="117.1874137222766876220703125">
        <ele>5.80000019073486328125</ele>
        <time>2026-09-18T21:11:02.000Z</time>
        <extensions>
          <ns3:TrackPointExtension>
            <ns3:hr>141</ns3:hr>
            <ns3:cad>89</ns3:cad>
          </ns3:TrackPointExtension>
        </extensions>
      </trkpt>
      <trkpt lat="39.1455209255218505859375" lon="117.187446244060993194580078125">
        <ele>6</ele>
        <time>2026-09-18T21:11:03.000Z</time>
        <extensions>
          <ns3:TrackPointExtension>
            <ns3:hr>141</ns3:hr>
            <ns3:cad>89</ns3:cad>
          </ns3:TrackPointExtension>
        </extensions>
      </trkpt>
      <trkpt lat="39.145532660186290740966796875" lon="117.1874745748937129974365234375">
        <ele>6</ele>
        <time>2026-09-18T21:11:04.000Z</time>
        <extensions>
          <ns3:TrackPointExtension>
            <ns3:hr>141</ns3:hr>
            <ns3:cad>88</ns3:cad>
          </ns3:TrackPointExtension>
        </extensions>
      </trkpt>
      <trkpt lat="39.1455415450036525726318359375" lon="117.18750692903995513916015625">
        <ele>6</ele>
        <time>2026-09-18T21:11:05.000Z</time>
        <extensions>
          <ns3:TrackPointExtension>
            <ns3:hr>141</ns3:hr>
            <ns3:cad>88</ns3:cad>
          </ns3:TrackPointExtension>
        </extensions>
      </trkpt>
      <trkpt lat="39.1455492563545703887939453125" lon="117.1875325776636600494384765625">
        <ele>6</ele>
        <time>2026-09-18T21:11:06.000Z</time>
        <extensions>
          <ns3:TrackPointExtension>
            <ns3:hr>141</ns3:hr>
            <ns3:cad>88</ns3:cad>
          </ns3:TrackPointExtension>
        </extensions>
      </trkpt>
      <trkpt lat="39.1455571353435516357421875" lon="117.18756417743861675262451171875">
        <ele>6</ele>
        <time>2026-09-18T21:11:07.000Z</time>
        <extensions>
          <ns3:TrackPointExtension>
            <ns3:hr>141</ns3:hr>
            <ns3:cad>88</ns3:cad>
          </ns3:TrackPointExtension>
        </extensions>
      </trkpt>
      <trkpt lat="39.14556585252285003662109375" lon="117.18758831731975078582763671875">
        <ele>6.19999980926513671875</ele>
        <time>2026-09-18T21:11:08.000Z</time>
        <extensions>
          <ns3:TrackPointExtension>
            <ns3:hr>141</ns3:hr>
            <ns3:cad>89</ns3:cad>
          </ns3:TrackPointExtension>
        </extensions>
      </trkpt>
      <trkpt lat="39.14557096548378467559814453125" lon="117.1876220963895320892333984375">
        <ele>6.19999980926513671875</ele>
        <time>2026-09-18T21:11:09.000Z</time>
        <extensions>
          <ns3:TrackPointExtension>
            <ns3:hr>141</ns3:hr>
            <ns3:cad>89</ns3:cad>
          </ns3:TrackPointExtension>
        </extensions>
      </trkpt>
      <trkpt lat="39.1455839574337005615234375" lon="117.1876512654125690460205078125">
        <ele>6.19999980926513671875</ele>
        <time>2026-09-18T21:11:10.000Z</time>
        <extensions>
          <ns3:TrackPointExtension>
            <ns3:hr>141</ns3:hr>
            <ns3:cad>89</ns3:cad>
          </ns3:TrackPointExtension>
        </extensions>
      </trkpt>
      <trkpt lat="39.14559778757393360137939453125" lon="117.18768806196749210357666015625">
        <ele>6.19999980926513671875</ele>
        <time>2026-09-18T21:11:11.000Z</time>
        <extensions>
          <ns3:TrackPointExtension>
            <ns3:hr>142</ns3:hr>
            <ns3:cad>89</ns3:cad>
          </ns3:TrackPointExtension>
        </extensions>
      </trkpt>
      <trkpt lat="39.145609773695468902587890625" lon="117.1877085976302623748779296875">
        <ele>6.19999980926513671875</ele>
        <time>2026-09-18T21:11:12.000Z</time>
        <extensions>
          <ns3:TrackPointExtension>
            <ns3:hr>142</ns3:hr>
            <ns3:cad>89</ns3:cad>
          </ns3:TrackPointExtension>
        </extensions>
      </trkpt>
      <trkpt lat="39.145623184740543365478515625" lon="117.18774564564228057861328125">
        <ele>6.19999980926513671875</ele>
        <time>2026-09-18T21:11:13.000Z</time>
        <extensions>
          <ns3:TrackPointExtension>
            <ns3:hr>142</ns3:hr>
            <ns3:cad>89</ns3:cad>
          </ns3:TrackPointExtension>
        </extensions>
      </trkpt>
      <trkpt lat="39.14563265629112720489501953125" lon="117.18776852823793888092041015625">
        <ele>6.19999980926513671875</ele>
        <time>2026-09-18T21:11:14.000Z</time>
        <extensions>
          <ns3:TrackPointExtension>
            <ns3:hr>142</ns3:hr>
            <ns3:cad>89</ns3:cad>
          </ns3:TrackPointExtension>
        </extensions>
      </trkpt>
      <trkpt lat="39.14564657025039196014404296875" lon="117.18780557624995708465576171875">
        <ele>6.19999980926513671875</ele>
        <time>2026-09-18T21:11:15.000Z</time>
        <extensions>
          <ns3:TrackPointExtension>
            <ns3:hr>142</ns3:hr>
            <ns3:cad>89</ns3:cad>
          </ns3:TrackPointExtension>
        </extensions>
      </trkpt>
      <trkpt lat="39.145661406219005584716796875" lon="117.1878254413604736328125">
        <ele>6.400000095367431640625</ele>
        <time>2026-09-18T21:11:16.000Z</time>
        <extensions>
          <ns3:TrackPointExtension>
            <ns3:hr>141</ns3:hr>
            <ns3:cad>89</ns3:cad>
          </ns3:TrackPointExtension>
        </extensions>
      </trkpt>
      <trkpt lat="39.14567691273987293243408203125" lon="117.18786056153476238250732421875">
        <ele>6.599999904632568359375</ele>
        <time>2026-09-18T21:11:17.000Z</time>
        <extensions>
          <ns3:TrackPointExtension>
            <ns3:hr>142</ns3:hr>
            <ns3:cad>89</ns3:cad>
          </ns3:TrackPointExtension>
        </extensions>
      </trkpt>
      <trkpt lat="39.1456837020814418792724609375" lon="117.1878836117684841156005859375">
        <ele>6.80000019073486328125</ele>
        <time>2026-09-18T21:11:18.000Z</time>
        <extensions>
          <ns3:TrackPointExtension>
            <ns3:hr>142</ns3:hr>
            <ns3:cad>89</ns3:cad>
          </ns3:TrackPointExtension>
        </extensions>
      </trkpt>
      <trkpt lat="39.145694933831691741943359375" lon="117.1879141218960285186767578125">
        <ele>6.80000019073486328125</ele>
        <time>2026-09-18T21:11:19.000Z</time>
        <extensions>
          <ns3:TrackPointExtension>
            <ns3:hr>141</ns3:hr>
            <ns3:cad>88</ns3:cad>
          </ns3:TrackPointExtension>
        </extensions>
      </trkpt>
      <trkpt lat="39.145700633525848388671875" lon="117.18793733976781368255615234375">
        <ele>7</ele>
        <time>2026-09-18T21:11:20.000Z</time>
        <extensions>
          <ns3:TrackPointExtension>
            <ns3:hr>142</ns3:hr>
            <ns3:cad>87</ns3:cad>
          </ns3:TrackPointExtension>
        </extensions>
      </trkpt>
      <trkpt lat="39.14571345783770084381103515625" lon="117.18796961009502410888671875">
        <ele>7</ele>
        <time>2026-09-18T21:11:21.000Z</time>
        <extensions>
          <ns3:TrackPointExtension>
            <ns3:hr>142</ns3:hr>
            <ns3:cad>89</ns3:cad>
          </ns3:TrackPointExtension>
        </extensions>
      </trkpt>
      <trkpt lat="39.14572267793118953704833984375" lon="117.18799333088099956512451171875">
        <ele>6.80000019073486328125</ele>
        <time>2026-09-18T21:11:22.000Z</time>
        <extensions>
          <ns3:TrackPointExtension>
            <ns3:hr>142</ns3:hr>
            <ns3:cad>89</ns3:cad>
          </ns3:TrackPointExtension>
        </extensions>
      </trkpt>
      <trkpt lat="39.14573960937559604644775390625" lon="117.18802954070270061492919921875">
        <ele>7</ele>
        <time>2026-09-18T21:11:23.000Z</time>
        <extensions>
          <ns3:TrackPointExtension>
            <ns3:hr>142</ns3:hr>
            <ns3:cad>89</ns3:cad>
          </ns3:TrackPointExtension>
        </extensions>
      </trkpt>
      <trkpt lat="39.14574698545038700103759765625" lon="117.18805653043091297149658203125">
        <ele>7</ele>
        <time>2026-09-18T21:11:24.000Z</time>
        <extensions>
          <ns3:TrackPointExtension>
            <ns3:hr>142</ns3:hr>
            <ns3:cad>89</ns3:cad>
          </ns3:TrackPointExtension>
        </extensions>
      </trkpt>
      <trkpt lat="39.145760647952556610107421875" lon="117.18808804638683795928955078125">
        <ele>7</ele>
        <time>2026-09-18T21:11:25.000Z</time>
        <extensions>
          <ns3:TrackPointExtension>
            <ns3:hr>143</ns3:hr>
            <ns3:cad>89</ns3:cad>
          </ns3:TrackPointExtension>
        </extensions>
      </trkpt>
      <trkpt lat="39.14576626382768154144287109375" lon="117.18811285682022571563720703125">
        <ele>7</ele>
        <time>2026-09-18T21:11:26.000Z</time>
        <extensions>
          <ns3:TrackPointExtension>
            <ns3:hr>143</ns3:hr>
            <ns3:cad>88</ns3:cad>
          </ns3:TrackPointExtension>
        </extensions>
      </trkpt>
      <trkpt lat="39.1457792557775974273681640625" lon="117.1881431154906749725341796875">
        <ele>7</ele>
        <time>2026-09-18T21:11:27.000Z</time>
        <extensions>
          <ns3:TrackPointExtension>
            <ns3:hr>143</ns3:hr>
            <ns3:cad>88</ns3:cad>
          </ns3:TrackPointExtension>
        </extensions>
      </trkpt>
      <trkpt lat="39.14578788913786411285400390625" lon="117.18817069195210933685302734375">
        <ele>7</ele>
        <time>2026-09-18T21:11:28.000Z</time>
        <extensions>
          <ns3:TrackPointExtension>
            <ns3:hr>143</ns3:hr>
            <ns3:cad>89</ns3:cad>
          </ns3:TrackPointExtension>
        </extensions>
      </trkpt>
      <trkpt lat="39.1458037309348583221435546875" lon="117.1881984360516071319580078125">
        <ele>7</ele>
        <time>2026-09-18T21:11:29.000Z</time>
        <extensions>
          <ns3:TrackPointExtension>
            <ns3:hr>143</ns3:hr>
            <ns3:cad>89</ns3:cad>
          </ns3:TrackPointExtension>
        </extensions>
      </trkpt>
      <trkpt lat="39.14581705816090106964111328125" lon="117.18822316266596317291259765625">
        <ele>7</ele>
        <time>2026-09-18T21:11:30.000Z</time>
        <extensions>
          <ns3:TrackPointExtension>
            <ns3:hr>143</ns3:hr>
            <ns3:cad>89</ns3:cad>
          </ns3:TrackPointExtension>
        </extensions>
      </trkpt>
      <trkpt lat="39.145833067595958709716796875" lon="117.18825065530836582183837890625">
        <ele>7</ele>
        <time>2026-09-18T21:11:31.000Z</time>
        <extensions>
          <ns3:TrackPointExtension>
            <ns3:hr>144</ns3:hr>
            <ns3:cad>89</ns3:cad>
          </ns3:TrackPointExtension>
        </extensions>
      </trkpt>
      <trkpt lat="39.14584203623235225677490234375" lon="117.18827714212238788604736328125">
        <ele>7</ele>
        <time>2026-09-18T21:11:32.000Z</time>
        <extensions>
          <ns3:TrackPointExtension>
            <ns3:hr>144</ns3:hr>
            <ns3:cad>89</ns3:cad>
          </ns3:TrackPointExtension>
        </extensions>
      </trkpt>
      <trkpt lat="39.14585729129612445831298828125" lon="117.18830530531704425811767578125">
        <ele>7</ele>
        <time>2026-09-18T21:11:33.000Z</time>
        <extensions>
          <ns3:TrackPointExtension>
            <ns3:hr>144</ns3:hr>
            <ns3:cad>89</ns3:cad>
          </ns3:TrackPointExtension>
        </extensions>
      </trkpt>
      <trkpt lat="39.14586533792316913604736328125" lon="117.18833464197814464569091796875">
        <ele>7</ele>
        <time>2026-09-18T21:11:34.000Z</time>
        <extensions>
          <ns3:TrackPointExtension>
            <ns3:hr>145</ns3:hr>
            <ns3:cad>89</ns3:cad>
          </ns3:TrackPointExtension>
        </extensions>
      </trkpt>
      <trkpt lat="39.14588143117725849151611328125" lon="117.18836414627730846405029296875">
        <ele>7</ele>
        <time>2026-09-18T21:11:35.000Z</time>
        <extensions>
          <ns3:TrackPointExtension>
            <ns3:hr>145</ns3:hr>
            <ns3:cad>89</ns3:cad>
          </ns3:TrackPointExtension>
        </extensions>
      </trkpt>
      <trkpt lat="39.14589107036590576171875" lon="117.18839499168097972869873046875">
        <ele>7</ele>
        <time>2026-09-18T21:11:36.000Z</time>
        <extensions>
          <ns3:TrackPointExtension>
            <ns3:hr>145</ns3:hr>
            <ns3:cad>89</ns3:cad>
          </ns3:TrackPointExtension>
        </extensions>
      </trkpt>
      <trkpt lat="39.1459043137729167938232421875" lon="117.188423909246921539306640625">
        <ele>7</ele>
        <time>2026-09-18T21:11:37.000Z</time>
        <extensions>
          <ns3:TrackPointExtension>
            <ns3:hr>145</ns3:hr>
            <ns3:cad>89</ns3:cad>
          </ns3:TrackPointExtension>
        </extensions>
      </trkpt>
      <trkpt lat="39.14591453969478607177734375" lon="117.18845232389867305755615234375">
        <ele>7</ele>
        <time>2026-09-18T21:11:38.000Z</time>
        <extensions>
          <ns3:TrackPointExtension>
            <ns3:hr>145</ns3:hr>
            <ns3:cad>89</ns3:cad>
          </ns3:TrackPointExtension>
        </extensions>
      </trkpt>
      <trkpt lat="39.14593105204403400421142578125" lon="117.18847998417913913726806640625">
        <ele>7</ele>
        <time>2026-09-18T21:11:39.000Z</time>
        <extensions>
          <ns3:TrackPointExtension>
            <ns3:hr>146</ns3:hr>
            <ns3:cad>89</ns3:cad>
          </ns3:TrackPointExtension>
        </extensions>
      </trkpt>
      <trkpt lat="39.1459455527365207672119140625" lon="117.188507057726383209228515625">
        <ele>7</ele>
        <time>2026-09-18T21:11:40.000Z</time>
        <extensions>
          <ns3:TrackPointExtension>
            <ns3:hr>146</ns3:hr>
            <ns3:cad>89</ns3:cad>
          </ns3:TrackPointExtension>
        </extensions>
      </trkpt>
      <trkpt lat="39.14596189744770526885986328125" lon="117.18853698112070560455322265625">
        <ele>7</ele>
        <time>2026-09-18T21:11:41.000Z</time>
        <extensions>
          <ns3:TrackPointExtension>
            <ns3:hr>146</ns3:hr>
            <ns3:cad>89</ns3:cad>
          </ns3:TrackPointExtension>
        </extensions>
      </trkpt>
      <trkpt lat="39.1459710337221622467041015625" lon="117.1885635517537593841552734375">
        <ele>6.80000019073486328125</ele>
        <time>2026-09-18T21:11:42.000Z</time>
        <extensions>
          <ns3:TrackPointExtension>
            <ns3:hr>146</ns3:hr>
            <ns3:cad>90</ns3:cad>
          </ns3:TrackPointExtension>
        </extensions>
      </trkpt>
      <trkpt lat="39.14598654024302959442138671875" lon="117.18859414570033550262451171875">
        <ele>6.80000019073486328125</ele>
        <time>2026-09-18T21:11:43.000Z</time>
        <extensions>
          <ns3:TrackPointExtension>
            <ns3:hr>147</ns3:hr>
            <ns3:cad>89</ns3:cad>
          </ns3:TrackPointExtension>
        </extensions>
      </trkpt>
      <trkpt lat="39.1459961794316768646240234375" lon="117.18861795030534267425537109375">
        <ele>6.80000019073486328125</ele>
        <time>2026-09-18T21:11:44.000Z</time>
        <extensions>
          <ns3:TrackPointExtension>
            <ns3:hr>147</ns3:hr>
            <ns3:cad>89</ns3:cad>
          </ns3:TrackPointExtension>
        </extensions>
      </trkpt>
      <trkpt lat="39.1460126079618930816650390625" lon="117.18864745460450649261474609375">
        <ele>6.599999904632568359375</ele>
        <time>2026-09-18T21:11:45.000Z</time>
        <extensions>
          <ns3:TrackPointExtension>
            <ns3:hr>147</ns3:hr>
            <ns3:cad>89</ns3:cad>
          </ns3:TrackPointExtension>
        </extensions>
      </trkpt>
      <trkpt lat="39.146028198301792144775390625" lon="117.18867042101919651031494140625">
        <ele>6.599999904632568359375</ele>
        <time>2026-09-18T21:11:46.000Z</time>
        <extensions>
          <ns3:TrackPointExtension>
            <ns3:hr>147</ns3:hr>
            <ns3:cad>89</ns3:cad>
          </ns3:TrackPointExtension>
        </extensions>
      </trkpt>
      <trkpt lat="39.14604454301297664642333984375" lon="117.188699506223201751708984375">
        <ele>6.599999904632568359375</ele>
        <time>2026-09-18T21:11:47.000Z</time>
        <extensions>
          <ns3:TrackPointExtension>
            <ns3:hr>147</ns3:hr>
            <ns3:cad>90</ns3:cad>
          </ns3:TrackPointExtension>
        </extensions>
      </trkpt>
      <trkpt lat="39.14605041034519672393798828125" lon="117.18873211182653903961181640625">
        <ele>6.599999904632568359375</ele>
        <time>2026-09-18T21:11:48.000Z</time>
        <extensions>
          <ns3:TrackPointExtension>
            <ns3:hr>147</ns3:hr>
            <ns3:cad>90</ns3:cad>
          </ns3:TrackPointExtension>
        </extensions>
      </trkpt>
      <trkpt lat="39.14605007506906986236572265625" lon="117.1887694112956523895263671875">
        <ele>6.400000095367431640625</ele>
        <time>2026-09-18T21:11:49.000Z</time>
        <extensions>
          <ns3:TrackPointExtension>
            <ns3:hr>146</ns3:hr>
            <ns3:cad>90</ns3:cad>
          </ns3:TrackPointExtension>
        </extensions>
      </trkpt>
      <trkpt lat="39.14603213779628276824951171875" lon="117.18879899941384792327880859375">
        <ele>6.400000095367431640625</ele>
        <time>2026-09-18T21:11:50.000Z</time>
        <extensions>
          <ns3:TrackPointExtension>
            <ns3:hr>147</ns3:hr>
            <ns3:cad>90</ns3:cad>
          </ns3:TrackPointExtension>
        </extensions>
      </trkpt>
      <trkpt lat="39.14601109921932220458984375" lon="117.18882213346660137176513671875">
        <ele>6.19999980926513671875</ele>
        <time>2026-09-18T21:11:51.000Z</time>
        <extensions>
          <ns3:TrackPointExtension>
            <ns3:hr>147</ns3:hr>
            <ns3:cad>89</ns3:cad>
          </ns3:TrackPointExtension>
        </extensions>
      </trkpt>
      <trkpt lat="39.14598427712917327880859375" lon="117.188834287226200103759765625">
        <ele>6</ele>
        <time>2026-09-18T21:11:52.000Z</time>
        <extensions>
          <ns3:TrackPointExtension>
            <ns3:hr>146</ns3:hr>
            <ns3:cad>89</ns3:cad>
          </ns3:TrackPointExtension>
        </extensions>
      </trkpt>
      <trkpt lat="39.145959801971912384033203125" lon="117.18885147012770175933837890625">
        <ele>5.80000019073486328125</ele>
        <time>2026-09-18T21:11:53.000Z</time>
        <extensions>
          <ns3:TrackPointExtension>
            <ns3:hr>146</ns3:hr>
            <ns3:cad>88</ns3:cad>
          </ns3:TrackPointExtension>
        </extensions>
      </trkpt>
      <trkpt lat="39.14593323133885860443115234375" lon="117.1888647973537445068359375">
        <ele>5.80000019073486328125</ele>
        <time>2026-09-18T21:11:54.000Z</time>
        <extensions>
          <ns3:TrackPointExtension>
            <ns3:hr>146</ns3:hr>
            <ns3:cad>89</ns3:cad>
          </ns3:TrackPointExtension>
        </extensions>
      </trkpt>
      <trkpt lat="39.1459113545715808868408203125" lon="117.1888844110071659088134765625">
        <ele>5.80000019073486328125</ele>
        <time>2026-09-18T21:11:55.000Z</time>
        <extensions>
          <ns3:TrackPointExtension>
            <ns3:hr>146</ns3:hr>
            <ns3:cad>89</ns3:cad>
          </ns3:TrackPointExtension>
        </extensions>
      </trkpt>
      <trkpt lat="39.145885370671749114990234375" lon="117.18889824114739894866943359375">
        <ele>5.599999904632568359375</ele>
        <time>2026-09-18T21:11:56.000Z</time>
        <extensions>
          <ns3:TrackPointExtension>
            <ns3:hr>146</ns3:hr>
            <ns3:cad>89</ns3:cad>
          </ns3:TrackPointExtension>
        </extensions>
      </trkpt>
      <trkpt lat="39.14586089551448822021484375" lon="117.1889162622392177581787109375">
        <ele>5.599999904632568359375</ele>
        <time>2026-09-18T21:11:57.000Z</time>
        <extensions>
          <ns3:TrackPointExtension>
            <ns3:hr>146</ns3:hr>
            <ns3:cad>90</ns3:cad>
          </ns3:TrackPointExtension>
        </extensions>
      </trkpt>
      <trkpt lat="39.14583600126206874847412109375" lon="117.188928835093975067138671875">
        <ele>5.599999904632568359375</ele>
        <time>2026-09-18T21:11:58.000Z</time>
        <extensions>
          <ns3:TrackPointExtension>
            <ns3:hr>146</ns3:hr>
            <ns3:cad>90</ns3:cad>
          </ns3:TrackPointExtension>
        </extensions>
      </trkpt>
      <trkpt lat="39.14581236429512500762939453125" lon="117.18894802965223789215087890625">
        <ele>5.599999904632568359375</ele>
        <time>2026-09-18T21:11:59.000Z</time>
        <extensions>
          <ns3:TrackPointExtension>
            <ns3:hr>146</ns3:hr>
            <ns3:cad>90</ns3:cad>
          </ns3:TrackPointExtension>
        </extensions>
      </trkpt>
      <trkpt lat="39.14578889496624469757080078125" lon="117.1889640390872955322265625">
        <ele>5.599999904632568359375</ele>
        <time>2026-09-18T21:12:00.000Z</time>
        <extensions>
          <ns3:TrackPointExtension>
            <ns3:hr>145</ns3:hr>
            <ns3:cad>90</ns3:cad>
          </ns3:TrackPointExtension>
        </extensions>
      </trkpt>
      <trkpt lat="39.14576274342834949493408203125" lon="117.18898457475006580352783203125">
        <ele>5.599999904632568359375</ele>
        <time>2026-09-18T21:12:01.000Z</time>
        <extensions>
          <ns3:TrackPointExtension>
            <ns3:hr>145</ns3:hr>
            <ns3:cad>90</ns3:cad>
          </ns3:TrackPointExtension>
        </extensions>
      </trkpt>
      <trkpt lat="39.14573675952851772308349609375" lon="117.1890014223754405975341796875">
        <ele>5.400000095367431640625</ele>
        <time>2026-09-18T21:12:02.000Z</time>
        <extensions>
          <ns3:TrackPointExtension>
            <ns3:hr>145</ns3:hr>
            <ns3:cad>90</ns3:cad>
          </ns3:TrackPointExtension>
        </extensions>
      </trkpt>
      <trkpt lat="39.1457101888954639434814453125" lon="117.1890181861817836761474609375">
        <ele>5.400000095367431640625</ele>
        <time>2026-09-18T21:12:03.000Z</time>
        <extensions>
          <ns3:TrackPointExtension>
            <ns3:hr>145</ns3:hr>
            <ns3:cad>90</ns3:cad>
          </ns3:TrackPointExtension>
        </extensions>
      </trkpt>
      <trkpt lat="39.14568747393786907196044921875" lon="117.18903453089296817779541015625">
        <ele>5.400000095367431640625</ele>
        <time>2026-09-18T21:12:04.000Z</time>
        <extensions>
          <ns3:TrackPointExtension>
            <ns3:hr>145</ns3:hr>
            <ns3:cad>90</ns3:cad>
          </ns3:TrackPointExtension>
        </extensions>
      </trkpt>
      <trkpt lat="39.1456619091331958770751953125" lon="117.18904945068061351776123046875">
        <ele>5.19999980926513671875</ele>
        <time>2026-09-18T21:12:05.000Z</time>
        <extensions>
          <ns3:TrackPointExtension>
            <ns3:hr>145</ns3:hr>
            <ns3:cad>91</ns3:cad>
          </ns3:TrackPointExtension>
        </extensions>
      </trkpt>
      <trkpt lat="39.1456387750804424285888671875" lon="117.1890659630298614501953125">
        <ele>5.19999980926513671875</ele>
        <time>2026-09-18T21:12:06.000Z</time>
        <extensions>
          <ns3:TrackPointExtension>
            <ns3:hr>145</ns3:hr>
            <ns3:cad>91</ns3:cad>
          </ns3:TrackPointExtension>
        </extensions>
      </trkpt>
      <trkpt lat="39.1456109471619129180908203125" lon="117.18908348120748996734619140625">
        <ele>5.19999980926513671875</ele>
        <time>2026-09-18T21:12:07.000Z</time>
        <extensions>
          <ns3:TrackPointExtension>
            <ns3:hr>145</ns3:hr>
            <ns3:cad>91</ns3:cad>
          </ns3:TrackPointExtension>
        </extensions>
      </trkpt>
      <trkpt lat="39.14558689109981060028076171875" lon="117.18909823335707187652587890625">
        <ele>5</ele>
        <time>2026-09-18T21:12:08.000Z</time>
        <extensions>
          <ns3:TrackPointExtension>
            <ns3:hr>144</ns3:hr>
            <ns3:cad>91</ns3:cad>
          </ns3:TrackPointExtension>
        </extensions>
      </trkpt>
      <trkpt lat="39.1455589793622493743896484375" lon="117.1891130693256855010986328125">
        <ele>5</ele>
        <time>2026-09-18T21:12:09.000Z</time>
        <extensions>
          <ns3:TrackPointExtension>
            <ns3:hr>145</ns3:hr>
            <ns3:cad>90</ns3:cad>
          </ns3:TrackPointExtension>
        </extensions>
      </trkpt>
      <trkpt lat="39.1455356776714324951171875" lon="117.18912639655172824859619140625">
        <ele>5</ele>
        <time>2026-09-18T21:12:10.000Z</time>
        <extensions>
          <ns3:TrackPointExtension>
            <ns3:hr>145</ns3:hr>
            <ns3:cad>90</ns3:cad>
          </ns3:TrackPointExtension>
        </extensions>
      </trkpt>
      <trkpt lat="39.14550558663904666900634765625" lon="117.18914173543453216552734375">
        <ele>5</ele>
        <time>2026-09-18T21:12:11.000Z</time>
        <extensions>
          <ns3:TrackPointExtension>
            <ns3:hr>144</ns3:hr>
            <ns3:cad>90</ns3:cad>
          </ns3:TrackPointExtension>
        </extensions>
      </trkpt>
      <trkpt lat="39.1454838775098323822021484375" lon="117.18915422447025775909423828125">
        <ele>5</ele>
        <time>2026-09-18T21:12:12.000Z</time>
        <extensions>
          <ns3:TrackPointExtension>
            <ns3:hr>144</ns3:hr>
            <ns3:cad>90</ns3:cad>
          </ns3:TrackPointExtension>
        </extensions>
      </trkpt>
      <trkpt lat="39.145454205572605133056640625" lon="117.18916327692568302154541015625">
        <ele>4.80000019073486328125</ele>
        <time>2026-09-18T21:12:13.000Z</time>
        <extensions>
          <ns3:TrackPointExtension>
            <ns3:hr>144</ns3:hr>
            <ns3:cad>90</ns3:cad>
          </ns3:TrackPointExtension>
        </extensions>
      </trkpt>
      <trkpt lat="39.1454355977475643157958984375" lon="117.18918062746524810791015625">
        <ele>4.80000019073486328125</ele>
        <time>2026-09-18T21:12:14.000Z</time>
        <extensions>
          <ns3:TrackPointExtension>
            <ns3:hr>144</ns3:hr>
            <ns3:cad>90</ns3:cad>
          </ns3:TrackPointExtension>
        </extensions>
      </trkpt>
      <trkpt lat="39.14540533907711505889892578125" lon="117.1891928650438785552978515625">
        <ele>4.599999904632568359375</ele>
        <time>2026-09-18T21:12:15.000Z</time>
        <extensions>
          <ns3:TrackPointExtension>
            <ns3:hr>144</ns3:hr>
            <ns3:cad>90</ns3:cad>
          </ns3:TrackPointExtension>
        </extensions>
      </trkpt>
      <trkpt lat="39.14538874290883541107177734375" lon="117.18920736573636531829833984375">
        <ele>4.599999904632568359375</ele>
        <time>2026-09-18T21:12:16.000Z</time>
        <extensions>
          <ns3:TrackPointExtension>
            <ns3:hr>143</ns3:hr>
            <ns3:cad>90</ns3:cad>
          </ns3:TrackPointExtension>
        </extensions>
      </trkpt>
      <trkpt lat="39.1453584842383861541748046875" lon="117.18921943567693233489990234375">
        <ele>4.599999904632568359375</ele>
        <time>2026-09-18T21:12:17.000Z</time>
        <extensions>
          <ns3:TrackPointExtension>
            <ns3:hr>143</ns3:hr>
            <ns3:cad>90</ns3:cad>
          </ns3:TrackPointExtension>
        </extensions>
      </trkpt>
      <trkpt lat="39.14533761329948902130126953125" lon="117.18923200853168964385986328125">
        <ele>4.400000095367431640625</ele>
        <time>2026-09-18T21:12:18.000Z</time>
        <extensions>
          <ns3:TrackPointExtension>
            <ns3:hr>143</ns3:hr>
            <ns3:cad>90</ns3:cad>
          </ns3:TrackPointExtension>
        </extensions>
      </trkpt>
      <trkpt lat="39.14530542679131031036376953125" lon="117.189246006309986114501953125">
        <ele>4.400000095367431640625</ele>
        <time>2026-09-18T21:12:19.000Z</time>
        <extensions>
          <ns3:TrackPointExtension>
            <ns3:hr>143</ns3:hr>
            <ns3:cad>90</ns3:cad>
          </ns3:TrackPointExtension>
        </extensions>
      </trkpt>
      <trkpt lat="39.14528614841401576995849609375" lon="117.18926151283085346221923828125">
        <ele>4.19999980926513671875</ele>
        <time>2026-09-18T21:12:20.000Z</time>
        <extensions>
          <ns3:TrackPointExtension>
            <ns3:hr>143</ns3:hr>
            <ns3:cad>90</ns3:cad>
          </ns3:TrackPointExtension>
        </extensions>
      </trkpt>
      <trkpt lat="39.14525429718196392059326171875" lon="117.1892716549336910247802734375">
        <ele>4.19999980926513671875</ele>
        <time>2026-09-18T21:12:21.000Z</time>
        <extensions>
          <ns3:TrackPointExtension>
            <ns3:hr>143</ns3:hr>
            <ns3:cad>90</ns3:cad>
          </ns3:TrackPointExtension>
        </extensions>
      </trkpt>
      <trkpt lat="39.14523619227111339569091796875" lon="117.18928162939846515655517578125">
        <ele>4.19999980926513671875</ele>
        <time>2026-09-18T21:12:22.000Z</time>
        <extensions>
          <ns3:TrackPointExtension>
            <ns3:hr>143</ns3:hr>
            <ns3:cad>90</ns3:cad>
          </ns3:TrackPointExtension>
        </extensions>
      </trkpt>
      <trkpt lat="39.14520668797194957733154296875" lon="117.18929001130163669586181640625">
        <ele>4.19999980926513671875</ele>
        <time>2026-09-18T21:12:23.000Z</time>
        <extensions>
          <ns3:TrackPointExtension>
            <ns3:hr>142</ns3:hr>
            <ns3:cad>90</ns3:cad>
          </ns3:TrackPointExtension>
        </extensions>
      </trkpt>
      <trkpt lat="39.145187325775623321533203125" lon="117.1892984770238399505615234375">
        <ele>4.19999980926513671875</ele>
        <time>2026-09-18T21:12:24.000Z</time>
        <extensions>
          <ns3:TrackPointExtension>
            <ns3:hr>142</ns3:hr>
            <ns3:cad>90</ns3:cad>
          </ns3:TrackPointExtension>
        </extensions>
      </trkpt>
      <trkpt lat="39.14516125805675983428955078125" lon="117.1893075294792652130126953125">
        <ele>4.19999980926513671875</ele>
        <time>2026-09-18T21:12:25.000Z</time>
        <extensions>
          <ns3:TrackPointExtension>
            <ns3:hr>142</ns3:hr>
            <ns3:cad>90</ns3:cad>
          </ns3:TrackPointExtension>
        </extensions>
      </trkpt>
      <trkpt lat="39.14513804018497467041015625" lon="117.1893142350018024444580078125">
        <ele>4.19999980926513671875</ele>
        <time>2026-09-18T21:12:26.000Z</time>
        <extensions>
          <ns3:TrackPointExtension>
            <ns3:hr>142</ns3:hr>
            <ns3:cad>90</ns3:cad>
          </ns3:TrackPointExtension>
        </extensions>
      </trkpt>
      <trkpt lat="39.14511121809482574462890625" lon="117.18932370655238628387451171875">
        <ele>4</ele>
        <time>2026-09-18T21:12:27.000Z</time>
        <extensions>
          <ns3:TrackPointExtension>
            <ns3:hr>142</ns3:hr>
            <ns3:cad>90</ns3:cad>
          </ns3:TrackPointExtension>
        </extensions>
      </trkpt>
      <trkpt lat="39.145086072385311126708984375" lon="117.1893326751887798309326171875">
        <ele>4</ele>
        <time>2026-09-18T21:12:28.000Z</time>
        <extensions>
          <ns3:TrackPointExtension>
            <ns3:hr>142</ns3:hr>
            <ns3:cad>90</ns3:cad>
          </ns3:TrackPointExtension>
        </extensions>
      </trkpt>
      <trkpt lat="39.1450609266757965087890625" lon="117.18934021890163421630859375">
        <ele>4</ele>
        <time>2026-09-18T21:12:29.000Z</time>
        <extensions>
          <ns3:TrackPointExtension>
            <ns3:hr>141</ns3:hr>
            <ns3:cad>90</ns3:cad>
          </ns3:TrackPointExtension>
        </extensions>
      </trkpt>
      <trkpt lat="39.14503837935626506805419921875" lon="117.18934298492968082427978515625">
        <ele>4</ele>
        <time>2026-09-18T21:12:30.000Z</time>
        <extensions>
          <ns3:TrackPointExtension>
            <ns3:hr>141</ns3:hr>
            <ns3:cad>90</ns3:cad>
          </ns3:TrackPointExtension>
        </extensions>
      </trkpt>
      <trkpt lat="39.1450071148574352264404296875" lon="117.1893480978906154632568359375">
        <ele>4</ele>
        <time>2026-09-18T21:12:31.000Z</time>
        <extensions>
          <ns3:TrackPointExtension>
            <ns3:hr>140</ns3:hr>
            <ns3:cad>90</ns3:cad>
          </ns3:TrackPointExtension>
        </extensions>
      </trkpt>
      <trkpt lat="39.14498439989984035491943359375" lon="117.18935170210897922515869140625">
        <ele>3.7999999523162841796875</ele>
        <time>2026-09-18T21:12:32.000Z</time>
        <extensions>
          <ns3:TrackPointExtension>
            <ns3:hr>139</ns3:hr>
            <ns3:cad>90</ns3:cad>
          </ns3:TrackPointExtension>
        </extensions>
      </trkpt>
      <trkpt lat="39.1449564881622791290283203125" lon="117.1893531270325183868408203125">
        <ele>3.7999999523162841796875</ele>
        <time>2026-09-18T21:12:33.000Z</time>
        <extensions>
          <ns3:TrackPointExtension>
            <ns3:hr>139</ns3:hr>
            <ns3:cad>90</ns3:cad>
          </ns3:TrackPointExtension>
        </extensions>
      </trkpt>
      <trkpt lat="39.1449383832514286041259765625" lon="117.1893645264208316802978515625">
        <ele>3.7999999523162841796875</ele>
        <time>2026-09-18T21:12:34.000Z</time>
        <extensions>
          <ns3:TrackPointExtension>
            <ns3:hr>138</ns3:hr>
            <ns3:cad>90</ns3:cad>
          </ns3:TrackPointExtension>
        </extensions>
      </trkpt>
      <trkpt lat="39.14490309543907642364501953125" lon="117.18936310149729251861572265625">
        <ele>3.7999999523162841796875</ele>
        <time>2026-09-18T21:12:35.000Z</time>
        <extensions>
          <ns3:TrackPointExtension>
            <ns3:hr>138</ns3:hr>
            <ns3:cad>90</ns3:cad>
          </ns3:TrackPointExtension>
        </extensions>
      </trkpt>
      <trkpt lat="39.14488448761403560638427734375" lon="117.1893742494285106658935546875">
        <ele>3.7999999523162841796875</ele>
        <time>2026-09-18T21:12:36.000Z</time>
        <extensions>
          <ns3:TrackPointExtension>
            <ns3:hr>137</ns3:hr>
            <ns3:cad>90</ns3:cad>
          </ns3:TrackPointExtension>
        </extensions>
      </trkpt>
      <trkpt lat="39.1448599286377429962158203125" lon="117.18938204459846019744873046875">
        <ele>3.7999999523162841796875</ele>
        <time>2026-09-18T21:12:37.000Z</time>
        <extensions>
          <ns3:TrackPointExtension>
            <ns3:hr>136</ns3:hr>
            <ns3:cad>90</ns3:cad>
          </ns3:TrackPointExtension>
        </extensions>
      </trkpt>
      <trkpt lat="39.14483587257564067840576171875" lon="117.18938983976840972900390625">
        <ele>3.7999999523162841796875</ele>
        <time>2026-09-18T21:12:38.000Z</time>
        <extensions>
          <ns3:TrackPointExtension>
            <ns3:hr>135</ns3:hr>
            <ns3:cad>90</ns3:cad>
          </ns3:TrackPointExtension>
        </extensions>
      </trkpt>
      <trkpt lat="39.1448029316961765289306640625" lon="117.18939143233001232147216796875">
        <ele>4</ele>
        <time>2026-09-18T21:12:39.000Z</time>
        <extensions>
          <ns3:TrackPointExtension>
            <ns3:hr>130</ns3:hr>
            <ns3:cad>91</ns3:cad>
          </ns3:TrackPointExtension>
        </extensions>
      </trkpt>
      <trkpt lat="39.14477971382439136505126953125" lon="117.18939654529094696044921875">
        <ele>4</ele>
        <time>2026-09-18T21:12:40.000Z</time>
        <extensions>
          <ns3:TrackPointExtension>
            <ns3:hr>128</ns3:hr>
            <ns3:cad>89</ns3:cad>
          </ns3:TrackPointExtension>
        </extensions>
      </trkpt>
      <trkpt lat="39.144747443497180938720703125" lon="117.18939981423318386077880859375">
        <ele>4</ele>
        <time>2026-09-18T21:12:41.000Z</time>
        <extensions>
          <ns3:TrackPointExtension>
            <ns3:hr>126</ns3:hr>
            <ns3:cad>89</ns3:cad>
          </ns3:TrackPointExtension>
        </extensions>
      </trkpt>
      <trkpt lat="39.1447271592915058135986328125" lon="117.18940366990864276885986328125">
        <ele>3.7999999523162841796875</ele>
        <time>2026-09-18T21:12:42.000Z</time>
        <extensions>
          <ns3:TrackPointExtension>
            <ns3:hr>125</ns3:hr>
            <ns3:cad>89</ns3:cad>
          </ns3:TrackPointExtension>
        </extensions>
      </trkpt>
      <trkpt lat="39.144699834287166595458984375" lon="117.18940459191799163818359375">
        <ele>3.7999999523162841796875</ele>
        <time>2026-09-18T21:12:43.000Z</time>
        <extensions>
          <ns3:TrackPointExtension>
            <ns3:hr>123</ns3:hr>
            <ns3:cad>89</ns3:cad>
          </ns3:TrackPointExtension>
        </extensions>
      </trkpt>
      <trkpt lat="39.144677706062793731689453125" lon="117.18940685503184795379638671875">
        <ele>3.599999904632568359375</ele>
        <time>2026-09-18T21:12:44.000Z</time>
        <extensions>
          <ns3:TrackPointExtension>
            <ns3:hr>123</ns3:hr>
            <ns3:cad>90</ns3:cad>
          </ns3:TrackPointExtension>
        </extensions>
      </trkpt>
      <trkpt lat="39.14464853703975677490234375" lon="117.18940869905054569244384765625">
        <ele>3.599999904632568359375</ele>
        <time>2026-09-18T21:12:45.000Z</time>
        <extensions>
          <ns3:TrackPointExtension>
            <ns3:hr>123</ns3:hr>
            <ns3:cad>90</ns3:cad>
          </ns3:TrackPointExtension>
        </extensions>
      </trkpt>
      <trkpt lat="39.1446255706250667572021484375" lon="117.18941087834537029266357421875">
        <ele>3.599999904632568359375</ele>
        <time>2026-09-18T21:12:46.000Z</time>
        <extensions>
          <ns3:TrackPointExtension>
            <ns3:hr>123</ns3:hr>
            <ns3:cad>90</ns3:cad>
          </ns3:TrackPointExtension>
        </extensions>
      </trkpt>
      <trkpt lat="39.14459464140236377716064453125" lon="117.1894119679927825927734375">
        <ele>3.599999904632568359375</ele>
        <time>2026-09-18T21:12:47.000Z</time>
        <extensions>
          <ns3:TrackPointExtension>
            <ns3:hr>123</ns3:hr>
            <ns3:cad>89</ns3:cad>
          </ns3:TrackPointExtension>
        </extensions>
      </trkpt>
      <trkpt lat="39.1445742733776569366455078125" lon="117.1894141472876071929931640625">
        <ele>3.599999904632568359375</ele>
        <time>2026-09-18T21:12:48.000Z</time>
        <extensions>
          <ns3:TrackPointExtension>
            <ns3:hr>122</ns3:hr>
            <ns3:cad>90</ns3:cad>
          </ns3:TrackPointExtension>
        </extensions>
      </trkpt>
      <trkpt lat="39.1445477865636348724365234375" lon="117.1894134767353534698486328125">
        <ele>3.599999904632568359375</ele>
        <time>2026-09-18T21:12:49.000Z</time>
        <extensions>
          <ns3:TrackPointExtension>
            <ns3:hr>122</ns3:hr>
            <ns3:cad>90</ns3:cad>
          </ns3:TrackPointExtension>
        </extensions>
      </trkpt>
      <trkpt lat="39.14452875964343547821044921875" lon="117.18941858969628810882568359375">
        <ele>3.599999904632568359375</ele>
        <time>2026-09-18T21:12:50.000Z</time>
        <extensions>
          <ns3:TrackPointExtension>
            <ns3:hr>122</ns3:hr>
            <ns3:cad>90</ns3:cad>
          </ns3:TrackPointExtension>
        </extensions>
      </trkpt>
      <trkpt lat="39.144497998058795928955078125" lon="117.18941473402082920074462890625">
        <ele>3.599999904632568359375</ele>
        <time>2026-09-18T21:12:51.000Z</time>
        <extensions>
          <ns3:TrackPointExtension>
            <ns3:hr>122</ns3:hr>
            <ns3:cad>90</ns3:cad>
          </ns3:TrackPointExtension>
        </extensions>
      </trkpt>
      <trkpt lat="39.14448148570954799652099609375" lon="117.18942546285688877105712890625">
        <ele>3.599999904632568359375</ele>
        <time>2026-09-18T21:12:52.000Z</time>
        <extensions>
          <ns3:TrackPointExtension>
            <ns3:hr>121</ns3:hr>
            <ns3:cad>90</ns3:cad>
          </ns3:TrackPointExtension>
        </extensions>
      </trkpt>
      <trkpt lat="39.14445248432457447052001953125" lon="117.18942328356206417083740234375">
        <ele>3.599999904632568359375</ele>
        <time>2026-09-18T21:12:53.000Z</time>
        <extensions>
          <ns3:TrackPointExtension>
            <ns3:hr>121</ns3:hr>
            <ns3:cad>90</ns3:cad>
          </ns3:TrackPointExtension>
        </extensions>
      </trkpt>
      <trkpt lat="39.1444306075572967529296875" lon="117.18942831270396709442138671875">
        <ele>3.599999904632568359375</ele>
        <time>2026-09-18T21:12:54.000Z</time>
        <extensions>
          <ns3:TrackPointExtension>
            <ns3:hr>121</ns3:hr>
            <ns3:cad>90</ns3:cad>
          </ns3:TrackPointExtension>
        </extensions>
      </trkpt>
      <trkpt lat="39.14440655149519443511962890625" lon="117.189427725970745086669921875">
        <ele>3.599999904632568359375</ele>
        <time>2026-09-18T21:12:55.000Z</time>
        <extensions>
          <ns3:TrackPointExtension>
            <ns3:hr>122</ns3:hr>
            <ns3:cad>90</ns3:cad>
          </ns3:TrackPointExtension>
        </extensions>
      </trkpt>
      <trkpt lat="39.14438358508050441741943359375" lon="117.1894334256649017333984375">
        <ele>3.599999904632568359375</ele>
        <time>2026-09-18T21:12:56.000Z</time>
        <extensions>
          <ns3:TrackPointExtension>
            <ns3:hr>121</ns3:hr>
            <ns3:cad>90</ns3:cad>
          </ns3:TrackPointExtension>
        </extensions>
      </trkpt>
      <trkpt lat="39.14435458369553089141845703125" lon="117.18943141400814056396484375">
        <ele>3.599999904632568359375</ele>
        <time>2026-09-18T21:12:57.000Z</time>
        <extensions>
          <ns3:TrackPointExtension>
            <ns3:hr>121</ns3:hr>
            <ns3:cad>90</ns3:cad>
          </ns3:TrackPointExtension>
        </extensions>
      </trkpt>
      <trkpt lat="39.14433312602341175079345703125" lon="117.18943535350263118743896484375">
        <ele>3.599999904632568359375</ele>
        <time>2026-09-18T21:12:58.000Z</time>
        <extensions>
          <ns3:TrackPointExtension>
            <ns3:hr>121</ns3:hr>
            <ns3:cad>90</ns3:cad>
          </ns3:TrackPointExtension>
        </extensions>
      </trkpt>
      <trkpt lat="39.144304208457469940185546875" lon="117.1894309110939502716064453125">
        <ele>3.599999904632568359375</ele>
        <time>2026-09-18T21:12:59.000Z</time>
        <extensions>
          <ns3:TrackPointExtension>
            <ns3:hr>122</ns3:hr>
            <ns3:cad>90</ns3:cad>
          </ns3:TrackPointExtension>
        </extensions>
      </trkpt>
      <trkpt lat="39.14428166113793849945068359375" lon="117.18944071792066097259521484375">
        <ele>3.599999904632568359375</ele>
        <time>2026-09-18T21:13:00.000Z</time>
        <extensions>
          <ns3:TrackPointExtension>
            <ns3:hr>122</ns3:hr>
            <ns3:cad>90</ns3:cad>
          </ns3:TrackPointExtension>
        </extensions>
      </trkpt>
      <trkpt lat="39.14425886236131191253662109375" lon="117.18943141400814056396484375">
        <ele>3.599999904632568359375</ele>
        <time>2026-09-18T21:13:01.000Z</time>
        <extensions>
          <ns3:TrackPointExtension>
            <ns3:hr>122</ns3:hr>
            <ns3:cad>90</ns3:cad>
          </ns3:TrackPointExtension>
        </extensions>
      </trkpt>
      <trkpt lat="39.144234471023082733154296875" lon="117.18942982144653797149658203125">
        <ele>3.599999904632568359375</ele>
        <time>2026-09-18T21:13:02.000Z</time>
        <extensions>
          <ns3:TrackPointExtension>
            <ns3:hr>121</ns3:hr>
            <ns3:cad>91</ns3:cad>
          </ns3:TrackPointExtension>
        </extensions>
      </trkpt>
      <trkpt lat="39.14420773275196552276611328125" lon="117.18942160718142986297607421875">
        <ele>3.599999904632568359375</ele>
        <time>2026-09-18T21:13:03.000Z</time>
        <extensions>
          <ns3:TrackPointExtension>
            <ns3:hr>121</ns3:hr>
            <ns3:cad>91</ns3:cad>
          </ns3:TrackPointExtension>
        </extensions>
      </trkpt>
      <trkpt lat="39.14418158121407032012939453125" lon="117.1894205175340175628662109375">
        <ele>3.599999904632568359375</ele>
        <time>2026-09-18T21:13:04.000Z</time>
        <extensions>
          <ns3:TrackPointExtension>
            <ns3:hr>121</ns3:hr>
            <ns3:cad>91</ns3:cad>
          </ns3:TrackPointExtension>
        </extensions>
      </trkpt>
      <trkpt lat="39.14415291510522365570068359375" lon="117.1894158236682415008544921875">
        <ele>3.599999904632568359375</ele>
        <time>2026-09-18T21:13:05.000Z</time>
        <extensions>
          <ns3:TrackPointExtension>
            <ns3:hr>121</ns3:hr>
            <ns3:cad>90</ns3:cad>
          </ns3:TrackPointExtension>
        </extensions>
      </trkpt>
      <trkpt lat="39.14413078688085079193115234375" lon="117.18942194245755672454833984375">
        <ele>3.599999904632568359375</ele>
        <time>2026-09-18T21:13:06.000Z</time>
        <extensions>
          <ns3:TrackPointExtension>
            <ns3:hr>120</ns3:hr>
            <ns3:cad>90</ns3:cad>
          </ns3:TrackPointExtension>
        </extensions>
      </trkpt>
      <trkpt lat="39.1441045515239238739013671875" lon="117.1894178353250026702880859375">
        <ele>3.599999904632568359375</ele>
        <time>2026-09-18T21:13:07.000Z</time>
        <extensions>
          <ns3:TrackPointExtension>
            <ns3:hr>120</ns3:hr>
            <ns3:cad>90</ns3:cad>
          </ns3:TrackPointExtension>
        </extensions>
      </trkpt>
      <trkpt lat="39.1440787352621555328369140625" lon="117.189419679343700408935546875">
        <ele>3.599999904632568359375</ele>
        <time>2026-09-18T21:13:08.000Z</time>
        <extensions>
          <ns3:TrackPointExtension>
            <ns3:hr>120</ns3:hr>
            <ns3:cad>90</ns3:cad>
          </ns3:TrackPointExtension>
        </extensions>
      </trkpt>
      <trkpt lat="39.14405099116265773773193359375" lon="117.189414985477924346923828125">
        <ele>3.599999904632568359375</ele>
        <time>2026-09-18T21:13:09.000Z</time>
        <extensions>
          <ns3:TrackPointExtension>
            <ns3:hr>120</ns3:hr>
            <ns3:cad>89</ns3:cad>
          </ns3:TrackPointExtension>
        </extensions>
      </trkpt>
      <trkpt lat="39.1440274380147457122802734375" lon="117.18941439874470233917236328125">
        <ele>3.599999904632568359375</ele>
        <time>2026-09-18T21:13:10.000Z</time>
        <extensions>
          <ns3:TrackPointExtension>
            <ns3:hr>120</ns3:hr>
            <ns3:cad>89</ns3:cad>
          </ns3:TrackPointExtension>
        </extensions>
      </trkpt>
      <trkpt lat="39.1440002806484699249267578125" lon="117.1894138120114803314208984375">
        <ele>3.599999904632568359375</ele>
        <time>2026-09-18T21:13:11.000Z</time>
        <extensions>
          <ns3:TrackPointExtension>
            <ns3:hr>120</ns3:hr>
            <ns3:cad>89</ns3:cad>
          </ns3:TrackPointExtension>
        </extensions>
      </trkpt>
      <trkpt lat="39.14397454820573329925537109375" lon="117.1894198469817638397216796875">
        <ele>3.7999999523162841796875</ele>
        <time>2026-09-18T21:13:12.000Z</time>
        <extensions>
          <ns3:TrackPointExtension>
            <ns3:hr>120</ns3:hr>
            <ns3:cad>90</ns3:cad>
          </ns3:TrackPointExtension>
        </extensions>
      </trkpt>
      <trkpt lat="39.143944121897220611572265625" lon="117.18941205181181430816650390625">
        <ele>3.599999904632568359375</ele>
        <time>2026-09-18T21:13:13.000Z</time>
        <extensions>
          <ns3:TrackPointExtension>
            <ns3:hr>120</ns3:hr>
            <ns3:cad>90</ns3:cad>
          </ns3:TrackPointExtension>
        </extensions>
      </trkpt>
      <trkpt lat="39.1439164616167545318603515625" lon="117.18941758386790752410888671875">
        <ele>3.599999904632568359375</ele>
        <time>2026-09-18T21:13:14.000Z</time>
        <extensions>
          <ns3:TrackPointExtension>
            <ns3:hr>120</ns3:hr>
            <ns3:cad>90</ns3:cad>
          </ns3:TrackPointExtension>
        </extensions>
      </trkpt>
      <trkpt lat="39.14388544857501983642578125" lon="117.1894104592502117156982421875">
        <ele>3.599999904632568359375</ele>
        <time>2026-09-18T21:13:15.000Z</time>
        <extensions>
          <ns3:TrackPointExtension>
            <ns3:hr>120</ns3:hr>
            <ns3:cad>90</ns3:cad>
          </ns3:TrackPointExtension>
        </extensions>
      </trkpt>
      <trkpt lat="39.1438587941229343414306640625" lon="117.1894124709069728851318359375">
        <ele>3.599999904632568359375</ele>
        <time>2026-09-18T21:13:16.000Z</time>
        <extensions>
          <ns3:TrackPointExtension>
            <ns3:hr>120</ns3:hr>
            <ns3:cad>89</ns3:cad>
          </ns3:TrackPointExtension>
        </extensions>
      </trkpt>
      <trkpt lat="39.14383046329021453857421875" lon="117.18940568156540393829345703125">
        <ele>3.599999904632568359375</ele>
        <time>2026-09-18T21:13:17.000Z</time>
        <extensions>
          <ns3:TrackPointExtension>
            <ns3:hr>120</ns3:hr>
            <ns3:cad>89</ns3:cad>
          </ns3:TrackPointExtension>
        </extensions>
      </trkpt>
      <trkpt lat="39.14380766451358795166015625" lon="117.18941171653568744659423828125">
        <ele>3.599999904632568359375</ele>
        <time>2026-09-18T21:13:18.000Z</time>
        <extensions>
          <ns3:TrackPointExtension>
            <ns3:hr>120</ns3:hr>
            <ns3:cad>90</ns3:cad>
          </ns3:TrackPointExtension>
        </extensions>
      </trkpt>
      <trkpt lat="39.14377992041409015655517578125" lon="117.18940459191799163818359375">
        <ele>3.599999904632568359375</ele>
        <time>2026-09-18T21:13:19.000Z</time>
        <extensions>
          <ns3:TrackPointExtension>
            <ns3:hr>120</ns3:hr>
            <ns3:cad>90</ns3:cad>
          </ns3:TrackPointExtension>
        </extensions>
      </trkpt>
      <trkpt lat="39.143757708370685577392578125" lon="117.18940517865121364593505859375">
        <ele>3.599999904632568359375</ele>
        <time>2026-09-18T21:13:20.000Z</time>
        <extensions>
          <ns3:TrackPointExtension>
            <ns3:hr>120</ns3:hr>
            <ns3:cad>90</ns3:cad>
          </ns3:TrackPointExtension>
        </extensions>
      </trkpt>
      <trkpt lat="39.14373080246150493621826171875" lon="117.18939595855772495269775390625">
        <ele>3.599999904632568359375</ele>
        <time>2026-09-18T21:13:21.000Z</time>
        <extensions>
          <ns3:TrackPointExtension>
            <ns3:hr>120</ns3:hr>
            <ns3:cad>90</ns3:cad>
          </ns3:TrackPointExtension>
        </extensions>
      </trkpt>
      <trkpt lat="39.1437092609703540802001953125" lon="117.18939981423318386077880859375">
        <ele>3.599999904632568359375</ele>
        <time>2026-09-18T21:13:22.000Z</time>
        <extensions>
          <ns3:TrackPointExtension>
            <ns3:hr>120</ns3:hr>
            <ns3:cad>90</ns3:cad>
          </ns3:TrackPointExtension>
        </extensions>
      </trkpt>
      <trkpt lat="39.14368235506117343902587890625" lon="117.1893930248916149139404296875">
        <ele>3.599999904632568359375</ele>
        <time>2026-09-18T21:13:23.000Z</time>
        <extensions>
          <ns3:TrackPointExtension>
            <ns3:hr>119</ns3:hr>
            <ns3:cad>90</ns3:cad>
          </ns3:TrackPointExtension>
        </extensions>
      </trkpt>
      <trkpt lat="39.1436589695513248443603515625" lon="117.18939545564353466033935546875">
        <ele>3.599999904632568359375</ele>
        <time>2026-09-18T21:13:24.000Z</time>
        <extensions>
          <ns3:TrackPointExtension>
            <ns3:hr>119</ns3:hr>
            <ns3:cad>90</ns3:cad>
          </ns3:TrackPointExtension>
        </extensions>
      </trkpt>
      <trkpt lat="39.14363374002277851104736328125" lon="117.18938975594937801361083984375">
        <ele>3.599999904632568359375</ele>
        <time>2026-09-18T21:13:25.000Z</time>
        <extensions>
          <ns3:TrackPointExtension>
            <ns3:hr>119</ns3:hr>
            <ns3:cad>90</ns3:cad>
          </ns3:TrackPointExtension>
        </extensions>
      </trkpt>
      <trkpt lat="39.14360926486551761627197265625" lon="117.18939310871064662933349609375">
        <ele>3.599999904632568359375</ele>
        <time>2026-09-18T21:13:26.000Z</time>
        <extensions>
          <ns3:TrackPointExtension>
            <ns3:hr>119</ns3:hr>
            <ns3:cad>90</ns3:cad>
          </ns3:TrackPointExtension>
        </extensions>
      </trkpt>
      <trkpt lat="39.14358462207019329071044921875" lon="117.18938439153134822845458984375">
        <ele>3.599999904632568359375</ele>
        <time>2026-09-18T21:13:27.000Z</time>
        <extensions>
          <ns3:TrackPointExtension>
            <ns3:hr>119</ns3:hr>
            <ns3:cad>90</ns3:cad>
          </ns3:TrackPointExtension>
        </extensions>
      </trkpt>
      <trkpt lat="39.14355847053229808807373046875" lon="117.1893839724361896514892578125">
        <ele>3.599999904632568359375</ele>
        <time>2026-09-18T21:13:28.000Z</time>
        <extensions>
          <ns3:TrackPointExtension>
            <ns3:hr>120</ns3:hr>
            <ns3:cad>90</ns3:cad>
          </ns3:TrackPointExtension>
        </extensions>
      </trkpt>
      <trkpt lat="39.14353466592729091644287109375" lon="117.18937668018043041229248046875">
        <ele>3.599999904632568359375</ele>
        <time>2026-09-18T21:13:29.000Z</time>
        <extensions>
          <ns3:TrackPointExtension>
            <ns3:hr>119</ns3:hr>
            <ns3:cad>90</ns3:cad>
          </ns3:TrackPointExtension>
        </extensions>
      </trkpt>
      <trkpt lat="39.14351086132228374481201171875" lon="117.1893782727420330047607421875">
        <ele>3.599999904632568359375</ele>
        <time>2026-09-18T21:13:30.000Z</time>
        <extensions>
          <ns3:TrackPointExtension>
            <ns3:hr>119</ns3:hr>
            <ns3:cad>90</ns3:cad>
          </ns3:TrackPointExtension>
        </extensions>
      </trkpt>
      <trkpt lat="39.14348672144114971160888671875" lon="117.1893692202866077423095703125">
        <ele>3.599999904632568359375</ele>
        <time>2026-09-18T21:13:31.000Z</time>
        <extensions>
          <ns3:TrackPointExtension>
            <ns3:hr>119</ns3:hr>
            <ns3:cad>90</ns3:cad>
          </ns3:TrackPointExtension>
        </extensions>
      </trkpt>
      <trkpt lat="39.14346291683614253997802734375" lon="117.189367711544036865234375">
        <ele>3.599999904632568359375</ele>
        <time>2026-09-18T21:13:32.000Z</time>
        <extensions>
          <ns3:TrackPointExtension>
            <ns3:hr>119</ns3:hr>
            <ns3:cad>90</ns3:cad>
          </ns3:TrackPointExtension>
        </extensions>
      </trkpt>
      <trkpt lat="39.1434370167553424835205078125" lon="117.18936259858310222625732421875">
        <ele>3.7999999523162841796875</ele>
        <time>2026-09-18T21:13:33.000Z</time>
        <extensions>
          <ns3:TrackPointExtension>
            <ns3:hr>120</ns3:hr>
            <ns3:cad>90</ns3:cad>
          </ns3:TrackPointExtension>
        </extensions>
      </trkpt>
      <trkpt lat="39.14341145195066928863525390625" lon="117.189360670745372772216796875">
        <ele>3.7999999523162841796875</ele>
        <time>2026-09-18T21:13:34.000Z</time>
        <extensions>
          <ns3:TrackPointExtension>
            <ns3:hr>119</ns3:hr>
            <ns3:cad>90</ns3:cad>
          </ns3:TrackPointExtension>
        </extensions>
      </trkpt>
      <trkpt lat="39.143389575183391571044921875" lon="117.18934960663318634033203125">
        <ele>3.7999999523162841796875</ele>
        <time>2026-09-18T21:13:35.000Z</time>
        <extensions>
          <ns3:TrackPointExtension>
            <ns3:hr>119</ns3:hr>
            <ns3:cad>90</ns3:cad>
          </ns3:TrackPointExtension>
        </extensions>
      </trkpt>
      <trkpt lat="39.143361747264862060546875" lon="117.18934432603418827056884765625">
        <ele>3.599999904632568359375</ele>
        <time>2026-09-18T21:13:36.000Z</time>
        <extensions>
          <ns3:TrackPointExtension>
            <ns3:hr>119</ns3:hr>
            <ns3:cad>90</ns3:cad>
          </ns3:TrackPointExtension>
        </extensions>
      </trkpt>
      <trkpt lat="39.143337272107601165771484375" lon="117.18933351337909698486328125">
        <ele>3.599999904632568359375</ele>
        <time>2026-09-18T21:13:37.000Z</time>
        <extensions>
          <ns3:TrackPointExtension>
            <ns3:hr>119</ns3:hr>
            <ns3:cad>90</ns3:cad>
          </ns3:TrackPointExtension>
        </extensions>
      </trkpt>
      <trkpt lat="39.14331187494099140167236328125" lon="117.1893333457410335540771484375">
        <ele>3.599999904632568359375</ele>
        <time>2026-09-18T21:13:38.000Z</time>
        <extensions>
          <ns3:TrackPointExtension>
            <ns3:hr>120</ns3:hr>
            <ns3:cad>90</ns3:cad>
          </ns3:TrackPointExtension>
        </extensions>
      </trkpt>
      <trkpt lat="39.14328706450760364532470703125" lon="117.18933007679879665374755859375">
        <ele>3.599999904632568359375</ele>
        <time>2026-09-18T21:13:39.000Z</time>
        <extensions>
          <ns3:TrackPointExtension>
            <ns3:hr>119</ns3:hr>
            <ns3:cad>90</ns3:cad>
          </ns3:TrackPointExtension>
        </extensions>
      </trkpt>
      <trkpt lat="39.1432603262364864349365234375" lon="117.18933275900781154632568359375">
        <ele>3.400000095367431640625</ele>
        <time>2026-09-18T21:13:40.000Z</time>
        <extensions>
          <ns3:TrackPointExtension>
            <ns3:hr>119</ns3:hr>
            <ns3:cad>90</ns3:cad>
          </ns3:TrackPointExtension>
        </extensions>
      </trkpt>
      <trkpt lat="39.143238030374050140380859375" lon="117.18932923860847949981689453125">
        <ele>3.599999904632568359375</ele>
        <time>2026-09-18T21:13:41.000Z</time>
        <extensions>
          <ns3:TrackPointExtension>
            <ns3:hr>120</ns3:hr>
            <ns3:cad>90</ns3:cad>
          </ns3:TrackPointExtension>
        </extensions>
      </trkpt>
      <trkpt lat="39.14321221411228179931640625" lon="117.18933083117008209228515625">
        <ele>3.599999904632568359375</ele>
        <time>2026-09-18T21:13:42.000Z</time>
        <extensions>
          <ns3:TrackPointExtension>
            <ns3:hr>119</ns3:hr>
            <ns3:cad>90</ns3:cad>
          </ns3:TrackPointExtension>
        </extensions>
      </trkpt>
      <trkpt lat="39.143189080059528350830078125" lon="117.18932278454303741455078125">
        <ele>3.599999904632568359375</ele>
        <time>2026-09-18T21:13:43.000Z</time>
        <extensions>
          <ns3:TrackPointExtension>
            <ns3:hr>119</ns3:hr>
            <ns3:cad>90</ns3:cad>
          </ns3:TrackPointExtension>
        </extensions>
      </trkpt>
      <trkpt lat="39.1431647725403308868408203125" lon="117.189322449266910552978515625">
        <ele>3.599999904632568359375</ele>
        <time>2026-09-18T21:13:44.000Z</time>
        <extensions>
          <ns3:TrackPointExtension>
            <ns3:hr>120</ns3:hr>
            <ns3:cad>88</ns3:cad>
          </ns3:TrackPointExtension>
        </extensions>
      </trkpt>
      <trkpt lat="39.14313870482146739959716796875" lon="117.18931431882083415985107421875">
        <ele>3.7999999523162841796875</ele>
        <time>2026-09-18T21:13:45.000Z</time>
        <extensions>
          <ns3:TrackPointExtension>
            <ns3:hr>119</ns3:hr>
            <ns3:cad>88</ns3:cad>
          </ns3:TrackPointExtension>
        </extensions>
      </trkpt>
      <trkpt lat="39.143114648759365081787109375" lon="117.18931607902050018310546875">
        <ele>3.7999999523162841796875</ele>
        <time>2026-09-18T21:13:46.000Z</time>
        <extensions>
          <ns3:TrackPointExtension>
            <ns3:hr>119</ns3:hr>
            <ns3:cad>88</ns3:cad>
          </ns3:TrackPointExtension>
        </extensions>
      </trkpt>
      <trkpt lat="39.14308858104050159454345703125" lon="117.18931046314537525177001953125">
        <ele>3.7999999523162841796875</ele>
        <time>2026-09-18T21:13:47.000Z</time>
        <extensions>
          <ns3:TrackPointExtension>
            <ns3:hr>120</ns3:hr>
            <ns3:cad>89</ns3:cad>
          </ns3:TrackPointExtension>
        </extensions>
      </trkpt>
      <trkpt lat="39.14306310005486011505126953125" lon="117.18931197188794612884521484375">
        <ele>3.599999904632568359375</ele>
        <time>2026-09-18T21:13:48.000Z</time>
        <extensions>
          <ns3:TrackPointExtension>
            <ns3:hr>120</ns3:hr>
            <ns3:cad>89</ns3:cad>
          </ns3:TrackPointExtension>
        </extensions>
      </trkpt>
      <trkpt lat="39.1430363617837429046630859375" lon="117.189305014908313751220703125">
        <ele>3.599999904632568359375</ele>
        <time>2026-09-18T21:13:49.000Z</time>
        <extensions>
          <ns3:TrackPointExtension>
            <ns3:hr>120</ns3:hr>
            <ns3:cad>89</ns3:cad>
          </ns3:TrackPointExtension>
        </extensions>
      </trkpt>
      <trkpt lat="39.1430092044174671173095703125" lon="117.189304344356060028076171875">
        <ele>3.599999904632568359375</ele>
        <time>2026-09-18T21:13:50.000Z</time>
        <extensions>
          <ns3:TrackPointExtension>
            <ns3:hr>120</ns3:hr>
            <ns3:cad>90</ns3:cad>
          </ns3:TrackPointExtension>
        </extensions>
      </trkpt>
      <trkpt lat="39.1429833881556987762451171875" lon="117.18929688446223735809326171875">
        <ele>3.599999904632568359375</ele>
        <time>2026-09-18T21:13:51.000Z</time>
        <extensions>
          <ns3:TrackPointExtension>
            <ns3:hr>119</ns3:hr>
            <ns3:cad>90</ns3:cad>
          </ns3:TrackPointExtension>
        </extensions>
      </trkpt>
      <trkpt lat="39.14295262657105922698974609375" lon="117.1892957948148250579833984375">
        <ele>3.599999904632568359375</ele>
        <time>2026-09-18T21:13:52.000Z</time>
        <extensions>
          <ns3:TrackPointExtension>
            <ns3:hr>119</ns3:hr>
            <ns3:cad>90</ns3:cad>
          </ns3:TrackPointExtension>
        </extensions>
      </trkpt>
      <trkpt lat="39.14292831905186176300048828125" lon="117.1892885863780975341796875">
        <ele>3.599999904632568359375</ele>
        <time>2026-09-18T21:13:53.000Z</time>
        <extensions>
          <ns3:TrackPointExtension>
            <ns3:hr>119</ns3:hr>
            <ns3:cad>90</ns3:cad>
          </ns3:TrackPointExtension>
        </extensions>
      </trkpt>
      <trkpt lat="39.14290183223783969879150390625" lon="117.18928799964487552642822265625">
        <ele>3.599999904632568359375</ele>
        <time>2026-09-18T21:13:54.000Z</time>
        <extensions>
          <ns3:TrackPointExtension>
            <ns3:hr>120</ns3:hr>
            <ns3:cad>90</ns3:cad>
          </ns3:TrackPointExtension>
        </extensions>
      </trkpt>
      <trkpt lat="39.14287635125219821929931640625" lon="117.18928615562617778778076171875">
        <ele>3.7999999523162841796875</ele>
        <time>2026-09-18T21:13:55.000Z</time>
        <extensions>
          <ns3:TrackPointExtension>
            <ns3:hr>119</ns3:hr>
            <ns3:cad>90</ns3:cad>
          </ns3:TrackPointExtension>
        </extensions>
      </trkpt>
      <trkpt lat="39.14284617640078067779541015625" lon="117.18928682617843151092529296875">
        <ele>3.599999904632568359375</ele>
        <time>2026-09-18T21:13:56.000Z</time>
        <extensions>
          <ns3:TrackPointExtension>
            <ns3:hr>119</ns3:hr>
            <ns3:cad>90</ns3:cad>
          </ns3:TrackPointExtension>
        </extensions>
      </trkpt>
      <trkpt lat="39.14282052777707576751708984375" lon="117.189280875027179718017578125">
        <ele>3.7999999523162841796875</ele>
        <time>2026-09-18T21:13:57.000Z</time>
        <extensions>
          <ns3:TrackPointExtension>
            <ns3:hr>119</ns3:hr>
            <ns3:cad>90</ns3:cad>
          </ns3:TrackPointExtension>
        </extensions>
      </trkpt>
      <trkpt lat="39.14279119111597537994384765625" lon="117.18928062357008457183837890625">
        <ele>3.599999904632568359375</ele>
        <time>2026-09-18T21:13:58.000Z</time>
        <extensions>
          <ns3:TrackPointExtension>
            <ns3:hr>119</ns3:hr>
            <ns3:cad>90</ns3:cad>
          </ns3:TrackPointExtension>
        </extensions>
      </trkpt>
      <trkpt lat="39.14276403374969959259033203125" lon="117.18927492387592792510986328125">
        <ele>3.7999999523162841796875</ele>
        <time>2026-09-18T21:13:59.000Z</time>
        <extensions>
          <ns3:TrackPointExtension>
            <ns3:hr>119</ns3:hr>
            <ns3:cad>90</ns3:cad>
          </ns3:TrackPointExtension>
        </extensions>
      </trkpt>
      <trkpt lat="39.1427312605082988739013671875" lon="117.18927425332367420196533203125">
        <ele>3.7999999523162841796875</ele>
        <time>2026-09-18T21:14:00.000Z</time>
        <extensions>
          <ns3:TrackPointExtension>
            <ns3:hr>120</ns3:hr>
            <ns3:cad>90</ns3:cad>
          </ns3:TrackPointExtension>
        </extensions>
      </trkpt>
      <trkpt lat="39.14270385168492794036865234375" lon="117.18926855362951755523681640625">
        <ele>3.7999999523162841796875</ele>
        <time>2026-09-18T21:14:01.000Z</time>
        <extensions>
          <ns3:TrackPointExtension>
            <ns3:hr>119</ns3:hr>
            <ns3:cad>90</ns3:cad>
          </ns3:TrackPointExtension>
        </extensions>
      </trkpt>
      <trkpt lat="39.14268088527023792266845703125" lon="117.189272157847881317138671875">
        <ele>3.599999904632568359375</ele>
        <time>2026-09-18T21:14:02.000Z</time>
        <extensions>
          <ns3:TrackPointExtension>
            <ns3:hr>119</ns3:hr>
            <ns3:cad>90</ns3:cad>
          </ns3:TrackPointExtension>
        </extensions>
      </trkpt>
      <trkpt lat="39.14265641011297702789306640625" lon="117.18927023001015186309814453125">
        <ele>3.599999904632568359375</ele>
        <time>2026-09-18T21:14:03.000Z</time>
        <extensions>
          <ns3:TrackPointExtension>
            <ns3:hr>119</ns3:hr>
            <ns3:cad>90</ns3:cad>
          </ns3:TrackPointExtension>
        </extensions>
      </trkpt>
      <trkpt lat="39.1426286660134792327880859375" lon="117.18926922418177127838134765625">
        <ele>3.599999904632568359375</ele>
        <time>2026-09-18T21:14:04.000Z</time>
        <extensions>
          <ns3:TrackPointExtension>
            <ns3:hr>119</ns3:hr>
            <ns3:cad>90</ns3:cad>
          </ns3:TrackPointExtension>
        </extensions>
      </trkpt>
      <trkpt lat="39.14260829798877239227294921875" lon="117.1892636083066463470458984375">
        <ele>3.599999904632568359375</ele>
        <time>2026-09-18T21:14:05.000Z</time>
        <extensions>
          <ns3:TrackPointExtension>
            <ns3:hr>119</ns3:hr>
            <ns3:cad>89</ns3:cad>
          </ns3:TrackPointExtension>
        </extensions>
      </trkpt>
      <trkpt lat="39.1425850801169872283935546875" lon="117.18925975263118743896484375">
        <ele>3.599999904632568359375</ele>
        <time>2026-09-18T21:14:06.000Z</time>
        <extensions>
          <ns3:TrackPointExtension>
            <ns3:hr>119</ns3:hr>
            <ns3:cad>89</ns3:cad>
          </ns3:TrackPointExtension>
        </extensions>
      </trkpt>
      <trkpt lat="39.1425612755119800567626953125" lon="117.18924860469996929168701171875">
        <ele>3.599999904632568359375</ele>
        <time>2026-09-18T21:14:07.000Z</time>
        <extensions>
          <ns3:TrackPointExtension>
            <ns3:hr>119</ns3:hr>
            <ns3:cad>89</ns3:cad>
          </ns3:TrackPointExtension>
        </extensions>
      </trkpt>
      <trkpt lat="39.14253495633602142333984375" lon="117.1892418153584003448486328125">
        <ele>3.599999904632568359375</ele>
        <time>2026-09-18T21:14:08.000Z</time>
        <extensions>
          <ns3:TrackPointExtension>
            <ns3:hr>119</ns3:hr>
            <ns3:cad>89</ns3:cad>
          </ns3:TrackPointExtension>
        </extensions>
      </trkpt>
      <trkpt lat="39.1425143368542194366455078125" lon="117.18923603184521198272705078125">
        <ele>3.7999999523162841796875</ele>
        <time>2026-09-18T21:14:09.000Z</time>
        <extensions>
          <ns3:TrackPointExtension>
            <ns3:hr>119</ns3:hr>
            <ns3:cad>89</ns3:cad>
          </ns3:TrackPointExtension>
        </extensions>
      </trkpt>
      <trkpt lat="39.1424861736595630645751953125" lon="117.18923368491232395172119140625">
        <ele>3.599999904632568359375</ele>
        <time>2026-09-18T21:14:10.000Z</time>
        <extensions>
          <ns3:TrackPointExtension>
            <ns3:hr>119</ns3:hr>
            <ns3:cad>89</ns3:cad>
          </ns3:TrackPointExtension>
        </extensions>
      </trkpt>
      <trkpt lat="39.1424660570919513702392578125" lon="117.18923293054103851318359375">
        <ele>3.599999904632568359375</ele>
        <time>2026-09-18T21:14:11.000Z</time>
        <extensions>
          <ns3:TrackPointExtension>
            <ns3:hr>119</ns3:hr>
            <ns3:cad>89</ns3:cad>
          </ns3:TrackPointExtension>
        </extensions>
      </trkpt>
      <trkpt lat="39.1424375586211681365966796875" lon="117.1892297454178333282470703125">
        <ele>3.599999904632568359375</ele>
        <time>2026-09-18T21:14:12.000Z</time>
        <extensions>
          <ns3:TrackPointExtension>
            <ns3:hr>119</ns3:hr>
            <ns3:cad>89</ns3:cad>
          </ns3:TrackPointExtension>
        </extensions>
      </trkpt>
      <trkpt lat="39.1424140892922878265380859375" lon="117.18922697938978672027587890625">
        <ele>3.599999904632568359375</ele>
        <time>2026-09-18T21:14:13.000Z</time>
        <extensions>
          <ns3:TrackPointExtension>
            <ns3:hr>119</ns3:hr>
            <ns3:cad>89</ns3:cad>
          </ns3:TrackPointExtension>
        </extensions>
      </trkpt>
      <trkpt lat="39.142381735146045684814453125" lon="117.1892233751714229583740234375">
        <ele>3.599999904632568359375</ele>
        <time>2026-09-18T21:14:14.000Z</time>
        <extensions>
          <ns3:TrackPointExtension>
            <ns3:hr>119</ns3:hr>
            <ns3:cad>90</ns3:cad>
          </ns3:TrackPointExtension>
        </extensions>
      </trkpt>
      <trkpt lat="39.142358936369419097900390625" lon="117.18921951949596405029296875">
        <ele>3.599999904632568359375</ele>
        <time>2026-09-18T21:14:15.000Z</time>
        <extensions>
          <ns3:TrackPointExtension>
            <ns3:hr>119</ns3:hr>
            <ns3:cad>90</ns3:cad>
          </ns3:TrackPointExtension>
        </extensions>
      </trkpt>
      <trkpt lat="39.1423285938799381256103515625" lon="117.18921876512467861175537109375">
        <ele>3.599999904632568359375</ele>
        <time>2026-09-18T21:14:16.000Z</time>
        <extensions>
          <ns3:TrackPointExtension>
            <ns3:hr>119</ns3:hr>
            <ns3:cad>90</ns3:cad>
          </ns3:TrackPointExtension>
        </extensions>
      </trkpt>
      <trkpt lat="39.14230654947459697723388671875" lon="117.18921423889696598052978515625">
        <ele>3.599999904632568359375</ele>
        <time>2026-09-18T21:14:17.000Z</time>
        <extensions>
          <ns3:TrackPointExtension>
            <ns3:hr>119</ns3:hr>
            <ns3:cad>90</ns3:cad>
          </ns3:TrackPointExtension>
        </extensions>
      </trkpt>
      <trkpt lat="39.14227922447025775909423828125" lon="117.1892129816114902496337890625">
        <ele>3.599999904632568359375</ele>
        <time>2026-09-18T21:14:18.000Z</time>
        <extensions>
          <ns3:TrackPointExtension>
            <ns3:hr>119</ns3:hr>
            <ns3:cad>90</ns3:cad>
          </ns3:TrackPointExtension>
        </extensions>
      </trkpt>
      <trkpt lat="39.1422575153410434722900390625" lon="117.189207114279270172119140625">
        <ele>3.599999904632568359375</ele>
        <time>2026-09-18T21:14:19.000Z</time>
        <extensions>
          <ns3:TrackPointExtension>
            <ns3:hr>119</ns3:hr>
            <ns3:cad>90</ns3:cad>
          </ns3:TrackPointExtension>
        </extensions>
      </trkpt>
      <trkpt lat="39.1422316990792751312255859375" lon="117.18920342624187469482421875">
        <ele>3.599999904632568359375</ele>
        <time>2026-09-18T21:14:20.000Z</time>
        <extensions>
          <ns3:TrackPointExtension>
            <ns3:hr>119</ns3:hr>
            <ns3:cad>90</ns3:cad>
          </ns3:TrackPointExtension>
        </extensions>
      </trkpt>
      <trkpt lat="39.1422102414071559906005859375" lon="117.18920032493770122528076171875">
        <ele>3.599999904632568359375</ele>
        <time>2026-09-18T21:14:21.000Z</time>
        <extensions>
          <ns3:TrackPointExtension>
            <ns3:hr>118</ns3:hr>
            <ns3:cad>90</ns3:cad>
          </ns3:TrackPointExtension>
        </extensions>
      </trkpt>
      <trkpt lat="39.14218417368829250335693359375" lon="117.1891989000141620635986328125">
        <ele>3.599999904632568359375</ele>
        <time>2026-09-18T21:14:22.000Z</time>
        <extensions>
          <ns3:TrackPointExtension>
            <ns3:hr>118</ns3:hr>
            <ns3:cad>90</ns3:cad>
          </ns3:TrackPointExtension>
        </extensions>
      </trkpt>
      <trkpt lat="39.14216372184455394744873046875" lon="117.18919445760548114776611328125">
        <ele>3.599999904632568359375</ele>
        <time>2026-09-18T21:14:23.000Z</time>
        <extensions>
          <ns3:TrackPointExtension>
            <ns3:hr>118</ns3:hr>
            <ns3:cad>90</ns3:cad>
          </ns3:TrackPointExtension>
        </extensions>
      </trkpt>
      <trkpt lat="39.1421368159353733062744140625" lon="117.1891898475587368011474609375">
        <ele>3.599999904632568359375</ele>
        <time>2026-09-18T21:14:24.000Z</time>
        <extensions>
          <ns3:TrackPointExtension>
            <ns3:hr>119</ns3:hr>
            <ns3:cad>90</ns3:cad>
          </ns3:TrackPointExtension>
        </extensions>
      </trkpt>
      <trkpt lat="39.14211787283420562744140625" lon="117.18918691389262676239013671875">
        <ele>3.599999904632568359375</ele>
        <time>2026-09-18T21:14:25.000Z</time>
        <extensions>
          <ns3:TrackPointExtension>
            <ns3:hr>118</ns3:hr>
            <ns3:cad>90</ns3:cad>
          </ns3:TrackPointExtension>
        </extensions>
      </trkpt>
      <trkpt lat="39.14208979345858097076416015625" lon="117.1891861595213413238525390625">
        <ele>3.599999904632568359375</ele>
        <time>2026-09-18T21:14:26.000Z</time>
        <extensions>
          <ns3:TrackPointExtension>
            <ns3:hr>118</ns3:hr>
            <ns3:cad>90</ns3:cad>
          </ns3:TrackPointExtension>
        </extensions>
      </trkpt>
      <trkpt lat="39.142065905034542083740234375" lon="117.18918758444488048553466796875">
        <ele>3.599999904632568359375</ele>
        <time>2026-09-18T21:14:27.000Z</time>
        <extensions>
          <ns3:TrackPointExtension>
            <ns3:hr>118</ns3:hr>
            <ns3:cad>90</ns3:cad>
          </ns3:TrackPointExtension>
        </extensions>
      </trkpt>
      <trkpt lat="39.1420389153063297271728515625" lon="117.18918607570230960845947265625">
        <ele>3.599999904632568359375</ele>
        <time>2026-09-18T21:14:28.000Z</time>
        <extensions>
          <ns3:TrackPointExtension>
            <ns3:hr>118</ns3:hr>
            <ns3:cad>90</ns3:cad>
          </ns3:TrackPointExtension>
        </extensions>
      </trkpt>
      <trkpt lat="39.14201469160616397857666015625" lon="117.189185321331024169921875">
        <ele>3.599999904632568359375</ele>
        <time>2026-09-18T21:14:29.000Z</time>
        <extensions>
          <ns3:TrackPointExtension>
            <ns3:hr>118</ns3:hr>
            <ns3:cad>90</ns3:cad>
          </ns3:TrackPointExtension>
        </extensions>
      </trkpt>
      <trkpt lat="39.141986779868602752685546875" lon="117.1891814656555652618408203125">
        <ele>3.599999904632568359375</ele>
        <time>2026-09-18T21:14:30.000Z</time>
        <extensions>
          <ns3:TrackPointExtension>
            <ns3:hr>118</ns3:hr>
            <ns3:cad>90</ns3:cad>
          </ns3:TrackPointExtension>
        </extensions>
      </trkpt>
      <trkpt lat="39.141963310539722442626953125" lon="117.18918071128427982330322265625">
        <ele>3.599999904632568359375</ele>
        <time>2026-09-18T21:14:31.000Z</time>
        <extensions>
          <ns3:TrackPointExtension>
            <ns3:hr>118</ns3:hr>
            <ns3:cad>90</ns3:cad>
          </ns3:TrackPointExtension>
        </extensions>
      </trkpt>
      <trkpt lat="39.14193221367895603179931640625" lon="117.18917953781783580780029296875">
        <ele>3.599999904632568359375</ele>
        <time>2026-09-18T21:14:32.000Z</time>
        <extensions>
          <ns3:TrackPointExtension>
            <ns3:hr>119</ns3:hr>
            <ns3:cad>90</ns3:cad>
          </ns3:TrackPointExtension>
        </extensions>
      </trkpt>
      <trkpt lat="39.141906984150409698486328125" lon="117.18917937017977237701416015625">
        <ele>3.599999904632568359375</ele>
        <time>2026-09-18T21:14:33.000Z</time>
        <extensions>
          <ns3:TrackPointExtension>
            <ns3:hr>118</ns3:hr>
            <ns3:cad>92</ns3:cad>
          </ns3:TrackPointExtension>
        </extensions>
      </trkpt>
      <trkpt lat="39.1418729536235332489013671875" lon="117.1891720779240131378173828125">
        <ele>3.599999904632568359375</ele>
        <time>2026-09-18T21:14:34.000Z</time>
        <extensions>
          <ns3:TrackPointExtension>
            <ns3:hr>118</ns3:hr>
            <ns3:cad>92</ns3:cad>
          </ns3:TrackPointExtension>
        </extensions>
      </trkpt>
      <trkpt lat="39.1418511606752872467041015625" lon="117.189168892800807952880859375">
        <ele>3.599999904632568359375</ele>
        <time>2026-09-18T21:14:35.000Z</time>
        <extensions>
          <ns3:TrackPointExtension>
            <ns3:hr>119</ns3:hr>
            <ns3:cad>92</ns3:cad>
          </ns3:TrackPointExtension>
        </extensions>
      </trkpt>
      <trkpt lat="39.141822159290313720703125" lon="117.189160175621509552001953125">
        <ele>3.599999904632568359375</ele>
        <time>2026-09-18T21:14:36.000Z</time>
        <extensions>
          <ns3:TrackPointExtension>
            <ns3:hr>118</ns3:hr>
            <ns3:cad>91</ns3:cad>
          </ns3:TrackPointExtension>
        </extensions>
      </trkpt>
      <trkpt lat="39.141803048551082611083984375" lon="117.189160175621509552001953125">
        <ele>3.599999904632568359375</ele>
        <time>2026-09-18T21:14:37.000Z</time>
        <extensions>
          <ns3:TrackPointExtension>
            <ns3:hr>118</ns3:hr>
            <ns3:cad>90</ns3:cad>
          </ns3:TrackPointExtension>
        </extensions>
      </trkpt>
      <trkpt lat="39.14177010767161846160888671875" lon="117.1891491115093231201171875">
        <ele>3.599999904632568359375</ele>
        <time>2026-09-18T21:14:38.000Z</time>
        <extensions>
          <ns3:TrackPointExtension>
            <ns3:hr>119</ns3:hr>
            <ns3:cad>90</ns3:cad>
          </ns3:TrackPointExtension>
        </extensions>
      </trkpt>
      <trkpt lat="39.1417502425611019134521484375" lon="117.189150787889957427978515625">
        <ele>3.400000095367431640625</ele>
        <time>2026-09-18T21:14:39.000Z</time>
        <extensions>
          <ns3:TrackPointExtension>
            <ns3:hr>118</ns3:hr>
            <ns3:cad>90</ns3:cad>
          </ns3:TrackPointExtension>
        </extensions>
      </trkpt>
      <trkpt lat="39.14171813987195491790771484375" lon="117.1891439147293567657470703125">
        <ele>3.400000095367431640625</ele>
        <time>2026-09-18T21:14:40.000Z</time>
        <extensions>
          <ns3:TrackPointExtension>
            <ns3:hr>118</ns3:hr>
            <ns3:cad>89</ns3:cad>
          </ns3:TrackPointExtension>
        </extensions>
      </trkpt>
      <trkpt lat="39.141697101294994354248046875" lon="117.18914634548127651214599609375">
        <ele>3.400000095367431640625</ele>
        <time>2026-09-18T21:14:41.000Z</time>
        <extensions>
          <ns3:TrackPointExtension>
            <ns3:hr>119</ns3:hr>
            <ns3:cad>89</ns3:cad>
          </ns3:TrackPointExtension>
        </extensions>
      </trkpt>
      <trkpt lat="39.1416691057384014129638671875" lon="117.189138047397136688232421875">
        <ele>3.400000095367431640625</ele>
        <time>2026-09-18T21:14:42.000Z</time>
        <extensions>
          <ns3:TrackPointExtension>
            <ns3:hr>119</ns3:hr>
            <ns3:cad>89</ns3:cad>
          </ns3:TrackPointExtension>
        </extensions>
      </trkpt>
      <trkpt lat="39.14164756424725055694580078125" lon="117.18914148397743701934814453125">
        <ele>3.599999904632568359375</ele>
        <time>2026-09-18T21:14:43.000Z</time>
        <extensions>
          <ns3:TrackPointExtension>
            <ns3:hr>119</ns3:hr>
            <ns3:cad>89</ns3:cad>
          </ns3:TrackPointExtension>
        </extensions>
      </trkpt>
      <trkpt lat="39.14161805994808673858642578125" lon="117.18914114870131015777587890625">
        <ele>3.599999904632568359375</ele>
        <time>2026-09-18T21:14:44.000Z</time>
        <extensions>
          <ns3:TrackPointExtension>
            <ns3:hr>119</ns3:hr>
            <ns3:cad>89</ns3:cad>
          </ns3:TrackPointExtension>
        </extensions>
      </trkpt>
      <trkpt lat="39.1415960155427455902099609375" lon="117.18914332799613475799560546875">
        <ele>3.599999904632568359375</ele>
        <time>2026-09-18T21:14:45.000Z</time>
        <extensions>
          <ns3:TrackPointExtension>
            <ns3:hr>119</ns3:hr>
            <ns3:cad>89</ns3:cad>
          </ns3:TrackPointExtension>
        </extensions>
      </trkpt>
      <trkpt lat="39.1415686905384063720703125" lon="117.18913326971232891082763671875">
        <ele>3.599999904632568359375</ele>
        <time>2026-09-18T21:14:46.000Z</time>
        <extensions>
          <ns3:TrackPointExtension>
            <ns3:hr>119</ns3:hr>
            <ns3:cad>89</ns3:cad>
          </ns3:TrackPointExtension>
        </extensions>
      </trkpt>
      <trkpt lat="39.1415450535714626312255859375" lon="117.1891355328261852264404296875">
        <ele>3.599999904632568359375</ele>
        <time>2026-09-18T21:14:47.000Z</time>
        <extensions>
          <ns3:TrackPointExtension>
            <ns3:hr>119</ns3:hr>
            <ns3:cad>89</ns3:cad>
          </ns3:TrackPointExtension>
        </extensions>
      </trkpt>
      <trkpt lat="39.14151228033006191253662109375" lon="117.1891278214752674102783203125">
        <ele>3.599999904632568359375</ele>
        <time>2026-09-18T21:14:48.000Z</time>
        <extensions>
          <ns3:TrackPointExtension>
            <ns3:hr>119</ns3:hr>
            <ns3:cad>89</ns3:cad>
          </ns3:TrackPointExtension>
        </extensions>
      </trkpt>
      <trkpt lat="39.14148931391537189483642578125" lon="117.18913259916007518768310546875">
        <ele>3.599999904632568359375</ele>
        <time>2026-09-18T21:14:49.000Z</time>
        <extensions>
          <ns3:TrackPointExtension>
            <ns3:hr>119</ns3:hr>
            <ns3:cad>90</ns3:cad>
          </ns3:TrackPointExtension>
        </extensions>
      </trkpt>
      <trkpt lat="39.14145410992205142974853515625" lon="117.18912564218044281005859375">
        <ele>3.599999904632568359375</ele>
        <time>2026-09-18T21:14:50.000Z</time>
        <extensions>
          <ns3:TrackPointExtension>
            <ns3:hr>119</ns3:hr>
            <ns3:cad>90</ns3:cad>
          </ns3:TrackPointExtension>
        </extensions>
      </trkpt>
      <trkpt lat="39.1414318978786468505859375" lon="117.18912572599947452545166015625">
        <ele>3.599999904632568359375</ele>
        <time>2026-09-18T21:14:51.000Z</time>
        <extensions>
          <ns3:TrackPointExtension>
            <ns3:hr>119</ns3:hr>
            <ns3:cad>90</ns3:cad>
          </ns3:TrackPointExtension>
        </extensions>
      </trkpt>
      <trkpt lat="39.1414008848369121551513671875" lon="117.189123965799808502197265625">
        <ele>3.599999904632568359375</ele>
        <time>2026-09-18T21:14:52.000Z</time>
        <extensions>
          <ns3:TrackPointExtension>
            <ns3:hr>119</ns3:hr>
            <ns3:cad>90</ns3:cad>
          </ns3:TrackPointExtension>
        </extensions>
      </trkpt>
      <trkpt lat="39.14137884043157100677490234375" lon="117.18912790529429912567138671875">
        <ele>3.400000095367431640625</ele>
        <time>2026-09-18T21:14:53.000Z</time>
        <extensions>
          <ns3:TrackPointExtension>
            <ns3:hr>119</ns3:hr>
            <ns3:cad>90</ns3:cad>
          </ns3:TrackPointExtension>
        </extensions>
      </trkpt>
      <trkpt lat="39.1413514316082000732421875" lon="117.1891187690198421478271484375">
        <ele>3.400000095367431640625</ele>
        <time>2026-09-18T21:14:54.000Z</time>
        <extensions>
          <ns3:TrackPointExtension>
            <ns3:hr>119</ns3:hr>
            <ns3:cad>90</ns3:cad>
          </ns3:TrackPointExtension>
        </extensions>
      </trkpt>
      <trkpt lat="39.14132737554609775543212890625" lon="117.18911784701049327850341796875">
        <ele>3.400000095367431640625</ele>
        <time>2026-09-18T21:14:55.000Z</time>
        <extensions>
          <ns3:TrackPointExtension>
            <ns3:hr>119</ns3:hr>
            <ns3:cad>90</ns3:cad>
          </ns3:TrackPointExtension>
        </extensions>
      </trkpt>
      <trkpt lat="39.1413033194839954376220703125" lon="117.18910820782184600830078125">
        <ele>3.400000095367431640625</ele>
        <time>2026-09-18T21:14:56.000Z</time>
        <extensions>
          <ns3:TrackPointExtension>
            <ns3:hr>120</ns3:hr>
            <ns3:cad>90</ns3:cad>
          </ns3:TrackPointExtension>
        </extensions>
      </trkpt>
      <trkpt lat="39.14128010161221027374267578125" lon="117.18910879455506801605224609375">
        <ele>3.400000095367431640625</ele>
        <time>2026-09-18T21:14:57.000Z</time>
        <extensions>
          <ns3:TrackPointExtension>
            <ns3:hr>120</ns3:hr>
            <ns3:cad>90</ns3:cad>
          </ns3:TrackPointExtension>
        </extensions>
      </trkpt>
      <trkpt lat="39.1412513516843318939208984375" lon="117.1891008317470550537109375">
        <ele>3.400000095367431640625</ele>
        <time>2026-09-18T21:14:58.000Z</time>
        <extensions>
          <ns3:TrackPointExtension>
            <ns3:hr>120</ns3:hr>
            <ns3:cad>91</ns3:cad>
          </ns3:TrackPointExtension>
        </extensions>
      </trkpt>
      <trkpt lat="39.14123131893575191497802734375" lon="117.18910175375640392303466796875">
        <ele>3.400000095367431640625</ele>
        <time>2026-09-18T21:14:59.000Z</time>
        <extensions>
          <ns3:TrackPointExtension>
            <ns3:hr>119</ns3:hr>
            <ns3:cad>91</ns3:cad>
          </ns3:TrackPointExtension>
        </extensions>
      </trkpt>
      <trkpt lat="39.14120131172239780426025390625" lon="117.18909454531967639923095703125">
        <ele>3.400000095367431640625</ele>
        <time>2026-09-18T21:15:00.000Z</time>
        <extensions>
          <ns3:TrackPointExtension>
            <ns3:hr>120</ns3:hr>
            <ns3:cad>91</ns3:cad>
          </ns3:TrackPointExtension>
        </extensions>
      </trkpt>
      <trkpt lat="39.1411735676229000091552734375" lon="117.18909990973770618438720703125">
        <ele>3.400000095367431640625</ele>
        <time>2026-09-18T21:15:01.000Z</time>
        <extensions>
          <ns3:TrackPointExtension>
            <ns3:hr>120</ns3:hr>
            <ns3:cad>91</ns3:cad>
          </ns3:TrackPointExtension>
        </extensions>
      </trkpt>
      <trkpt lat="39.1411494277417659759521484375" lon="117.18909337185323238372802734375">
        <ele>3.400000095367431640625</ele>
        <time>2026-09-18T21:15:02.000Z</time>
        <extensions>
          <ns3:TrackPointExtension>
            <ns3:hr>120</ns3:hr>
            <ns3:cad>91</ns3:cad>
          </ns3:TrackPointExtension>
        </extensions>
      </trkpt>
      <trkpt lat="39.14112009108066558837890625" lon="117.18909152783453464508056640625">
        <ele>3.400000095367431640625</ele>
        <time>2026-09-18T21:15:03.000Z</time>
        <extensions>
          <ns3:TrackPointExtension>
            <ns3:hr>119</ns3:hr>
            <ns3:cad>92</ns3:cad>
          </ns3:TrackPointExtension>
        </extensions>
      </trkpt>
      <trkpt lat="39.14108748547732830047607421875" lon="117.18908415175974369049072265625">
        <ele>3.400000095367431640625</ele>
        <time>2026-09-18T21:15:04.000Z</time>
        <extensions>
          <ns3:TrackPointExtension>
            <ns3:hr>120</ns3:hr>
            <ns3:cad>92</ns3:cad>
          </ns3:TrackPointExtension>
        </extensions>
      </trkpt>
      <trkpt lat="39.1410578973591327667236328125" lon="117.18908281065523624420166015625">
        <ele>3.400000095367431640625</ele>
        <time>2026-09-18T21:15:05.000Z</time>
        <extensions>
          <ns3:TrackPointExtension>
            <ns3:hr>120</ns3:hr>
            <ns3:cad>92</ns3:cad>
          </ns3:TrackPointExtension>
        </extensions>
      </trkpt>
      <trkpt lat="39.1410322487354278564453125" lon="117.18907493166625499725341796875">
        <ele>3.400000095367431640625</ele>
        <time>2026-09-18T21:15:06.000Z</time>
        <extensions>
          <ns3:TrackPointExtension>
            <ns3:hr>120</ns3:hr>
            <ns3:cad>90</ns3:cad>
          </ns3:TrackPointExtension>
        </extensions>
      </trkpt>
      <trkpt lat="39.1410042531788349151611328125" lon="117.1890738420188426971435546875">
        <ele>3.400000095367431640625</ele>
        <time>2026-09-18T21:15:07.000Z</time>
        <extensions>
          <ns3:TrackPointExtension>
            <ns3:hr>120</ns3:hr>
            <ns3:cad>90</ns3:cad>
          </ns3:TrackPointExtension>
        </extensions>
      </trkpt>
      <trkpt lat="39.140976257622241973876953125" lon="117.1890627779066562652587890625">
        <ele>3.400000095367431640625</ele>
        <time>2026-09-18T21:15:08.000Z</time>
        <extensions>
          <ns3:TrackPointExtension>
            <ns3:hr>119</ns3:hr>
            <ns3:cad>90</ns3:cad>
          </ns3:TrackPointExtension>
        </extensions>
      </trkpt>
      <trkpt lat="39.14094868116080760955810546875" lon="117.1890604309737682342529296875">
        <ele>3.400000095367431640625</ele>
        <time>2026-09-18T21:15:09.000Z</time>
        <extensions>
          <ns3:TrackPointExtension>
            <ns3:hr>120</ns3:hr>
            <ns3:cad>90</ns3:cad>
          </ns3:TrackPointExtension>
        </extensions>
      </trkpt>
      <trkpt lat="39.140921272337436676025390625" lon="117.18905213288962841033935546875">
        <ele>3.400000095367431640625</ele>
        <time>2026-09-18T21:15:10.000Z</time>
        <extensions>
          <ns3:TrackPointExtension>
            <ns3:hr>120</ns3:hr>
            <ns3:cad>90</ns3:cad>
          </ns3:TrackPointExtension>
        </extensions>
      </trkpt>
      <trkpt lat="39.1408946178853511810302734375" lon="117.18905146233737468719482421875">
        <ele>3.400000095367431640625</ele>
        <time>2026-09-18T21:15:11.000Z</time>
        <extensions>
          <ns3:TrackPointExtension>
            <ns3:hr>120</ns3:hr>
            <ns3:cad>90</ns3:cad>
          </ns3:TrackPointExtension>
        </extensions>
      </trkpt>
      <trkpt lat="39.14087106473743915557861328125" lon="117.18904073350131511688232421875">
        <ele>3.400000095367431640625</ele>
        <time>2026-09-18T21:15:12.000Z</time>
        <extensions>
          <ns3:TrackPointExtension>
            <ns3:hr>120</ns3:hr>
            <ns3:cad>90</ns3:cad>
          </ns3:TrackPointExtension>
        </extensions>
      </trkpt>
      <trkpt lat="39.1408496908843517303466796875" lon="117.18904006294906139373779296875">
        <ele>3.400000095367431640625</ele>
        <time>2026-09-18T21:15:13.000Z</time>
        <extensions>
          <ns3:TrackPointExtension>
            <ns3:hr>120</ns3:hr>
            <ns3:cad>90</ns3:cad>
          </ns3:TrackPointExtension>
        </extensions>
      </trkpt>
      <trkpt lat="39.1408257186412811279296875" lon="117.18903251923620700836181640625">
        <ele>3.400000095367431640625</ele>
        <time>2026-09-18T21:15:14.000Z</time>
        <extensions>
          <ns3:TrackPointExtension>
            <ns3:hr>119</ns3:hr>
            <ns3:cad>90</ns3:cad>
          </ns3:TrackPointExtension>
        </extensions>
      </trkpt>
      <trkpt lat="39.1408014111220836639404296875" lon="117.189030088484287261962890625">
        <ele>3.400000095367431640625</ele>
        <time>2026-09-18T21:15:15.000Z</time>
        <extensions>
          <ns3:TrackPointExtension>
            <ns3:hr>120</ns3:hr>
            <ns3:cad>90</ns3:cad>
          </ns3:TrackPointExtension>
        </extensions>
      </trkpt>
      <trkpt lat="39.14077450521290302276611328125" lon="117.18902078457176685333251953125">
        <ele>3.400000095367431640625</ele>
        <time>2026-09-18T21:15:16.000Z</time>
        <extensions>
          <ns3:TrackPointExtension>
            <ns3:hr>120</ns3:hr>
            <ns3:cad>90</ns3:cad>
          </ns3:TrackPointExtension>
        </extensions>
      </trkpt>
      <trkpt lat="39.140749610960483551025390625" lon="117.18902363441884517669677734375">
        <ele>3.400000095367431640625</ele>
        <time>2026-09-18T21:15:17.000Z</time>
        <extensions>
          <ns3:TrackPointExtension>
            <ns3:hr>120</ns3:hr>
            <ns3:cad>90</ns3:cad>
          </ns3:TrackPointExtension>
        </extensions>
      </trkpt>
      <trkpt lat="39.14072312414646148681640625" lon="117.189013995230197906494140625">
        <ele>3.400000095367431640625</ele>
        <time>2026-09-18T21:15:18.000Z</time>
        <extensions>
          <ns3:TrackPointExtension>
            <ns3:hr>120</ns3:hr>
            <ns3:cad>90</ns3:cad>
          </ns3:TrackPointExtension>
        </extensions>
      </trkpt>
      <trkpt lat="39.14069470949470996856689453125" lon="117.1890134923160076141357421875">
        <ele>3.400000095367431640625</ele>
        <time>2026-09-18T21:15:19.000Z</time>
        <extensions>
          <ns3:TrackPointExtension>
            <ns3:hr>120</ns3:hr>
            <ns3:cad>89</ns3:cad>
          </ns3:TrackPointExtension>
        </extensions>
      </trkpt>
      <trkpt lat="39.14066637866199016571044921875" lon="117.18900871463119983673095703125">
        <ele>3.400000095367431640625</ele>
        <time>2026-09-18T21:15:20.000Z</time>
        <extensions>
          <ns3:TrackPointExtension>
            <ns3:hr>120</ns3:hr>
            <ns3:cad>89</ns3:cad>
          </ns3:TrackPointExtension>
        </extensions>
      </trkpt>
      <trkpt lat="39.14063855074346065521240234375" lon="117.18900837935507297515869140625">
        <ele>3.400000095367431640625</ele>
        <time>2026-09-18T21:15:21.000Z</time>
        <extensions>
          <ns3:TrackPointExtension>
            <ns3:hr>120</ns3:hr>
            <ns3:cad>89</ns3:cad>
          </ns3:TrackPointExtension>
        </extensions>
      </trkpt>
      <trkpt lat="39.14061390794813632965087890625" lon="117.18900368548929691314697265625">
        <ele>3.400000095367431640625</ele>
        <time>2026-09-18T21:15:22.000Z</time>
        <extensions>
          <ns3:TrackPointExtension>
            <ns3:hr>120</ns3:hr>
            <ns3:cad>89</ns3:cad>
          </ns3:TrackPointExtension>
        </extensions>
      </trkpt>
      <trkpt lat="39.1405878402292728424072265625" lon="117.18900452367961406707763671875">
        <ele>3.400000095367431640625</ele>
        <time>2026-09-18T21:15:23.000Z</time>
        <extensions>
          <ns3:TrackPointExtension>
            <ns3:hr>120</ns3:hr>
            <ns3:cad>89</ns3:cad>
          </ns3:TrackPointExtension>
        </extensions>
      </trkpt>
      <trkpt lat="39.1405610181391239166259765625" lon="117.188995890319347381591796875">
        <ele>3.400000095367431640625</ele>
        <time>2026-09-18T21:15:24.000Z</time>
        <extensions>
          <ns3:TrackPointExtension>
            <ns3:hr>120</ns3:hr>
            <ns3:cad>90</ns3:cad>
          </ns3:TrackPointExtension>
        </extensions>
      </trkpt>
      <trkpt lat="39.14053134620189666748046875" lon="117.18899228610098361968994140625">
        <ele>3.400000095367431640625</ele>
        <time>2026-09-18T21:15:25.000Z</time>
        <extensions>
          <ns3:TrackPointExtension>
            <ns3:hr>120</ns3:hr>
            <ns3:cad>90</ns3:cad>
          </ns3:TrackPointExtension>
        </extensions>
      </trkpt>
      <trkpt lat="39.1405063681304454803466796875" lon="117.188985832035541534423828125">
        <ele>3.400000095367431640625</ele>
        <time>2026-09-18T21:15:26.000Z</time>
        <extensions>
          <ns3:TrackPointExtension>
            <ns3:hr>120</ns3:hr>
            <ns3:cad>89</ns3:cad>
          </ns3:TrackPointExtension>
        </extensions>
      </trkpt>
      <trkpt lat="39.1404768638312816619873046875" lon="117.1889849938452243804931640625">
        <ele>3.400000095367431640625</ele>
        <time>2026-09-18T21:15:27.000Z</time>
        <extensions>
          <ns3:TrackPointExtension>
            <ns3:hr>120</ns3:hr>
            <ns3:cad>89</ns3:cad>
          </ns3:TrackPointExtension>
        </extensions>
      </trkpt>
      <trkpt lat="39.14045213721692562103271484375" lon="117.188979797065258026123046875">
        <ele>3.400000095367431640625</ele>
        <time>2026-09-18T21:15:28.000Z</time>
        <extensions>
          <ns3:TrackPointExtension>
            <ns3:hr>121</ns3:hr>
            <ns3:cad>89</ns3:cad>
          </ns3:TrackPointExtension>
        </extensions>
      </trkpt>
      <trkpt lat="39.140429086983203887939453125" lon="117.18897946178913116455078125">
        <ele>3.400000095367431640625</ele>
        <time>2026-09-18T21:15:29.000Z</time>
        <extensions>
          <ns3:TrackPointExtension>
            <ns3:hr>120</ns3:hr>
            <ns3:cad>90</ns3:cad>
          </ns3:TrackPointExtension>
        </extensions>
      </trkpt>
      <trkpt lat="39.14040871895849704742431640625" lon="117.1889712475240230560302734375">
        <ele>3.400000095367431640625</ele>
        <time>2026-09-18T21:15:30.000Z</time>
        <extensions>
          <ns3:TrackPointExtension>
            <ns3:hr>121</ns3:hr>
            <ns3:cad>90</ns3:cad>
          </ns3:TrackPointExtension>
        </extensions>
      </trkpt>
      <trkpt lat="39.14038038812577724456787109375" lon="117.1889655478298664093017578125">
        <ele>3.400000095367431640625</ele>
        <time>2026-09-18T21:15:31.000Z</time>
        <extensions>
          <ns3:TrackPointExtension>
            <ns3:hr>121</ns3:hr>
            <ns3:cad>90</ns3:cad>
          </ns3:TrackPointExtension>
        </extensions>
      </trkpt>
      <trkpt lat="39.1403564997017383575439453125" lon="117.18895423226058483123779296875">
        <ele>3.400000095367431640625</ele>
        <time>2026-09-18T21:15:32.000Z</time>
        <extensions>
          <ns3:TrackPointExtension>
            <ns3:hr>121</ns3:hr>
            <ns3:cad>90</ns3:cad>
          </ns3:TrackPointExtension>
        </extensions>
      </trkpt>
      <trkpt lat="39.14032942615449428558349609375" lon="117.18894920311868190765380859375">
        <ele>3.400000095367431640625</ele>
        <time>2026-09-18T21:15:33.000Z</time>
        <extensions>
          <ns3:TrackPointExtension>
            <ns3:hr>120</ns3:hr>
            <ns3:cad>90</ns3:cad>
          </ns3:TrackPointExtension>
        </extensions>
      </trkpt>
      <trkpt lat="39.140299670398235321044921875" lon="117.18893948011100292205810546875">
        <ele>3.400000095367431640625</ele>
        <time>2026-09-18T21:15:34.000Z</time>
        <extensions>
          <ns3:TrackPointExtension>
            <ns3:hr>121</ns3:hr>
            <ns3:cad>90</ns3:cad>
          </ns3:TrackPointExtension>
        </extensions>
      </trkpt>
      <trkpt lat="39.1402740217745304107666015625" lon="117.18894082121551036834716796875">
        <ele>3.400000095367431640625</ele>
        <time>2026-09-18T21:15:35.000Z</time>
        <extensions>
          <ns3:TrackPointExtension>
            <ns3:hr>121</ns3:hr>
            <ns3:cad>90</ns3:cad>
          </ns3:TrackPointExtension>
        </extensions>
      </trkpt>
      <trkpt lat="39.14024795405566692352294921875" lon="117.18893813900649547576904296875">
        <ele>3.599999904632568359375</ele>
        <time>2026-09-18T21:15:36.000Z</time>
        <extensions>
          <ns3:TrackPointExtension>
            <ns3:hr>121</ns3:hr>
            <ns3:cad>90</ns3:cad>
          </ns3:TrackPointExtension>
        </extensions>
      </trkpt>
      <trkpt lat="39.1402240656316280364990234375" lon="117.188943922519683837890625">
        <ele>3.599999904632568359375</ele>
        <time>2026-09-18T21:15:37.000Z</time>
        <extensions>
          <ns3:TrackPointExtension>
            <ns3:hr>121</ns3:hr>
            <ns3:cad>89</ns3:cad>
          </ns3:TrackPointExtension>
        </extensions>
      </trkpt>
      <trkpt lat="39.14020000956952571868896484375" lon="117.1889414079487323760986328125">
        <ele>3.599999904632568359375</ele>
        <time>2026-09-18T21:15:38.000Z</time>
        <extensions>
          <ns3:TrackPointExtension>
            <ns3:hr>121</ns3:hr>
            <ns3:cad>89</ns3:cad>
          </ns3:TrackPointExtension>
        </extensions>
      </trkpt>
      <trkpt lat="39.14017369039356708526611328125" lon="117.188944928348064422607421875">
        <ele>3.599999904632568359375</ele>
        <time>2026-09-18T21:15:39.000Z</time>
        <extensions>
          <ns3:TrackPointExtension>
            <ns3:hr>121</ns3:hr>
            <ns3:cad>89</ns3:cad>
          </ns3:TrackPointExtension>
        </extensions>
      </trkpt>
      <trkpt lat="39.1401509754359722137451171875" lon="117.188942246139049530029296875">
        <ele>3.599999904632568359375</ele>
        <time>2026-09-18T21:15:40.000Z</time>
        <extensions>
          <ns3:TrackPointExtension>
            <ns3:hr>120</ns3:hr>
            <ns3:cad>90</ns3:cad>
          </ns3:TrackPointExtension>
        </extensions>
      </trkpt>
      <trkpt lat="39.14012524299323558807373046875" lon="117.1889461018145084381103515625">
        <ele>3.599999904632568359375</ele>
        <time>2026-09-18T21:15:41.000Z</time>
        <extensions>
          <ns3:TrackPointExtension>
            <ns3:hr>120</ns3:hr>
            <ns3:cad>90</ns3:cad>
          </ns3:TrackPointExtension>
        </extensions>
      </trkpt>
      <trkpt lat="39.14010110311210155487060546875" lon="117.18894132412970066070556640625">
        <ele>3.599999904632568359375</ele>
        <time>2026-09-18T21:15:42.000Z</time>
        <extensions>
          <ns3:TrackPointExtension>
            <ns3:hr>120</ns3:hr>
            <ns3:cad>90</ns3:cad>
          </ns3:TrackPointExtension>
        </extensions>
      </trkpt>
      <trkpt lat="39.1400720179080963134765625" lon="117.1889424137771129608154296875">
        <ele>3.599999904632568359375</ele>
        <time>2026-09-18T21:15:43.000Z</time>
        <extensions>
          <ns3:TrackPointExtension>
            <ns3:hr>121</ns3:hr>
            <ns3:cad>90</ns3:cad>
          </ns3:TrackPointExtension>
        </extensions>
      </trkpt>
      <trkpt lat="39.14004377089440822601318359375" lon="117.18894048593938350677490234375">
        <ele>3.599999904632568359375</ele>
        <time>2026-09-18T21:15:44.000Z</time>
        <extensions>
          <ns3:TrackPointExtension>
            <ns3:hr>120</ns3:hr>
            <ns3:cad>89</ns3:cad>
          </ns3:TrackPointExtension>
        </extensions>
      </trkpt>
      <trkpt lat="39.140018038451671600341796875" lon="117.18894585035741329193115234375">
        <ele>3.599999904632568359375</ele>
        <time>2026-09-18T21:15:45.000Z</time>
        <extensions>
          <ns3:TrackPointExtension>
            <ns3:hr>120</ns3:hr>
            <ns3:cad>89</ns3:cad>
          </ns3:TrackPointExtension>
        </extensions>
      </trkpt>
      <trkpt lat="39.13999230600893497467041015625" lon="117.188941575586795806884765625">
        <ele>3.599999904632568359375</ele>
        <time>2026-09-18T21:15:46.000Z</time>
        <extensions>
          <ns3:TrackPointExtension>
            <ns3:hr>121</ns3:hr>
            <ns3:cad>89</ns3:cad>
          </ns3:TrackPointExtension>
        </extensions>
      </trkpt>
      <trkpt lat="39.13996431045234203338623046875" lon="117.18894056975841522216796875">
        <ele>3.599999904632568359375</ele>
        <time>2026-09-18T21:15:47.000Z</time>
        <extensions>
          <ns3:TrackPointExtension>
            <ns3:hr>121</ns3:hr>
            <ns3:cad>89</ns3:cad>
          </ns3:TrackPointExtension>
        </extensions>
      </trkpt>
      <trkpt lat="39.1399404220283031463623046875" lon="117.18893260695040225982666015625">
        <ele>3.599999904632568359375</ele>
        <time>2026-09-18T21:15:48.000Z</time>
        <extensions>
          <ns3:TrackPointExtension>
            <ns3:hr>122</ns3:hr>
            <ns3:cad>89</ns3:cad>
          </ns3:TrackPointExtension>
        </extensions>
      </trkpt>
      <trkpt lat="39.1399146057665348052978515625" lon="117.1889345347881317138671875">
        <ele>3.599999904632568359375</ele>
        <time>2026-09-18T21:15:49.000Z</time>
        <extensions>
          <ns3:TrackPointExtension>
            <ns3:hr>121</ns3:hr>
            <ns3:cad>89</ns3:cad>
          </ns3:TrackPointExtension>
        </extensions>
      </trkpt>
      <trkpt lat="39.139890968799591064453125" lon="117.188931517302989959716796875">
        <ele>3.599999904632568359375</ele>
        <time>2026-09-18T21:15:50.000Z</time>
        <extensions>
          <ns3:TrackPointExtension>
            <ns3:hr>122</ns3:hr>
            <ns3:cad>89</ns3:cad>
          </ns3:TrackPointExtension>
        </extensions>
      </trkpt>
      <trkpt lat="39.13987177424132823944091796875" lon="117.18893864192068576812744140625">
        <ele>3.599999904632568359375</ele>
        <time>2026-09-18T21:15:51.000Z</time>
        <extensions>
          <ns3:TrackPointExtension>
            <ns3:hr>122</ns3:hr>
            <ns3:cad>89</ns3:cad>
          </ns3:TrackPointExtension>
        </extensions>
      </trkpt>
      <trkpt lat="39.13984562270343303680419921875" lon="117.188945598900318145751953125">
        <ele>3.599999904632568359375</ele>
        <time>2026-09-18T21:15:52.000Z</time>
        <extensions>
          <ns3:TrackPointExtension>
            <ns3:hr>122</ns3:hr>
            <ns3:cad>89</ns3:cad>
          </ns3:TrackPointExtension>
        </extensions>
      </trkpt>
      <trkpt lat="39.13982952944934368133544921875" lon="117.18897032551467418670654296875">
        <ele>3.599999904632568359375</ele>
        <time>2026-09-18T21:15:53.000Z</time>
        <extensions>
          <ns3:TrackPointExtension>
            <ns3:hr>122</ns3:hr>
            <ns3:cad>88</ns3:cad>
          </ns3:TrackPointExtension>
        </extensions>
      </trkpt>
      <trkpt lat="39.13981092162430286407470703125" lon="117.1889994107186794281005859375">
        <ele>3.7999999523162841796875</ele>
        <time>2026-09-18T21:15:54.000Z</time>
        <extensions>
          <ns3:TrackPointExtension>
            <ns3:hr>122</ns3:hr>
            <ns3:cad>88</ns3:cad>
          </ns3:TrackPointExtension>
        </extensions>
      </trkpt>
      <trkpt lat="39.13979885168373584747314453125" lon="117.18902765773236751556396484375">
        <ele>3.7999999523162841796875</ele>
        <time>2026-09-18T21:15:55.000Z</time>
        <extensions>
          <ns3:TrackPointExtension>
            <ns3:hr>123</ns3:hr>
            <ns3:cad>88</ns3:cad>
          </ns3:TrackPointExtension>
        </extensions>
      </trkpt>
      <trkpt lat="39.13977789692580699920654296875" lon="117.18905095942318439483642578125">
        <ele>3.7999999523162841796875</ele>
        <time>2026-09-18T21:15:56.000Z</time>
        <extensions>
          <ns3:TrackPointExtension>
            <ns3:hr>122</ns3:hr>
            <ns3:cad>88</ns3:cad>
          </ns3:TrackPointExtension>
        </extensions>
      </trkpt>
      <trkpt lat="39.1397556848824024200439453125" lon="117.18906437046825885772705078125">
        <ele>3.7999999523162841796875</ele>
        <time>2026-09-18T21:15:57.000Z</time>
        <extensions>
          <ns3:TrackPointExtension>
            <ns3:hr>122</ns3:hr>
            <ns3:cad>88</ns3:cad>
          </ns3:TrackPointExtension>
        </extensions>
      </trkpt>
      <trkpt lat="39.13972894661128520965576171875" lon="117.18905481509864330291748046875">
        <ele>3.7999999523162841796875</ele>
        <time>2026-09-18T21:15:58.000Z</time>
        <extensions>
          <ns3:TrackPointExtension>
            <ns3:hr>123</ns3:hr>
            <ns3:cad>88</ns3:cad>
          </ns3:TrackPointExtension>
        </extensions>
      </trkpt>
      <trkpt lat="39.13970380090177059173583984375" lon="117.1890543960034847259521484375">
        <ele>3.7999999523162841796875</ele>
        <time>2026-09-18T21:15:59.000Z</time>
        <extensions>
          <ns3:TrackPointExtension>
            <ns3:hr>122</ns3:hr>
            <ns3:cad>89</ns3:cad>
          </ns3:TrackPointExtension>
        </extensions>
      </trkpt>
      <trkpt lat="39.1396708600223064422607421875" lon="117.18905364163219928741455078125">
        <ele>3.7999999523162841796875</ele>
        <time>2026-09-18T21:16:00.000Z</time>
        <extensions>
          <ns3:TrackPointExtension>
            <ns3:hr>122</ns3:hr>
            <ns3:cad>89</ns3:cad>
          </ns3:TrackPointExtension>
        </extensions>
      </trkpt>
      <trkpt lat="39.1396490670740604400634765625" lon="117.189058922231197357177734375">
        <ele>3.7999999523162841796875</ele>
        <time>2026-09-18T21:16:01.000Z</time>
        <extensions>
          <ns3:TrackPointExtension>
            <ns3:hr>122</ns3:hr>
            <ns3:cad>89</ns3:cad>
          </ns3:TrackPointExtension>
        </extensions>
      </trkpt>
      <trkpt lat="39.139623753726482391357421875" lon="117.1890552341938018798828125">
        <ele>3.7999999523162841796875</ele>
        <time>2026-09-18T21:16:02.000Z</time>
        <extensions>
          <ns3:TrackPointExtension>
            <ns3:hr>123</ns3:hr>
            <ns3:cad>90</ns3:cad>
          </ns3:TrackPointExtension>
        </extensions>
      </trkpt>
      <trkpt lat="39.1396088339388370513916015625" lon="117.18904810957610607147216796875">
        <ele>3.7999999523162841796875</ele>
        <time>2026-09-18T21:16:03.000Z</time>
        <extensions>
          <ns3:TrackPointExtension>
            <ns3:hr>122</ns3:hr>
            <ns3:cad>88</ns3:cad>
          </ns3:TrackPointExtension>
        </extensions>
      </trkpt>
      <trkpt lat="39.13959148339927196502685546875" lon="117.18901977874338626861572265625">
        <ele>3.7999999523162841796875</ele>
        <time>2026-09-18T21:16:04.000Z</time>
        <extensions>
          <ns3:TrackPointExtension>
            <ns3:hr>122</ns3:hr>
            <ns3:cad>88</ns3:cad>
          </ns3:TrackPointExtension>
        </extensions>
      </trkpt>
      <trkpt lat="39.13958578370511531829833984375" lon="117.18898943625390529632568359375">
        <ele>3.7999999523162841796875</ele>
        <time>2026-09-18T21:16:05.000Z</time>
        <extensions>
          <ns3:TrackPointExtension>
            <ns3:hr>122</ns3:hr>
            <ns3:cad>88</ns3:cad>
          </ns3:TrackPointExtension>
        </extensions>
      </trkpt>
      <trkpt lat="39.13957740180194377899169921875" lon="117.18895356170833110809326171875">
        <ele>4</ele>
        <time>2026-09-18T21:16:06.000Z</time>
        <extensions>
          <ns3:TrackPointExtension>
            <ns3:hr>122</ns3:hr>
            <ns3:cad>88</ns3:cad>
          </ns3:TrackPointExtension>
        </extensions>
      </trkpt>
      <trkpt lat="39.139572121202945709228515625" lon="117.18892707489430904388427734375">
        <ele>4</ele>
        <time>2026-09-18T21:16:07.000Z</time>
        <extensions>
          <ns3:TrackPointExtension>
            <ns3:hr>122</ns3:hr>
            <ns3:cad>88</ns3:cad>
          </ns3:TrackPointExtension>
        </extensions>
      </trkpt>
      <trkpt lat="39.1395572014153003692626953125" lon="117.18890058808028697967529296875">
        <ele>4</ele>
        <time>2026-09-18T21:16:08.000Z</time>
        <extensions>
          <ns3:TrackPointExtension>
            <ns3:hr>122</ns3:hr>
            <ns3:cad>88</ns3:cad>
          </ns3:TrackPointExtension>
        </extensions>
      </trkpt>
      <trkpt lat="39.13954295217990875244140625" lon="117.18887108378112316131591796875">
        <ele>3.7999999523162841796875</ele>
        <time>2026-09-18T21:16:09.000Z</time>
        <extensions>
          <ns3:TrackPointExtension>
            <ns3:hr>122</ns3:hr>
            <ns3:cad>88</ns3:cad>
          </ns3:TrackPointExtension>
        </extensions>
      </trkpt>
      <trkpt lat="39.13952711038291454315185546875" lon="117.18885063193738460540771484375">
        <ele>3.7999999523162841796875</ele>
        <time>2026-09-18T21:16:10.000Z</time>
        <extensions>
          <ns3:TrackPointExtension>
            <ns3:hr>122</ns3:hr>
            <ns3:cad>88</ns3:cad>
          </ns3:TrackPointExtension>
        </extensions>
      </trkpt>
      <trkpt lat="39.13950850255787372589111328125" lon="117.18881442211568355560302734375">
        <ele>3.599999904632568359375</ele>
        <time>2026-09-18T21:16:11.000Z</time>
        <extensions>
          <ns3:TrackPointExtension>
            <ns3:hr>122</ns3:hr>
            <ns3:cad>88</ns3:cad>
          </ns3:TrackPointExtension>
        </extensions>
      </trkpt>
      <trkpt lat="39.13948754779994487762451171875" lon="117.18879832886159420013427734375">
        <ele>3.400000095367431640625</ele>
        <time>2026-09-18T21:16:12.000Z</time>
        <extensions>
          <ns3:TrackPointExtension>
            <ns3:hr>122</ns3:hr>
            <ns3:cad>88</ns3:cad>
          </ns3:TrackPointExtension>
        </extensions>
      </trkpt>
      <trkpt lat="39.13946055807173252105712890625" lon="117.1887811459600925445556640625">
        <ele>3.400000095367431640625</ele>
        <time>2026-09-18T21:16:13.000Z</time>
        <extensions>
          <ns3:TrackPointExtension>
            <ns3:hr>121</ns3:hr>
            <ns3:cad>87</ns3:cad>
          </ns3:TrackPointExtension>
        </extensions>
      </trkpt>
      <trkpt lat="39.139437340199947357177734375" lon="117.1887824870645999908447265625">
        <ele>3.400000095367431640625</ele>
        <time>2026-09-18T21:16:14.000Z</time>
        <extensions>
          <ns3:TrackPointExtension>
            <ns3:hr>121</ns3:hr>
            <ns3:cad>87</ns3:cad>
          </ns3:TrackPointExtension>
        </extensions>
      </trkpt>
      <trkpt lat="39.13940724916756153106689453125" lon="117.18878055922687053680419921875">
        <ele>3.400000095367431640625</ele>
        <time>2026-09-18T21:16:15.000Z</time>
        <extensions>
          <ns3:TrackPointExtension>
            <ns3:hr>121</ns3:hr>
            <ns3:cad>89</ns3:cad>
          </ns3:TrackPointExtension>
        </extensions>
      </trkpt>
      <trkpt lat="39.13938495330512523651123046875" lon="117.188779301941394805908203125">
        <ele>3.400000095367431640625</ele>
        <time>2026-09-18T21:16:16.000Z</time>
        <extensions>
          <ns3:TrackPointExtension>
            <ns3:hr>121</ns3:hr>
            <ns3:cad>89</ns3:cad>
          </ns3:TrackPointExtension>
        </extensions>
      </trkpt>
      <trkpt lat="39.13935963995754718780517578125" lon="117.18877770937979221343994140625">
        <ele>3.400000095367431640625</ele>
        <time>2026-09-18T21:16:17.000Z</time>
        <extensions>
          <ns3:TrackPointExtension>
            <ns3:hr>121</ns3:hr>
            <ns3:cad>89</ns3:cad>
          </ns3:TrackPointExtension>
        </extensions>
      </trkpt>
      <trkpt lat="39.139341451227664947509765625" lon="117.188774608075618743896484375">
        <ele>3.400000095367431640625</ele>
        <time>2026-09-18T21:16:18.000Z</time>
        <extensions>
          <ns3:TrackPointExtension>
            <ns3:hr>121</ns3:hr>
            <ns3:cad>89</ns3:cad>
          </ns3:TrackPointExtension>
        </extensions>
      </trkpt>
      <trkpt lat="39.13931270129978656768798828125" lon="117.18876949511468410491943359375">
        <ele>3.400000095367431640625</ele>
        <time>2026-09-18T21:16:19.000Z</time>
        <extensions>
          <ns3:TrackPointExtension>
            <ns3:hr>121</ns3:hr>
            <ns3:cad>89</ns3:cad>
          </ns3:TrackPointExtension>
        </extensions>
      </trkpt>
      <trkpt lat="39.13928939960896968841552734375" lon="117.18877167440950870513916015625">
        <ele>3.400000095367431640625</ele>
        <time>2026-09-18T21:16:20.000Z</time>
        <extensions>
          <ns3:TrackPointExtension>
            <ns3:hr>121</ns3:hr>
            <ns3:cad>89</ns3:cad>
          </ns3:TrackPointExtension>
        </extensions>
      </trkpt>
      <trkpt lat="39.139260984957218170166015625" lon="117.1887707524001598358154296875">
        <ele>3.400000095367431640625</ele>
        <time>2026-09-18T21:16:21.000Z</time>
        <extensions>
          <ns3:TrackPointExtension>
            <ns3:hr>121</ns3:hr>
            <ns3:cad>89</ns3:cad>
          </ns3:TrackPointExtension>
        </extensions>
      </trkpt>
      <trkpt lat="39.13923961110413074493408203125" lon="117.188773937523365020751953125">
        <ele>3.400000095367431640625</ele>
        <time>2026-09-18T21:16:22.000Z</time>
        <extensions>
          <ns3:TrackPointExtension>
            <ns3:hr>121</ns3:hr>
            <ns3:cad>90</ns3:cad>
          </ns3:TrackPointExtension>
        </extensions>
      </trkpt>
      <trkpt lat="39.1392135433852672576904296875" lon="117.18876756727695465087890625">
        <ele>3.400000095367431640625</ele>
        <time>2026-09-18T21:16:23.000Z</time>
        <extensions>
          <ns3:TrackPointExtension>
            <ns3:hr>121</ns3:hr>
            <ns3:cad>90</ns3:cad>
          </ns3:TrackPointExtension>
        </extensions>
      </trkpt>
      <trkpt lat="39.13918982259929180145263671875" lon="117.18876865692436695098876953125">
        <ele>3.400000095367431640625</ele>
        <time>2026-09-18T21:16:24.000Z</time>
        <extensions>
          <ns3:TrackPointExtension>
            <ns3:hr>121</ns3:hr>
            <ns3:cad>90</ns3:cad>
          </ns3:TrackPointExtension>
        </extensions>
      </trkpt>
      <trkpt lat="39.13916115649044513702392578125" lon="117.18876195140182971954345703125">
        <ele>3.2000000476837158203125</ele>
        <time>2026-09-18T21:16:25.000Z</time>
        <extensions>
          <ns3:TrackPointExtension>
            <ns3:hr>121</ns3:hr>
            <ns3:cad>90</ns3:cad>
          </ns3:TrackPointExtension>
        </extensions>
      </trkpt>
      <trkpt lat="39.13913550786674022674560546875" lon="117.1887580119073390960693359375">
        <ele>3.2000000476837158203125</ele>
        <time>2026-09-18T21:16:26.000Z</time>
        <extensions>
          <ns3:TrackPointExtension>
            <ns3:hr>121</ns3:hr>
            <ns3:cad>90</ns3:cad>
          </ns3:TrackPointExtension>
        </extensions>
      </trkpt>
      <trkpt lat="39.139111451804637908935546875" lon="117.1887523122131824493408203125">
        <ele>3.400000095367431640625</ele>
        <time>2026-09-18T21:16:27.000Z</time>
        <extensions>
          <ns3:TrackPointExtension>
            <ns3:hr>121</ns3:hr>
            <ns3:cad>90</ns3:cad>
          </ns3:TrackPointExtension>
        </extensions>
      </trkpt>
      <trkpt lat="39.13908303715288639068603515625" lon="117.18875608406960964202880859375">
        <ele>3.2000000476837158203125</ele>
        <time>2026-09-18T21:16:28.000Z</time>
        <extensions>
          <ns3:TrackPointExtension>
            <ns3:hr>121</ns3:hr>
            <ns3:cad>90</ns3:cad>
          </ns3:TrackPointExtension>
        </extensions>
      </trkpt>
      <trkpt lat="39.13905705325305461883544921875" lon="117.1887548267841339111328125">
        <ele>3.2000000476837158203125</ele>
        <time>2026-09-18T21:16:29.000Z</time>
        <extensions>
          <ns3:TrackPointExtension>
            <ns3:hr>121</ns3:hr>
            <ns3:cad>91</ns3:cad>
          </ns3:TrackPointExtension>
        </extensions>
      </trkpt>
      <trkpt lat="39.1390267945826053619384765625" lon="117.18875960446894168853759765625">
        <ele>3.2000000476837158203125</ele>
        <time>2026-09-18T21:16:30.000Z</time>
        <extensions>
          <ns3:TrackPointExtension>
            <ns3:hr>121</ns3:hr>
            <ns3:cad>91</ns3:cad>
          </ns3:TrackPointExtension>
        </extensions>
      </trkpt>
      <trkpt lat="39.138998799026012420654296875" lon="117.18875323422253131866455078125">
        <ele>3.2000000476837158203125</ele>
        <time>2026-09-18T21:16:31.000Z</time>
        <extensions>
          <ns3:TrackPointExtension>
            <ns3:hr>121</ns3:hr>
            <ns3:cad>91</ns3:cad>
          </ns3:TrackPointExtension>
        </extensions>
      </trkpt>
      <trkpt lat="39.13897122256457805633544921875" lon="117.1887539885938167572021484375">
        <ele>3</ele>
        <time>2026-09-18T21:16:32.000Z</time>
        <extensions>
          <ns3:TrackPointExtension>
            <ns3:hr>121</ns3:hr>
            <ns3:cad>91</ns3:cad>
          </ns3:TrackPointExtension>
        </extensions>
      </trkpt>
      <trkpt lat="39.138945154845714569091796875" lon="117.1887467801570892333984375">
        <ele>3.2000000476837158203125</ele>
        <time>2026-09-18T21:16:33.000Z</time>
        <extensions>
          <ns3:TrackPointExtension>
            <ns3:hr>121</ns3:hr>
            <ns3:cad>91</ns3:cad>
          </ns3:TrackPointExtension>
        </extensions>
      </trkpt>
      <trkpt lat="39.138915650546550750732421875" lon="117.18874887563288211822509765625">
        <ele>3.2000000476837158203125</ele>
        <time>2026-09-18T21:16:34.000Z</time>
        <extensions>
          <ns3:TrackPointExtension>
            <ns3:hr>121</ns3:hr>
            <ns3:cad>91</ns3:cad>
          </ns3:TrackPointExtension>
        </extensions>
      </trkpt>
      <trkpt lat="39.13888907991349697113037109375" lon="117.18874535523355007171630859375">
        <ele>3.2000000476837158203125</ele>
        <time>2026-09-18T21:16:35.000Z</time>
        <extensions>
          <ns3:TrackPointExtension>
            <ns3:hr>121</ns3:hr>
            <ns3:cad>91</ns3:cad>
          </ns3:TrackPointExtension>
        </extensions>
      </trkpt>
      <trkpt lat="39.1388628445565700531005859375" lon="117.18874476850032806396484375">
        <ele>3.2000000476837158203125</ele>
        <time>2026-09-18T21:16:36.000Z</time>
        <extensions>
          <ns3:TrackPointExtension>
            <ns3:hr>121</ns3:hr>
            <ns3:cad>90</ns3:cad>
          </ns3:TrackPointExtension>
        </extensions>
      </trkpt>
      <trkpt lat="39.1388376988470554351806640625" lon="117.18873647041618824005126953125">
        <ele>3.2000000476837158203125</ele>
        <time>2026-09-18T21:16:37.000Z</time>
        <extensions>
          <ns3:TrackPointExtension>
            <ns3:hr>122</ns3:hr>
            <ns3:cad>90</ns3:cad>
          </ns3:TrackPointExtension>
        </extensions>
      </trkpt>
      <trkpt lat="39.13881070911884307861328125" lon="117.1887345425784587860107421875">
        <ele>3</ele>
        <time>2026-09-18T21:16:38.000Z</time>
        <extensions>
          <ns3:TrackPointExtension>
            <ns3:hr>121</ns3:hr>
            <ns3:cad>90</ns3:cad>
          </ns3:TrackPointExtension>
        </extensions>
      </trkpt>
      <trkpt lat="39.13878397084772586822509765625" lon="117.188724987208843231201171875">
        <ele>3</ele>
        <time>2026-09-18T21:16:39.000Z</time>
        <extensions>
          <ns3:TrackPointExtension>
            <ns3:hr>122</ns3:hr>
            <ns3:cad>90</ns3:cad>
          </ns3:TrackPointExtension>
        </extensions>
      </trkpt>
      <trkpt lat="39.13875614292919635772705078125" lon="117.18872222118079662322998046875">
        <ele>3</ele>
        <time>2026-09-18T21:16:40.000Z</time>
        <extensions>
          <ns3:TrackPointExtension>
            <ns3:hr>122</ns3:hr>
            <ns3:cad>90</ns3:cad>
          </ns3:TrackPointExtension>
        </extensions>
      </trkpt>
      <trkpt lat="39.13872982375323772430419921875" lon="117.18872071243822574615478515625">
        <ele>3</ele>
        <time>2026-09-18T21:16:41.000Z</time>
        <extensions>
          <ns3:TrackPointExtension>
            <ns3:hr>122</ns3:hr>
            <ns3:cad>90</ns3:cad>
          </ns3:TrackPointExtension>
        </extensions>
      </trkpt>
      <trkpt lat="39.13870652206242084503173828125" lon="117.1887218020856380462646484375">
        <ele>3</ele>
        <time>2026-09-18T21:16:42.000Z</time>
        <extensions>
          <ns3:TrackPointExtension>
            <ns3:hr>122</ns3:hr>
            <ns3:cad>90</ns3:cad>
          </ns3:TrackPointExtension>
        </extensions>
      </trkpt>
      <trkpt lat="39.1386797837913036346435546875" lon="117.188716270029544830322265625">
        <ele>3.2000000476837158203125</ele>
        <time>2026-09-18T21:16:43.000Z</time>
        <extensions>
          <ns3:TrackPointExtension>
            <ns3:hr>122</ns3:hr>
            <ns3:cad>89</ns3:cad>
          </ns3:TrackPointExtension>
        </extensions>
      </trkpt>
      <trkpt lat="39.13865354843437671661376953125" lon="117.1887172758579254150390625">
        <ele>3.2000000476837158203125</ele>
        <time>2026-09-18T21:16:44.000Z</time>
        <extensions>
          <ns3:TrackPointExtension>
            <ns3:hr>122</ns3:hr>
            <ns3:cad>89</ns3:cad>
          </ns3:TrackPointExtension>
        </extensions>
      </trkpt>
      <trkpt lat="39.13862689398229122161865234375" lon="117.18871031887829303741455078125">
        <ele>3.2000000476837158203125</ele>
        <time>2026-09-18T21:16:45.000Z</time>
        <extensions>
          <ns3:TrackPointExtension>
            <ns3:hr>121</ns3:hr>
            <ns3:cad>89</ns3:cad>
          </ns3:TrackPointExtension>
        </extensions>
      </trkpt>
      <trkpt lat="39.138598479330539703369140625" lon="117.18871501274406909942626953125">
        <ele>3.2000000476837158203125</ele>
        <time>2026-09-18T21:16:46.000Z</time>
        <extensions>
          <ns3:TrackPointExtension>
            <ns3:hr>121</ns3:hr>
            <ns3:cad>89</ns3:cad>
          </ns3:TrackPointExtension>
        </extensions>
      </trkpt>
      <trkpt lat="39.13857341744005680084228515625" lon="117.18871266581118106842041015625">
        <ele>3.2000000476837158203125</ele>
        <time>2026-09-18T21:16:47.000Z</time>
        <extensions>
          <ns3:TrackPointExtension>
            <ns3:hr>122</ns3:hr>
            <ns3:cad>89</ns3:cad>
          </ns3:TrackPointExtension>
        </extensions>
      </trkpt>
      <trkpt lat="39.13854542188346385955810546875" lon="117.1887144260108470916748046875">
        <ele>3.2000000476837158203125</ele>
        <time>2026-09-18T21:16:48.000Z</time>
        <extensions>
          <ns3:TrackPointExtension>
            <ns3:hr>122</ns3:hr>
            <ns3:cad>90</ns3:cad>
          </ns3:TrackPointExtension>
        </extensions>
      </trkpt>
      <trkpt lat="39.13852103054523468017578125" lon="117.18870948068797588348388671875">
        <ele>3.2000000476837158203125</ele>
        <time>2026-09-18T21:16:49.000Z</time>
        <extensions>
          <ns3:TrackPointExtension>
            <ns3:hr>122</ns3:hr>
            <ns3:cad>89</ns3:cad>
          </ns3:TrackPointExtension>
        </extensions>
      </trkpt>
      <trkpt lat="39.13849546574056148529052734375" lon="117.18870780430734157562255859375">
        <ele>3.2000000476837158203125</ele>
        <time>2026-09-18T21:16:50.000Z</time>
        <extensions>
          <ns3:TrackPointExtension>
            <ns3:hr>122</ns3:hr>
            <ns3:cad>89</ns3:cad>
          </ns3:TrackPointExtension>
        </extensions>
      </trkpt>
      <trkpt lat="39.1384715773165225982666015625" lon="117.188702858984470367431640625">
        <ele>3.2000000476837158203125</ele>
        <time>2026-09-18T21:16:51.000Z</time>
        <extensions>
          <ns3:TrackPointExtension>
            <ns3:hr>121</ns3:hr>
            <ns3:cad>90</ns3:cad>
          </ns3:TrackPointExtension>
        </extensions>
      </trkpt>
      <trkpt lat="39.1384467668831348419189453125" lon="117.18870461918413639068603515625">
        <ele>3.2000000476837158203125</ele>
        <time>2026-09-18T21:16:52.000Z</time>
        <extensions>
          <ns3:TrackPointExtension>
            <ns3:hr>122</ns3:hr>
            <ns3:cad>90</ns3:cad>
          </ns3:TrackPointExtension>
        </extensions>
      </trkpt>
      <trkpt lat="39.1384226270020008087158203125" lon="117.1886969916522502899169921875">
        <ele>3.2000000476837158203125</ele>
        <time>2026-09-18T21:16:53.000Z</time>
        <extensions>
          <ns3:TrackPointExtension>
            <ns3:hr>122</ns3:hr>
            <ns3:cad>90</ns3:cad>
          </ns3:TrackPointExtension>
        </extensions>
      </trkpt>
      <trkpt lat="39.13839773274958133697509765625" lon="117.18869690783321857452392578125">
        <ele>3.2000000476837158203125</ele>
        <time>2026-09-18T21:16:54.000Z</time>
        <extensions>
          <ns3:TrackPointExtension>
            <ns3:hr>122</ns3:hr>
            <ns3:cad>90</ns3:cad>
          </ns3:TrackPointExtension>
        </extensions>
      </trkpt>
      <trkpt lat="39.13837015628814697265625" lon="117.18869187869131565093994140625">
        <ele>3.2000000476837158203125</ele>
        <time>2026-09-18T21:16:55.000Z</time>
        <extensions>
          <ns3:TrackPointExtension>
            <ns3:hr>122</ns3:hr>
            <ns3:cad>90</ns3:cad>
          </ns3:TrackPointExtension>
        </extensions>
      </trkpt>
      <trkpt lat="39.138340987265110015869140625" lon="117.18868852593004703521728515625">
        <ele>3</ele>
        <time>2026-09-18T21:16:56.000Z</time>
        <extensions>
          <ns3:TrackPointExtension>
            <ns3:hr>122</ns3:hr>
            <ns3:cad>90</ns3:cad>
          </ns3:TrackPointExtension>
        </extensions>
      </trkpt>
      <trkpt lat="39.1383139975368976593017578125" lon="117.1886798925697803497314453125">
        <ele>3.2000000476837158203125</ele>
        <time>2026-09-18T21:16:57.000Z</time>
        <extensions>
          <ns3:TrackPointExtension>
            <ns3:hr>122</ns3:hr>
            <ns3:cad>90</ns3:cad>
          </ns3:TrackPointExtension>
        </extensions>
      </trkpt>
      <trkpt lat="39.13828742690384387969970703125" lon="117.18868634663522243499755859375">
        <ele>3.2000000476837158203125</ele>
        <time>2026-09-18T21:16:58.000Z</time>
        <extensions>
          <ns3:TrackPointExtension>
            <ns3:hr>122</ns3:hr>
            <ns3:cad>90</ns3:cad>
          </ns3:TrackPointExtension>
        </extensions>
      </trkpt>
      <trkpt lat="39.138261191546916961669921875" lon="117.1886805631220340728759765625">
        <ele>3.2000000476837158203125</ele>
        <time>2026-09-18T21:16:59.000Z</time>
        <extensions>
          <ns3:TrackPointExtension>
            <ns3:hr>122</ns3:hr>
            <ns3:cad>89</ns3:cad>
          </ns3:TrackPointExtension>
        </extensions>
      </trkpt>
      <trkpt lat="39.13823495618999004364013671875" lon="117.18868265859782695770263671875">
        <ele>3.2000000476837158203125</ele>
        <time>2026-09-18T21:17:00.000Z</time>
        <extensions>
          <ns3:TrackPointExtension>
            <ns3:hr>122</ns3:hr>
            <ns3:cad>89</ns3:cad>
          </ns3:TrackPointExtension>
        </extensions>
      </trkpt>
      <trkpt lat="39.13820561952888965606689453125" lon="117.18867243267595767974853515625">
        <ele>3.2000000476837158203125</ele>
        <time>2026-09-18T21:17:01.000Z</time>
        <extensions>
          <ns3:TrackPointExtension>
            <ns3:hr>122</ns3:hr>
            <ns3:cad>89</ns3:cad>
          </ns3:TrackPointExtension>
        </extensions>
      </trkpt>
      <trkpt lat="39.1381808929145336151123046875" lon="117.188671343028545379638671875">
        <ele>3.400000095367431640625</ele>
        <time>2026-09-18T21:17:02.000Z</time>
        <extensions>
          <ns3:TrackPointExtension>
            <ns3:hr>122</ns3:hr>
            <ns3:cad>89</ns3:cad>
          </ns3:TrackPointExtension>
        </extensions>
      </trkpt>
      <trkpt lat="39.13815683685243129730224609375" lon="117.188659943640232086181640625">
        <ele>3.400000095367431640625</ele>
        <time>2026-09-18T21:17:03.000Z</time>
        <extensions>
          <ns3:TrackPointExtension>
            <ns3:hr>122</ns3:hr>
            <ns3:cad>89</ns3:cad>
          </ns3:TrackPointExtension>
        </extensions>
      </trkpt>
      <trkpt lat="39.13813118822872638702392578125" lon="117.18865768052637577056884765625">
        <ele>3.2000000476837158203125</ele>
        <time>2026-09-18T21:17:04.000Z</time>
        <extensions>
          <ns3:TrackPointExtension>
            <ns3:hr>121</ns3:hr>
            <ns3:cad>89</ns3:cad>
          </ns3:TrackPointExtension>
        </extensions>
      </trkpt>
      <trkpt lat="39.1381061263382434844970703125" lon="117.18864996917545795440673828125">
        <ele>3.400000095367431640625</ele>
        <time>2026-09-18T21:17:05.000Z</time>
        <extensions>
          <ns3:TrackPointExtension>
            <ns3:hr>122</ns3:hr>
            <ns3:cad>89</ns3:cad>
          </ns3:TrackPointExtension>
        </extensions>
      </trkpt>
      <trkpt lat="39.1380819864571094512939453125" lon="117.18865332193672657012939453125">
        <ele>3.2000000476837158203125</ele>
        <time>2026-09-18T21:17:06.000Z</time>
        <extensions>
          <ns3:TrackPointExtension>
            <ns3:hr>122</ns3:hr>
            <ns3:cad>89</ns3:cad>
          </ns3:TrackPointExtension>
        </extensions>
      </trkpt>
      <trkpt lat="39.13805876858532428741455078125" lon="117.18864242546260356903076171875">
        <ele>3.2000000476837158203125</ele>
        <time>2026-09-18T21:17:07.000Z</time>
        <extensions>
          <ns3:TrackPointExtension>
            <ns3:hr>122</ns3:hr>
            <ns3:cad>89</ns3:cad>
          </ns3:TrackPointExtension>
        </extensions>
      </trkpt>
      <trkpt lat="39.138036556541919708251953125" lon="117.18864619731903076171875">
        <ele>3.2000000476837158203125</ele>
        <time>2026-09-18T21:17:08.000Z</time>
        <extensions>
          <ns3:TrackPointExtension>
            <ns3:hr>122</ns3:hr>
            <ns3:cad>89</ns3:cad>
          </ns3:TrackPointExtension>
        </extensions>
      </trkpt>
      <trkpt lat="39.13801283575594425201416015625" lon="117.18863504938781261444091796875">
        <ele>3.400000095367431640625</ele>
        <time>2026-09-18T21:17:09.000Z</time>
        <extensions>
          <ns3:TrackPointExtension>
            <ns3:hr>122</ns3:hr>
            <ns3:cad>89</ns3:cad>
          </ns3:TrackPointExtension>
        </extensions>
      </trkpt>
      <trkpt lat="39.1379897855222225189208984375" lon="117.1886359713971614837646484375">
        <ele>3.2000000476837158203125</ele>
        <time>2026-09-18T21:17:10.000Z</time>
        <extensions>
          <ns3:TrackPointExtension>
            <ns3:hr>122</ns3:hr>
            <ns3:cad>89</ns3:cad>
          </ns3:TrackPointExtension>
        </extensions>
      </trkpt>
      <trkpt lat="39.13796849548816680908203125" lon="117.1886329539120197296142578125">
        <ele>3.2000000476837158203125</ele>
        <time>2026-09-18T21:17:11.000Z</time>
        <extensions>
          <ns3:TrackPointExtension>
            <ns3:hr>122</ns3:hr>
            <ns3:cad>89</ns3:cad>
          </ns3:TrackPointExtension>
        </extensions>
      </trkpt>
      <trkpt lat="39.137942679226398468017578125" lon="117.1886346302926540374755859375">
        <ele>3.2000000476837158203125</ele>
        <time>2026-09-18T21:17:12.000Z</time>
        <extensions>
          <ns3:TrackPointExtension>
            <ns3:hr>123</ns3:hr>
            <ns3:cad>89</ns3:cad>
          </ns3:TrackPointExtension>
        </extensions>
      </trkpt>
      <trkpt lat="39.13791619241237640380859375" lon="117.18862800858914852142333984375">
        <ele>3.2000000476837158203125</ele>
        <time>2026-09-18T21:17:13.000Z</time>
        <extensions>
          <ns3:TrackPointExtension>
            <ns3:hr>122</ns3:hr>
            <ns3:cad>89</ns3:cad>
          </ns3:TrackPointExtension>
        </extensions>
      </trkpt>
      <trkpt lat="39.13788978941738605499267578125" lon="117.18862784095108509063720703125">
        <ele>3.2000000476837158203125</ele>
        <time>2026-09-18T21:17:14.000Z</time>
        <extensions>
          <ns3:TrackPointExtension>
            <ns3:hr>122</ns3:hr>
            <ns3:cad>89</ns3:cad>
          </ns3:TrackPointExtension>
        </extensions>
      </trkpt>
      <trkpt lat="39.13786246441304683685302734375" lon="117.18862348236143589019775390625">
        <ele>3.2000000476837158203125</ele>
        <time>2026-09-18T21:17:15.000Z</time>
        <extensions>
          <ns3:TrackPointExtension>
            <ns3:hr>122</ns3:hr>
            <ns3:cad>89</ns3:cad>
          </ns3:TrackPointExtension>
        </extensions>
      </trkpt>
      <trkpt lat="39.1378379054367542266845703125" lon="117.18862297944724559783935546875">
        <ele>3.2000000476837158203125</ele>
        <time>2026-09-18T21:17:16.000Z</time>
        <extensions>
          <ns3:TrackPointExtension>
            <ns3:hr>122</ns3:hr>
            <ns3:cad>89</ns3:cad>
          </ns3:TrackPointExtension>
        </extensions>
      </trkpt>
      <trkpt lat="39.13780580274760723114013671875" lon="117.18861409462988376617431640625">
        <ele>3.2000000476837158203125</ele>
        <time>2026-09-18T21:17:17.000Z</time>
        <extensions>
          <ns3:TrackPointExtension>
            <ns3:hr>122</ns3:hr>
            <ns3:cad>89</ns3:cad>
          </ns3:TrackPointExtension>
        </extensions>
      </trkpt>
      <trkpt lat="39.13778132759034633636474609375" lon="117.18861845321953296661376953125">
        <ele>3.2000000476837158203125</ele>
        <time>2026-09-18T21:17:18.000Z</time>
        <extensions>
          <ns3:TrackPointExtension>
            <ns3:hr>122</ns3:hr>
            <ns3:cad>89</ns3:cad>
          </ns3:TrackPointExtension>
        </extensions>
      </trkpt>
      <trkpt lat="39.1377507336437702178955078125" lon="117.18861057423055171966552734375">
        <ele>3.2000000476837158203125</ele>
        <time>2026-09-18T21:17:19.000Z</time>
        <extensions>
          <ns3:TrackPointExtension>
            <ns3:hr>122</ns3:hr>
            <ns3:cad>89</ns3:cad>
          </ns3:TrackPointExtension>
        </extensions>
      </trkpt>
      <trkpt lat="39.13772600702941417694091796875" lon="117.18861107714474201202392578125">
        <ele>3.2000000476837158203125</ele>
        <time>2026-09-18T21:17:20.000Z</time>
        <extensions>
          <ns3:TrackPointExtension>
            <ns3:hr>122</ns3:hr>
            <ns3:cad>89</ns3:cad>
          </ns3:TrackPointExtension>
        </extensions>
      </trkpt>
      <trkpt lat="39.1376994363963603973388671875" lon="117.18860168941318988800048828125">
        <ele>3.2000000476837158203125</ele>
        <time>2026-09-18T21:17:21.000Z</time>
        <extensions>
          <ns3:TrackPointExtension>
            <ns3:hr>122</ns3:hr>
            <ns3:cad>89</ns3:cad>
          </ns3:TrackPointExtension>
        </extensions>
      </trkpt>
      <trkpt lat="39.1376781463623046875" lon="117.18860856257379055023193359375">
        <ele>3.2000000476837158203125</ele>
        <time>2026-09-18T21:17:22.000Z</time>
        <extensions>
          <ns3:TrackPointExtension>
            <ns3:hr>121</ns3:hr>
            <ns3:cad>89</ns3:cad>
          </ns3:TrackPointExtension>
        </extensions>
      </trkpt>
      <trkpt lat="39.13765199482440948486328125" lon="117.18860403634607791900634765625">
        <ele>3.2000000476837158203125</ele>
        <time>2026-09-18T21:17:23.000Z</time>
        <extensions>
          <ns3:TrackPointExtension>
            <ns3:hr>122</ns3:hr>
            <ns3:cad>89</ns3:cad>
          </ns3:TrackPointExtension>
        </extensions>
      </trkpt>
      <trkpt lat="39.1376312077045440673828125" lon="117.18860437162220478057861328125">
        <ele>3.2000000476837158203125</ele>
        <time>2026-09-18T21:17:24.000Z</time>
        <extensions>
          <ns3:TrackPointExtension>
            <ns3:hr>122</ns3:hr>
            <ns3:cad>89</ns3:cad>
          </ns3:TrackPointExtension>
        </extensions>
      </trkpt>
      <trkpt lat="39.13759893737733364105224609375" lon="117.18859297223389148712158203125">
        <ele>3.400000095367431640625</ele>
        <time>2026-09-18T21:17:25.000Z</time>
        <extensions>
          <ns3:TrackPointExtension>
            <ns3:hr>121</ns3:hr>
            <ns3:cad>89</ns3:cad>
          </ns3:TrackPointExtension>
        </extensions>
      </trkpt>
      <trkpt lat="39.1375777311623096466064453125" lon="117.18859079293906688690185546875">
        <ele>3.400000095367431640625</ele>
        <time>2026-09-18T21:17:26.000Z</time>
        <extensions>
          <ns3:TrackPointExtension>
            <ns3:hr>122</ns3:hr>
            <ns3:cad>89</ns3:cad>
          </ns3:TrackPointExtension>
        </extensions>
      </trkpt>
      <trkpt lat="39.1375472210347652435302734375" lon="117.18858190812170505523681640625">
        <ele>3.400000095367431640625</ele>
        <time>2026-09-18T21:17:27.000Z</time>
        <extensions>
          <ns3:TrackPointExtension>
            <ns3:hr>122</ns3:hr>
            <ns3:cad>89</ns3:cad>
          </ns3:TrackPointExtension>
        </extensions>
      </trkpt>
      <trkpt lat="39.13752282969653606414794921875" lon="117.1885856799781322479248046875">
        <ele>3.400000095367431640625</ele>
        <time>2026-09-18T21:17:28.000Z</time>
        <extensions>
          <ns3:TrackPointExtension>
            <ns3:hr>122</ns3:hr>
            <ns3:cad>89</ns3:cad>
          </ns3:TrackPointExtension>
        </extensions>
      </trkpt>
      <trkpt lat="39.137494079768657684326171875" lon="117.1885806508362293243408203125">
        <ele>3.400000095367431640625</ele>
        <time>2026-09-18T21:17:29.000Z</time>
        <extensions>
          <ns3:TrackPointExtension>
            <ns3:hr>122</ns3:hr>
            <ns3:cad>89</ns3:cad>
          </ns3:TrackPointExtension>
        </extensions>
      </trkpt>
      <trkpt lat="39.1374697722494602203369140625" lon="117.188583500683307647705078125">
        <ele>3.400000095367431640625</ele>
        <time>2026-09-18T21:17:30.000Z</time>
        <extensions>
          <ns3:TrackPointExtension>
            <ns3:hr>122</ns3:hr>
            <ns3:cad>89</ns3:cad>
          </ns3:TrackPointExtension>
        </extensions>
      </trkpt>
      <trkpt lat="39.13743984885513782501220703125" lon="117.188579477369785308837890625">
        <ele>3.400000095367431640625</ele>
        <time>2026-09-18T21:17:31.000Z</time>
        <extensions>
          <ns3:TrackPointExtension>
            <ns3:hr>122</ns3:hr>
            <ns3:cad>89</ns3:cad>
          </ns3:TrackPointExtension>
        </extensions>
      </trkpt>
      <trkpt lat="39.13741688244044780731201171875" lon="117.18857847154140472412109375">
        <ele>3.400000095367431640625</ele>
        <time>2026-09-18T21:17:32.000Z</time>
        <extensions>
          <ns3:TrackPointExtension>
            <ns3:hr>122</ns3:hr>
            <ns3:cad>89</ns3:cad>
          </ns3:TrackPointExtension>
        </extensions>
      </trkpt>
      <trkpt lat="39.13738670758903026580810546875" lon="117.18857109546661376953125">
        <ele>3.400000095367431640625</ele>
        <time>2026-09-18T21:17:33.000Z</time>
        <extensions>
          <ns3:TrackPointExtension>
            <ns3:hr>122</ns3:hr>
            <ns3:cad>89</ns3:cad>
          </ns3:TrackPointExtension>
        </extensions>
      </trkpt>
      <trkpt lat="39.1373611427843570709228515625" lon="117.18857402913272380828857421875">
        <ele>3.400000095367431640625</ele>
        <time>2026-09-18T21:17:34.000Z</time>
        <extensions>
          <ns3:TrackPointExtension>
            <ns3:hr>123</ns3:hr>
            <ns3:cad>89</ns3:cad>
          </ns3:TrackPointExtension>
        </extensions>
      </trkpt>
      <trkpt lat="39.13732702843844890594482421875" lon="117.188566736876964569091796875">
        <ele>3.400000095367431640625</ele>
        <time>2026-09-18T21:17:35.000Z</time>
        <extensions>
          <ns3:TrackPointExtension>
            <ns3:hr>122</ns3:hr>
            <ns3:cad>89</ns3:cad>
          </ns3:TrackPointExtension>
        </extensions>
      </trkpt>
      <trkpt lat="39.13730255328118801116943359375" lon="117.18856832943856716156005859375">
        <ele>3.400000095367431640625</ele>
        <time>2026-09-18T21:17:36.000Z</time>
        <extensions>
          <ns3:TrackPointExtension>
            <ns3:hr>122</ns3:hr>
            <ns3:cad>89</ns3:cad>
          </ns3:TrackPointExtension>
        </extensions>
      </trkpt>
      <trkpt lat="39.13727086968719959259033203125" lon="117.18856237828731536865234375">
        <ele>3.400000095367431640625</ele>
        <time>2026-09-18T21:17:37.000Z</time>
        <extensions>
          <ns3:TrackPointExtension>
            <ns3:hr>123</ns3:hr>
            <ns3:cad>90</ns3:cad>
          </ns3:TrackPointExtension>
        </extensions>
      </trkpt>
      <trkpt lat="39.13724807091057300567626953125" lon="117.18856313265860080718994140625">
        <ele>3.400000095367431640625</ele>
        <time>2026-09-18T21:17:38.000Z</time>
        <extensions>
          <ns3:TrackPointExtension>
            <ns3:hr>122</ns3:hr>
            <ns3:cad>90</ns3:cad>
          </ns3:TrackPointExtension>
        </extensions>
      </trkpt>
      <trkpt lat="39.13721353746950626373291015625" lon="117.18855877406895160675048828125">
        <ele>3.400000095367431640625</ele>
        <time>2026-09-18T21:17:39.000Z</time>
        <extensions>
          <ns3:TrackPointExtension>
            <ns3:hr>122</ns3:hr>
            <ns3:cad>90</ns3:cad>
          </ns3:TrackPointExtension>
        </extensions>
      </trkpt>
      <trkpt lat="39.13719375617802143096923828125" lon="117.18855843879282474517822265625">
        <ele>3.599999904632568359375</ele>
        <time>2026-09-18T21:17:40.000Z</time>
        <extensions>
          <ns3:TrackPointExtension>
            <ns3:hr>123</ns3:hr>
            <ns3:cad>90</ns3:cad>
          </ns3:TrackPointExtension>
        </extensions>
      </trkpt>
      <trkpt lat="39.13716492243111133575439453125" lon="117.188547961413860321044921875">
        <ele>3.400000095367431640625</ele>
        <time>2026-09-18T21:17:41.000Z</time>
        <extensions>
          <ns3:TrackPointExtension>
            <ns3:hr>122</ns3:hr>
            <ns3:cad>89</ns3:cad>
          </ns3:TrackPointExtension>
        </extensions>
      </trkpt>
      <trkpt lat="39.137141369283199310302734375" lon="117.1885487996041774749755859375">
        <ele>3.400000095367431640625</ele>
        <time>2026-09-18T21:17:42.000Z</time>
        <extensions>
          <ns3:TrackPointExtension>
            <ns3:hr>122</ns3:hr>
            <ns3:cad>89</ns3:cad>
          </ns3:TrackPointExtension>
        </extensions>
      </trkpt>
      <trkpt lat="39.13711513392627239227294921875" lon="117.18854226171970367431640625">
        <ele>3.400000095367431640625</ele>
        <time>2026-09-18T21:17:43.000Z</time>
        <extensions>
          <ns3:TrackPointExtension>
            <ns3:hr>123</ns3:hr>
            <ns3:cad>89</ns3:cad>
          </ns3:TrackPointExtension>
        </extensions>
      </trkpt>
      <trkpt lat="39.13709317333996295928955078125" lon="117.1885429322719573974609375">
        <ele>3.400000095367431640625</ele>
        <time>2026-09-18T21:17:44.000Z</time>
        <extensions>
          <ns3:TrackPointExtension>
            <ns3:hr>123</ns3:hr>
            <ns3:cad>89</ns3:cad>
          </ns3:TrackPointExtension>
        </extensions>
      </trkpt>
      <trkpt lat="39.1370660997927188873291015625" lon="117.18853564001619815826416015625">
        <ele>3.400000095367431640625</ele>
        <time>2026-09-18T21:17:45.000Z</time>
        <extensions>
          <ns3:TrackPointExtension>
            <ns3:hr>123</ns3:hr>
            <ns3:cad>89</ns3:cad>
          </ns3:TrackPointExtension>
        </extensions>
      </trkpt>
      <trkpt lat="39.1370443068444728851318359375" lon="117.18853597529232501983642578125">
        <ele>3.400000095367431640625</ele>
        <time>2026-09-18T21:17:46.000Z</time>
        <extensions>
          <ns3:TrackPointExtension>
            <ns3:hr>123</ns3:hr>
            <ns3:cad>89</ns3:cad>
          </ns3:TrackPointExtension>
        </extensions>
      </trkpt>
      <trkpt lat="39.1370164789259433746337890625" lon="117.188529856503009796142578125">
        <ele>3.400000095367431640625</ele>
        <time>2026-09-18T21:17:47.000Z</time>
        <extensions>
          <ns3:TrackPointExtension>
            <ns3:hr>123</ns3:hr>
            <ns3:cad>89</ns3:cad>
          </ns3:TrackPointExtension>
        </extensions>
      </trkpt>
      <trkpt lat="39.13699476979672908782958984375" lon="117.1885330416262149810791015625">
        <ele>3.400000095367431640625</ele>
        <time>2026-09-18T21:17:48.000Z</time>
        <extensions>
          <ns3:TrackPointExtension>
            <ns3:hr>122</ns3:hr>
            <ns3:cad>90</ns3:cad>
          </ns3:TrackPointExtension>
        </extensions>
      </trkpt>
      <trkpt lat="39.13696727715432643890380859375" lon="117.1885249949991703033447265625">
        <ele>3.400000095367431640625</ele>
        <time>2026-09-18T21:17:49.000Z</time>
        <extensions>
          <ns3:TrackPointExtension>
            <ns3:hr>123</ns3:hr>
            <ns3:cad>90</ns3:cad>
          </ns3:TrackPointExtension>
        </extensions>
      </trkpt>
      <trkpt lat="39.13694095797836780548095703125" lon="117.188525497913360595703125">
        <ele>3.400000095367431640625</ele>
        <time>2026-09-18T21:17:50.000Z</time>
        <extensions>
          <ns3:TrackPointExtension>
            <ns3:hr>123</ns3:hr>
            <ns3:cad>90</ns3:cad>
          </ns3:TrackPointExtension>
        </extensions>
      </trkpt>
      <trkpt lat="39.13691396825015544891357421875" lon="117.1885172836482524871826171875">
        <ele>3.400000095367431640625</ele>
        <time>2026-09-18T21:17:51.000Z</time>
        <extensions>
          <ns3:TrackPointExtension>
            <ns3:hr>123</ns3:hr>
            <ns3:cad>90</ns3:cad>
          </ns3:TrackPointExtension>
        </extensions>
      </trkpt>
      <trkpt lat="39.1368914209306240081787109375" lon="117.1885196305811405181884765625">
        <ele>3.400000095367431640625</ele>
        <time>2026-09-18T21:17:52.000Z</time>
        <extensions>
          <ns3:TrackPointExtension>
            <ns3:hr>123</ns3:hr>
            <ns3:cad>90</ns3:cad>
          </ns3:TrackPointExtension>
        </extensions>
      </trkpt>
      <trkpt lat="39.136861078441143035888671875" lon="117.188513092696666717529296875">
        <ele>3.400000095367431640625</ele>
        <time>2026-09-18T21:17:53.000Z</time>
        <extensions>
          <ns3:TrackPointExtension>
            <ns3:hr>123</ns3:hr>
            <ns3:cad>90</ns3:cad>
          </ns3:TrackPointExtension>
        </extensions>
      </trkpt>
      <trkpt lat="39.13684003986418247222900390625" lon="117.18851803801953792572021484375">
        <ele>3.400000095367431640625</ele>
        <time>2026-09-18T21:17:54.000Z</time>
        <extensions>
          <ns3:TrackPointExtension>
            <ns3:hr>123</ns3:hr>
            <ns3:cad>90</ns3:cad>
          </ns3:TrackPointExtension>
        </extensions>
      </trkpt>
      <trkpt lat="39.1368082724511623382568359375" lon="117.18851150013506412506103515625">
        <ele>3.400000095367431640625</ele>
        <time>2026-09-18T21:17:55.000Z</time>
        <extensions>
          <ns3:TrackPointExtension>
            <ns3:hr>122</ns3:hr>
            <ns3:cad>89</ns3:cad>
          </ns3:TrackPointExtension>
        </extensions>
      </trkpt>
      <trkpt lat="39.13678337819874286651611328125" lon="117.18850948847830295562744140625">
        <ele>3.400000095367431640625</ele>
        <time>2026-09-18T21:17:56.000Z</time>
        <extensions>
          <ns3:TrackPointExtension>
            <ns3:hr>122</ns3:hr>
            <ns3:cad>89</ns3:cad>
          </ns3:TrackPointExtension>
        </extensions>
      </trkpt>
      <trkpt lat="39.136752448976039886474609375" lon="117.18850479461252689361572265625">
        <ele>3.400000095367431640625</ele>
        <time>2026-09-18T21:17:57.000Z</time>
        <extensions>
          <ns3:TrackPointExtension>
            <ns3:hr>122</ns3:hr>
            <ns3:cad>89</ns3:cad>
          </ns3:TrackPointExtension>
        </extensions>
      </trkpt>
      <trkpt lat="39.136730320751667022705078125" lon="117.188510410487651824951171875">
        <ele>3.400000095367431640625</ele>
        <time>2026-09-18T21:17:58.000Z</time>
        <extensions>
          <ns3:TrackPointExtension>
            <ns3:hr>122</ns3:hr>
            <ns3:cad>89</ns3:cad>
          </ns3:TrackPointExtension>
        </extensions>
      </trkpt>
      <trkpt lat="39.13670073263347148895263671875" lon="117.1885001845657825469970703125">
        <ele>3.400000095367431640625</ele>
        <time>2026-09-18T21:17:59.000Z</time>
        <extensions>
          <ns3:TrackPointExtension>
            <ns3:hr>122</ns3:hr>
            <ns3:cad>89</ns3:cad>
          </ns3:TrackPointExtension>
        </extensions>
      </trkpt>
      <trkpt lat="39.13667692802846431732177734375" lon="117.18850596807897090911865234375">
        <ele>3.400000095367431640625</ele>
        <time>2026-09-18T21:18:00.000Z</time>
        <extensions>
          <ns3:TrackPointExtension>
            <ns3:hr>123</ns3:hr>
            <ns3:cad>89</ns3:cad>
          </ns3:TrackPointExtension>
        </extensions>
      </trkpt>
      <trkpt lat="39.13664641790091991424560546875" lon="117.18849741853773593902587890625">
        <ele>3.400000095367431640625</ele>
        <time>2026-09-18T21:18:01.000Z</time>
        <extensions>
          <ns3:TrackPointExtension>
            <ns3:hr>122</ns3:hr>
            <ns3:cad>89</ns3:cad>
          </ns3:TrackPointExtension>
        </extensions>
      </trkpt>
      <trkpt lat="39.13662378676235675811767578125" lon="117.18849976547062397003173828125">
        <ele>3.400000095367431640625</ele>
        <time>2026-09-18T21:18:02.000Z</time>
        <extensions>
          <ns3:TrackPointExtension>
            <ns3:hr>122</ns3:hr>
            <ns3:cad>89</ns3:cad>
          </ns3:TrackPointExtension>
        </extensions>
      </trkpt>
      <trkpt lat="39.1365943662822246551513671875" lon="117.18848920427262783050537109375">
        <ele>3.400000095367431640625</ele>
        <time>2026-09-18T21:18:03.000Z</time>
        <extensions>
          <ns3:TrackPointExtension>
            <ns3:hr>122</ns3:hr>
            <ns3:cad>89</ns3:cad>
          </ns3:TrackPointExtension>
        </extensions>
      </trkpt>
      <trkpt lat="39.13657240569591522216796875" lon="117.188489623367786407470703125">
        <ele>3.599999904632568359375</ele>
        <time>2026-09-18T21:18:04.000Z</time>
        <extensions>
          <ns3:TrackPointExtension>
            <ns3:hr>123</ns3:hr>
            <ns3:cad>89</ns3:cad>
          </ns3:TrackPointExtension>
        </extensions>
      </trkpt>
      <trkpt lat="39.13654181174933910369873046875" lon="117.1884804032742977142333984375">
        <ele>3.599999904632568359375</ele>
        <time>2026-09-18T21:18:05.000Z</time>
        <extensions>
          <ns3:TrackPointExtension>
            <ns3:hr>122</ns3:hr>
            <ns3:cad>89</ns3:cad>
          </ns3:TrackPointExtension>
        </extensions>
      </trkpt>
      <trkpt lat="39.13652068935334682464599609375" lon="117.18847922980785369873046875">
        <ele>3.599999904632568359375</ele>
        <time>2026-09-18T21:18:06.000Z</time>
        <extensions>
          <ns3:TrackPointExtension>
            <ns3:hr>122</ns3:hr>
            <ns3:cad>89</ns3:cad>
          </ns3:TrackPointExtension>
        </extensions>
      </trkpt>
      <trkpt lat="39.13649101741611957550048828125" lon="117.18847294338047504425048828125">
        <ele>3.400000095367431640625</ele>
        <time>2026-09-18T21:18:07.000Z</time>
        <extensions>
          <ns3:TrackPointExtension>
            <ns3:hr>122</ns3:hr>
            <ns3:cad>89</ns3:cad>
          </ns3:TrackPointExtension>
        </extensions>
      </trkpt>
      <trkpt lat="39.136468805372714996337890625" lon="117.1884767152369022369384765625">
        <ele>3.599999904632568359375</ele>
        <time>2026-09-18T21:18:08.000Z</time>
        <extensions>
          <ns3:TrackPointExtension>
            <ns3:hr>122</ns3:hr>
            <ns3:cad>89</ns3:cad>
          </ns3:TrackPointExtension>
        </extensions>
      </trkpt>
      <trkpt lat="39.1364403069019317626953125" lon="117.18846422620117664337158203125">
        <ele>3.599999904632568359375</ele>
        <time>2026-09-18T21:18:09.000Z</time>
        <extensions>
          <ns3:TrackPointExtension>
            <ns3:hr>123</ns3:hr>
            <ns3:cad>89</ns3:cad>
          </ns3:TrackPointExtension>
        </extensions>
      </trkpt>
      <trkpt lat="39.136415831744670867919921875" lon="117.18846137635409832000732421875">
        <ele>3.599999904632568359375</ele>
        <time>2026-09-18T21:18:10.000Z</time>
        <extensions>
          <ns3:TrackPointExtension>
            <ns3:hr>122</ns3:hr>
            <ns3:cad>89</ns3:cad>
          </ns3:TrackPointExtension>
        </extensions>
      </trkpt>
      <trkpt lat="39.13638439960777759552001953125" lon="117.18844578601419925689697265625">
        <ele>3.599999904632568359375</ele>
        <time>2026-09-18T21:18:11.000Z</time>
        <extensions>
          <ns3:TrackPointExtension>
            <ns3:hr>122</ns3:hr>
            <ns3:cad>88</ns3:cad>
          </ns3:TrackPointExtension>
        </extensions>
      </trkpt>
      <trkpt lat="39.136362187564373016357421875" lon="117.18844226561486721038818359375">
        <ele>3.599999904632568359375</ele>
        <time>2026-09-18T21:18:12.000Z</time>
        <extensions>
          <ns3:TrackPointExtension>
            <ns3:hr>122</ns3:hr>
            <ns3:cad>88</ns3:cad>
          </ns3:TrackPointExtension>
        </extensions>
      </trkpt>
      <trkpt lat="39.1363405622541904449462890625" lon="117.18842650763690471649169921875">
        <ele>3.599999904632568359375</ele>
        <time>2026-09-18T21:18:13.000Z</time>
        <extensions>
          <ns3:TrackPointExtension>
            <ns3:hr>122</ns3:hr>
            <ns3:cad>88</ns3:cad>
          </ns3:TrackPointExtension>
        </extensions>
      </trkpt>
      <trkpt lat="39.13631902076303958892822265625" lon="117.1884197182953357696533203125">
        <ele>3.599999904632568359375</ele>
        <time>2026-09-18T21:18:14.000Z</time>
        <extensions>
          <ns3:TrackPointExtension>
            <ns3:hr>122</ns3:hr>
            <ns3:cad>89</ns3:cad>
          </ns3:TrackPointExtension>
        </extensions>
      </trkpt>
      <trkpt lat="39.1362909413874149322509765625" lon="117.18841980211436748504638671875">
        <ele>3.599999904632568359375</ele>
        <time>2026-09-18T21:18:15.000Z</time>
        <extensions>
          <ns3:TrackPointExtension>
            <ns3:hr>122</ns3:hr>
            <ns3:cad>89</ns3:cad>
          </ns3:TrackPointExtension>
        </extensions>
      </trkpt>
      <trkpt lat="39.13626805879175662994384765625" lon="117.18841410242021083831787109375">
        <ele>3.400000095367431640625</ele>
        <time>2026-09-18T21:18:16.000Z</time>
        <extensions>
          <ns3:TrackPointExtension>
            <ns3:hr>122</ns3:hr>
            <ns3:cad>89</ns3:cad>
          </ns3:TrackPointExtension>
        </extensions>
      </trkpt>
      <trkpt lat="39.13624249398708343505859375" lon="117.1884103305637836456298828125">
        <ele>3.2000000476837158203125</ele>
        <time>2026-09-18T21:18:17.000Z</time>
        <extensions>
          <ns3:TrackPointExtension>
            <ns3:hr>122</ns3:hr>
            <ns3:cad>88</ns3:cad>
          </ns3:TrackPointExtension>
        </extensions>
      </trkpt>
      <trkpt lat="39.13621592335402965545654296875" lon="117.18841217458248138427734375">
        <ele>2.7999999523162841796875</ele>
        <time>2026-09-18T21:18:18.000Z</time>
        <extensions>
          <ns3:TrackPointExtension>
            <ns3:hr>122</ns3:hr>
            <ns3:cad>87</ns3:cad>
          </ns3:TrackPointExtension>
        </extensions>
      </trkpt>
      <trkpt lat="39.1361854970455169677734375" lon="117.1884143538773059844970703125">
        <ele>2.599999904632568359375</ele>
        <time>2026-09-18T21:18:19.000Z</time>
        <extensions>
          <ns3:TrackPointExtension>
            <ns3:hr>122</ns3:hr>
            <ns3:cad>89</ns3:cad>
          </ns3:TrackPointExtension>
        </extensions>
      </trkpt>
      <trkpt lat="39.1361533105373382568359375" lon="117.18841628171503543853759765625">
        <ele>2.2000000476837158203125</ele>
        <time>2026-09-18T21:18:20.000Z</time>
        <extensions>
          <ns3:TrackPointExtension>
            <ns3:hr>122</ns3:hr>
            <ns3:cad>89</ns3:cad>
          </ns3:TrackPointExtension>
        </extensions>
      </trkpt>
      <trkpt lat="39.13612171076238155364990234375" lon="117.1884213946759700775146484375">
        <ele>2</ele>
        <time>2026-09-18T21:18:21.000Z</time>
        <extensions>
          <ns3:TrackPointExtension>
            <ns3:hr>122</ns3:hr>
            <ns3:cad>89</ns3:cad>
          </ns3:TrackPointExtension>
        </extensions>
      </trkpt>
      <trkpt lat="39.13609086535871028900146484375" lon="117.18841888010501861572265625">
        <ele>1.7999999523162841796875</ele>
        <time>2026-09-18T21:18:22.000Z</time>
        <extensions>
          <ns3:TrackPointExtension>
            <ns3:hr>122</ns3:hr>
            <ns3:cad>89</ns3:cad>
          </ns3:TrackPointExtension>
        </extensions>
      </trkpt>
      <trkpt lat="39.1360592655837535858154296875" lon="117.18842097558081150054931640625">
        <ele>1.60000002384185791015625</ele>
        <time>2026-09-18T21:18:23.000Z</time>
        <extensions>
          <ns3:TrackPointExtension>
            <ns3:hr>122</ns3:hr>
            <ns3:cad>90</ns3:cad>
          </ns3:TrackPointExtension>
        </extensions>
      </trkpt>
      <trkpt lat="39.1360334493219852447509765625" lon="117.18842114321887493133544921875">
        <ele>1.39999997615814208984375</ele>
        <time>2026-09-18T21:18:24.000Z</time>
        <extensions>
          <ns3:TrackPointExtension>
            <ns3:hr>122</ns3:hr>
            <ns3:cad>90</ns3:cad>
          </ns3:TrackPointExtension>
        </extensions>
      </trkpt>
      <trkpt lat="39.13600805215537548065185546875" lon="117.18842156231403350830078125">
        <ele>1.39999997615814208984375</ele>
        <time>2026-09-18T21:18:25.000Z</time>
        <extensions>
          <ns3:TrackPointExtension>
            <ns3:hr>121</ns3:hr>
            <ns3:cad>90</ns3:cad>
          </ns3:TrackPointExtension>
        </extensions>
      </trkpt>
      <trkpt lat="39.13598039187490940093994140625" lon="117.1884203888475894927978515625">
        <ele>1.2000000476837158203125</ele>
        <time>2026-09-18T21:18:26.000Z</time>
        <extensions>
          <ns3:TrackPointExtension>
            <ns3:hr>121</ns3:hr>
            <ns3:cad>90</ns3:cad>
          </ns3:TrackPointExtension>
        </extensions>
      </trkpt>
      <trkpt lat="39.1359526477754116058349609375" lon="117.18841879628598690032958984375">
        <ele>1.2000000476837158203125</ele>
        <time>2026-09-18T21:18:27.000Z</time>
        <extensions>
          <ns3:TrackPointExtension>
            <ns3:hr>121</ns3:hr>
            <ns3:cad>90</ns3:cad>
          </ns3:TrackPointExtension>
        </extensions>
      </trkpt>
      <trkpt lat="39.13592004217207431793212890625" lon="117.18841879628598690032958984375">
        <ele>1.2000000476837158203125</ele>
        <time>2026-09-18T21:18:28.000Z</time>
        <extensions>
          <ns3:TrackPointExtension>
            <ns3:hr>121</ns3:hr>
            <ns3:cad>89</ns3:cad>
          </ns3:TrackPointExtension>
        </extensions>
      </trkpt>
      <trkpt lat="39.13587947376072406768798828125" lon="117.1884069778025150299072265625">
        <ele>1.39999997615814208984375</ele>
        <time>2026-09-18T21:18:29.000Z</time>
        <extensions>
          <ns3:TrackPointExtension>
            <ns3:hr>121</ns3:hr>
            <ns3:cad>90</ns3:cad>
          </ns3:TrackPointExtension>
        </extensions>
      </trkpt>
      <trkpt lat="39.13585550151765346527099609375" lon="117.18840538524091243743896484375">
        <ele>1.39999997615814208984375</ele>
        <time>2026-09-18T21:18:30.000Z</time>
        <extensions>
          <ns3:TrackPointExtension>
            <ns3:hr>121</ns3:hr>
            <ns3:cad>90</ns3:cad>
          </ns3:TrackPointExtension>
        </extensions>
      </trkpt>
      <trkpt lat="39.13582834415137767791748046875" lon="117.18839566223323345184326171875">
        <ele>1.39999997615814208984375</ele>
        <time>2026-09-18T21:18:31.000Z</time>
        <extensions>
          <ns3:TrackPointExtension>
            <ns3:hr>121</ns3:hr>
            <ns3:cad>90</ns3:cad>
          </ns3:TrackPointExtension>
        </extensions>
      </trkpt>
      <trkpt lat="39.13580906577408313751220703125" lon="117.188386358320713043212890625">
        <ele>1.39999997615814208984375</ele>
        <time>2026-09-18T21:18:32.000Z</time>
        <extensions>
          <ns3:TrackPointExtension>
            <ns3:hr>121</ns3:hr>
            <ns3:cad>90</ns3:cad>
          </ns3:TrackPointExtension>
        </extensions>
      </trkpt>
      <trkpt lat="39.13578542880713939666748046875" lon="117.1883721090853214263916015625">
        <ele>1.2000000476837158203125</ele>
        <time>2026-09-18T21:18:33.000Z</time>
        <extensions>
          <ns3:TrackPointExtension>
            <ns3:hr>122</ns3:hr>
            <ns3:cad>90</ns3:cad>
          </ns3:TrackPointExtension>
        </extensions>
      </trkpt>
      <trkpt lat="39.13576078601181507110595703125" lon="117.18835526145994663238525390625">
        <ele>1.2000000476837158203125</ele>
        <time>2026-09-18T21:18:34.000Z</time>
        <extensions>
          <ns3:TrackPointExtension>
            <ns3:hr>124</ns3:hr>
            <ns3:cad>90</ns3:cad>
          </ns3:TrackPointExtension>
        </extensions>
      </trkpt>
      <trkpt lat="39.13573999889194965362548828125" lon="117.18833497725427150726318359375">
        <ele>1.2000000476837158203125</ele>
        <time>2026-09-18T21:18:35.000Z</time>
        <extensions>
          <ns3:TrackPointExtension>
            <ns3:hr>124</ns3:hr>
            <ns3:cad>90</ns3:cad>
          </ns3:TrackPointExtension>
        </extensions>
      </trkpt>
      <trkpt lat="39.1357192955911159515380859375" lon="117.18832190148532390594482421875">
        <ele>1.2000000476837158203125</ele>
        <time>2026-09-18T21:18:36.000Z</time>
        <extensions>
          <ns3:TrackPointExtension>
            <ns3:hr>124</ns3:hr>
            <ns3:cad>90</ns3:cad>
          </ns3:TrackPointExtension>
        </extensions>
      </trkpt>
      <trkpt lat="39.1356944851577281951904296875" lon="117.18831687234342098236083984375">
        <ele>1.2000000476837158203125</ele>
        <time>2026-09-18T21:18:37.000Z</time>
        <extensions>
          <ns3:TrackPointExtension>
            <ns3:hr>123</ns3:hr>
            <ns3:cad>88</ns3:cad>
          </ns3:TrackPointExtension>
        </extensions>
      </trkpt>
      <trkpt lat="39.1356731951236724853515625" lon="117.18830781988799571990966796875">
        <ele>1</ele>
        <time>2026-09-18T21:18:38.000Z</time>
        <extensions>
          <ns3:TrackPointExtension>
            <ns3:hr>123</ns3:hr>
            <ns3:cad>88</ns3:cad>
          </ns3:TrackPointExtension>
        </extensions>
      </trkpt>
      <trkpt lat="39.13564360700547695159912109375" lon="117.18829809688031673431396484375">
        <ele>1</ele>
        <time>2026-09-18T21:18:39.000Z</time>
        <extensions>
          <ns3:TrackPointExtension>
            <ns3:hr>123</ns3:hr>
            <ns3:cad>88</ns3:cad>
          </ns3:TrackPointExtension>
        </extensions>
      </trkpt>
      <trkpt lat="39.13561980240046977996826171875" lon="117.1882899664342403411865234375">
        <ele>1</ele>
        <time>2026-09-18T21:18:40.000Z</time>
        <extensions>
          <ns3:TrackPointExtension>
            <ns3:hr>123</ns3:hr>
            <ns3:cad>89</ns3:cad>
          </ns3:TrackPointExtension>
        </extensions>
      </trkpt>
      <trkpt lat="39.1355888731777667999267578125" lon="117.18828284181654453277587890625">
        <ele>1</ele>
        <time>2026-09-18T21:18:41.000Z</time>
        <extensions>
          <ns3:TrackPointExtension>
            <ns3:hr>123</ns3:hr>
            <ns3:cad>89</ns3:cad>
          </ns3:TrackPointExtension>
        </extensions>
      </trkpt>
      <trkpt lat="39.13556532002985477447509765625" lon="117.1882773935794830322265625">
        <ele>1</ele>
        <time>2026-09-18T21:18:42.000Z</time>
        <extensions>
          <ns3:TrackPointExtension>
            <ns3:hr>123</ns3:hr>
            <ns3:cad>89</ns3:cad>
          </ns3:TrackPointExtension>
        </extensions>
      </trkpt>
      <trkpt lat="39.13553514517843723297119140625" lon="117.18827445991337299346923828125">
        <ele>1</ele>
        <time>2026-09-18T21:18:43.000Z</time>
        <extensions>
          <ns3:TrackPointExtension>
            <ns3:hr>123</ns3:hr>
            <ns3:cad>89</ns3:cad>
          </ns3:TrackPointExtension>
        </extensions>
      </trkpt>
      <trkpt lat="39.135512597858905792236328125" lon="117.18827001750469207763671875">
        <ele>1</ele>
        <time>2026-09-18T21:18:44.000Z</time>
        <extensions>
          <ns3:TrackPointExtension>
            <ns3:hr>123</ns3:hr>
            <ns3:cad>89</ns3:cad>
          </ns3:TrackPointExtension>
        </extensions>
      </trkpt>
      <trkpt lat="39.1354835964739322662353515625" lon="117.18826624564826488494873046875">
        <ele>1</ele>
        <time>2026-09-18T21:18:45.000Z</time>
        <extensions>
          <ns3:TrackPointExtension>
            <ns3:hr>123</ns3:hr>
            <ns3:cad>89</ns3:cad>
          </ns3:TrackPointExtension>
        </extensions>
      </trkpt>
      <trkpt lat="39.135461635887622833251953125" lon="117.18826465308666229248046875">
        <ele>1</ele>
        <time>2026-09-18T21:18:46.000Z</time>
        <extensions>
          <ns3:TrackPointExtension>
            <ns3:hr>123</ns3:hr>
            <ns3:cad>89</ns3:cad>
          </ns3:TrackPointExtension>
        </extensions>
      </trkpt>
      <trkpt lat="39.13543380796909332275390625" lon="117.188263647258281707763671875">
        <ele>1</ele>
        <time>2026-09-18T21:18:47.000Z</time>
        <extensions>
          <ns3:TrackPointExtension>
            <ns3:hr>122</ns3:hr>
            <ns3:cad>89</ns3:cad>
          </ns3:TrackPointExtension>
        </extensions>
      </trkpt>
      <trkpt lat="39.1354145295917987823486328125" lon="117.18826255761086940765380859375">
        <ele>0.800000011920928955078125</ele>
        <time>2026-09-18T21:18:48.000Z</time>
        <extensions>
          <ns3:TrackPointExtension>
            <ns3:hr>123</ns3:hr>
            <ns3:cad>89</ns3:cad>
          </ns3:TrackPointExtension>
        </extensions>
      </trkpt>
      <trkpt lat="39.1353880427777767181396484375" lon="117.18826473690569400787353515625">
        <ele>0.800000011920928955078125</ele>
        <time>2026-09-18T21:18:49.000Z</time>
        <extensions>
          <ns3:TrackPointExtension>
            <ns3:hr>123</ns3:hr>
            <ns3:cad>89</ns3:cad>
          </ns3:TrackPointExtension>
        </extensions>
      </trkpt>
      <trkpt lat="39.1353659145534038543701171875" lon="117.1882614679634571075439453125">
        <ele>0.800000011920928955078125</ele>
        <time>2026-09-18T21:18:50.000Z</time>
        <extensions>
          <ns3:TrackPointExtension>
            <ns3:hr>123</ns3:hr>
            <ns3:cad>89</ns3:cad>
          </ns3:TrackPointExtension>
        </extensions>
      </trkpt>
      <trkpt lat="39.1353357397019863128662109375" lon="117.18826205469667911529541015625">
        <ele>0.800000011920928955078125</ele>
        <time>2026-09-18T21:18:51.000Z</time>
        <extensions>
          <ns3:TrackPointExtension>
            <ns3:hr>123</ns3:hr>
            <ns3:cad>89</ns3:cad>
          </ns3:TrackPointExtension>
        </extensions>
      </trkpt>
      <trkpt lat="39.13531042635440826416015625" lon="117.18826021067798137664794921875">
        <ele>1</ele>
        <time>2026-09-18T21:18:52.000Z</time>
        <extensions>
          <ns3:TrackPointExtension>
            <ns3:hr>123</ns3:hr>
            <ns3:cad>89</ns3:cad>
          </ns3:TrackPointExtension>
        </extensions>
      </trkpt>
      <trkpt lat="39.135277904570102691650390625" lon="117.18825685791671276092529296875">
        <ele>1</ele>
        <time>2026-09-18T21:18:53.000Z</time>
        <extensions>
          <ns3:TrackPointExtension>
            <ns3:hr>123</ns3:hr>
            <ns3:cad>89</ns3:cad>
          </ns3:TrackPointExtension>
        </extensions>
      </trkpt>
      <trkpt lat="39.13525334559381008148193359375" lon="117.18826054595410823822021484375">
        <ele>0.800000011920928955078125</ele>
        <time>2026-09-18T21:18:54.000Z</time>
        <extensions>
          <ns3:TrackPointExtension>
            <ns3:hr>123</ns3:hr>
            <ns3:cad>89</ns3:cad>
          </ns3:TrackPointExtension>
        </extensions>
      </trkpt>
      <trkpt lat="39.13522367365658283233642578125" lon="117.1882577799260616302490234375">
        <ele>1</ele>
        <time>2026-09-18T21:18:55.000Z</time>
        <extensions>
          <ns3:TrackPointExtension>
            <ns3:hr>123</ns3:hr>
            <ns3:cad>89</ns3:cad>
          </ns3:TrackPointExtension>
        </extensions>
      </trkpt>
      <trkpt lat="39.13520188070833683013916015625" lon="117.1882564388215541839599609375">
        <ele>1</ele>
        <time>2026-09-18T21:18:56.000Z</time>
        <extensions>
          <ns3:TrackPointExtension>
            <ns3:hr>123</ns3:hr>
            <ns3:cad>89</ns3:cad>
          </ns3:TrackPointExtension>
        </extensions>
      </trkpt>
      <trkpt lat="39.13517589680850505828857421875" lon="117.18825526535511016845703125">
        <ele>0.800000011920928955078125</ele>
        <time>2026-09-18T21:18:57.000Z</time>
        <extensions>
          <ns3:TrackPointExtension>
            <ns3:hr>123</ns3:hr>
            <ns3:cad>89</ns3:cad>
          </ns3:TrackPointExtension>
        </extensions>
      </trkpt>
      <trkpt lat="39.1351536847651004791259765625" lon="117.1882532536983489990234375">
        <ele>0.800000011920928955078125</ele>
        <time>2026-09-18T21:18:58.000Z</time>
        <extensions>
          <ns3:TrackPointExtension>
            <ns3:hr>123</ns3:hr>
            <ns3:cad>89</ns3:cad>
          </ns3:TrackPointExtension>
        </extensions>
      </trkpt>
      <trkpt lat="39.13512426428496837615966796875" lon="117.18825568445026874542236328125">
        <ele>0.800000011920928955078125</ele>
        <time>2026-09-18T21:18:59.000Z</time>
        <extensions>
          <ns3:TrackPointExtension>
            <ns3:hr>123</ns3:hr>
            <ns3:cad>89</ns3:cad>
          </ns3:TrackPointExtension>
        </extensions>
      </trkpt>
      <trkpt lat="39.1351003758609294891357421875" lon="117.18825451098382472991943359375">
        <ele>0.800000011920928955078125</ele>
        <time>2026-09-18T21:19:00.000Z</time>
        <extensions>
          <ns3:TrackPointExtension>
            <ns3:hr>122</ns3:hr>
            <ns3:cad>89</ns3:cad>
          </ns3:TrackPointExtension>
        </extensions>
      </trkpt>
      <trkpt lat="39.1350718773901462554931640625" lon="117.18825903721153736114501953125">
        <ele>0.800000011920928955078125</ele>
        <time>2026-09-18T21:19:01.000Z</time>
        <extensions>
          <ns3:TrackPointExtension>
            <ns3:hr>122</ns3:hr>
            <ns3:cad>89</ns3:cad>
          </ns3:TrackPointExtension>
        </extensions>
      </trkpt>
      <trkpt lat="39.1350460611283779144287109375" lon="117.18826104886829853057861328125">
        <ele>0.800000011920928955078125</ele>
        <time>2026-09-18T21:19:02.000Z</time>
        <extensions>
          <ns3:TrackPointExtension>
            <ns3:hr>122</ns3:hr>
            <ns3:cad>89</ns3:cad>
          </ns3:TrackPointExtension>
        </extensions>
      </trkpt>
      <trkpt lat="39.1350189037621021270751953125" lon="117.1882628090679645538330078125">
        <ele>0.800000011920928955078125</ele>
        <time>2026-09-18T21:19:03.000Z</time>
        <extensions>
          <ns3:TrackPointExtension>
            <ns3:hr>123</ns3:hr>
            <ns3:cad>89</ns3:cad>
          </ns3:TrackPointExtension>
        </extensions>
      </trkpt>
      <trkpt lat="39.13499526679515838623046875" lon="117.18825995922088623046875">
        <ele>0.800000011920928955078125</ele>
        <time>2026-09-18T21:19:04.000Z</time>
        <extensions>
          <ns3:TrackPointExtension>
            <ns3:hr>122</ns3:hr>
            <ns3:cad>89</ns3:cad>
          </ns3:TrackPointExtension>
        </extensions>
      </trkpt>
      <trkpt lat="39.1349682770669460296630859375" lon="117.18825886957347393035888671875">
        <ele>0.800000011920928955078125</ele>
        <time>2026-09-18T21:19:05.000Z</time>
        <extensions>
          <ns3:TrackPointExtension>
            <ns3:hr>122</ns3:hr>
            <ns3:cad>89</ns3:cad>
          </ns3:TrackPointExtension>
        </extensions>
      </trkpt>
      <trkpt lat="39.13494153879582881927490234375" lon="117.188257277011871337890625">
        <ele>0.800000011920928955078125</ele>
        <time>2026-09-18T21:19:06.000Z</time>
        <extensions>
          <ns3:TrackPointExtension>
            <ns3:hr>123</ns3:hr>
            <ns3:cad>89</ns3:cad>
          </ns3:TrackPointExtension>
        </extensions>
      </trkpt>
      <trkpt lat="39.13491354323923587799072265625" lon="117.18826071359217166900634765625">
        <ele>0.800000011920928955078125</ele>
        <time>2026-09-18T21:19:07.000Z</time>
        <extensions>
          <ns3:TrackPointExtension>
            <ns3:hr>122</ns3:hr>
            <ns3:cad>89</ns3:cad>
          </ns3:TrackPointExtension>
        </extensions>
      </trkpt>
      <trkpt lat="39.13488822989165782928466796875" lon="117.188258282840251922607421875">
        <ele>0.800000011920928955078125</ele>
        <time>2026-09-18T21:19:08.000Z</time>
        <extensions>
          <ns3:TrackPointExtension>
            <ns3:hr>122</ns3:hr>
            <ns3:cad>89</ns3:cad>
          </ns3:TrackPointExtension>
        </extensions>
      </trkpt>
      <trkpt lat="39.13486241362988948822021484375" lon="117.188260965049266815185546875">
        <ele>0.800000011920928955078125</ele>
        <time>2026-09-18T21:19:09.000Z</time>
        <extensions>
          <ns3:TrackPointExtension>
            <ns3:hr>123</ns3:hr>
            <ns3:cad>89</ns3:cad>
          </ns3:TrackPointExtension>
        </extensions>
      </trkpt>
      <trkpt lat="39.1348381899297237396240234375" lon="117.18825803138315677642822265625">
        <ele>0.800000011920928955078125</ele>
        <time>2026-09-18T21:19:10.000Z</time>
        <extensions>
          <ns3:TrackPointExtension>
            <ns3:hr>122</ns3:hr>
            <ns3:cad>90</ns3:cad>
          </ns3:TrackPointExtension>
        </extensions>
      </trkpt>
      <trkpt lat="39.13481228984892368316650390625" lon="117.18825920484960079193115234375">
        <ele>0.800000011920928955078125</ele>
        <time>2026-09-18T21:19:11.000Z</time>
        <extensions>
          <ns3:TrackPointExtension>
            <ns3:hr>122</ns3:hr>
            <ns3:cad>90</ns3:cad>
          </ns3:TrackPointExtension>
        </extensions>
      </trkpt>
      <trkpt lat="39.13478605449199676513671875" lon="117.1882597915828227996826171875">
        <ele>0.800000011920928955078125</ele>
        <time>2026-09-18T21:19:12.000Z</time>
        <extensions>
          <ns3:TrackPointExtension>
            <ns3:hr>122</ns3:hr>
            <ns3:cad>90</ns3:cad>
          </ns3:TrackPointExtension>
        </extensions>
      </trkpt>
      <trkpt lat="39.13476082496345043182373046875" lon="117.1882693469524383544921875">
        <ele>0.800000011920928955078125</ele>
        <time>2026-09-18T21:19:13.000Z</time>
        <extensions>
          <ns3:TrackPointExtension>
            <ns3:hr>123</ns3:hr>
            <ns3:cad>89</ns3:cad>
          </ns3:TrackPointExtension>
        </extensions>
      </trkpt>
      <trkpt lat="39.13473299704492092132568359375" lon="117.18827010132372379302978515625">
        <ele>0.800000011920928955078125</ele>
        <time>2026-09-18T21:19:14.000Z</time>
        <extensions>
          <ns3:TrackPointExtension>
            <ns3:hr>122</ns3:hr>
            <ns3:cad>89</ns3:cad>
          </ns3:TrackPointExtension>
        </extensions>
      </trkpt>
      <trkpt lat="39.13470651023089885711669921875" lon="117.188279069960117340087890625">
        <ele>0.800000011920928955078125</ele>
        <time>2026-09-18T21:19:15.000Z</time>
        <extensions>
          <ns3:TrackPointExtension>
            <ns3:hr>122</ns3:hr>
            <ns3:cad>89</ns3:cad>
          </ns3:TrackPointExtension>
        </extensions>
      </trkpt>
      <trkpt lat="39.13468010723590850830078125" lon="117.188276387751102447509765625">
        <ele>0.60000002384185791015625</ele>
        <time>2026-09-18T21:19:16.000Z</time>
        <extensions>
          <ns3:TrackPointExtension>
            <ns3:hr>122</ns3:hr>
            <ns3:cad>89</ns3:cad>
          </ns3:TrackPointExtension>
        </extensions>
      </trkpt>
      <trkpt lat="39.13465462625026702880859375" lon="117.1882825903594493865966796875">
        <ele>0.60000002384185791015625</ele>
        <time>2026-09-18T21:19:17.000Z</time>
        <extensions>
          <ns3:TrackPointExtension>
            <ns3:hr>122</ns3:hr>
            <ns3:cad>89</ns3:cad>
          </ns3:TrackPointExtension>
        </extensions>
      </trkpt>
      <trkpt lat="39.1346279717981815338134765625" lon="117.18828032724559307098388671875">
        <ele>0.60000002384185791015625</ele>
        <time>2026-09-18T21:19:18.000Z</time>
        <extensions>
          <ns3:TrackPointExtension>
            <ns3:hr>122</ns3:hr>
            <ns3:cad>89</ns3:cad>
          </ns3:TrackPointExtension>
        </extensions>
      </trkpt>
      <trkpt lat="39.134603329002857208251953125" lon="117.188290469348430633544921875">
        <ele>0.60000002384185791015625</ele>
        <time>2026-09-18T21:19:19.000Z</time>
        <extensions>
          <ns3:TrackPointExtension>
            <ns3:hr>122</ns3:hr>
            <ns3:cad>89</ns3:cad>
          </ns3:TrackPointExtension>
        </extensions>
      </trkpt>
      <trkpt lat="39.134574495255947113037109375" lon="117.1882934868335723876953125">
        <ele>0.800000011920928955078125</ele>
        <time>2026-09-18T21:19:20.000Z</time>
        <extensions>
          <ns3:TrackPointExtension>
            <ns3:hr>121</ns3:hr>
            <ns3:cad>89</ns3:cad>
          </ns3:TrackPointExtension>
        </extensions>
      </trkpt>
      <trkpt lat="39.13455094210803508758544921875" lon="117.1883010305464267730712890625">
        <ele>0.800000011920928955078125</ele>
        <time>2026-09-18T21:19:21.000Z</time>
        <extensions>
          <ns3:TrackPointExtension>
            <ns3:hr>122</ns3:hr>
            <ns3:cad>89</ns3:cad>
          </ns3:TrackPointExtension>
        </extensions>
      </trkpt>
      <trkpt lat="39.1345237009227275848388671875" lon="117.1882933191955089569091796875">
        <ele>0.800000011920928955078125</ele>
        <time>2026-09-18T21:19:22.000Z</time>
        <extensions>
          <ns3:TrackPointExtension>
            <ns3:hr>122</ns3:hr>
            <ns3:cad>89</ns3:cad>
          </ns3:TrackPointExtension>
        </extensions>
      </trkpt>
      <trkpt lat="39.134502075612545013427734375" lon="117.1883006952702999114990234375">
        <ele>0.800000011920928955078125</ele>
        <time>2026-09-18T21:19:23.000Z</time>
        <extensions>
          <ns3:TrackPointExtension>
            <ns3:hr>121</ns3:hr>
            <ns3:cad>89</ns3:cad>
          </ns3:TrackPointExtension>
        </extensions>
      </trkpt>
      <trkpt lat="39.1344730742275714874267578125" lon="117.1882966719567775726318359375">
        <ele>0.800000011920928955078125</ele>
        <time>2026-09-18T21:19:24.000Z</time>
        <extensions>
          <ns3:TrackPointExtension>
            <ns3:hr>122</ns3:hr>
            <ns3:cad>89</ns3:cad>
          </ns3:TrackPointExtension>
        </extensions>
      </trkpt>
      <trkpt lat="39.13445002399384975433349609375" lon="117.188299857079982757568359375">
        <ele>0.60000002384185791015625</ele>
        <time>2026-09-18T21:19:25.000Z</time>
        <extensions>
          <ns3:TrackPointExtension>
            <ns3:hr>122</ns3:hr>
            <ns3:cad>89</ns3:cad>
          </ns3:TrackPointExtension>
        </extensions>
      </trkpt>
      <trkpt lat="39.1344237886369228363037109375" lon="117.18830329366028308868408203125">
        <ele>0.800000011920928955078125</ele>
        <time>2026-09-18T21:19:26.000Z</time>
        <extensions>
          <ns3:TrackPointExtension>
            <ns3:hr>121</ns3:hr>
            <ns3:cad>90</ns3:cad>
          </ns3:TrackPointExtension>
        </extensions>
      </trkpt>
      <trkpt lat="39.1344003193080425262451171875" lon="117.188308574259281158447265625">
        <ele>0.800000011920928955078125</ele>
        <time>2026-09-18T21:19:27.000Z</time>
        <extensions>
          <ns3:TrackPointExtension>
            <ns3:hr>122</ns3:hr>
            <ns3:cad>90</ns3:cad>
          </ns3:TrackPointExtension>
        </extensions>
      </trkpt>
      <trkpt lat="39.13437969982624053955078125" lon="117.18831150792539119720458984375">
        <ele>0.800000011920928955078125</ele>
        <time>2026-09-18T21:19:28.000Z</time>
        <extensions>
          <ns3:TrackPointExtension>
            <ns3:hr>122</ns3:hr>
            <ns3:cad>90</ns3:cad>
          </ns3:TrackPointExtension>
        </extensions>
      </trkpt>
      <trkpt lat="39.1343513689935207366943359375" lon="117.1883198060095310211181640625">
        <ele>0.800000011920928955078125</ele>
        <time>2026-09-18T21:19:29.000Z</time>
        <extensions>
          <ns3:TrackPointExtension>
            <ns3:hr>121</ns3:hr>
            <ns3:cad>90</ns3:cad>
          </ns3:TrackPointExtension>
        </extensions>
      </trkpt>
      <trkpt lat="39.1343305818736553192138671875" lon="117.18832273967564105987548828125">
        <ele>0.800000011920928955078125</ele>
        <time>2026-09-18T21:19:30.000Z</time>
        <extensions>
          <ns3:TrackPointExtension>
            <ns3:hr>122</ns3:hr>
            <ns3:cad>90</ns3:cad>
          </ns3:TrackPointExtension>
        </extensions>
      </trkpt>
      <trkpt lat="39.13430417887866497039794921875" lon="117.1883271820843219757080078125">
        <ele>0.800000011920928955078125</ele>
        <time>2026-09-18T21:19:31.000Z</time>
        <extensions>
          <ns3:TrackPointExtension>
            <ns3:hr>122</ns3:hr>
            <ns3:cad>90</ns3:cad>
          </ns3:TrackPointExtension>
        </extensions>
      </trkpt>
      <trkpt lat="39.1342816315591335296630859375" lon="117.1883296966552734375">
        <ele>0.60000002384185791015625</ele>
        <time>2026-09-18T21:19:32.000Z</time>
        <extensions>
          <ns3:TrackPointExtension>
            <ns3:hr>121</ns3:hr>
            <ns3:cad>90</ns3:cad>
          </ns3:TrackPointExtension>
        </extensions>
      </trkpt>
      <trkpt lat="39.1342578269541263580322265625" lon="117.18833564780652523040771484375">
        <ele>0.60000002384185791015625</ele>
        <time>2026-09-18T21:19:33.000Z</time>
        <extensions>
          <ns3:TrackPointExtension>
            <ns3:hr>121</ns3:hr>
            <ns3:cad>90</ns3:cad>
          </ns3:TrackPointExtension>
        </extensions>
      </trkpt>
      <trkpt lat="39.13423209451138973236083984375" lon="117.18833279795944690704345703125">
        <ele>0.60000002384185791015625</ele>
        <time>2026-09-18T21:19:34.000Z</time>
        <extensions>
          <ns3:TrackPointExtension>
            <ns3:hr>121</ns3:hr>
            <ns3:cad>90</ns3:cad>
          </ns3:TrackPointExtension>
        </extensions>
      </trkpt>
      <trkpt lat="39.13420426659286022186279296875" lon="117.18833975493907928466796875">
        <ele>0.60000002384185791015625</ele>
        <time>2026-09-18T21:19:35.000Z</time>
        <extensions>
          <ns3:TrackPointExtension>
            <ns3:hr>121</ns3:hr>
            <ns3:cad>90</ns3:cad>
          </ns3:TrackPointExtension>
        </extensions>
      </trkpt>
      <trkpt lat="39.1341773606836795806884765625" lon="117.18834050931036472320556640625">
        <ele>0.800000011920928955078125</ele>
        <time>2026-09-18T21:19:36.000Z</time>
        <extensions>
          <ns3:TrackPointExtension>
            <ns3:hr>121</ns3:hr>
            <ns3:cad>90</ns3:cad>
          </ns3:TrackPointExtension>
        </extensions>
      </trkpt>
      <trkpt lat="39.13415162824094295501708984375" lon="117.18834671191871166229248046875">
        <ele>1</ele>
        <time>2026-09-18T21:19:37.000Z</time>
        <extensions>
          <ns3:TrackPointExtension>
            <ns3:hr>121</ns3:hr>
            <ns3:cad>90</ns3:cad>
          </ns3:TrackPointExtension>
        </extensions>
      </trkpt>
      <trkpt lat="39.1341277398169040679931640625" lon="117.188348807394504547119140625">
        <ele>1</ele>
        <time>2026-09-18T21:19:38.000Z</time>
        <extensions>
          <ns3:TrackPointExtension>
            <ns3:hr>121</ns3:hr>
            <ns3:cad>90</ns3:cad>
          </ns3:TrackPointExtension>
        </extensions>
      </trkpt>
      <trkpt lat="39.13410100154578685760498046875" lon="117.18835526145994663238525390625">
        <ele>1</ele>
        <time>2026-09-18T21:19:39.000Z</time>
        <extensions>
          <ns3:TrackPointExtension>
            <ns3:hr>121</ns3:hr>
            <ns3:cad>90</ns3:cad>
          </ns3:TrackPointExtension>
        </extensions>
      </trkpt>
      <trkpt lat="39.134078286588191986083984375" lon="117.18836045823991298675537109375">
        <ele>1</ele>
        <time>2026-09-18T21:19:40.000Z</time>
        <extensions>
          <ns3:TrackPointExtension>
            <ns3:hr>121</ns3:hr>
            <ns3:cad>90</ns3:cad>
          </ns3:TrackPointExtension>
        </extensions>
      </trkpt>
      <trkpt lat="39.1340512968599796295166015625" lon="117.18837194144725799560546875">
        <ele>1</ele>
        <time>2026-09-18T21:19:41.000Z</time>
        <extensions>
          <ns3:TrackPointExtension>
            <ns3:hr>121</ns3:hr>
            <ns3:cad>90</ns3:cad>
          </ns3:TrackPointExtension>
        </extensions>
      </trkpt>
      <trkpt lat="39.13402522914111614227294921875" lon="117.18837194144725799560546875">
        <ele>0.800000011920928955078125</ele>
        <time>2026-09-18T21:19:42.000Z</time>
        <extensions>
          <ns3:TrackPointExtension>
            <ns3:hr>121</ns3:hr>
            <ns3:cad>90</ns3:cad>
          </ns3:TrackPointExtension>
        </extensions>
      </trkpt>
      <trkpt lat="39.1340033523738384246826171875" lon="117.188385017216205596923828125">
        <ele>0.800000011920928955078125</ele>
        <time>2026-09-18T21:19:43.000Z</time>
        <extensions>
          <ns3:TrackPointExtension>
            <ns3:hr>121</ns3:hr>
            <ns3:cad>90</ns3:cad>
          </ns3:TrackPointExtension>
        </extensions>
      </trkpt>
      <trkpt lat="39.13397829048335552215576171875" lon="117.18839163891971111297607421875">
        <ele>0.800000011920928955078125</ele>
        <time>2026-09-18T21:19:44.000Z</time>
        <extensions>
          <ns3:TrackPointExtension>
            <ns3:hr>121</ns3:hr>
            <ns3:cad>90</ns3:cad>
          </ns3:TrackPointExtension>
        </extensions>
      </trkpt>
      <trkpt lat="39.1339530609548091888427734375" lon="117.1884007751941680908203125">
        <ele>0.800000011920928955078125</ele>
        <time>2026-09-18T21:19:45.000Z</time>
        <extensions>
          <ns3:TrackPointExtension>
            <ns3:hr>122</ns3:hr>
            <ns3:cad>89</ns3:cad>
          </ns3:TrackPointExtension>
        </extensions>
      </trkpt>
      <trkpt lat="39.13392866961658000946044921875" lon="117.18840387649834156036376953125">
        <ele>1</ele>
        <time>2026-09-18T21:19:46.000Z</time>
        <extensions>
          <ns3:TrackPointExtension>
            <ns3:hr>121</ns3:hr>
            <ns3:cad>89</ns3:cad>
          </ns3:TrackPointExtension>
        </extensions>
      </trkpt>
      <trkpt lat="39.133904278278350830078125" lon="117.1884113363921642303466796875">
        <ele>1</ele>
        <time>2026-09-18T21:19:47.000Z</time>
        <extensions>
          <ns3:TrackPointExtension>
            <ns3:hr>122</ns3:hr>
            <ns3:cad>89</ns3:cad>
          </ns3:TrackPointExtension>
        </extensions>
      </trkpt>
      <trkpt lat="39.1338779591023921966552734375" lon="117.18841527588665485382080078125">
        <ele>1</ele>
        <time>2026-09-18T21:19:48.000Z</time>
        <extensions>
          <ns3:TrackPointExtension>
            <ns3:hr>122</ns3:hr>
            <ns3:cad>90</ns3:cad>
          </ns3:TrackPointExtension>
        </extensions>
      </trkpt>
      <trkpt lat="39.13385130465030670166015625" lon="117.18842416070401668548583984375">
        <ele>1</ele>
        <time>2026-09-18T21:19:49.000Z</time>
        <extensions>
          <ns3:TrackPointExtension>
            <ns3:hr>122</ns3:hr>
            <ns3:cad>90</ns3:cad>
          </ns3:TrackPointExtension>
        </extensions>
      </trkpt>
      <trkpt lat="39.13382473401725292205810546875" lon="117.18843036331236362457275390625">
        <ele>1</ele>
        <time>2026-09-18T21:19:50.000Z</time>
        <extensions>
          <ns3:TrackPointExtension>
            <ns3:hr>122</ns3:hr>
            <ns3:cad>90</ns3:cad>
          </ns3:TrackPointExtension>
        </extensions>
      </trkpt>
      <trkpt lat="39.1337981633841991424560546875" lon="117.18844243325293064117431640625">
        <ele>1</ele>
        <time>2026-09-18T21:19:51.000Z</time>
        <extensions>
          <ns3:TrackPointExtension>
            <ns3:hr>121</ns3:hr>
            <ns3:cad>90</ns3:cad>
          </ns3:TrackPointExtension>
        </extensions>
      </trkpt>
      <trkpt lat="39.13376656360924243927001953125" lon="117.1884488873183727264404296875">
        <ele>1</ele>
        <time>2026-09-18T21:19:52.000Z</time>
        <extensions>
          <ns3:TrackPointExtension>
            <ns3:hr>122</ns3:hr>
            <ns3:cad>89</ns3:cad>
          </ns3:TrackPointExtension>
        </extensions>
      </trkpt>
      <trkpt lat="39.13374108262360095977783203125" lon="117.18846405856311321258544921875">
        <ele>1</ele>
        <time>2026-09-18T21:19:53.000Z</time>
        <extensions>
          <ns3:TrackPointExtension>
            <ns3:hr>122</ns3:hr>
            <ns3:cad>89</ns3:cad>
          </ns3:TrackPointExtension>
        </extensions>
      </trkpt>
      <trkpt lat="39.1337156854569911956787109375" lon="117.1884743683040142059326171875">
        <ele>1</ele>
        <time>2026-09-18T21:19:54.000Z</time>
        <extensions>
          <ns3:TrackPointExtension>
            <ns3:hr>122</ns3:hr>
            <ns3:cad>89</ns3:cad>
          </ns3:TrackPointExtension>
        </extensions>
      </trkpt>
      <trkpt lat="39.13369079120457172393798828125" lon="117.1884847618639469146728515625">
        <ele>1</ele>
        <time>2026-09-18T21:19:55.000Z</time>
        <extensions>
          <ns3:TrackPointExtension>
            <ns3:hr>122</ns3:hr>
            <ns3:cad>89</ns3:cad>
          </ns3:TrackPointExtension>
        </extensions>
      </trkpt>
      <trkpt lat="39.1336633823812007904052734375" lon="117.18848903663456439971923828125">
        <ele>1</ele>
        <time>2026-09-18T21:19:56.000Z</time>
        <extensions>
          <ns3:TrackPointExtension>
            <ns3:hr>122</ns3:hr>
            <ns3:cad>89</ns3:cad>
          </ns3:TrackPointExtension>
        </extensions>
      </trkpt>
      <trkpt lat="39.1336422599852085113525390625" lon="117.1885025314986705780029296875">
        <ele>1</ele>
        <time>2026-09-18T21:19:57.000Z</time>
        <extensions>
          <ns3:TrackPointExtension>
            <ns3:hr>122</ns3:hr>
            <ns3:cad>89</ns3:cad>
          </ns3:TrackPointExtension>
        </extensions>
      </trkpt>
      <trkpt lat="39.13361770100891590118408203125" lon="117.18851049430668354034423828125">
        <ele>1</ele>
        <time>2026-09-18T21:19:58.000Z</time>
        <extensions>
          <ns3:TrackPointExtension>
            <ns3:hr>122</ns3:hr>
            <ns3:cad>89</ns3:cad>
          </ns3:TrackPointExtension>
        </extensions>
      </trkpt>
      <trkpt lat="39.1335939802229404449462890625" lon="117.1885253302752971649169921875">
        <ele>1</ele>
        <time>2026-09-18T21:19:59.000Z</time>
        <extensions>
          <ns3:TrackPointExtension>
            <ns3:hr>122</ns3:hr>
            <ns3:cad>89</ns3:cad>
          </ns3:TrackPointExtension>
        </extensions>
      </trkpt>
      <trkpt lat="39.13357126526534557342529296875" lon="117.18853714875876903533935546875">
        <ele>1</ele>
        <time>2026-09-18T21:20:00.000Z</time>
        <extensions>
          <ns3:TrackPointExtension>
            <ns3:hr>122</ns3:hr>
            <ns3:cad>89</ns3:cad>
          </ns3:TrackPointExtension>
        </extensions>
      </trkpt>
      <trkpt lat="39.1335462033748626708984375" lon="117.18855273909866809844970703125">
        <ele>1</ele>
        <time>2026-09-18T21:20:01.000Z</time>
        <extensions>
          <ns3:TrackPointExtension>
            <ns3:hr>122</ns3:hr>
            <ns3:cad>89</ns3:cad>
          </ns3:TrackPointExtension>
        </extensions>
      </trkpt>
      <trkpt lat="39.13352013565599918365478515625" lon="117.188563384115695953369140625">
        <ele>1</ele>
        <time>2026-09-18T21:20:02.000Z</time>
        <extensions>
          <ns3:TrackPointExtension>
            <ns3:hr>122</ns3:hr>
            <ns3:cad>89</ns3:cad>
          </ns3:TrackPointExtension>
        </extensions>
      </trkpt>
      <trkpt lat="39.13349834270775318145751953125" lon="117.18857939355075359344482421875">
        <ele>1</ele>
        <time>2026-09-18T21:20:03.000Z</time>
        <extensions>
          <ns3:TrackPointExtension>
            <ns3:hr>122</ns3:hr>
            <ns3:cad>89</ns3:cad>
          </ns3:TrackPointExtension>
        </extensions>
      </trkpt>
      <trkpt lat="39.1334737837314605712890625" lon="117.18858911655843257904052734375">
        <ele>1</ele>
        <time>2026-09-18T21:20:04.000Z</time>
        <extensions>
          <ns3:TrackPointExtension>
            <ns3:hr>122</ns3:hr>
            <ns3:cad>89</ns3:cad>
          </ns3:TrackPointExtension>
        </extensions>
      </trkpt>
      <trkpt lat="39.133456014096736907958984375" lon="117.18860319815576076507568359375">
        <ele>1</ele>
        <time>2026-09-18T21:20:05.000Z</time>
        <extensions>
          <ns3:TrackPointExtension>
            <ns3:hr>121</ns3:hr>
            <ns3:cad>89</ns3:cad>
          </ns3:TrackPointExtension>
        </extensions>
      </trkpt>
      <trkpt lat="39.13343179039657115936279296875" lon="117.18860873021185398101806640625">
        <ele>1</ele>
        <time>2026-09-18T21:20:06.000Z</time>
        <extensions>
          <ns3:TrackPointExtension>
            <ns3:hr>122</ns3:hr>
            <ns3:cad>89</ns3:cad>
          </ns3:TrackPointExtension>
        </extensions>
      </trkpt>
      <trkpt lat="39.13341016508638858795166015625" lon="117.1886198781430721282958984375">
        <ele>1</ele>
        <time>2026-09-18T21:20:07.000Z</time>
        <extensions>
          <ns3:TrackPointExtension>
            <ns3:hr>121</ns3:hr>
            <ns3:cad>89</ns3:cad>
          </ns3:TrackPointExtension>
        </extensions>
      </trkpt>
      <trkpt lat="39.1333825886249542236328125" lon="117.1886265836656093597412109375">
        <ele>0.800000011920928955078125</ele>
        <time>2026-09-18T21:20:08.000Z</time>
        <extensions>
          <ns3:TrackPointExtension>
            <ns3:hr>121</ns3:hr>
            <ns3:cad>89</ns3:cad>
          </ns3:TrackPointExtension>
        </extensions>
      </trkpt>
      <trkpt lat="39.13336473517119884490966796875" lon="117.18864158727228641510009765625">
        <ele>0.800000011920928955078125</ele>
        <time>2026-09-18T21:20:09.000Z</time>
        <extensions>
          <ns3:TrackPointExtension>
            <ns3:hr>121</ns3:hr>
            <ns3:cad>89</ns3:cad>
          </ns3:TrackPointExtension>
        </extensions>
      </trkpt>
      <trkpt lat="39.133335985243320465087890625" lon="117.1886480413377285003662109375">
        <ele>0.800000011920928955078125</ele>
        <time>2026-09-18T21:20:10.000Z</time>
        <extensions>
          <ns3:TrackPointExtension>
            <ns3:hr>121</ns3:hr>
            <ns3:cad>89</ns3:cad>
          </ns3:TrackPointExtension>
        </extensions>
      </trkpt>
      <trkpt lat="39.13331729359924793243408203125" lon="117.1886627934873104095458984375">
        <ele>0.800000011920928955078125</ele>
        <time>2026-09-18T21:20:11.000Z</time>
        <extensions>
          <ns3:TrackPointExtension>
            <ns3:hr>121</ns3:hr>
            <ns3:cad>88</ns3:cad>
          </ns3:TrackPointExtension>
        </extensions>
      </trkpt>
      <trkpt lat="39.1332885436713695526123046875" lon="117.1886694990098476409912109375">
        <ele>0.800000011920928955078125</ele>
        <time>2026-09-18T21:20:12.000Z</time>
        <extensions>
          <ns3:TrackPointExtension>
            <ns3:hr>121</ns3:hr>
            <ns3:cad>89</ns3:cad>
          </ns3:TrackPointExtension>
        </extensions>
      </trkpt>
      <trkpt lat="39.13326792418956756591796875" lon="117.1886815689504146575927734375">
        <ele>1</ele>
        <time>2026-09-18T21:20:13.000Z</time>
        <extensions>
          <ns3:TrackPointExtension>
            <ns3:hr>121</ns3:hr>
            <ns3:cad>89</ns3:cad>
          </ns3:TrackPointExtension>
        </extensions>
      </trkpt>
      <trkpt lat="39.13323749788105487823486328125" lon="117.18868768773972988128662109375">
        <ele>1</ele>
        <time>2026-09-18T21:20:14.000Z</time>
        <extensions>
          <ns3:TrackPointExtension>
            <ns3:hr>121</ns3:hr>
            <ns3:cad>89</ns3:cad>
          </ns3:TrackPointExtension>
        </extensions>
      </trkpt>
      <trkpt lat="39.1332201473414897918701171875" lon="117.1887053735554218292236328125">
        <ele>1</ele>
        <time>2026-09-18T21:20:15.000Z</time>
        <extensions>
          <ns3:TrackPointExtension>
            <ns3:hr>121</ns3:hr>
            <ns3:cad>90</ns3:cad>
          </ns3:TrackPointExtension>
        </extensions>
      </trkpt>
      <trkpt lat="39.13318955339491367340087890625" lon="117.1887164376676082611083984375">
        <ele>1</ele>
        <time>2026-09-18T21:20:16.000Z</time>
        <extensions>
          <ns3:TrackPointExtension>
            <ns3:hr>121</ns3:hr>
            <ns3:cad>90</ns3:cad>
          </ns3:TrackPointExtension>
        </extensions>
      </trkpt>
      <trkpt lat="39.13316843099892139434814453125" lon="117.1887318603694438934326171875">
        <ele>1</ele>
        <time>2026-09-18T21:20:17.000Z</time>
        <extensions>
          <ns3:TrackPointExtension>
            <ns3:hr>121</ns3:hr>
            <ns3:cad>89</ns3:cad>
          </ns3:TrackPointExtension>
        </extensions>
      </trkpt>
      <trkpt lat="39.133136160671710968017578125" lon="117.18873932026326656341552734375">
        <ele>1</ele>
        <time>2026-09-18T21:20:18.000Z</time>
        <extensions>
          <ns3:TrackPointExtension>
            <ns3:hr>121</ns3:hr>
            <ns3:cad>88</ns3:cad>
          </ns3:TrackPointExtension>
        </extensions>
      </trkpt>
      <trkpt lat="39.1331172175705432891845703125" lon="117.18875457532703876495361328125">
        <ele>1</ele>
        <time>2026-09-18T21:20:19.000Z</time>
        <extensions>
          <ns3:TrackPointExtension>
            <ns3:hr>121</ns3:hr>
            <ns3:cad>88</ns3:cad>
          </ns3:TrackPointExtension>
        </extensions>
      </trkpt>
      <trkpt lat="39.13308511488139629364013671875" lon="117.18876429833471775054931640625">
        <ele>1</ele>
        <time>2026-09-18T21:20:20.000Z</time>
        <extensions>
          <ns3:TrackPointExtension>
            <ns3:hr>122</ns3:hr>
            <ns3:cad>88</ns3:cad>
          </ns3:TrackPointExtension>
        </extensions>
      </trkpt>
      <trkpt lat="39.13307019509375095367431640625" lon="117.18877804465591907501220703125">
        <ele>1</ele>
        <time>2026-09-18T21:20:21.000Z</time>
        <extensions>
          <ns3:TrackPointExtension>
            <ns3:hr>122</ns3:hr>
            <ns3:cad>88</ns3:cad>
          </ns3:TrackPointExtension>
        </extensions>
      </trkpt>
      <trkpt lat="39.1330347396433353424072265625" lon="117.188790030777454376220703125">
        <ele>1</ele>
        <time>2026-09-18T21:20:22.000Z</time>
        <extensions>
          <ns3:TrackPointExtension>
            <ns3:hr>122</ns3:hr>
            <ns3:cad>88</ns3:cad>
          </ns3:TrackPointExtension>
        </extensions>
      </trkpt>
      <trkpt lat="39.13301579654216766357421875" lon="117.188800089061260223388671875">
        <ele>1</ele>
        <time>2026-09-18T21:20:23.000Z</time>
        <extensions>
          <ns3:TrackPointExtension>
            <ns3:hr>122</ns3:hr>
            <ns3:cad>89</ns3:cad>
          </ns3:TrackPointExtension>
        </extensions>
      </trkpt>
      <trkpt lat="39.13298469968140125274658203125" lon="117.18881224282085895538330078125">
        <ele>0.800000011920928955078125</ele>
        <time>2026-09-18T21:20:24.000Z</time>
        <extensions>
          <ns3:TrackPointExtension>
            <ns3:hr>122</ns3:hr>
            <ns3:cad>89</ns3:cad>
          </ns3:TrackPointExtension>
        </extensions>
      </trkpt>
      <trkpt lat="39.13296860642731189727783203125" lon="117.188827581703662872314453125">
        <ele>0.800000011920928955078125</ele>
        <time>2026-09-18T21:20:25.000Z</time>
        <extensions>
          <ns3:TrackPointExtension>
            <ns3:hr>122</ns3:hr>
            <ns3:cad>89</ns3:cad>
          </ns3:TrackPointExtension>
        </extensions>
      </trkpt>
      <trkpt lat="39.132941029965877532958984375" lon="117.18883185647428035736083984375">
        <ele>0.800000011920928955078125</ele>
        <time>2026-09-18T21:20:26.000Z</time>
        <extensions>
          <ns3:TrackPointExtension>
            <ns3:hr>122</ns3:hr>
            <ns3:cad>89</ns3:cad>
          </ns3:TrackPointExtension>
        </extensions>
      </trkpt>
      <trkpt lat="39.132922254502773284912109375" lon="117.1888460218906402587890625">
        <ele>0.800000011920928955078125</ele>
        <time>2026-09-18T21:20:27.000Z</time>
        <extensions>
          <ns3:TrackPointExtension>
            <ns3:hr>122</ns3:hr>
            <ns3:cad>90</ns3:cad>
          </ns3:TrackPointExtension>
        </extensions>
      </trkpt>
      <trkpt lat="39.13289333693683147430419921875" lon="117.18885683454573154449462890625">
        <ele>0.800000011920928955078125</ele>
        <time>2026-09-18T21:20:28.000Z</time>
        <extensions>
          <ns3:TrackPointExtension>
            <ns3:hr>121</ns3:hr>
            <ns3:cad>90</ns3:cad>
          </ns3:TrackPointExtension>
        </extensions>
      </trkpt>
      <trkpt lat="39.13286534138023853302001953125" lon="117.18886622227728366851806640625">
        <ele>0.800000011920928955078125</ele>
        <time>2026-09-18T21:20:29.000Z</time>
        <extensions>
          <ns3:TrackPointExtension>
            <ns3:hr>121</ns3:hr>
            <ns3:cad>90</ns3:cad>
          </ns3:TrackPointExtension>
        </extensions>
      </trkpt>
      <trkpt lat="39.13283332251012325286865234375" lon="117.18888231553137302398681640625">
        <ele>0.800000011920928955078125</ele>
        <time>2026-09-18T21:20:30.000Z</time>
        <extensions>
          <ns3:TrackPointExtension>
            <ns3:hr>121</ns3:hr>
            <ns3:cad>90</ns3:cad>
          </ns3:TrackPointExtension>
        </extensions>
      </trkpt>
      <trkpt lat="39.13280230946838855743408203125" lon="117.18888558447360992431640625">
        <ele>1</ele>
        <time>2026-09-18T21:20:31.000Z</time>
        <extensions>
          <ns3:TrackPointExtension>
            <ns3:hr>121</ns3:hr>
            <ns3:cad>90</ns3:cad>
          </ns3:TrackPointExtension>
        </extensions>
      </trkpt>
      <trkpt lat="39.13277766667306423187255859375" lon="117.18891374766826629638671875">
        <ele>1</ele>
        <time>2026-09-18T21:20:32.000Z</time>
        <extensions>
          <ns3:TrackPointExtension>
            <ns3:hr>122</ns3:hr>
            <ns3:cad>90</ns3:cad>
          </ns3:TrackPointExtension>
        </extensions>
      </trkpt>
      <trkpt lat="39.132761992514133453369140625" lon="117.18892908655107021331787109375">
        <ele>1</ele>
        <time>2026-09-18T21:20:33.000Z</time>
        <extensions>
          <ns3:TrackPointExtension>
            <ns3:hr>122</ns3:hr>
            <ns3:cad>90</ns3:cad>
          </ns3:TrackPointExtension>
        </extensions>
      </trkpt>
      <trkpt lat="39.1327393613755702972412109375" lon="117.18894585035741329193115234375">
        <ele>1</ele>
        <time>2026-09-18T21:20:34.000Z</time>
        <extensions>
          <ns3:TrackPointExtension>
            <ns3:hr>122</ns3:hr>
            <ns3:cad>90</ns3:cad>
          </ns3:TrackPointExtension>
        </extensions>
      </trkpt>
      <trkpt lat="39.13271999917924404144287109375" lon="117.1889645420014858245849609375">
        <ele>1.2000000476837158203125</ele>
        <time>2026-09-18T21:20:35.000Z</time>
        <extensions>
          <ns3:TrackPointExtension>
            <ns3:hr>122</ns3:hr>
            <ns3:cad>90</ns3:cad>
          </ns3:TrackPointExtension>
        </extensions>
      </trkpt>
      <trkpt lat="39.13270197808742523193359375" lon="117.18898088671267032623291015625">
        <ele>1.2000000476837158203125</ele>
        <time>2026-09-18T21:20:36.000Z</time>
        <extensions>
          <ns3:TrackPointExtension>
            <ns3:hr>122</ns3:hr>
            <ns3:cad>88</ns3:cad>
          </ns3:TrackPointExtension>
        </extensions>
      </trkpt>
      <trkpt lat="39.1326837055385112762451171875" lon="117.1889963932335376739501953125">
        <ele>1</ele>
        <time>2026-09-18T21:20:37.000Z</time>
        <extensions>
          <ns3:TrackPointExtension>
            <ns3:hr>122</ns3:hr>
            <ns3:cad>88</ns3:cad>
          </ns3:TrackPointExtension>
        </extensions>
      </trkpt>
      <trkpt lat="39.13266518153250217437744140625" lon="117.1890138275921344757080078125">
        <ele>1</ele>
        <time>2026-09-18T21:20:38.000Z</time>
        <extensions>
          <ns3:TrackPointExtension>
            <ns3:hr>123</ns3:hr>
            <ns3:cad>89</ns3:cad>
          </ns3:TrackPointExtension>
        </extensions>
      </trkpt>
      <trkpt lat="39.1326491720974445343017578125" lon="117.189029417932033538818359375">
        <ele>1</ele>
        <time>2026-09-18T21:20:39.000Z</time>
        <extensions>
          <ns3:TrackPointExtension>
            <ns3:hr>123</ns3:hr>
            <ns3:cad>89</ns3:cad>
          </ns3:TrackPointExtension>
        </extensions>
      </trkpt>
      <trkpt lat="39.13263416849076747894287109375" lon="117.18904542736709117889404296875">
        <ele>1</ele>
        <time>2026-09-18T21:20:40.000Z</time>
        <extensions>
          <ns3:TrackPointExtension>
            <ns3:hr>123</ns3:hr>
            <ns3:cad>89</ns3:cad>
          </ns3:TrackPointExtension>
        </extensions>
      </trkpt>
      <trkpt lat="39.13261556066572666168212890625" lon="117.18906822614371776580810546875">
        <ele>1</ele>
        <time>2026-09-18T21:20:41.000Z</time>
        <extensions>
          <ns3:TrackPointExtension>
            <ns3:hr>122</ns3:hr>
            <ns3:cad>90</ns3:cad>
          </ns3:TrackPointExtension>
        </extensions>
      </trkpt>
      <trkpt lat="39.1325925104320049285888671875" lon="117.18908800743520259857177734375">
        <ele>1</ele>
        <time>2026-09-18T21:20:42.000Z</time>
        <extensions>
          <ns3:TrackPointExtension>
            <ns3:hr>123</ns3:hr>
            <ns3:cad>90</ns3:cad>
          </ns3:TrackPointExtension>
        </extensions>
      </trkpt>
      <trkpt lat="39.13255982100963592529296875" lon="117.18909773044288158416748046875">
        <ele>1</ele>
        <time>2026-09-18T21:20:43.000Z</time>
        <extensions>
          <ns3:TrackPointExtension>
            <ns3:hr>123</ns3:hr>
            <ns3:cad>90</ns3:cad>
          </ns3:TrackPointExtension>
        </extensions>
      </trkpt>
      <trkpt lat="39.132537357509136199951171875" lon="117.18912899494171142578125">
        <ele>1</ele>
        <time>2026-09-18T21:20:44.000Z</time>
        <extensions>
          <ns3:TrackPointExtension>
            <ns3:hr>123</ns3:hr>
            <ns3:cad>90</ns3:cad>
          </ns3:TrackPointExtension>
        </extensions>
      </trkpt>
      <trkpt lat="39.13251212798058986663818359375" lon="117.1891512908041477203369140625">
        <ele>1.2000000476837158203125</ele>
        <time>2026-09-18T21:20:45.000Z</time>
        <extensions>
          <ns3:TrackPointExtension>
            <ns3:hr>123</ns3:hr>
            <ns3:cad>90</ns3:cad>
          </ns3:TrackPointExtension>
        </extensions>
      </trkpt>
      <trkpt lat="39.13248430006206035614013671875" lon="117.18917082063853740692138671875">
        <ele>1.2000000476837158203125</ele>
        <time>2026-09-18T21:20:46.000Z</time>
        <extensions>
          <ns3:TrackPointExtension>
            <ns3:hr>123</ns3:hr>
            <ns3:cad>90</ns3:cad>
          </ns3:TrackPointExtension>
        </extensions>
      </trkpt>
      <trkpt lat="39.1324604116380214691162109375" lon="117.189179956912994384765625">
        <ele>1.2000000476837158203125</ele>
        <time>2026-09-18T21:20:47.000Z</time>
        <extensions>
          <ns3:TrackPointExtension>
            <ns3:hr>122</ns3:hr>
            <ns3:cad>90</ns3:cad>
          </ns3:TrackPointExtension>
        </extensions>
      </trkpt>
      <trkpt lat="39.132433421909809112548828125" lon="117.18920015729963779449462890625">
        <ele>1.2000000476837158203125</ele>
        <time>2026-09-18T21:20:48.000Z</time>
        <extensions>
          <ns3:TrackPointExtension>
            <ns3:hr>123</ns3:hr>
            <ns3:cad>90</ns3:cad>
          </ns3:TrackPointExtension>
        </extensions>
      </trkpt>
      <trkpt lat="39.1324141435325145721435546875" lon="117.18921256251633167266845703125">
        <ele>1.2000000476837158203125</ele>
        <time>2026-09-18T21:20:49.000Z</time>
        <extensions>
          <ns3:TrackPointExtension>
            <ns3:hr>123</ns3:hr>
            <ns3:cad>89</ns3:cad>
          </ns3:TrackPointExtension>
        </extensions>
      </trkpt>
      <trkpt lat="39.13238815963268280029296875" lon="117.18923368491232395172119140625">
        <ele>1.2000000476837158203125</ele>
        <time>2026-09-18T21:20:50.000Z</time>
        <extensions>
          <ns3:TrackPointExtension>
            <ns3:hr>123</ns3:hr>
            <ns3:cad>89</ns3:cad>
          </ns3:TrackPointExtension>
        </extensions>
      </trkpt>
      <trkpt lat="39.1323742456734180450439453125" lon="117.189249694347381591796875">
        <ele>1</ele>
        <time>2026-09-18T21:20:51.000Z</time>
        <extensions>
          <ns3:TrackPointExtension>
            <ns3:hr>123</ns3:hr>
            <ns3:cad>89</ns3:cad>
          </ns3:TrackPointExtension>
        </extensions>
      </trkpt>
      <trkpt lat="39.1323484294116497039794921875" lon="117.1892699785530567169189453125">
        <ele>1</ele>
        <time>2026-09-18T21:20:52.000Z</time>
        <extensions>
          <ns3:TrackPointExtension>
            <ns3:hr>123</ns3:hr>
            <ns3:cad>90</ns3:cad>
          </ns3:TrackPointExtension>
        </extensions>
      </trkpt>
      <trkpt lat="39.13233392871916294097900390625" lon="117.1892911009490489959716796875">
        <ele>1</ele>
        <time>2026-09-18T21:20:53.000Z</time>
        <extensions>
          <ns3:TrackPointExtension>
            <ns3:hr>124</ns3:hr>
            <ns3:cad>90</ns3:cad>
          </ns3:TrackPointExtension>
        </extensions>
      </trkpt>
      <trkpt lat="39.132310040295124053955078125" lon="117.18931113369762897491455078125">
        <ele>1.2000000476837158203125</ele>
        <time>2026-09-18T21:20:54.000Z</time>
        <extensions>
          <ns3:TrackPointExtension>
            <ns3:hr>124</ns3:hr>
            <ns3:cad>90</ns3:cad>
          </ns3:TrackPointExtension>
        </extensions>
      </trkpt>
      <trkpt lat="39.13229637779295444488525390625" lon="117.1893341839313507080078125">
        <ele>1</ele>
        <time>2026-09-18T21:20:55.000Z</time>
        <extensions>
          <ns3:TrackPointExtension>
            <ns3:hr>124</ns3:hr>
            <ns3:cad>90</ns3:cad>
          </ns3:TrackPointExtension>
        </extensions>
      </trkpt>
      <trkpt lat="39.13227341137826442718505859375" lon="117.18936276622116565704345703125">
        <ele>1</ele>
        <time>2026-09-18T21:20:56.000Z</time>
        <extensions>
          <ns3:TrackPointExtension>
            <ns3:hr>123</ns3:hr>
            <ns3:cad>89</ns3:cad>
          </ns3:TrackPointExtension>
        </extensions>
      </trkpt>
      <trkpt lat="39.13226167671382427215576171875" lon="117.18938372097909450531005859375">
        <ele>1</ele>
        <time>2026-09-18T21:20:57.000Z</time>
        <extensions>
          <ns3:TrackPointExtension>
            <ns3:hr>124</ns3:hr>
            <ns3:cad>89</ns3:cad>
          </ns3:TrackPointExtension>
        </extensions>
      </trkpt>
      <trkpt lat="39.13224105723202228546142578125" lon="117.18940936960279941558837890625">
        <ele>1</ele>
        <time>2026-09-18T21:20:58.000Z</time>
        <extensions>
          <ns3:TrackPointExtension>
            <ns3:hr>124</ns3:hr>
            <ns3:cad>89</ns3:cad>
          </ns3:TrackPointExtension>
        </extensions>
      </trkpt>
      <trkpt lat="39.13223032839596271514892578125" lon="117.18942998908460140228271484375">
        <ele>1</ele>
        <time>2026-09-18T21:20:59.000Z</time>
        <extensions>
          <ns3:TrackPointExtension>
            <ns3:hr>123</ns3:hr>
            <ns3:cad>89</ns3:cad>
          </ns3:TrackPointExtension>
        </extensions>
      </trkpt>
      <trkpt lat="39.13220987655222415924072265625" lon="117.18945547007024288177490234375">
        <ele>1</ele>
        <time>2026-09-18T21:21:00.000Z</time>
        <extensions>
          <ns3:TrackPointExtension>
            <ns3:hr>124</ns3:hr>
            <ns3:cad>89</ns3:cad>
          </ns3:TrackPointExtension>
        </extensions>
      </trkpt>
      <trkpt lat="39.1321957111358642578125" lon="117.1894765086472034454345703125">
        <ele>1</ele>
        <time>2026-09-18T21:21:01.000Z</time>
        <extensions>
          <ns3:TrackPointExtension>
            <ns3:hr>124</ns3:hr>
            <ns3:cad>89</ns3:cad>
          </ns3:TrackPointExtension>
        </extensions>
      </trkpt>
      <trkpt lat="39.132169894874095916748046875" lon="117.1895019896328449249267578125">
        <ele>1</ele>
        <time>2026-09-18T21:21:02.000Z</time>
        <extensions>
          <ns3:TrackPointExtension>
            <ns3:hr>123</ns3:hr>
            <ns3:cad>89</ns3:cad>
          </ns3:TrackPointExtension>
        </extensions>
      </trkpt>
      <trkpt lat="39.13215346634387969970703125" lon="117.18952202238142490386962890625">
        <ele>1</ele>
        <time>2026-09-18T21:21:03.000Z</time>
        <extensions>
          <ns3:TrackPointExtension>
            <ns3:hr>124</ns3:hr>
            <ns3:cad>89</ns3:cad>
          </ns3:TrackPointExtension>
        </extensions>
      </trkpt>
      <trkpt lat="39.13212790153920650482177734375" lon="117.189543731510639190673828125">
        <ele>1</ele>
        <time>2026-09-18T21:21:04.000Z</time>
        <extensions>
          <ns3:TrackPointExtension>
            <ns3:hr>124</ns3:hr>
            <ns3:cad>90</ns3:cad>
          </ns3:TrackPointExtension>
        </extensions>
      </trkpt>
      <trkpt lat="39.13211331702768802642822265625" lon="117.18956091441214084625244140625">
        <ele>1</ele>
        <time>2026-09-18T21:21:05.000Z</time>
        <extensions>
          <ns3:TrackPointExtension>
            <ns3:hr>123</ns3:hr>
            <ns3:cad>90</ns3:cad>
          </ns3:TrackPointExtension>
        </extensions>
      </trkpt>
      <trkpt lat="39.1320912726223468780517578125" lon="117.18958321027457714080810546875">
        <ele>1</ele>
        <time>2026-09-18T21:21:06.000Z</time>
        <extensions>
          <ns3:TrackPointExtension>
            <ns3:hr>124</ns3:hr>
            <ns3:cad>89</ns3:cad>
          </ns3:TrackPointExtension>
        </extensions>
      </trkpt>
      <trkpt lat="39.132077693939208984375" lon="117.1895998902618885040283203125">
        <ele>1</ele>
        <time>2026-09-18T21:21:07.000Z</time>
        <extensions>
          <ns3:TrackPointExtension>
            <ns3:hr>124</ns3:hr>
            <ns3:cad>89</ns3:cad>
          </ns3:TrackPointExtension>
        </extensions>
      </trkpt>
      <trkpt lat="39.13205447606742382049560546875" lon="117.18962185084819793701171875">
        <ele>1</ele>
        <time>2026-09-18T21:21:08.000Z</time>
        <extensions>
          <ns3:TrackPointExtension>
            <ns3:hr>124</ns3:hr>
            <ns3:cad>88</ns3:cad>
          </ns3:TrackPointExtension>
        </extensions>
      </trkpt>
      <trkpt lat="39.13203955627977848052978515625" lon="117.18964355997741222381591796875">
        <ele>1</ele>
        <time>2026-09-18T21:21:09.000Z</time>
        <extensions>
          <ns3:TrackPointExtension>
            <ns3:hr>123</ns3:hr>
            <ns3:cad>88</ns3:cad>
          </ns3:TrackPointExtension>
        </extensions>
      </trkpt>
      <trkpt lat="39.1320158354938030242919921875" lon="117.18967189081013202667236328125">
        <ele>1</ele>
        <time>2026-09-18T21:21:10.000Z</time>
        <extensions>
          <ns3:TrackPointExtension>
            <ns3:hr>124</ns3:hr>
            <ns3:cad>88</ns3:cad>
          </ns3:TrackPointExtension>
        </extensions>
      </trkpt>
      <trkpt lat="39.13199923932552337646484375" lon="117.1896944381296634674072265625">
        <ele>1</ele>
        <time>2026-09-18T21:21:11.000Z</time>
        <extensions>
          <ns3:TrackPointExtension>
            <ns3:hr>123</ns3:hr>
            <ns3:cad>88</ns3:cad>
          </ns3:TrackPointExtension>
        </extensions>
      </trkpt>
      <trkpt lat="39.13197568617761135101318359375" lon="117.18972109258174896240234375">
        <ele>0.800000011920928955078125</ele>
        <time>2026-09-18T21:21:12.000Z</time>
        <extensions>
          <ns3:TrackPointExtension>
            <ns3:hr>123</ns3:hr>
            <ns3:cad>88</ns3:cad>
          </ns3:TrackPointExtension>
        </extensions>
      </trkpt>
      <trkpt lat="39.13195825181901454925537109375" lon="117.189740203320980072021484375">
        <ele>0.800000011920928955078125</ele>
        <time>2026-09-18T21:21:13.000Z</time>
        <extensions>
          <ns3:TrackPointExtension>
            <ns3:hr>123</ns3:hr>
            <ns3:cad>88</ns3:cad>
          </ns3:TrackPointExtension>
        </extensions>
      </trkpt>
      <trkpt lat="39.13193528540432453155517578125" lon="117.1897658519446849822998046875">
        <ele>1</ele>
        <time>2026-09-18T21:21:14.000Z</time>
        <extensions>
          <ns3:TrackPointExtension>
            <ns3:hr>124</ns3:hr>
            <ns3:cad>90</ns3:cad>
          </ns3:TrackPointExtension>
        </extensions>
      </trkpt>
      <trkpt lat="39.13192036561667919158935546875" lon="117.1897869743406772613525390625">
        <ele>1</ele>
        <time>2026-09-18T21:21:15.000Z</time>
        <extensions>
          <ns3:TrackPointExtension>
            <ns3:hr>124</ns3:hr>
            <ns3:cad>89</ns3:cad>
          </ns3:TrackPointExtension>
        </extensions>
      </trkpt>
      <trkpt lat="39.1319008357822895050048828125" lon="117.189813293516635894775390625">
        <ele>1</ele>
        <time>2026-09-18T21:21:16.000Z</time>
        <extensions>
          <ns3:TrackPointExtension>
            <ns3:hr>124</ns3:hr>
            <ns3:cad>89</ns3:cad>
          </ns3:TrackPointExtension>
        </extensions>
      </trkpt>
      <trkpt lat="39.1318834014236927032470703125" lon="117.1898312307894229888916015625">
        <ele>1</ele>
        <time>2026-09-18T21:21:17.000Z</time>
        <extensions>
          <ns3:TrackPointExtension>
            <ns3:hr>124</ns3:hr>
            <ns3:cad>89</ns3:cad>
          </ns3:TrackPointExtension>
        </extensions>
      </trkpt>
      <trkpt lat="39.13186403922736644744873046875" lon="117.18985495157539844512939453125">
        <ele>1</ele>
        <time>2026-09-18T21:21:18.000Z</time>
        <extensions>
          <ns3:TrackPointExtension>
            <ns3:hr>124</ns3:hr>
            <ns3:cad>89</ns3:cad>
          </ns3:TrackPointExtension>
        </extensions>
      </trkpt>
      <trkpt lat="39.1318441741168498992919921875" lon="117.18987188301980495452880859375">
        <ele>1</ele>
        <time>2026-09-18T21:21:19.000Z</time>
        <extensions>
          <ns3:TrackPointExtension>
            <ns3:hr>124</ns3:hr>
            <ns3:cad>89</ns3:cad>
          </ns3:TrackPointExtension>
        </extensions>
      </trkpt>
      <trkpt lat="39.13182380609214305877685546875" lon="117.18989669345319271087646484375">
        <ele>1</ele>
        <time>2026-09-18T21:21:20.000Z</time>
        <extensions>
          <ns3:TrackPointExtension>
            <ns3:hr>125</ns3:hr>
            <ns3:cad>89</ns3:cad>
          </ns3:TrackPointExtension>
        </extensions>
      </trkpt>
      <trkpt lat="39.1318036057054996490478515625" lon="117.18991328962147235870361328125">
        <ele>1</ele>
        <time>2026-09-18T21:21:21.000Z</time>
        <extensions>
          <ns3:TrackPointExtension>
            <ns3:hr>125</ns3:hr>
            <ns3:cad>89</ns3:cad>
          </ns3:TrackPointExtension>
        </extensions>
      </trkpt>
      <trkpt lat="39.1317839920520782470703125" lon="117.18993592076003551483154296875">
        <ele>1</ele>
        <time>2026-09-18T21:21:22.000Z</time>
        <extensions>
          <ns3:TrackPointExtension>
            <ns3:hr>125</ns3:hr>
            <ns3:cad>89</ns3:cad>
          </ns3:TrackPointExtension>
        </extensions>
      </trkpt>
      <trkpt lat="39.1317620314657688140869140625" lon="117.18995285220444202423095703125">
        <ele>1</ele>
        <time>2026-09-18T21:21:23.000Z</time>
        <extensions>
          <ns3:TrackPointExtension>
            <ns3:hr>125</ns3:hr>
            <ns3:cad>89</ns3:cad>
          </ns3:TrackPointExtension>
        </extensions>
      </trkpt>
      <trkpt lat="39.13174401037395000457763671875" lon="117.189979255199432373046875">
        <ele>1</ele>
        <time>2026-09-18T21:21:24.000Z</time>
        <extensions>
          <ns3:TrackPointExtension>
            <ns3:hr>125</ns3:hr>
            <ns3:cad>89</ns3:cad>
          </ns3:TrackPointExtension>
        </extensions>
      </trkpt>
      <trkpt lat="39.13172054104506969451904296875" lon="117.18999811448156833648681640625">
        <ele>1</ele>
        <time>2026-09-18T21:21:25.000Z</time>
        <extensions>
          <ns3:TrackPointExtension>
            <ns3:hr>126</ns3:hr>
            <ns3:cad>89</ns3:cad>
          </ns3:TrackPointExtension>
        </extensions>
      </trkpt>
      <trkpt lat="39.131697155535221099853515625" lon="117.1900163032114505767822265625">
        <ele>1</ele>
        <time>2026-09-18T21:21:26.000Z</time>
        <extensions>
          <ns3:TrackPointExtension>
            <ns3:hr>126</ns3:hr>
            <ns3:cad>89</ns3:cad>
          </ns3:TrackPointExtension>
        </extensions>
      </trkpt>
      <trkpt lat="39.1316751949489116668701171875" lon="117.19003197737038135528564453125">
        <ele>1</ele>
        <time>2026-09-18T21:21:27.000Z</time>
        <extensions>
          <ns3:TrackPointExtension>
            <ns3:hr>126</ns3:hr>
            <ns3:cad>90</ns3:cad>
          </ns3:TrackPointExtension>
        </extensions>
      </trkpt>
      <trkpt lat="39.1316534020006656646728515625" lon="117.19005410559475421905517578125">
        <ele>1</ele>
        <time>2026-09-18T21:21:28.000Z</time>
        <extensions>
          <ns3:TrackPointExtension>
            <ns3:hr>126</ns3:hr>
            <ns3:cad>90</ns3:cad>
          </ns3:TrackPointExtension>
        </extensions>
      </trkpt>
      <trkpt lat="39.13163244724273681640625" lon="117.1900717914104461669921875">
        <ele>1</ele>
        <time>2026-09-18T21:21:29.000Z</time>
        <extensions>
          <ns3:TrackPointExtension>
            <ns3:hr>126</ns3:hr>
            <ns3:cad>90</ns3:cad>
          </ns3:TrackPointExtension>
        </extensions>
      </trkpt>
      <trkpt lat="39.1316138394176959991455078125" lon="117.19009467400610446929931640625">
        <ele>1</ele>
        <time>2026-09-18T21:21:30.000Z</time>
        <extensions>
          <ns3:TrackPointExtension>
            <ns3:hr>126</ns3:hr>
            <ns3:cad>90</ns3:cad>
          </ns3:TrackPointExtension>
        </extensions>
      </trkpt>
      <trkpt lat="39.1315962374210357666015625" lon="117.19011613167822360992431640625">
        <ele>1</ele>
        <time>2026-09-18T21:21:31.000Z</time>
        <extensions>
          <ns3:TrackPointExtension>
            <ns3:hr>126</ns3:hr>
            <ns3:cad>89</ns3:cad>
          </ns3:TrackPointExtension>
        </extensions>
      </trkpt>
      <trkpt lat="39.131581485271453857421875" lon="117.19014354050159454345703125">
        <ele>1</ele>
        <time>2026-09-18T21:21:32.000Z</time>
        <extensions>
          <ns3:TrackPointExtension>
            <ns3:hr>126</ns3:hr>
            <ns3:cad>89</ns3:cad>
          </ns3:TrackPointExtension>
        </extensions>
      </trkpt>
      <trkpt lat="39.13155935704708099365234375" lon="117.19016726128756999969482421875">
        <ele>1</ele>
        <time>2026-09-18T21:21:33.000Z</time>
        <extensions>
          <ns3:TrackPointExtension>
            <ns3:hr>127</ns3:hr>
            <ns3:cad>89</ns3:cad>
          </ns3:TrackPointExtension>
        </extensions>
      </trkpt>
      <trkpt lat="39.131539575755596160888671875" lon="117.19019056297838687896728515625">
        <ele>1</ele>
        <time>2026-09-18T21:21:34.000Z</time>
        <extensions>
          <ns3:TrackPointExtension>
            <ns3:hr>126</ns3:hr>
            <ns3:cad>89</ns3:cad>
          </ns3:TrackPointExtension>
        </extensions>
      </trkpt>
      <trkpt lat="39.1315184533596038818359375" lon="117.19021252356469631195068359375">
        <ele>1</ele>
        <time>2026-09-18T21:21:35.000Z</time>
        <extensions>
          <ns3:TrackPointExtension>
            <ns3:hr>126</ns3:hr>
            <ns3:cad>89</ns3:cad>
          </ns3:TrackPointExtension>
        </extensions>
      </trkpt>
      <trkpt lat="39.13150227628648281097412109375" lon="117.19023616053164005279541015625">
        <ele>1.2000000476837158203125</ele>
        <time>2026-09-18T21:21:36.000Z</time>
        <extensions>
          <ns3:TrackPointExtension>
            <ns3:hr>127</ns3:hr>
            <ns3:cad>89</ns3:cad>
          </ns3:TrackPointExtension>
        </extensions>
      </trkpt>
      <trkpt lat="39.13148199208080768585205078125" lon="117.1902520023286342620849609375">
        <ele>1</ele>
        <time>2026-09-18T21:21:37.000Z</time>
        <extensions>
          <ns3:TrackPointExtension>
            <ns3:hr>126</ns3:hr>
            <ns3:cad>90</ns3:cad>
          </ns3:TrackPointExtension>
        </extensions>
      </trkpt>
      <trkpt lat="39.13146740756928920745849609375" lon="117.1902724541723728179931640625">
        <ele>1</ele>
        <time>2026-09-18T21:21:38.000Z</time>
        <extensions>
          <ns3:TrackPointExtension>
            <ns3:hr>126</ns3:hr>
            <ns3:cad>90</ns3:cad>
          </ns3:TrackPointExtension>
        </extensions>
      </trkpt>
      <trkpt lat="39.13144804537296295166015625" lon="117.1902929060161113739013671875">
        <ele>1</ele>
        <time>2026-09-18T21:21:39.000Z</time>
        <extensions>
          <ns3:TrackPointExtension>
            <ns3:hr>127</ns3:hr>
            <ns3:cad>90</ns3:cad>
          </ns3:TrackPointExtension>
        </extensions>
      </trkpt>
      <trkpt lat="39.1314301081001758575439453125" lon="117.19031520187854766845703125">
        <ele>1</ele>
        <time>2026-09-18T21:21:40.000Z</time>
        <extensions>
          <ns3:TrackPointExtension>
            <ns3:hr>126</ns3:hr>
            <ns3:cad>90</ns3:cad>
          </ns3:TrackPointExtension>
        </extensions>
      </trkpt>
      <trkpt lat="39.1314049623906612396240234375" lon="117.1903274394571781158447265625">
        <ele>1</ele>
        <time>2026-09-18T21:21:41.000Z</time>
        <extensions>
          <ns3:TrackPointExtension>
            <ns3:hr>125</ns3:hr>
            <ns3:cad>89</ns3:cad>
          </ns3:TrackPointExtension>
        </extensions>
      </trkpt>
      <trkpt lat="39.13139171898365020751953125" lon="117.1903505735099315643310546875">
        <ele>1</ele>
        <time>2026-09-18T21:21:42.000Z</time>
        <extensions>
          <ns3:TrackPointExtension>
            <ns3:hr>125</ns3:hr>
            <ns3:cad>89</ns3:cad>
          </ns3:TrackPointExtension>
        </extensions>
      </trkpt>
      <trkpt lat="39.13136816583573818206787109375" lon="117.19037362374365329742431640625">
        <ele>1</ele>
        <time>2026-09-18T21:21:43.000Z</time>
        <extensions>
          <ns3:TrackPointExtension>
            <ns3:hr>125</ns3:hr>
            <ns3:cad>89</ns3:cad>
          </ns3:TrackPointExtension>
        </extensions>
      </trkpt>
      <trkpt lat="39.1313575208187103271484375" lon="117.1903988532721996307373046875">
        <ele>1</ele>
        <time>2026-09-18T21:21:44.000Z</time>
        <extensions>
          <ns3:TrackPointExtension>
            <ns3:hr>125</ns3:hr>
            <ns3:cad>89</ns3:cad>
          </ns3:TrackPointExtension>
        </extensions>
      </trkpt>
      <trkpt lat="39.1313342191278934478759765625" lon="117.1904239989817142486572265625">
        <ele>1</ele>
        <time>2026-09-18T21:21:45.000Z</time>
        <extensions>
          <ns3:TrackPointExtension>
            <ns3:hr>124</ns3:hr>
            <ns3:cad>88</ns3:cad>
          </ns3:TrackPointExtension>
        </extensions>
      </trkpt>
      <trkpt lat="39.131323993206024169921875" lon="117.19044839031994342803955078125">
        <ele>1</ele>
        <time>2026-09-18T21:21:46.000Z</time>
        <extensions>
          <ns3:TrackPointExtension>
            <ns3:hr>124</ns3:hr>
            <ns3:cad>89</ns3:cad>
          </ns3:TrackPointExtension>
        </extensions>
      </trkpt>
      <trkpt lat="39.13130278699100017547607421875" lon="117.190467081964015960693359375">
        <ele>1</ele>
        <time>2026-09-18T21:21:47.000Z</time>
        <extensions>
          <ns3:TrackPointExtension>
            <ns3:hr>124</ns3:hr>
            <ns3:cad>89</ns3:cad>
          </ns3:TrackPointExtension>
        </extensions>
      </trkpt>
      <trkpt lat="39.13129038177430629730224609375" lon="117.1904877014458179473876953125">
        <ele>1</ele>
        <time>2026-09-18T21:21:48.000Z</time>
        <extensions>
          <ns3:TrackPointExtension>
            <ns3:hr>125</ns3:hr>
            <ns3:cad>89</ns3:cad>
          </ns3:TrackPointExtension>
        </extensions>
      </trkpt>
      <trkpt lat="39.13126766681671142578125" lon="117.1905135177075862884521484375">
        <ele>1</ele>
        <time>2026-09-18T21:21:49.000Z</time>
        <extensions>
          <ns3:TrackPointExtension>
            <ns3:hr>125</ns3:hr>
            <ns3:cad>88</ns3:cad>
          </ns3:TrackPointExtension>
        </extensions>
      </trkpt>
      <trkpt lat="39.131254591047763824462890625" lon="117.19053405337035655975341796875">
        <ele>1</ele>
        <time>2026-09-18T21:21:50.000Z</time>
        <extensions>
          <ns3:TrackPointExtension>
            <ns3:hr>125</ns3:hr>
            <ns3:cad>88</ns3:cad>
          </ns3:TrackPointExtension>
        </extensions>
      </trkpt>
      <trkpt lat="39.1312255896627902984619140625" lon="117.19055651687085628509521484375">
        <ele>1</ele>
        <time>2026-09-18T21:21:51.000Z</time>
        <extensions>
          <ns3:TrackPointExtension>
            <ns3:hr>125</ns3:hr>
            <ns3:cad>88</ns3:cad>
          </ns3:TrackPointExtension>
        </extensions>
      </trkpt>
      <trkpt lat="39.1312111727893352508544921875" lon="117.1905775554478168487548828125">
        <ele>1</ele>
        <time>2026-09-18T21:21:52.000Z</time>
        <extensions>
          <ns3:TrackPointExtension>
            <ns3:hr>125</ns3:hr>
            <ns3:cad>89</ns3:cad>
          </ns3:TrackPointExtension>
        </extensions>
      </trkpt>
      <trkpt lat="39.1311866976320743560791015625" lon="117.190603204071521759033203125">
        <ele>1</ele>
        <time>2026-09-18T21:21:53.000Z</time>
        <extensions>
          <ns3:TrackPointExtension>
            <ns3:hr>125</ns3:hr>
            <ns3:cad>89</ns3:cad>
          </ns3:TrackPointExtension>
        </extensions>
      </trkpt>
      <trkpt lat="39.13117152638733386993408203125" lon="117.1906248293817043304443359375">
        <ele>1</ele>
        <time>2026-09-18T21:21:54.000Z</time>
        <extensions>
          <ns3:TrackPointExtension>
            <ns3:hr>125</ns3:hr>
            <ns3:cad>89</ns3:cad>
          </ns3:TrackPointExtension>
        </extensions>
      </trkpt>
      <trkpt lat="39.13115275092422962188720703125" lon="117.19065156765282154083251953125">
        <ele>1</ele>
        <time>2026-09-18T21:21:55.000Z</time>
        <extensions>
          <ns3:TrackPointExtension>
            <ns3:hr>126</ns3:hr>
            <ns3:cad>89</ns3:cad>
          </ns3:TrackPointExtension>
        </extensions>
      </trkpt>
      <trkpt lat="39.13113581947982311248779296875" lon="117.1906707622110843658447265625">
        <ele>1.2000000476837158203125</ele>
        <time>2026-09-18T21:21:56.000Z</time>
        <extensions>
          <ns3:TrackPointExtension>
            <ns3:hr>126</ns3:hr>
            <ns3:cad>89</ns3:cad>
          </ns3:TrackPointExtension>
        </extensions>
      </trkpt>
      <trkpt lat="39.131111763417720794677734375" lon="117.19069381244480609893798828125">
        <ele>1</ele>
        <time>2026-09-18T21:21:57.000Z</time>
        <extensions>
          <ns3:TrackPointExtension>
            <ns3:hr>126</ns3:hr>
            <ns3:cad>88</ns3:cad>
          </ns3:TrackPointExtension>
        </extensions>
      </trkpt>
      <trkpt lat="39.13109793327748775482177734375" lon="117.190713845193386077880859375">
        <ele>1</ele>
        <time>2026-09-18T21:21:58.000Z</time>
        <extensions>
          <ns3:TrackPointExtension>
            <ns3:hr>125</ns3:hr>
            <ns3:cad>88</ns3:cad>
          </ns3:TrackPointExtension>
        </extensions>
      </trkpt>
      <trkpt lat="39.13107454776763916015625" lon="117.19074041582643985748291015625">
        <ele>1</ele>
        <time>2026-09-18T21:21:59.000Z</time>
        <extensions>
          <ns3:TrackPointExtension>
            <ns3:hr>126</ns3:hr>
            <ns3:cad>88</ns3:cad>
          </ns3:TrackPointExtension>
        </extensions>
      </trkpt>
      <trkpt lat="39.13105853833258152008056640625" lon="117.190759442746639251708984375">
        <ele>1</ele>
        <time>2026-09-18T21:22:00.000Z</time>
        <extensions>
          <ns3:TrackPointExtension>
            <ns3:hr>126</ns3:hr>
            <ns3:cad>89</ns3:cad>
          </ns3:TrackPointExtension>
        </extensions>
      </trkpt>
      <trkpt lat="39.1310361586511135101318359375" lon="117.1907857619225978851318359375">
        <ele>1</ele>
        <time>2026-09-18T21:22:01.000Z</time>
        <extensions>
          <ns3:TrackPointExtension>
            <ns3:hr>125</ns3:hr>
            <ns3:cad>89</ns3:cad>
          </ns3:TrackPointExtension>
        </extensions>
      </trkpt>
      <trkpt lat="39.13102132268249988555908203125" lon="117.1908075548708438873291015625">
        <ele>1</ele>
        <time>2026-09-18T21:22:02.000Z</time>
        <extensions>
          <ns3:TrackPointExtension>
            <ns3:hr>125</ns3:hr>
            <ns3:cad>89</ns3:cad>
          </ns3:TrackPointExtension>
        </extensions>
      </trkpt>
      <trkpt lat="39.13100405596196651458740234375" lon="117.19083345495164394378662109375">
        <ele>1</ele>
        <time>2026-09-18T21:22:03.000Z</time>
        <extensions>
          <ns3:TrackPointExtension>
            <ns3:hr>125</ns3:hr>
            <ns3:cad>89</ns3:cad>
          </ns3:TrackPointExtension>
        </extensions>
      </trkpt>
      <trkpt lat="39.130990393459796905517578125" lon="117.19085323624312877655029296875">
        <ele>1</ele>
        <time>2026-09-18T21:22:04.000Z</time>
        <extensions>
          <ns3:TrackPointExtension>
            <ns3:hr>125</ns3:hr>
            <ns3:cad>89</ns3:cad>
          </ns3:TrackPointExtension>
        </extensions>
      </trkpt>
      <trkpt lat="39.130969941616058349609375" lon="117.1908782981336116790771484375">
        <ele>1</ele>
        <time>2026-09-18T21:22:05.000Z</time>
        <extensions>
          <ns3:TrackPointExtension>
            <ns3:hr>126</ns3:hr>
            <ns3:cad>88</ns3:cad>
          </ns3:TrackPointExtension>
        </extensions>
      </trkpt>
      <trkpt lat="39.13095510564744472503662109375" lon="117.1908987499773502349853515625">
        <ele>1</ele>
        <time>2026-09-18T21:22:06.000Z</time>
        <extensions>
          <ns3:TrackPointExtension>
            <ns3:hr>125</ns3:hr>
            <ns3:cad>88</ns3:cad>
          </ns3:TrackPointExtension>
        </extensions>
      </trkpt>
      <trkpt lat="39.130933396518230438232421875" lon="117.190923057496547698974609375">
        <ele>1</ele>
        <time>2026-09-18T21:22:07.000Z</time>
        <extensions>
          <ns3:TrackPointExtension>
            <ns3:hr>125</ns3:hr>
            <ns3:cad>88</ns3:cad>
          </ns3:TrackPointExtension>
        </extensions>
      </trkpt>
      <trkpt lat="39.1309147886931896209716796875" lon="117.1909389831125736236572265625">
        <ele>1</ele>
        <time>2026-09-18T21:22:08.000Z</time>
        <extensions>
          <ns3:TrackPointExtension>
            <ns3:hr>125</ns3:hr>
            <ns3:cad>88</ns3:cad>
          </ns3:TrackPointExtension>
        </extensions>
      </trkpt>
      <trkpt lat="39.13089542649686336517333984375" lon="117.19096404500305652618408203125">
        <ele>1</ele>
        <time>2026-09-18T21:22:09.000Z</time>
        <extensions>
          <ns3:TrackPointExtension>
            <ns3:hr>126</ns3:hr>
            <ns3:cad>88</ns3:cad>
          </ns3:TrackPointExtension>
        </extensions>
      </trkpt>
      <trkpt lat="39.1308849491178989410400390625" lon="117.19098885543644428253173828125">
        <ele>1</ele>
        <time>2026-09-18T21:22:10.000Z</time>
        <extensions>
          <ns3:TrackPointExtension>
            <ns3:hr>125</ns3:hr>
            <ns3:cad>88</ns3:cad>
          </ns3:TrackPointExtension>
        </extensions>
      </trkpt>
      <trkpt lat="39.130868017673492431640625" lon="117.1910160966217517852783203125">
        <ele>1</ele>
        <time>2026-09-18T21:22:11.000Z</time>
        <extensions>
          <ns3:TrackPointExtension>
            <ns3:hr>125</ns3:hr>
            <ns3:cad>89</ns3:cad>
          </ns3:TrackPointExtension>
        </extensions>
      </trkpt>
      <trkpt lat="39.1308532655239105224609375" lon="117.19103663228452205657958984375">
        <ele>1</ele>
        <time>2026-09-18T21:22:12.000Z</time>
        <extensions>
          <ns3:TrackPointExtension>
            <ns3:hr>125</ns3:hr>
            <ns3:cad>89</ns3:cad>
          </ns3:TrackPointExtension>
        </extensions>
      </trkpt>
      <trkpt lat="39.13083440624177455902099609375" lon="117.191059179604053497314453125">
        <ele>1</ele>
        <time>2026-09-18T21:22:13.000Z</time>
        <extensions>
          <ns3:TrackPointExtension>
            <ns3:hr>125</ns3:hr>
            <ns3:cad>89</ns3:cad>
          </ns3:TrackPointExtension>
        </extensions>
      </trkpt>
      <trkpt lat="39.1308165527880191802978515625" lon="117.191081978380680084228515625">
        <ele>1</ele>
        <time>2026-09-18T21:22:14.000Z</time>
        <extensions>
          <ns3:TrackPointExtension>
            <ns3:hr>125</ns3:hr>
            <ns3:cad>89</ns3:cad>
          </ns3:TrackPointExtension>
        </extensions>
      </trkpt>
      <trkpt lat="39.13079626858234405517578125" lon="117.19110771082341670989990234375">
        <ele>1</ele>
        <time>2026-09-18T21:22:15.000Z</time>
        <extensions>
          <ns3:TrackPointExtension>
            <ns3:hr>125</ns3:hr>
            <ns3:cad>88</ns3:cad>
          </ns3:TrackPointExtension>
        </extensions>
      </trkpt>
      <trkpt lat="39.1307803429663181304931640625" lon="117.1911270730197429656982421875">
        <ele>1</ele>
        <time>2026-09-18T21:22:16.000Z</time>
        <extensions>
          <ns3:TrackPointExtension>
            <ns3:hr>126</ns3:hr>
            <ns3:cad>89</ns3:cad>
          </ns3:TrackPointExtension>
        </extensions>
      </trkpt>
      <trkpt lat="39.130761064589023590087890625" lon="117.1911513805389404296875">
        <ele>1</ele>
        <time>2026-09-18T21:22:17.000Z</time>
        <extensions>
          <ns3:TrackPointExtension>
            <ns3:hr>125</ns3:hr>
            <ns3:cad>89</ns3:cad>
          </ns3:TrackPointExtension>
        </extensions>
      </trkpt>
      <trkpt lat="39.13074421696364879608154296875" lon="117.19117677770555019378662109375">
        <ele>1</ele>
        <time>2026-09-18T21:22:18.000Z</time>
        <extensions>
          <ns3:TrackPointExtension>
            <ns3:hr>125</ns3:hr>
            <ns3:cad>89</ns3:cad>
          </ns3:TrackPointExtension>
        </extensions>
      </trkpt>
      <trkpt lat="39.13072862662374973297119140625" lon="117.19120502471923828125">
        <ele>1</ele>
        <time>2026-09-18T21:22:19.000Z</time>
        <extensions>
          <ns3:TrackPointExtension>
            <ns3:hr>125</ns3:hr>
            <ns3:cad>89</ns3:cad>
          </ns3:TrackPointExtension>
        </extensions>
      </trkpt>
      <trkpt lat="39.1307111084461212158203125" lon="117.19123025424778461456298828125">
        <ele>1</ele>
        <time>2026-09-18T21:22:20.000Z</time>
        <extensions>
          <ns3:TrackPointExtension>
            <ns3:hr>125</ns3:hr>
            <ns3:cad>89</ns3:cad>
          </ns3:TrackPointExtension>
        </extensions>
      </trkpt>
      <trkpt lat="39.1306968592107295989990234375" lon="117.191258333623409271240234375">
        <ele>1</ele>
        <time>2026-09-18T21:22:21.000Z</time>
        <extensions>
          <ns3:TrackPointExtension>
            <ns3:hr>125</ns3:hr>
            <ns3:cad>89</ns3:cad>
          </ns3:TrackPointExtension>
        </extensions>
      </trkpt>
      <trkpt lat="39.1306789219379425048828125" lon="117.19128423370420932769775390625">
        <ele>1</ele>
        <time>2026-09-18T21:22:22.000Z</time>
        <extensions>
          <ns3:TrackPointExtension>
            <ns3:hr>125</ns3:hr>
            <ns3:cad>89</ns3:cad>
          </ns3:TrackPointExtension>
        </extensions>
      </trkpt>
      <trkpt lat="39.1306686960160732269287109375" lon="117.19131541438400745391845703125">
        <ele>0.800000011920928955078125</ele>
        <time>2026-09-18T21:22:23.000Z</time>
        <extensions>
          <ns3:TrackPointExtension>
            <ns3:hr>126</ns3:hr>
            <ns3:cad>89</ns3:cad>
          </ns3:TrackPointExtension>
        </extensions>
      </trkpt>
      <trkpt lat="39.13064899854362010955810546875" lon="117.19134324230253696441650390625">
        <ele>0.800000011920928955078125</ele>
        <time>2026-09-18T21:22:24.000Z</time>
        <extensions>
          <ns3:TrackPointExtension>
            <ns3:hr>125</ns3:hr>
            <ns3:cad>89</ns3:cad>
          </ns3:TrackPointExtension>
        </extensions>
      </trkpt>
      <trkpt lat="39.1306331567466259002685546875" lon="117.19136931002140045166015625">
        <ele>1</ele>
        <time>2026-09-18T21:22:25.000Z</time>
        <extensions>
          <ns3:TrackPointExtension>
            <ns3:hr>125</ns3:hr>
            <ns3:cad>89</ns3:cad>
          </ns3:TrackPointExtension>
        </extensions>
      </trkpt>
      <trkpt lat="39.13061077706515789031982421875" lon="117.19139386899769306182861328125">
        <ele>1</ele>
        <time>2026-09-18T21:22:26.000Z</time>
        <extensions>
          <ns3:TrackPointExtension>
            <ns3:hr>126</ns3:hr>
            <ns3:cad>89</ns3:cad>
          </ns3:TrackPointExtension>
        </extensions>
      </trkpt>
      <trkpt lat="39.13059451617300510406494140625" lon="117.19141800887882709503173828125">
        <ele>1</ele>
        <time>2026-09-18T21:22:27.000Z</time>
        <extensions>
          <ns3:TrackPointExtension>
            <ns3:hr>125</ns3:hr>
            <ns3:cad>89</ns3:cad>
          </ns3:TrackPointExtension>
        </extensions>
      </trkpt>
      <trkpt lat="39.13057222031056880950927734375" lon="117.1914402209222316741943359375">
        <ele>1</ele>
        <time>2026-09-18T21:22:28.000Z</time>
        <extensions>
          <ns3:TrackPointExtension>
            <ns3:hr>125</ns3:hr>
            <ns3:cad>89</ns3:cad>
          </ns3:TrackPointExtension>
        </extensions>
      </trkpt>
      <trkpt lat="39.1305614076554775238037109375" lon="117.1914663724601268768310546875">
        <ele>1</ele>
        <time>2026-09-18T21:22:29.000Z</time>
        <extensions>
          <ns3:TrackPointExtension>
            <ns3:hr>125</ns3:hr>
            <ns3:cad>89</ns3:cad>
          </ns3:TrackPointExtension>
        </extensions>
      </trkpt>
      <trkpt lat="39.1305429674685001373291015625" lon="117.19148925505578517913818359375">
        <ele>1</ele>
        <time>2026-09-18T21:22:30.000Z</time>
        <extensions>
          <ns3:TrackPointExtension>
            <ns3:hr>126</ns3:hr>
            <ns3:cad>89</ns3:cad>
          </ns3:TrackPointExtension>
        </extensions>
      </trkpt>
      <trkpt lat="39.1305260360240936279296875" lon="117.19151222147047519683837890625">
        <ele>1</ele>
        <time>2026-09-18T21:22:31.000Z</time>
        <extensions>
          <ns3:TrackPointExtension>
            <ns3:hr>125</ns3:hr>
            <ns3:cad>89</ns3:cad>
          </ns3:TrackPointExtension>
        </extensions>
      </trkpt>
      <trkpt lat="39.1305030696094036102294921875" lon="117.19153451733291149139404296875">
        <ele>1</ele>
        <time>2026-09-18T21:22:32.000Z</time>
        <extensions>
          <ns3:TrackPointExtension>
            <ns3:hr>125</ns3:hr>
            <ns3:cad>89</ns3:cad>
          </ns3:TrackPointExtension>
        </extensions>
      </trkpt>
      <trkpt lat="39.13048856891691684722900390625" lon="117.19156133942306041717529296875">
        <ele>1</ele>
        <time>2026-09-18T21:22:33.000Z</time>
        <extensions>
          <ns3:TrackPointExtension>
            <ns3:hr>125</ns3:hr>
            <ns3:cad>89</ns3:cad>
          </ns3:TrackPointExtension>
        </extensions>
      </trkpt>
      <trkpt lat="39.130471050739288330078125" lon="117.19159235246479511260986328125">
        <ele>1</ele>
        <time>2026-09-18T21:22:34.000Z</time>
        <extensions>
          <ns3:TrackPointExtension>
            <ns3:hr>125</ns3:hr>
            <ns3:cad>89</ns3:cad>
          </ns3:TrackPointExtension>
        </extensions>
      </trkpt>
      <trkpt lat="39.1304588131606578826904296875" lon="117.19162411987781524658203125">
        <ele>1</ele>
        <time>2026-09-18T21:22:35.000Z</time>
        <extensions>
          <ns3:TrackPointExtension>
            <ns3:hr>125</ns3:hr>
            <ns3:cad>89</ns3:cad>
          </ns3:TrackPointExtension>
        </extensions>
      </trkpt>
      <trkpt lat="39.13044850341975688934326171875" lon="117.19165454618632793426513671875">
        <ele>1.2000000476837158203125</ele>
        <time>2026-09-18T21:22:36.000Z</time>
        <extensions>
          <ns3:TrackPointExtension>
            <ns3:hr>125</ns3:hr>
            <ns3:cad>89</ns3:cad>
          </ns3:TrackPointExtension>
        </extensions>
      </trkpt>
      <trkpt lat="39.13043593056499958038330078125" lon="117.1916886605322360992431640625">
        <ele>1.2000000476837158203125</ele>
        <time>2026-09-18T21:22:37.000Z</time>
        <extensions>
          <ns3:TrackPointExtension>
            <ns3:hr>125</ns3:hr>
            <ns3:cad>90</ns3:cad>
          </ns3:TrackPointExtension>
        </extensions>
      </trkpt>
      <trkpt lat="39.13041405379772186279296875" lon="117.19171606935560703277587890625">
        <ele>1</ele>
        <time>2026-09-18T21:22:38.000Z</time>
        <extensions>
          <ns3:TrackPointExtension>
            <ns3:hr>125</ns3:hr>
            <ns3:cad>90</ns3:cad>
          </ns3:TrackPointExtension>
        </extensions>
      </trkpt>
      <trkpt lat="39.1304008103907108306884765625" lon="117.1917399577796459197998046875">
        <ele>1</ele>
        <time>2026-09-18T21:22:39.000Z</time>
        <extensions>
          <ns3:TrackPointExtension>
            <ns3:hr>126</ns3:hr>
            <ns3:cad>89</ns3:cad>
          </ns3:TrackPointExtension>
        </extensions>
      </trkpt>
      <trkpt lat="39.13038044236600399017333984375" lon="117.19176703132688999176025390625">
        <ele>1</ele>
        <time>2026-09-18T21:22:40.000Z</time>
        <extensions>
          <ns3:TrackPointExtension>
            <ns3:hr>126</ns3:hr>
            <ns3:cad>89</ns3:cad>
          </ns3:TrackPointExtension>
        </extensions>
      </trkpt>
      <trkpt lat="39.130372144281864166259765625" lon="117.1917932666838169097900390625">
        <ele>0.800000011920928955078125</ele>
        <time>2026-09-18T21:22:41.000Z</time>
        <extensions>
          <ns3:TrackPointExtension>
            <ns3:hr>126</ns3:hr>
            <ns3:cad>89</ns3:cad>
          </ns3:TrackPointExtension>
        </extensions>
      </trkpt>
      <trkpt lat="39.1303521953523159027099609375" lon="117.1918180771172046661376953125">
        <ele>0.800000011920928955078125</ele>
        <time>2026-09-18T21:22:42.000Z</time>
        <extensions>
          <ns3:TrackPointExtension>
            <ns3:hr>127</ns3:hr>
            <ns3:cad>89</ns3:cad>
          </ns3:TrackPointExtension>
        </extensions>
      </trkpt>
      <trkpt lat="39.13034523837268352508544921875" lon="117.19184531830251216888427734375">
        <ele>1</ele>
        <time>2026-09-18T21:22:43.000Z</time>
        <extensions>
          <ns3:TrackPointExtension>
            <ns3:hr>128</ns3:hr>
            <ns3:cad>89</ns3:cad>
          </ns3:TrackPointExtension>
        </extensions>
      </trkpt>
      <trkpt lat="39.130327887833118438720703125" lon="117.19187163747847080230712890625">
        <ele>1</ele>
        <time>2026-09-18T21:22:44.000Z</time>
        <extensions>
          <ns3:TrackPointExtension>
            <ns3:hr>128</ns3:hr>
            <ns3:cad>89</ns3:cad>
          </ns3:TrackPointExtension>
        </extensions>
      </trkpt>
      <trkpt lat="39.1303186677396297454833984375" lon="117.19189980067312717437744140625">
        <ele>1</ele>
        <time>2026-09-18T21:22:45.000Z</time>
        <extensions>
          <ns3:TrackPointExtension>
            <ns3:hr>129</ns3:hr>
            <ns3:cad>89</ns3:cad>
          </ns3:TrackPointExtension>
        </extensions>
      </trkpt>
      <trkpt lat="39.1302978806197643280029296875" lon="117.1919310651719570159912109375">
        <ele>1</ele>
        <time>2026-09-18T21:22:46.000Z</time>
        <extensions>
          <ns3:TrackPointExtension>
            <ns3:hr>129</ns3:hr>
            <ns3:cad>88</ns3:cad>
          </ns3:TrackPointExtension>
        </extensions>
      </trkpt>
      <trkpt lat="39.13028975017368793487548828125" lon="117.19196367077529430389404296875">
        <ele>1</ele>
        <time>2026-09-18T21:22:47.000Z</time>
        <extensions>
          <ns3:TrackPointExtension>
            <ns3:hr>129</ns3:hr>
            <ns3:cad>88</ns3:cad>
          </ns3:TrackPointExtension>
        </extensions>
      </trkpt>
      <trkpt lat="39.130279608070850372314453125" lon="117.19199552200734615325927734375">
        <ele>1.2000000476837158203125</ele>
        <time>2026-09-18T21:22:48.000Z</time>
        <extensions>
          <ns3:TrackPointExtension>
            <ns3:hr>129</ns3:hr>
            <ns3:cad>89</ns3:cad>
          </ns3:TrackPointExtension>
        </extensions>
      </trkpt>
      <trkpt lat="39.13027189671993255615234375" lon="117.1920246072113513946533203125">
        <ele>1.39999997615814208984375</ele>
        <time>2026-09-18T21:22:49.000Z</time>
        <extensions>
          <ns3:TrackPointExtension>
            <ns3:hr>129</ns3:hr>
            <ns3:cad>89</ns3:cad>
          </ns3:TrackPointExtension>
        </extensions>
      </trkpt>
      <trkpt lat="39.13026493974030017852783203125" lon="117.19205905683338642120361328125">
        <ele>1.60000002384185791015625</ele>
        <time>2026-09-18T21:22:50.000Z</time>
        <extensions>
          <ns3:TrackPointExtension>
            <ns3:hr>129</ns3:hr>
            <ns3:cad>89</ns3:cad>
          </ns3:TrackPointExtension>
        </extensions>
      </trkpt>
      <trkpt lat="39.13026116788387298583984375" lon="117.19208403490483760833740234375">
        <ele>1.60000002384185791015625</ele>
        <time>2026-09-18T21:22:51.000Z</time>
        <extensions>
          <ns3:TrackPointExtension>
            <ns3:hr>129</ns3:hr>
            <ns3:cad>89</ns3:cad>
          </ns3:TrackPointExtension>
        </extensions>
      </trkpt>
      <trkpt lat="39.1302449069917201995849609375" lon="117.19211471267044544219970703125">
        <ele>1.60000002384185791015625</ele>
        <time>2026-09-18T21:22:52.000Z</time>
        <extensions>
          <ns3:TrackPointExtension>
            <ns3:hr>129</ns3:hr>
            <ns3:cad>89</ns3:cad>
          </ns3:TrackPointExtension>
        </extensions>
      </trkpt>
      <trkpt lat="39.13023694418370723724365234375" lon="117.19214052893221378326416015625">
        <ele>1.39999997615814208984375</ele>
        <time>2026-09-18T21:22:53.000Z</time>
        <extensions>
          <ns3:TrackPointExtension>
            <ns3:hr>129</ns3:hr>
            <ns3:cad>89</ns3:cad>
          </ns3:TrackPointExtension>
        </extensions>
      </trkpt>
      <trkpt lat="39.13021825253963470458984375" lon="117.192173302173614501953125">
        <ele>1.2000000476837158203125</ele>
        <time>2026-09-18T21:22:54.000Z</time>
        <extensions>
          <ns3:TrackPointExtension>
            <ns3:hr>129</ns3:hr>
            <ns3:cad>89</ns3:cad>
          </ns3:TrackPointExtension>
        </extensions>
      </trkpt>
      <trkpt lat="39.130211882293224334716796875" lon="117.19219987280666828155517578125">
        <ele>1</ele>
        <time>2026-09-18T21:22:55.000Z</time>
        <extensions>
          <ns3:TrackPointExtension>
            <ns3:hr>129</ns3:hr>
            <ns3:cad>89</ns3:cad>
          </ns3:TrackPointExtension>
        </extensions>
      </trkpt>
      <trkpt lat="39.130200482904911041259765625" lon="117.19222937710583209991455078125">
        <ele>1</ele>
        <time>2026-09-18T21:22:56.000Z</time>
        <extensions>
          <ns3:TrackPointExtension>
            <ns3:hr>129</ns3:hr>
            <ns3:cad>89</ns3:cad>
          </ns3:TrackPointExtension>
        </extensions>
      </trkpt>
      <trkpt lat="39.130191765725612640380859375" lon="117.1922525949776172637939453125">
        <ele>1</ele>
        <time>2026-09-18T21:22:57.000Z</time>
        <extensions>
          <ns3:TrackPointExtension>
            <ns3:hr>129</ns3:hr>
            <ns3:cad>89</ns3:cad>
          </ns3:TrackPointExtension>
        </extensions>
      </trkpt>
      <trkpt lat="39.13017743267118930816650390625" lon="117.1922851167619228363037109375">
        <ele>1.2000000476837158203125</ele>
        <time>2026-09-18T21:22:58.000Z</time>
        <extensions>
          <ns3:TrackPointExtension>
            <ns3:hr>128</ns3:hr>
            <ns3:cad>89</ns3:cad>
          </ns3:TrackPointExtension>
        </extensions>
      </trkpt>
      <trkpt lat="39.13016804493963718414306640625" lon="117.192307412624359130859375">
        <ele>1.2000000476837158203125</ele>
        <time>2026-09-18T21:22:59.000Z</time>
        <extensions>
          <ns3:TrackPointExtension>
            <ns3:hr>128</ns3:hr>
            <ns3:cad>89</ns3:cad>
          </ns3:TrackPointExtension>
        </extensions>
      </trkpt>
      <trkpt lat="39.13015748374164104461669921875" lon="117.19234161078929901123046875">
        <ele>1.2000000476837158203125</ele>
        <time>2026-09-18T21:23:00.000Z</time>
        <extensions>
          <ns3:TrackPointExtension>
            <ns3:hr>128</ns3:hr>
            <ns3:cad>89</ns3:cad>
          </ns3:TrackPointExtension>
        </extensions>
      </trkpt>
      <trkpt lat="39.1301533766090869903564453125" lon="117.192367427051067352294921875">
        <ele>1</ele>
        <time>2026-09-18T21:23:01.000Z</time>
        <extensions>
          <ns3:TrackPointExtension>
            <ns3:hr>128</ns3:hr>
            <ns3:cad>89</ns3:cad>
          </ns3:TrackPointExtension>
        </extensions>
      </trkpt>
      <trkpt lat="39.13014289923012256622314453125" lon="117.1924017928540706634521484375">
        <ele>1</ele>
        <time>2026-09-18T21:23:02.000Z</time>
        <extensions>
          <ns3:TrackPointExtension>
            <ns3:hr>128</ns3:hr>
            <ns3:cad>89</ns3:cad>
          </ns3:TrackPointExtension>
        </extensions>
      </trkpt>
      <trkpt lat="39.13014021702110767364501953125" lon="117.1924296207726001739501953125">
        <ele>1</ele>
        <time>2026-09-18T21:23:03.000Z</time>
        <extensions>
          <ns3:TrackPointExtension>
            <ns3:hr>127</ns3:hr>
            <ns3:cad>88</ns3:cad>
          </ns3:TrackPointExtension>
        </extensions>
      </trkpt>
      <trkpt lat="39.13013200275599956512451171875" lon="117.19246725551784038543701171875">
        <ele>1.2000000476837158203125</ele>
        <time>2026-09-18T21:23:04.000Z</time>
        <extensions>
          <ns3:TrackPointExtension>
            <ns3:hr>127</ns3:hr>
            <ns3:cad>88</ns3:cad>
          </ns3:TrackPointExtension>
        </extensions>
      </trkpt>
      <trkpt lat="39.130129404366016387939453125" lon="117.19249759800732135772705078125">
        <ele>1</ele>
        <time>2026-09-18T21:23:05.000Z</time>
        <extensions>
          <ns3:TrackPointExtension>
            <ns3:hr>127</ns3:hr>
            <ns3:cad>89</ns3:cad>
          </ns3:TrackPointExtension>
        </extensions>
      </trkpt>
      <trkpt lat="39.13011892698705196380615234375" lon="117.19253548420965671539306640625">
        <ele>1</ele>
        <time>2026-09-18T21:23:06.000Z</time>
        <extensions>
          <ns3:TrackPointExtension>
            <ns3:hr>127</ns3:hr>
            <ns3:cad>89</ns3:cad>
          </ns3:TrackPointExtension>
        </extensions>
      </trkpt>
      <trkpt lat="39.13011557422578334808349609375" lon="117.19256817363202571868896484375">
        <ele>1</ele>
        <time>2026-09-18T21:23:07.000Z</time>
        <extensions>
          <ns3:TrackPointExtension>
            <ns3:hr>127</ns3:hr>
            <ns3:cad>89</ns3:cad>
          </ns3:TrackPointExtension>
        </extensions>
      </trkpt>
      <trkpt lat="39.130103923380374908447265625" lon="117.1926029585301876068115234375">
        <ele>1</ele>
        <time>2026-09-18T21:23:08.000Z</time>
        <extensions>
          <ns3:TrackPointExtension>
            <ns3:hr>127</ns3:hr>
            <ns3:cad>89</ns3:cad>
          </ns3:TrackPointExtension>
        </extensions>
      </trkpt>
      <trkpt lat="39.13009864278137683868408203125" lon="117.19263589940965175628662109375">
        <ele>1</ele>
        <time>2026-09-18T21:23:09.000Z</time>
        <extensions>
          <ns3:TrackPointExtension>
            <ns3:hr>127</ns3:hr>
            <ns3:cad>89</ns3:cad>
          </ns3:TrackPointExtension>
        </extensions>
      </trkpt>
      <trkpt lat="39.13008992560207843780517578125" lon="117.1926669962704181671142578125">
        <ele>1.2000000476837158203125</ele>
        <time>2026-09-18T21:23:10.000Z</time>
        <extensions>
          <ns3:TrackPointExtension>
            <ns3:hr>127</ns3:hr>
            <ns3:cad>89</ns3:cad>
          </ns3:TrackPointExtension>
        </extensions>
      </trkpt>
      <trkpt lat="39.13008682429790496826171875" lon="117.1926949918270111083984375">
        <ele>1.2000000476837158203125</ele>
        <time>2026-09-18T21:23:11.000Z</time>
        <extensions>
          <ns3:TrackPointExtension>
            <ns3:hr>127</ns3:hr>
            <ns3:cad>89</ns3:cad>
          </ns3:TrackPointExtension>
        </extensions>
      </trkpt>
      <trkpt lat="39.13007752038538455963134765625" lon="117.19272491522133350372314453125">
        <ele>1.2000000476837158203125</ele>
        <time>2026-09-18T21:23:12.000Z</time>
        <extensions>
          <ns3:TrackPointExtension>
            <ns3:hr>127</ns3:hr>
            <ns3:cad>89</ns3:cad>
          </ns3:TrackPointExtension>
        </extensions>
      </trkpt>
      <trkpt lat="39.130068719387054443359375" lon="117.19275458715856075286865234375">
        <ele>1.2000000476837158203125</ele>
        <time>2026-09-18T21:23:13.000Z</time>
        <extensions>
          <ns3:TrackPointExtension>
            <ns3:hr>127</ns3:hr>
            <ns3:cad>89</ns3:cad>
          </ns3:TrackPointExtension>
        </extensions>
      </trkpt>
      <trkpt lat="39.13006159476935863494873046875" lon="117.19279062934219837188720703125">
        <ele>1</ele>
        <time>2026-09-18T21:23:14.000Z</time>
        <extensions>
          <ns3:TrackPointExtension>
            <ns3:hr>127</ns3:hr>
            <ns3:cad>89</ns3:cad>
          </ns3:TrackPointExtension>
        </extensions>
      </trkpt>
      <trkpt lat="39.1300554759800434112548828125" lon="117.19282415695488452911376953125">
        <ele>1</ele>
        <time>2026-09-18T21:23:15.000Z</time>
        <extensions>
          <ns3:TrackPointExtension>
            <ns3:hr>127</ns3:hr>
            <ns3:cad>89</ns3:cad>
          </ns3:TrackPointExtension>
        </extensions>
      </trkpt>
      <trkpt lat="39.1300512850284576416015625" lon="117.1928597800433635711669921875">
        <ele>1</ele>
        <time>2026-09-18T21:23:16.000Z</time>
        <extensions>
          <ns3:TrackPointExtension>
            <ns3:hr>127</ns3:hr>
            <ns3:cad>89</ns3:cad>
          </ns3:TrackPointExtension>
        </extensions>
      </trkpt>
      <trkpt lat="39.13004399277269840240478515625" lon="117.1928909607231616973876953125">
        <ele>1.2000000476837158203125</ele>
        <time>2026-09-18T21:23:17.000Z</time>
        <extensions>
          <ns3:TrackPointExtension>
            <ns3:hr>126</ns3:hr>
            <ns3:cad>89</ns3:cad>
          </ns3:TrackPointExtension>
        </extensions>
      </trkpt>
      <trkpt lat="39.13003862835466861724853515625" lon="117.1929258294403553009033203125">
        <ele>1.2000000476837158203125</ele>
        <time>2026-09-18T21:23:18.000Z</time>
        <extensions>
          <ns3:TrackPointExtension>
            <ns3:hr>126</ns3:hr>
            <ns3:cad>89</ns3:cad>
          </ns3:TrackPointExtension>
        </extensions>
      </trkpt>
      <trkpt lat="39.13003108464181423187255859375" lon="117.192956842482089996337890625">
        <ele>1.2000000476837158203125</ele>
        <time>2026-09-18T21:23:19.000Z</time>
        <extensions>
          <ns3:TrackPointExtension>
            <ns3:hr>126</ns3:hr>
            <ns3:cad>89</ns3:cad>
          </ns3:TrackPointExtension>
        </extensions>
      </trkpt>
      <trkpt lat="39.13002555258572101593017578125" lon="117.19299070537090301513671875">
        <ele>1.2000000476837158203125</ele>
        <time>2026-09-18T21:23:20.000Z</time>
        <extensions>
          <ns3:TrackPointExtension>
            <ns3:hr>125</ns3:hr>
            <ns3:cad>89</ns3:cad>
          </ns3:TrackPointExtension>
        </extensions>
      </trkpt>
      <trkpt lat="39.1300182603299617767333984375" lon="117.1930207125842571258544921875">
        <ele>1.2000000476837158203125</ele>
        <time>2026-09-18T21:23:21.000Z</time>
        <extensions>
          <ns3:TrackPointExtension>
            <ns3:hr>125</ns3:hr>
            <ns3:cad>89</ns3:cad>
          </ns3:TrackPointExtension>
        </extensions>
      </trkpt>
      <trkpt lat="39.13001633249223232269287109375" lon="117.1930528990924358367919921875">
        <ele>1.2000000476837158203125</ele>
        <time>2026-09-18T21:23:22.000Z</time>
        <extensions>
          <ns3:TrackPointExtension>
            <ns3:hr>125</ns3:hr>
            <ns3:cad>89</ns3:cad>
          </ns3:TrackPointExtension>
        </extensions>
      </trkpt>
      <trkpt lat="39.1300149075686931610107421875" lon="117.19308416359126567840576171875">
        <ele>1.2000000476837158203125</ele>
        <time>2026-09-18T21:23:23.000Z</time>
        <extensions>
          <ns3:TrackPointExtension>
            <ns3:hr>125</ns3:hr>
            <ns3:cad>89</ns3:cad>
          </ns3:TrackPointExtension>
        </extensions>
      </trkpt>
      <trkpt lat="39.1300137341022491455078125" lon="117.19311735592782497406005859375">
        <ele>1.2000000476837158203125</ele>
        <time>2026-09-18T21:23:24.000Z</time>
        <extensions>
          <ns3:TrackPointExtension>
            <ns3:hr>125</ns3:hr>
            <ns3:cad>89</ns3:cad>
          </ns3:TrackPointExtension>
        </extensions>
      </trkpt>
      <trkpt lat="39.13000543601810932159423828125" lon="117.19314987771213054656982421875">
        <ele>1.2000000476837158203125</ele>
        <time>2026-09-18T21:23:25.000Z</time>
        <extensions>
          <ns3:TrackPointExtension>
            <ns3:hr>125</ns3:hr>
            <ns3:cad>89</ns3:cad>
          </ns3:TrackPointExtension>
        </extensions>
      </trkpt>
      <trkpt lat="39.1300085373222827911376953125" lon="117.19317770563066005706787109375">
        <ele>1.2000000476837158203125</ele>
        <time>2026-09-18T21:23:26.000Z</time>
        <extensions>
          <ns3:TrackPointExtension>
            <ns3:hr>125</ns3:hr>
            <ns3:cad>89</ns3:cad>
          </ns3:TrackPointExtension>
        </extensions>
      </trkpt>
      <trkpt lat="39.13000258617103099822998046875" lon="117.1932121552526950836181640625">
        <ele>1.2000000476837158203125</ele>
        <time>2026-09-18T21:23:27.000Z</time>
        <extensions>
          <ns3:TrackPointExtension>
            <ns3:hr>124</ns3:hr>
            <ns3:cad>89</ns3:cad>
          </ns3:TrackPointExtension>
        </extensions>
      </trkpt>
      <trkpt lat="39.1300031729042530059814453125" lon="117.19323872588574886322021484375">
        <ele>1.2000000476837158203125</ele>
        <time>2026-09-18T21:23:28.000Z</time>
        <extensions>
          <ns3:TrackPointExtension>
            <ns3:hr>124</ns3:hr>
            <ns3:cad>89</ns3:cad>
          </ns3:TrackPointExtension>
        </extensions>
      </trkpt>
      <trkpt lat="39.1299971379339694976806640625" lon="117.19327233731746673583984375">
        <ele>1.2000000476837158203125</ele>
        <time>2026-09-18T21:23:29.000Z</time>
        <extensions>
          <ns3:TrackPointExtension>
            <ns3:hr>124</ns3:hr>
            <ns3:cad>89</ns3:cad>
          </ns3:TrackPointExtension>
        </extensions>
      </trkpt>
      <trkpt lat="39.129989929497241973876953125" lon="117.19329857267439365386962890625">
        <ele>1.2000000476837158203125</ele>
        <time>2026-09-18T21:23:30.000Z</time>
        <extensions>
          <ns3:TrackPointExtension>
            <ns3:hr>124</ns3:hr>
            <ns3:cad>89</ns3:cad>
          </ns3:TrackPointExtension>
        </extensions>
      </trkpt>
      <trkpt lat="39.1299743391573429107666015625" lon="117.1933358721435070037841796875">
        <ele>1.2000000476837158203125</ele>
        <time>2026-09-18T21:23:31.000Z</time>
        <extensions>
          <ns3:TrackPointExtension>
            <ns3:hr>125</ns3:hr>
            <ns3:cad>88</ns3:cad>
          </ns3:TrackPointExtension>
        </extensions>
      </trkpt>
      <trkpt lat="39.129966795444488525390625" lon="117.193366549909114837646484375">
        <ele>1.2000000476837158203125</ele>
        <time>2026-09-18T21:23:32.000Z</time>
        <extensions>
          <ns3:TrackPointExtension>
            <ns3:hr>124</ns3:hr>
            <ns3:cad>88</ns3:cad>
          </ns3:TrackPointExtension>
        </extensions>
      </trkpt>
      <trkpt lat="39.12996151484549045562744140625" lon="117.193396724760532379150390625">
        <ele>1.2000000476837158203125</ele>
        <time>2026-09-18T21:23:33.000Z</time>
        <extensions>
          <ns3:TrackPointExtension>
            <ns3:hr>124</ns3:hr>
            <ns3:cad>90</ns3:cad>
          </ns3:TrackPointExtension>
        </extensions>
      </trkpt>
      <trkpt lat="39.129960425198078155517578125" lon="117.1934307552874088287353515625">
        <ele>1.2000000476837158203125</ele>
        <time>2026-09-18T21:23:34.000Z</time>
        <extensions>
          <ns3:TrackPointExtension>
            <ns3:hr>124</ns3:hr>
            <ns3:cad>90</ns3:cad>
          </ns3:TrackPointExtension>
        </extensions>
      </trkpt>
      <trkpt lat="39.12995698861777782440185546875" lon="117.19346386380493640899658203125">
        <ele>1.2000000476837158203125</ele>
        <time>2026-09-18T21:23:35.000Z</time>
        <extensions>
          <ns3:TrackPointExtension>
            <ns3:hr>124</ns3:hr>
            <ns3:cad>90</ns3:cad>
          </ns3:TrackPointExtension>
        </extensions>
      </trkpt>
      <trkpt lat="39.12994994781911373138427734375" lon="117.1934889256954193115234375">
        <ele>1.2000000476837158203125</ele>
        <time>2026-09-18T21:23:36.000Z</time>
        <extensions>
          <ns3:TrackPointExtension>
            <ns3:hr>124</ns3:hr>
            <ns3:cad>90</ns3:cad>
          </ns3:TrackPointExtension>
        </extensions>
      </trkpt>
      <trkpt lat="39.1299426555633544921875" lon="117.1935256384313106536865234375">
        <ele>1.2000000476837158203125</ele>
        <time>2026-09-18T21:23:37.000Z</time>
        <extensions>
          <ns3:TrackPointExtension>
            <ns3:hr>124</ns3:hr>
            <ns3:cad>89</ns3:cad>
          </ns3:TrackPointExtension>
        </extensions>
      </trkpt>
      <trkpt lat="39.12994324229657649993896484375" lon="117.1935534663498401641845703125">
        <ele>1</ele>
        <time>2026-09-18T21:23:38.000Z</time>
        <extensions>
          <ns3:TrackPointExtension>
            <ns3:hr>125</ns3:hr>
            <ns3:cad>89</ns3:cad>
          </ns3:TrackPointExtension>
        </extensions>
      </trkpt>
      <trkpt lat="39.12994022481143474578857421875" lon="117.1935923583805561065673828125">
        <ele>1</ele>
        <time>2026-09-18T21:23:39.000Z</time>
        <extensions>
          <ns3:TrackPointExtension>
            <ns3:hr>124</ns3:hr>
            <ns3:cad>89</ns3:cad>
          </ns3:TrackPointExtension>
        </extensions>
      </trkpt>
      <trkpt lat="39.12994198501110076904296875" lon="117.1936191804707050323486328125">
        <ele>1.2000000476837158203125</ele>
        <time>2026-09-18T21:23:40.000Z</time>
        <extensions>
          <ns3:TrackPointExtension>
            <ns3:hr>124</ns3:hr>
            <ns3:cad>89</ns3:cad>
          </ns3:TrackPointExtension>
        </extensions>
      </trkpt>
      <trkpt lat="39.1299357824027538299560546875" lon="117.193659245967864990234375">
        <ele>1.2000000476837158203125</ele>
        <time>2026-09-18T21:23:41.000Z</time>
        <extensions>
          <ns3:TrackPointExtension>
            <ns3:hr>124</ns3:hr>
            <ns3:cad>89</ns3:cad>
          </ns3:TrackPointExtension>
        </extensions>
      </trkpt>
      <trkpt lat="39.12993259727954864501953125" lon="117.1936865709722042083740234375">
        <ele>1.2000000476837158203125</ele>
        <time>2026-09-18T21:23:42.000Z</time>
        <extensions>
          <ns3:TrackPointExtension>
            <ns3:hr>124</ns3:hr>
            <ns3:cad>89</ns3:cad>
          </ns3:TrackPointExtension>
        </extensions>
      </trkpt>
      <trkpt lat="39.12992698140442371368408203125" lon="117.19372454099357128143310546875">
        <ele>1.2000000476837158203125</ele>
        <time>2026-09-18T21:23:43.000Z</time>
        <extensions>
          <ns3:TrackPointExtension>
            <ns3:hr>124</ns3:hr>
            <ns3:cad>89</ns3:cad>
          </ns3:TrackPointExtension>
        </extensions>
      </trkpt>
      <trkpt lat="39.129928238689899444580078125" lon="117.1937529556453227996826171875">
        <ele>1.2000000476837158203125</ele>
        <time>2026-09-18T21:23:44.000Z</time>
        <extensions>
          <ns3:TrackPointExtension>
            <ns3:hr>124</ns3:hr>
            <ns3:cad>89</ns3:cad>
          </ns3:TrackPointExtension>
        </extensions>
      </trkpt>
      <trkpt lat="39.12992949597537517547607421875" lon="117.19378991983830928802490234375">
        <ele>1.2000000476837158203125</ele>
        <time>2026-09-18T21:23:45.000Z</time>
        <extensions>
          <ns3:TrackPointExtension>
            <ns3:hr>124</ns3:hr>
            <ns3:cad>89</ns3:cad>
          </ns3:TrackPointExtension>
        </extensions>
      </trkpt>
      <trkpt lat="39.129932262003421783447265625" lon="117.19381590373814105987548828125">
        <ele>1.2000000476837158203125</ele>
        <time>2026-09-18T21:23:46.000Z</time>
        <extensions>
          <ns3:TrackPointExtension>
            <ns3:hr>124</ns3:hr>
            <ns3:cad>89</ns3:cad>
          </ns3:TrackPointExtension>
        </extensions>
      </trkpt>
      <trkpt lat="39.12993368692696094512939453125" lon="117.19385446049273014068603515625">
        <ele>1.2000000476837158203125</ele>
        <time>2026-09-18T21:23:47.000Z</time>
        <extensions>
          <ns3:TrackPointExtension>
            <ns3:hr>124</ns3:hr>
            <ns3:cad>89</ns3:cad>
          </ns3:TrackPointExtension>
        </extensions>
      </trkpt>
      <trkpt lat="39.12993804551661014556884765625" lon="117.1938857249915599822998046875">
        <ele>1.2000000476837158203125</ele>
        <time>2026-09-18T21:23:48.000Z</time>
        <extensions>
          <ns3:TrackPointExtension>
            <ns3:hr>124</ns3:hr>
            <ns3:cad>89</ns3:cad>
          </ns3:TrackPointExtension>
        </extensions>
      </trkpt>
      <trkpt lat="39.1299401409924030303955078125" lon="117.19391950406134128570556640625">
        <ele>1.2000000476837158203125</ele>
        <time>2026-09-18T21:23:49.000Z</time>
        <extensions>
          <ns3:TrackPointExtension>
            <ns3:hr>123</ns3:hr>
            <ns3:cad>90</ns3:cad>
          </ns3:TrackPointExtension>
        </extensions>
      </trkpt>
      <trkpt lat="39.12994642741978168487548828125" lon="117.19395034946501255035400390625">
        <ele>1.2000000476837158203125</ele>
        <time>2026-09-18T21:23:50.000Z</time>
        <extensions>
          <ns3:TrackPointExtension>
            <ns3:hr>124</ns3:hr>
            <ns3:cad>89</ns3:cad>
          </ns3:TrackPointExtension>
        </extensions>
      </trkpt>
      <trkpt lat="39.12995271384716033935546875" lon="117.193988822400569915771484375">
        <ele>1.2000000476837158203125</ele>
        <time>2026-09-18T21:23:51.000Z</time>
        <extensions>
          <ns3:TrackPointExtension>
            <ns3:hr>124</ns3:hr>
            <ns3:cad>89</ns3:cad>
          </ns3:TrackPointExtension>
        </extensions>
      </trkpt>
      <trkpt lat="39.1299599222838878631591796875" lon="117.19401472248136997222900390625">
        <ele>1.2000000476837158203125</ele>
        <time>2026-09-18T21:23:52.000Z</time>
        <extensions>
          <ns3:TrackPointExtension>
            <ns3:hr>124</ns3:hr>
            <ns3:cad>89</ns3:cad>
          </ns3:TrackPointExtension>
        </extensions>
      </trkpt>
      <trkpt lat="39.1299656219780445098876953125" lon="117.19405378215014934539794921875">
        <ele>1.2000000476837158203125</ele>
        <time>2026-09-18T21:23:53.000Z</time>
        <extensions>
          <ns3:TrackPointExtension>
            <ns3:hr>124</ns3:hr>
            <ns3:cad>89</ns3:cad>
          </ns3:TrackPointExtension>
        </extensions>
      </trkpt>
      <trkpt lat="39.12996486760675907135009765625" lon="117.194078676402568817138671875">
        <ele>1.2000000476837158203125</ele>
        <time>2026-09-18T21:23:54.000Z</time>
        <extensions>
          <ns3:TrackPointExtension>
            <ns3:hr>124</ns3:hr>
            <ns3:cad>89</ns3:cad>
          </ns3:TrackPointExtension>
        </extensions>
      </trkpt>
      <trkpt lat="39.12996537052094936370849609375" lon="117.19411614350974559783935546875">
        <ele>1.2000000476837158203125</ele>
        <time>2026-09-18T21:23:55.000Z</time>
        <extensions>
          <ns3:TrackPointExtension>
            <ns3:hr>125</ns3:hr>
            <ns3:cad>89</ns3:cad>
          </ns3:TrackPointExtension>
        </extensions>
      </trkpt>
      <trkpt lat="39.12997224368155002593994140625" lon="117.19413877464830875396728515625">
        <ele>1.2000000476837158203125</ele>
        <time>2026-09-18T21:23:56.000Z</time>
        <extensions>
          <ns3:TrackPointExtension>
            <ns3:hr>125</ns3:hr>
            <ns3:cad>89</ns3:cad>
          </ns3:TrackPointExtension>
        </extensions>
      </trkpt>
      <trkpt lat="39.129979200661182403564453125" lon="117.19417733140289783477783203125">
        <ele>1.2000000476837158203125</ele>
        <time>2026-09-18T21:23:57.000Z</time>
        <extensions>
          <ns3:TrackPointExtension>
            <ns3:hr>125</ns3:hr>
            <ns3:cad>88</ns3:cad>
          </ns3:TrackPointExtension>
        </extensions>
      </trkpt>
      <trkpt lat="39.129980541765689849853515625" lon="117.19420566223561763763427734375">
        <ele>1.2000000476837158203125</ele>
        <time>2026-09-18T21:23:58.000Z</time>
        <extensions>
          <ns3:TrackPointExtension>
            <ns3:hr>125</ns3:hr>
            <ns3:cad>89</ns3:cad>
          </ns3:TrackPointExtension>
        </extensions>
      </trkpt>
      <trkpt lat="39.12998381070792675018310546875" lon="117.19424589537084102630615234375">
        <ele>1.2000000476837158203125</ele>
        <time>2026-09-18T21:23:59.000Z</time>
        <extensions>
          <ns3:TrackPointExtension>
            <ns3:hr>125</ns3:hr>
            <ns3:cad>89</ns3:cad>
          </ns3:TrackPointExtension>
        </extensions>
      </trkpt>
      <trkpt lat="39.12998699583113193511962890625" lon="117.1942722983658313751220703125">
        <ele>1.2000000476837158203125</ele>
        <time>2026-09-18T21:24:00.000Z</time>
        <extensions>
          <ns3:TrackPointExtension>
            <ns3:hr>125</ns3:hr>
            <ns3:cad>89</ns3:cad>
          </ns3:TrackPointExtension>
        </extensions>
      </trkpt>
      <trkpt lat="39.12998967804014682769775390625" lon="117.19430289231240749359130859375">
        <ele>1.2000000476837158203125</ele>
        <time>2026-09-18T21:24:01.000Z</time>
        <extensions>
          <ns3:TrackPointExtension>
            <ns3:hr>125</ns3:hr>
            <ns3:cad>89</ns3:cad>
          </ns3:TrackPointExtension>
        </extensions>
      </trkpt>
      <trkpt lat="39.12999303080141544342041015625" lon="117.19433248043060302734375">
        <ele>1.2000000476837158203125</ele>
        <time>2026-09-18T21:24:02.000Z</time>
        <extensions>
          <ns3:TrackPointExtension>
            <ns3:hr>125</ns3:hr>
            <ns3:cad>89</ns3:cad>
          </ns3:TrackPointExtension>
        </extensions>
      </trkpt>
      <trkpt lat="39.1299922764301300048828125" lon="117.1943691931664943695068359375">
        <ele>1.2000000476837158203125</ele>
        <time>2026-09-18T21:24:03.000Z</time>
        <extensions>
          <ns3:TrackPointExtension>
            <ns3:hr>125</ns3:hr>
            <ns3:cad>89</ns3:cad>
          </ns3:TrackPointExtension>
        </extensions>
      </trkpt>
      <trkpt lat="39.1299937851727008819580078125" lon="117.1944000385701656341552734375">
        <ele>1.2000000476837158203125</ele>
        <time>2026-09-18T21:24:04.000Z</time>
        <extensions>
          <ns3:TrackPointExtension>
            <ns3:hr>125</ns3:hr>
            <ns3:cad>89</ns3:cad>
          </ns3:TrackPointExtension>
        </extensions>
      </trkpt>
      <trkpt lat="39.1300011612474918365478515625" lon="117.19443180598318576812744140625">
        <ele>1.2000000476837158203125</ele>
        <time>2026-09-18T21:24:05.000Z</time>
        <extensions>
          <ns3:TrackPointExtension>
            <ns3:hr>126</ns3:hr>
            <ns3:cad>89</ns3:cad>
          </ns3:TrackPointExtension>
        </extensions>
      </trkpt>
      <trkpt lat="39.13000811822712421417236328125" lon="117.194460220634937286376953125">
        <ele>1.2000000476837158203125</ele>
        <time>2026-09-18T21:24:06.000Z</time>
        <extensions>
          <ns3:TrackPointExtension>
            <ns3:hr>125</ns3:hr>
            <ns3:cad>89</ns3:cad>
          </ns3:TrackPointExtension>
        </extensions>
      </trkpt>
      <trkpt lat="39.1300139017403125762939453125" lon="117.19449399970471858978271484375">
        <ele>1.2000000476837158203125</ele>
        <time>2026-09-18T21:24:07.000Z</time>
        <extensions>
          <ns3:TrackPointExtension>
            <ns3:hr>125</ns3:hr>
            <ns3:cad>89</ns3:cad>
          </ns3:TrackPointExtension>
        </extensions>
      </trkpt>
      <trkpt lat="39.13001767359673976898193359375" lon="117.194524593651294708251953125">
        <ele>1.2000000476837158203125</ele>
        <time>2026-09-18T21:24:08.000Z</time>
        <extensions>
          <ns3:TrackPointExtension>
            <ns3:hr>125</ns3:hr>
            <ns3:cad>89</ns3:cad>
          </ns3:TrackPointExtension>
        </extensions>
      </trkpt>
      <trkpt lat="39.1300242953002452850341796875" lon="117.19456038437783718109130859375">
        <ele>1.2000000476837158203125</ele>
        <time>2026-09-18T21:24:09.000Z</time>
        <extensions>
          <ns3:TrackPointExtension>
            <ns3:hr>126</ns3:hr>
            <ns3:cad>89</ns3:cad>
          </ns3:TrackPointExtension>
        </extensions>
      </trkpt>
      <trkpt lat="39.1300325095653533935546875" lon="117.194592989981174468994140625">
        <ele>1.2000000476837158203125</ele>
        <time>2026-09-18T21:24:10.000Z</time>
        <extensions>
          <ns3:TrackPointExtension>
            <ns3:hr>125</ns3:hr>
            <ns3:cad>89</ns3:cad>
          </ns3:TrackPointExtension>
        </extensions>
      </trkpt>
      <trkpt lat="39.1300430707633495330810546875" lon="117.19462442211806774139404296875">
        <ele>1.39999997615814208984375</ele>
        <time>2026-09-18T21:24:11.000Z</time>
        <extensions>
          <ns3:TrackPointExtension>
            <ns3:hr>125</ns3:hr>
            <ns3:cad>89</ns3:cad>
          </ns3:TrackPointExtension>
        </extensions>
      </trkpt>
      <trkpt lat="39.13004969246685504913330078125" lon="117.1946583688259124755859375">
        <ele>1.39999997615814208984375</ele>
        <time>2026-09-18T21:24:12.000Z</time>
        <extensions>
          <ns3:TrackPointExtension>
            <ns3:hr>125</ns3:hr>
            <ns3:cad>89</ns3:cad>
          </ns3:TrackPointExtension>
        </extensions>
      </trkpt>
      <trkpt lat="39.1300581581890583038330078125" lon="117.194694913923740386962890625">
        <ele>1.39999997615814208984375</ele>
        <time>2026-09-18T21:24:13.000Z</time>
        <extensions>
          <ns3:TrackPointExtension>
            <ns3:hr>126</ns3:hr>
            <ns3:cad>89</ns3:cad>
          </ns3:TrackPointExtension>
        </extensions>
      </trkpt>
      <trkpt lat="39.13006310351192951202392578125" lon="117.19473036937415599822998046875">
        <ele>1.39999997615814208984375</ele>
        <time>2026-09-18T21:24:14.000Z</time>
        <extensions>
          <ns3:TrackPointExtension>
            <ns3:hr>126</ns3:hr>
            <ns3:cad>89</ns3:cad>
          </ns3:TrackPointExtension>
        </extensions>
      </trkpt>
      <trkpt lat="39.13006813265383243560791015625" lon="117.1947683393955230712890625">
        <ele>1.39999997615814208984375</ele>
        <time>2026-09-18T21:24:15.000Z</time>
        <extensions>
          <ns3:TrackPointExtension>
            <ns3:hr>126</ns3:hr>
            <ns3:cad>89</ns3:cad>
          </ns3:TrackPointExtension>
        </extensions>
      </trkpt>
      <trkpt lat="39.13007676601409912109375" lon="117.194802202284336090087890625">
        <ele>1.2000000476837158203125</ele>
        <time>2026-09-18T21:24:16.000Z</time>
        <extensions>
          <ns3:TrackPointExtension>
            <ns3:hr>126</ns3:hr>
            <ns3:cad>88</ns3:cad>
          </ns3:TrackPointExtension>
        </extensions>
      </trkpt>
      <trkpt lat="39.130084812641143798828125" lon="117.19483279623091220855712890625">
        <ele>1.2000000476837158203125</ele>
        <time>2026-09-18T21:24:17.000Z</time>
        <extensions>
          <ns3:TrackPointExtension>
            <ns3:hr>126</ns3:hr>
            <ns3:cad>88</ns3:cad>
          </ns3:TrackPointExtension>
        </extensions>
      </trkpt>
      <trkpt lat="39.130091182887554168701171875" lon="117.19486431218683719635009765625">
        <ele>1.2000000476837158203125</ele>
        <time>2026-09-18T21:24:18.000Z</time>
        <extensions>
          <ns3:TrackPointExtension>
            <ns3:hr>126</ns3:hr>
            <ns3:cad>88</ns3:cad>
          </ns3:TrackPointExtension>
        </extensions>
      </trkpt>
      <trkpt lat="39.13009914569556713104248046875" lon="117.19489582814276218414306640625">
        <ele>1.2000000476837158203125</ele>
        <time>2026-09-18T21:24:19.000Z</time>
        <extensions>
          <ns3:TrackPointExtension>
            <ns3:hr>126</ns3:hr>
            <ns3:cad>88</ns3:cad>
          </ns3:TrackPointExtension>
        </extensions>
      </trkpt>
      <trkpt lat="39.13010367192327976226806640625" lon="117.19492633827030658721923828125">
        <ele>1.39999997615814208984375</ele>
        <time>2026-09-18T21:24:20.000Z</time>
        <extensions>
          <ns3:TrackPointExtension>
            <ns3:hr>126</ns3:hr>
            <ns3:cad>89</ns3:cad>
          </ns3:TrackPointExtension>
        </extensions>
      </trkpt>
      <trkpt lat="39.130111299455165863037109375" lon="117.19495601020753383636474609375">
        <ele>1.39999997615814208984375</ele>
        <time>2026-09-18T21:24:21.000Z</time>
        <extensions>
          <ns3:TrackPointExtension>
            <ns3:hr>126</ns3:hr>
            <ns3:cad>89</ns3:cad>
          </ns3:TrackPointExtension>
        </extensions>
      </trkpt>
      <trkpt lat="39.130120016634464263916015625" lon="117.19498937018215656280517578125">
        <ele>1.39999997615814208984375</ele>
        <time>2026-09-18T21:24:22.000Z</time>
        <extensions>
          <ns3:TrackPointExtension>
            <ns3:hr>126</ns3:hr>
            <ns3:cad>89</ns3:cad>
          </ns3:TrackPointExtension>
        </extensions>
      </trkpt>
      <trkpt lat="39.13013015873730182647705078125" lon="117.19502105377614498138427734375">
        <ele>1.39999997615814208984375</ele>
        <time>2026-09-18T21:24:23.000Z</time>
        <extensions>
          <ns3:TrackPointExtension>
            <ns3:hr>126</ns3:hr>
            <ns3:cad>89</ns3:cad>
          </ns3:TrackPointExtension>
        </extensions>
      </trkpt>
      <trkpt lat="39.1301406361162662506103515625" lon="117.19505642540752887725830078125">
        <ele>1.39999997615814208984375</ele>
        <time>2026-09-18T21:24:24.000Z</time>
        <extensions>
          <ns3:TrackPointExtension>
            <ns3:hr>126</ns3:hr>
            <ns3:cad>89</ns3:cad>
          </ns3:TrackPointExtension>
        </extensions>
      </trkpt>
      <trkpt lat="39.13014725781977176666259765625" lon="117.195089198648929595947265625">
        <ele>1.39999997615814208984375</ele>
        <time>2026-09-18T21:24:25.000Z</time>
        <extensions>
          <ns3:TrackPointExtension>
            <ns3:hr>126</ns3:hr>
            <ns3:cad>89</ns3:cad>
          </ns3:TrackPointExtension>
        </extensions>
      </trkpt>
      <trkpt lat="39.1301558911800384521484375" lon="117.195122055709362030029296875">
        <ele>1.39999997615814208984375</ele>
        <time>2026-09-18T21:24:26.000Z</time>
        <extensions>
          <ns3:TrackPointExtension>
            <ns3:hr>125</ns3:hr>
            <ns3:cad>89</ns3:cad>
          </ns3:TrackPointExtension>
        </extensions>
      </trkpt>
      <trkpt lat="39.13016754202544689178466796875" lon="117.1951530687510967254638671875">
        <ele>1.2000000476837158203125</ele>
        <time>2026-09-18T21:24:27.000Z</time>
        <extensions>
          <ns3:TrackPointExtension>
            <ns3:hr>126</ns3:hr>
            <ns3:cad>89</ns3:cad>
          </ns3:TrackPointExtension>
        </extensions>
      </trkpt>
      <trkpt lat="39.13017977960407733917236328125" lon="117.19519103877246379852294921875">
        <ele>1.2000000476837158203125</ele>
        <time>2026-09-18T21:24:28.000Z</time>
        <extensions>
          <ns3:TrackPointExtension>
            <ns3:hr>126</ns3:hr>
            <ns3:cad>89</ns3:cad>
          </ns3:TrackPointExtension>
        </extensions>
      </trkpt>
      <trkpt lat="39.1301969625055789947509765625" lon="117.1952221356332302093505859375">
        <ele>1.2000000476837158203125</ele>
        <time>2026-09-18T21:24:29.000Z</time>
        <extensions>
          <ns3:TrackPointExtension>
            <ns3:hr>126</ns3:hr>
            <ns3:cad>89</ns3:cad>
          </ns3:TrackPointExtension>
        </extensions>
      </trkpt>
      <trkpt lat="39.130209200084209442138671875" lon="117.1952591836452484130859375">
        <ele>1.2000000476837158203125</ele>
        <time>2026-09-18T21:24:30.000Z</time>
        <extensions>
          <ns3:TrackPointExtension>
            <ns3:hr>125</ns3:hr>
            <ns3:cad>89</ns3:cad>
          </ns3:TrackPointExtension>
        </extensions>
      </trkpt>
      <trkpt lat="39.13022361695766448974609375" lon="117.19528843648731708526611328125">
        <ele>1.2000000476837158203125</ele>
        <time>2026-09-18T21:24:31.000Z</time>
        <extensions>
          <ns3:TrackPointExtension>
            <ns3:hr>125</ns3:hr>
            <ns3:cad>89</ns3:cad>
          </ns3:TrackPointExtension>
        </extensions>
      </trkpt>
      <trkpt lat="39.1302281431853771209716796875" lon="117.1953240595757961273193359375">
        <ele>1.2000000476837158203125</ele>
        <time>2026-09-18T21:24:32.000Z</time>
        <extensions>
          <ns3:TrackPointExtension>
            <ns3:hr>125</ns3:hr>
            <ns3:cad>89</ns3:cad>
          </ns3:TrackPointExtension>
        </extensions>
      </trkpt>
      <trkpt lat="39.1302338428795337677001953125" lon="117.195350043475627899169921875">
        <ele>1.39999997615814208984375</ele>
        <time>2026-09-18T21:24:33.000Z</time>
        <extensions>
          <ns3:TrackPointExtension>
            <ns3:hr>124</ns3:hr>
            <ns3:cad>89</ns3:cad>
          </ns3:TrackPointExtension>
        </extensions>
      </trkpt>
      <trkpt lat="39.13023560307919979095458984375" lon="117.1953877620398998260498046875">
        <ele>1.2000000476837158203125</ele>
        <time>2026-09-18T21:24:34.000Z</time>
        <extensions>
          <ns3:TrackPointExtension>
            <ns3:hr>124</ns3:hr>
            <ns3:cad>89</ns3:cad>
          </ns3:TrackPointExtension>
        </extensions>
      </trkpt>
      <trkpt lat="39.13024180568754673004150390625" lon="117.19541274011135101318359375">
        <ele>1.39999997615814208984375</ele>
        <time>2026-09-18T21:24:35.000Z</time>
        <extensions>
          <ns3:TrackPointExtension>
            <ns3:hr>124</ns3:hr>
            <ns3:cad>89</ns3:cad>
          </ns3:TrackPointExtension>
        </extensions>
      </trkpt>
      <trkpt lat="39.1302469186484813690185546875" lon="117.19545540399849414825439453125">
        <ele>1.39999997615814208984375</ele>
        <time>2026-09-18T21:24:36.000Z</time>
        <extensions>
          <ns3:TrackPointExtension>
            <ns3:hr>124</ns3:hr>
            <ns3:cad>89</ns3:cad>
          </ns3:TrackPointExtension>
        </extensions>
      </trkpt>
      <trkpt lat="39.13025789894163608551025390625" lon="117.19547577202320098876953125">
        <ele>1.39999997615814208984375</ele>
        <time>2026-09-18T21:24:37.000Z</time>
        <extensions>
          <ns3:TrackPointExtension>
            <ns3:hr>124</ns3:hr>
            <ns3:cad>89</ns3:cad>
          </ns3:TrackPointExtension>
        </extensions>
      </trkpt>
      <trkpt lat="39.13026695139706134796142578125" lon="117.19550988636910915374755859375">
        <ele>1.2000000476837158203125</ele>
        <time>2026-09-18T21:24:38.000Z</time>
        <extensions>
          <ns3:TrackPointExtension>
            <ns3:hr>124</ns3:hr>
            <ns3:cad>89</ns3:cad>
          </ns3:TrackPointExtension>
        </extensions>
      </trkpt>
      <trkpt lat="39.130274243652820587158203125" lon="117.19553486444056034088134765625">
        <ele>1.2000000476837158203125</ele>
        <time>2026-09-18T21:24:39.000Z</time>
        <extensions>
          <ns3:TrackPointExtension>
            <ns3:hr>123</ns3:hr>
            <ns3:cad>89</ns3:cad>
          </ns3:TrackPointExtension>
        </extensions>
      </trkpt>
      <trkpt lat="39.1302846372127532958984375" lon="117.19557560048997402191162109375">
        <ele>1.2000000476837158203125</ele>
        <time>2026-09-18T21:24:40.000Z</time>
        <extensions>
          <ns3:TrackPointExtension>
            <ns3:hr>124</ns3:hr>
            <ns3:cad>89</ns3:cad>
          </ns3:TrackPointExtension>
        </extensions>
      </trkpt>
      <trkpt lat="39.13029947318136692047119140625" lon="117.19560049474239349365234375">
        <ele>1.2000000476837158203125</ele>
        <time>2026-09-18T21:24:41.000Z</time>
        <extensions>
          <ns3:TrackPointExtension>
            <ns3:hr>124</ns3:hr>
            <ns3:cad>89</ns3:cad>
          </ns3:TrackPointExtension>
        </extensions>
      </trkpt>
      <trkpt lat="39.130314476788043975830078125" lon="117.19564131461083889007568359375">
        <ele>1.2000000476837158203125</ele>
        <time>2026-09-18T21:24:42.000Z</time>
        <extensions>
          <ns3:TrackPointExtension>
            <ns3:hr>124</ns3:hr>
            <ns3:cad>89</ns3:cad>
          </ns3:TrackPointExtension>
        </extensions>
      </trkpt>
      <trkpt lat="39.1303302347660064697265625" lon="117.19566226936876773834228515625">
        <ele>1.2000000476837158203125</ele>
        <time>2026-09-18T21:24:43.000Z</time>
        <extensions>
          <ns3:TrackPointExtension>
            <ns3:hr>124</ns3:hr>
            <ns3:cad>89</ns3:cad>
          </ns3:TrackPointExtension>
        </extensions>
      </trkpt>
      <trkpt lat="39.13034490309655666351318359375" lon="117.19570049084722995758056640625">
        <ele>1</ele>
        <time>2026-09-18T21:24:44.000Z</time>
        <extensions>
          <ns3:TrackPointExtension>
            <ns3:hr>124</ns3:hr>
            <ns3:cad>89</ns3:cad>
          </ns3:TrackPointExtension>
        </extensions>
      </trkpt>
      <trkpt lat="39.13036116398870944976806640625" lon="117.19572228379547595977783203125">
        <ele>1</ele>
        <time>2026-09-18T21:24:45.000Z</time>
        <extensions>
          <ns3:TrackPointExtension>
            <ns3:hr>124</ns3:hr>
            <ns3:cad>89</ns3:cad>
          </ns3:TrackPointExtension>
        </extensions>
      </trkpt>
      <trkpt lat="39.13037725724279880523681640625" lon="117.1957575716078281402587890625">
        <ele>1</ele>
        <time>2026-09-18T21:24:46.000Z</time>
        <extensions>
          <ns3:TrackPointExtension>
            <ns3:hr>124</ns3:hr>
            <ns3:cad>88</ns3:cad>
          </ns3:TrackPointExtension>
        </extensions>
      </trkpt>
      <trkpt lat="39.13038966245949268341064453125" lon="117.1957850642502307891845703125">
        <ele>1.2000000476837158203125</ele>
        <time>2026-09-18T21:24:47.000Z</time>
        <extensions>
          <ns3:TrackPointExtension>
            <ns3:hr>124</ns3:hr>
            <ns3:cad>88</ns3:cad>
          </ns3:TrackPointExtension>
        </extensions>
      </trkpt>
      <trkpt lat="39.13040206767618656158447265625" lon="117.1958144009113311767578125">
        <ele>1.2000000476837158203125</ele>
        <time>2026-09-18T21:24:48.000Z</time>
        <extensions>
          <ns3:TrackPointExtension>
            <ns3:hr>124</ns3:hr>
            <ns3:cad>88</ns3:cad>
          </ns3:TrackPointExtension>
        </extensions>
      </trkpt>
      <trkpt lat="39.1304132156074047088623046875" lon="117.19584030099213123321533203125">
        <ele>1.2000000476837158203125</ele>
        <time>2026-09-18T21:24:49.000Z</time>
        <extensions>
          <ns3:TrackPointExtension>
            <ns3:hr>124</ns3:hr>
            <ns3:cad>90</ns3:cad>
          </ns3:TrackPointExtension>
        </extensions>
      </trkpt>
      <trkpt lat="39.13042939268052577972412109375" lon="117.19587634317576885223388671875">
        <ele>1.2000000476837158203125</ele>
        <time>2026-09-18T21:24:50.000Z</time>
        <extensions>
          <ns3:TrackPointExtension>
            <ns3:hr>125</ns3:hr>
            <ns3:cad>89</ns3:cad>
          </ns3:TrackPointExtension>
        </extensions>
      </trkpt>
      <trkpt lat="39.1304397024214267730712890625" lon="117.19589763320982456207275390625">
        <ele>1.2000000476837158203125</ele>
        <time>2026-09-18T21:24:51.000Z</time>
        <extensions>
          <ns3:TrackPointExtension>
            <ns3:hr>124</ns3:hr>
            <ns3:cad>89</ns3:cad>
          </ns3:TrackPointExtension>
        </extensions>
      </trkpt>
      <trkpt lat="39.13044766522943973541259765625" lon="117.19593820162117481231689453125">
        <ele>1.39999997615814208984375</ele>
        <time>2026-09-18T21:24:52.000Z</time>
        <extensions>
          <ns3:TrackPointExtension>
            <ns3:hr>125</ns3:hr>
            <ns3:cad>89</ns3:cad>
          </ns3:TrackPointExtension>
        </extensions>
      </trkpt>
      <trkpt lat="39.13045252673327922821044921875" lon="117.1959654428064823150634765625">
        <ele>1.2000000476837158203125</ele>
        <time>2026-09-18T21:24:53.000Z</time>
        <extensions>
          <ns3:TrackPointExtension>
            <ns3:hr>125</ns3:hr>
            <ns3:cad>89</ns3:cad>
          </ns3:TrackPointExtension>
        </extensions>
      </trkpt>
      <trkpt lat="39.1304561309516429901123046875" lon="117.19599201343953609466552734375">
        <ele>1.2000000476837158203125</ele>
        <time>2026-09-18T21:24:54.000Z</time>
        <extensions>
          <ns3:TrackPointExtension>
            <ns3:hr>125</ns3:hr>
            <ns3:cad>89</ns3:cad>
          </ns3:TrackPointExtension>
        </extensions>
      </trkpt>
      <trkpt lat="39.130461998283863067626953125" lon="117.1960117109119892120361328125">
        <ele>1.2000000476837158203125</ele>
        <time>2026-09-18T21:24:55.000Z</time>
        <extensions>
          <ns3:TrackPointExtension>
            <ns3:hr>125</ns3:hr>
            <ns3:cad>89</ns3:cad>
          </ns3:TrackPointExtension>
        </extensions>
      </trkpt>
      <trkpt lat="39.13046426139771938323974609375" lon="117.19603543169796466827392578125">
        <ele>1.2000000476837158203125</ele>
        <time>2026-09-18T21:24:56.000Z</time>
        <extensions>
          <ns3:TrackPointExtension>
            <ns3:hr>124</ns3:hr>
            <ns3:cad>88</ns3:cad>
          </ns3:TrackPointExtension>
        </extensions>
      </trkpt>
      <trkpt lat="39.130467362701892852783203125" lon="117.19605320133268833160400390625">
        <ele>1.39999997615814208984375</ele>
        <time>2026-09-18T21:24:57.000Z</time>
        <extensions>
          <ns3:TrackPointExtension>
            <ns3:hr>125</ns3:hr>
            <ns3:cad>88</ns3:cad>
          </ns3:TrackPointExtension>
        </extensions>
      </trkpt>
      <trkpt lat="39.13047616370022296905517578125" lon="117.19605755992233753204345703125">
        <ele>1.39999997615814208984375</ele>
        <time>2026-09-18T21:24:58.000Z</time>
        <extensions>
          <ns3:TrackPointExtension>
            <ns3:hr>125</ns3:hr>
            <ns3:cad>87</ns3:cad>
          </ns3:TrackPointExtension>
        </extensions>
      </trkpt>
      <trkpt lat="39.1304846294224262237548828125" lon="117.1960777603089809417724609375">
        <ele>1.39999997615814208984375</ele>
        <time>2026-09-18T21:24:59.000Z</time>
        <extensions>
          <ns3:TrackPointExtension>
            <ns3:hr>125</ns3:hr>
            <ns3:cad>87</ns3:cad>
          </ns3:TrackPointExtension>
        </extensions>
      </trkpt>
      <trkpt lat="39.130500219762325286865234375" lon="117.1960853040218353271484375">
        <ele>1.39999997615814208984375</ele>
        <time>2026-09-18T21:25:00.000Z</time>
        <extensions>
          <ns3:TrackPointExtension>
            <ns3:hr>125</ns3:hr>
            <ns3:cad>87</ns3:cad>
          </ns3:TrackPointExtension>
        </extensions>
      </trkpt>
      <trkpt lat="39.130509607493877410888671875" lon="117.196121513843536376953125">
        <ele>1.39999997615814208984375</ele>
        <time>2026-09-18T21:25:01.000Z</time>
        <extensions>
          <ns3:TrackPointExtension>
            <ns3:hr>126</ns3:hr>
            <ns3:cad>88</ns3:cad>
          </ns3:TrackPointExtension>
        </extensions>
      </trkpt>
      <trkpt lat="39.13052595220506191253662109375" lon="117.1961491741240024566650390625">
        <ele>1.2000000476837158203125</ele>
        <time>2026-09-18T21:25:02.000Z</time>
        <extensions>
          <ns3:TrackPointExtension>
            <ns3:hr>126</ns3:hr>
            <ns3:cad>88</ns3:cad>
          </ns3:TrackPointExtension>
        </extensions>
      </trkpt>
      <trkpt lat="39.13053936325013637542724609375" lon="117.19618010334670543670654296875">
        <ele>1.39999997615814208984375</ele>
        <time>2026-09-18T21:25:03.000Z</time>
        <extensions>
          <ns3:TrackPointExtension>
            <ns3:hr>126</ns3:hr>
            <ns3:cad>88</ns3:cad>
          </ns3:TrackPointExtension>
        </extensions>
      </trkpt>
      <trkpt lat="39.13054556585848331451416015625" lon="117.1962309814989566802978515625">
        <ele>1.39999997615814208984375</ele>
        <time>2026-09-18T21:25:04.000Z</time>
        <extensions>
          <ns3:TrackPointExtension>
            <ns3:hr>126</ns3:hr>
            <ns3:cad>89</ns3:cad>
          </ns3:TrackPointExtension>
        </extensions>
      </trkpt>
      <trkpt lat="39.13055797107517719268798828125" lon="117.19627146609127521514892578125">
        <ele>1.39999997615814208984375</ele>
        <time>2026-09-18T21:25:05.000Z</time>
        <extensions>
          <ns3:TrackPointExtension>
            <ns3:hr>125</ns3:hr>
            <ns3:cad>88</ns3:cad>
          </ns3:TrackPointExtension>
        </extensions>
      </trkpt>
      <trkpt lat="39.13057037629187107086181640625" lon="117.1962920017540454864501953125">
        <ele>1.39999997615814208984375</ele>
        <time>2026-09-18T21:25:06.000Z</time>
        <extensions>
          <ns3:TrackPointExtension>
            <ns3:hr>126</ns3:hr>
            <ns3:cad>88</ns3:cad>
          </ns3:TrackPointExtension>
        </extensions>
      </trkpt>
      <trkpt lat="39.13058328442275524139404296875" lon="117.19633701257407665252685546875">
        <ele>1.39999997615814208984375</ele>
        <time>2026-09-18T21:25:07.000Z</time>
        <extensions>
          <ns3:TrackPointExtension>
            <ns3:hr>125</ns3:hr>
            <ns3:cad>88</ns3:cad>
          </ns3:TrackPointExtension>
        </extensions>
      </trkpt>
      <trkpt lat="39.13059283979237079620361328125" lon="117.19637054018676280975341796875">
        <ele>1.39999997615814208984375</ele>
        <time>2026-09-18T21:25:08.000Z</time>
        <extensions>
          <ns3:TrackPointExtension>
            <ns3:hr>125</ns3:hr>
            <ns3:cad>89</ns3:cad>
          </ns3:TrackPointExtension>
        </extensions>
      </trkpt>
      <trkpt lat="39.130601473152637481689453125" lon="117.196408174932003021240234375">
        <ele>1.39999997615814208984375</ele>
        <time>2026-09-18T21:25:09.000Z</time>
        <extensions>
          <ns3:TrackPointExtension>
            <ns3:hr>125</ns3:hr>
            <ns3:cad>88</ns3:cad>
          </ns3:TrackPointExtension>
        </extensions>
      </trkpt>
      <trkpt lat="39.130608849227428436279296875" lon="117.19643642194569110870361328125">
        <ele>1.39999997615814208984375</ele>
        <time>2026-09-18T21:25:10.000Z</time>
        <extensions>
          <ns3:TrackPointExtension>
            <ns3:hr>126</ns3:hr>
            <ns3:cad>88</ns3:cad>
          </ns3:TrackPointExtension>
        </extensions>
      </trkpt>
      <trkpt lat="39.1306187398731708526611328125" lon="117.19647816382348537445068359375">
        <ele>1.39999997615814208984375</ele>
        <time>2026-09-18T21:25:11.000Z</time>
        <extensions>
          <ns3:TrackPointExtension>
            <ns3:hr>126</ns3:hr>
            <ns3:cad>88</ns3:cad>
          </ns3:TrackPointExtension>
        </extensions>
      </trkpt>
      <trkpt lat="39.1306284628808498382568359375" lon="117.196507751941680908203125">
        <ele>1.39999997615814208984375</ele>
        <time>2026-09-18T21:25:12.000Z</time>
        <extensions>
          <ns3:TrackPointExtension>
            <ns3:hr>126</ns3:hr>
            <ns3:cad>89</ns3:cad>
          </ns3:TrackPointExtension>
        </extensions>
      </trkpt>
      <trkpt lat="39.1306371800601482391357421875" lon="117.19654555432498455047607421875">
        <ele>1.39999997615814208984375</ele>
        <time>2026-09-18T21:25:13.000Z</time>
        <extensions>
          <ns3:TrackPointExtension>
            <ns3:hr>126</ns3:hr>
            <ns3:cad>89</ns3:cad>
          </ns3:TrackPointExtension>
        </extensions>
      </trkpt>
      <trkpt lat="39.13064732216298580169677734375" lon="117.19656801782548427581787109375">
        <ele>1.2000000476837158203125</ele>
        <time>2026-09-18T21:25:14.000Z</time>
        <extensions>
          <ns3:TrackPointExtension>
            <ns3:hr>126</ns3:hr>
            <ns3:cad>89</ns3:cad>
          </ns3:TrackPointExtension>
        </extensions>
      </trkpt>
      <trkpt lat="39.1306562907993793487548828125" lon="117.19660724513232707977294921875">
        <ele>1.2000000476837158203125</ele>
        <time>2026-09-18T21:25:15.000Z</time>
        <extensions>
          <ns3:TrackPointExtension>
            <ns3:hr>126</ns3:hr>
            <ns3:cad>89</ns3:cad>
          </ns3:TrackPointExtension>
        </extensions>
      </trkpt>
      <trkpt lat="39.13066349923610687255859375" lon="117.19663708470761775970458984375">
        <ele>1.2000000476837158203125</ele>
        <time>2026-09-18T21:25:16.000Z</time>
        <extensions>
          <ns3:TrackPointExtension>
            <ns3:hr>126</ns3:hr>
            <ns3:cad>88</ns3:cad>
          </ns3:TrackPointExtension>
        </extensions>
      </trkpt>
      <trkpt lat="39.13067112676799297332763671875" lon="117.196676395833492279052734375">
        <ele>1.2000000476837158203125</ele>
        <time>2026-09-18T21:25:17.000Z</time>
        <extensions>
          <ns3:TrackPointExtension>
            <ns3:hr>126</ns3:hr>
            <ns3:cad>88</ns3:cad>
          </ns3:TrackPointExtension>
        </extensions>
      </trkpt>
      <trkpt lat="39.13067825138568878173828125" lon="117.19670766033232212066650390625">
        <ele>1.2000000476837158203125</ele>
        <time>2026-09-18T21:25:18.000Z</time>
        <extensions>
          <ns3:TrackPointExtension>
            <ns3:hr>126</ns3:hr>
            <ns3:cad>88</ns3:cad>
          </ns3:TrackPointExtension>
        </extensions>
      </trkpt>
      <trkpt lat="39.13067984394729137420654296875" lon="117.196745462715625762939453125">
        <ele>1.39999997615814208984375</ele>
        <time>2026-09-18T21:25:19.000Z</time>
        <extensions>
          <ns3:TrackPointExtension>
            <ns3:hr>126</ns3:hr>
            <ns3:cad>88</ns3:cad>
          </ns3:TrackPointExtension>
        </extensions>
      </trkpt>
      <trkpt lat="39.1306811012327671051025390625" lon="117.196780331432819366455078125">
        <ele>1.39999997615814208984375</ele>
        <time>2026-09-18T21:25:20.000Z</time>
        <extensions>
          <ns3:TrackPointExtension>
            <ns3:hr>126</ns3:hr>
            <ns3:cad>89</ns3:cad>
          </ns3:TrackPointExtension>
        </extensions>
      </trkpt>
      <trkpt lat="39.13068286143243312835693359375" lon="117.1968187205493450164794921875">
        <ele>1.39999997615814208984375</ele>
        <time>2026-09-18T21:25:21.000Z</time>
        <extensions>
          <ns3:TrackPointExtension>
            <ns3:hr>126</ns3:hr>
            <ns3:cad>89</ns3:cad>
          </ns3:TrackPointExtension>
        </extensions>
      </trkpt>
      <trkpt lat="39.1306878067553043365478515625" lon="117.19684512354433536529541015625">
        <ele>1.39999997615814208984375</ele>
        <time>2026-09-18T21:25:22.000Z</time>
        <extensions>
          <ns3:TrackPointExtension>
            <ns3:hr>126</ns3:hr>
            <ns3:cad>89</ns3:cad>
          </ns3:TrackPointExtension>
        </extensions>
      </trkpt>
      <trkpt lat="39.13069711066782474517822265625" lon="117.19688183628022670745849609375">
        <ele>1.39999997615814208984375</ele>
        <time>2026-09-18T21:25:23.000Z</time>
        <extensions>
          <ns3:TrackPointExtension>
            <ns3:hr>126</ns3:hr>
            <ns3:cad>88</ns3:cad>
          </ns3:TrackPointExtension>
        </extensions>
      </trkpt>
      <trkpt lat="39.13070716895163059234619140625" lon="117.196907065808773040771484375">
        <ele>1.2000000476837158203125</ele>
        <time>2026-09-18T21:25:24.000Z</time>
        <extensions>
          <ns3:TrackPointExtension>
            <ns3:hr>126</ns3:hr>
            <ns3:cad>89</ns3:cad>
          </ns3:TrackPointExtension>
        </extensions>
      </trkpt>
      <trkpt lat="39.13072510622441768646240234375" lon="117.1969394199550151824951171875">
        <ele>1.2000000476837158203125</ele>
        <time>2026-09-18T21:25:25.000Z</time>
        <extensions>
          <ns3:TrackPointExtension>
            <ns3:hr>126</ns3:hr>
            <ns3:cad>89</ns3:cad>
          </ns3:TrackPointExtension>
        </extensions>
      </trkpt>
      <trkpt lat="39.13074153475463390350341796875" lon="117.19696314074099063873291015625">
        <ele>1.2000000476837158203125</ele>
        <time>2026-09-18T21:25:26.000Z</time>
        <extensions>
          <ns3:TrackPointExtension>
            <ns3:hr>126</ns3:hr>
            <ns3:cad>89</ns3:cad>
          </ns3:TrackPointExtension>
        </extensions>
      </trkpt>
      <trkpt lat="39.13076366297900676727294921875" lon="117.19698074273765087127685546875">
        <ele>1.39999997615814208984375</ele>
        <time>2026-09-18T21:25:27.000Z</time>
        <extensions>
          <ns3:TrackPointExtension>
            <ns3:hr>126</ns3:hr>
            <ns3:cad>89</ns3:cad>
          </ns3:TrackPointExtension>
        </extensions>
      </trkpt>
      <trkpt lat="39.13078310899436473846435546875" lon="117.1969987638294696807861328125">
        <ele>1.39999997615814208984375</ele>
        <time>2026-09-18T21:25:28.000Z</time>
        <extensions>
          <ns3:TrackPointExtension>
            <ns3:hr>126</ns3:hr>
            <ns3:cad>90</ns3:cad>
          </ns3:TrackPointExtension>
        </extensions>
      </trkpt>
      <trkpt lat="39.13080942817032337188720703125" lon="117.19701913185417652130126953125">
        <ele>1.39999997615814208984375</ele>
        <time>2026-09-18T21:25:29.000Z</time>
        <extensions>
          <ns3:TrackPointExtension>
            <ns3:hr>126</ns3:hr>
            <ns3:cad>90</ns3:cad>
          </ns3:TrackPointExtension>
        </extensions>
      </trkpt>
      <trkpt lat="39.13082786835730075836181640625" lon="117.1970423497259616851806640625">
        <ele>1.39999997615814208984375</ele>
        <time>2026-09-18T21:25:30.000Z</time>
        <extensions>
          <ns3:TrackPointExtension>
            <ns3:hr>127</ns3:hr>
            <ns3:cad>89</ns3:cad>
          </ns3:TrackPointExtension>
        </extensions>
      </trkpt>
      <trkpt lat="39.1308480687439441680908203125" lon="117.19706707634031772613525390625">
        <ele>1.39999997615814208984375</ele>
        <time>2026-09-18T21:25:31.000Z</time>
        <extensions>
          <ns3:TrackPointExtension>
            <ns3:hr>126</ns3:hr>
            <ns3:cad>89</ns3:cad>
          </ns3:TrackPointExtension>
        </extensions>
      </trkpt>
      <trkpt lat="39.13085737265646457672119140625" lon="117.1971040405333042144775390625">
        <ele>1.2000000476837158203125</ele>
        <time>2026-09-18T21:25:32.000Z</time>
        <extensions>
          <ns3:TrackPointExtension>
            <ns3:hr>126</ns3:hr>
            <ns3:cad>89</ns3:cad>
          </ns3:TrackPointExtension>
        </extensions>
      </trkpt>
      <trkpt lat="39.13087002933025360107421875" lon="117.19712734222412109375">
        <ele>1.39999997615814208984375</ele>
        <time>2026-09-18T21:25:33.000Z</time>
        <extensions>
          <ns3:TrackPointExtension>
            <ns3:hr>126</ns3:hr>
            <ns3:cad>89</ns3:cad>
          </ns3:TrackPointExtension>
        </extensions>
      </trkpt>
      <trkpt lat="39.13088218308985233306884765625" lon="117.1971667371690273284912109375">
        <ele>1.39999997615814208984375</ele>
        <time>2026-09-18T21:25:34.000Z</time>
        <extensions>
          <ns3:TrackPointExtension>
            <ns3:hr>126</ns3:hr>
            <ns3:cad>89</ns3:cad>
          </ns3:TrackPointExtension>
        </extensions>
      </trkpt>
      <trkpt lat="39.13089551031589508056640625" lon="117.19718442298471927642822265625">
        <ele>1.60000002384185791015625</ele>
        <time>2026-09-18T21:25:35.000Z</time>
        <extensions>
          <ns3:TrackPointExtension>
            <ns3:hr>126</ns3:hr>
            <ns3:cad>87</ns3:cad>
          </ns3:TrackPointExtension>
        </extensions>
      </trkpt>
      <trkpt lat="39.130910933017730712890625" lon="117.19721929170191287994384765625">
        <ele>1.7999999523162841796875</ele>
        <time>2026-09-18T21:25:36.000Z</time>
        <extensions>
          <ns3:TrackPointExtension>
            <ns3:hr>126</ns3:hr>
            <ns3:cad>87</ns3:cad>
          </ns3:TrackPointExtension>
        </extensions>
      </trkpt>
      <trkpt lat="39.13092375732958316802978515625" lon="117.197234965860843658447265625">
        <ele>1.7999999523162841796875</ele>
        <time>2026-09-18T21:25:37.000Z</time>
        <extensions>
          <ns3:TrackPointExtension>
            <ns3:hr>126</ns3:hr>
            <ns3:cad>87</ns3:cad>
          </ns3:TrackPointExtension>
        </extensions>
      </trkpt>
      <trkpt lat="39.1309417784214019775390625" lon="117.19726321287453174591064453125">
        <ele>1.7999999523162841796875</ele>
        <time>2026-09-18T21:25:38.000Z</time>
        <extensions>
          <ns3:TrackPointExtension>
            <ns3:hr>126</ns3:hr>
            <ns3:cad>87</ns3:cad>
          </ns3:TrackPointExtension>
        </extensions>
      </trkpt>
      <trkpt lat="39.1309516690671443939208984375" lon="117.19728081487119197845458984375">
        <ele>2</ele>
        <time>2026-09-18T21:25:39.000Z</time>
        <extensions>
          <ns3:TrackPointExtension>
            <ns3:hr>127</ns3:hr>
            <ns3:cad>87</ns3:cad>
          </ns3:TrackPointExtension>
        </extensions>
      </trkpt>
      <trkpt lat="39.13096281699836254119873046875" lon="117.19731316901743412017822265625">
        <ele>2</ele>
        <time>2026-09-18T21:25:40.000Z</time>
        <extensions>
          <ns3:TrackPointExtension>
            <ns3:hr>126</ns3:hr>
            <ns3:cad>88</ns3:cad>
          </ns3:TrackPointExtension>
        </extensions>
      </trkpt>
      <trkpt lat="39.13096851669251918792724609375" lon="117.1973343752324581146240234375">
        <ele>2.2000000476837158203125</ele>
        <time>2026-09-18T21:25:41.000Z</time>
        <extensions>
          <ns3:TrackPointExtension>
            <ns3:hr>126</ns3:hr>
            <ns3:cad>88</ns3:cad>
          </ns3:TrackPointExtension>
        </extensions>
      </trkpt>
      <trkpt lat="39.13097689859569072723388671875" lon="117.19736647792160511016845703125">
        <ele>2.400000095367431640625</ele>
        <time>2026-09-18T21:25:42.000Z</time>
        <extensions>
          <ns3:TrackPointExtension>
            <ns3:hr>127</ns3:hr>
            <ns3:cad>88</ns3:cad>
          </ns3:TrackPointExtension>
        </extensions>
      </trkpt>
      <trkpt lat="39.13098125718533992767333984375" lon="117.19739397056400775909423828125">
        <ele>2.599999904632568359375</ele>
        <time>2026-09-18T21:25:43.000Z</time>
        <extensions>
          <ns3:TrackPointExtension>
            <ns3:hr>126</ns3:hr>
            <ns3:cad>89</ns3:cad>
          </ns3:TrackPointExtension>
        </extensions>
      </trkpt>
      <trkpt lat="39.13099600933492183685302734375" lon="117.197427414357662200927734375">
        <ele>2.599999904632568359375</ele>
        <time>2026-09-18T21:25:44.000Z</time>
        <extensions>
          <ns3:TrackPointExtension>
            <ns3:hr>126</ns3:hr>
            <ns3:cad>89</ns3:cad>
          </ns3:TrackPointExtension>
        </extensions>
      </trkpt>
      <trkpt lat="39.1310066543519496917724609375" lon="117.197452224791049957275390625">
        <ele>2.599999904632568359375</ele>
        <time>2026-09-18T21:25:45.000Z</time>
        <extensions>
          <ns3:TrackPointExtension>
            <ns3:hr>126</ns3:hr>
            <ns3:cad>89</ns3:cad>
          </ns3:TrackPointExtension>
        </extensions>
      </trkpt>
      <trkpt lat="39.13102115504443645477294921875" lon="117.19747938215732574462890625">
        <ele>2.7999999523162841796875</ele>
        <time>2026-09-18T21:25:46.000Z</time>
        <extensions>
          <ns3:TrackPointExtension>
            <ns3:hr>127</ns3:hr>
            <ns3:cad>88</ns3:cad>
          </ns3:TrackPointExtension>
        </extensions>
      </trkpt>
      <trkpt lat="39.13103037513792514801025390625" lon="117.19751131720840930938720703125">
        <ele>2.7999999523162841796875</ele>
        <time>2026-09-18T21:25:47.000Z</time>
        <extensions>
          <ns3:TrackPointExtension>
            <ns3:hr>126</ns3:hr>
            <ns3:cad>88</ns3:cad>
          </ns3:TrackPointExtension>
        </extensions>
      </trkpt>
      <trkpt lat="39.13104512728750705718994140625" lon="117.197537384927272796630859375">
        <ele>2.7999999523162841796875</ele>
        <time>2026-09-18T21:25:48.000Z</time>
        <extensions>
          <ns3:TrackPointExtension>
            <ns3:hr>126</ns3:hr>
            <ns3:cad>88</ns3:cad>
          </ns3:TrackPointExtension>
        </extensions>
      </trkpt>
      <trkpt lat="39.13105417974293231964111328125" lon="117.19757049344480037689208984375">
        <ele>3</ele>
        <time>2026-09-18T21:25:49.000Z</time>
        <extensions>
          <ns3:TrackPointExtension>
            <ns3:hr>127</ns3:hr>
            <ns3:cad>88</ns3:cad>
          </ns3:TrackPointExtension>
        </extensions>
      </trkpt>
      <trkpt lat="39.131068848073482513427734375" lon="117.19758910126984119415283203125">
        <ele>3</ele>
        <time>2026-09-18T21:25:50.000Z</time>
        <extensions>
          <ns3:TrackPointExtension>
            <ns3:hr>127</ns3:hr>
            <ns3:cad>88</ns3:cad>
          </ns3:TrackPointExtension>
        </extensions>
      </trkpt>
      <trkpt lat="39.13107882253825664520263671875" lon="117.19762288033962249755859375">
        <ele>3</ele>
        <time>2026-09-18T21:25:51.000Z</time>
        <extensions>
          <ns3:TrackPointExtension>
            <ns3:hr>127</ns3:hr>
            <ns3:cad>87</ns3:cad>
          </ns3:TrackPointExtension>
        </extensions>
      </trkpt>
      <trkpt lat="39.13109424524009227752685546875" lon="117.19764165580272674560546875">
        <ele>3.2000000476837158203125</ele>
        <time>2026-09-18T21:25:52.000Z</time>
        <extensions>
          <ns3:TrackPointExtension>
            <ns3:hr>127</ns3:hr>
            <ns3:cad>87</ns3:cad>
          </ns3:TrackPointExtension>
        </extensions>
      </trkpt>
      <trkpt lat="39.13110497407615184783935546875" lon="117.19767652451992034912109375">
        <ele>3.400000095367431640625</ele>
        <time>2026-09-18T21:25:53.000Z</time>
        <extensions>
          <ns3:TrackPointExtension>
            <ns3:hr>127</ns3:hr>
            <ns3:cad>87</ns3:cad>
          </ns3:TrackPointExtension>
        </extensions>
      </trkpt>
      <trkpt lat="39.1311161220073699951171875" lon="117.19769186340272426605224609375">
        <ele>3.400000095367431640625</ele>
        <time>2026-09-18T21:25:54.000Z</time>
        <extensions>
          <ns3:TrackPointExtension>
            <ns3:hr>127</ns3:hr>
            <ns3:cad>88</ns3:cad>
          </ns3:TrackPointExtension>
        </extensions>
      </trkpt>
      <trkpt lat="39.131133221089839935302734375" lon="117.1977129019796848297119140625">
        <ele>3.599999904632568359375</ele>
        <time>2026-09-18T21:25:55.000Z</time>
        <extensions>
          <ns3:TrackPointExtension>
            <ns3:hr>128</ns3:hr>
            <ns3:cad>88</ns3:cad>
          </ns3:TrackPointExtension>
        </extensions>
      </trkpt>
      <trkpt lat="39.1311467997729778289794921875" lon="117.1977283246815204620361328125">
        <ele>3.599999904632568359375</ele>
        <time>2026-09-18T21:25:56.000Z</time>
        <extensions>
          <ns3:TrackPointExtension>
            <ns3:hr>128</ns3:hr>
            <ns3:cad>88</ns3:cad>
          </ns3:TrackPointExtension>
        </extensions>
      </trkpt>
      <trkpt lat="39.131172113120555877685546875" lon="117.197743915021419525146484375">
        <ele>3.7999999523162841796875</ele>
        <time>2026-09-18T21:25:57.000Z</time>
        <extensions>
          <ns3:TrackPointExtension>
            <ns3:hr>128</ns3:hr>
            <ns3:cad>89</ns3:cad>
          </ns3:TrackPointExtension>
        </extensions>
      </trkpt>
      <trkpt lat="39.13119214586913585662841796875" lon="117.1977501176297664642333984375">
        <ele>3.599999904632568359375</ele>
        <time>2026-09-18T21:25:58.000Z</time>
        <extensions>
          <ns3:TrackPointExtension>
            <ns3:hr>128</ns3:hr>
            <ns3:cad>88</ns3:cad>
          </ns3:TrackPointExtension>
        </extensions>
      </trkpt>
      <trkpt lat="39.131215699017047882080078125" lon="117.19777082093060016632080078125">
        <ele>3.599999904632568359375</ele>
        <time>2026-09-18T21:25:59.000Z</time>
        <extensions>
          <ns3:TrackPointExtension>
            <ns3:hr>129</ns3:hr>
            <ns3:cad>88</ns3:cad>
          </ns3:TrackPointExtension>
        </extensions>
      </trkpt>
      <trkpt lat="39.1312395036220550537109375" lon="117.1977843157947063446044921875">
        <ele>3.599999904632568359375</ele>
        <time>2026-09-18T21:26:00.000Z</time>
        <extensions>
          <ns3:TrackPointExtension>
            <ns3:hr>129</ns3:hr>
            <ns3:cad>88</ns3:cad>
          </ns3:TrackPointExtension>
        </extensions>
      </trkpt>
      <trkpt lat="39.13126431405544281005859375" lon="117.197801582515239715576171875">
        <ele>3.599999904632568359375</ele>
        <time>2026-09-18T21:26:01.000Z</time>
        <extensions>
          <ns3:TrackPointExtension>
            <ns3:hr>130</ns3:hr>
            <ns3:cad>88</ns3:cad>
          </ns3:TrackPointExtension>
        </extensions>
      </trkpt>
      <trkpt lat="39.13128317333757877349853515625" lon="117.19783334992825984954833984375">
        <ele>3.400000095367431640625</ele>
        <time>2026-09-18T21:26:02.000Z</time>
        <extensions>
          <ns3:TrackPointExtension>
            <ns3:hr>130</ns3:hr>
            <ns3:cad>88</ns3:cad>
          </ns3:TrackPointExtension>
        </extensions>
      </trkpt>
      <trkpt lat="39.1313033737242221832275390625" lon="117.19785816036164760589599609375">
        <ele>3.400000095367431640625</ele>
        <time>2026-09-18T21:26:03.000Z</time>
        <extensions>
          <ns3:TrackPointExtension>
            <ns3:hr>130</ns3:hr>
            <ns3:cad>88</ns3:cad>
          </ns3:TrackPointExtension>
        </extensions>
      </trkpt>
      <trkpt lat="39.131317622959613800048828125" lon="117.19789168797433376312255859375">
        <ele>3.2000000476837158203125</ele>
        <time>2026-09-18T21:26:04.000Z</time>
        <extensions>
          <ns3:TrackPointExtension>
            <ns3:hr>130</ns3:hr>
            <ns3:cad>88</ns3:cad>
          </ns3:TrackPointExtension>
        </extensions>
      </trkpt>
      <trkpt lat="39.1313345544040203094482421875" lon="117.19791767187416553497314453125">
        <ele>3.2000000476837158203125</ele>
        <time>2026-09-18T21:26:05.000Z</time>
        <extensions>
          <ns3:TrackPointExtension>
            <ns3:hr>130</ns3:hr>
            <ns3:cad>88</ns3:cad>
          </ns3:TrackPointExtension>
        </extensions>
      </trkpt>
      <trkpt lat="39.13134821690618991851806640625" lon="117.19795002602040767669677734375">
        <ele>3.2000000476837158203125</ele>
        <time>2026-09-18T21:26:06.000Z</time>
        <extensions>
          <ns3:TrackPointExtension>
            <ns3:hr>130</ns3:hr>
            <ns3:cad>87</ns3:cad>
          </ns3:TrackPointExtension>
        </extensions>
      </trkpt>
      <trkpt lat="39.131360538303852081298828125" lon="117.19797232188284397125244140625">
        <ele>3.2000000476837158203125</ele>
        <time>2026-09-18T21:26:07.000Z</time>
        <extensions>
          <ns3:TrackPointExtension>
            <ns3:hr>130</ns3:hr>
            <ns3:cad>87</ns3:cad>
          </ns3:TrackPointExtension>
        </extensions>
      </trkpt>
      <trkpt lat="39.13137000985443592071533203125" lon="117.19800584949553012847900390625">
        <ele>3.400000095367431640625</ele>
        <time>2026-09-18T21:26:08.000Z</time>
        <extensions>
          <ns3:TrackPointExtension>
            <ns3:hr>130</ns3:hr>
            <ns3:cad>87</ns3:cad>
          </ns3:TrackPointExtension>
        </extensions>
      </trkpt>
      <trkpt lat="39.131384678184986114501953125" lon="117.19803183339536190032958984375">
        <ele>3.400000095367431640625</ele>
        <time>2026-09-18T21:26:09.000Z</time>
        <extensions>
          <ns3:TrackPointExtension>
            <ns3:hr>131</ns3:hr>
            <ns3:cad>89</ns3:cad>
          </ns3:TrackPointExtension>
        </extensions>
      </trkpt>
      <trkpt lat="39.1313942335546016693115234375" lon="117.19806737266480922698974609375">
        <ele>3.400000095367431640625</ele>
        <time>2026-09-18T21:26:10.000Z</time>
        <extensions>
          <ns3:TrackPointExtension>
            <ns3:hr>131</ns3:hr>
            <ns3:cad>89</ns3:cad>
          </ns3:TrackPointExtension>
        </extensions>
      </trkpt>
      <trkpt lat="39.13140705786645412445068359375" lon="117.198093943297863006591796875">
        <ele>3.400000095367431640625</ele>
        <time>2026-09-18T21:26:11.000Z</time>
        <extensions>
          <ns3:TrackPointExtension>
            <ns3:hr>131</ns3:hr>
            <ns3:cad>89</ns3:cad>
          </ns3:TrackPointExtension>
        </extensions>
      </trkpt>
      <trkpt lat="39.131415523588657379150390625" lon="117.1981276385486125946044921875">
        <ele>3.400000095367431640625</ele>
        <time>2026-09-18T21:26:12.000Z</time>
        <extensions>
          <ns3:TrackPointExtension>
            <ns3:hr>131</ns3:hr>
            <ns3:cad>89</ns3:cad>
          </ns3:TrackPointExtension>
        </extensions>
      </trkpt>
      <trkpt lat="39.13143555633723735809326171875" lon="117.1981501020491123199462890625">
        <ele>3.400000095367431640625</ele>
        <time>2026-09-18T21:26:13.000Z</time>
        <extensions>
          <ns3:TrackPointExtension>
            <ns3:hr>130</ns3:hr>
            <ns3:cad>89</ns3:cad>
          </ns3:TrackPointExtension>
        </extensions>
      </trkpt>
      <trkpt lat="39.1314488835632801055908203125" lon="117.19817851670086383819580078125">
        <ele>3.400000095367431640625</ele>
        <time>2026-09-18T21:26:14.000Z</time>
        <extensions>
          <ns3:TrackPointExtension>
            <ns3:hr>131</ns3:hr>
            <ns3:cad>89</ns3:cad>
          </ns3:TrackPointExtension>
        </extensions>
      </trkpt>
      <trkpt lat="39.1314649768173694610595703125" lon="117.1982042491436004638671875">
        <ele>3.400000095367431640625</ele>
        <time>2026-09-18T21:26:15.000Z</time>
        <extensions>
          <ns3:TrackPointExtension>
            <ns3:hr>131</ns3:hr>
            <ns3:cad>89</ns3:cad>
          </ns3:TrackPointExtension>
        </extensions>
      </trkpt>
      <trkpt lat="39.13148081861436367034912109375" lon="117.19823383726179599761962890625">
        <ele>3.400000095367431640625</ele>
        <time>2026-09-18T21:26:16.000Z</time>
        <extensions>
          <ns3:TrackPointExtension>
            <ns3:hr>130</ns3:hr>
            <ns3:cad>89</ns3:cad>
          </ns3:TrackPointExtension>
        </extensions>
      </trkpt>
      <trkpt lat="39.1314969956874847412109375" lon="117.1982577256858348846435546875">
        <ele>3.400000095367431640625</ele>
        <time>2026-09-18T21:26:17.000Z</time>
        <extensions>
          <ns3:TrackPointExtension>
            <ns3:hr>131</ns3:hr>
            <ns3:cad>89</ns3:cad>
          </ns3:TrackPointExtension>
        </extensions>
      </trkpt>
      <trkpt lat="39.1315132565796375274658203125" lon="117.198288403451442718505859375">
        <ele>3.2000000476837158203125</ele>
        <time>2026-09-18T21:26:18.000Z</time>
        <extensions>
          <ns3:TrackPointExtension>
            <ns3:hr>131</ns3:hr>
            <ns3:cad>89</ns3:cad>
          </ns3:TrackPointExtension>
        </extensions>
      </trkpt>
      <trkpt lat="39.1315303556621074676513671875" lon="117.1983106993138790130615234375">
        <ele>3.2000000476837158203125</ele>
        <time>2026-09-18T21:26:19.000Z</time>
        <extensions>
          <ns3:TrackPointExtension>
            <ns3:hr>130</ns3:hr>
            <ns3:cad>89</ns3:cad>
          </ns3:TrackPointExtension>
        </extensions>
      </trkpt>
      <trkpt lat="39.13153882138431072235107421875" lon="117.198344059288501739501953125">
        <ele>3.2000000476837158203125</ele>
        <time>2026-09-18T21:26:20.000Z</time>
        <extensions>
          <ns3:TrackPointExtension>
            <ns3:hr>131</ns3:hr>
            <ns3:cad>89</ns3:cad>
          </ns3:TrackPointExtension>
        </extensions>
      </trkpt>
      <trkpt lat="39.13155575282871723175048828125" lon="117.1983727253973484039306640625">
        <ele>3.400000095367431640625</ele>
        <time>2026-09-18T21:26:21.000Z</time>
        <extensions>
          <ns3:TrackPointExtension>
            <ns3:hr>131</ns3:hr>
            <ns3:cad>89</ns3:cad>
          </ns3:TrackPointExtension>
        </extensions>
      </trkpt>
      <trkpt lat="39.13156807422637939453125" lon="117.1984040737152099609375">
        <ele>3.400000095367431640625</ele>
        <time>2026-09-18T21:26:22.000Z</time>
        <extensions>
          <ns3:TrackPointExtension>
            <ns3:hr>130</ns3:hr>
            <ns3:cad>89</ns3:cad>
          </ns3:TrackPointExtension>
        </extensions>
      </trkpt>
      <trkpt lat="39.13158374838531017303466796875" lon="117.19842863269150257110595703125">
        <ele>3.400000095367431640625</ele>
        <time>2026-09-18T21:26:23.000Z</time>
        <extensions>
          <ns3:TrackPointExtension>
            <ns3:hr>130</ns3:hr>
            <ns3:cad>89</ns3:cad>
          </ns3:TrackPointExtension>
        </extensions>
      </trkpt>
      <trkpt lat="39.13159732706844806671142578125" lon="117.198466770350933074951171875">
        <ele>3.400000095367431640625</ele>
        <time>2026-09-18T21:26:24.000Z</time>
        <extensions>
          <ns3:TrackPointExtension>
            <ns3:hr>130</ns3:hr>
            <ns3:cad>91</ns3:cad>
          </ns3:TrackPointExtension>
        </extensions>
      </trkpt>
      <trkpt lat="39.13160939700901508331298828125" lon="117.1984937600791454315185546875">
        <ele>3.400000095367431640625</ele>
        <time>2026-09-18T21:26:25.000Z</time>
        <extensions>
          <ns3:TrackPointExtension>
            <ns3:hr>130</ns3:hr>
            <ns3:cad>91</ns3:cad>
          </ns3:TrackPointExtension>
        </extensions>
      </trkpt>
      <trkpt lat="39.13161794655025005340576171875" lon="117.1985296346247196197509765625">
        <ele>3.2000000476837158203125</ele>
        <time>2026-09-18T21:26:26.000Z</time>
        <extensions>
          <ns3:TrackPointExtension>
            <ns3:hr>130</ns3:hr>
            <ns3:cad>91</ns3:cad>
          </ns3:TrackPointExtension>
        </extensions>
      </trkpt>
      <trkpt lat="39.1316289268434047698974609375" lon="117.19855369068682193756103515625">
        <ele>3.2000000476837158203125</ele>
        <time>2026-09-18T21:26:27.000Z</time>
        <extensions>
          <ns3:TrackPointExtension>
            <ns3:hr>131</ns3:hr>
            <ns3:cad>91</ns3:cad>
          </ns3:TrackPointExtension>
        </extensions>
      </trkpt>
      <trkpt lat="39.13164124824106693267822265625" lon="117.1985852904617786407470703125">
        <ele>3.400000095367431640625</ele>
        <time>2026-09-18T21:26:28.000Z</time>
        <extensions>
          <ns3:TrackPointExtension>
            <ns3:hr>130</ns3:hr>
            <ns3:cad>91</ns3:cad>
          </ns3:TrackPointExtension>
        </extensions>
      </trkpt>
      <trkpt lat="39.13165214471518993377685546875" lon="117.198610603809356689453125">
        <ele>3.400000095367431640625</ele>
        <time>2026-09-18T21:26:29.000Z</time>
        <extensions>
          <ns3:TrackPointExtension>
            <ns3:hr>130</ns3:hr>
            <ns3:cad>89</ns3:cad>
          </ns3:TrackPointExtension>
        </extensions>
      </trkpt>
      <trkpt lat="39.1316614486277103424072265625" lon="117.19864421524107456207275390625">
        <ele>3.400000095367431640625</ele>
        <time>2026-09-18T21:26:30.000Z</time>
        <extensions>
          <ns3:TrackPointExtension>
            <ns3:hr>130</ns3:hr>
            <ns3:cad>89</ns3:cad>
          </ns3:TrackPointExtension>
        </extensions>
      </trkpt>
      <trkpt lat="39.1316718421876430511474609375" lon="117.1986684389412403106689453125">
        <ele>3.400000095367431640625</ele>
        <time>2026-09-18T21:26:31.000Z</time>
        <extensions>
          <ns3:TrackPointExtension>
            <ns3:hr>130</ns3:hr>
            <ns3:cad>88</ns3:cad>
          </ns3:TrackPointExtension>
        </extensions>
      </trkpt>
      <trkpt lat="39.1316865943372249603271484375" lon="117.19870121218264102935791015625">
        <ele>3.599999904632568359375</ele>
        <time>2026-09-18T21:26:32.000Z</time>
        <extensions>
          <ns3:TrackPointExtension>
            <ns3:hr>129</ns3:hr>
            <ns3:cad>88</ns3:cad>
          </ns3:TrackPointExtension>
        </extensions>
      </trkpt>
      <trkpt lat="39.13169740699231624603271484375" lon="117.19872451387345790863037109375">
        <ele>3.599999904632568359375</ele>
        <time>2026-09-18T21:26:33.000Z</time>
        <extensions>
          <ns3:TrackPointExtension>
            <ns3:hr>130</ns3:hr>
            <ns3:cad>89</ns3:cad>
          </ns3:TrackPointExtension>
        </extensions>
      </trkpt>
      <trkpt lat="39.131709225475788116455078125" lon="117.19875955022871494293212890625">
        <ele>3.599999904632568359375</ele>
        <time>2026-09-18T21:26:34.000Z</time>
        <extensions>
          <ns3:TrackPointExtension>
            <ns3:hr>129</ns3:hr>
            <ns3:cad>89</ns3:cad>
          </ns3:TrackPointExtension>
        </extensions>
      </trkpt>
      <trkpt lat="39.1317248158156871795654296875" lon="117.1987837739288806915283203125">
        <ele>3.599999904632568359375</ele>
        <time>2026-09-18T21:26:35.000Z</time>
        <extensions>
          <ns3:TrackPointExtension>
            <ns3:hr>129</ns3:hr>
            <ns3:cad>89</ns3:cad>
          </ns3:TrackPointExtension>
        </extensions>
      </trkpt>
      <trkpt lat="39.13173680193722248077392578125" lon="117.19881914556026458740234375">
        <ele>3.599999904632568359375</ele>
        <time>2026-09-18T21:26:36.000Z</time>
        <extensions>
          <ns3:TrackPointExtension>
            <ns3:hr>129</ns3:hr>
            <ns3:cad>89</ns3:cad>
          </ns3:TrackPointExtension>
        </extensions>
      </trkpt>
      <trkpt lat="39.1317479498684406280517578125" lon="117.1988451294600963592529296875">
        <ele>3.599999904632568359375</ele>
        <time>2026-09-18T21:26:37.000Z</time>
        <extensions>
          <ns3:TrackPointExtension>
            <ns3:hr>130</ns3:hr>
            <ns3:cad>89</ns3:cad>
          </ns3:TrackPointExtension>
        </extensions>
      </trkpt>
      <trkpt lat="39.1317627020180225372314453125" lon="117.198879159986972808837890625">
        <ele>3.599999904632568359375</ele>
        <time>2026-09-18T21:26:38.000Z</time>
        <extensions>
          <ns3:TrackPointExtension>
            <ns3:hr>129</ns3:hr>
            <ns3:cad>89</ns3:cad>
          </ns3:TrackPointExtension>
        </extensions>
      </trkpt>
      <trkpt lat="39.1317767836153507232666015625" lon="117.1989021264016628265380859375">
        <ele>3.599999904632568359375</ele>
        <time>2026-09-18T21:26:39.000Z</time>
        <extensions>
          <ns3:TrackPointExtension>
            <ns3:hr>128</ns3:hr>
            <ns3:cad>89</ns3:cad>
          </ns3:TrackPointExtension>
        </extensions>
      </trkpt>
      <trkpt lat="39.1317918710410594940185546875" lon="117.1989376656711101531982421875">
        <ele>3.599999904632568359375</ele>
        <time>2026-09-18T21:26:40.000Z</time>
        <extensions>
          <ns3:TrackPointExtension>
            <ns3:hr>128</ns3:hr>
            <ns3:cad>89</ns3:cad>
          </ns3:TrackPointExtension>
        </extensions>
      </trkpt>
      <trkpt lat="39.1318086348474025726318359375" lon="117.19895602203905582427978515625">
        <ele>3.7999999523162841796875</ele>
        <time>2026-09-18T21:26:41.000Z</time>
        <extensions>
          <ns3:TrackPointExtension>
            <ns3:hr>129</ns3:hr>
            <ns3:cad>89</ns3:cad>
          </ns3:TrackPointExtension>
        </extensions>
      </trkpt>
      <trkpt lat="39.13182514719665050506591796875" lon="117.1989960037171840667724609375">
        <ele>3.7999999523162841796875</ele>
        <time>2026-09-18T21:26:42.000Z</time>
        <extensions>
          <ns3:TrackPointExtension>
            <ns3:hr>129</ns3:hr>
            <ns3:cad>89</ns3:cad>
          </ns3:TrackPointExtension>
        </extensions>
      </trkpt>
      <trkpt lat="39.131836630403995513916015625" lon="117.19901670701801776885986328125">
        <ele>3.7999999523162841796875</ele>
        <time>2026-09-18T21:26:43.000Z</time>
        <extensions>
          <ns3:TrackPointExtension>
            <ns3:hr>129</ns3:hr>
            <ns3:cad>89</ns3:cad>
          </ns3:TrackPointExtension>
        </extensions>
      </trkpt>
      <trkpt lat="39.13185263983905315399169921875" lon="117.19905073754489421844482421875">
        <ele>3.7999999523162841796875</ele>
        <time>2026-09-18T21:26:44.000Z</time>
        <extensions>
          <ns3:TrackPointExtension>
            <ns3:hr>130</ns3:hr>
            <ns3:cad>89</ns3:cad>
          </ns3:TrackPointExtension>
        </extensions>
      </trkpt>
      <trkpt lat="39.1318632848560810089111328125" lon="117.19906481914222240447998046875">
        <ele>3.7999999523162841796875</ele>
        <time>2026-09-18T21:26:45.000Z</time>
        <extensions>
          <ns3:TrackPointExtension>
            <ns3:hr>130</ns3:hr>
            <ns3:cad>89</ns3:cad>
          </ns3:TrackPointExtension>
        </extensions>
      </trkpt>
      <trkpt lat="39.131878204643726348876953125" lon="117.1991012804210186004638671875">
        <ele>3.7999999523162841796875</ele>
        <time>2026-09-18T21:26:46.000Z</time>
        <extensions>
          <ns3:TrackPointExtension>
            <ns3:hr>130</ns3:hr>
            <ns3:cad>89</ns3:cad>
          </ns3:TrackPointExtension>
        </extensions>
      </trkpt>
      <trkpt lat="39.1318924538791179656982421875" lon="117.19911594875156879425048828125">
        <ele>3.7999999523162841796875</ele>
        <time>2026-09-18T21:26:47.000Z</time>
        <extensions>
          <ns3:TrackPointExtension>
            <ns3:hr>130</ns3:hr>
            <ns3:cad>89</ns3:cad>
          </ns3:TrackPointExtension>
        </extensions>
      </trkpt>
      <trkpt lat="39.13190913386642932891845703125" lon="117.1991515718400478363037109375">
        <ele>4</ele>
        <time>2026-09-18T21:26:48.000Z</time>
        <extensions>
          <ns3:TrackPointExtension>
            <ns3:hr>130</ns3:hr>
            <ns3:cad>89</ns3:cad>
          </ns3:TrackPointExtension>
        </extensions>
      </trkpt>
      <trkpt lat="39.13192573003470897674560546875" lon="117.19917009584605693817138671875">
        <ele>4</ele>
        <time>2026-09-18T21:26:49.000Z</time>
        <extensions>
          <ns3:TrackPointExtension>
            <ns3:hr>130</ns3:hr>
            <ns3:cad>89</ns3:cad>
          </ns3:TrackPointExtension>
        </extensions>
      </trkpt>
      <trkpt lat="39.131945259869098663330078125" lon="117.19921083189547061920166015625">
        <ele>4</ele>
        <time>2026-09-18T21:26:50.000Z</time>
        <extensions>
          <ns3:TrackPointExtension>
            <ns3:hr>131</ns3:hr>
            <ns3:cad>89</ns3:cad>
          </ns3:TrackPointExtension>
        </extensions>
      </trkpt>
      <trkpt lat="39.13195942528545856475830078125" lon="117.19922952353954315185546875">
        <ele>4</ele>
        <time>2026-09-18T21:26:51.000Z</time>
        <extensions>
          <ns3:TrackPointExtension>
            <ns3:hr>131</ns3:hr>
            <ns3:cad>89</ns3:cad>
          </ns3:TrackPointExtension>
        </extensions>
      </trkpt>
      <trkpt lat="39.13197719492018222808837890625" lon="117.199264727532863616943359375">
        <ele>4</ele>
        <time>2026-09-18T21:26:52.000Z</time>
        <extensions>
          <ns3:TrackPointExtension>
            <ns3:hr>131</ns3:hr>
            <ns3:cad>89</ns3:cad>
          </ns3:TrackPointExtension>
        </extensions>
      </trkpt>
      <trkpt lat="39.1319910250604152679443359375" lon="117.19928375445306301116943359375">
        <ele>4</ele>
        <time>2026-09-18T21:26:53.000Z</time>
        <extensions>
          <ns3:TrackPointExtension>
            <ns3:hr>132</ns3:hr>
            <ns3:cad>89</ns3:cad>
          </ns3:TrackPointExtension>
        </extensions>
      </trkpt>
      <trkpt lat="39.132002927362918853759765625" lon="117.1993188746273517608642578125">
        <ele>4</ele>
        <time>2026-09-18T21:26:54.000Z</time>
        <extensions>
          <ns3:TrackPointExtension>
            <ns3:hr>133</ns3:hr>
            <ns3:cad>89</ns3:cad>
          </ns3:TrackPointExtension>
        </extensions>
      </trkpt>
      <trkpt lat="39.132017679512500762939453125" lon="117.199342511594295501708984375">
        <ele>4.19999980926513671875</ele>
        <time>2026-09-18T21:26:55.000Z</time>
        <extensions>
          <ns3:TrackPointExtension>
            <ns3:hr>133</ns3:hr>
            <ns3:cad>89</ns3:cad>
          </ns3:TrackPointExtension>
        </extensions>
      </trkpt>
      <trkpt lat="39.13203637115657329559326171875" lon="117.19937427900731563568115234375">
        <ele>4.19999980926513671875</ele>
        <time>2026-09-18T21:26:56.000Z</time>
        <extensions>
          <ns3:TrackPointExtension>
            <ns3:hr>133</ns3:hr>
            <ns3:cad>88</ns3:cad>
          </ns3:TrackPointExtension>
        </extensions>
      </trkpt>
      <trkpt lat="39.13205380551517009735107421875" lon="117.19939825125038623809814453125">
        <ele>4.19999980926513671875</ele>
        <time>2026-09-18T21:26:57.000Z</time>
        <extensions>
          <ns3:TrackPointExtension>
            <ns3:hr>133</ns3:hr>
            <ns3:cad>88</ns3:cad>
          </ns3:TrackPointExtension>
        </extensions>
      </trkpt>
      <trkpt lat="39.13207090459764003753662109375" lon="117.199433036148548126220703125">
        <ele>4.19999980926513671875</ele>
        <time>2026-09-18T21:26:58.000Z</time>
        <extensions>
          <ns3:TrackPointExtension>
            <ns3:hr>133</ns3:hr>
            <ns3:cad>88</ns3:cad>
          </ns3:TrackPointExtension>
        </extensions>
      </trkpt>
      <trkpt lat="39.13207828067243099212646484375" lon="117.19946631230413913726806640625">
        <ele>4.400000095367431640625</ele>
        <time>2026-09-18T21:26:59.000Z</time>
        <extensions>
          <ns3:TrackPointExtension>
            <ns3:hr>133</ns3:hr>
            <ns3:cad>89</ns3:cad>
          </ns3:TrackPointExtension>
        </extensions>
      </trkpt>
      <trkpt lat="39.13208213634788990020751953125" lon="117.19950713217258453369140625">
        <ele>4.400000095367431640625</ele>
        <time>2026-09-18T21:27:00.000Z</time>
        <extensions>
          <ns3:TrackPointExtension>
            <ns3:hr>133</ns3:hr>
            <ns3:cad>89</ns3:cad>
          </ns3:TrackPointExtension>
        </extensions>
      </trkpt>
      <trkpt lat="39.13207392208278179168701171875" lon="117.19954476691782474517822265625">
        <ele>4.599999904632568359375</ele>
        <time>2026-09-18T21:27:01.000Z</time>
        <extensions>
          <ns3:TrackPointExtension>
            <ns3:hr>133</ns3:hr>
            <ns3:cad>89</ns3:cad>
          </ns3:TrackPointExtension>
        </extensions>
      </trkpt>
      <trkpt lat="39.1320674680173397064208984375" lon="117.19958114437758922576904296875">
        <ele>4.80000019073486328125</ele>
        <time>2026-09-18T21:27:02.000Z</time>
        <extensions>
          <ns3:TrackPointExtension>
            <ns3:hr>134</ns3:hr>
            <ns3:cad>88</ns3:cad>
          </ns3:TrackPointExtension>
        </extensions>
      </trkpt>
      <trkpt lat="39.1320507042109966278076171875" lon="117.199606038630008697509765625">
        <ele>5</ele>
        <time>2026-09-18T21:27:03.000Z</time>
        <extensions>
          <ns3:TrackPointExtension>
            <ns3:hr>133</ns3:hr>
            <ns3:cad>89</ns3:cad>
          </ns3:TrackPointExtension>
        </extensions>
      </trkpt>
      <trkpt lat="39.13203637115657329559326171875" lon="117.19963462091982364654541015625">
        <ele>5.19999980926513671875</ele>
        <time>2026-09-18T21:27:04.000Z</time>
        <extensions>
          <ns3:TrackPointExtension>
            <ns3:hr>134</ns3:hr>
            <ns3:cad>89</ns3:cad>
          </ns3:TrackPointExtension>
        </extensions>
      </trkpt>
      <trkpt lat="39.1320114769041538238525390625" lon="117.19965172000229358673095703125">
        <ele>5.19999980926513671875</ele>
        <time>2026-09-18T21:27:05.000Z</time>
        <extensions>
          <ns3:TrackPointExtension>
            <ns3:hr>134</ns3:hr>
            <ns3:cad>89</ns3:cad>
          </ns3:TrackPointExtension>
        </extensions>
      </trkpt>
      <trkpt lat="39.13199094124138355255126953125" lon="117.19967217184603214263916015625">
        <ele>5.19999980926513671875</ele>
        <time>2026-09-18T21:27:06.000Z</time>
        <extensions>
          <ns3:TrackPointExtension>
            <ns3:hr>134</ns3:hr>
            <ns3:cad>89</ns3:cad>
          </ns3:TrackPointExtension>
        </extensions>
      </trkpt>
      <trkpt lat="39.13196914829313755035400390625" lon="117.199695892632007598876953125">
        <ele>5.19999980926513671875</ele>
        <time>2026-09-18T21:27:07.000Z</time>
        <extensions>
          <ns3:TrackPointExtension>
            <ns3:hr>133</ns3:hr>
            <ns3:cad>89</ns3:cad>
          </ns3:TrackPointExtension>
        </extensions>
      </trkpt>
      <trkpt lat="39.13195372559130191802978515625" lon="117.19971408136188983917236328125">
        <ele>5.19999980926513671875</ele>
        <time>2026-09-18T21:27:08.000Z</time>
        <extensions>
          <ns3:TrackPointExtension>
            <ns3:hr>134</ns3:hr>
            <ns3:cad>89</ns3:cad>
          </ns3:TrackPointExtension>
        </extensions>
      </trkpt>
      <trkpt lat="39.13193511776626110076904296875" lon="117.19973134808242321014404296875">
        <ele>5</ele>
        <time>2026-09-18T21:27:09.000Z</time>
        <extensions>
          <ns3:TrackPointExtension>
            <ns3:hr>134</ns3:hr>
            <ns3:cad>89</ns3:cad>
          </ns3:TrackPointExtension>
        </extensions>
      </trkpt>
      <trkpt lat="39.1319152526557445526123046875" lon="117.19974995590746402740478515625">
        <ele>5</ele>
        <time>2026-09-18T21:27:10.000Z</time>
        <extensions>
          <ns3:TrackPointExtension>
            <ns3:hr>134</ns3:hr>
            <ns3:cad>89</ns3:cad>
          </ns3:TrackPointExtension>
        </extensions>
      </trkpt>
      <trkpt lat="39.13189597427845001220703125" lon="117.1997604332864284515380859375">
        <ele>5.19999980926513671875</ele>
        <time>2026-09-18T21:27:11.000Z</time>
        <extensions>
          <ns3:TrackPointExtension>
            <ns3:hr>134</ns3:hr>
            <ns3:cad>89</ns3:cad>
          </ns3:TrackPointExtension>
        </extensions>
      </trkpt>
      <trkpt lat="39.131877534091472625732421875" lon="117.1997862495481967926025390625">
        <ele>5.19999980926513671875</ele>
        <time>2026-09-18T21:27:12.000Z</time>
        <extensions>
          <ns3:TrackPointExtension>
            <ns3:hr>134</ns3:hr>
            <ns3:cad>89</ns3:cad>
          </ns3:TrackPointExtension>
        </extensions>
      </trkpt>
      <trkpt lat="39.13185163401067256927490234375" lon="117.19980963505804538726806640625">
        <ele>5.19999980926513671875</ele>
        <time>2026-09-18T21:27:13.000Z</time>
        <extensions>
          <ns3:TrackPointExtension>
            <ns3:hr>134</ns3:hr>
            <ns3:cad>89</ns3:cad>
          </ns3:TrackPointExtension>
        </extensions>
      </trkpt>
      <trkpt lat="39.1318310983479022979736328125" lon="117.19983578659594058990478515625">
        <ele>5.19999980926513671875</ele>
        <time>2026-09-18T21:27:14.000Z</time>
        <extensions>
          <ns3:TrackPointExtension>
            <ns3:hr>135</ns3:hr>
            <ns3:cad>89</ns3:cad>
          </ns3:TrackPointExtension>
        </extensions>
      </trkpt>
      <trkpt lat="39.13180477917194366455078125" lon="117.19986109994351863861083984375">
        <ele>5.19999980926513671875</ele>
        <time>2026-09-18T21:27:15.000Z</time>
        <extensions>
          <ns3:TrackPointExtension>
            <ns3:hr>135</ns3:hr>
            <ns3:cad>89</ns3:cad>
          </ns3:TrackPointExtension>
        </extensions>
      </trkpt>
      <trkpt lat="39.13178105838596820831298828125" lon="117.1998858265578746795654296875">
        <ele>5.19999980926513671875</ele>
        <time>2026-09-18T21:27:16.000Z</time>
        <extensions>
          <ns3:TrackPointExtension>
            <ns3:hr>135</ns3:hr>
            <ns3:cad>89</ns3:cad>
          </ns3:TrackPointExtension>
        </extensions>
      </trkpt>
      <trkpt lat="39.13175004534423351287841796875" lon="117.19990284182131290435791015625">
        <ele>5.19999980926513671875</ele>
        <time>2026-09-18T21:27:17.000Z</time>
        <extensions>
          <ns3:TrackPointExtension>
            <ns3:hr>135</ns3:hr>
            <ns3:cad>89</ns3:cad>
          </ns3:TrackPointExtension>
        </extensions>
      </trkpt>
      <trkpt lat="39.1317303478717803955078125" lon="117.19992882572114467620849609375">
        <ele>5.19999980926513671875</ele>
        <time>2026-09-18T21:27:18.000Z</time>
        <extensions>
          <ns3:TrackPointExtension>
            <ns3:hr>135</ns3:hr>
            <ns3:cad>89</ns3:cad>
          </ns3:TrackPointExtension>
        </extensions>
      </trkpt>
      <trkpt lat="39.13170428015291690826416015625" lon="117.199950702488422393798828125">
        <ele>5.19999980926513671875</ele>
        <time>2026-09-18T21:27:19.000Z</time>
        <extensions>
          <ns3:TrackPointExtension>
            <ns3:hr>135</ns3:hr>
            <ns3:cad>89</ns3:cad>
          </ns3:TrackPointExtension>
        </extensions>
      </trkpt>
      <trkpt lat="39.13168600760400295257568359375" lon="117.19997056759893894195556640625">
        <ele>5.19999980926513671875</ele>
        <time>2026-09-18T21:27:20.000Z</time>
        <extensions>
          <ns3:TrackPointExtension>
            <ns3:hr>136</ns3:hr>
            <ns3:cad>89</ns3:cad>
          </ns3:TrackPointExtension>
        </extensions>
      </trkpt>
      <trkpt lat="39.13165650330483913421630859375" lon="117.19999001361429691314697265625">
        <ele>5.19999980926513671875</ele>
        <time>2026-09-18T21:27:21.000Z</time>
        <extensions>
          <ns3:TrackPointExtension>
            <ns3:hr>136</ns3:hr>
            <ns3:cad>89</ns3:cad>
          </ns3:TrackPointExtension>
        </extensions>
      </trkpt>
      <trkpt lat="39.131636135280132293701171875" lon="117.20000979490578174591064453125">
        <ele>5.19999980926513671875</ele>
        <time>2026-09-18T21:27:22.000Z</time>
        <extensions>
          <ns3:TrackPointExtension>
            <ns3:hr>136</ns3:hr>
            <ns3:cad>89</ns3:cad>
          </ns3:TrackPointExtension>
        </extensions>
      </trkpt>
      <trkpt lat="39.1316098161041736602783203125" lon="117.20002370886504650115966796875">
        <ele>5.19999980926513671875</ele>
        <time>2026-09-18T21:27:23.000Z</time>
        <extensions>
          <ns3:TrackPointExtension>
            <ns3:hr>136</ns3:hr>
            <ns3:cad>89</ns3:cad>
          </ns3:TrackPointExtension>
        </extensions>
      </trkpt>
      <trkpt lat="39.1315880231559276580810546875" lon="117.2000400535762310028076171875">
        <ele>5.19999980926513671875</ele>
        <time>2026-09-18T21:27:24.000Z</time>
        <extensions>
          <ns3:TrackPointExtension>
            <ns3:hr>136</ns3:hr>
            <ns3:cad>89</ns3:cad>
          </ns3:TrackPointExtension>
        </extensions>
      </trkpt>
      <trkpt lat="39.13156195543706417083740234375" lon="117.20005891285836696624755859375">
        <ele>5.19999980926513671875</ele>
        <time>2026-09-18T21:27:25.000Z</time>
        <extensions>
          <ns3:TrackPointExtension>
            <ns3:hr>136</ns3:hr>
            <ns3:cad>89</ns3:cad>
          </ns3:TrackPointExtension>
        </extensions>
      </trkpt>
      <trkpt lat="39.13154460489749908447265625" lon="117.200073413550853729248046875">
        <ele>5.19999980926513671875</ele>
        <time>2026-09-18T21:27:26.000Z</time>
        <extensions>
          <ns3:TrackPointExtension>
            <ns3:hr>136</ns3:hr>
            <ns3:cad>89</ns3:cad>
          </ns3:TrackPointExtension>
        </extensions>
      </trkpt>
      <trkpt lat="39.1315211355686187744140625" lon="117.2000903449952602386474609375">
        <ele>5.19999980926513671875</ele>
        <time>2026-09-18T21:27:27.000Z</time>
        <extensions>
          <ns3:TrackPointExtension>
            <ns3:hr>135</ns3:hr>
            <ns3:cad>89</ns3:cad>
          </ns3:TrackPointExtension>
        </extensions>
      </trkpt>
      <trkpt lat="39.13150479085743427276611328125" lon="117.200102917850017547607421875">
        <ele>5.19999980926513671875</ele>
        <time>2026-09-18T21:27:28.000Z</time>
        <extensions>
          <ns3:TrackPointExtension>
            <ns3:hr>134</ns3:hr>
            <ns3:cad>89</ns3:cad>
          </ns3:TrackPointExtension>
        </extensions>
      </trkpt>
      <trkpt lat="39.131479226052761077880859375" lon="117.20012747682631015777587890625">
        <ele>5.19999980926513671875</ele>
        <time>2026-09-18T21:27:29.000Z</time>
        <extensions>
          <ns3:TrackPointExtension>
            <ns3:hr>134</ns3:hr>
            <ns3:cad>90</ns3:cad>
          </ns3:TrackPointExtension>
        </extensions>
      </trkpt>
      <trkpt lat="39.13146036677062511444091796875" lon="117.20015530474483966827392578125">
        <ele>5.19999980926513671875</ele>
        <time>2026-09-18T21:27:30.000Z</time>
        <extensions>
          <ns3:TrackPointExtension>
            <ns3:hr>133</ns3:hr>
            <ns3:cad>90</ns3:cad>
          </ns3:TrackPointExtension>
        </extensions>
      </trkpt>
      <trkpt lat="39.13143463432788848876953125" lon="117.20017843879759311676025390625">
        <ele>5.19999980926513671875</ele>
        <time>2026-09-18T21:27:31.000Z</time>
        <extensions>
          <ns3:TrackPointExtension>
            <ns3:hr>133</ns3:hr>
            <ns3:cad>90</ns3:cad>
          </ns3:TrackPointExtension>
        </extensions>
      </trkpt>
      <trkpt lat="39.131414182484149932861328125" lon="117.200202830135822296142578125">
        <ele>5.19999980926513671875</ele>
        <time>2026-09-18T21:27:32.000Z</time>
        <extensions>
          <ns3:TrackPointExtension>
            <ns3:hr>133</ns3:hr>
            <ns3:cad>90</ns3:cad>
          </ns3:TrackPointExtension>
        </extensions>
      </trkpt>
      <trkpt lat="39.131390042603015899658203125" lon="117.20022504217922687530517578125">
        <ele>5.19999980926513671875</ele>
        <time>2026-09-18T21:27:33.000Z</time>
        <extensions>
          <ns3:TrackPointExtension>
            <ns3:hr>133</ns3:hr>
            <ns3:cad>89</ns3:cad>
          </ns3:TrackPointExtension>
        </extensions>
      </trkpt>
      <trkpt lat="39.131370596587657928466796875" lon="117.20024968497455120086669921875">
        <ele>5.19999980926513671875</ele>
        <time>2026-09-18T21:27:34.000Z</time>
        <extensions>
          <ns3:TrackPointExtension>
            <ns3:hr>133</ns3:hr>
            <ns3:cad>89</ns3:cad>
          </ns3:TrackPointExtension>
        </extensions>
      </trkpt>
      <trkpt lat="39.13134033791720867156982421875" lon="117.20025253482162952423095703125">
        <ele>5.19999980926513671875</ele>
        <time>2026-09-18T21:27:35.000Z</time>
        <extensions>
          <ns3:TrackPointExtension>
            <ns3:hr>133</ns3:hr>
            <ns3:cad>89</ns3:cad>
          </ns3:TrackPointExtension>
        </extensions>
      </trkpt>
      <trkpt lat="39.1313208080828189849853515625" lon="117.200252451002597808837890625">
        <ele>5.19999980926513671875</ele>
        <time>2026-09-18T21:27:36.000Z</time>
        <extensions>
          <ns3:TrackPointExtension>
            <ns3:hr>132</ns3:hr>
            <ns3:cad>90</ns3:cad>
          </ns3:TrackPointExtension>
        </extensions>
      </trkpt>
      <trkpt lat="39.131292141973972320556640625" lon="117.2002422250807285308837890625">
        <ele>5.19999980926513671875</ele>
        <time>2026-09-18T21:27:37.000Z</time>
        <extensions>
          <ns3:TrackPointExtension>
            <ns3:hr>132</ns3:hr>
            <ns3:cad>90</ns3:cad>
          </ns3:TrackPointExtension>
        </extensions>
      </trkpt>
      <trkpt lat="39.1312690079212188720703125" lon="117.20020710490643978118896484375">
        <ele>5.19999980926513671875</ele>
        <time>2026-09-18T21:27:38.000Z</time>
        <extensions>
          <ns3:TrackPointExtension>
            <ns3:hr>132</ns3:hr>
            <ns3:cad>90</ns3:cad>
          </ns3:TrackPointExtension>
        </extensions>
      </trkpt>
      <trkpt lat="39.13124461658298969268798828125" lon="117.2001775167882442474365234375">
        <ele>5</ele>
        <time>2026-09-18T21:27:39.000Z</time>
        <extensions>
          <ns3:TrackPointExtension>
            <ns3:hr>132</ns3:hr>
            <ns3:cad>90</ns3:cad>
          </ns3:TrackPointExtension>
        </extensions>
      </trkpt>
      <trkpt lat="39.13122282363474369049072265625" lon="117.2001434862613677978515625">
        <ele>5</ele>
        <time>2026-09-18T21:27:40.000Z</time>
        <extensions>
          <ns3:TrackPointExtension>
            <ns3:hr>132</ns3:hr>
            <ns3:cad>84</ns3:cad>
          </ns3:TrackPointExtension>
        </extensions>
      </trkpt>
      <trkpt lat="39.13120086304843425750732421875" lon="117.20011859200894832611083984375">
        <ele>4.80000019073486328125</ele>
        <time>2026-09-18T21:27:41.000Z</time>
        <extensions>
          <ns3:TrackPointExtension>
            <ns3:hr>132</ns3:hr>
            <ns3:cad>84</ns3:cad>
          </ns3:TrackPointExtension>
        </extensions>
      </trkpt>
      <trkpt lat="39.13118426688015460968017578125" lon="117.20007768832147121429443359375">
        <ele>4.599999904632568359375</ele>
        <time>2026-09-18T21:27:42.000Z</time>
        <extensions>
          <ns3:TrackPointExtension>
            <ns3:hr>131</ns3:hr>
            <ns3:cad>84</ns3:cad>
          </ns3:TrackPointExtension>
        </extensions>
      </trkpt>
      <trkpt lat="39.13116666488349437713623046875" lon="117.2000497765839099884033203125">
        <ele>4.400000095367431640625</ele>
        <time>2026-09-18T21:27:43.000Z</time>
        <extensions>
          <ns3:TrackPointExtension>
            <ns3:hr>131</ns3:hr>
            <ns3:cad>84</ns3:cad>
          </ns3:TrackPointExtension>
        </extensions>
      </trkpt>
      <trkpt lat="39.131151996552944183349609375" lon="117.2000093758106231689453125">
        <ele>4.400000095367431640625</ele>
        <time>2026-09-18T21:27:44.000Z</time>
        <extensions>
          <ns3:TrackPointExtension>
            <ns3:hr>132</ns3:hr>
            <ns3:cad>87</ns3:cad>
          </ns3:TrackPointExtension>
        </extensions>
      </trkpt>
      <trkpt lat="39.13113431073725223541259765625" lon="117.19998867250978946685791015625">
        <ele>4.400000095367431640625</ele>
        <time>2026-09-18T21:27:45.000Z</time>
        <extensions>
          <ns3:TrackPointExtension>
            <ns3:hr>132</ns3:hr>
            <ns3:cad>89</ns3:cad>
          </ns3:TrackPointExtension>
        </extensions>
      </trkpt>
      <trkpt lat="39.13111872039735317230224609375" lon="117.199952714145183563232421875">
        <ele>4.400000095367431640625</ele>
        <time>2026-09-18T21:27:46.000Z</time>
        <extensions>
          <ns3:TrackPointExtension>
            <ns3:hr>131</ns3:hr>
            <ns3:cad>89</ns3:cad>
          </ns3:TrackPointExtension>
        </extensions>
      </trkpt>
      <trkpt lat="39.131098352372646331787109375" lon="117.1999297477304935455322265625">
        <ele>4.400000095367431640625</ele>
        <time>2026-09-18T21:27:47.000Z</time>
        <extensions>
          <ns3:TrackPointExtension>
            <ns3:hr>132</ns3:hr>
            <ns3:cad>89</ns3:cad>
          </ns3:TrackPointExtension>
        </extensions>
      </trkpt>
      <trkpt lat="39.13108737207949161529541015625" lon="117.199891693890094757080078125">
        <ele>4.400000095367431640625</ele>
        <time>2026-09-18T21:27:48.000Z</time>
        <extensions>
          <ns3:TrackPointExtension>
            <ns3:hr>132</ns3:hr>
            <ns3:cad>89</ns3:cad>
          </ns3:TrackPointExtension>
        </extensions>
      </trkpt>
      <trkpt lat="39.13107454776763916015625" lon="117.1998680569231510162353515625">
        <ele>4.400000095367431640625</ele>
        <time>2026-09-18T21:27:49.000Z</time>
        <extensions>
          <ns3:TrackPointExtension>
            <ns3:hr>131</ns3:hr>
            <ns3:cad>89</ns3:cad>
          </ns3:TrackPointExtension>
        </extensions>
      </trkpt>
      <trkpt lat="39.13105803541839122772216796875" lon="117.19983310438692569732666015625">
        <ele>4.400000095367431640625</ele>
        <time>2026-09-18T21:27:50.000Z</time>
        <extensions>
          <ns3:TrackPointExtension>
            <ns3:hr>131</ns3:hr>
            <ns3:cad>89</ns3:cad>
          </ns3:TrackPointExtension>
        </extensions>
      </trkpt>
      <trkpt lat="39.13103976286947727203369140625" lon="117.19981650821864604949951171875">
        <ele>4.400000095367431640625</ele>
        <time>2026-09-18T21:27:51.000Z</time>
        <extensions>
          <ns3:TrackPointExtension>
            <ns3:hr>131</ns3:hr>
            <ns3:cad>89</ns3:cad>
          </ns3:TrackPointExtension>
        </extensions>
      </trkpt>
      <trkpt lat="39.1310257650911808013916015625" lon="117.19978080131113529205322265625">
        <ele>4.400000095367431640625</ele>
        <time>2026-09-18T21:27:52.000Z</time>
        <extensions>
          <ns3:TrackPointExtension>
            <ns3:hr>131</ns3:hr>
            <ns3:cad>89</ns3:cad>
          </ns3:TrackPointExtension>
        </extensions>
      </trkpt>
      <trkpt lat="39.13100757636129856109619140625" lon="117.19976462423801422119140625">
        <ele>4.19999980926513671875</ele>
        <time>2026-09-18T21:27:53.000Z</time>
        <extensions>
          <ns3:TrackPointExtension>
            <ns3:hr>132</ns3:hr>
            <ns3:cad>89</ns3:cad>
          </ns3:TrackPointExtension>
        </extensions>
      </trkpt>
      <trkpt lat="39.13099081255495548248291015625" lon="117.1997285820543766021728515625">
        <ele>4.19999980926513671875</ele>
        <time>2026-09-18T21:27:54.000Z</time>
        <extensions>
          <ns3:TrackPointExtension>
            <ns3:hr>132</ns3:hr>
            <ns3:cad>89</ns3:cad>
          </ns3:TrackPointExtension>
        </extensions>
      </trkpt>
      <trkpt lat="39.13097606040537357330322265625" lon="117.19970989041030406951904296875">
        <ele>4.19999980926513671875</ele>
        <time>2026-09-18T21:27:55.000Z</time>
        <extensions>
          <ns3:TrackPointExtension>
            <ns3:hr>132</ns3:hr>
            <ns3:cad>89</ns3:cad>
          </ns3:TrackPointExtension>
        </extensions>
      </trkpt>
      <trkpt lat="39.13096097297966480255126953125" lon="117.19967770390212535858154296875">
        <ele>4.19999980926513671875</ele>
        <time>2026-09-18T21:27:56.000Z</time>
        <extensions>
          <ns3:TrackPointExtension>
            <ns3:hr>132</ns3:hr>
            <ns3:cad>89</ns3:cad>
          </ns3:TrackPointExtension>
        </extensions>
      </trkpt>
      <trkpt lat="39.130947478115558624267578125" lon="117.19965331256389617919921875">
        <ele>4.19999980926513671875</ele>
        <time>2026-09-18T21:27:57.000Z</time>
        <extensions>
          <ns3:TrackPointExtension>
            <ns3:hr>132</ns3:hr>
            <ns3:cad>89</ns3:cad>
          </ns3:TrackPointExtension>
        </extensions>
      </trkpt>
      <trkpt lat="39.13093507289886474609375" lon="117.19962640665471553802490234375">
        <ele>4.19999980926513671875</ele>
        <time>2026-09-18T21:27:58.000Z</time>
        <extensions>
          <ns3:TrackPointExtension>
            <ns3:hr>131</ns3:hr>
            <ns3:cad>89</ns3:cad>
          </ns3:TrackPointExtension>
        </extensions>
      </trkpt>
      <trkpt lat="39.13092459551990032196044921875" lon="117.19960411079227924346923828125">
        <ele>4.19999980926513671875</ele>
        <time>2026-09-18T21:27:59.000Z</time>
        <extensions>
          <ns3:TrackPointExtension>
            <ns3:hr>131</ns3:hr>
            <ns3:cad>89</ns3:cad>
          </ns3:TrackPointExtension>
        </extensions>
      </trkpt>
      <trkpt lat="39.13091294467449188232421875" lon="117.19957460649311542510986328125">
        <ele>4.19999980926513671875</ele>
        <time>2026-09-18T21:28:00.000Z</time>
        <extensions>
          <ns3:TrackPointExtension>
            <ns3:hr>130</ns3:hr>
            <ns3:cad>89</ns3:cad>
          </ns3:TrackPointExtension>
        </extensions>
      </trkpt>
      <trkpt lat="39.1309017129242420196533203125" lon="117.1995498798787593841552734375">
        <ele>4.19999980926513671875</ele>
        <time>2026-09-18T21:28:01.000Z</time>
        <extensions>
          <ns3:TrackPointExtension>
            <ns3:hr>130</ns3:hr>
            <ns3:cad>89</ns3:cad>
          </ns3:TrackPointExtension>
        </extensions>
      </trkpt>
      <trkpt lat="39.1308909840881824493408203125" lon="117.19952414743602275848388671875">
        <ele>4.19999980926513671875</ele>
        <time>2026-09-18T21:28:02.000Z</time>
        <extensions>
          <ns3:TrackPointExtension>
            <ns3:hr>130</ns3:hr>
            <ns3:cad>89</ns3:cad>
          </ns3:TrackPointExtension>
        </extensions>
      </trkpt>
      <trkpt lat="39.1308789141476154327392578125" lon="117.19950285740196704864501953125">
        <ele>4.19999980926513671875</ele>
        <time>2026-09-18T21:28:03.000Z</time>
        <extensions>
          <ns3:TrackPointExtension>
            <ns3:hr>129</ns3:hr>
            <ns3:cad>88</ns3:cad>
          </ns3:TrackPointExtension>
        </extensions>
      </trkpt>
      <trkpt lat="39.130867682397365570068359375" lon="117.19947670586407184600830078125">
        <ele>4.19999980926513671875</ele>
        <time>2026-09-18T21:28:04.000Z</time>
        <extensions>
          <ns3:TrackPointExtension>
            <ns3:hr>129</ns3:hr>
            <ns3:cad>88</ns3:cad>
          </ns3:TrackPointExtension>
        </extensions>
      </trkpt>
      <trkpt lat="39.13085485808551311492919921875" lon="117.199452482163906097412109375">
        <ele>4.19999980926513671875</ele>
        <time>2026-09-18T21:28:05.000Z</time>
        <extensions>
          <ns3:TrackPointExtension>
            <ns3:hr>128</ns3:hr>
            <ns3:cad>88</ns3:cad>
          </ns3:TrackPointExtension>
        </extensions>
      </trkpt>
      <trkpt lat="39.130841195583343505859375" lon="117.1994258277118206024169921875">
        <ele>4.19999980926513671875</ele>
        <time>2026-09-18T21:28:06.000Z</time>
        <extensions>
          <ns3:TrackPointExtension>
            <ns3:hr>128</ns3:hr>
            <ns3:cad>88</ns3:cad>
          </ns3:TrackPointExtension>
        </extensions>
      </trkpt>
      <trkpt lat="39.13082719780504703521728515625" lon="117.19940277747809886932373046875">
        <ele>4.19999980926513671875</ele>
        <time>2026-09-18T21:28:07.000Z</time>
        <extensions>
          <ns3:TrackPointExtension>
            <ns3:hr>128</ns3:hr>
            <ns3:cad>89</ns3:cad>
          </ns3:TrackPointExtension>
        </extensions>
      </trkpt>
      <trkpt lat="39.13081378675997257232666015625" lon="117.19936857931315898895263671875">
        <ele>4.19999980926513671875</ele>
        <time>2026-09-18T21:28:08.000Z</time>
        <extensions>
          <ns3:TrackPointExtension>
            <ns3:hr>128</ns3:hr>
            <ns3:cad>90</ns3:cad>
          </ns3:TrackPointExtension>
        </extensions>
      </trkpt>
      <trkpt lat="39.13080255500972270965576171875" lon="117.199333794414997100830078125">
        <ele>4.19999980926513671875</ele>
        <time>2026-09-18T21:28:09.000Z</time>
        <extensions>
          <ns3:TrackPointExtension>
            <ns3:hr>128</ns3:hr>
            <ns3:cad>90</ns3:cad>
          </ns3:TrackPointExtension>
        </extensions>
      </trkpt>
      <trkpt lat="39.13078411482274532318115234375" lon="117.19930462539196014404296875">
        <ele>4.19999980926513671875</ele>
        <time>2026-09-18T21:28:10.000Z</time>
        <extensions>
          <ns3:TrackPointExtension>
            <ns3:hr>128</ns3:hr>
            <ns3:cad>89</ns3:cad>
          </ns3:TrackPointExtension>
        </extensions>
      </trkpt>
      <trkpt lat="39.13076676428318023681640625" lon="117.1992712654173374176025390625">
        <ele>4</ele>
        <time>2026-09-18T21:28:11.000Z</time>
        <extensions>
          <ns3:TrackPointExtension>
            <ns3:hr>128</ns3:hr>
            <ns3:cad>89</ns3:cad>
          </ns3:TrackPointExtension>
        </extensions>
      </trkpt>
      <trkpt lat="39.13075276650488376617431640625" lon="117.1992422640323638916015625">
        <ele>4</ele>
        <time>2026-09-18T21:28:12.000Z</time>
        <extensions>
          <ns3:TrackPointExtension>
            <ns3:hr>128</ns3:hr>
            <ns3:cad>89</ns3:cad>
          </ns3:TrackPointExtension>
        </extensions>
      </trkpt>
      <trkpt lat="39.13073566742241382598876953125" lon="117.19920982606709003448486328125">
        <ele>4.19999980926513671875</ele>
        <time>2026-09-18T21:28:13.000Z</time>
        <extensions>
          <ns3:TrackPointExtension>
            <ns3:hr>127</ns3:hr>
            <ns3:cad>89</ns3:cad>
          </ns3:TrackPointExtension>
        </extensions>
      </trkpt>
      <trkpt lat="39.13072007708251476287841796875" lon="117.1991824172437191009521484375">
        <ele>4.19999980926513671875</ele>
        <time>2026-09-18T21:28:14.000Z</time>
        <extensions>
          <ns3:TrackPointExtension>
            <ns3:hr>127</ns3:hr>
            <ns3:cad>89</ns3:cad>
          </ns3:TrackPointExtension>
        </extensions>
      </trkpt>
      <trkpt lat="39.1306982003152370452880859375" lon="117.19915417023003101348876953125">
        <ele>4</ele>
        <time>2026-09-18T21:28:15.000Z</time>
        <extensions>
          <ns3:TrackPointExtension>
            <ns3:hr>127</ns3:hr>
            <ns3:cad>89</ns3:cad>
          </ns3:TrackPointExtension>
        </extensions>
      </trkpt>
      <trkpt lat="39.13067967630922794342041015625" lon="117.199136652052402496337890625">
        <ele>4</ele>
        <time>2026-09-18T21:28:16.000Z</time>
        <extensions>
          <ns3:TrackPointExtension>
            <ns3:hr>127</ns3:hr>
            <ns3:cad>89</ns3:cad>
          </ns3:TrackPointExtension>
        </extensions>
      </trkpt>
      <trkpt lat="39.1306601464748382568359375" lon="117.19911259599030017852783203125">
        <ele>4</ele>
        <time>2026-09-18T21:28:17.000Z</time>
        <extensions>
          <ns3:TrackPointExtension>
            <ns3:hr>127</ns3:hr>
            <ns3:cad>89</ns3:cad>
          </ns3:TrackPointExtension>
        </extensions>
      </trkpt>
      <trkpt lat="39.13065008819103240966796875" lon="117.19909147359430789947509765625">
        <ele>4</ele>
        <time>2026-09-18T21:28:18.000Z</time>
        <extensions>
          <ns3:TrackPointExtension>
            <ns3:hr>127</ns3:hr>
            <ns3:cad>89</ns3:cad>
          </ns3:TrackPointExtension>
        </extensions>
      </trkpt>
      <trkpt lat="39.13063558749854564666748046875" lon="117.19905794598162174224853515625">
        <ele>4</ele>
        <time>2026-09-18T21:28:19.000Z</time>
        <extensions>
          <ns3:TrackPointExtension>
            <ns3:hr>127</ns3:hr>
            <ns3:cad>88</ns3:cad>
          </ns3:TrackPointExtension>
        </extensions>
      </trkpt>
      <trkpt lat="39.1306247748434543609619140625" lon="117.19903078861534595489501953125">
        <ele>4</ele>
        <time>2026-09-18T21:28:20.000Z</time>
        <extensions>
          <ns3:TrackPointExtension>
            <ns3:hr>127</ns3:hr>
            <ns3:cad>88</ns3:cad>
          </ns3:TrackPointExtension>
        </extensions>
      </trkpt>
      <trkpt lat="39.1306116990745067596435546875" lon="117.19900212250649929046630859375">
        <ele>4</ele>
        <time>2026-09-18T21:28:21.000Z</time>
        <extensions>
          <ns3:TrackPointExtension>
            <ns3:hr>127</ns3:hr>
            <ns3:cad>89</ns3:cad>
          </ns3:TrackPointExtension>
        </extensions>
      </trkpt>
      <trkpt lat="39.13059703074395656585693359375" lon="117.19897613860666751861572265625">
        <ele>4</ele>
        <time>2026-09-18T21:28:22.000Z</time>
        <extensions>
          <ns3:TrackPointExtension>
            <ns3:hr>127</ns3:hr>
            <ns3:cad>89</ns3:cad>
          </ns3:TrackPointExtension>
        </extensions>
      </trkpt>
      <trkpt lat="39.1305877268314361572265625" lon="117.19894395209848880767822265625">
        <ele>4</ele>
        <time>2026-09-18T21:28:23.000Z</time>
        <extensions>
          <ns3:TrackPointExtension>
            <ns3:hr>127</ns3:hr>
            <ns3:cad>89</ns3:cad>
          </ns3:TrackPointExtension>
        </extensions>
      </trkpt>
      <trkpt lat="39.1305768303573131561279296875" lon="117.19891461543738842010498046875">
        <ele>4</ele>
        <time>2026-09-18T21:28:24.000Z</time>
        <extensions>
          <ns3:TrackPointExtension>
            <ns3:hr>126</ns3:hr>
            <ns3:cad>89</ns3:cad>
          </ns3:TrackPointExtension>
        </extensions>
      </trkpt>
      <trkpt lat="39.13056618534028530120849609375" lon="117.19888192601501941680908203125">
        <ele>4</ele>
        <time>2026-09-18T21:28:25.000Z</time>
        <extensions>
          <ns3:TrackPointExtension>
            <ns3:hr>127</ns3:hr>
            <ns3:cad>89</ns3:cad>
          </ns3:TrackPointExtension>
        </extensions>
      </trkpt>
      <trkpt lat="39.13055411539971828460693359375" lon="117.19885845668613910675048828125">
        <ele>4</ele>
        <time>2026-09-18T21:28:26.000Z</time>
        <extensions>
          <ns3:TrackPointExtension>
            <ns3:hr>127</ns3:hr>
            <ns3:cad>90</ns3:cad>
          </ns3:TrackPointExtension>
        </extensions>
      </trkpt>
      <trkpt lat="39.13054254837334156036376953125" lon="117.1988260187208652496337890625">
        <ele>4</ele>
        <time>2026-09-18T21:28:27.000Z</time>
        <extensions>
          <ns3:TrackPointExtension>
            <ns3:hr>127</ns3:hr>
            <ns3:cad>90</ns3:cad>
          </ns3:TrackPointExtension>
        </extensions>
      </trkpt>
      <trkpt lat="39.1305275447666645050048828125" lon="117.19880330376327037811279296875">
        <ele>4</ele>
        <time>2026-09-18T21:28:28.000Z</time>
        <extensions>
          <ns3:TrackPointExtension>
            <ns3:hr>128</ns3:hr>
            <ns3:cad>89</ns3:cad>
          </ns3:TrackPointExtension>
        </extensions>
      </trkpt>
      <trkpt lat="39.13051237352192401885986328125" lon="117.1987701952457427978515625">
        <ele>4</ele>
        <time>2026-09-18T21:28:29.000Z</time>
        <extensions>
          <ns3:TrackPointExtension>
            <ns3:hr>128</ns3:hr>
            <ns3:cad>89</ns3:cad>
          </ns3:TrackPointExtension>
        </extensions>
      </trkpt>
      <trkpt lat="39.1304980404675006866455078125" lon="117.1987455524504184722900390625">
        <ele>4</ele>
        <time>2026-09-18T21:28:30.000Z</time>
        <extensions>
          <ns3:TrackPointExtension>
            <ns3:hr>128</ns3:hr>
            <ns3:cad>89</ns3:cad>
          </ns3:TrackPointExtension>
        </extensions>
      </trkpt>
      <trkpt lat="39.1304858028888702392578125" lon="117.19870674423873424530029296875">
        <ele>4</ele>
        <time>2026-09-18T21:28:31.000Z</time>
        <extensions>
          <ns3:TrackPointExtension>
            <ns3:hr>128</ns3:hr>
            <ns3:cad>89</ns3:cad>
          </ns3:TrackPointExtension>
        </extensions>
      </trkpt>
      <trkpt lat="39.1304732300341129302978515625" lon="117.19867967069149017333984375">
        <ele>4</ele>
        <time>2026-09-18T21:28:32.000Z</time>
        <extensions>
          <ns3:TrackPointExtension>
            <ns3:hr>128</ns3:hr>
            <ns3:cad>89</ns3:cad>
          </ns3:TrackPointExtension>
        </extensions>
      </trkpt>
      <trkpt lat="39.13045906461775302886962890625" lon="117.198642790317535400390625">
        <ele>4</ele>
        <time>2026-09-18T21:28:33.000Z</time>
        <extensions>
          <ns3:TrackPointExtension>
            <ns3:hr>129</ns3:hr>
            <ns3:cad>88</ns3:cad>
          </ns3:TrackPointExtension>
        </extensions>
      </trkpt>
      <trkpt lat="39.13044481538236141204833984375" lon="117.19862074591219425201416015625">
        <ele>4</ele>
        <time>2026-09-18T21:28:34.000Z</time>
        <extensions>
          <ns3:TrackPointExtension>
            <ns3:hr>129</ns3:hr>
            <ns3:cad>88</ns3:cad>
          </ns3:TrackPointExtension>
        </extensions>
      </trkpt>
      <trkpt lat="39.13043542765080928802490234375" lon="117.19858646392822265625">
        <ele>4</ele>
        <time>2026-09-18T21:28:35.000Z</time>
        <extensions>
          <ns3:TrackPointExtension>
            <ns3:hr>129</ns3:hr>
            <ns3:cad>88</ns3:cad>
          </ns3:TrackPointExtension>
        </extensions>
      </trkpt>
      <trkpt lat="39.13042620755732059478759765625" lon="117.19856031239032745361328125">
        <ele>4</ele>
        <time>2026-09-18T21:28:36.000Z</time>
        <extensions>
          <ns3:TrackPointExtension>
            <ns3:hr>129</ns3:hr>
            <ns3:cad>89</ns3:cad>
          </ns3:TrackPointExtension>
        </extensions>
      </trkpt>
      <trkpt lat="39.13041514344513416290283203125" lon="117.19852603040635585784912109375">
        <ele>4</ele>
        <time>2026-09-18T21:28:37.000Z</time>
        <extensions>
          <ns3:TrackPointExtension>
            <ns3:hr>129</ns3:hr>
            <ns3:cad>89</ns3:cad>
          </ns3:TrackPointExtension>
        </extensions>
      </trkpt>
      <trkpt lat="39.13040424697101116180419921875" lon="117.1984977833926677703857421875">
        <ele>4</ele>
        <time>2026-09-18T21:28:38.000Z</time>
        <extensions>
          <ns3:TrackPointExtension>
            <ns3:hr>129</ns3:hr>
            <ns3:cad>89</ns3:cad>
          </ns3:TrackPointExtension>
        </extensions>
      </trkpt>
      <trkpt lat="39.13039452396333217620849609375" lon="117.19845746643841266632080078125">
        <ele>4</ele>
        <time>2026-09-18T21:28:39.000Z</time>
        <extensions>
          <ns3:TrackPointExtension>
            <ns3:hr>129</ns3:hr>
            <ns3:cad>89</ns3:cad>
          </ns3:TrackPointExtension>
        </extensions>
      </trkpt>
      <trkpt lat="39.1303827054798603057861328125" lon="117.19843081198632717132568359375">
        <ele>4.19999980926513671875</ele>
        <time>2026-09-18T21:28:40.000Z</time>
        <extensions>
          <ns3:TrackPointExtension>
            <ns3:hr>129</ns3:hr>
            <ns3:cad>88</ns3:cad>
          </ns3:TrackPointExtension>
        </extensions>
      </trkpt>
      <trkpt lat="39.13036803714931011199951171875" lon="117.1983946859836578369140625">
        <ele>4.19999980926513671875</ele>
        <time>2026-09-18T21:28:41.000Z</time>
        <extensions>
          <ns3:TrackPointExtension>
            <ns3:hr>129</ns3:hr>
            <ns3:cad>88</ns3:cad>
          </ns3:TrackPointExtension>
        </extensions>
      </trkpt>
      <trkpt lat="39.1303565539419651031494140625" lon="117.19837113283574581146240234375">
        <ele>4.19999980926513671875</ele>
        <time>2026-09-18T21:28:42.000Z</time>
        <extensions>
          <ns3:TrackPointExtension>
            <ns3:hr>129</ns3:hr>
            <ns3:cad>89</ns3:cad>
          </ns3:TrackPointExtension>
        </extensions>
      </trkpt>
      <trkpt lat="39.13034423254430294036865234375" lon="117.19833291135728359222412109375">
        <ele>4.19999980926513671875</ele>
        <time>2026-09-18T21:28:43.000Z</time>
        <extensions>
          <ns3:TrackPointExtension>
            <ns3:hr>129</ns3:hr>
            <ns3:cad>89</ns3:cad>
          </ns3:TrackPointExtension>
        </extensions>
      </trkpt>
      <trkpt lat="39.13032964803278446197509765625" lon="117.1983130462467670440673828125">
        <ele>4.19999980926513671875</ele>
        <time>2026-09-18T21:28:44.000Z</time>
        <extensions>
          <ns3:TrackPointExtension>
            <ns3:hr>129</ns3:hr>
            <ns3:cad>89</ns3:cad>
          </ns3:TrackPointExtension>
        </extensions>
      </trkpt>
      <trkpt lat="39.130315147340297698974609375" lon="117.19827943481504917144775390625">
        <ele>4</ele>
        <time>2026-09-18T21:28:45.000Z</time>
        <extensions>
          <ns3:TrackPointExtension>
            <ns3:hr>129</ns3:hr>
            <ns3:cad>89</ns3:cad>
          </ns3:TrackPointExtension>
        </extensions>
      </trkpt>
      <trkpt lat="39.13030567578971385955810546875" lon="117.19825529493391513824462890625">
        <ele>4</ele>
        <time>2026-09-18T21:28:46.000Z</time>
        <extensions>
          <ns3:TrackPointExtension>
            <ns3:hr>129</ns3:hr>
            <ns3:cad>89</ns3:cad>
          </ns3:TrackPointExtension>
        </extensions>
      </trkpt>
      <trkpt lat="39.13029628805816173553466796875" lon="117.19821740873157978057861328125">
        <ele>4</ele>
        <time>2026-09-18T21:28:47.000Z</time>
        <extensions>
          <ns3:TrackPointExtension>
            <ns3:hr>129</ns3:hr>
            <ns3:cad>89</ns3:cad>
          </ns3:TrackPointExtension>
        </extensions>
      </trkpt>
      <trkpt lat="39.13028455339372158050537109375" lon="117.1981956996023654937744140625">
        <ele>4</ele>
        <time>2026-09-18T21:28:48.000Z</time>
        <extensions>
          <ns3:TrackPointExtension>
            <ns3:hr>129</ns3:hr>
            <ns3:cad>89</ns3:cad>
          </ns3:TrackPointExtension>
        </extensions>
      </trkpt>
      <trkpt lat="39.13027298636734485626220703125" lon="117.19815890304744243621826171875">
        <ele>4</ele>
        <time>2026-09-18T21:28:49.000Z</time>
        <extensions>
          <ns3:TrackPointExtension>
            <ns3:hr>129</ns3:hr>
            <ns3:cad>89</ns3:cad>
          </ns3:TrackPointExtension>
        </extensions>
      </trkpt>
      <trkpt lat="39.13026385009288787841796875" lon="117.1981371939182281494140625">
        <ele>4</ele>
        <time>2026-09-18T21:28:50.000Z</time>
        <extensions>
          <ns3:TrackPointExtension>
            <ns3:hr>129</ns3:hr>
            <ns3:cad>89</ns3:cad>
          </ns3:TrackPointExtension>
        </extensions>
      </trkpt>
      <trkpt lat="39.1302470862865447998046875" lon="117.1981038339436054229736328125">
        <ele>4.19999980926513671875</ele>
        <time>2026-09-18T21:28:51.000Z</time>
        <extensions>
          <ns3:TrackPointExtension>
            <ns3:hr>129</ns3:hr>
            <ns3:cad>89</ns3:cad>
          </ns3:TrackPointExtension>
        </extensions>
      </trkpt>
      <trkpt lat="39.13023426197469234466552734375" lon="117.198077850043773651123046875">
        <ele>4.19999980926513671875</ele>
        <time>2026-09-18T21:28:52.000Z</time>
        <extensions>
          <ns3:TrackPointExtension>
            <ns3:hr>129</ns3:hr>
            <ns3:cad>89</ns3:cad>
          </ns3:TrackPointExtension>
        </extensions>
      </trkpt>
      <trkpt lat="39.13021557033061981201171875" lon="117.19804465770721435546875">
        <ele>4.19999980926513671875</ele>
        <time>2026-09-18T21:28:53.000Z</time>
        <extensions>
          <ns3:TrackPointExtension>
            <ns3:hr>129</ns3:hr>
            <ns3:cad>88</ns3:cad>
          </ns3:TrackPointExtension>
        </extensions>
      </trkpt>
      <trkpt lat="39.13020693697035312652587890625" lon="117.19801909290254116058349609375">
        <ele>4.19999980926513671875</ele>
        <time>2026-09-18T21:28:54.000Z</time>
        <extensions>
          <ns3:TrackPointExtension>
            <ns3:hr>129</ns3:hr>
            <ns3:cad>88</ns3:cad>
          </ns3:TrackPointExtension>
        </extensions>
      </trkpt>
      <trkpt lat="39.13017843849956989288330078125" lon="117.19799981452524662017822265625">
        <ele>4.19999980926513671875</ele>
        <time>2026-09-18T21:28:55.000Z</time>
        <extensions>
          <ns3:TrackPointExtension>
            <ns3:hr>129</ns3:hr>
            <ns3:cad>88</ns3:cad>
          </ns3:TrackPointExtension>
        </extensions>
      </trkpt>
      <trkpt lat="39.13015790283679962158203125" lon="117.19798305071890354156494140625">
        <ele>4.19999980926513671875</ele>
        <time>2026-09-18T21:28:56.000Z</time>
        <extensions>
          <ns3:TrackPointExtension>
            <ns3:hr>129</ns3:hr>
            <ns3:cad>88</ns3:cad>
          </ns3:TrackPointExtension>
        </extensions>
      </trkpt>
      <trkpt lat="39.130133427679538726806640625" lon="117.197959162294864654541015625">
        <ele>4</ele>
        <time>2026-09-18T21:28:57.000Z</time>
        <extensions>
          <ns3:TrackPointExtension>
            <ns3:hr>129</ns3:hr>
            <ns3:cad>88</ns3:cad>
          </ns3:TrackPointExtension>
        </extensions>
      </trkpt>
      <trkpt lat="39.1301228664815425872802734375" lon="117.19793275929987430572509765625">
        <ele>4</ele>
        <time>2026-09-18T21:28:58.000Z</time>
        <extensions>
          <ns3:TrackPointExtension>
            <ns3:hr>128</ns3:hr>
            <ns3:cad>88</ns3:cad>
          </ns3:TrackPointExtension>
        </extensions>
      </trkpt>
      <trkpt lat="39.1301074437797069549560546875" lon="117.1979090385138988494873046875">
        <ele>4</ele>
        <time>2026-09-18T21:28:59.000Z</time>
        <extensions>
          <ns3:TrackPointExtension>
            <ns3:hr>129</ns3:hr>
            <ns3:cad>88</ns3:cad>
          </ns3:TrackPointExtension>
        </extensions>
      </trkpt>
      <trkpt lat="39.1300920210778713226318359375" lon="117.19787903130054473876953125">
        <ele>4.19999980926513671875</ele>
        <time>2026-09-18T21:29:00.000Z</time>
        <extensions>
          <ns3:TrackPointExtension>
            <ns3:hr>129</ns3:hr>
            <ns3:cad>88</ns3:cad>
          </ns3:TrackPointExtension>
        </extensions>
      </trkpt>
      <trkpt lat="39.13007609546184539794921875" lon="117.19785497523844242095947265625">
        <ele>4.19999980926513671875</ele>
        <time>2026-09-18T21:29:01.000Z</time>
        <extensions>
          <ns3:TrackPointExtension>
            <ns3:hr>129</ns3:hr>
            <ns3:cad>88</ns3:cad>
          </ns3:TrackPointExtension>
        </extensions>
      </trkpt>
      <trkpt lat="39.13006561808288097381591796875" lon="117.19782396219670772552490234375">
        <ele>4</ele>
        <time>2026-09-18T21:29:02.000Z</time>
        <extensions>
          <ns3:TrackPointExtension>
            <ns3:hr>129</ns3:hr>
            <ns3:cad>88</ns3:cad>
          </ns3:TrackPointExtension>
        </extensions>
      </trkpt>
      <trkpt lat="39.13005455397069454193115234375" lon="117.19779445789754390716552734375">
        <ele>4</ele>
        <time>2026-09-18T21:29:03.000Z</time>
        <extensions>
          <ns3:TrackPointExtension>
            <ns3:hr>129</ns3:hr>
            <ns3:cad>89</ns3:cad>
          </ns3:TrackPointExtension>
        </extensions>
      </trkpt>
      <trkpt lat="39.13004281930625438690185546875" lon="117.197755984961986541748046875">
        <ele>3.7999999523162841796875</ele>
        <time>2026-09-18T21:29:04.000Z</time>
        <extensions>
          <ns3:TrackPointExtension>
            <ns3:hr>128</ns3:hr>
            <ns3:cad>88</ns3:cad>
          </ns3:TrackPointExtension>
        </extensions>
      </trkpt>
      <trkpt lat="39.13003175519406795501708984375" lon="117.19772614538669586181640625">
        <ele>3.599999904632568359375</ele>
        <time>2026-09-18T21:29:05.000Z</time>
        <extensions>
          <ns3:TrackPointExtension>
            <ns3:hr>128</ns3:hr>
            <ns3:cad>88</ns3:cad>
          </ns3:TrackPointExtension>
        </extensions>
      </trkpt>
      <trkpt lat="39.13002186454832553863525390625" lon="117.19768851064145565032958984375">
        <ele>3.599999904632568359375</ele>
        <time>2026-09-18T21:29:06.000Z</time>
        <extensions>
          <ns3:TrackPointExtension>
            <ns3:hr>128</ns3:hr>
            <ns3:cad>88</ns3:cad>
          </ns3:TrackPointExtension>
        </extensions>
      </trkpt>
      <trkpt lat="39.13000811822712421417236328125" lon="117.19766034744679927825927734375">
        <ele>3.400000095367431640625</ele>
        <time>2026-09-18T21:29:07.000Z</time>
        <extensions>
          <ns3:TrackPointExtension>
            <ns3:hr>128</ns3:hr>
            <ns3:cad>88</ns3:cad>
          </ns3:TrackPointExtension>
        </extensions>
      </trkpt>
      <trkpt lat="39.12999705411493778228759765625" lon="117.1976220421493053436279296875">
        <ele>3.2000000476837158203125</ele>
        <time>2026-09-18T21:29:08.000Z</time>
        <extensions>
          <ns3:TrackPointExtension>
            <ns3:hr>128</ns3:hr>
            <ns3:cad>88</ns3:cad>
          </ns3:TrackPointExtension>
        </extensions>
      </trkpt>
      <trkpt lat="39.12998766638338565826416015625" lon="117.19760335050523281097412109375">
        <ele>3.2000000476837158203125</ele>
        <time>2026-09-18T21:29:09.000Z</time>
        <extensions>
          <ns3:TrackPointExtension>
            <ns3:hr>127</ns3:hr>
            <ns3:cad>88</ns3:cad>
          </ns3:TrackPointExtension>
        </extensions>
      </trkpt>
      <trkpt lat="39.129971824586391448974609375" lon="117.19756647013127803802490234375">
        <ele>3</ele>
        <time>2026-09-18T21:29:10.000Z</time>
        <extensions>
          <ns3:TrackPointExtension>
            <ns3:hr>127</ns3:hr>
            <ns3:cad>88</ns3:cad>
          </ns3:TrackPointExtension>
        </extensions>
      </trkpt>
      <trkpt lat="39.129957742989063262939453125" lon="117.1975422464311122894287109375">
        <ele>3</ele>
        <time>2026-09-18T21:29:11.000Z</time>
        <extensions>
          <ns3:TrackPointExtension>
            <ns3:hr>126</ns3:hr>
            <ns3:cad>89</ns3:cad>
          </ns3:TrackPointExtension>
        </extensions>
      </trkpt>
      <trkpt lat="39.12993930280208587646484375" lon="117.1975095570087432861328125">
        <ele>2.7999999523162841796875</ele>
        <time>2026-09-18T21:29:12.000Z</time>
        <extensions>
          <ns3:TrackPointExtension>
            <ns3:hr>126</ns3:hr>
            <ns3:cad>89</ns3:cad>
          </ns3:TrackPointExtension>
        </extensions>
      </trkpt>
      <trkpt lat="39.12992446683347225189208984375" lon="117.19748550094664096832275390625">
        <ele>2.7999999523162841796875</ele>
        <time>2026-09-18T21:29:13.000Z</time>
        <extensions>
          <ns3:TrackPointExtension>
            <ns3:hr>126</ns3:hr>
            <ns3:cad>89</ns3:cad>
          </ns3:TrackPointExtension>
        </extensions>
      </trkpt>
      <trkpt lat="39.1299086250364780426025390625" lon="117.19744627363979816436767578125">
        <ele>2.599999904632568359375</ele>
        <time>2026-09-18T21:29:14.000Z</time>
        <extensions>
          <ns3:TrackPointExtension>
            <ns3:hr>125</ns3:hr>
            <ns3:cad>88</ns3:cad>
          </ns3:TrackPointExtension>
        </extensions>
      </trkpt>
      <trkpt lat="39.12989236414432525634765625" lon="117.1974188648164272308349609375">
        <ele>2.599999904632568359375</ele>
        <time>2026-09-18T21:29:15.000Z</time>
        <extensions>
          <ns3:TrackPointExtension>
            <ns3:hr>125</ns3:hr>
            <ns3:cad>88</ns3:cad>
          </ns3:TrackPointExtension>
        </extensions>
      </trkpt>
      <trkpt lat="39.1298848204314708709716796875" lon="117.19737770967185497283935546875">
        <ele>2.400000095367431640625</ele>
        <time>2026-09-18T21:29:16.000Z</time>
        <extensions>
          <ns3:TrackPointExtension>
            <ns3:hr>124</ns3:hr>
            <ns3:cad>88</ns3:cad>
          </ns3:TrackPointExtension>
        </extensions>
      </trkpt>
      <trkpt lat="39.1298734210431575775146484375" lon="117.1973494626581668853759765625">
        <ele>2.2000000476837158203125</ele>
        <time>2026-09-18T21:29:17.000Z</time>
        <extensions>
          <ns3:TrackPointExtension>
            <ns3:hr>123</ns3:hr>
            <ns3:cad>88</ns3:cad>
          </ns3:TrackPointExtension>
        </extensions>
      </trkpt>
      <trkpt lat="39.129854477941989898681640625" lon="117.1973162703216075897216796875">
        <ele>2.2000000476837158203125</ele>
        <time>2026-09-18T21:29:18.000Z</time>
        <extensions>
          <ns3:TrackPointExtension>
            <ns3:hr>123</ns3:hr>
            <ns3:cad>88</ns3:cad>
          </ns3:TrackPointExtension>
        </extensions>
      </trkpt>
      <trkpt lat="39.1298506222665309906005859375" lon="117.19729154370725154876708984375">
        <ele>2</ele>
        <time>2026-09-18T21:29:19.000Z</time>
        <extensions>
          <ns3:TrackPointExtension>
            <ns3:hr>123</ns3:hr>
            <ns3:cad>89</ns3:cad>
          </ns3:TrackPointExtension>
        </extensions>
      </trkpt>
      <trkpt lat="39.1298372112214565277099609375" lon="117.19725181348621845245361328125">
        <ele>1.7999999523162841796875</ele>
        <time>2026-09-18T21:29:20.000Z</time>
        <extensions>
          <ns3:TrackPointExtension>
            <ns3:hr>123</ns3:hr>
            <ns3:cad>89</ns3:cad>
          </ns3:TrackPointExtension>
        </extensions>
      </trkpt>
      <trkpt lat="39.12982572801411151885986328125" lon="117.19722457230091094970703125">
        <ele>1.7999999523162841796875</ele>
        <time>2026-09-18T21:29:21.000Z</time>
        <extensions>
          <ns3:TrackPointExtension>
            <ns3:hr>123</ns3:hr>
            <ns3:cad>89</ns3:cad>
          </ns3:TrackPointExtension>
        </extensions>
      </trkpt>
      <trkpt lat="39.12980846129357814788818359375" lon="117.19719104468822479248046875">
        <ele>1.60000002384185791015625</ele>
        <time>2026-09-18T21:29:22.000Z</time>
        <extensions>
          <ns3:TrackPointExtension>
            <ns3:hr>123</ns3:hr>
            <ns3:cad>89</ns3:cad>
          </ns3:TrackPointExtension>
        </extensions>
      </trkpt>
      <trkpt lat="39.1297963075339794158935546875" lon="117.19716464169323444366455078125">
        <ele>1.60000002384185791015625</ele>
        <time>2026-09-18T21:29:23.000Z</time>
        <extensions>
          <ns3:TrackPointExtension>
            <ns3:hr>123</ns3:hr>
            <ns3:cad>89</ns3:cad>
          </ns3:TrackPointExtension>
        </extensions>
      </trkpt>
      <trkpt lat="39.1297812201082706451416015625" lon="117.19713262282311916351318359375">
        <ele>1.60000002384185791015625</ele>
        <time>2026-09-18T21:29:24.000Z</time>
        <extensions>
          <ns3:TrackPointExtension>
            <ns3:hr>123</ns3:hr>
            <ns3:cad>89</ns3:cad>
          </ns3:TrackPointExtension>
        </extensions>
      </trkpt>
      <trkpt lat="39.129769317805767059326171875" lon="117.1971063874661922454833984375">
        <ele>1.7999999523162841796875</ele>
        <time>2026-09-18T21:29:25.000Z</time>
        <extensions>
          <ns3:TrackPointExtension>
            <ns3:hr>123</ns3:hr>
            <ns3:cad>89</ns3:cad>
          </ns3:TrackPointExtension>
        </extensions>
      </trkpt>
      <trkpt lat="39.12975498475134372711181640625" lon="117.19707277603447437286376953125">
        <ele>1.7999999523162841796875</ele>
        <time>2026-09-18T21:29:26.000Z</time>
        <extensions>
          <ns3:TrackPointExtension>
            <ns3:hr>123</ns3:hr>
            <ns3:cad>89</ns3:cad>
          </ns3:TrackPointExtension>
        </extensions>
      </trkpt>
      <trkpt lat="39.129743166267871856689453125" lon="117.1970410086214542388916015625">
        <ele>1.7999999523162841796875</ele>
        <time>2026-09-18T21:29:27.000Z</time>
        <extensions>
          <ns3:TrackPointExtension>
            <ns3:hr>124</ns3:hr>
            <ns3:cad>89</ns3:cad>
          </ns3:TrackPointExtension>
        </extensions>
      </trkpt>
      <trkpt lat="39.1297275759279727935791015625" lon="117.19700572080910205841064453125">
        <ele>1.7999999523162841796875</ele>
        <time>2026-09-18T21:29:28.000Z</time>
        <extensions>
          <ns3:TrackPointExtension>
            <ns3:hr>124</ns3:hr>
            <ns3:cad>89</ns3:cad>
          </ns3:TrackPointExtension>
        </extensions>
      </trkpt>
      <trkpt lat="39.12971391342580318450927734375" lon="117.19697789289057254791259765625">
        <ele>1.7999999523162841796875</ele>
        <time>2026-09-18T21:29:29.000Z</time>
        <extensions>
          <ns3:TrackPointExtension>
            <ns3:hr>124</ns3:hr>
            <ns3:cad>89</ns3:cad>
          </ns3:TrackPointExtension>
        </extensions>
      </trkpt>
      <trkpt lat="39.129693210124969482421875" lon="117.19694218598306179046630859375">
        <ele>1.60000002384185791015625</ele>
        <time>2026-09-18T21:29:30.000Z</time>
        <extensions>
          <ns3:TrackPointExtension>
            <ns3:hr>123</ns3:hr>
            <ns3:cad>89</ns3:cad>
          </ns3:TrackPointExtension>
        </extensions>
      </trkpt>
      <trkpt lat="39.12968206219375133514404296875" lon="117.19692173413932323455810546875">
        <ele>1.60000002384185791015625</ele>
        <time>2026-09-18T21:29:31.000Z</time>
        <extensions>
          <ns3:TrackPointExtension>
            <ns3:hr>125</ns3:hr>
            <ns3:cad>89</ns3:cad>
          </ns3:TrackPointExtension>
        </extensions>
      </trkpt>
      <trkpt lat="39.129664041101932525634765625" lon="117.19690279103815555572509765625">
        <ele>1.60000002384185791015625</ele>
        <time>2026-09-18T21:29:32.000Z</time>
        <extensions>
          <ns3:TrackPointExtension>
            <ns3:hr>125</ns3:hr>
            <ns3:cad>89</ns3:cad>
          </ns3:TrackPointExtension>
        </extensions>
      </trkpt>
      <trkpt lat="39.12963780574500560760498046875" lon="117.1968767233192920684814453125">
        <ele>1.60000002384185791015625</ele>
        <time>2026-09-18T21:29:33.000Z</time>
        <extensions>
          <ns3:TrackPointExtension>
            <ns3:hr>126</ns3:hr>
            <ns3:cad>90</ns3:cad>
          </ns3:TrackPointExtension>
        </extensions>
      </trkpt>
      <trkpt lat="39.12962280213832855224609375" lon="117.1968589536845684051513671875">
        <ele>1.7999999523162841796875</ele>
        <time>2026-09-18T21:29:34.000Z</time>
        <extensions>
          <ns3:TrackPointExtension>
            <ns3:hr>126</ns3:hr>
            <ns3:cad>90</ns3:cad>
          </ns3:TrackPointExtension>
        </extensions>
      </trkpt>
      <trkpt lat="39.12960939109325408935546875" lon="117.1968371607363224029541015625">
        <ele>1.7999999523162841796875</ele>
        <time>2026-09-18T21:29:35.000Z</time>
        <extensions>
          <ns3:TrackPointExtension>
            <ns3:hr>126</ns3:hr>
            <ns3:cad>89</ns3:cad>
          </ns3:TrackPointExtension>
        </extensions>
      </trkpt>
      <trkpt lat="39.12959874607622623443603515625" lon="117.19681494869291782379150390625">
        <ele>1.7999999523162841796875</ele>
        <time>2026-09-18T21:29:36.000Z</time>
        <extensions>
          <ns3:TrackPointExtension>
            <ns3:hr>126</ns3:hr>
            <ns3:cad>89</ns3:cad>
          </ns3:TrackPointExtension>
        </extensions>
      </trkpt>
      <trkpt lat="39.1295887716114521026611328125" lon="117.1967918984591960906982421875">
        <ele>2</ele>
        <time>2026-09-18T21:29:37.000Z</time>
        <extensions>
          <ns3:TrackPointExtension>
            <ns3:hr>126</ns3:hr>
            <ns3:cad>88</ns3:cad>
          </ns3:TrackPointExtension>
        </extensions>
      </trkpt>
      <trkpt lat="39.129580892622470855712890625" lon="117.1967617236077785491943359375">
        <ele>1.7999999523162841796875</ele>
        <time>2026-09-18T21:29:38.000Z</time>
        <extensions>
          <ns3:TrackPointExtension>
            <ns3:hr>127</ns3:hr>
            <ns3:cad>88</ns3:cad>
          </ns3:TrackPointExtension>
        </extensions>
      </trkpt>
      <trkpt lat="39.12957251071929931640625" lon="117.196734733879566192626953125">
        <ele>1.7999999523162841796875</ele>
        <time>2026-09-18T21:29:39.000Z</time>
        <extensions>
          <ns3:TrackPointExtension>
            <ns3:hr>126</ns3:hr>
            <ns3:cad>88</ns3:cad>
          </ns3:TrackPointExtension>
        </extensions>
      </trkpt>
      <trkpt lat="39.12956069223582744598388671875" lon="117.19670447520911693572998046875">
        <ele>1.7999999523162841796875</ele>
        <time>2026-09-18T21:29:40.000Z</time>
        <extensions>
          <ns3:TrackPointExtension>
            <ns3:hr>126</ns3:hr>
            <ns3:cad>88</ns3:cad>
          </ns3:TrackPointExtension>
        </extensions>
      </trkpt>
      <trkpt lat="39.12954635918140411376953125" lon="117.19665317796170711517333984375">
        <ele>1.7999999523162841796875</ele>
        <time>2026-09-18T21:29:41.000Z</time>
        <extensions>
          <ns3:TrackPointExtension>
            <ns3:hr>126</ns3:hr>
            <ns3:cad>88</ns3:cad>
          </ns3:TrackPointExtension>
        </extensions>
      </trkpt>
      <trkpt lat="39.12953688763082027435302734375" lon="117.19661847688257694244384765625">
        <ele>1.7999999523162841796875</ele>
        <time>2026-09-18T21:29:42.000Z</time>
        <extensions>
          <ns3:TrackPointExtension>
            <ns3:hr>126</ns3:hr>
            <ns3:cad>89</ns3:cad>
          </ns3:TrackPointExtension>
        </extensions>
      </trkpt>
      <trkpt lat="39.12952448241412639617919921875" lon="117.19657815992832183837890625">
        <ele>1.7999999523162841796875</ele>
        <time>2026-09-18T21:29:43.000Z</time>
        <extensions>
          <ns3:TrackPointExtension>
            <ns3:hr>125</ns3:hr>
            <ns3:cad>89</ns3:cad>
          </ns3:TrackPointExtension>
        </extensions>
      </trkpt>
      <trkpt lat="39.12951258011162281036376953125" lon="117.1965466439723968505859375">
        <ele>1.7999999523162841796875</ele>
        <time>2026-09-18T21:29:44.000Z</time>
        <extensions>
          <ns3:TrackPointExtension>
            <ns3:hr>126</ns3:hr>
            <ns3:cad>89</ns3:cad>
          </ns3:TrackPointExtension>
        </extensions>
      </trkpt>
      <trkpt lat="39.12950352765619754791259765625" lon="117.1965209953486919403076171875">
        <ele>1.7999999523162841796875</ele>
        <time>2026-09-18T21:29:45.000Z</time>
        <extensions>
          <ns3:TrackPointExtension>
            <ns3:hr>126</ns3:hr>
            <ns3:cad>89</ns3:cad>
          </ns3:TrackPointExtension>
        </extensions>
      </trkpt>
      <trkpt lat="39.12950637750327587127685546875" lon="117.196475900709629058837890625">
        <ele>2</ele>
        <time>2026-09-18T21:29:46.000Z</time>
        <extensions>
          <ns3:TrackPointExtension>
            <ns3:hr>126</ns3:hr>
            <ns3:cad>89</ns3:cad>
          </ns3:TrackPointExtension>
        </extensions>
      </trkpt>
      <trkpt lat="39.129486344754695892333984375" lon="117.19646056182682514190673828125">
        <ele>2</ele>
        <time>2026-09-18T21:29:47.000Z</time>
        <extensions>
          <ns3:TrackPointExtension>
            <ns3:hr>126</ns3:hr>
            <ns3:cad>89</ns3:cad>
          </ns3:TrackPointExtension>
        </extensions>
      </trkpt>
      <trkpt lat="39.129478633403778076171875" lon="117.1964281238615512847900390625">
        <ele>2</ele>
        <time>2026-09-18T21:29:48.000Z</time>
        <extensions>
          <ns3:TrackPointExtension>
            <ns3:hr>127</ns3:hr>
            <ns3:cad>89</ns3:cad>
          </ns3:TrackPointExtension>
        </extensions>
      </trkpt>
      <trkpt lat="39.12947100587189197540283203125" lon="117.1963989548385143280029296875">
        <ele>2</ele>
        <time>2026-09-18T21:29:49.000Z</time>
        <extensions>
          <ns3:TrackPointExtension>
            <ns3:hr>127</ns3:hr>
            <ns3:cad>88</ns3:cad>
          </ns3:TrackPointExtension>
        </extensions>
      </trkpt>
      <trkpt lat="39.129468239843845367431640625" lon="117.196360565721988677978515625">
        <ele>2</ele>
        <time>2026-09-18T21:29:50.000Z</time>
        <extensions>
          <ns3:TrackPointExtension>
            <ns3:hr>127</ns3:hr>
            <ns3:cad>88</ns3:cad>
          </ns3:TrackPointExtension>
        </extensions>
      </trkpt>
      <trkpt lat="39.12946186959743499755859375" lon="117.19633030705153942108154296875">
        <ele>1.7999999523162841796875</ele>
        <time>2026-09-18T21:29:51.000Z</time>
        <extensions>
          <ns3:TrackPointExtension>
            <ns3:hr>127</ns3:hr>
            <ns3:cad>88</ns3:cad>
          </ns3:TrackPointExtension>
        </extensions>
      </trkpt>
      <trkpt lat="39.1294531524181365966796875" lon="117.19629074446856975555419921875">
        <ele>1.7999999523162841796875</ele>
        <time>2026-09-18T21:29:52.000Z</time>
        <extensions>
          <ns3:TrackPointExtension>
            <ns3:hr>127</ns3:hr>
            <ns3:cad>89</ns3:cad>
          </ns3:TrackPointExtension>
        </extensions>
      </trkpt>
      <trkpt lat="39.129439406096935272216796875" lon="117.1962621621787548065185546875">
        <ele>1.7999999523162841796875</ele>
        <time>2026-09-18T21:29:53.000Z</time>
        <extensions>
          <ns3:TrackPointExtension>
            <ns3:hr>128</ns3:hr>
            <ns3:cad>89</ns3:cad>
          </ns3:TrackPointExtension>
        </extensions>
      </trkpt>
      <trkpt lat="39.129431359469890594482421875" lon="117.19622201286256313323974609375">
        <ele>1.7999999523162841796875</ele>
        <time>2026-09-18T21:29:54.000Z</time>
        <extensions>
          <ns3:TrackPointExtension>
            <ns3:hr>127</ns3:hr>
            <ns3:cad>89</ns3:cad>
          </ns3:TrackPointExtension>
        </extensions>
      </trkpt>
      <trkpt lat="39.12942205555737018585205078125" lon="117.19619737006723880767822265625">
        <ele>1.7999999523162841796875</ele>
        <time>2026-09-18T21:29:55.000Z</time>
        <extensions>
          <ns3:TrackPointExtension>
            <ns3:hr>127</ns3:hr>
            <ns3:cad>89</ns3:cad>
          </ns3:TrackPointExtension>
        </extensions>
      </trkpt>
      <trkpt lat="39.12941157817840576171875" lon="117.19615663401782512664794921875">
        <ele>1.7999999523162841796875</ele>
        <time>2026-09-18T21:29:56.000Z</time>
        <extensions>
          <ns3:TrackPointExtension>
            <ns3:hr>128</ns3:hr>
            <ns3:cad>89</ns3:cad>
          </ns3:TrackPointExtension>
        </extensions>
      </trkpt>
      <trkpt lat="39.129401184618473052978515625" lon="117.19612511806190013885498046875">
        <ele>1.7999999523162841796875</ele>
        <time>2026-09-18T21:29:57.000Z</time>
        <extensions>
          <ns3:TrackPointExtension>
            <ns3:hr>127</ns3:hr>
            <ns3:cad>89</ns3:cad>
          </ns3:TrackPointExtension>
        </extensions>
      </trkpt>
      <trkpt lat="39.12939506582915782928466796875" lon="117.19608907587826251983642578125">
        <ele>1.7999999523162841796875</ele>
        <time>2026-09-18T21:29:58.000Z</time>
        <extensions>
          <ns3:TrackPointExtension>
            <ns3:hr>127</ns3:hr>
            <ns3:cad>89</ns3:cad>
          </ns3:TrackPointExtension>
        </extensions>
      </trkpt>
      <trkpt lat="39.12938048131763935089111328125" lon="117.19606493599712848663330078125">
        <ele>1.7999999523162841796875</ele>
        <time>2026-09-18T21:29:59.000Z</time>
        <extensions>
          <ns3:TrackPointExtension>
            <ns3:hr>128</ns3:hr>
            <ns3:cad>89</ns3:cad>
          </ns3:TrackPointExtension>
        </extensions>
      </trkpt>
      <trkpt lat="39.12937327288091182708740234375" lon="117.19602855853736400604248046875">
        <ele>1.7999999523162841796875</ele>
        <time>2026-09-18T21:30:00.000Z</time>
        <extensions>
          <ns3:TrackPointExtension>
            <ns3:hr>128</ns3:hr>
            <ns3:cad>89</ns3:cad>
          </ns3:TrackPointExtension>
        </extensions>
      </trkpt>
      <trkpt lat="39.1293597780168056488037109375" lon="117.1960050053894519805908203125">
        <ele>1.7999999523162841796875</ele>
        <time>2026-09-18T21:30:01.000Z</time>
        <extensions>
          <ns3:TrackPointExtension>
            <ns3:hr>128</ns3:hr>
            <ns3:cad>89</ns3:cad>
          </ns3:TrackPointExtension>
        </extensions>
      </trkpt>
      <trkpt lat="39.12935416214168071746826171875" lon="117.19596795737743377685546875">
        <ele>1.7999999523162841796875</ele>
        <time>2026-09-18T21:30:02.000Z</time>
        <extensions>
          <ns3:TrackPointExtension>
            <ns3:hr>128</ns3:hr>
            <ns3:cad>89</ns3:cad>
          </ns3:TrackPointExtension>
        </extensions>
      </trkpt>
      <trkpt lat="39.1293436847627162933349609375" lon="117.1959456615149974822998046875">
        <ele>1.7999999523162841796875</ele>
        <time>2026-09-18T21:30:03.000Z</time>
        <extensions>
          <ns3:TrackPointExtension>
            <ns3:hr>127</ns3:hr>
            <ns3:cad>89</ns3:cad>
          </ns3:TrackPointExtension>
        </extensions>
      </trkpt>
      <trkpt lat="39.12933505140244960784912109375" lon="117.195907942950725555419921875">
        <ele>2</ele>
        <time>2026-09-18T21:30:04.000Z</time>
        <extensions>
          <ns3:TrackPointExtension>
            <ns3:hr>127</ns3:hr>
            <ns3:cad>89</ns3:cad>
          </ns3:TrackPointExtension>
        </extensions>
      </trkpt>
      <trkpt lat="39.1293217241764068603515625" lon="117.19588455744087696075439453125">
        <ele>2</ele>
        <time>2026-09-18T21:30:05.000Z</time>
        <extensions>
          <ns3:TrackPointExtension>
            <ns3:hr>127</ns3:hr>
            <ns3:cad>90</ns3:cad>
          </ns3:TrackPointExtension>
        </extensions>
      </trkpt>
      <trkpt lat="39.12931300699710845947265625" lon="117.1958447434008121490478515625">
        <ele>2</ele>
        <time>2026-09-18T21:30:06.000Z</time>
        <extensions>
          <ns3:TrackPointExtension>
            <ns3:hr>128</ns3:hr>
            <ns3:cad>90</ns3:cad>
          </ns3:TrackPointExtension>
        </extensions>
      </trkpt>
      <trkpt lat="39.12929951213300228118896484375" lon="117.1958189271390438079833984375">
        <ele>2</ele>
        <time>2026-09-18T21:30:07.000Z</time>
        <extensions>
          <ns3:TrackPointExtension>
            <ns3:hr>128</ns3:hr>
            <ns3:cad>90</ns3:cad>
          </ns3:TrackPointExtension>
        </extensions>
      </trkpt>
      <trkpt lat="39.12929356098175048828125" lon="117.1957783587276935577392578125">
        <ele>2</ele>
        <time>2026-09-18T21:30:08.000Z</time>
        <extensions>
          <ns3:TrackPointExtension>
            <ns3:hr>128</ns3:hr>
            <ns3:cad>89</ns3:cad>
          </ns3:TrackPointExtension>
        </extensions>
      </trkpt>
      <trkpt lat="39.1292813234031200408935546875" lon="117.19575245864689350128173828125">
        <ele>2</ele>
        <time>2026-09-18T21:30:09.000Z</time>
        <extensions>
          <ns3:TrackPointExtension>
            <ns3:hr>128</ns3:hr>
            <ns3:cad>89</ns3:cad>
          </ns3:TrackPointExtension>
        </extensions>
      </trkpt>
      <trkpt lat="39.12927671335637569427490234375" lon="117.19571021385490894317626953125">
        <ele>2</ele>
        <time>2026-09-18T21:30:10.000Z</time>
        <extensions>
          <ns3:TrackPointExtension>
            <ns3:hr>127</ns3:hr>
            <ns3:cad>89</ns3:cad>
          </ns3:TrackPointExtension>
        </extensions>
      </trkpt>
      <trkpt lat="39.129268415272235870361328125" lon="117.1956856548786163330078125">
        <ele>2</ele>
        <time>2026-09-18T21:30:11.000Z</time>
        <extensions>
          <ns3:TrackPointExtension>
            <ns3:hr>128</ns3:hr>
            <ns3:cad>89</ns3:cad>
          </ns3:TrackPointExtension>
        </extensions>
      </trkpt>
      <trkpt lat="39.1292598657310009002685546875" lon="117.1956432424485683441162109375">
        <ele>2</ele>
        <time>2026-09-18T21:30:12.000Z</time>
        <extensions>
          <ns3:TrackPointExtension>
            <ns3:hr>128</ns3:hr>
            <ns3:cad>89</ns3:cad>
          </ns3:TrackPointExtension>
        </extensions>
      </trkpt>
      <trkpt lat="39.12925056181848049163818359375" lon="117.1956185996532440185546875">
        <ele>2</ele>
        <time>2026-09-18T21:30:13.000Z</time>
        <extensions>
          <ns3:TrackPointExtension>
            <ns3:hr>128</ns3:hr>
            <ns3:cad>89</ns3:cad>
          </ns3:TrackPointExtension>
        </extensions>
      </trkpt>
      <trkpt lat="39.12924083881080150604248046875" lon="117.19557828269898891448974609375">
        <ele>2</ele>
        <time>2026-09-18T21:30:14.000Z</time>
        <extensions>
          <ns3:TrackPointExtension>
            <ns3:hr>128</ns3:hr>
            <ns3:cad>89</ns3:cad>
          </ns3:TrackPointExtension>
        </extensions>
      </trkpt>
      <trkpt lat="39.129231870174407958984375" lon="117.19555213116109371185302734375">
        <ele>2</ele>
        <time>2026-09-18T21:30:15.000Z</time>
        <extensions>
          <ns3:TrackPointExtension>
            <ns3:hr>128</ns3:hr>
            <ns3:cad>89</ns3:cad>
          </ns3:TrackPointExtension>
        </extensions>
      </trkpt>
      <trkpt lat="39.12922105751931667327880859375" lon="117.1955114789307117462158203125">
        <ele>2</ele>
        <time>2026-09-18T21:30:16.000Z</time>
        <extensions>
          <ns3:TrackPointExtension>
            <ns3:hr>128</ns3:hr>
            <ns3:cad>89</ns3:cad>
          </ns3:TrackPointExtension>
        </extensions>
      </trkpt>
      <trkpt lat="39.12921451963484287261962890625" lon="117.1954876743257045745849609375">
        <ele>2</ele>
        <time>2026-09-18T21:30:17.000Z</time>
        <extensions>
          <ns3:TrackPointExtension>
            <ns3:hr>129</ns3:hr>
            <ns3:cad>89</ns3:cad>
          </ns3:TrackPointExtension>
        </extensions>
      </trkpt>
      <trkpt lat="39.12921242415904998779296875" lon="117.19544869847595691680908203125">
        <ele>2</ele>
        <time>2026-09-18T21:30:18.000Z</time>
        <extensions>
          <ns3:TrackPointExtension>
            <ns3:hr>130</ns3:hr>
            <ns3:cad>89</ns3:cad>
          </ns3:TrackPointExtension>
        </extensions>
      </trkpt>
      <trkpt lat="39.12920529954135417938232421875" lon="117.19542271457612514495849609375">
        <ele>2</ele>
        <time>2026-09-18T21:30:19.000Z</time>
        <extensions>
          <ns3:TrackPointExtension>
            <ns3:hr>130</ns3:hr>
            <ns3:cad>89</ns3:cad>
          </ns3:TrackPointExtension>
        </extensions>
      </trkpt>
      <trkpt lat="39.12919943220913410186767578125" lon="117.1953837387263774871826171875">
        <ele>2</ele>
        <time>2026-09-18T21:30:20.000Z</time>
        <extensions>
          <ns3:TrackPointExtension>
            <ns3:hr>130</ns3:hr>
            <ns3:cad>90</ns3:cad>
          </ns3:TrackPointExtension>
        </extensions>
      </trkpt>
      <trkpt lat="39.129194319248199462890625" lon="117.195358090102672576904296875">
        <ele>2</ele>
        <time>2026-09-18T21:30:21.000Z</time>
        <extensions>
          <ns3:TrackPointExtension>
            <ns3:hr>130</ns3:hr>
            <ns3:cad>90</ns3:cad>
          </ns3:TrackPointExtension>
        </extensions>
      </trkpt>
      <trkpt lat="39.12919172085821628570556640625" lon="117.195317186415195465087890625">
        <ele>2</ele>
        <time>2026-09-18T21:30:22.000Z</time>
        <extensions>
          <ns3:TrackPointExtension>
            <ns3:hr>130</ns3:hr>
            <ns3:cad>90</ns3:cad>
          </ns3:TrackPointExtension>
        </extensions>
      </trkpt>
      <trkpt lat="39.12917629815638065338134765625" lon="117.1952888555824756622314453125">
        <ele>2</ele>
        <time>2026-09-18T21:30:23.000Z</time>
        <extensions>
          <ns3:TrackPointExtension>
            <ns3:hr>130</ns3:hr>
            <ns3:cad>90</ns3:cad>
          </ns3:TrackPointExtension>
        </extensions>
      </trkpt>
      <trkpt lat="39.1291696764528751373291015625" lon="117.19524837099015712738037109375">
        <ele>2</ele>
        <time>2026-09-18T21:30:24.000Z</time>
        <extensions>
          <ns3:TrackPointExtension>
            <ns3:hr>130</ns3:hr>
            <ns3:cad>90</ns3:cad>
          </ns3:TrackPointExtension>
        </extensions>
      </trkpt>
      <trkpt lat="39.1291634738445281982421875" lon="117.195217944681644439697265625">
        <ele>2</ele>
        <time>2026-09-18T21:30:25.000Z</time>
        <extensions>
          <ns3:TrackPointExtension>
            <ns3:hr>130</ns3:hr>
            <ns3:cad>90</ns3:cad>
          </ns3:TrackPointExtension>
        </extensions>
      </trkpt>
      <trkpt lat="39.1291555948555469512939453125" lon="117.1951755322515964508056640625">
        <ele>2.2000000476837158203125</ele>
        <time>2026-09-18T21:30:26.000Z</time>
        <extensions>
          <ns3:TrackPointExtension>
            <ns3:hr>130</ns3:hr>
            <ns3:cad>90</ns3:cad>
          </ns3:TrackPointExtension>
        </extensions>
      </trkpt>
      <trkpt lat="39.129144363105297088623046875" lon="117.19514963217079639434814453125">
        <ele>2.2000000476837158203125</ele>
        <time>2026-09-18T21:30:27.000Z</time>
        <extensions>
          <ns3:TrackPointExtension>
            <ns3:hr>130</ns3:hr>
            <ns3:cad>90</ns3:cad>
          </ns3:TrackPointExtension>
        </extensions>
      </trkpt>
      <trkpt lat="39.1291391663253307342529296875" lon="117.195110321044921875">
        <ele>2.2000000476837158203125</ele>
        <time>2026-09-18T21:30:28.000Z</time>
        <extensions>
          <ns3:TrackPointExtension>
            <ns3:hr>130</ns3:hr>
            <ns3:cad>90</ns3:cad>
          </ns3:TrackPointExtension>
        </extensions>
      </trkpt>
      <trkpt lat="39.12913053296506404876708984375" lon="117.19508626498281955718994140625">
        <ele>2</ele>
        <time>2026-09-18T21:30:29.000Z</time>
        <extensions>
          <ns3:TrackPointExtension>
            <ns3:hr>131</ns3:hr>
            <ns3:cad>90</ns3:cad>
          </ns3:TrackPointExtension>
        </extensions>
      </trkpt>
      <trkpt lat="39.12912927567958831787109375" lon="117.19505173154175281524658203125">
        <ele>2</ele>
        <time>2026-09-18T21:30:30.000Z</time>
        <extensions>
          <ns3:TrackPointExtension>
            <ns3:hr>130</ns3:hr>
            <ns3:cad>90</ns3:cad>
          </ns3:TrackPointExtension>
        </extensions>
      </trkpt>
      <trkpt lat="39.1291170381009578704833984375" lon="117.1950244903564453125">
        <ele>2</ele>
        <time>2026-09-18T21:30:31.000Z</time>
        <extensions>
          <ns3:TrackPointExtension>
            <ns3:hr>130</ns3:hr>
            <ns3:cad>89</ns3:cad>
          </ns3:TrackPointExtension>
        </extensions>
      </trkpt>
      <trkpt lat="39.12911318242549896240234375" lon="117.1949850954115390777587890625">
        <ele>2</ele>
        <time>2026-09-18T21:30:32.000Z</time>
        <extensions>
          <ns3:TrackPointExtension>
            <ns3:hr>130</ns3:hr>
            <ns3:cad>90</ns3:cad>
          </ns3:TrackPointExtension>
        </extensions>
      </trkpt>
      <trkpt lat="39.12909834645688533782958984375" lon="117.19495735131204128265380859375">
        <ele>2</ele>
        <time>2026-09-18T21:30:33.000Z</time>
        <extensions>
          <ns3:TrackPointExtension>
            <ns3:hr>131</ns3:hr>
            <ns3:cad>90</ns3:cad>
          </ns3:TrackPointExtension>
        </extensions>
      </trkpt>
      <trkpt lat="39.12909650243818759918212890625" lon="117.1949193812906742095947265625">
        <ele>2</ele>
        <time>2026-09-18T21:30:34.000Z</time>
        <extensions>
          <ns3:TrackPointExtension>
            <ns3:hr>131</ns3:hr>
            <ns3:cad>90</ns3:cad>
          </ns3:TrackPointExtension>
        </extensions>
      </trkpt>
      <trkpt lat="39.1290875338017940521240234375" lon="117.1948908828198909759521484375">
        <ele>2</ele>
        <time>2026-09-18T21:30:35.000Z</time>
        <extensions>
          <ns3:TrackPointExtension>
            <ns3:hr>131</ns3:hr>
            <ns3:cad>90</ns3:cad>
          </ns3:TrackPointExtension>
        </extensions>
      </trkpt>
      <trkpt lat="39.12908501923084259033203125" lon="117.1948516555130481719970703125">
        <ele>2.2000000476837158203125</ele>
        <time>2026-09-18T21:30:36.000Z</time>
        <extensions>
          <ns3:TrackPointExtension>
            <ns3:hr>131</ns3:hr>
            <ns3:cad>90</ns3:cad>
          </ns3:TrackPointExtension>
        </extensions>
      </trkpt>
      <trkpt lat="39.12907898426055908203125" lon="117.19482759945094585418701171875">
        <ele>2</ele>
        <time>2026-09-18T21:30:37.000Z</time>
        <extensions>
          <ns3:TrackPointExtension>
            <ns3:hr>131</ns3:hr>
            <ns3:cad>90</ns3:cad>
          </ns3:TrackPointExtension>
        </extensions>
      </trkpt>
      <trkpt lat="39.12907789461314678192138671875" lon="117.19479046761989593505859375">
        <ele>2.2000000476837158203125</ele>
        <time>2026-09-18T21:30:38.000Z</time>
        <extensions>
          <ns3:TrackPointExtension>
            <ns3:hr>130</ns3:hr>
            <ns3:cad>90</ns3:cad>
          </ns3:TrackPointExtension>
        </extensions>
      </trkpt>
      <trkpt lat="39.129071272909641265869140625" lon="117.19476372934877872467041015625">
        <ele>2.2000000476837158203125</ele>
        <time>2026-09-18T21:30:39.000Z</time>
        <extensions>
          <ns3:TrackPointExtension>
            <ns3:hr>131</ns3:hr>
            <ns3:cad>90</ns3:cad>
          </ns3:TrackPointExtension>
        </extensions>
      </trkpt>
      <trkpt lat="39.12907051853835582733154296875" lon="117.19473003409802913665771484375">
        <ele>2.2000000476837158203125</ele>
        <time>2026-09-18T21:30:40.000Z</time>
        <extensions>
          <ns3:TrackPointExtension>
            <ns3:hr>131</ns3:hr>
            <ns3:cad>89</ns3:cad>
          </ns3:TrackPointExtension>
        </extensions>
      </trkpt>
      <trkpt lat="39.12906062789261341094970703125" lon="117.19470304436981678009033203125">
        <ele>2.400000095367431640625</ele>
        <time>2026-09-18T21:30:41.000Z</time>
        <extensions>
          <ns3:TrackPointExtension>
            <ns3:hr>132</ns3:hr>
            <ns3:cad>89</ns3:cad>
          </ns3:TrackPointExtension>
        </extensions>
      </trkpt>
      <trkpt lat="39.129063226282596588134765625" lon="117.19466440379619598388671875">
        <ele>2.400000095367431640625</ele>
        <time>2026-09-18T21:30:42.000Z</time>
        <extensions>
          <ns3:TrackPointExtension>
            <ns3:hr>132</ns3:hr>
            <ns3:cad>89</ns3:cad>
          </ns3:TrackPointExtension>
        </extensions>
      </trkpt>
      <trkpt lat="39.129060544073581695556640625" lon="117.19463297165930271148681640625">
        <ele>2.400000095367431640625</ele>
        <time>2026-09-18T21:30:43.000Z</time>
        <extensions>
          <ns3:TrackPointExtension>
            <ns3:hr>132</ns3:hr>
            <ns3:cad>89</ns3:cad>
          </ns3:TrackPointExtension>
        </extensions>
      </trkpt>
      <trkpt lat="39.1290597058832645416259765625" lon="117.194592989981174468994140625">
        <ele>2.400000095367431640625</ele>
        <time>2026-09-18T21:30:44.000Z</time>
        <extensions>
          <ns3:TrackPointExtension>
            <ns3:hr>132</ns3:hr>
            <ns3:cad>89</ns3:cad>
          </ns3:TrackPointExtension>
        </extensions>
      </trkpt>
      <trkpt lat="39.12905149161815643310546875" lon="117.19456440769135951995849609375">
        <ele>2.400000095367431640625</ele>
        <time>2026-09-18T21:30:45.000Z</time>
        <extensions>
          <ns3:TrackPointExtension>
            <ns3:hr>132</ns3:hr>
            <ns3:cad>89</ns3:cad>
          </ns3:TrackPointExtension>
        </extensions>
      </trkpt>
      <trkpt lat="39.12905216217041015625" lon="117.1945234201848506927490234375">
        <ele>2.400000095367431640625</ele>
        <time>2026-09-18T21:30:46.000Z</time>
        <extensions>
          <ns3:TrackPointExtension>
            <ns3:hr>132</ns3:hr>
            <ns3:cad>90</ns3:cad>
          </ns3:TrackPointExtension>
        </extensions>
      </trkpt>
      <trkpt lat="39.12904604338109493255615234375" lon="117.19449148513376712799072265625">
        <ele>2.2000000476837158203125</ele>
        <time>2026-09-18T21:30:47.000Z</time>
        <extensions>
          <ns3:TrackPointExtension>
            <ns3:hr>132</ns3:hr>
            <ns3:cad>90</ns3:cad>
          </ns3:TrackPointExtension>
        </extensions>
      </trkpt>
      <trkpt lat="39.12904688157141208648681640625" lon="117.19445192255079746246337890625">
        <ele>2.2000000476837158203125</ele>
        <time>2026-09-18T21:30:48.000Z</time>
        <extensions>
          <ns3:TrackPointExtension>
            <ns3:hr>132</ns3:hr>
            <ns3:cad>90</ns3:cad>
          </ns3:TrackPointExtension>
        </extensions>
      </trkpt>
      <trkpt lat="39.12904067896306514739990234375" lon="117.1944204904139041900634765625">
        <ele>2.2000000476837158203125</ele>
        <time>2026-09-18T21:30:49.000Z</time>
        <extensions>
          <ns3:TrackPointExtension>
            <ns3:hr>132</ns3:hr>
            <ns3:cad>90</ns3:cad>
          </ns3:TrackPointExtension>
        </extensions>
      </trkpt>
      <trkpt lat="39.12903405725955963134765625" lon="117.1943819336593151092529296875">
        <ele>2.2000000476837158203125</ele>
        <time>2026-09-18T21:30:50.000Z</time>
        <extensions>
          <ns3:TrackPointExtension>
            <ns3:hr>132</ns3:hr>
            <ns3:cad>89</ns3:cad>
          </ns3:TrackPointExtension>
        </extensions>
      </trkpt>
      <trkpt lat="39.1290281899273395538330078125" lon="117.194350920617580413818359375">
        <ele>2.2000000476837158203125</ele>
        <time>2026-09-18T21:30:51.000Z</time>
        <extensions>
          <ns3:TrackPointExtension>
            <ns3:hr>132</ns3:hr>
            <ns3:cad>88</ns3:cad>
          </ns3:TrackPointExtension>
        </extensions>
      </trkpt>
      <trkpt lat="39.12901972420513629913330078125" lon="117.1943121962249279022216796875">
        <ele>2.2000000476837158203125</ele>
        <time>2026-09-18T21:30:52.000Z</time>
        <extensions>
          <ns3:TrackPointExtension>
            <ns3:hr>132</ns3:hr>
            <ns3:cad>89</ns3:cad>
          </ns3:TrackPointExtension>
        </extensions>
      </trkpt>
      <trkpt lat="39.12901519797742366790771484375" lon="117.19428763724863529205322265625">
        <ele>2.2000000476837158203125</ele>
        <time>2026-09-18T21:30:53.000Z</time>
        <extensions>
          <ns3:TrackPointExtension>
            <ns3:hr>132</ns3:hr>
            <ns3:cad>89</ns3:cad>
          </ns3:TrackPointExtension>
        </extensions>
      </trkpt>
      <trkpt lat="39.1290154494345188140869140625" lon="117.1942508406937122344970703125">
        <ele>2.2000000476837158203125</ele>
        <time>2026-09-18T21:30:54.000Z</time>
        <extensions>
          <ns3:TrackPointExtension>
            <ns3:hr>132</ns3:hr>
            <ns3:cad>89</ns3:cad>
          </ns3:TrackPointExtension>
        </extensions>
      </trkpt>
      <trkpt lat="39.1290074028074741363525390625" lon="117.19422175548970699310302734375">
        <ele>2.2000000476837158203125</ele>
        <time>2026-09-18T21:30:55.000Z</time>
        <extensions>
          <ns3:TrackPointExtension>
            <ns3:hr>132</ns3:hr>
            <ns3:cad>90</ns3:cad>
          </ns3:TrackPointExtension>
        </extensions>
      </trkpt>
      <trkpt lat="39.12900723516941070556640625" lon="117.19418202526867389678955078125">
        <ele>2</ele>
        <time>2026-09-18T21:30:56.000Z</time>
        <extensions>
          <ns3:TrackPointExtension>
            <ns3:hr>132</ns3:hr>
            <ns3:cad>90</ns3:cad>
          </ns3:TrackPointExtension>
        </extensions>
      </trkpt>
      <trkpt lat="39.1290040500462055206298828125" lon="117.194153778254985809326171875">
        <ele>2.2000000476837158203125</ele>
        <time>2026-09-18T21:30:57.000Z</time>
        <extensions>
          <ns3:TrackPointExtension>
            <ns3:hr>132</ns3:hr>
            <ns3:cad>90</ns3:cad>
          </ns3:TrackPointExtension>
        </extensions>
      </trkpt>
      <trkpt lat="39.12900681607425212860107421875" lon="117.19411731697618961334228515625">
        <ele>2.2000000476837158203125</ele>
        <time>2026-09-18T21:30:58.000Z</time>
        <extensions>
          <ns3:TrackPointExtension>
            <ns3:hr>132</ns3:hr>
            <ns3:cad>90</ns3:cad>
          </ns3:TrackPointExtension>
        </extensions>
      </trkpt>
      <trkpt lat="39.12900748662650585174560546875" lon="117.19408948905766010284423828125">
        <ele>2.400000095367431640625</ele>
        <time>2026-09-18T21:30:59.000Z</time>
        <extensions>
          <ns3:TrackPointExtension>
            <ns3:hr>131</ns3:hr>
            <ns3:cad>90</ns3:cad>
          </ns3:TrackPointExtension>
        </extensions>
      </trkpt>
      <trkpt lat="39.1290105879306793212890625" lon="117.1940536983311176300048828125">
        <ele>2.400000095367431640625</ele>
        <time>2026-09-18T21:31:00.000Z</time>
        <extensions>
          <ns3:TrackPointExtension>
            <ns3:hr>132</ns3:hr>
            <ns3:cad>90</ns3:cad>
          </ns3:TrackPointExtension>
        </extensions>
      </trkpt>
      <trkpt lat="39.1290070675313472747802734375" lon="117.19402142800390720367431640625">
        <ele>2.400000095367431640625</ele>
        <time>2026-09-18T21:31:01.000Z</time>
        <extensions>
          <ns3:TrackPointExtension>
            <ns3:hr>132</ns3:hr>
            <ns3:cad>89</ns3:cad>
          </ns3:TrackPointExtension>
        </extensions>
      </trkpt>
      <trkpt lat="39.12900916300714015960693359375" lon="117.19398287124931812286376953125">
        <ele>2.400000095367431640625</ele>
        <time>2026-09-18T21:31:02.000Z</time>
        <extensions>
          <ns3:TrackPointExtension>
            <ns3:hr>131</ns3:hr>
            <ns3:cad>89</ns3:cad>
          </ns3:TrackPointExtension>
        </extensions>
      </trkpt>
      <trkpt lat="39.1290104202926158905029296875" lon="117.19395034946501255035400390625">
        <ele>2.400000095367431640625</ele>
        <time>2026-09-18T21:31:03.000Z</time>
        <extensions>
          <ns3:TrackPointExtension>
            <ns3:hr>132</ns3:hr>
            <ns3:cad>89</ns3:cad>
          </ns3:TrackPointExtension>
        </extensions>
      </trkpt>
      <trkpt lat="39.12901536561548709869384765625" lon="117.19391204416751861572265625">
        <ele>2.400000095367431640625</ele>
        <time>2026-09-18T21:31:04.000Z</time>
        <extensions>
          <ns3:TrackPointExtension>
            <ns3:hr>132</ns3:hr>
            <ns3:cad>89</ns3:cad>
          </ns3:TrackPointExtension>
        </extensions>
      </trkpt>
      <trkpt lat="39.12902056239545345306396484375" lon="117.19388212077319622039794921875">
        <ele>2.2000000476837158203125</ele>
        <time>2026-09-18T21:31:05.000Z</time>
        <extensions>
          <ns3:TrackPointExtension>
            <ns3:hr>131</ns3:hr>
            <ns3:cad>89</ns3:cad>
          </ns3:TrackPointExtension>
        </extensions>
      </trkpt>
      <trkpt lat="39.129026345908641815185546875" lon="117.19384230673313140869140625">
        <ele>2.2000000476837158203125</ele>
        <time>2026-09-18T21:31:06.000Z</time>
        <extensions>
          <ns3:TrackPointExtension>
            <ns3:hr>132</ns3:hr>
            <ns3:cad>88</ns3:cad>
          </ns3:TrackPointExtension>
        </extensions>
      </trkpt>
      <trkpt lat="39.1290255077183246612548828125" lon="117.1938126347959041595458984375">
        <ele>2.2000000476837158203125</ele>
        <time>2026-09-18T21:31:07.000Z</time>
        <extensions>
          <ns3:TrackPointExtension>
            <ns3:hr>132</ns3:hr>
            <ns3:cad>88</ns3:cad>
          </ns3:TrackPointExtension>
        </extensions>
      </trkpt>
      <trkpt lat="39.12902039475739002227783203125" lon="117.193773575127124786376953125">
        <ele>2.2000000476837158203125</ele>
        <time>2026-09-18T21:31:08.000Z</time>
        <extensions>
          <ns3:TrackPointExtension>
            <ns3:hr>132</ns3:hr>
            <ns3:cad>88</ns3:cad>
          </ns3:TrackPointExtension>
        </extensions>
      </trkpt>
      <trkpt lat="39.12901318632066249847412109375" lon="117.19374801032245159149169921875">
        <ele>2.2000000476837158203125</ele>
        <time>2026-09-18T21:31:09.000Z</time>
        <extensions>
          <ns3:TrackPointExtension>
            <ns3:hr>131</ns3:hr>
            <ns3:cad>90</ns3:cad>
          </ns3:TrackPointExtension>
        </extensions>
      </trkpt>
      <trkpt lat="39.129008240997791290283203125" lon="117.19371029175817966461181640625">
        <ele>2.400000095367431640625</ele>
        <time>2026-09-18T21:31:10.000Z</time>
        <extensions>
          <ns3:TrackPointExtension>
            <ns3:hr>132</ns3:hr>
            <ns3:cad>89</ns3:cad>
          </ns3:TrackPointExtension>
        </extensions>
      </trkpt>
      <trkpt lat="39.1290037147700786590576171875" lon="117.193681709468364715576171875">
        <ele>2.400000095367431640625</ele>
        <time>2026-09-18T21:31:11.000Z</time>
        <extensions>
          <ns3:TrackPointExtension>
            <ns3:hr>132</ns3:hr>
            <ns3:cad>88</ns3:cad>
          </ns3:TrackPointExtension>
        </extensions>
      </trkpt>
      <trkpt lat="39.12900614552199840545654296875" lon="117.19365078024566173553466796875">
        <ele>2.400000095367431640625</ele>
        <time>2026-09-18T21:31:12.000Z</time>
        <extensions>
          <ns3:TrackPointExtension>
            <ns3:hr>132</ns3:hr>
            <ns3:cad>88</ns3:cad>
          </ns3:TrackPointExtension>
        </extensions>
      </trkpt>
      <trkpt lat="39.12900279276072978973388671875" lon="117.1936255507171154022216796875">
        <ele>2.599999904632568359375</ele>
        <time>2026-09-18T21:31:13.000Z</time>
        <extensions>
          <ns3:TrackPointExtension>
            <ns3:hr>132</ns3:hr>
            <ns3:cad>88</ns3:cad>
          </ns3:TrackPointExtension>
        </extensions>
      </trkpt>
      <trkpt lat="39.12900329567492008209228515625" lon="117.1935866586863994598388671875">
        <ele>2.7999999523162841796875</ele>
        <time>2026-09-18T21:31:14.000Z</time>
        <extensions>
          <ns3:TrackPointExtension>
            <ns3:hr>132</ns3:hr>
            <ns3:cad>89</ns3:cad>
          </ns3:TrackPointExtension>
        </extensions>
      </trkpt>
      <trkpt lat="39.12899575196206569671630859375" lon="117.19356293790042400360107421875">
        <ele>2.7999999523162841796875</ele>
        <time>2026-09-18T21:31:15.000Z</time>
        <extensions>
          <ns3:TrackPointExtension>
            <ns3:hr>132</ns3:hr>
            <ns3:cad>89</ns3:cad>
          </ns3:TrackPointExtension>
        </extensions>
      </trkpt>
      <trkpt lat="39.12898820824921131134033203125" lon="117.1935232914984226226806640625">
        <ele>2.7999999523162841796875</ele>
        <time>2026-09-18T21:31:16.000Z</time>
        <extensions>
          <ns3:TrackPointExtension>
            <ns3:hr>132</ns3:hr>
            <ns3:cad>89</ns3:cad>
          </ns3:TrackPointExtension>
        </extensions>
      </trkpt>
      <trkpt lat="39.1289835982024669647216796875" lon="117.1934954635798931121826171875">
        <ele>2.7999999523162841796875</ele>
        <time>2026-09-18T21:31:17.000Z</time>
        <extensions>
          <ns3:TrackPointExtension>
            <ns3:hr>132</ns3:hr>
            <ns3:cad>89</ns3:cad>
          </ns3:TrackPointExtension>
        </extensions>
      </trkpt>
      <trkpt lat="39.128984101116657257080078125" lon="117.1934589184820652008056640625">
        <ele>2.400000095367431640625</ele>
        <time>2026-09-18T21:31:18.000Z</time>
        <extensions>
          <ns3:TrackPointExtension>
            <ns3:hr>132</ns3:hr>
            <ns3:cad>89</ns3:cad>
          </ns3:TrackPointExtension>
        </extensions>
      </trkpt>
      <trkpt lat="39.1289832629263401031494140625" lon="117.19342949800193309783935546875">
        <ele>2.400000095367431640625</ele>
        <time>2026-09-18T21:31:19.000Z</time>
        <extensions>
          <ns3:TrackPointExtension>
            <ns3:hr>132</ns3:hr>
            <ns3:cad>89</ns3:cad>
          </ns3:TrackPointExtension>
        </extensions>
      </trkpt>
      <trkpt lat="39.12898309528827667236328125" lon="117.193387337028980255126953125">
        <ele>2.400000095367431640625</ele>
        <time>2026-09-18T21:31:20.000Z</time>
        <extensions>
          <ns3:TrackPointExtension>
            <ns3:hr>132</ns3:hr>
            <ns3:cad>89</ns3:cad>
          </ns3:TrackPointExtension>
        </extensions>
      </trkpt>
      <trkpt lat="39.12898351438343524932861328125" lon="117.19335875473916530609130859375">
        <ele>2.400000095367431640625</ele>
        <time>2026-09-18T21:31:21.000Z</time>
        <extensions>
          <ns3:TrackPointExtension>
            <ns3:hr>132</ns3:hr>
            <ns3:cad>89</ns3:cad>
          </ns3:TrackPointExtension>
        </extensions>
      </trkpt>
      <trkpt lat="39.1289872862398624420166015625" lon="117.19332003034651279449462890625">
        <ele>2.400000095367431640625</ele>
        <time>2026-09-18T21:31:22.000Z</time>
        <extensions>
          <ns3:TrackPointExtension>
            <ns3:hr>132</ns3:hr>
            <ns3:cad>89</ns3:cad>
          </ns3:TrackPointExtension>
        </extensions>
      </trkpt>
      <trkpt lat="39.128992818295955657958984375" lon="117.1932906098663806915283203125">
        <ele>2.400000095367431640625</ele>
        <time>2026-09-18T21:31:23.000Z</time>
        <extensions>
          <ns3:TrackPointExtension>
            <ns3:hr>132</ns3:hr>
            <ns3:cad>89</ns3:cad>
          </ns3:TrackPointExtension>
        </extensions>
      </trkpt>
      <trkpt lat="39.1289973445236682891845703125" lon="117.193255908787250518798828125">
        <ele>2.400000095367431640625</ele>
        <time>2026-09-18T21:31:24.000Z</time>
        <extensions>
          <ns3:TrackPointExtension>
            <ns3:hr>132</ns3:hr>
            <ns3:cad>89</ns3:cad>
          </ns3:TrackPointExtension>
        </extensions>
      </trkpt>
      <trkpt lat="39.12900245748460292816162109375" lon="117.1932252310216426849365234375">
        <ele>2.400000095367431640625</ele>
        <time>2026-09-18T21:31:25.000Z</time>
        <extensions>
          <ns3:TrackPointExtension>
            <ns3:hr>132</ns3:hr>
            <ns3:cad>89</ns3:cad>
          </ns3:TrackPointExtension>
        </extensions>
      </trkpt>
      <trkpt lat="39.12900279276072978973388671875" lon="117.19318994320929050445556640625">
        <ele>2.400000095367431640625</ele>
        <time>2026-09-18T21:31:26.000Z</time>
        <extensions>
          <ns3:TrackPointExtension>
            <ns3:hr>132</ns3:hr>
            <ns3:cad>89</ns3:cad>
          </ns3:TrackPointExtension>
        </extensions>
      </trkpt>
      <trkpt lat="39.12900329567492008209228515625" lon="117.1931591816246509552001953125">
        <ele>2.400000095367431640625</ele>
        <time>2026-09-18T21:31:27.000Z</time>
        <extensions>
          <ns3:TrackPointExtension>
            <ns3:hr>132</ns3:hr>
            <ns3:cad>89</ns3:cad>
          </ns3:TrackPointExtension>
        </extensions>
      </trkpt>
      <trkpt lat="39.1290063969790935516357421875" lon="117.19312204979360103607177734375">
        <ele>2.599999904632568359375</ele>
        <time>2026-09-18T21:31:28.000Z</time>
        <extensions>
          <ns3:TrackPointExtension>
            <ns3:hr>132</ns3:hr>
            <ns3:cad>89</ns3:cad>
          </ns3:TrackPointExtension>
        </extensions>
      </trkpt>
      <trkpt lat="39.12900581024587154388427734375" lon="117.19309128820896148681640625">
        <ele>2.599999904632568359375</ele>
        <time>2026-09-18T21:31:29.000Z</time>
        <extensions>
          <ns3:TrackPointExtension>
            <ns3:hr>132</ns3:hr>
            <ns3:cad>89</ns3:cad>
          </ns3:TrackPointExtension>
        </extensions>
      </trkpt>
      <trkpt lat="39.1290077380836009979248046875" lon="117.19305298291146755218505859375">
        <ele>2.400000095367431640625</ele>
        <time>2026-09-18T21:31:30.000Z</time>
        <extensions>
          <ns3:TrackPointExtension>
            <ns3:hr>132</ns3:hr>
            <ns3:cad>89</ns3:cad>
          </ns3:TrackPointExtension>
        </extensions>
      </trkpt>
      <trkpt lat="39.12900849245488643646240234375" lon="117.1930223889648914337158203125">
        <ele>2.400000095367431640625</ele>
        <time>2026-09-18T21:31:31.000Z</time>
        <extensions>
          <ns3:TrackPointExtension>
            <ns3:hr>132</ns3:hr>
            <ns3:cad>89</ns3:cad>
          </ns3:TrackPointExtension>
        </extensions>
      </trkpt>
      <trkpt lat="39.12900597788393497467041015625" lon="117.19298609532415866851806640625">
        <ele>2.599999904632568359375</ele>
        <time>2026-09-18T21:31:32.000Z</time>
        <extensions>
          <ns3:TrackPointExtension>
            <ns3:hr>131</ns3:hr>
            <ns3:cad>89</ns3:cad>
          </ns3:TrackPointExtension>
        </extensions>
      </trkpt>
      <trkpt lat="39.12900631316006183624267578125" lon="117.19295809976756572723388671875">
        <ele>2.599999904632568359375</ele>
        <time>2026-09-18T21:31:33.000Z</time>
        <extensions>
          <ns3:TrackPointExtension>
            <ns3:hr>132</ns3:hr>
            <ns3:cad>89</ns3:cad>
          </ns3:TrackPointExtension>
        </extensions>
      </trkpt>
      <trkpt lat="39.1290087439119815826416015625" lon="117.1929241530597209930419921875">
        <ele>2.599999904632568359375</ele>
        <time>2026-09-18T21:31:34.000Z</time>
        <extensions>
          <ns3:TrackPointExtension>
            <ns3:hr>131</ns3:hr>
            <ns3:cad>89</ns3:cad>
          </ns3:TrackPointExtension>
        </extensions>
      </trkpt>
      <trkpt lat="39.12901125848293304443359375" lon="117.1928907930850982666015625">
        <ele>2.599999904632568359375</ele>
        <time>2026-09-18T21:31:35.000Z</time>
        <extensions>
          <ns3:TrackPointExtension>
            <ns3:hr>131</ns3:hr>
            <ns3:cad>89</ns3:cad>
          </ns3:TrackPointExtension>
        </extensions>
      </trkpt>
      <trkpt lat="39.129011593759059906005859375" lon="117.192858941853046417236328125">
        <ele>2.599999904632568359375</ele>
        <time>2026-09-18T21:31:36.000Z</time>
        <extensions>
          <ns3:TrackPointExtension>
            <ns3:hr>131</ns3:hr>
            <ns3:cad>89</ns3:cad>
          </ns3:TrackPointExtension>
        </extensions>
      </trkpt>
      <trkpt lat="39.1290201433002948760986328125" lon="117.192828767001628875732421875">
        <ele>2.599999904632568359375</ele>
        <time>2026-09-18T21:31:37.000Z</time>
        <extensions>
          <ns3:TrackPointExtension>
            <ns3:hr>131</ns3:hr>
            <ns3:cad>89</ns3:cad>
          </ns3:TrackPointExtension>
        </extensions>
      </trkpt>
      <trkpt lat="39.12902777083218097686767578125" lon="117.19279582612216472625732421875">
        <ele>2.599999904632568359375</ele>
        <time>2026-09-18T21:31:38.000Z</time>
        <extensions>
          <ns3:TrackPointExtension>
            <ns3:hr>130</ns3:hr>
            <ns3:cad>89</ns3:cad>
          </ns3:TrackPointExtension>
        </extensions>
      </trkpt>
      <trkpt lat="39.12903808057308197021484375" lon="117.1927645616233348846435546875">
        <ele>2.599999904632568359375</ele>
        <time>2026-09-18T21:31:39.000Z</time>
        <extensions>
          <ns3:TrackPointExtension>
            <ns3:hr>130</ns3:hr>
            <ns3:cad>89</ns3:cad>
          </ns3:TrackPointExtension>
        </extensions>
      </trkpt>
      <trkpt lat="39.12904235534369945526123046875" lon="117.19272692687809467315673828125">
        <ele>2.599999904632568359375</ele>
        <time>2026-09-18T21:31:40.000Z</time>
        <extensions>
          <ns3:TrackPointExtension>
            <ns3:hr>130</ns3:hr>
            <ns3:cad>89</ns3:cad>
          </ns3:TrackPointExtension>
        </extensions>
      </trkpt>
      <trkpt lat="39.12904738448560237884521484375" lon="117.192692644894123077392578125">
        <ele>2.599999904632568359375</ele>
        <time>2026-09-18T21:31:41.000Z</time>
        <extensions>
          <ns3:TrackPointExtension>
            <ns3:hr>130</ns3:hr>
            <ns3:cad>89</ns3:cad>
          </ns3:TrackPointExtension>
        </extensions>
      </trkpt>
      <trkpt lat="39.12905090488493442535400390625" lon="117.19265702180564403533935546875">
        <ele>2.7999999523162841796875</ele>
        <time>2026-09-18T21:31:42.000Z</time>
        <extensions>
          <ns3:TrackPointExtension>
            <ns3:hr>129</ns3:hr>
            <ns3:cad>89</ns3:cad>
          </ns3:TrackPointExtension>
        </extensions>
      </trkpt>
      <trkpt lat="39.12905752658843994140625" lon="117.1926274336874485015869140625">
        <ele>2.7999999523162841796875</ele>
        <time>2026-09-18T21:31:43.000Z</time>
        <extensions>
          <ns3:TrackPointExtension>
            <ns3:hr>130</ns3:hr>
            <ns3:cad>89</ns3:cad>
          </ns3:TrackPointExtension>
        </extensions>
      </trkpt>
      <trkpt lat="39.12905828095972537994384765625" lon="117.1925908885896205902099609375">
        <ele>2.7999999523162841796875</ele>
        <time>2026-09-18T21:31:44.000Z</time>
        <extensions>
          <ns3:TrackPointExtension>
            <ns3:hr>130</ns3:hr>
            <ns3:cad>90</ns3:cad>
          </ns3:TrackPointExtension>
        </extensions>
      </trkpt>
      <trkpt lat="39.12906582467257976531982421875" lon="117.19255610369145870208740234375">
        <ele>2.7999999523162841796875</ele>
        <time>2026-09-18T21:31:45.000Z</time>
        <extensions>
          <ns3:TrackPointExtension>
            <ns3:hr>129</ns3:hr>
            <ns3:cad>90</ns3:cad>
          </ns3:TrackPointExtension>
        </extensions>
      </trkpt>
      <trkpt lat="39.1290721110999584197998046875" lon="117.19252224080264568328857421875">
        <ele>2.7999999523162841796875</ele>
        <time>2026-09-18T21:31:46.000Z</time>
        <extensions>
          <ns3:TrackPointExtension>
            <ns3:hr>130</ns3:hr>
            <ns3:cad>90</ns3:cad>
          </ns3:TrackPointExtension>
        </extensions>
      </trkpt>
      <trkpt lat="39.1290794871747493743896484375" lon="117.1924916468560695648193359375">
        <ele>2.7999999523162841796875</ele>
        <time>2026-09-18T21:31:47.000Z</time>
        <extensions>
          <ns3:TrackPointExtension>
            <ns3:hr>130</ns3:hr>
            <ns3:cad>90</ns3:cad>
          </ns3:TrackPointExtension>
        </extensions>
      </trkpt>
      <trkpt lat="39.1290830075740814208984375" lon="117.1924567781388759613037109375">
        <ele>2.7999999523162841796875</ele>
        <time>2026-09-18T21:31:48.000Z</time>
        <extensions>
          <ns3:TrackPointExtension>
            <ns3:hr>129</ns3:hr>
            <ns3:cad>90</ns3:cad>
          </ns3:TrackPointExtension>
        </extensions>
      </trkpt>
      <trkpt lat="39.12908761762082576751708984375" lon="117.1924269385635852813720703125">
        <ele>2.7999999523162841796875</ele>
        <time>2026-09-18T21:31:49.000Z</time>
        <extensions>
          <ns3:TrackPointExtension>
            <ns3:hr>130</ns3:hr>
            <ns3:cad>90</ns3:cad>
          </ns3:TrackPointExtension>
        </extensions>
      </trkpt>
      <trkpt lat="39.12909264676272869110107421875" lon="117.19238930381834506988525390625">
        <ele>2.7999999523162841796875</ele>
        <time>2026-09-18T21:31:50.000Z</time>
        <extensions>
          <ns3:TrackPointExtension>
            <ns3:hr>130</ns3:hr>
            <ns3:cad>90</ns3:cad>
          </ns3:TrackPointExtension>
        </extensions>
      </trkpt>
      <trkpt lat="39.12909750826656818389892578125" lon="117.192359380424022674560546875">
        <ele>2.7999999523162841796875</ele>
        <time>2026-09-18T21:31:51.000Z</time>
        <extensions>
          <ns3:TrackPointExtension>
            <ns3:hr>129</ns3:hr>
            <ns3:cad>90</ns3:cad>
          </ns3:TrackPointExtension>
        </extensions>
      </trkpt>
      <trkpt lat="39.12910354323685169219970703125" lon="117.1923263557255268096923828125">
        <ele>2.7999999523162841796875</ele>
        <time>2026-09-18T21:31:52.000Z</time>
        <extensions>
          <ns3:TrackPointExtension>
            <ns3:hr>130</ns3:hr>
            <ns3:cad>90</ns3:cad>
          </ns3:TrackPointExtension>
        </extensions>
      </trkpt>
      <trkpt lat="39.1291113384068012237548828125" lon="117.19229123555123805999755859375">
        <ele>2.7999999523162841796875</ele>
        <time>2026-09-18T21:31:53.000Z</time>
        <extensions>
          <ns3:TrackPointExtension>
            <ns3:hr>130</ns3:hr>
            <ns3:cad>90</ns3:cad>
          </ns3:TrackPointExtension>
        </extensions>
      </trkpt>
      <trkpt lat="39.12912684492766857147216796875" lon="117.192256115376949310302734375">
        <ele>3</ele>
        <time>2026-09-18T21:31:54.000Z</time>
        <extensions>
          <ns3:TrackPointExtension>
            <ns3:hr>130</ns3:hr>
            <ns3:cad>90</ns3:cad>
          </ns3:TrackPointExtension>
        </extensions>
      </trkpt>
      <trkpt lat="39.12913271225988864898681640625" lon="117.1922274492681026458740234375">
        <ele>3</ele>
        <time>2026-09-18T21:31:55.000Z</time>
        <extensions>
          <ns3:TrackPointExtension>
            <ns3:hr>130</ns3:hr>
            <ns3:cad>89</ns3:cad>
          </ns3:TrackPointExtension>
        </extensions>
      </trkpt>
      <trkpt lat="39.1291381604969501495361328125" lon="117.192191071808338165283203125">
        <ele>3</ele>
        <time>2026-09-18T21:31:56.000Z</time>
        <extensions>
          <ns3:TrackPointExtension>
            <ns3:hr>131</ns3:hr>
            <ns3:cad>89</ns3:cad>
          </ns3:TrackPointExtension>
        </extensions>
      </trkpt>
      <trkpt lat="39.129141010344028472900390625" lon="117.19216098077595233917236328125">
        <ele>3</ele>
        <time>2026-09-18T21:31:57.000Z</time>
        <extensions>
          <ns3:TrackPointExtension>
            <ns3:hr>131</ns3:hr>
            <ns3:cad>89</ns3:cad>
          </ns3:TrackPointExtension>
        </extensions>
      </trkpt>
      <trkpt lat="39.129149727523326873779296875" lon="117.1921263635158538818359375">
        <ele>3</ele>
        <time>2026-09-18T21:31:58.000Z</time>
        <extensions>
          <ns3:TrackPointExtension>
            <ns3:hr>131</ns3:hr>
            <ns3:cad>89</ns3:cad>
          </ns3:TrackPointExtension>
        </extensions>
      </trkpt>
      <trkpt lat="39.12915475666522979736328125" lon="117.1920953504741191864013671875">
        <ele>3</ele>
        <time>2026-09-18T21:31:59.000Z</time>
        <extensions>
          <ns3:TrackPointExtension>
            <ns3:hr>131</ns3:hr>
            <ns3:cad>89</ns3:cad>
          </ns3:TrackPointExtension>
        </extensions>
      </trkpt>
      <trkpt lat="39.12916414439678192138671875" lon="117.192062325775623321533203125">
        <ele>3</ele>
        <time>2026-09-18T21:32:00.000Z</time>
        <extensions>
          <ns3:TrackPointExtension>
            <ns3:hr>131</ns3:hr>
            <ns3:cad>89</ns3:cad>
          </ns3:TrackPointExtension>
        </extensions>
      </trkpt>
      <trkpt lat="39.129175879061222076416015625" lon="117.192028798162937164306640625">
        <ele>3</ele>
        <time>2026-09-18T21:32:01.000Z</time>
        <extensions>
          <ns3:TrackPointExtension>
            <ns3:hr>131</ns3:hr>
            <ns3:cad>90</ns3:cad>
          </ns3:TrackPointExtension>
        </extensions>
      </trkpt>
      <trkpt lat="39.1291844286024570465087890625" lon="117.19199552200734615325927734375">
        <ele>3</ele>
        <time>2026-09-18T21:32:02.000Z</time>
        <extensions>
          <ns3:TrackPointExtension>
            <ns3:hr>131</ns3:hr>
            <ns3:cad>90</ns3:cad>
          </ns3:TrackPointExtension>
        </extensions>
      </trkpt>
      <trkpt lat="39.1291954927146434783935546875" lon="117.1919654309749603271484375">
        <ele>2.7999999523162841796875</ele>
        <time>2026-09-18T21:32:03.000Z</time>
        <extensions>
          <ns3:TrackPointExtension>
            <ns3:hr>131</ns3:hr>
            <ns3:cad>89</ns3:cad>
          </ns3:TrackPointExtension>
        </extensions>
      </trkpt>
      <trkpt lat="39.1291991807520389556884765625" lon="117.19193265773355960845947265625">
        <ele>2.7999999523162841796875</ele>
        <time>2026-09-18T21:32:04.000Z</time>
        <extensions>
          <ns3:TrackPointExtension>
            <ns3:hr>131</ns3:hr>
            <ns3:cad>89</ns3:cad>
          </ns3:TrackPointExtension>
        </extensions>
      </trkpt>
      <trkpt lat="39.12920228205621242523193359375" lon="117.1918995492160320281982421875">
        <ele>2.7999999523162841796875</ele>
        <time>2026-09-18T21:32:05.000Z</time>
        <extensions>
          <ns3:TrackPointExtension>
            <ns3:hr>131</ns3:hr>
            <ns3:cad>89</ns3:cad>
          </ns3:TrackPointExtension>
        </extensions>
      </trkpt>
      <trkpt lat="39.12920597009360790252685546875" lon="117.19186409376561641693115234375">
        <ele>2.7999999523162841796875</ele>
        <time>2026-09-18T21:32:06.000Z</time>
        <extensions>
          <ns3:TrackPointExtension>
            <ns3:hr>131</ns3:hr>
            <ns3:cad>89</ns3:cad>
          </ns3:TrackPointExtension>
        </extensions>
      </trkpt>
      <trkpt lat="39.129215441644191741943359375" lon="117.191828973591327667236328125">
        <ele>2.7999999523162841796875</ele>
        <time>2026-09-18T21:32:07.000Z</time>
        <extensions>
          <ns3:TrackPointExtension>
            <ns3:hr>131</ns3:hr>
            <ns3:cad>89</ns3:cad>
          </ns3:TrackPointExtension>
        </extensions>
      </trkpt>
      <trkpt lat="39.1292253322899341583251953125" lon="117.191787399351596832275390625">
        <ele>2.7999999523162841796875</ele>
        <time>2026-09-18T21:32:08.000Z</time>
        <extensions>
          <ns3:TrackPointExtension>
            <ns3:hr>132</ns3:hr>
            <ns3:cad>89</ns3:cad>
          </ns3:TrackPointExtension>
        </extensions>
      </trkpt>
      <trkpt lat="39.1292404197156429290771484375" lon="117.19175663776695728302001953125">
        <ele>2.7999999523162841796875</ele>
        <time>2026-09-18T21:32:09.000Z</time>
        <extensions>
          <ns3:TrackPointExtension>
            <ns3:hr>131</ns3:hr>
            <ns3:cad>89</ns3:cad>
          </ns3:TrackPointExtension>
        </extensions>
      </trkpt>
      <trkpt lat="39.12925475277006626129150390625" lon="117.1917285583913326263427734375">
        <ele>2.7999999523162841796875</ele>
        <time>2026-09-18T21:32:10.000Z</time>
        <extensions>
          <ns3:TrackPointExtension>
            <ns3:hr>132</ns3:hr>
            <ns3:cad>89</ns3:cad>
          </ns3:TrackPointExtension>
        </extensions>
      </trkpt>
      <trkpt lat="39.1292722709476947784423828125" lon="117.1917020715773105621337890625">
        <ele>2.7999999523162841796875</ele>
        <time>2026-09-18T21:32:11.000Z</time>
        <extensions>
          <ns3:TrackPointExtension>
            <ns3:hr>132</ns3:hr>
            <ns3:cad>89</ns3:cad>
          </ns3:TrackPointExtension>
        </extensions>
      </trkpt>
      <trkpt lat="39.12927436642348766326904296875" lon="117.19166443683207035064697265625">
        <ele>2.7999999523162841796875</ele>
        <time>2026-09-18T21:32:12.000Z</time>
        <extensions>
          <ns3:TrackPointExtension>
            <ns3:hr>132</ns3:hr>
            <ns3:cad>89</ns3:cad>
          </ns3:TrackPointExtension>
        </extensions>
      </trkpt>
      <trkpt lat="39.12928341887891292572021484375" lon="117.1916286461055278778076171875">
        <ele>2.7999999523162841796875</ele>
        <time>2026-09-18T21:32:13.000Z</time>
        <extensions>
          <ns3:TrackPointExtension>
            <ns3:hr>132</ns3:hr>
            <ns3:cad>89</ns3:cad>
          </ns3:TrackPointExtension>
        </extensions>
      </trkpt>
      <trkpt lat="39.12928727455437183380126953125" lon="117.191595621407032012939453125">
        <ele>2.7999999523162841796875</ele>
        <time>2026-09-18T21:32:14.000Z</time>
        <extensions>
          <ns3:TrackPointExtension>
            <ns3:hr>132</ns3:hr>
            <ns3:cad>89</ns3:cad>
          </ns3:TrackPointExtension>
        </extensions>
      </trkpt>
      <trkpt lat="39.12930093705654144287109375" lon="117.191563434898853302001953125">
        <ele>2.7999999523162841796875</ele>
        <time>2026-09-18T21:32:15.000Z</time>
        <extensions>
          <ns3:TrackPointExtension>
            <ns3:hr>132</ns3:hr>
            <ns3:cad>89</ns3:cad>
          </ns3:TrackPointExtension>
        </extensions>
      </trkpt>
      <trkpt lat="39.12931426428258419036865234375" lon="117.1915280632674694061279296875">
        <ele>2.7999999523162841796875</ele>
        <time>2026-09-18T21:32:16.000Z</time>
        <extensions>
          <ns3:TrackPointExtension>
            <ns3:hr>132</ns3:hr>
            <ns3:cad>89</ns3:cad>
          </ns3:TrackPointExtension>
        </extensions>
      </trkpt>
      <trkpt lat="39.12932516075670719146728515625" lon="117.19149394892156124114990234375">
        <ele>2.7999999523162841796875</ele>
        <time>2026-09-18T21:32:17.000Z</time>
        <extensions>
          <ns3:TrackPointExtension>
            <ns3:hr>132</ns3:hr>
            <ns3:cad>89</ns3:cad>
          </ns3:TrackPointExtension>
        </extensions>
      </trkpt>
      <trkpt lat="39.12933253683149814605712890625" lon="117.19146243296563625335693359375">
        <ele>2.7999999523162841796875</ele>
        <time>2026-09-18T21:32:18.000Z</time>
        <extensions>
          <ns3:TrackPointExtension>
            <ns3:hr>132</ns3:hr>
            <ns3:cad>89</ns3:cad>
          </ns3:TrackPointExtension>
        </extensions>
      </trkpt>
      <trkpt lat="39.12934762425720691680908203125" lon="117.1914291568100452423095703125">
        <ele>3</ele>
        <time>2026-09-18T21:32:19.000Z</time>
        <extensions>
          <ns3:TrackPointExtension>
            <ns3:hr>132</ns3:hr>
            <ns3:cad>89</ns3:cad>
          </ns3:TrackPointExtension>
        </extensions>
      </trkpt>
      <trkpt lat="39.12935248576104640960693359375" lon="117.1913976408541202545166015625">
        <ele>3</ele>
        <time>2026-09-18T21:32:20.000Z</time>
        <extensions>
          <ns3:TrackPointExtension>
            <ns3:hr>132</ns3:hr>
            <ns3:cad>89</ns3:cad>
          </ns3:TrackPointExtension>
        </extensions>
      </trkpt>
      <trkpt lat="39.1293658129870891571044921875" lon="117.19136771745979785919189453125">
        <ele>3</ele>
        <time>2026-09-18T21:32:21.000Z</time>
        <extensions>
          <ns3:TrackPointExtension>
            <ns3:hr>132</ns3:hr>
            <ns3:cad>89</ns3:cad>
          </ns3:TrackPointExtension>
        </extensions>
      </trkpt>
      <trkpt lat="39.1293741948902606964111328125" lon="117.19133921898901462554931640625">
        <ele>3</ele>
        <time>2026-09-18T21:32:22.000Z</time>
        <extensions>
          <ns3:TrackPointExtension>
            <ns3:hr>132</ns3:hr>
            <ns3:cad>89</ns3:cad>
          </ns3:TrackPointExtension>
        </extensions>
      </trkpt>
      <trkpt lat="39.12938819266855716705322265625" lon="117.19130770303308963775634765625">
        <ele>3</ele>
        <time>2026-09-18T21:32:23.000Z</time>
        <extensions>
          <ns3:TrackPointExtension>
            <ns3:hr>132</ns3:hr>
            <ns3:cad>89</ns3:cad>
          </ns3:TrackPointExtension>
        </extensions>
      </trkpt>
      <trkpt lat="39.1293922998011112213134765625" lon="117.19127677381038665771484375">
        <ele>3</ele>
        <time>2026-09-18T21:32:24.000Z</time>
        <extensions>
          <ns3:TrackPointExtension>
            <ns3:hr>132</ns3:hr>
            <ns3:cad>89</ns3:cad>
          </ns3:TrackPointExtension>
        </extensions>
      </trkpt>
      <trkpt lat="39.12940462119877338409423828125" lon="117.1912417374551296234130859375">
        <ele>3</ele>
        <time>2026-09-18T21:32:25.000Z</time>
        <extensions>
          <ns3:TrackPointExtension>
            <ns3:hr>132</ns3:hr>
            <ns3:cad>89</ns3:cad>
          </ns3:TrackPointExtension>
        </extensions>
      </trkpt>
      <trkpt lat="39.12941400893032550811767578125" lon="117.19121097587049007415771484375">
        <ele>3</ele>
        <time>2026-09-18T21:32:26.000Z</time>
        <extensions>
          <ns3:TrackPointExtension>
            <ns3:hr>133</ns3:hr>
            <ns3:cad>89</ns3:cad>
          </ns3:TrackPointExtension>
        </extensions>
      </trkpt>
      <trkpt lat="39.12942842580378055572509765625" lon="117.1911783702671527862548828125">
        <ele>3</ele>
        <time>2026-09-18T21:32:27.000Z</time>
        <extensions>
          <ns3:TrackPointExtension>
            <ns3:hr>133</ns3:hr>
            <ns3:cad>89</ns3:cad>
          </ns3:TrackPointExtension>
        </extensions>
      </trkpt>
      <trkpt lat="39.1294405795633792877197265625" lon="117.19114978797733783721923828125">
        <ele>3</ele>
        <time>2026-09-18T21:32:28.000Z</time>
        <extensions>
          <ns3:TrackPointExtension>
            <ns3:hr>133</ns3:hr>
            <ns3:cad>89</ns3:cad>
          </ns3:TrackPointExtension>
        </extensions>
      </trkpt>
      <trkpt lat="39.1294580139219760894775390625" lon="117.19112254679203033447265625">
        <ele>3</ele>
        <time>2026-09-18T21:32:29.000Z</time>
        <extensions>
          <ns3:TrackPointExtension>
            <ns3:hr>133</ns3:hr>
            <ns3:cad>89</ns3:cad>
          </ns3:TrackPointExtension>
        </extensions>
      </trkpt>
      <trkpt lat="39.1294720955193042755126953125" lon="117.191092036664485931396484375">
        <ele>3</ele>
        <time>2026-09-18T21:32:30.000Z</time>
        <extensions>
          <ns3:TrackPointExtension>
            <ns3:hr>133</ns3:hr>
            <ns3:cad>90</ns3:cad>
          </ns3:TrackPointExtension>
        </extensions>
      </trkpt>
      <trkpt lat="39.129493050277233123779296875" lon="117.191065885126590728759765625">
        <ele>3</ele>
        <time>2026-09-18T21:32:31.000Z</time>
        <extensions>
          <ns3:TrackPointExtension>
            <ns3:hr>133</ns3:hr>
            <ns3:cad>89</ns3:cad>
          </ns3:TrackPointExtension>
        </extensions>
      </trkpt>
      <trkpt lat="39.12950637750327587127685546875" lon="117.19103478826582431793212890625">
        <ele>2.7999999523162841796875</ele>
        <time>2026-09-18T21:32:32.000Z</time>
        <extensions>
          <ns3:TrackPointExtension>
            <ns3:hr>133</ns3:hr>
            <ns3:cad>89</ns3:cad>
          </ns3:TrackPointExtension>
        </extensions>
      </trkpt>
      <trkpt lat="39.12952490150928497314453125" lon="117.19100813381373882293701171875">
        <ele>3</ele>
        <time>2026-09-18T21:32:33.000Z</time>
        <extensions>
          <ns3:TrackPointExtension>
            <ns3:hr>133</ns3:hr>
            <ns3:cad>89</ns3:cad>
          </ns3:TrackPointExtension>
        </extensions>
      </trkpt>
      <trkpt lat="39.1295443475246429443359375" lon="117.19099069945514202117919921875">
        <ele>3</ele>
        <time>2026-09-18T21:32:34.000Z</time>
        <extensions>
          <ns3:TrackPointExtension>
            <ns3:hr>133</ns3:hr>
            <ns3:cad>89</ns3:cad>
          </ns3:TrackPointExtension>
        </extensions>
      </trkpt>
      <trkpt lat="39.12956471554934978485107421875" lon="117.1909651346504688262939453125">
        <ele>3</ele>
        <time>2026-09-18T21:32:35.000Z</time>
        <extensions>
          <ns3:TrackPointExtension>
            <ns3:hr>133</ns3:hr>
            <ns3:cad>89</ns3:cad>
          </ns3:TrackPointExtension>
        </extensions>
      </trkpt>
      <trkpt lat="39.1295793838798999786376953125" lon="117.190941162407398223876953125">
        <ele>3</ele>
        <time>2026-09-18T21:32:36.000Z</time>
        <extensions>
          <ns3:TrackPointExtension>
            <ns3:hr>133</ns3:hr>
            <ns3:cad>89</ns3:cad>
          </ns3:TrackPointExtension>
        </extensions>
      </trkpt>
      <trkpt lat="39.12960411049425601959228515625" lon="117.190917693078517913818359375">
        <ele>3</ele>
        <time>2026-09-18T21:32:37.000Z</time>
        <extensions>
          <ns3:TrackPointExtension>
            <ns3:hr>133</ns3:hr>
            <ns3:cad>89</ns3:cad>
          </ns3:TrackPointExtension>
        </extensions>
      </trkpt>
      <trkpt lat="39.129623137414455413818359375" lon="117.190896905958652496337890625">
        <ele>3</ele>
        <time>2026-09-18T21:32:38.000Z</time>
        <extensions>
          <ns3:TrackPointExtension>
            <ns3:hr>133</ns3:hr>
            <ns3:cad>89</ns3:cad>
          </ns3:TrackPointExtension>
        </extensions>
      </trkpt>
      <trkpt lat="39.12964501418173313140869140625" lon="117.19087787903845310211181640625">
        <ele>3</ele>
        <time>2026-09-18T21:32:39.000Z</time>
        <extensions>
          <ns3:TrackPointExtension>
            <ns3:hr>133</ns3:hr>
            <ns3:cad>89</ns3:cad>
          </ns3:TrackPointExtension>
        </extensions>
      </trkpt>
      <trkpt lat="39.1296642087399959564208984375" lon="117.190864719450473785400390625">
        <ele>3</ele>
        <time>2026-09-18T21:32:40.000Z</time>
        <extensions>
          <ns3:TrackPointExtension>
            <ns3:hr>133</ns3:hr>
            <ns3:cad>89</ns3:cad>
          </ns3:TrackPointExtension>
        </extensions>
      </trkpt>
      <trkpt lat="39.12968893535435199737548828125" lon="117.19085256569087505340576171875">
        <ele>3.2000000476837158203125</ele>
        <time>2026-09-18T21:32:41.000Z</time>
        <extensions>
          <ns3:TrackPointExtension>
            <ns3:hr>133</ns3:hr>
            <ns3:cad>89</ns3:cad>
          </ns3:TrackPointExtension>
        </extensions>
      </trkpt>
      <trkpt lat="39.129704944789409637451171875" lon="117.19082859344780445098876953125">
        <ele>3.2000000476837158203125</ele>
        <time>2026-09-18T21:32:42.000Z</time>
        <extensions>
          <ns3:TrackPointExtension>
            <ns3:hr>133</ns3:hr>
            <ns3:cad>89</ns3:cad>
          </ns3:TrackPointExtension>
        </extensions>
      </trkpt>
      <trkpt lat="39.12973000667989253997802734375" lon="117.1908015199005603790283203125">
        <ele>3.2000000476837158203125</ele>
        <time>2026-09-18T21:32:43.000Z</time>
        <extensions>
          <ns3:TrackPointExtension>
            <ns3:hr>133</ns3:hr>
            <ns3:cad>89</ns3:cad>
          </ns3:TrackPointExtension>
        </extensions>
      </trkpt>
      <trkpt lat="39.12974081933498382568359375" lon="117.1907757036387920379638671875">
        <ele>3.2000000476837158203125</ele>
        <time>2026-09-18T21:32:44.000Z</time>
        <extensions>
          <ns3:TrackPointExtension>
            <ns3:hr>133</ns3:hr>
            <ns3:cad>89</ns3:cad>
          </ns3:TrackPointExtension>
        </extensions>
      </trkpt>
      <trkpt lat="39.12976361811161041259765625" lon="117.1907465346157550811767578125">
        <ele>3.2000000476837158203125</ele>
        <time>2026-09-18T21:32:45.000Z</time>
        <extensions>
          <ns3:TrackPointExtension>
            <ns3:hr>133</ns3:hr>
            <ns3:cad>90</ns3:cad>
          </ns3:TrackPointExtension>
        </extensions>
      </trkpt>
      <trkpt lat="39.12977476604282855987548828125" lon="117.19072130508720874786376953125">
        <ele>3.2000000476837158203125</ele>
        <time>2026-09-18T21:32:46.000Z</time>
        <extensions>
          <ns3:TrackPointExtension>
            <ns3:hr>133</ns3:hr>
            <ns3:cad>90</ns3:cad>
          </ns3:TrackPointExtension>
        </extensions>
      </trkpt>
      <trkpt lat="39.12979588843882083892822265625" lon="117.1906905435025691986083984375">
        <ele>3.2000000476837158203125</ele>
        <time>2026-09-18T21:32:47.000Z</time>
        <extensions>
          <ns3:TrackPointExtension>
            <ns3:hr>133</ns3:hr>
            <ns3:cad>89</ns3:cad>
          </ns3:TrackPointExtension>
        </extensions>
      </trkpt>
      <trkpt lat="39.12980678491294384002685546875" lon="117.1906653977930545806884765625">
        <ele>3.2000000476837158203125</ele>
        <time>2026-09-18T21:32:48.000Z</time>
        <extensions>
          <ns3:TrackPointExtension>
            <ns3:hr>133</ns3:hr>
            <ns3:cad>89</ns3:cad>
          </ns3:TrackPointExtension>
        </extensions>
      </trkpt>
      <trkpt lat="39.12982438690960407257080078125" lon="117.1906395815312862396240234375">
        <ele>3.2000000476837158203125</ele>
        <time>2026-09-18T21:32:49.000Z</time>
        <extensions>
          <ns3:TrackPointExtension>
            <ns3:hr>133</ns3:hr>
            <ns3:cad>89</ns3:cad>
          </ns3:TrackPointExtension>
        </extensions>
      </trkpt>
      <trkpt lat="39.12983813323080539703369140625" lon="117.1906149387359619140625">
        <ele>3.2000000476837158203125</ele>
        <time>2026-09-18T21:32:50.000Z</time>
        <extensions>
          <ns3:TrackPointExtension>
            <ns3:hr>133</ns3:hr>
            <ns3:cad>89</ns3:cad>
          </ns3:TrackPointExtension>
        </extensions>
      </trkpt>
      <trkpt lat="39.129854477941989898681640625" lon="117.190589793026447296142578125">
        <ele>3.2000000476837158203125</ele>
        <time>2026-09-18T21:32:51.000Z</time>
        <extensions>
          <ns3:TrackPointExtension>
            <ns3:hr>134</ns3:hr>
            <ns3:cad>89</ns3:cad>
          </ns3:TrackPointExtension>
        </extensions>
      </trkpt>
      <trkpt lat="39.12986177019774913787841796875" lon="117.19056540168821811676025390625">
        <ele>3</ele>
        <time>2026-09-18T21:32:52.000Z</time>
        <extensions>
          <ns3:TrackPointExtension>
            <ns3:hr>133</ns3:hr>
            <ns3:cad>89</ns3:cad>
          </ns3:TrackPointExtension>
        </extensions>
      </trkpt>
      <trkpt lat="39.1298750974237918853759765625" lon="117.1905384957790374755859375">
        <ele>3</ele>
        <time>2026-09-18T21:32:53.000Z</time>
        <extensions>
          <ns3:TrackPointExtension>
            <ns3:hr>132</ns3:hr>
            <ns3:cad>90</ns3:cad>
          </ns3:TrackPointExtension>
        </extensions>
      </trkpt>
      <trkpt lat="39.12988641299307346343994140625" lon="117.190516032278537750244140625">
        <ele>3</ele>
        <time>2026-09-18T21:32:54.000Z</time>
        <extensions>
          <ns3:TrackPointExtension>
            <ns3:hr>132</ns3:hr>
            <ns3:cad>90</ns3:cad>
          </ns3:TrackPointExtension>
        </extensions>
      </trkpt>
      <trkpt lat="39.12990250624716281890869140625" lon="117.190485857427120208740234375">
        <ele>3</ele>
        <time>2026-09-18T21:32:55.000Z</time>
        <extensions>
          <ns3:TrackPointExtension>
            <ns3:hr>131</ns3:hr>
            <ns3:cad>90</ns3:cad>
          </ns3:TrackPointExtension>
        </extensions>
      </trkpt>
      <trkpt lat="39.12991524673998355865478515625" lon="117.19046565704047679901123046875">
        <ele>3</ele>
        <time>2026-09-18T21:32:56.000Z</time>
        <extensions>
          <ns3:TrackPointExtension>
            <ns3:hr>131</ns3:hr>
            <ns3:cad>90</ns3:cad>
          </ns3:TrackPointExtension>
        </extensions>
      </trkpt>
      <trkpt lat="39.1299284063279628753662109375" lon="117.19044151715934276580810546875">
        <ele>3</ele>
        <time>2026-09-18T21:32:57.000Z</time>
        <extensions>
          <ns3:TrackPointExtension>
            <ns3:hr>131</ns3:hr>
            <ns3:cad>89</ns3:cad>
          </ns3:TrackPointExtension>
        </extensions>
      </trkpt>
      <trkpt lat="39.12994257174432277679443359375" lon="117.19041980803012847900390625">
        <ele>3</ele>
        <time>2026-09-18T21:32:58.000Z</time>
        <extensions>
          <ns3:TrackPointExtension>
            <ns3:hr>131</ns3:hr>
            <ns3:cad>89</ns3:cad>
          </ns3:TrackPointExtension>
        </extensions>
      </trkpt>
      <trkpt lat="39.1299636103212833404541015625" lon="117.1903894655406475067138671875">
        <ele>3.2000000476837158203125</ele>
        <time>2026-09-18T21:32:59.000Z</time>
        <extensions>
          <ns3:TrackPointExtension>
            <ns3:hr>131</ns3:hr>
            <ns3:cad>89</ns3:cad>
          </ns3:TrackPointExtension>
        </extensions>
      </trkpt>
      <trkpt lat="39.129972495138645172119140625" lon="117.190375886857509613037109375">
        <ele>3.2000000476837158203125</ele>
        <time>2026-09-18T21:33:00.000Z</time>
        <extensions>
          <ns3:TrackPointExtension>
            <ns3:hr>131</ns3:hr>
            <ns3:cad>89</ns3:cad>
          </ns3:TrackPointExtension>
        </extensions>
      </trkpt>
      <trkpt lat="39.13000007160007953643798828125" lon="117.190351076424121856689453125">
        <ele>3.2000000476837158203125</ele>
        <time>2026-09-18T21:33:01.000Z</time>
        <extensions>
          <ns3:TrackPointExtension>
            <ns3:hr>132</ns3:hr>
            <ns3:cad>90</ns3:cad>
          </ns3:TrackPointExtension>
        </extensions>
      </trkpt>
      <trkpt lat="39.1300175897777080535888671875" lon="117.19033003784716129302978515625">
        <ele>3.2000000476837158203125</ele>
        <time>2026-09-18T21:33:02.000Z</time>
        <extensions>
          <ns3:TrackPointExtension>
            <ns3:hr>131</ns3:hr>
            <ns3:cad>90</ns3:cad>
          </ns3:TrackPointExtension>
        </extensions>
      </trkpt>
      <trkpt lat="39.13003527559340000152587890625" lon="117.1903043054044246673583984375">
        <ele>3.2000000476837158203125</ele>
        <time>2026-09-18T21:33:03.000Z</time>
        <extensions>
          <ns3:TrackPointExtension>
            <ns3:hr>131</ns3:hr>
            <ns3:cad>90</ns3:cad>
          </ns3:TrackPointExtension>
        </extensions>
      </trkpt>
      <trkpt lat="39.13004835136234760284423828125" lon="117.19028167426586151123046875">
        <ele>3.2000000476837158203125</ele>
        <time>2026-09-18T21:33:04.000Z</time>
        <extensions>
          <ns3:TrackPointExtension>
            <ns3:hr>132</ns3:hr>
            <ns3:cad>90</ns3:cad>
          </ns3:TrackPointExtension>
        </extensions>
      </trkpt>
      <trkpt lat="39.13007232360541820526123046875" lon="117.19025351107120513916015625">
        <ele>3.2000000476837158203125</ele>
        <time>2026-09-18T21:33:05.000Z</time>
        <extensions>
          <ns3:TrackPointExtension>
            <ns3:hr>131</ns3:hr>
            <ns3:cad>89</ns3:cad>
          </ns3:TrackPointExtension>
        </extensions>
      </trkpt>
      <trkpt lat="39.13008640520274639129638671875" lon="117.19022979028522968292236328125">
        <ele>3.2000000476837158203125</ele>
        <time>2026-09-18T21:33:06.000Z</time>
        <extensions>
          <ns3:TrackPointExtension>
            <ns3:hr>131</ns3:hr>
            <ns3:cad>89</ns3:cad>
          </ns3:TrackPointExtension>
        </extensions>
      </trkpt>
      <trkpt lat="39.13011222146451473236083984375" lon="117.190200202167034149169921875">
        <ele>3.2000000476837158203125</ele>
        <time>2026-09-18T21:33:07.000Z</time>
        <extensions>
          <ns3:TrackPointExtension>
            <ns3:hr>131</ns3:hr>
            <ns3:cad>89</ns3:cad>
          </ns3:TrackPointExtension>
        </extensions>
      </trkpt>
      <trkpt lat="39.13012915290892124176025390625" lon="117.19017505645751953125">
        <ele>3.2000000476837158203125</ele>
        <time>2026-09-18T21:33:08.000Z</time>
        <extensions>
          <ns3:TrackPointExtension>
            <ns3:hr>132</ns3:hr>
            <ns3:cad>90</ns3:cad>
          </ns3:TrackPointExtension>
        </extensions>
      </trkpt>
      <trkpt lat="39.13015647791326045989990234375" lon="117.19014798291027545928955078125">
        <ele>3.2000000476837158203125</ele>
        <time>2026-09-18T21:33:09.000Z</time>
        <extensions>
          <ns3:TrackPointExtension>
            <ns3:hr>131</ns3:hr>
            <ns3:cad>90</ns3:cad>
          </ns3:TrackPointExtension>
        </extensions>
      </trkpt>
      <trkpt lat="39.13017190061509609222412109375" lon="117.19012401066720485687255859375">
        <ele>3</ele>
        <time>2026-09-18T21:33:10.000Z</time>
        <extensions>
          <ns3:TrackPointExtension>
            <ns3:hr>131</ns3:hr>
            <ns3:cad>90</ns3:cad>
          </ns3:TrackPointExtension>
        </extensions>
      </trkpt>
      <trkpt lat="39.13019788451492786407470703125" lon="117.1900981105864048004150390625">
        <ele>3</ele>
        <time>2026-09-18T21:33:11.000Z</time>
        <extensions>
          <ns3:TrackPointExtension>
            <ns3:hr>131</ns3:hr>
            <ns3:cad>90</ns3:cad>
          </ns3:TrackPointExtension>
        </extensions>
      </trkpt>
      <trkpt lat="39.1302122175693511962890625" lon="117.1900729648768901824951171875">
        <ele>3</ele>
        <time>2026-09-18T21:33:12.000Z</time>
        <extensions>
          <ns3:TrackPointExtension>
            <ns3:hr>130</ns3:hr>
            <ns3:cad>90</ns3:cad>
          </ns3:TrackPointExtension>
        </extensions>
      </trkpt>
      <trkpt lat="39.1302405484020709991455078125" lon="117.19004622660577297210693359375">
        <ele>3</ele>
        <time>2026-09-18T21:33:13.000Z</time>
        <extensions>
          <ns3:TrackPointExtension>
            <ns3:hr>130</ns3:hr>
            <ns3:cad>89</ns3:cad>
          </ns3:TrackPointExtension>
        </extensions>
      </trkpt>
      <trkpt lat="39.13025446236133575439453125" lon="117.1900216676294803619384765625">
        <ele>3</ele>
        <time>2026-09-18T21:33:14.000Z</time>
        <extensions>
          <ns3:TrackPointExtension>
            <ns3:hr>130</ns3:hr>
            <ns3:cad>89</ns3:cad>
          </ns3:TrackPointExtension>
        </extensions>
      </trkpt>
      <trkpt lat="39.13027918897569179534912109375" lon="117.18999174423515796661376953125">
        <ele>3</ele>
        <time>2026-09-18T21:33:15.000Z</time>
        <extensions>
          <ns3:TrackPointExtension>
            <ns3:hr>130</ns3:hr>
            <ns3:cad>89</ns3:cad>
          </ns3:TrackPointExtension>
        </extensions>
      </trkpt>
      <trkpt lat="39.13028857670724391937255859375" lon="117.1899660117924213409423828125">
        <ele>3</ele>
        <time>2026-09-18T21:33:16.000Z</time>
        <extensions>
          <ns3:TrackPointExtension>
            <ns3:hr>130</ns3:hr>
            <ns3:cad>90</ns3:cad>
          </ns3:TrackPointExtension>
        </extensions>
      </trkpt>
      <trkpt lat="39.1303114593029022216796875" lon="117.189935334026813507080078125">
        <ele>3</ele>
        <time>2026-09-18T21:33:17.000Z</time>
        <extensions>
          <ns3:TrackPointExtension>
            <ns3:hr>130</ns3:hr>
            <ns3:cad>90</ns3:cad>
          </ns3:TrackPointExtension>
        </extensions>
      </trkpt>
      <trkpt lat="39.13032285869121551513671875" lon="117.18990943394601345062255859375">
        <ele>3</ele>
        <time>2026-09-18T21:33:18.000Z</time>
        <extensions>
          <ns3:TrackPointExtension>
            <ns3:hr>130</ns3:hr>
            <ns3:cad>90</ns3:cad>
          </ns3:TrackPointExtension>
        </extensions>
      </trkpt>
      <trkpt lat="39.130348004400730133056640625" lon="117.1898853778839111328125">
        <ele>3</ele>
        <time>2026-09-18T21:33:19.000Z</time>
        <extensions>
          <ns3:TrackPointExtension>
            <ns3:hr>130</ns3:hr>
            <ns3:cad>90</ns3:cad>
          </ns3:TrackPointExtension>
        </extensions>
      </trkpt>
      <trkpt lat="39.13036267273128032684326171875" lon="117.18986618332564830780029296875">
        <ele>3</ele>
        <time>2026-09-18T21:33:20.000Z</time>
        <extensions>
          <ns3:TrackPointExtension>
            <ns3:hr>130</ns3:hr>
            <ns3:cad>90</ns3:cad>
          </ns3:TrackPointExtension>
        </extensions>
      </trkpt>
      <trkpt lat="39.13038857281208038330078125" lon="117.1898456476628780364990234375">
        <ele>3</ele>
        <time>2026-09-18T21:33:21.000Z</time>
        <extensions>
          <ns3:TrackPointExtension>
            <ns3:hr>130</ns3:hr>
            <ns3:cad>90</ns3:cad>
          </ns3:TrackPointExtension>
        </extensions>
      </trkpt>
      <trkpt lat="39.1303984634578227996826171875" lon="117.1898228488862514495849609375">
        <ele>3.2000000476837158203125</ele>
        <time>2026-09-18T21:33:22.000Z</time>
        <extensions>
          <ns3:TrackPointExtension>
            <ns3:hr>130</ns3:hr>
            <ns3:cad>90</ns3:cad>
          </ns3:TrackPointExtension>
        </extensions>
      </trkpt>
      <trkpt lat="39.130423106253147125244140625" lon="117.1898013912141323089599609375">
        <ele>3.2000000476837158203125</ele>
        <time>2026-09-18T21:33:23.000Z</time>
        <extensions>
          <ns3:TrackPointExtension>
            <ns3:hr>130</ns3:hr>
            <ns3:cad>90</ns3:cad>
          </ns3:TrackPointExtension>
        </extensions>
      </trkpt>
      <trkpt lat="39.130441211163997650146484375" lon="117.1897806040942668914794921875">
        <ele>3.2000000476837158203125</ele>
        <time>2026-09-18T21:33:24.000Z</time>
        <extensions>
          <ns3:TrackPointExtension>
            <ns3:hr>130</ns3:hr>
            <ns3:cad>89</ns3:cad>
          </ns3:TrackPointExtension>
        </extensions>
      </trkpt>
      <trkpt lat="39.1304670274257659912109375" lon="117.1897551231086254119873046875">
        <ele>3.2000000476837158203125</ele>
        <time>2026-09-18T21:33:25.000Z</time>
        <extensions>
          <ns3:TrackPointExtension>
            <ns3:hr>130</ns3:hr>
            <ns3:cad>89</ns3:cad>
          </ns3:TrackPointExtension>
        </extensions>
      </trkpt>
      <trkpt lat="39.13048672489821910858154296875" lon="117.18972913920879364013671875">
        <ele>3.2000000476837158203125</ele>
        <time>2026-09-18T21:33:26.000Z</time>
        <extensions>
          <ns3:TrackPointExtension>
            <ns3:hr>130</ns3:hr>
            <ns3:cad>89</ns3:cad>
          </ns3:TrackPointExtension>
        </extensions>
      </trkpt>
      <trkpt lat="39.13051103241741657257080078125" lon="117.18969963490962982177734375">
        <ele>3.2000000476837158203125</ele>
        <time>2026-09-18T21:33:27.000Z</time>
        <extensions>
          <ns3:TrackPointExtension>
            <ns3:hr>130</ns3:hr>
            <ns3:cad>89</ns3:cad>
          </ns3:TrackPointExtension>
        </extensions>
      </trkpt>
      <trkpt lat="39.130519665777683258056640625" lon="117.18966987915337085723876953125">
        <ele>3.400000095367431640625</ele>
        <time>2026-09-18T21:33:28.000Z</time>
        <extensions>
          <ns3:TrackPointExtension>
            <ns3:hr>130</ns3:hr>
            <ns3:cad>89</ns3:cad>
          </ns3:TrackPointExtension>
        </extensions>
      </trkpt>
      <trkpt lat="39.130539782345294952392578125" lon="117.18964121304452419281005859375">
        <ele>3.2000000476837158203125</ele>
        <time>2026-09-18T21:33:29.000Z</time>
        <extensions>
          <ns3:TrackPointExtension>
            <ns3:hr>130</ns3:hr>
            <ns3:cad>90</ns3:cad>
          </ns3:TrackPointExtension>
        </extensions>
      </trkpt>
      <trkpt lat="39.13055243901908397674560546875" lon="117.1896146424114704132080078125">
        <ele>3.400000095367431640625</ele>
        <time>2026-09-18T21:33:30.000Z</time>
        <extensions>
          <ns3:TrackPointExtension>
            <ns3:hr>130</ns3:hr>
            <ns3:cad>90</ns3:cad>
          </ns3:TrackPointExtension>
        </extensions>
      </trkpt>
      <trkpt lat="39.13057607598602771759033203125" lon="117.18958698213100433349609375">
        <ele>3.400000095367431640625</ele>
        <time>2026-09-18T21:33:31.000Z</time>
        <extensions>
          <ns3:TrackPointExtension>
            <ns3:hr>130</ns3:hr>
            <ns3:cad>90</ns3:cad>
          </ns3:TrackPointExtension>
        </extensions>
      </trkpt>
      <trkpt lat="39.13058730773627758026123046875" lon="117.18956326134502887725830078125">
        <ele>3.400000095367431640625</ele>
        <time>2026-09-18T21:33:32.000Z</time>
        <extensions>
          <ns3:TrackPointExtension>
            <ns3:hr>130</ns3:hr>
            <ns3:cad>89</ns3:cad>
          </ns3:TrackPointExtension>
        </extensions>
      </trkpt>
      <trkpt lat="39.13061060942709445953369140625" lon="117.189539708197116851806640625">
        <ele>3.400000095367431640625</ele>
        <time>2026-09-18T21:33:33.000Z</time>
        <extensions>
          <ns3:TrackPointExtension>
            <ns3:hr>130</ns3:hr>
            <ns3:cad>89</ns3:cad>
          </ns3:TrackPointExtension>
        </extensions>
      </trkpt>
      <trkpt lat="39.13062318228185176849365234375" lon="117.1895164065062999725341796875">
        <ele>3.400000095367431640625</ele>
        <time>2026-09-18T21:33:34.000Z</time>
        <extensions>
          <ns3:TrackPointExtension>
            <ns3:hr>131</ns3:hr>
            <ns3:cad>89</ns3:cad>
          </ns3:TrackPointExtension>
        </extensions>
      </trkpt>
      <trkpt lat="39.130650423467159271240234375" lon="117.18948966823518276214599609375">
        <ele>3.2000000476837158203125</ele>
        <time>2026-09-18T21:33:35.000Z</time>
        <extensions>
          <ns3:TrackPointExtension>
            <ns3:hr>130</ns3:hr>
            <ns3:cad>89</ns3:cad>
          </ns3:TrackPointExtension>
        </extensions>
      </trkpt>
      <trkpt lat="39.13066886365413665771484375" lon="117.1894687972962856292724609375">
        <ele>3.400000095367431640625</ele>
        <time>2026-09-18T21:33:36.000Z</time>
        <extensions>
          <ns3:TrackPointExtension>
            <ns3:hr>130</ns3:hr>
            <ns3:cad>89</ns3:cad>
          </ns3:TrackPointExtension>
        </extensions>
      </trkpt>
      <trkpt lat="39.13069426082074642181396484375" lon="117.18944507651031017303466796875">
        <ele>3.400000095367431640625</ele>
        <time>2026-09-18T21:33:37.000Z</time>
        <extensions>
          <ns3:TrackPointExtension>
            <ns3:hr>131</ns3:hr>
            <ns3:cad>89</ns3:cad>
          </ns3:TrackPointExtension>
        </extensions>
      </trkpt>
      <trkpt lat="39.13070884533226490020751953125" lon="117.18942261300981044769287109375">
        <ele>3.400000095367431640625</ele>
        <time>2026-09-18T21:33:38.000Z</time>
        <extensions>
          <ns3:TrackPointExtension>
            <ns3:hr>131</ns3:hr>
            <ns3:cad>89</ns3:cad>
          </ns3:TrackPointExtension>
        </extensions>
      </trkpt>
      <trkpt lat="39.13073365576565265655517578125" lon="117.1893990598618984222412109375">
        <ele>3.400000095367431640625</ele>
        <time>2026-09-18T21:33:39.000Z</time>
        <extensions>
          <ns3:TrackPointExtension>
            <ns3:hr>131</ns3:hr>
            <ns3:cad>89</ns3:cad>
          </ns3:TrackPointExtension>
        </extensions>
      </trkpt>
      <trkpt lat="39.1307458095252513885498046875" lon="117.18937684781849384307861328125">
        <ele>3.400000095367431640625</ele>
        <time>2026-09-18T21:33:40.000Z</time>
        <extensions>
          <ns3:TrackPointExtension>
            <ns3:hr>131</ns3:hr>
            <ns3:cad>89</ns3:cad>
          </ns3:TrackPointExtension>
        </extensions>
      </trkpt>
      <trkpt lat="39.13077078759670257568359375" lon="117.1893489360809326171875">
        <ele>3.400000095367431640625</ele>
        <time>2026-09-18T21:33:41.000Z</time>
        <extensions>
          <ns3:TrackPointExtension>
            <ns3:hr>131</ns3:hr>
            <ns3:cad>89</ns3:cad>
          </ns3:TrackPointExtension>
        </extensions>
      </trkpt>
      <trkpt lat="39.13078361190855503082275390625" lon="117.1893273107707500457763671875">
        <ele>3.400000095367431640625</ele>
        <time>2026-09-18T21:33:42.000Z</time>
        <extensions>
          <ns3:TrackPointExtension>
            <ns3:hr>131</ns3:hr>
            <ns3:cad>89</ns3:cad>
          </ns3:TrackPointExtension>
        </extensions>
      </trkpt>
      <trkpt lat="39.13080624304711818695068359375" lon="117.18930660746991634368896484375">
        <ele>3.400000095367431640625</ele>
        <time>2026-09-18T21:33:43.000Z</time>
        <extensions>
          <ns3:TrackPointExtension>
            <ns3:hr>132</ns3:hr>
            <ns3:cad>89</ns3:cad>
          </ns3:TrackPointExtension>
        </extensions>
      </trkpt>
      <trkpt lat="39.130823425948619842529296875" lon="117.18929017893970012664794921875">
        <ele>3.2000000476837158203125</ele>
        <time>2026-09-18T21:33:44.000Z</time>
        <extensions>
          <ns3:TrackPointExtension>
            <ns3:hr>132</ns3:hr>
            <ns3:cad>89</ns3:cad>
          </ns3:TrackPointExtension>
        </extensions>
      </trkpt>
      <trkpt lat="39.1308477334678173065185546875" lon="117.1892671287059783935546875">
        <ele>3.400000095367431640625</ele>
        <time>2026-09-18T21:33:45.000Z</time>
        <extensions>
          <ns3:TrackPointExtension>
            <ns3:hr>133</ns3:hr>
            <ns3:cad>89</ns3:cad>
          </ns3:TrackPointExtension>
        </extensions>
      </trkpt>
      <trkpt lat="39.13086198270320892333984375" lon="117.18924709595739841461181640625">
        <ele>3.2000000476837158203125</ele>
        <time>2026-09-18T21:33:46.000Z</time>
        <extensions>
          <ns3:TrackPointExtension>
            <ns3:hr>134</ns3:hr>
            <ns3:cad>89</ns3:cad>
          </ns3:TrackPointExtension>
        </extensions>
      </trkpt>
      <trkpt lat="39.1308872960507869720458984375" lon="117.18922513537108898162841796875">
        <ele>3.400000095367431640625</ele>
        <time>2026-09-18T21:33:47.000Z</time>
        <extensions>
          <ns3:TrackPointExtension>
            <ns3:hr>135</ns3:hr>
            <ns3:cad>89</ns3:cad>
          </ns3:TrackPointExtension>
        </extensions>
      </trkpt>
      <trkpt lat="39.130901880562305450439453125" lon="117.189209125936031341552734375">
        <ele>3.400000095367431640625</ele>
        <time>2026-09-18T21:33:48.000Z</time>
        <extensions>
          <ns3:TrackPointExtension>
            <ns3:hr>135</ns3:hr>
            <ns3:cad>89</ns3:cad>
          </ns3:TrackPointExtension>
        </extensions>
      </trkpt>
      <trkpt lat="39.130923338234424591064453125" lon="117.18918322585523128509521484375">
        <ele>3.400000095367431640625</ele>
        <time>2026-09-18T21:33:49.000Z</time>
        <extensions>
          <ns3:TrackPointExtension>
            <ns3:hr>135</ns3:hr>
            <ns3:cad>89</ns3:cad>
          </ns3:TrackPointExtension>
        </extensions>
      </trkpt>
      <trkpt lat="39.130938760936260223388671875" lon="117.18916294164955615997314453125">
        <ele>3.400000095367431640625</ele>
        <time>2026-09-18T21:33:50.000Z</time>
        <extensions>
          <ns3:TrackPointExtension>
            <ns3:hr>135</ns3:hr>
            <ns3:cad>89</ns3:cad>
          </ns3:TrackPointExtension>
        </extensions>
      </trkpt>
      <trkpt lat="39.1309644095599651336669921875" lon="117.1891383826732635498046875">
        <ele>3.400000095367431640625</ele>
        <time>2026-09-18T21:33:51.000Z</time>
        <extensions>
          <ns3:TrackPointExtension>
            <ns3:hr>135</ns3:hr>
            <ns3:cad>89</ns3:cad>
          </ns3:TrackPointExtension>
        </extensions>
      </trkpt>
      <trkpt lat="39.13098628632724285125732421875" lon="117.1891254745423793792724609375">
        <ele>3.400000095367431640625</ele>
        <time>2026-09-18T21:33:52.000Z</time>
        <extensions>
          <ns3:TrackPointExtension>
            <ns3:hr>135</ns3:hr>
            <ns3:cad>89</ns3:cad>
          </ns3:TrackPointExtension>
        </extensions>
      </trkpt>
      <trkpt lat="39.13101126439869403839111328125" lon="117.189104855060577392578125">
        <ele>3.400000095367431640625</ele>
        <time>2026-09-18T21:33:53.000Z</time>
        <extensions>
          <ns3:TrackPointExtension>
            <ns3:hr>134</ns3:hr>
            <ns3:cad>89</ns3:cad>
          </ns3:TrackPointExtension>
        </extensions>
      </trkpt>
      <trkpt lat="39.1310307942330837249755859375" lon="117.1890845708549022674560546875">
        <ele>3.400000095367431640625</ele>
        <time>2026-09-18T21:33:54.000Z</time>
        <extensions>
          <ns3:TrackPointExtension>
            <ns3:hr>134</ns3:hr>
            <ns3:cad>89</ns3:cad>
          </ns3:TrackPointExtension>
        </extensions>
      </trkpt>
      <trkpt lat="39.13105132989585399627685546875" lon="117.18906252644956111907958984375">
        <ele>3.400000095367431640625</ele>
        <time>2026-09-18T21:33:55.000Z</time>
        <extensions>
          <ns3:TrackPointExtension>
            <ns3:hr>134</ns3:hr>
            <ns3:cad>89</ns3:cad>
          </ns3:TrackPointExtension>
        </extensions>
      </trkpt>
      <trkpt lat="39.1310713626444339752197265625" lon="117.18904249370098114013671875">
        <ele>3.400000095367431640625</ele>
        <time>2026-09-18T21:33:56.000Z</time>
        <extensions>
          <ns3:TrackPointExtension>
            <ns3:hr>134</ns3:hr>
            <ns3:cad>89</ns3:cad>
          </ns3:TrackPointExtension>
        </extensions>
      </trkpt>
      <trkpt lat="39.13109743036329746246337890625" lon="117.18902195803821086883544921875">
        <ele>3.400000095367431640625</ele>
        <time>2026-09-18T21:33:57.000Z</time>
        <extensions>
          <ns3:TrackPointExtension>
            <ns3:hr>134</ns3:hr>
            <ns3:cad>89</ns3:cad>
          </ns3:TrackPointExtension>
        </extensions>
      </trkpt>
      <trkpt lat="39.13112039677798748016357421875" lon="117.18900360167026519775390625">
        <ele>3.400000095367431640625</ele>
        <time>2026-09-18T21:33:58.000Z</time>
        <extensions>
          <ns3:TrackPointExtension>
            <ns3:hr>135</ns3:hr>
            <ns3:cad>89</ns3:cad>
          </ns3:TrackPointExtension>
        </extensions>
      </trkpt>
      <trkpt lat="39.131144620478153228759765625" lon="117.18898256309330463409423828125">
        <ele>3.400000095367431640625</ele>
        <time>2026-09-18T21:33:59.000Z</time>
        <extensions>
          <ns3:TrackPointExtension>
            <ns3:hr>134</ns3:hr>
            <ns3:cad>89</ns3:cad>
          </ns3:TrackPointExtension>
        </extensions>
      </trkpt>
      <trkpt lat="39.1311618871986865997314453125" lon="117.18896194361150264739990234375">
        <ele>3.400000095367431640625</ele>
        <time>2026-09-18T21:34:00.000Z</time>
        <extensions>
          <ns3:TrackPointExtension>
            <ns3:hr>134</ns3:hr>
            <ns3:cad>89</ns3:cad>
          </ns3:TrackPointExtension>
        </extensions>
      </trkpt>
      <trkpt lat="39.13118460215628147125244140625" lon="117.18894065357744693756103515625">
        <ele>3.400000095367431640625</ele>
        <time>2026-09-18T21:34:01.000Z</time>
        <extensions>
          <ns3:TrackPointExtension>
            <ns3:hr>134</ns3:hr>
            <ns3:cad>89</ns3:cad>
          </ns3:TrackPointExtension>
        </extensions>
      </trkpt>
      <trkpt lat="39.13120438344776630401611328125" lon="117.1889216266572475433349609375">
        <ele>3.400000095367431640625</ele>
        <time>2026-09-18T21:34:02.000Z</time>
        <extensions>
          <ns3:TrackPointExtension>
            <ns3:hr>134</ns3:hr>
            <ns3:cad>89</ns3:cad>
          </ns3:TrackPointExtension>
        </extensions>
      </trkpt>
      <trkpt lat="39.13122198544442653656005859375" lon="117.18889631330966949462890625">
        <ele>3.400000095367431640625</ele>
        <time>2026-09-18T21:34:03.000Z</time>
        <extensions>
          <ns3:TrackPointExtension>
            <ns3:hr>134</ns3:hr>
            <ns3:cad>89</ns3:cad>
          </ns3:TrackPointExtension>
        </extensions>
      </trkpt>
      <trkpt lat="39.131243862211704254150390625" lon="117.18887493945658206939697265625">
        <ele>3.400000095367431640625</ele>
        <time>2026-09-18T21:34:04.000Z</time>
        <extensions>
          <ns3:TrackPointExtension>
            <ns3:hr>134</ns3:hr>
            <ns3:cad>89</ns3:cad>
          </ns3:TrackPointExtension>
        </extensions>
      </trkpt>
      <trkpt lat="39.13126724772155284881591796875" lon="117.18884878791868686676025390625">
        <ele>3.400000095367431640625</ele>
        <time>2026-09-18T21:34:05.000Z</time>
        <extensions>
          <ns3:TrackPointExtension>
            <ns3:hr>134</ns3:hr>
            <ns3:cad>89</ns3:cad>
          </ns3:TrackPointExtension>
        </extensions>
      </trkpt>
      <trkpt lat="39.13128912448883056640625" lon="117.18883034773170948028564453125">
        <ele>3.400000095367431640625</ele>
        <time>2026-09-18T21:34:06.000Z</time>
        <extensions>
          <ns3:TrackPointExtension>
            <ns3:hr>134</ns3:hr>
            <ns3:cad>89</ns3:cad>
          </ns3:TrackPointExtension>
        </extensions>
      </trkpt>
      <trkpt lat="39.1313043795526027679443359375" lon="117.18880704604089260101318359375">
        <ele>3.400000095367431640625</ele>
        <time>2026-09-18T21:34:07.000Z</time>
        <extensions>
          <ns3:TrackPointExtension>
            <ns3:hr>133</ns3:hr>
            <ns3:cad>89</ns3:cad>
          </ns3:TrackPointExtension>
        </extensions>
      </trkpt>
      <trkpt lat="39.1313238255679607391357421875" lon="117.1887870132923126220703125">
        <ele>3.400000095367431640625</ele>
        <time>2026-09-18T21:34:08.000Z</time>
        <extensions>
          <ns3:TrackPointExtension>
            <ns3:hr>134</ns3:hr>
            <ns3:cad>89</ns3:cad>
          </ns3:TrackPointExtension>
        </extensions>
      </trkpt>
      <trkpt lat="39.13134084083139896392822265625" lon="117.1887653879821300506591796875">
        <ele>3.400000095367431640625</ele>
        <time>2026-09-18T21:34:09.000Z</time>
        <extensions>
          <ns3:TrackPointExtension>
            <ns3:hr>134</ns3:hr>
            <ns3:cad>89</ns3:cad>
          </ns3:TrackPointExtension>
        </extensions>
      </trkpt>
      <trkpt lat="39.13136112503707408905029296875" lon="117.18874753452837467193603515625">
        <ele>3.400000095367431640625</ele>
        <time>2026-09-18T21:34:10.000Z</time>
        <extensions>
          <ns3:TrackPointExtension>
            <ns3:hr>134</ns3:hr>
            <ns3:cad>88</ns3:cad>
          </ns3:TrackPointExtension>
        </extensions>
      </trkpt>
      <trkpt lat="39.13138509728014469146728515625" lon="117.18872993253171443939208984375">
        <ele>3.400000095367431640625</ele>
        <time>2026-09-18T21:34:11.000Z</time>
        <extensions>
          <ns3:TrackPointExtension>
            <ns3:hr>133</ns3:hr>
            <ns3:cad>88</ns3:cad>
          </ns3:TrackPointExtension>
        </extensions>
      </trkpt>
      <trkpt lat="39.131410829722881317138671875" lon="117.18871233053505420684814453125">
        <ele>3.400000095367431640625</ele>
        <time>2026-09-18T21:34:12.000Z</time>
        <extensions>
          <ns3:TrackPointExtension>
            <ns3:hr>133</ns3:hr>
            <ns3:cad>88</ns3:cad>
          </ns3:TrackPointExtension>
        </extensions>
      </trkpt>
      <trkpt lat="39.13143320940434932708740234375" lon="117.188692800700664520263671875">
        <ele>3.400000095367431640625</ele>
        <time>2026-09-18T21:34:13.000Z</time>
        <extensions>
          <ns3:TrackPointExtension>
            <ns3:hr>133</ns3:hr>
            <ns3:cad>88</ns3:cad>
          </ns3:TrackPointExtension>
        </extensions>
      </trkpt>
      <trkpt lat="39.13145852275192737579345703125" lon="117.1886758692562580108642578125">
        <ele>3.599999904632568359375</ele>
        <time>2026-09-18T21:34:14.000Z</time>
        <extensions>
          <ns3:TrackPointExtension>
            <ns3:hr>132</ns3:hr>
            <ns3:cad>88</ns3:cad>
          </ns3:TrackPointExtension>
        </extensions>
      </trkpt>
      <trkpt lat="39.13147930987179279327392578125" lon="117.18865734525024890899658203125">
        <ele>3.400000095367431640625</ele>
        <time>2026-09-18T21:34:15.000Z</time>
        <extensions>
          <ns3:TrackPointExtension>
            <ns3:hr>132</ns3:hr>
            <ns3:cad>89</ns3:cad>
          </ns3:TrackPointExtension>
        </extensions>
      </trkpt>
      <trkpt lat="39.13150546140968799591064453125" lon="117.18863991089165210723876953125">
        <ele>3.400000095367431640625</ele>
        <time>2026-09-18T21:34:16.000Z</time>
        <extensions>
          <ns3:TrackPointExtension>
            <ns3:hr>132</ns3:hr>
            <ns3:cad>89</ns3:cad>
          </ns3:TrackPointExtension>
        </extensions>
      </trkpt>
      <trkpt lat="39.1315264999866485595703125" lon="117.18861795030534267425537109375">
        <ele>3.400000095367431640625</ele>
        <time>2026-09-18T21:34:17.000Z</time>
        <extensions>
          <ns3:TrackPointExtension>
            <ns3:hr>132</ns3:hr>
            <ns3:cad>89</ns3:cad>
          </ns3:TrackPointExtension>
        </extensions>
      </trkpt>
      <trkpt lat="39.1315531544387340545654296875" lon="117.18860085122287273406982421875">
        <ele>3.400000095367431640625</ele>
        <time>2026-09-18T21:34:18.000Z</time>
        <extensions>
          <ns3:TrackPointExtension>
            <ns3:hr>133</ns3:hr>
            <ns3:cad>88</ns3:cad>
          </ns3:TrackPointExtension>
        </extensions>
      </trkpt>
      <trkpt lat="39.13157301954925060272216796875" lon="117.18858693726360797882080078125">
        <ele>3.599999904632568359375</ele>
        <time>2026-09-18T21:34:19.000Z</time>
        <extensions>
          <ns3:TrackPointExtension>
            <ns3:hr>132</ns3:hr>
            <ns3:cad>89</ns3:cad>
          </ns3:TrackPointExtension>
        </extensions>
      </trkpt>
      <trkpt lat="39.13159866817295551300048828125" lon="117.18857117928564548492431640625">
        <ele>3.599999904632568359375</ele>
        <time>2026-09-18T21:34:20.000Z</time>
        <extensions>
          <ns3:TrackPointExtension>
            <ns3:hr>132</ns3:hr>
            <ns3:cad>89</ns3:cad>
          </ns3:TrackPointExtension>
        </extensions>
      </trkpt>
      <trkpt lat="39.1316158510744571685791015625" lon="117.18855357728898525238037109375">
        <ele>3.599999904632568359375</ele>
        <time>2026-09-18T21:34:21.000Z</time>
        <extensions>
          <ns3:TrackPointExtension>
            <ns3:hr>132</ns3:hr>
            <ns3:cad>89</ns3:cad>
          </ns3:TrackPointExtension>
        </extensions>
      </trkpt>
      <trkpt lat="39.1316406615078449249267578125" lon="117.1885323710739612579345703125">
        <ele>3.599999904632568359375</ele>
        <time>2026-09-18T21:34:22.000Z</time>
        <extensions>
          <ns3:TrackPointExtension>
            <ns3:hr>133</ns3:hr>
            <ns3:cad>89</ns3:cad>
          </ns3:TrackPointExtension>
        </extensions>
      </trkpt>
      <trkpt lat="39.13165851496160030364990234375" lon="117.1885092370212078094482421875">
        <ele>3.599999904632568359375</ele>
        <time>2026-09-18T21:34:23.000Z</time>
        <extensions>
          <ns3:TrackPointExtension>
            <ns3:hr>132</ns3:hr>
            <ns3:cad>89</ns3:cad>
          </ns3:TrackPointExtension>
        </extensions>
      </trkpt>
      <trkpt lat="39.13168097846210002899169921875" lon="117.18849129974842071533203125">
        <ele>3.400000095367431640625</ele>
        <time>2026-09-18T21:34:24.000Z</time>
        <extensions>
          <ns3:TrackPointExtension>
            <ns3:hr>132</ns3:hr>
            <ns3:cad>89</ns3:cad>
          </ns3:TrackPointExtension>
        </extensions>
      </trkpt>
      <trkpt lat="39.1317023523151874542236328125" lon="117.18846875242888927459716796875">
        <ele>3.400000095367431640625</ele>
        <time>2026-09-18T21:34:25.000Z</time>
        <extensions>
          <ns3:TrackPointExtension>
            <ns3:hr>133</ns3:hr>
            <ns3:cad>90</ns3:cad>
          </ns3:TrackPointExtension>
        </extensions>
      </trkpt>
      <trkpt lat="39.13172640837728977203369140625" lon="117.188450060784816741943359375">
        <ele>3.400000095367431640625</ele>
        <time>2026-09-18T21:34:26.000Z</time>
        <extensions>
          <ns3:TrackPointExtension>
            <ns3:hr>132</ns3:hr>
            <ns3:cad>90</ns3:cad>
          </ns3:TrackPointExtension>
        </extensions>
      </trkpt>
      <trkpt lat="39.13174618966877460479736328125" lon="117.18842550180852413177490234375">
        <ele>3.599999904632568359375</ele>
        <time>2026-09-18T21:34:27.000Z</time>
        <extensions>
          <ns3:TrackPointExtension>
            <ns3:hr>132</ns3:hr>
            <ns3:cad>90</ns3:cad>
          </ns3:TrackPointExtension>
        </extensions>
      </trkpt>
      <trkpt lat="39.13177334703505039215087890625" lon="117.18840572051703929901123046875">
        <ele>3.599999904632568359375</ele>
        <time>2026-09-18T21:34:28.000Z</time>
        <extensions>
          <ns3:TrackPointExtension>
            <ns3:hr>133</ns3:hr>
            <ns3:cad>89</ns3:cad>
          </ns3:TrackPointExtension>
        </extensions>
      </trkpt>
      <trkpt lat="39.13179748691618442535400390625" lon="117.18838493339717388153076171875">
        <ele>3.599999904632568359375</ele>
        <time>2026-09-18T21:34:29.000Z</time>
        <extensions>
          <ns3:TrackPointExtension>
            <ns3:hr>132</ns3:hr>
            <ns3:cad>89</ns3:cad>
          </ns3:TrackPointExtension>
        </extensions>
      </trkpt>
      <trkpt lat="39.13182648830115795135498046875" lon="117.1883757971227169036865234375">
        <ele>3.599999904632568359375</ele>
        <time>2026-09-18T21:34:30.000Z</time>
        <extensions>
          <ns3:TrackPointExtension>
            <ns3:hr>132</ns3:hr>
            <ns3:cad>88</ns3:cad>
          </ns3:TrackPointExtension>
        </extensions>
      </trkpt>
      <trkpt lat="39.131853394210338592529296875" lon="117.18837168999016284942626953125">
        <ele>3.599999904632568359375</ele>
        <time>2026-09-18T21:34:31.000Z</time>
        <extensions>
          <ns3:TrackPointExtension>
            <ns3:hr>131</ns3:hr>
            <ns3:cad>88</ns3:cad>
          </ns3:TrackPointExtension>
        </extensions>
      </trkpt>
      <trkpt lat="39.13188030011951923370361328125" lon="117.188368253409862518310546875">
        <ele>3.599999904632568359375</ele>
        <time>2026-09-18T21:34:32.000Z</time>
        <extensions>
          <ns3:TrackPointExtension>
            <ns3:hr>131</ns3:hr>
            <ns3:cad>88</ns3:cad>
          </ns3:TrackPointExtension>
        </extensions>
      </trkpt>
      <trkpt lat="39.131898991763591766357421875" lon="117.18835341744124889373779296875">
        <ele>3.599999904632568359375</ele>
        <time>2026-09-18T21:34:33.000Z</time>
        <extensions>
          <ns3:TrackPointExtension>
            <ns3:hr>131</ns3:hr>
            <ns3:cad>89</ns3:cad>
          </ns3:TrackPointExtension>
        </extensions>
      </trkpt>
      <trkpt lat="39.13192254491150379180908203125" lon="117.18834377825260162353515625">
        <ele>3.7999999523162841796875</ele>
        <time>2026-09-18T21:34:34.000Z</time>
        <extensions>
          <ns3:TrackPointExtension>
            <ns3:hr>130</ns3:hr>
            <ns3:cad>89</ns3:cad>
          </ns3:TrackPointExtension>
        </extensions>
      </trkpt>
      <trkpt lat="39.1319437511265277862548828125" lon="117.1883281879127025604248046875">
        <ele>3.599999904632568359375</ele>
        <time>2026-09-18T21:34:35.000Z</time>
        <extensions>
          <ns3:TrackPointExtension>
            <ns3:hr>130</ns3:hr>
            <ns3:cad>89</ns3:cad>
          </ns3:TrackPointExtension>
        </extensions>
      </trkpt>
      <trkpt lat="39.13196629844605922698974609375" lon="117.188303209841251373291015625">
        <ele>3.7999999523162841796875</ele>
        <time>2026-09-18T21:34:36.000Z</time>
        <extensions>
          <ns3:TrackPointExtension>
            <ns3:hr>130</ns3:hr>
            <ns3:cad>89</ns3:cad>
          </ns3:TrackPointExtension>
        </extensions>
      </trkpt>
      <trkpt lat="39.1319296695291996002197265625" lon="117.18827680684626102447509765625">
        <ele>3.7999999523162841796875</ele>
        <time>2026-09-18T21:34:37.000Z</time>
        <extensions>
          <ns3:TrackPointExtension>
            <ns3:hr>131</ns3:hr>
            <ns3:cad>88</ns3:cad>
          </ns3:TrackPointExtension>
        </extensions>
      </trkpt>
      <trkpt lat="39.13194115273654460906982421875" lon="117.1882524155080318450927734375">
        <ele>3.599999904632568359375</ele>
        <time>2026-09-18T21:34:38.000Z</time>
        <extensions>
          <ns3:TrackPointExtension>
            <ns3:hr>131</ns3:hr>
            <ns3:cad>88</ns3:cad>
          </ns3:TrackPointExtension>
        </extensions>
      </trkpt>
      <trkpt lat="39.13194400258362293243408203125" lon="117.18823908828198909759521484375">
        <ele>3.7999999523162841796875</ele>
        <time>2026-09-18T21:34:39.000Z</time>
        <extensions>
          <ns3:TrackPointExtension>
            <ns3:hr>131</ns3:hr>
            <ns3:cad>88</ns3:cad>
          </ns3:TrackPointExtension>
        </extensions>
      </trkpt>
      <trkpt lat="39.13194349966943264007568359375" lon="117.18821327202022075653076171875">
        <ele>3.7999999523162841796875</ele>
        <time>2026-09-18T21:34:40.000Z</time>
        <extensions>
          <ns3:TrackPointExtension>
            <ns3:hr>131</ns3:hr>
            <ns3:cad>90</ns3:cad>
          </ns3:TrackPointExtension>
        </extensions>
      </trkpt>
      <trkpt lat="39.13194702006876468658447265625" lon="117.1881736256182193756103515625">
        <ele>3.7999999523162841796875</ele>
        <time>2026-09-18T21:34:42.000Z</time>
        <extensions>
          <ns3:TrackPointExtension>
            <ns3:hr>130</ns3:hr>
            <ns3:cad>88</ns3:cad>
          </ns3:TrackPointExtension>
        </extensions>
      </trkpt>
      <trkpt lat="39.13194852881133556365966796875" lon="117.18815610744059085845947265625">
        <ele>4</ele>
        <time>2026-09-18T21:34:43.000Z</time>
        <extensions>
          <ns3:TrackPointExtension>
            <ns3:hr>131</ns3:hr>
            <ns3:cad>88</ns3:cad>
          </ns3:TrackPointExtension>
        </extensions>
      </trkpt>
      <trkpt lat="39.13194752298295497894287109375" lon="117.18814261257648468017578125">
        <ele>4</ele>
        <time>2026-09-18T21:34:44.000Z</time>
        <extensions>
          <ns3:TrackPointExtension>
            <ns3:hr>131</ns3:hr>
            <ns3:cad>88</ns3:cad>
          </ns3:TrackPointExtension>
        </extensions>
      </trkpt>
      <trkpt lat="39.13194215856492519378662109375" lon="117.18812274746596813201904296875">
        <ele>4.400000095367431640625</ele>
        <time>2026-09-18T21:34:46.000Z</time>
        <extensions>
          <ns3:TrackPointExtension>
            <ns3:hr>131</ns3:hr>
            <ns3:cad>88</ns3:cad>
          </ns3:TrackPointExtension>
        </extensions>
      </trkpt>
      <trkpt lat="39.13241422735154628753662109375" lon="117.1879365853965282440185546875">
        <ele>3.7999999523162841796875</ele>
        <time>2026-09-18T21:35:02.000Z</time>
        <extensions>
          <ns3:TrackPointExtension>
            <ns3:hr>130</ns3:hr>
            <ns3:cad>87</ns3:cad>
          </ns3:TrackPointExtension>
        </extensions>
      </trkpt>
      <trkpt lat="39.13248471915721893310546875" lon="117.18790599144995212554931640625">
        <ele>3.7999999523162841796875</ele>
        <time>2026-09-18T21:35:03.000Z</time>
        <extensions>
          <ns3:TrackPointExtension>
            <ns3:hr>129</ns3:hr>
            <ns3:cad>87</ns3:cad>
          </ns3:TrackPointExtension>
        </extensions>
      </trkpt>
      <trkpt lat="39.1325194202363491058349609375" lon="117.18787246383726596832275390625">
        <ele>3.7999999523162841796875</ele>
        <time>2026-09-18T21:35:04.000Z</time>
        <extensions>
          <ns3:TrackPointExtension>
            <ns3:hr>130</ns3:hr>
            <ns3:cad>87</ns3:cad>
          </ns3:TrackPointExtension>
        </extensions>
      </trkpt>
      <trkpt lat="39.132544063031673431396484375" lon="117.18785653822124004364013671875">
        <ele>3.7999999523162841796875</ele>
        <time>2026-09-18T21:35:05.000Z</time>
        <extensions>
          <ns3:TrackPointExtension>
            <ns3:hr>130</ns3:hr>
            <ns3:cad>87</ns3:cad>
          </ns3:TrackPointExtension>
        </extensions>
      </trkpt>
      <trkpt lat="39.1325707174837589263916015625" lon="117.1878428757190704345703125">
        <ele>3.7999999523162841796875</ele>
        <time>2026-09-18T21:35:06.000Z</time>
        <extensions>
          <ns3:TrackPointExtension>
            <ns3:hr>130</ns3:hr>
            <ns3:cad>88</ns3:cad>
          </ns3:TrackPointExtension>
        </extensions>
      </trkpt>
      <trkpt lat="39.13259058259427547454833984375" lon="117.18782351352274417877197265625">
        <ele>3.7999999523162841796875</ele>
        <time>2026-09-18T21:35:07.000Z</time>
        <extensions>
          <ns3:TrackPointExtension>
            <ns3:hr>130</ns3:hr>
            <ns3:cad>88</ns3:cad>
          </ns3:TrackPointExtension>
        </extensions>
      </trkpt>
      <trkpt lat="39.1326129622757434844970703125" lon="117.187806665897369384765625">
        <ele>4</ele>
        <time>2026-09-18T21:35:08.000Z</time>
        <extensions>
          <ns3:TrackPointExtension>
            <ns3:hr>130</ns3:hr>
            <ns3:cad>88</ns3:cad>
          </ns3:TrackPointExtension>
        </extensions>
      </trkpt>
      <trkpt lat="39.1326273791491985321044921875" lon="117.18778428621590137481689453125">
        <ele>4</ele>
        <time>2026-09-18T21:35:09.000Z</time>
        <extensions>
          <ns3:TrackPointExtension>
            <ns3:hr>130</ns3:hr>
            <ns3:cad>88</ns3:cad>
          </ns3:TrackPointExtension>
        </extensions>
      </trkpt>
      <trkpt lat="39.13264690898358821868896484375" lon="117.18776349909603595733642578125">
        <ele>4</ele>
        <time>2026-09-18T21:35:10.000Z</time>
        <extensions>
          <ns3:TrackPointExtension>
            <ns3:hr>131</ns3:hr>
            <ns3:cad>88</ns3:cad>
          </ns3:TrackPointExtension>
        </extensions>
      </trkpt>
      <trkpt lat="39.132658727467060089111328125" lon="117.187748663127422332763671875">
        <ele>4</ele>
        <time>2026-09-18T21:35:11.000Z</time>
        <extensions>
          <ns3:TrackPointExtension>
            <ns3:hr>131</ns3:hr>
            <ns3:cad>88</ns3:cad>
          </ns3:TrackPointExtension>
        </extensions>
      </trkpt>
      <trkpt lat="39.1326833702623844146728515625" lon="117.187731228768825531005859375">
        <ele>4</ele>
        <time>2026-09-18T21:35:12.000Z</time>
        <extensions>
          <ns3:TrackPointExtension>
            <ns3:hr>130</ns3:hr>
            <ns3:cad>88</ns3:cad>
          </ns3:TrackPointExtension>
        </extensions>
      </trkpt>
      <trkpt lat="39.13269460201263427734375" lon="117.18771052546799182891845703125">
        <ele>4</ele>
        <time>2026-09-18T21:35:13.000Z</time>
        <extensions>
          <ns3:TrackPointExtension>
            <ns3:hr>130</ns3:hr>
            <ns3:cad>88</ns3:cad>
          </ns3:TrackPointExtension>
        </extensions>
      </trkpt>
      <trkpt lat="39.13272234611213207244873046875" lon="117.1876925043761730194091796875">
        <ele>3.7999999523162841796875</ele>
        <time>2026-09-18T21:35:14.000Z</time>
        <extensions>
          <ns3:TrackPointExtension>
            <ns3:hr>130</ns3:hr>
            <ns3:cad>88</ns3:cad>
          </ns3:TrackPointExtension>
        </extensions>
      </trkpt>
      <trkpt lat="39.13274179212749004364013671875" lon="117.18767263926565647125244140625">
        <ele>3.7999999523162841796875</ele>
        <time>2026-09-18T21:35:15.000Z</time>
        <extensions>
          <ns3:TrackPointExtension>
            <ns3:hr>130</ns3:hr>
            <ns3:cad>89</ns3:cad>
          </ns3:TrackPointExtension>
        </extensions>
      </trkpt>
      <trkpt lat="39.13277129642665386199951171875" lon="117.18765738420188426971435546875">
        <ele>3.7999999523162841796875</ele>
        <time>2026-09-18T21:35:16.000Z</time>
        <extensions>
          <ns3:TrackPointExtension>
            <ns3:hr>130</ns3:hr>
            <ns3:cad>89</ns3:cad>
          </ns3:TrackPointExtension>
        </extensions>
      </trkpt>
      <trkpt lat="39.13279183208942413330078125" lon="117.18764263205230236053466796875">
        <ele>3.7999999523162841796875</ele>
        <time>2026-09-18T21:35:17.000Z</time>
        <extensions>
          <ns3:TrackPointExtension>
            <ns3:hr>129</ns3:hr>
            <ns3:cad>89</ns3:cad>
          </ns3:TrackPointExtension>
        </extensions>
      </trkpt>
      <trkpt lat="39.13282427005469799041748046875" lon="117.18763005919754505157470703125">
        <ele>3.7999999523162841796875</ele>
        <time>2026-09-18T21:35:18.000Z</time>
        <extensions>
          <ns3:TrackPointExtension>
            <ns3:hr>130</ns3:hr>
            <ns3:cad>89</ns3:cad>
          </ns3:TrackPointExtension>
        </extensions>
      </trkpt>
      <trkpt lat="39.1328436322510242462158203125" lon="117.18761530704796314239501953125">
        <ele>3.7999999523162841796875</ele>
        <time>2026-09-18T21:35:19.000Z</time>
        <extensions>
          <ns3:TrackPointExtension>
            <ns3:hr>130</ns3:hr>
            <ns3:cad>90</ns3:cad>
          </ns3:TrackPointExtension>
        </extensions>
      </trkpt>
      <trkpt lat="39.13286886177957057952880859375" lon="117.18760491348803043365478515625">
        <ele>3.7999999523162841796875</ele>
        <time>2026-09-18T21:35:20.000Z</time>
        <extensions>
          <ns3:TrackPointExtension>
            <ns3:hr>130</ns3:hr>
            <ns3:cad>90</ns3:cad>
          </ns3:TrackPointExtension>
        </extensions>
      </trkpt>
      <trkpt lat="39.13288696669042110443115234375" lon="117.18758647330105304718017578125">
        <ele>3.7999999523162841796875</ele>
        <time>2026-09-18T21:35:21.000Z</time>
        <extensions>
          <ns3:TrackPointExtension>
            <ns3:hr>130</ns3:hr>
            <ns3:cad>90</ns3:cad>
          </ns3:TrackPointExtension>
        </extensions>
      </trkpt>
      <trkpt lat="39.1329170577228069305419921875" lon="117.1875734813511371612548828125">
        <ele>3.7999999523162841796875</ele>
        <time>2026-09-18T21:35:22.000Z</time>
        <extensions>
          <ns3:TrackPointExtension>
            <ns3:hr>129</ns3:hr>
            <ns3:cad>89</ns3:cad>
          </ns3:TrackPointExtension>
        </extensions>
      </trkpt>
      <trkpt lat="39.132936000823974609375" lon="117.1875600703060626983642578125">
        <ele>3.7999999523162841796875</ele>
        <time>2026-09-18T21:35:23.000Z</time>
        <extensions>
          <ns3:TrackPointExtension>
            <ns3:hr>130</ns3:hr>
            <ns3:cad>90</ns3:cad>
          </ns3:TrackPointExtension>
        </extensions>
      </trkpt>
      <trkpt lat="39.1329596377909183502197265625" lon="117.1875510178506374359130859375">
        <ele>3.599999904632568359375</ele>
        <time>2026-09-18T21:35:24.000Z</time>
        <extensions>
          <ns3:TrackPointExtension>
            <ns3:hr>130</ns3:hr>
            <ns3:cad>90</ns3:cad>
          </ns3:TrackPointExtension>
        </extensions>
      </trkpt>
      <trkpt lat="39.13298117928206920623779296875" lon="117.18754238449037075042724609375">
        <ele>3.599999904632568359375</ele>
        <time>2026-09-18T21:35:25.000Z</time>
        <extensions>
          <ns3:TrackPointExtension>
            <ns3:hr>130</ns3:hr>
            <ns3:cad>90</ns3:cad>
          </ns3:TrackPointExtension>
        </extensions>
      </trkpt>
      <trkpt lat="39.13300800137221813201904296875" lon="117.18753417022526264190673828125">
        <ele>3.599999904632568359375</ele>
        <time>2026-09-18T21:35:26.000Z</time>
        <extensions>
          <ns3:TrackPointExtension>
            <ns3:hr>130</ns3:hr>
            <ns3:cad>90</ns3:cad>
          </ns3:TrackPointExtension>
        </extensions>
      </trkpt>
      <trkpt lat="39.13302325643599033355712890625" lon="117.1875208429992198944091796875">
        <ele>3.599999904632568359375</ele>
        <time>2026-09-18T21:35:27.000Z</time>
        <extensions>
          <ns3:TrackPointExtension>
            <ns3:hr>129</ns3:hr>
            <ns3:cad>89</ns3:cad>
          </ns3:TrackPointExtension>
        </extensions>
      </trkpt>
      <trkpt lat="39.13305745460093021392822265625" lon="117.1875138022005558013916015625">
        <ele>3.599999904632568359375</ele>
        <time>2026-09-18T21:35:28.000Z</time>
        <extensions>
          <ns3:TrackPointExtension>
            <ns3:hr>130</ns3:hr>
            <ns3:cad>90</ns3:cad>
          </ns3:TrackPointExtension>
        </extensions>
      </trkpt>
      <trkpt lat="39.13308125920593738555908203125" lon="117.1875030733644962310791015625">
        <ele>3.599999904632568359375</ele>
        <time>2026-09-18T21:35:29.000Z</time>
        <extensions>
          <ns3:TrackPointExtension>
            <ns3:hr>130</ns3:hr>
            <ns3:cad>90</ns3:cad>
          </ns3:TrackPointExtension>
        </extensions>
      </trkpt>
      <trkpt lat="39.13311612792313098907470703125" lon="117.18749309889972209930419921875">
        <ele>3.599999904632568359375</ele>
        <time>2026-09-18T21:35:30.000Z</time>
        <extensions>
          <ns3:TrackPointExtension>
            <ns3:hr>129</ns3:hr>
            <ns3:cad>89</ns3:cad>
          </ns3:TrackPointExtension>
        </extensions>
      </trkpt>
      <trkpt lat="39.1331386752426624298095703125" lon="117.187484465539455413818359375">
        <ele>3.599999904632568359375</ele>
        <time>2026-09-18T21:35:31.000Z</time>
        <extensions>
          <ns3:TrackPointExtension>
            <ns3:hr>129</ns3:hr>
            <ns3:cad>88</ns3:cad>
          </ns3:TrackPointExtension>
        </extensions>
      </trkpt>
      <trkpt lat="39.13317010737955570220947265625" lon="117.18747583217918872833251953125">
        <ele>3.599999904632568359375</ele>
        <time>2026-09-18T21:35:32.000Z</time>
        <extensions>
          <ns3:TrackPointExtension>
            <ns3:hr>129</ns3:hr>
            <ns3:cad>88</ns3:cad>
          </ns3:TrackPointExtension>
        </extensions>
      </trkpt>
      <trkpt lat="39.1331866197288036346435546875" lon="117.18747415579855442047119140625">
        <ele>3.7999999523162841796875</ele>
        <time>2026-09-18T21:35:33.000Z</time>
        <extensions>
          <ns3:TrackPointExtension>
            <ns3:hr>130</ns3:hr>
            <ns3:cad>88</ns3:cad>
          </ns3:TrackPointExtension>
        </extensions>
      </trkpt>
      <trkpt lat="39.13321637548506259918212890625" lon="117.18746795319020748138427734375">
        <ele>3.599999904632568359375</ele>
        <time>2026-09-18T21:35:34.000Z</time>
        <extensions>
          <ns3:TrackPointExtension>
            <ns3:hr>129</ns3:hr>
            <ns3:cad>88</ns3:cad>
          </ns3:TrackPointExtension>
        </extensions>
      </trkpt>
      <trkpt lat="39.133236408233642578125" lon="117.18745806254446506500244140625">
        <ele>3.599999904632568359375</ele>
        <time>2026-09-18T21:35:35.000Z</time>
        <extensions>
          <ns3:TrackPointExtension>
            <ns3:hr>130</ns3:hr>
            <ns3:cad>88</ns3:cad>
          </ns3:TrackPointExtension>
        </extensions>
      </trkpt>
      <trkpt lat="39.13326465524733066558837890625" lon="117.18745320104062557220458984375">
        <ele>3.599999904632568359375</ele>
        <time>2026-09-18T21:35:36.000Z</time>
        <extensions>
          <ns3:TrackPointExtension>
            <ns3:hr>130</ns3:hr>
            <ns3:cad>88</ns3:cad>
          </ns3:TrackPointExtension>
        </extensions>
      </trkpt>
      <trkpt lat="39.13329013623297214508056640625" lon="117.18744750134646892547607421875">
        <ele>3.599999904632568359375</ele>
        <time>2026-09-18T21:35:37.000Z</time>
        <extensions>
          <ns3:TrackPointExtension>
            <ns3:hr>130</ns3:hr>
            <ns3:cad>89</ns3:cad>
          </ns3:TrackPointExtension>
        </extensions>
      </trkpt>
      <trkpt lat="39.1333200596272945404052734375" lon="117.18744129873812198638916015625">
        <ele>3.599999904632568359375</ele>
        <time>2026-09-18T21:35:38.000Z</time>
        <extensions>
          <ns3:TrackPointExtension>
            <ns3:hr>129</ns3:hr>
            <ns3:cad>88</ns3:cad>
          </ns3:TrackPointExtension>
        </extensions>
      </trkpt>
      <trkpt lat="39.133344702422618865966796875" lon="117.18743476085364818572998046875">
        <ele>3.599999904632568359375</ele>
        <time>2026-09-18T21:35:39.000Z</time>
        <extensions>
          <ns3:TrackPointExtension>
            <ns3:hr>129</ns3:hr>
            <ns3:cad>88</ns3:cad>
          </ns3:TrackPointExtension>
        </extensions>
      </trkpt>
      <trkpt lat="39.133374206721782684326171875" lon="117.18742352910339832305908203125">
        <ele>3.599999904632568359375</ele>
        <time>2026-09-18T21:35:40.000Z</time>
        <extensions>
          <ns3:TrackPointExtension>
            <ns3:hr>130</ns3:hr>
            <ns3:cad>88</ns3:cad>
          </ns3:TrackPointExtension>
        </extensions>
      </trkpt>
      <trkpt lat="39.133401699364185333251953125" lon="117.18741665594279766082763671875">
        <ele>3.599999904632568359375</ele>
        <time>2026-09-18T21:35:41.000Z</time>
        <extensions>
          <ns3:TrackPointExtension>
            <ns3:hr>130</ns3:hr>
            <ns3:cad>89</ns3:cad>
          </ns3:TrackPointExtension>
        </extensions>
      </trkpt>
      <trkpt lat="39.13343179039657115936279296875" lon="117.18740634620189666748046875">
        <ele>3.7999999523162841796875</ele>
        <time>2026-09-18T21:35:42.000Z</time>
        <extensions>
          <ns3:TrackPointExtension>
            <ns3:hr>129</ns3:hr>
            <ns3:cad>89</ns3:cad>
          </ns3:TrackPointExtension>
        </extensions>
      </trkpt>
      <trkpt lat="39.133460037410259246826171875" lon="117.1873991377651691436767578125">
        <ele>4</ele>
        <time>2026-09-18T21:35:43.000Z</time>
        <extensions>
          <ns3:TrackPointExtension>
            <ns3:hr>129</ns3:hr>
            <ns3:cad>89</ns3:cad>
          </ns3:TrackPointExtension>
        </extensions>
      </trkpt>
      <trkpt lat="39.13348325528204441070556640625" lon="117.18738757073879241943359375">
        <ele>4</ele>
        <time>2026-09-18T21:35:44.000Z</time>
        <extensions>
          <ns3:TrackPointExtension>
            <ns3:hr>129</ns3:hr>
            <ns3:cad>89</ns3:cad>
          </ns3:TrackPointExtension>
        </extensions>
      </trkpt>
      <trkpt lat="39.13350102491676807403564453125" lon="117.18737441115081310272216796875">
        <ele>4</ele>
        <time>2026-09-18T21:35:45.000Z</time>
        <extensions>
          <ns3:TrackPointExtension>
            <ns3:hr>129</ns3:hr>
            <ns3:cad>89</ns3:cad>
          </ns3:TrackPointExtension>
        </extensions>
      </trkpt>
      <trkpt lat="39.1335104964673519134521484375" lon="117.18736016191542148590087890625">
        <ele>4</ele>
        <time>2026-09-18T21:35:46.000Z</time>
        <extensions>
          <ns3:TrackPointExtension>
            <ns3:hr>128</ns3:hr>
            <ns3:cad>89</ns3:cad>
          </ns3:TrackPointExtension>
        </extensions>
      </trkpt>
      <trkpt lat="39.13353522308170795440673828125" lon="117.18735664151608943939208984375">
        <ele>4</ele>
        <time>2026-09-18T21:35:47.000Z</time>
        <extensions>
          <ns3:TrackPointExtension>
            <ns3:hr>128</ns3:hr>
            <ns3:cad>88</ns3:cad>
          </ns3:TrackPointExtension>
        </extensions>
      </trkpt>
      <trkpt lat="39.13355492055416107177734375" lon="117.1873521991074085235595703125">
        <ele>4</ele>
        <time>2026-09-18T21:35:48.000Z</time>
        <extensions>
          <ns3:TrackPointExtension>
            <ns3:hr>128</ns3:hr>
            <ns3:cad>88</ns3:cad>
          </ns3:TrackPointExtension>
        </extensions>
      </trkpt>
      <trkpt lat="39.13357914425432682037353515625" lon="117.1873485110700130462646484375">
        <ele>4</ele>
        <time>2026-09-18T21:35:49.000Z</time>
        <extensions>
          <ns3:TrackPointExtension>
            <ns3:hr>129</ns3:hr>
            <ns3:cad>87</ns3:cad>
          </ns3:TrackPointExtension>
        </extensions>
      </trkpt>
      <trkpt lat="39.133596159517765045166015625" lon="117.1873428113758563995361328125">
        <ele>3.7999999523162841796875</ele>
        <time>2026-09-18T21:35:50.000Z</time>
        <extensions>
          <ns3:TrackPointExtension>
            <ns3:hr>128</ns3:hr>
            <ns3:cad>87</ns3:cad>
          </ns3:TrackPointExtension>
        </extensions>
      </trkpt>
      <trkpt lat="39.133624322712421417236328125" lon="117.187332250177860260009765625">
        <ele>3.7999999523162841796875</ele>
        <time>2026-09-18T21:35:51.000Z</time>
        <extensions>
          <ns3:TrackPointExtension>
            <ns3:hr>129</ns3:hr>
            <ns3:cad>84</ns3:cad>
          </ns3:TrackPointExtension>
        </extensions>
      </trkpt>
      <trkpt lat="39.133643768727779388427734375" lon="117.1873250417411327362060546875">
        <ele>3.599999904632568359375</ele>
        <time>2026-09-18T21:35:52.000Z</time>
        <extensions>
          <ns3:TrackPointExtension>
            <ns3:hr>129</ns3:hr>
            <ns3:cad>84</ns3:cad>
          </ns3:TrackPointExtension>
        </extensions>
      </trkpt>
      <trkpt lat="39.133672602474689483642578125" lon="117.18731649219989776611328125">
        <ele>3.599999904632568359375</ele>
        <time>2026-09-18T21:35:53.000Z</time>
        <extensions>
          <ns3:TrackPointExtension>
            <ns3:hr>128</ns3:hr>
            <ns3:cad>84</ns3:cad>
          </ns3:TrackPointExtension>
        </extensions>
      </trkpt>
      <trkpt lat="39.13369012065231800079345703125" lon="117.18731221742928028106689453125">
        <ele>3.599999904632568359375</ele>
        <time>2026-09-18T21:35:54.000Z</time>
        <extensions>
          <ns3:TrackPointExtension>
            <ns3:hr>128</ns3:hr>
            <ns3:cad>84</ns3:cad>
          </ns3:TrackPointExtension>
        </extensions>
      </trkpt>
      <trkpt lat="39.13371828384697437286376953125" lon="117.1873052604496479034423828125">
        <ele>3.7999999523162841796875</ele>
        <time>2026-09-18T21:35:55.000Z</time>
        <extensions>
          <ns3:TrackPointExtension>
            <ns3:hr>128</ns3:hr>
            <ns3:cad>84</ns3:cad>
          </ns3:TrackPointExtension>
        </extensions>
      </trkpt>
      <trkpt lat="39.133743010461330413818359375" lon="117.187301404774188995361328125">
        <ele>3.7999999523162841796875</ele>
        <time>2026-09-18T21:35:56.000Z</time>
        <extensions>
          <ns3:TrackPointExtension>
            <ns3:hr>128</ns3:hr>
            <ns3:cad>89</ns3:cad>
          </ns3:TrackPointExtension>
        </extensions>
      </trkpt>
      <trkpt lat="39.133771173655986785888671875" lon="117.18729277141392230987548828125">
        <ele>3.7999999523162841796875</ele>
        <time>2026-09-18T21:35:57.000Z</time>
        <extensions>
          <ns3:TrackPointExtension>
            <ns3:hr>128</ns3:hr>
            <ns3:cad>89</ns3:cad>
          </ns3:TrackPointExtension>
        </extensions>
      </trkpt>
      <trkpt lat="39.133794642984867095947265625" lon="117.187285311520099639892578125">
        <ele>3.7999999523162841796875</ele>
        <time>2026-09-18T21:35:58.000Z</time>
        <extensions>
          <ns3:TrackPointExtension>
            <ns3:hr>128</ns3:hr>
            <ns3:cad>89</ns3:cad>
          </ns3:TrackPointExtension>
        </extensions>
      </trkpt>
      <trkpt lat="39.13382087834179401397705078125" lon="117.18727466650307178497314453125">
        <ele>3.7999999523162841796875</ele>
        <time>2026-09-18T21:35:59.000Z</time>
        <extensions>
          <ns3:TrackPointExtension>
            <ns3:hr>128</ns3:hr>
            <ns3:cad>89</ns3:cad>
          </ns3:TrackPointExtension>
        </extensions>
      </trkpt>
      <trkpt lat="39.1338464431464672088623046875" lon="117.1872656978666782379150390625">
        <ele>3.7999999523162841796875</ele>
        <time>2026-09-18T21:36:00.000Z</time>
        <extensions>
          <ns3:TrackPointExtension>
            <ns3:hr>128</ns3:hr>
            <ns3:cad>89</ns3:cad>
          </ns3:TrackPointExtension>
        </extensions>
      </trkpt>
      <trkpt lat="39.1338709183037281036376953125" lon="117.1872536279261112213134765625">
        <ele>3.599999904632568359375</ele>
        <time>2026-09-18T21:36:01.000Z</time>
        <extensions>
          <ns3:TrackPointExtension>
            <ns3:hr>128</ns3:hr>
            <ns3:cad>88</ns3:cad>
          </ns3:TrackPointExtension>
        </extensions>
      </trkpt>
      <trkpt lat="39.13389866240322589874267578125" lon="117.1872460842132568359375">
        <ele>3.7999999523162841796875</ele>
        <time>2026-09-18T21:36:02.000Z</time>
        <extensions>
          <ns3:TrackPointExtension>
            <ns3:hr>128</ns3:hr>
            <ns3:cad>88</ns3:cad>
          </ns3:TrackPointExtension>
        </extensions>
      </trkpt>
      <trkpt lat="39.13392506539821624755859375" lon="117.18723795376718044281005859375">
        <ele>3.7999999523162841796875</ele>
        <time>2026-09-18T21:36:03.000Z</time>
        <extensions>
          <ns3:TrackPointExtension>
            <ns3:hr>128</ns3:hr>
            <ns3:cad>88</ns3:cad>
          </ns3:TrackPointExtension>
        </extensions>
      </trkpt>
      <trkpt lat="39.1339547373354434967041015625" lon="117.1872321702539920806884765625">
        <ele>3.599999904632568359375</ele>
        <time>2026-09-18T21:36:04.000Z</time>
        <extensions>
          <ns3:TrackPointExtension>
            <ns3:hr>128</ns3:hr>
            <ns3:cad>89</ns3:cad>
          </ns3:TrackPointExtension>
        </extensions>
      </trkpt>
      <trkpt lat="39.13398264907300472259521484375" lon="117.187227308750152587890625">
        <ele>3.599999904632568359375</ele>
        <time>2026-09-18T21:36:05.000Z</time>
        <extensions>
          <ns3:TrackPointExtension>
            <ns3:hr>128</ns3:hr>
            <ns3:cad>89</ns3:cad>
          </ns3:TrackPointExtension>
        </extensions>
      </trkpt>
      <trkpt lat="39.13400813005864620208740234375" lon="117.18722202815115451812744140625">
        <ele>3.599999904632568359375</ele>
        <time>2026-09-18T21:36:06.000Z</time>
        <extensions>
          <ns3:TrackPointExtension>
            <ns3:hr>128</ns3:hr>
            <ns3:cad>89</ns3:cad>
          </ns3:TrackPointExtension>
        </extensions>
      </trkpt>
      <trkpt lat="39.13403327576816082000732421875" lon="117.187213562428951263427734375">
        <ele>3.599999904632568359375</ele>
        <time>2026-09-18T21:36:07.000Z</time>
        <extensions>
          <ns3:TrackPointExtension>
            <ns3:hr>128</ns3:hr>
            <ns3:cad>89</ns3:cad>
          </ns3:TrackPointExtension>
        </extensions>
      </trkpt>
      <trkpt lat="39.1340653784573078155517578125" lon="117.1872147358953952789306640625">
        <ele>3.599999904632568359375</ele>
        <time>2026-09-18T21:36:08.000Z</time>
        <extensions>
          <ns3:TrackPointExtension>
            <ns3:hr>128</ns3:hr>
            <ns3:cad>89</ns3:cad>
          </ns3:TrackPointExtension>
        </extensions>
      </trkpt>
      <trkpt lat="39.13409345783293247222900390625" lon="117.18721046112477779388427734375">
        <ele>3.599999904632568359375</ele>
        <time>2026-09-18T21:36:09.000Z</time>
        <extensions>
          <ns3:TrackPointExtension>
            <ns3:hr>128</ns3:hr>
            <ns3:cad>89</ns3:cad>
          </ns3:TrackPointExtension>
        </extensions>
      </trkpt>
      <trkpt lat="39.134127236902713775634765625" lon="117.18721180222928524017333984375">
        <ele>3.599999904632568359375</ele>
        <time>2026-09-18T21:36:10.000Z</time>
        <extensions>
          <ns3:TrackPointExtension>
            <ns3:hr>129</ns3:hr>
            <ns3:cad>89</ns3:cad>
          </ns3:TrackPointExtension>
        </extensions>
      </trkpt>
      <trkpt lat="39.13415841758251190185546875" lon="117.18721398152410984039306640625">
        <ele>3.599999904632568359375</ele>
        <time>2026-09-18T21:36:11.000Z</time>
        <extensions>
          <ns3:TrackPointExtension>
            <ns3:hr>128</ns3:hr>
            <ns3:cad>89</ns3:cad>
          </ns3:TrackPointExtension>
        </extensions>
      </trkpt>
      <trkpt lat="39.1341872513294219970703125" lon="117.1872179210186004638671875">
        <ele>3.599999904632568359375</ele>
        <time>2026-09-18T21:36:12.000Z</time>
        <extensions>
          <ns3:TrackPointExtension>
            <ns3:hr>128</ns3:hr>
            <ns3:cad>89</ns3:cad>
          </ns3:TrackPointExtension>
        </extensions>
      </trkpt>
      <trkpt lat="39.13421734236180782318115234375" lon="117.18721331097185611724853515625">
        <ele>3.599999904632568359375</ele>
        <time>2026-09-18T21:36:13.000Z</time>
        <extensions>
          <ns3:TrackPointExtension>
            <ns3:hr>129</ns3:hr>
            <ns3:cad>89</ns3:cad>
          </ns3:TrackPointExtension>
        </extensions>
      </trkpt>
      <trkpt lat="39.13424517028033733367919921875" lon="117.18721280805766582489013671875">
        <ele>3.599999904632568359375</ele>
        <time>2026-09-18T21:36:14.000Z</time>
        <extensions>
          <ns3:TrackPointExtension>
            <ns3:hr>129</ns3:hr>
            <ns3:cad>89</ns3:cad>
          </ns3:TrackPointExtension>
        </extensions>
      </trkpt>
      <trkpt lat="39.13427031598985195159912109375" lon="117.187206186354160308837890625">
        <ele>3.599999904632568359375</ele>
        <time>2026-09-18T21:36:15.000Z</time>
        <extensions>
          <ns3:TrackPointExtension>
            <ns3:hr>129</ns3:hr>
            <ns3:cad>89</ns3:cad>
          </ns3:TrackPointExtension>
        </extensions>
      </trkpt>
      <trkpt lat="39.13429881446063518524169921875" lon="117.1872023306787014007568359375">
        <ele>3.599999904632568359375</ele>
        <time>2026-09-18T21:36:16.000Z</time>
        <extensions>
          <ns3:TrackPointExtension>
            <ns3:hr>129</ns3:hr>
            <ns3:cad>89</ns3:cad>
          </ns3:TrackPointExtension>
        </extensions>
      </trkpt>
      <trkpt lat="39.13432060740888118743896484375" lon="117.18719554133713245391845703125">
        <ele>3.599999904632568359375</ele>
        <time>2026-09-18T21:36:17.000Z</time>
        <extensions>
          <ns3:TrackPointExtension>
            <ns3:hr>129</ns3:hr>
            <ns3:cad>89</ns3:cad>
          </ns3:TrackPointExtension>
        </extensions>
      </trkpt>
      <trkpt lat="39.1343493573367595672607421875" lon="117.18719537369906902313232421875">
        <ele>3.599999904632568359375</ele>
        <time>2026-09-18T21:36:18.000Z</time>
        <extensions>
          <ns3:TrackPointExtension>
            <ns3:hr>128</ns3:hr>
            <ns3:cad>89</ns3:cad>
          </ns3:TrackPointExtension>
        </extensions>
      </trkpt>
      <trkpt lat="39.13437567651271820068359375" lon="117.1871902607381343841552734375">
        <ele>3.599999904632568359375</ele>
        <time>2026-09-18T21:36:19.000Z</time>
        <extensions>
          <ns3:TrackPointExtension>
            <ns3:hr>128</ns3:hr>
            <ns3:cad>89</ns3:cad>
          </ns3:TrackPointExtension>
        </extensions>
      </trkpt>
      <trkpt lat="39.134409539401531219482421875" lon="117.1871926076710224151611328125">
        <ele>3.599999904632568359375</ele>
        <time>2026-09-18T21:36:20.000Z</time>
        <extensions>
          <ns3:TrackPointExtension>
            <ns3:hr>128</ns3:hr>
            <ns3:cad>89</ns3:cad>
          </ns3:TrackPointExtension>
        </extensions>
      </trkpt>
      <trkpt lat="39.13444113917648792266845703125" lon="117.18718908727169036865234375">
        <ele>3.599999904632568359375</ele>
        <time>2026-09-18T21:36:21.000Z</time>
        <extensions>
          <ns3:TrackPointExtension>
            <ns3:hr>128</ns3:hr>
            <ns3:cad>89</ns3:cad>
          </ns3:TrackPointExtension>
        </extensions>
      </trkpt>
      <trkpt lat="39.1344740800559520721435546875" lon="117.187190763652324676513671875">
        <ele>3.7999999523162841796875</ele>
        <time>2026-09-18T21:36:22.000Z</time>
        <extensions>
          <ns3:TrackPointExtension>
            <ns3:hr>128</ns3:hr>
            <ns3:cad>89</ns3:cad>
          </ns3:TrackPointExtension>
        </extensions>
      </trkpt>
      <trkpt lat="39.13450735621154308319091796875" lon="117.1871857345104217529296875">
        <ele>3.7999999523162841796875</ele>
        <time>2026-09-18T21:36:23.000Z</time>
        <extensions>
          <ns3:TrackPointExtension>
            <ns3:hr>128</ns3:hr>
            <ns3:cad>89</ns3:cad>
          </ns3:TrackPointExtension>
        </extensions>
      </trkpt>
      <trkpt lat="39.1345354355871677398681640625" lon="117.1871838904917240142822265625">
        <ele>3.7999999523162841796875</ele>
        <time>2026-09-18T21:36:24.000Z</time>
        <extensions>
          <ns3:TrackPointExtension>
            <ns3:hr>128</ns3:hr>
            <ns3:cad>91</ns3:cad>
          </ns3:TrackPointExtension>
        </extensions>
      </trkpt>
      <trkpt lat="39.13456485606729984283447265625" lon="117.18717793934047222137451171875">
        <ele>3.599999904632568359375</ele>
        <time>2026-09-18T21:36:25.000Z</time>
        <extensions>
          <ns3:TrackPointExtension>
            <ns3:hr>128</ns3:hr>
            <ns3:cad>90</ns3:cad>
          </ns3:TrackPointExtension>
        </extensions>
      </trkpt>
      <trkpt lat="39.13459695875644683837890625" lon="117.18717358075082302093505859375">
        <ele>3.599999904632568359375</ele>
        <time>2026-09-18T21:36:26.000Z</time>
        <extensions>
          <ns3:TrackPointExtension>
            <ns3:hr>128</ns3:hr>
            <ns3:cad>90</ns3:cad>
          </ns3:TrackPointExtension>
        </extensions>
      </trkpt>
      <trkpt lat="39.1346269659698009490966796875" lon="117.1871615946292877197265625">
        <ele>3.599999904632568359375</ele>
        <time>2026-09-18T21:36:27.000Z</time>
        <extensions>
          <ns3:TrackPointExtension>
            <ns3:hr>128</ns3:hr>
            <ns3:cad>90</ns3:cad>
          </ns3:TrackPointExtension>
        </extensions>
      </trkpt>
      <trkpt lat="39.1346554644405841827392578125" lon="117.18715480528771877288818359375">
        <ele>3.599999904632568359375</ele>
        <time>2026-09-18T21:36:28.000Z</time>
        <extensions>
          <ns3:TrackPointExtension>
            <ns3:hr>128</ns3:hr>
            <ns3:cad>89</ns3:cad>
          </ns3:TrackPointExtension>
        </extensions>
      </trkpt>
      <trkpt lat="39.13468547165393829345703125" lon="117.18714625574648380279541015625">
        <ele>3.599999904632568359375</ele>
        <time>2026-09-18T21:36:29.000Z</time>
        <extensions>
          <ns3:TrackPointExtension>
            <ns3:hr>129</ns3:hr>
            <ns3:cad>89</ns3:cad>
          </ns3:TrackPointExtension>
        </extensions>
      </trkpt>
      <trkpt lat="39.13471405394375324249267578125" lon="117.18714122660458087921142578125">
        <ele>3.599999904632568359375</ele>
        <time>2026-09-18T21:36:30.000Z</time>
        <extensions>
          <ns3:TrackPointExtension>
            <ns3:hr>129</ns3:hr>
            <ns3:cad>89</ns3:cad>
          </ns3:TrackPointExtension>
        </extensions>
      </trkpt>
      <trkpt lat="39.13474523462355136871337890625" lon="117.18713552691042423248291015625">
        <ele>3.599999904632568359375</ele>
        <time>2026-09-18T21:36:31.000Z</time>
        <extensions>
          <ns3:TrackPointExtension>
            <ns3:hr>129</ns3:hr>
            <ns3:cad>89</ns3:cad>
          </ns3:TrackPointExtension>
        </extensions>
      </trkpt>
      <trkpt lat="39.13477155379951000213623046875" lon="117.18713116832077503204345703125">
        <ele>3.7999999523162841796875</ele>
        <time>2026-09-18T21:36:32.000Z</time>
        <extensions>
          <ns3:TrackPointExtension>
            <ns3:hr>129</ns3:hr>
            <ns3:cad>89</ns3:cad>
          </ns3:TrackPointExtension>
        </extensions>
      </trkpt>
      <trkpt lat="39.1347922571003437042236328125" lon="117.18712597154080867767333984375">
        <ele>3.7999999523162841796875</ele>
        <time>2026-09-18T21:36:33.000Z</time>
        <extensions>
          <ns3:TrackPointExtension>
            <ns3:hr>129</ns3:hr>
            <ns3:cad>89</ns3:cad>
          </ns3:TrackPointExtension>
        </extensions>
      </trkpt>
      <trkpt lat="39.1348167322576045989990234375" lon="117.18712496571242809295654296875">
        <ele>3.7999999523162841796875</ele>
        <time>2026-09-18T21:36:34.000Z</time>
        <extensions>
          <ns3:TrackPointExtension>
            <ns3:hr>129</ns3:hr>
            <ns3:cad>89</ns3:cad>
          </ns3:TrackPointExtension>
        </extensions>
      </trkpt>
      <trkpt lat="39.1348390281200408935546875" lon="117.18712094239890575408935546875">
        <ele>3.7999999523162841796875</ele>
        <time>2026-09-18T21:36:35.000Z</time>
        <extensions>
          <ns3:TrackPointExtension>
            <ns3:hr>129</ns3:hr>
            <ns3:cad>89</ns3:cad>
          </ns3:TrackPointExtension>
        </extensions>
      </trkpt>
      <trkpt lat="39.134863503277301788330078125" lon="117.18712429516017436981201171875">
        <ele>3.7999999523162841796875</ele>
        <time>2026-09-18T21:36:36.000Z</time>
        <extensions>
          <ns3:TrackPointExtension>
            <ns3:hr>129</ns3:hr>
            <ns3:cad>89</ns3:cad>
          </ns3:TrackPointExtension>
        </extensions>
      </trkpt>
      <trkpt lat="39.134884290397167205810546875" lon="117.18711742199957370758056640625">
        <ele>3.7999999523162841796875</ele>
        <time>2026-09-18T21:36:37.000Z</time>
        <extensions>
          <ns3:TrackPointExtension>
            <ns3:hr>130</ns3:hr>
            <ns3:cad>89</ns3:cad>
          </ns3:TrackPointExtension>
        </extensions>
      </trkpt>
      <trkpt lat="39.1349102742969989776611328125" lon="117.18711976893246173858642578125">
        <ele>3.599999904632568359375</ele>
        <time>2026-09-18T21:36:38.000Z</time>
        <extensions>
          <ns3:TrackPointExtension>
            <ns3:hr>130</ns3:hr>
            <ns3:cad>89</ns3:cad>
          </ns3:TrackPointExtension>
        </extensions>
      </trkpt>
      <trkpt lat="39.13493466563522815704345703125" lon="117.1871154941618442535400390625">
        <ele>3.599999904632568359375</ele>
        <time>2026-09-18T21:36:39.000Z</time>
        <extensions>
          <ns3:TrackPointExtension>
            <ns3:hr>130</ns3:hr>
            <ns3:cad>89</ns3:cad>
          </ns3:TrackPointExtension>
        </extensions>
      </trkpt>
      <trkpt lat="39.134962074458599090576171875" lon="117.187120020389556884765625">
        <ele>3.599999904632568359375</ele>
        <time>2026-09-18T21:36:40.000Z</time>
        <extensions>
          <ns3:TrackPointExtension>
            <ns3:hr>130</ns3:hr>
            <ns3:cad>90</ns3:cad>
          </ns3:TrackPointExtension>
        </extensions>
      </trkpt>
      <trkpt lat="39.13498344831168651580810546875" lon="117.18712161295115947723388671875">
        <ele>3.599999904632568359375</ele>
        <time>2026-09-18T21:36:41.000Z</time>
        <extensions>
          <ns3:TrackPointExtension>
            <ns3:hr>130</ns3:hr>
            <ns3:cad>90</ns3:cad>
          </ns3:TrackPointExtension>
        </extensions>
      </trkpt>
      <trkpt lat="39.13501278497278690338134765625" lon="117.18712613917887210845947265625">
        <ele>3.599999904632568359375</ele>
        <time>2026-09-18T21:36:42.000Z</time>
        <extensions>
          <ns3:TrackPointExtension>
            <ns3:hr>130</ns3:hr>
            <ns3:cad>90</ns3:cad>
          </ns3:TrackPointExtension>
        </extensions>
      </trkpt>
      <trkpt lat="39.13503684103488922119140625" lon="117.1871208585798740386962890625">
        <ele>3.599999904632568359375</ele>
        <time>2026-09-18T21:36:43.000Z</time>
        <extensions>
          <ns3:TrackPointExtension>
            <ns3:hr>130</ns3:hr>
            <ns3:cad>90</ns3:cad>
          </ns3:TrackPointExtension>
        </extensions>
      </trkpt>
      <trkpt lat="39.13503684103488922119140625" lon="117.1871208585798740386962890625">
        <ele>3.599999904632568359375</ele>
        <time>2026-09-18T21:36:44.000Z</time>
        <extensions>
          <ns3:TrackPointExtension>
            <ns3:hr>131</ns3:hr>
            <ns3:cad>88</ns3:cad>
          </ns3:TrackPointExtension>
        </extensions>
      </trkpt>
      <trkpt lat="39.13508713245391845703125" lon="117.18711842782795429229736328125">
        <ele>3.599999904632568359375</ele>
        <time>2026-09-18T21:36:45.000Z</time>
        <extensions>
          <ns3:TrackPointExtension>
            <ns3:hr>131</ns3:hr>
            <ns3:cad>88</ns3:cad>
          </ns3:TrackPointExtension>
        </extensions>
      </trkpt>
      <trkpt lat="39.1351201571524143218994140625" lon="117.18712270259857177734375">
        <ele>3.599999904632568359375</ele>
        <time>2026-09-18T21:36:46.000Z</time>
        <extensions>
          <ns3:TrackPointExtension>
            <ns3:hr>131</ns3:hr>
            <ns3:cad>88</ns3:cad>
          </ns3:TrackPointExtension>
        </extensions>
      </trkpt>
      <trkpt lat="39.13514639250934123992919921875" lon="117.1871191821992397308349609375">
        <ele>3.599999904632568359375</ele>
        <time>2026-09-18T21:36:47.000Z</time>
        <extensions>
          <ns3:TrackPointExtension>
            <ns3:hr>130</ns3:hr>
            <ns3:cad>89</ns3:cad>
          </ns3:TrackPointExtension>
        </extensions>
      </trkpt>
      <trkpt lat="39.13517857901751995086669921875" lon="117.18712010420858860015869140625">
        <ele>3.599999904632568359375</ele>
        <time>2026-09-18T21:36:48.000Z</time>
        <extensions>
          <ns3:TrackPointExtension>
            <ns3:hr>131</ns3:hr>
            <ns3:cad>89</ns3:cad>
          </ns3:TrackPointExtension>
        </extensions>
      </trkpt>
      <trkpt lat="39.13520523346960544586181640625" lon="117.18711440451443195343017578125">
        <ele>3.599999904632568359375</ele>
        <time>2026-09-18T21:36:49.000Z</time>
        <extensions>
          <ns3:TrackPointExtension>
            <ns3:hr>131</ns3:hr>
            <ns3:cad>89</ns3:cad>
          </ns3:TrackPointExtension>
        </extensions>
      </trkpt>
      <trkpt lat="39.1352385096251964569091796875" lon="117.18711876310408115386962890625">
        <ele>3.599999904632568359375</ele>
        <time>2026-09-18T21:36:50.000Z</time>
        <extensions>
          <ns3:TrackPointExtension>
            <ns3:hr>131</ns3:hr>
            <ns3:cad>90</ns3:cad>
          </ns3:TrackPointExtension>
        </extensions>
      </trkpt>
      <trkpt lat="39.13526910357177257537841796875" lon="117.18711557798087596893310546875">
        <ele>3.599999904632568359375</ele>
        <time>2026-09-18T21:36:51.000Z</time>
        <extensions>
          <ns3:TrackPointExtension>
            <ns3:hr>130</ns3:hr>
            <ns3:cad>89</ns3:cad>
          </ns3:TrackPointExtension>
        </extensions>
      </trkpt>
      <trkpt lat="39.1353022120893001556396484375" lon="117.1871195174753665924072265625">
        <ele>3.599999904632568359375</ele>
        <time>2026-09-18T21:36:52.000Z</time>
        <extensions>
          <ns3:TrackPointExtension>
            <ns3:hr>131</ns3:hr>
            <ns3:cad>89</ns3:cad>
          </ns3:TrackPointExtension>
        </extensions>
      </trkpt>
      <trkpt lat="39.1353229992091655731201171875" lon="117.18711398541927337646484375">
        <ele>3.7999999523162841796875</ele>
        <time>2026-09-18T21:36:53.000Z</time>
        <extensions>
          <ns3:TrackPointExtension>
            <ns3:hr>131</ns3:hr>
            <ns3:cad>89</ns3:cad>
          </ns3:TrackPointExtension>
        </extensions>
      </trkpt>
      <trkpt lat="39.13534940220415592193603515625" lon="117.18711205758154392242431640625">
        <ele>3.7999999523162841796875</ele>
        <time>2026-09-18T21:36:54.000Z</time>
        <extensions>
          <ns3:TrackPointExtension>
            <ns3:hr>131</ns3:hr>
            <ns3:cad>89</ns3:cad>
          </ns3:TrackPointExtension>
        </extensions>
      </trkpt>
      <trkpt lat="39.1353726200759410858154296875" lon="117.187110297381877899169921875">
        <ele>3.7999999523162841796875</ele>
        <time>2026-09-18T21:36:55.000Z</time>
        <extensions>
          <ns3:TrackPointExtension>
            <ns3:hr>131</ns3:hr>
            <ns3:cad>90</ns3:cad>
          </ns3:TrackPointExtension>
        </extensions>
      </trkpt>
      <trkpt lat="39.13539567030966281890869140625" lon="117.1871124766767024993896484375">
        <ele>3.7999999523162841796875</ele>
        <time>2026-09-18T21:36:56.000Z</time>
        <extensions>
          <ns3:TrackPointExtension>
            <ns3:hr>132</ns3:hr>
            <ns3:cad>90</ns3:cad>
          </ns3:TrackPointExtension>
        </extensions>
      </trkpt>
      <trkpt lat="39.13542031310498714447021484375" lon="117.18710753135383129119873046875">
        <ele>3.7999999523162841796875</ele>
        <time>2026-09-18T21:36:57.000Z</time>
        <extensions>
          <ns3:TrackPointExtension>
            <ns3:hr>132</ns3:hr>
            <ns3:cad>90</ns3:cad>
          </ns3:TrackPointExtension>
        </extensions>
      </trkpt>
      <trkpt lat="39.135448224842548370361328125" lon="117.18710920773446559906005859375">
        <ele>3.599999904632568359375</ele>
        <time>2026-09-18T21:36:58.000Z</time>
        <extensions>
          <ns3:TrackPointExtension>
            <ns3:hr>132</ns3:hr>
            <ns3:cad>90</ns3:cad>
          </ns3:TrackPointExtension>
        </extensions>
      </trkpt>
      <trkpt lat="39.13547378964722156524658203125" lon="117.1871084533631801605224609375">
        <ele>3.599999904632568359375</ele>
        <time>2026-09-18T21:36:59.000Z</time>
        <extensions>
          <ns3:TrackPointExtension>
            <ns3:hr>132</ns3:hr>
            <ns3:cad>90</ns3:cad>
          </ns3:TrackPointExtension>
        </extensions>
      </trkpt>
      <trkpt lat="39.1354966722428798675537109375" lon="117.1871144883334636688232421875">
        <ele>3.599999904632568359375</ele>
        <time>2026-09-18T21:37:00.000Z</time>
        <extensions>
          <ns3:TrackPointExtension>
            <ns3:hr>132</ns3:hr>
            <ns3:cad>90</ns3:cad>
          </ns3:TrackPointExtension>
        </extensions>
      </trkpt>
      <trkpt lat="39.13552642799913883209228515625" lon="117.18711557798087596893310546875">
        <ele>3.7999999523162841796875</ele>
        <time>2026-09-18T21:37:01.000Z</time>
        <extensions>
          <ns3:TrackPointExtension>
            <ns3:hr>132</ns3:hr>
            <ns3:cad>90</ns3:cad>
          </ns3:TrackPointExtension>
        </extensions>
      </trkpt>
      <trkpt lat="39.1355566866695880889892578125" lon="117.187123708426952362060546875">
        <ele>3.7999999523162841796875</ele>
        <time>2026-09-18T21:37:02.000Z</time>
        <extensions>
          <ns3:TrackPointExtension>
            <ns3:hr>133</ns3:hr>
            <ns3:cad>90</ns3:cad>
          </ns3:TrackPointExtension>
        </extensions>
      </trkpt>
      <trkpt lat="39.1355712711811065673828125" lon="117.18711356632411479949951171875">
        <ele>3.7999999523162841796875</ele>
        <time>2026-09-18T21:37:03.000Z</time>
        <extensions>
          <ns3:TrackPointExtension>
            <ns3:hr>132</ns3:hr>
            <ns3:cad>90</ns3:cad>
          </ns3:TrackPointExtension>
        </extensions>
      </trkpt>
      <trkpt lat="39.13559608161449432373046875" lon="117.187111638486385345458984375">
        <ele>3.7999999523162841796875</ele>
        <time>2026-09-18T21:37:04.000Z</time>
        <extensions>
          <ns3:TrackPointExtension>
            <ns3:hr>133</ns3:hr>
            <ns3:cad>90</ns3:cad>
          </ns3:TrackPointExtension>
        </extensions>
      </trkpt>
      <trkpt lat="39.135621227324008941650390625" lon="117.1871118061244487762451171875">
        <ele>3.7999999523162841796875</ele>
        <time>2026-09-18T21:37:05.000Z</time>
        <extensions>
          <ns3:TrackPointExtension>
            <ns3:hr>133</ns3:hr>
            <ns3:cad>90</ns3:cad>
          </ns3:TrackPointExtension>
        </extensions>
      </trkpt>
      <trkpt lat="39.13564997725188732147216796875" lon="117.1871151588857173919677734375">
        <ele>3.7999999523162841796875</ele>
        <time>2026-09-18T21:37:06.000Z</time>
        <extensions>
          <ns3:TrackPointExtension>
            <ns3:hr>133</ns3:hr>
            <ns3:cad>90</ns3:cad>
          </ns3:TrackPointExtension>
        </extensions>
      </trkpt>
      <trkpt lat="39.13567252457141876220703125" lon="117.1871228702366352081298828125">
        <ele>3.7999999523162841796875</ele>
        <time>2026-09-18T21:37:07.000Z</time>
        <extensions>
          <ns3:TrackPointExtension>
            <ns3:hr>133</ns3:hr>
            <ns3:cad>90</ns3:cad>
          </ns3:TrackPointExtension>
        </extensions>
      </trkpt>
      <trkpt lat="39.135701023042201995849609375" lon="117.18713686801493167877197265625">
        <ele>3.7999999523162841796875</ele>
        <time>2026-09-18T21:37:08.000Z</time>
        <extensions>
          <ns3:TrackPointExtension>
            <ns3:hr>134</ns3:hr>
            <ns3:cad>90</ns3:cad>
          </ns3:TrackPointExtension>
        </extensions>
      </trkpt>
      <trkpt lat="39.13571946322917938232421875" lon="117.18714977614581584930419921875">
        <ele>3.7999999523162841796875</ele>
        <time>2026-09-18T21:37:09.000Z</time>
        <extensions>
          <ns3:TrackPointExtension>
            <ns3:hr>134</ns3:hr>
            <ns3:cad>90</ns3:cad>
          </ns3:TrackPointExtension>
        </extensions>
      </trkpt>
      <trkpt lat="39.13574494421482086181640625" lon="117.18715748749673366546630859375">
        <ele>3.7999999523162841796875</ele>
        <time>2026-09-18T21:37:10.000Z</time>
        <extensions>
          <ns3:TrackPointExtension>
            <ns3:hr>135</ns3:hr>
            <ns3:cad>90</ns3:cad>
          </ns3:TrackPointExtension>
        </extensions>
      </trkpt>
      <trkpt lat="39.135765731334686279296875" lon="117.18715882860124111175537109375">
        <ele>3.7999999523162841796875</ele>
        <time>2026-09-18T21:37:11.000Z</time>
        <extensions>
          <ns3:TrackPointExtension>
            <ns3:hr>135</ns3:hr>
            <ns3:cad>89</ns3:cad>
          </ns3:TrackPointExtension>
        </extensions>
      </trkpt>
      <trkpt lat="39.13579112850129604339599609375" lon="117.18716268427670001983642578125">
        <ele>3.7999999523162841796875</ele>
        <time>2026-09-18T21:37:12.000Z</time>
        <extensions>
          <ns3:TrackPointExtension>
            <ns3:hr>135</ns3:hr>
            <ns3:cad>89</ns3:cad>
          </ns3:TrackPointExtension>
        </extensions>
      </trkpt>
      <trkpt lat="39.13581325672566890716552734375" lon="117.18716486357152462005615234375">
        <ele>3.599999904632568359375</ele>
        <time>2026-09-18T21:37:13.000Z</time>
        <extensions>
          <ns3:TrackPointExtension>
            <ns3:hr>135</ns3:hr>
            <ns3:cad>89</ns3:cad>
          </ns3:TrackPointExtension>
        </extensions>
      </trkpt>
      <trkpt lat="39.1358346305787563323974609375" lon="117.1871718205511569976806640625">
        <ele>3.7999999523162841796875</ele>
        <time>2026-09-18T21:37:14.000Z</time>
        <extensions>
          <ns3:TrackPointExtension>
            <ns3:hr>135</ns3:hr>
            <ns3:cad>89</ns3:cad>
          </ns3:TrackPointExtension>
        </extensions>
      </trkpt>
      <trkpt lat="39.13586723618209362030029296875" lon="117.187179364264011383056640625">
        <ele>3.7999999523162841796875</ele>
        <time>2026-09-18T21:37:15.000Z</time>
        <extensions>
          <ns3:TrackPointExtension>
            <ns3:hr>135</ns3:hr>
            <ns3:cad>89</ns3:cad>
          </ns3:TrackPointExtension>
        </extensions>
      </trkpt>
      <trkpt lat="39.135899841785430908203125" lon="117.1871818788349628448486328125">
        <ele>3.7999999523162841796875</ele>
        <time>2026-09-18T21:37:16.000Z</time>
        <extensions>
          <ns3:TrackPointExtension>
            <ns3:hr>135</ns3:hr>
            <ns3:cad>89</ns3:cad>
          </ns3:TrackPointExtension>
        </extensions>
      </trkpt>
      <trkpt lat="39.1359308548271656036376953125" lon="117.18719855882227420806884765625">
        <ele>3.7999999523162841796875</ele>
        <time>2026-09-18T21:37:17.000Z</time>
        <extensions>
          <ns3:TrackPointExtension>
            <ns3:hr>135</ns3:hr>
            <ns3:cad>89</ns3:cad>
          </ns3:TrackPointExtension>
        </extensions>
      </trkpt>
      <trkpt lat="39.1359606944024562835693359375" lon="117.18720912002027034759521484375">
        <ele>3.7999999523162841796875</ele>
        <time>2026-09-18T21:37:18.000Z</time>
        <extensions>
          <ns3:TrackPointExtension>
            <ns3:hr>135</ns3:hr>
            <ns3:cad>90</ns3:cad>
          </ns3:TrackPointExtension>
        </extensions>
      </trkpt>
      <trkpt lat="39.13599765859544277191162109375" lon="117.18717777170240879058837890625">
        <ele>4</ele>
        <time>2026-09-18T21:37:19.000Z</time>
        <extensions>
          <ns3:TrackPointExtension>
            <ns3:hr>135</ns3:hr>
            <ns3:cad>90</ns3:cad>
          </ns3:TrackPointExtension>
        </extensions>
      </trkpt>
      <trkpt lat="39.13602481596171855926513671875" lon="117.18717073090374469757080078125">
        <ele>4</ele>
        <time>2026-09-18T21:37:20.000Z</time>
        <extensions>
          <ns3:TrackPointExtension>
            <ns3:hr>135</ns3:hr>
            <ns3:cad>90</ns3:cad>
          </ns3:TrackPointExtension>
        </extensions>
      </trkpt>
      <trkpt lat="39.13604937493801116943359375" lon="117.1871642768383026123046875">
        <ele>3.7999999523162841796875</ele>
        <time>2026-09-18T21:37:21.000Z</time>
        <extensions>
          <ns3:TrackPointExtension>
            <ns3:hr>135</ns3:hr>
            <ns3:cad>90</ns3:cad>
          </ns3:TrackPointExtension>
        </extensions>
      </trkpt>
      <trkpt lat="39.13608047179877758026123046875" lon="117.18717089854180812835693359375">
        <ele>3.7999999523162841796875</ele>
        <time>2026-09-18T21:37:22.000Z</time>
        <extensions>
          <ns3:TrackPointExtension>
            <ns3:hr>135</ns3:hr>
            <ns3:cad>90</ns3:cad>
          </ns3:TrackPointExtension>
        </extensions>
      </trkpt>
      <trkpt lat="39.13610838353633880615234375" lon="117.1871698088943958282470703125">
        <ele>3.7999999523162841796875</ele>
        <time>2026-09-18T21:37:23.000Z</time>
        <extensions>
          <ns3:TrackPointExtension>
            <ns3:hr>134</ns3:hr>
            <ns3:cad>90</ns3:cad>
          </ns3:TrackPointExtension>
        </extensions>
      </trkpt>
      <trkpt lat="39.13614434190094470977783203125" lon="117.1871696412563323974609375">
        <ele>3.7999999523162841796875</ele>
        <time>2026-09-18T21:37:24.000Z</time>
        <extensions>
          <ns3:TrackPointExtension>
            <ns3:hr>135</ns3:hr>
            <ns3:cad>90</ns3:cad>
          </ns3:TrackPointExtension>
        </extensions>
      </trkpt>
      <trkpt lat="39.13617409765720367431640625" lon="117.18717643059790134429931640625">
        <ele>4</ele>
        <time>2026-09-18T21:37:25.000Z</time>
        <extensions>
          <ns3:TrackPointExtension>
            <ns3:hr>135</ns3:hr>
            <ns3:cad>90</ns3:cad>
          </ns3:TrackPointExtension>
        </extensions>
      </trkpt>
      <trkpt lat="39.13620552979409694671630859375" lon="117.18718640506267547607421875">
        <ele>4</ele>
        <time>2026-09-18T21:37:26.000Z</time>
        <extensions>
          <ns3:TrackPointExtension>
            <ns3:hr>134</ns3:hr>
            <ns3:cad>89</ns3:cad>
          </ns3:TrackPointExtension>
        </extensions>
      </trkpt>
      <trkpt lat="39.1362337768077850341796875" lon="117.1871892549097537994384765625">
        <ele>4</ele>
        <time>2026-09-18T21:37:27.000Z</time>
        <extensions>
          <ns3:TrackPointExtension>
            <ns3:hr>135</ns3:hr>
            <ns3:cad>89</ns3:cad>
          </ns3:TrackPointExtension>
        </extensions>
      </trkpt>
      <trkpt lat="39.13626235909759998321533203125" lon="117.18720224685966968536376953125">
        <ele>4</ele>
        <time>2026-09-18T21:37:28.000Z</time>
        <extensions>
          <ns3:TrackPointExtension>
            <ns3:hr>135</ns3:hr>
            <ns3:cad>89</ns3:cad>
          </ns3:TrackPointExtension>
        </extensions>
      </trkpt>
      <trkpt lat="39.1362865827977657318115234375" lon="117.18720559962093830108642578125">
        <ele>3.7999999523162841796875</ele>
        <time>2026-09-18T21:37:29.000Z</time>
        <extensions>
          <ns3:TrackPointExtension>
            <ns3:hr>135</ns3:hr>
            <ns3:cad>90</ns3:cad>
          </ns3:TrackPointExtension>
        </extensions>
      </trkpt>
      <trkpt lat="39.13632103241980075836181640625" lon="117.18721331097185611724853515625">
        <ele>3.7999999523162841796875</ele>
        <time>2026-09-18T21:37:30.000Z</time>
        <extensions>
          <ns3:TrackPointExtension>
            <ns3:hr>135</ns3:hr>
            <ns3:cad>90</ns3:cad>
          </ns3:TrackPointExtension>
        </extensions>
      </trkpt>
      <trkpt lat="39.13634936325252056121826171875" lon="117.187216915190219879150390625">
        <ele>3.7999999523162841796875</ele>
        <time>2026-09-18T21:37:31.000Z</time>
        <extensions>
          <ns3:TrackPointExtension>
            <ns3:hr>135</ns3:hr>
            <ns3:cad>90</ns3:cad>
          </ns3:TrackPointExtension>
        </extensions>
      </trkpt>
      <trkpt lat="39.13637601770460605621337890625" lon="117.18721532262861728668212890625">
        <ele>4</ele>
        <time>2026-09-18T21:37:32.000Z</time>
        <extensions>
          <ns3:TrackPointExtension>
            <ns3:hr>135</ns3:hr>
            <ns3:cad>90</ns3:cad>
          </ns3:TrackPointExtension>
        </extensions>
      </trkpt>
      <trkpt lat="39.1364035941660404205322265625" lon="117.1872170828282833099365234375">
        <ele>4</ele>
        <time>2026-09-18T21:37:33.000Z</time>
        <extensions>
          <ns3:TrackPointExtension>
            <ns3:hr>135</ns3:hr>
            <ns3:cad>90</ns3:cad>
          </ns3:TrackPointExtension>
        </extensions>
      </trkpt>
      <trkpt lat="39.13642748259007930755615234375" lon="117.18722420744597911834716796875">
        <ele>4</ele>
        <time>2026-09-18T21:37:34.000Z</time>
        <extensions>
          <ns3:TrackPointExtension>
            <ns3:hr>135</ns3:hr>
            <ns3:cad>90</ns3:cad>
          </ns3:TrackPointExtension>
        </extensions>
      </trkpt>
      <trkpt lat="39.136454053223133087158203125" lon="117.18722454272210597991943359375">
        <ele>4.19999980926513671875</ele>
        <time>2026-09-18T21:37:35.000Z</time>
        <extensions>
          <ns3:TrackPointExtension>
            <ns3:hr>135</ns3:hr>
            <ns3:cad>90</ns3:cad>
          </ns3:TrackPointExtension>
        </extensions>
      </trkpt>
      <trkpt lat="39.136479534208774566650390625" lon="117.1872278116643428802490234375">
        <ele>4</ele>
        <time>2026-09-18T21:37:36.000Z</time>
        <extensions>
          <ns3:TrackPointExtension>
            <ns3:hr>136</ns3:hr>
            <ns3:cad>90</ns3:cad>
          </ns3:TrackPointExtension>
        </extensions>
      </trkpt>
      <trkpt lat="39.13650803267955780029296875" lon="117.18723158352077007293701171875">
        <ele>4</ele>
        <time>2026-09-18T21:37:37.000Z</time>
        <extensions>
          <ns3:TrackPointExtension>
            <ns3:hr>135</ns3:hr>
            <ns3:cad>90</ns3:cad>
          </ns3:TrackPointExtension>
        </extensions>
      </trkpt>
      <trkpt lat="39.13653359748423099517822265625" lon="117.18723644502460956573486328125">
        <ele>4</ele>
        <time>2026-09-18T21:37:38.000Z</time>
        <extensions>
          <ns3:TrackPointExtension>
            <ns3:hr>135</ns3:hr>
            <ns3:cad>90</ns3:cad>
          </ns3:TrackPointExtension>
        </extensions>
      </trkpt>
      <trkpt lat="39.1365611739456653594970703125" lon="117.18724197708070278167724609375">
        <ele>3.7999999523162841796875</ele>
        <time>2026-09-18T21:37:39.000Z</time>
        <extensions>
          <ns3:TrackPointExtension>
            <ns3:hr>135</ns3:hr>
            <ns3:cad>90</ns3:cad>
          </ns3:TrackPointExtension>
        </extensions>
      </trkpt>
      <trkpt lat="39.13658707402646541595458984375" lon="117.1872482635080814361572265625">
        <ele>3.7999999523162841796875</ele>
        <time>2026-09-18T21:37:40.000Z</time>
        <extensions>
          <ns3:TrackPointExtension>
            <ns3:hr>136</ns3:hr>
            <ns3:cad>90</ns3:cad>
          </ns3:TrackPointExtension>
        </extensions>
      </trkpt>
      <trkpt lat="39.13661666214466094970703125" lon="117.1872529573738574981689453125">
        <ele>3.7999999523162841796875</ele>
        <time>2026-09-18T21:37:41.000Z</time>
        <extensions>
          <ns3:TrackPointExtension>
            <ns3:hr>135</ns3:hr>
            <ns3:cad>90</ns3:cad>
          </ns3:TrackPointExtension>
        </extensions>
      </trkpt>
      <trkpt lat="39.13664038293063640594482421875" lon="117.18725957907736301422119140625">
        <ele>3.7999999523162841796875</ele>
        <time>2026-09-18T21:37:42.000Z</time>
        <extensions>
          <ns3:TrackPointExtension>
            <ns3:hr>134</ns3:hr>
            <ns3:cad>90</ns3:cad>
          </ns3:TrackPointExtension>
        </extensions>
      </trkpt>
      <trkpt lat="39.1366718150675296783447265625" lon="117.1872643567621707916259765625">
        <ele>3.7999999523162841796875</ele>
        <time>2026-09-18T21:37:43.000Z</time>
        <extensions>
          <ns3:TrackPointExtension>
            <ns3:hr>134</ns3:hr>
            <ns3:cad>90</ns3:cad>
          </ns3:TrackPointExtension>
        </extensions>
      </trkpt>
      <trkpt lat="39.13669645786285400390625" lon="117.18726578168570995330810546875">
        <ele>3.7999999523162841796875</ele>
        <time>2026-09-18T21:37:44.000Z</time>
        <extensions>
          <ns3:TrackPointExtension>
            <ns3:hr>133</ns3:hr>
            <ns3:cad>90</ns3:cad>
          </ns3:TrackPointExtension>
        </extensions>
      </trkpt>
      <trkpt lat="39.13672386668622493743896484375" lon="117.1872700564563274383544921875">
        <ele>3.7999999523162841796875</ele>
        <time>2026-09-18T21:37:45.000Z</time>
        <extensions>
          <ns3:TrackPointExtension>
            <ns3:hr>133</ns3:hr>
            <ns3:cad>90</ns3:cad>
          </ns3:TrackPointExtension>
        </extensions>
      </trkpt>
      <trkpt lat="39.1367433965206146240234375" lon="117.187274582684040069580078125">
        <ele>3.7999999523162841796875</ele>
        <time>2026-09-18T21:37:46.000Z</time>
        <extensions>
          <ns3:TrackPointExtension>
            <ns3:hr>133</ns3:hr>
            <ns3:cad>90</ns3:cad>
          </ns3:TrackPointExtension>
        </extensions>
      </trkpt>
      <trkpt lat="39.136773906648159027099609375" lon="117.1872824616730213165283203125">
        <ele>3.7999999523162841796875</ele>
        <time>2026-09-18T21:37:47.000Z</time>
        <extensions>
          <ns3:TrackPointExtension>
            <ns3:hr>133</ns3:hr>
            <ns3:cad>90</ns3:cad>
          </ns3:TrackPointExtension>
        </extensions>
      </trkpt>
      <trkpt lat="39.13679611869156360626220703125" lon="117.187281288206577301025390625">
        <ele>3.7999999523162841796875</ele>
        <time>2026-09-18T21:37:48.000Z</time>
        <extensions>
          <ns3:TrackPointExtension>
            <ns3:hr>133</ns3:hr>
            <ns3:cad>90</ns3:cad>
          </ns3:TrackPointExtension>
        </extensions>
      </trkpt>
      <trkpt lat="39.13682126440107822418212890625" lon="117.1872881613671779632568359375">
        <ele>3.7999999523162841796875</ele>
        <time>2026-09-18T21:37:49.000Z</time>
        <extensions>
          <ns3:TrackPointExtension>
            <ns3:hr>133</ns3:hr>
            <ns3:cad>90</ns3:cad>
          </ns3:TrackPointExtension>
        </extensions>
      </trkpt>
      <trkpt lat="39.13684406317770481109619140625" lon="117.18729327432811260223388671875">
        <ele>3.7999999523162841796875</ele>
        <time>2026-09-18T21:37:50.000Z</time>
        <extensions>
          <ns3:TrackPointExtension>
            <ns3:hr>132</ns3:hr>
            <ns3:cad>90</ns3:cad>
          </ns3:TrackPointExtension>
        </extensions>
      </trkpt>
      <trkpt lat="39.136874489486217498779296875" lon="117.18729981221258640289306640625">
        <ele>3.7999999523162841796875</ele>
        <time>2026-09-18T21:37:51.000Z</time>
        <extensions>
          <ns3:TrackPointExtension>
            <ns3:hr>133</ns3:hr>
            <ns3:cad>90</ns3:cad>
          </ns3:TrackPointExtension>
        </extensions>
      </trkpt>
      <trkpt lat="39.13689753971993923187255859375" lon="117.18730316497385501861572265625">
        <ele>3.7999999523162841796875</ele>
        <time>2026-09-18T21:37:52.000Z</time>
        <extensions>
          <ns3:TrackPointExtension>
            <ns3:hr>132</ns3:hr>
            <ns3:cad>90</ns3:cad>
          </ns3:TrackPointExtension>
        </extensions>
      </trkpt>
      <trkpt lat="39.13692955859005451202392578125" lon="117.18730919994413852691650390625">
        <ele>3.7999999523162841796875</ele>
        <time>2026-09-18T21:37:53.000Z</time>
        <extensions>
          <ns3:TrackPointExtension>
            <ns3:hr>132</ns3:hr>
            <ns3:cad>90</ns3:cad>
          </ns3:TrackPointExtension>
        </extensions>
      </trkpt>
      <trkpt lat="39.13695235736668109893798828125" lon="117.1873099543154239654541015625">
        <ele>3.7999999523162841796875</ele>
        <time>2026-09-18T21:37:54.000Z</time>
        <extensions>
          <ns3:TrackPointExtension>
            <ns3:hr>132</ns3:hr>
            <ns3:cad>90</ns3:cad>
          </ns3:TrackPointExtension>
        </extensions>
      </trkpt>
      <trkpt lat="39.1369847953319549560546875" lon="117.1873206831514835357666015625">
        <ele>3.7999999523162841796875</ele>
        <time>2026-09-18T21:37:55.000Z</time>
        <extensions>
          <ns3:TrackPointExtension>
            <ns3:hr>132</ns3:hr>
            <ns3:cad>90</ns3:cad>
          </ns3:TrackPointExtension>
        </extensions>
      </trkpt>
      <trkpt lat="39.13700692355632781982421875" lon="117.1873196773231029510498046875">
        <ele>3.7999999523162841796875</ele>
        <time>2026-09-18T21:37:56.000Z</time>
        <extensions>
          <ns3:TrackPointExtension>
            <ns3:hr>132</ns3:hr>
            <ns3:cad>90</ns3:cad>
          </ns3:TrackPointExtension>
        </extensions>
      </trkpt>
      <trkpt lat="39.13703701458871364593505859375" lon="117.18732814304530620574951171875">
        <ele>3.7999999523162841796875</ele>
        <time>2026-09-18T21:37:57.000Z</time>
        <extensions>
          <ns3:TrackPointExtension>
            <ns3:hr>132</ns3:hr>
            <ns3:cad>91</ns3:cad>
          </ns3:TrackPointExtension>
        </extensions>
      </trkpt>
      <trkpt lat="39.13705981336534023284912109375" lon="117.1873267181217670440673828125">
        <ele>3.7999999523162841796875</ele>
        <time>2026-09-18T21:37:58.000Z</time>
        <extensions>
          <ns3:TrackPointExtension>
            <ns3:hr>132</ns3:hr>
            <ns3:cad>91</ns3:cad>
          </ns3:TrackPointExtension>
        </extensions>
      </trkpt>
      <trkpt lat="39.13709669373929500579833984375" lon="117.18733216635882854461669921875">
        <ele>3.7999999523162841796875</ele>
        <time>2026-09-18T21:37:59.000Z</time>
        <extensions>
          <ns3:TrackPointExtension>
            <ns3:hr>132</ns3:hr>
            <ns3:cad>91</ns3:cad>
          </ns3:TrackPointExtension>
        </extensions>
      </trkpt>
      <trkpt lat="39.137120582163333892822265625" lon="117.18732814304530620574951171875">
        <ele>3.7999999523162841796875</ele>
        <time>2026-09-18T21:38:00.000Z</time>
        <extensions>
          <ns3:TrackPointExtension>
            <ns3:hr>132</ns3:hr>
            <ns3:cad>91</ns3:cad>
          </ns3:TrackPointExtension>
        </extensions>
      </trkpt>
      <trkpt lat="39.1371556185185909271240234375" lon="117.18733551912009716033935546875">
        <ele>3.7999999523162841796875</ele>
        <time>2026-09-18T21:38:01.000Z</time>
        <extensions>
          <ns3:TrackPointExtension>
            <ns3:hr>132</ns3:hr>
            <ns3:cad>90</ns3:cad>
          </ns3:TrackPointExtension>
        </extensions>
      </trkpt>
      <trkpt lat="39.13717732764780521392822265625" lon="117.1873337589204311370849609375">
        <ele>3.7999999523162841796875</ele>
        <time>2026-09-18T21:38:02.000Z</time>
        <extensions>
          <ns3:TrackPointExtension>
            <ns3:hr>132</ns3:hr>
            <ns3:cad>90</ns3:cad>
          </ns3:TrackPointExtension>
        </extensions>
      </trkpt>
      <trkpt lat="39.137212447822093963623046875" lon="117.18734004534780979156494140625">
        <ele>3.7999999523162841796875</ele>
        <time>2026-09-18T21:38:03.000Z</time>
        <extensions>
          <ns3:TrackPointExtension>
            <ns3:hr>132</ns3:hr>
            <ns3:cad>90</ns3:cad>
          </ns3:TrackPointExtension>
        </extensions>
      </trkpt>
      <trkpt lat="39.13723616860806941986083984375" lon="117.1873386204242706298828125">
        <ele>3.7999999523162841796875</ele>
        <time>2026-09-18T21:38:04.000Z</time>
        <extensions>
          <ns3:TrackPointExtension>
            <ns3:hr>133</ns3:hr>
            <ns3:cad>90</ns3:cad>
          </ns3:TrackPointExtension>
        </extensions>
      </trkpt>
      <trkpt lat="39.1372605599462985992431640625" lon="117.18734842725098133087158203125">
        <ele>3.7999999523162841796875</ele>
        <time>2026-09-18T21:38:05.000Z</time>
        <extensions>
          <ns3:TrackPointExtension>
            <ns3:hr>133</ns3:hr>
            <ns3:cad>89</ns3:cad>
          </ns3:TrackPointExtension>
        </extensions>
      </trkpt>
      <trkpt lat="39.137284867465496063232421875" lon="117.18734675087034702301025390625">
        <ele>3.7999999523162841796875</ele>
        <time>2026-09-18T21:38:06.000Z</time>
        <extensions>
          <ns3:TrackPointExtension>
            <ns3:hr>133</ns3:hr>
            <ns3:cad>89</ns3:cad>
          </ns3:TrackPointExtension>
        </extensions>
      </trkpt>
      <trkpt lat="39.1373188979923725128173828125" lon="117.187355048954486846923828125">
        <ele>3.7999999523162841796875</ele>
        <time>2026-09-18T21:38:07.000Z</time>
        <extensions>
          <ns3:TrackPointExtension>
            <ns3:hr>133</ns3:hr>
            <ns3:cad>89</ns3:cad>
          </ns3:TrackPointExtension>
        </extensions>
      </trkpt>
      <trkpt lat="39.137339182198047637939453125" lon="117.18735664151608943939208984375">
        <ele>3.7999999523162841796875</ele>
        <time>2026-09-18T21:38:08.000Z</time>
        <extensions>
          <ns3:TrackPointExtension>
            <ns3:hr>134</ns3:hr>
            <ns3:cad>90</ns3:cad>
          </ns3:TrackPointExtension>
        </extensions>
      </trkpt>
      <trkpt lat="39.13737145252525806427001953125" lon="117.18736167065799236297607421875">
        <ele>3.7999999523162841796875</ele>
        <time>2026-09-18T21:38:09.000Z</time>
        <extensions>
          <ns3:TrackPointExtension>
            <ns3:hr>134</ns3:hr>
            <ns3:cad>90</ns3:cad>
          </ns3:TrackPointExtension>
        </extensions>
      </trkpt>
      <trkpt lat="39.1373939998447895050048828125" lon="117.18735865317285060882568359375">
        <ele>3.7999999523162841796875</ele>
        <time>2026-09-18T21:38:10.000Z</time>
        <extensions>
          <ns3:TrackPointExtension>
            <ns3:hr>134</ns3:hr>
            <ns3:cad>90</ns3:cad>
          </ns3:TrackPointExtension>
        </extensions>
      </trkpt>
      <trkpt lat="39.1374295391142368316650390625" lon="117.1873656101524829864501953125">
        <ele>3.7999999523162841796875</ele>
        <time>2026-09-18T21:38:11.000Z</time>
        <extensions>
          <ns3:TrackPointExtension>
            <ns3:hr>135</ns3:hr>
            <ns3:cad>90</ns3:cad>
          </ns3:TrackPointExtension>
        </extensions>
      </trkpt>
      <trkpt lat="39.13745217025279998779296875" lon="117.1873654425144195556640625">
        <ele>3.7999999523162841796875</ele>
        <time>2026-09-18T21:38:12.000Z</time>
        <extensions>
          <ns3:TrackPointExtension>
            <ns3:hr>135</ns3:hr>
            <ns3:cad>90</ns3:cad>
          </ns3:TrackPointExtension>
        </extensions>
      </trkpt>
      <trkpt lat="39.1374863684177398681640625" lon="117.18736938200891017913818359375">
        <ele>3.7999999523162841796875</ele>
        <time>2026-09-18T21:38:13.000Z</time>
        <extensions>
          <ns3:TrackPointExtension>
            <ns3:hr>135</ns3:hr>
            <ns3:cad>90</ns3:cad>
          </ns3:TrackPointExtension>
        </extensions>
      </trkpt>
      <trkpt lat="39.1375069878995418548583984375" lon="117.1873709745705127716064453125">
        <ele>3.7999999523162841796875</ele>
        <time>2026-09-18T21:38:14.000Z</time>
        <extensions>
          <ns3:TrackPointExtension>
            <ns3:hr>135</ns3:hr>
            <ns3:cad>90</ns3:cad>
          </ns3:TrackPointExtension>
        </extensions>
      </trkpt>
      <trkpt lat="39.13753992877900600433349609375" lon="117.18737659044563770294189453125">
        <ele>3.7999999523162841796875</ele>
        <time>2026-09-18T21:38:15.000Z</time>
        <extensions>
          <ns3:TrackPointExtension>
            <ns3:hr>136</ns3:hr>
            <ns3:cad>89</ns3:cad>
          </ns3:TrackPointExtension>
        </extensions>
      </trkpt>
      <trkpt lat="39.1375613026320934295654296875" lon="117.18737659044563770294189453125">
        <ele>3.7999999523162841796875</ele>
        <time>2026-09-18T21:38:16.000Z</time>
        <extensions>
          <ns3:TrackPointExtension>
            <ns3:hr>136</ns3:hr>
            <ns3:cad>89</ns3:cad>
          </ns3:TrackPointExtension>
        </extensions>
      </trkpt>
      <trkpt lat="39.13759256713092327117919921875" lon="117.187379859387874603271484375">
        <ele>3.7999999523162841796875</ele>
        <time>2026-09-18T21:38:17.000Z</time>
        <extensions>
          <ns3:TrackPointExtension>
            <ns3:hr>136</ns3:hr>
            <ns3:cad>89</ns3:cad>
          </ns3:TrackPointExtension>
        </extensions>
      </trkpt>
      <trkpt lat="39.1376169584691524505615234375" lon="117.18737793155014514923095703125">
        <ele>3.7999999523162841796875</ele>
        <time>2026-09-18T21:38:18.000Z</time>
        <extensions>
          <ns3:TrackPointExtension>
            <ns3:hr>136</ns3:hr>
            <ns3:cad>89</ns3:cad>
          </ns3:TrackPointExtension>
        </extensions>
      </trkpt>
      <trkpt lat="39.1376511566340923309326171875" lon="117.1873827092349529266357421875">
        <ele>3.7999999523162841796875</ele>
        <time>2026-09-18T21:38:19.000Z</time>
        <extensions>
          <ns3:TrackPointExtension>
            <ns3:hr>136</ns3:hr>
            <ns3:cad>89</ns3:cad>
          </ns3:TrackPointExtension>
        </extensions>
      </trkpt>
      <trkpt lat="39.13767672143876552581787109375" lon="117.187385894358158111572265625">
        <ele>3.599999904632568359375</ele>
        <time>2026-09-18T21:38:20.000Z</time>
        <extensions>
          <ns3:TrackPointExtension>
            <ns3:hr>136</ns3:hr>
            <ns3:cad>89</ns3:cad>
          </ns3:TrackPointExtension>
        </extensions>
      </trkpt>
      <trkpt lat="39.137712009251117706298828125" lon="117.18739092350006103515625">
        <ele>3.599999904632568359375</ele>
        <time>2026-09-18T21:38:21.000Z</time>
        <extensions>
          <ns3:TrackPointExtension>
            <ns3:hr>137</ns3:hr>
            <ns3:cad>89</ns3:cad>
          </ns3:TrackPointExtension>
        </extensions>
      </trkpt>
      <trkpt lat="39.1377339698374271392822265625" lon="117.18739050440490245819091796875">
        <ele>3.599999904632568359375</ele>
        <time>2026-09-18T21:38:22.000Z</time>
        <extensions>
          <ns3:TrackPointExtension>
            <ns3:hr>136</ns3:hr>
            <ns3:cad>89</ns3:cad>
          </ns3:TrackPointExtension>
        </extensions>
      </trkpt>
      <trkpt lat="39.1377668268978595733642578125" lon="117.18739184550940990447998046875">
        <ele>3.7999999523162841796875</ele>
        <time>2026-09-18T21:38:23.000Z</time>
        <extensions>
          <ns3:TrackPointExtension>
            <ns3:hr>136</ns3:hr>
            <ns3:cad>89</ns3:cad>
          </ns3:TrackPointExtension>
        </extensions>
      </trkpt>
      <trkpt lat="39.13779079914093017578125" lon="117.187393270432949066162109375">
        <ele>3.599999904632568359375</ele>
        <time>2026-09-18T21:38:24.000Z</time>
        <extensions>
          <ns3:TrackPointExtension>
            <ns3:hr>137</ns3:hr>
            <ns3:cad>89</ns3:cad>
          </ns3:TrackPointExtension>
        </extensions>
      </trkpt>
      <trkpt lat="39.13782021962106227874755859375" lon="117.18739821575582027435302734375">
        <ele>3.7999999523162841796875</ele>
        <time>2026-09-18T21:38:25.000Z</time>
        <extensions>
          <ns3:TrackPointExtension>
            <ns3:hr>137</ns3:hr>
            <ns3:cad>89</ns3:cad>
          </ns3:TrackPointExtension>
        </extensions>
      </trkpt>
      <trkpt lat="39.13784067146480083465576171875" lon="117.18740073032677173614501953125">
        <ele>3.599999904632568359375</ele>
        <time>2026-09-18T21:38:26.000Z</time>
        <extensions>
          <ns3:TrackPointExtension>
            <ns3:hr>137</ns3:hr>
            <ns3:cad>89</ns3:cad>
          </ns3:TrackPointExtension>
        </extensions>
      </trkpt>
      <trkpt lat="39.137873612344264984130859375" lon="117.187406010925769805908203125">
        <ele>3.7999999523162841796875</ele>
        <time>2026-09-18T21:38:27.000Z</time>
        <extensions>
          <ns3:TrackPointExtension>
            <ns3:hr>137</ns3:hr>
            <ns3:cad>89</ns3:cad>
          </ns3:TrackPointExtension>
        </extensions>
      </trkpt>
      <trkpt lat="39.13789481855928897857666015625" lon="117.18740190379321575164794921875">
        <ele>3.599999904632568359375</ele>
        <time>2026-09-18T21:38:28.000Z</time>
        <extensions>
          <ns3:TrackPointExtension>
            <ns3:hr>137</ns3:hr>
            <ns3:cad>90</ns3:cad>
          </ns3:TrackPointExtension>
        </extensions>
      </trkpt>
      <trkpt lat="39.1379277594387531280517578125" lon="117.18741162680089473724365234375">
        <ele>3.7999999523162841796875</ele>
        <time>2026-09-18T21:38:29.000Z</time>
        <extensions>
          <ns3:TrackPointExtension>
            <ns3:hr>136</ns3:hr>
            <ns3:cad>90</ns3:cad>
          </ns3:TrackPointExtension>
        </extensions>
      </trkpt>
      <trkpt lat="39.137951396405696868896484375" lon="117.187414728105068206787109375">
        <ele>3.599999904632568359375</ele>
        <time>2026-09-18T21:38:30.000Z</time>
        <extensions>
          <ns3:TrackPointExtension>
            <ns3:hr>137</ns3:hr>
            <ns3:cad>90</ns3:cad>
          </ns3:TrackPointExtension>
        </extensions>
      </trkpt>
      <trkpt lat="39.1379844211041927337646484375" lon="117.1874232776463031768798828125">
        <ele>3.599999904632568359375</ele>
        <time>2026-09-18T21:38:31.000Z</time>
        <extensions>
          <ns3:TrackPointExtension>
            <ns3:hr>137</ns3:hr>
            <ns3:cad>89</ns3:cad>
          </ns3:TrackPointExtension>
        </extensions>
      </trkpt>
      <trkpt lat="39.13800730369985103607177734375" lon="117.18742688186466693878173828125">
        <ele>3.7999999523162841796875</ele>
        <time>2026-09-18T21:38:32.000Z</time>
        <extensions>
          <ns3:TrackPointExtension>
            <ns3:hr>137</ns3:hr>
            <ns3:cad>89</ns3:cad>
          </ns3:TrackPointExtension>
        </extensions>
      </trkpt>
      <trkpt lat="39.13803949020802974700927734375" lon="117.1874378621578216552734375">
        <ele>3.7999999523162841796875</ele>
        <time>2026-09-18T21:38:33.000Z</time>
        <extensions>
          <ns3:TrackPointExtension>
            <ns3:hr>137</ns3:hr>
            <ns3:cad>89</ns3:cad>
          </ns3:TrackPointExtension>
        </extensions>
      </trkpt>
      <trkpt lat="39.13806178607046604156494140625" lon="117.1874370239675045013427734375">
        <ele>3.599999904632568359375</ele>
        <time>2026-09-18T21:38:34.000Z</time>
        <extensions>
          <ns3:TrackPointExtension>
            <ns3:hr>137</ns3:hr>
            <ns3:cad>90</ns3:cad>
          </ns3:TrackPointExtension>
        </extensions>
      </trkpt>
      <trkpt lat="39.1380933858454227447509765625" lon="117.18744666315615177154541015625">
        <ele>3.7999999523162841796875</ele>
        <time>2026-09-18T21:38:35.000Z</time>
        <extensions>
          <ns3:TrackPointExtension>
            <ns3:hr>136</ns3:hr>
            <ns3:cad>90</ns3:cad>
          </ns3:TrackPointExtension>
        </extensions>
      </trkpt>
      <trkpt lat="39.13811475969851016998291015625" lon="117.1874484233558177947998046875">
        <ele>3.7999999523162841796875</ele>
        <time>2026-09-18T21:38:36.000Z</time>
        <extensions>
          <ns3:TrackPointExtension>
            <ns3:hr>137</ns3:hr>
            <ns3:cad>90</ns3:cad>
          </ns3:TrackPointExtension>
        </extensions>
      </trkpt>
      <trkpt lat="39.13814359344542026519775390625" lon="117.187457978725433349609375">
        <ele>3.7999999523162841796875</ele>
        <time>2026-09-18T21:38:37.000Z</time>
        <extensions>
          <ns3:TrackPointExtension>
            <ns3:hr>137</ns3:hr>
            <ns3:cad>90</ns3:cad>
          </ns3:TrackPointExtension>
        </extensions>
      </trkpt>
      <trkpt lat="39.1381674818694591522216796875" lon="117.18746460042893886566162109375">
        <ele>3.599999904632568359375</ele>
        <time>2026-09-18T21:38:38.000Z</time>
        <extensions>
          <ns3:TrackPointExtension>
            <ns3:hr>137</ns3:hr>
            <ns3:cad>90</ns3:cad>
          </ns3:TrackPointExtension>
        </extensions>
      </trkpt>
      <trkpt lat="39.13819723762571811676025390625" lon="117.18747583217918872833251953125">
        <ele>3.599999904632568359375</ele>
        <time>2026-09-18T21:38:39.000Z</time>
        <extensions>
          <ns3:TrackPointExtension>
            <ns3:hr>137</ns3:hr>
            <ns3:cad>90</ns3:cad>
          </ns3:TrackPointExtension>
        </extensions>
      </trkpt>
      <trkpt lat="39.13822037167847156524658203125" lon="117.1874772571027278900146484375">
        <ele>3.599999904632568359375</ele>
        <time>2026-09-18T21:38:40.000Z</time>
        <extensions>
          <ns3:TrackPointExtension>
            <ns3:hr>136</ns3:hr>
            <ns3:cad>90</ns3:cad>
          </ns3:TrackPointExtension>
        </extensions>
      </trkpt>
      <trkpt lat="39.1382502950727939605712890625" lon="117.18748521991074085235595703125">
        <ele>3.599999904632568359375</ele>
        <time>2026-09-18T21:38:41.000Z</time>
        <extensions>
          <ns3:TrackPointExtension>
            <ns3:hr>136</ns3:hr>
            <ns3:cad>90</ns3:cad>
          </ns3:TrackPointExtension>
        </extensions>
      </trkpt>
      <trkpt lat="39.13827418349683284759521484375" lon="117.187481112778186798095703125">
        <ele>3.599999904632568359375</ele>
        <time>2026-09-18T21:38:42.000Z</time>
        <extensions>
          <ns3:TrackPointExtension>
            <ns3:hr>136</ns3:hr>
            <ns3:cad>89</ns3:cad>
          </ns3:TrackPointExtension>
        </extensions>
      </trkpt>
      <trkpt lat="39.13830511271953582763671875" lon="117.1874883212149143218994140625">
        <ele>3.599999904632568359375</ele>
        <time>2026-09-18T21:38:43.000Z</time>
        <extensions>
          <ns3:TrackPointExtension>
            <ns3:hr>136</ns3:hr>
            <ns3:cad>89</ns3:cad>
          </ns3:TrackPointExtension>
        </extensions>
      </trkpt>
      <trkpt lat="39.13832916878163814544677734375" lon="117.18748421408236026763916015625">
        <ele>3.599999904632568359375</ele>
        <time>2026-09-18T21:38:44.000Z</time>
        <extensions>
          <ns3:TrackPointExtension>
            <ns3:hr>136</ns3:hr>
            <ns3:cad>90</ns3:cad>
          </ns3:TrackPointExtension>
        </extensions>
      </trkpt>
      <trkpt lat="39.1383634507656097412109375" lon="117.18749477528035640716552734375">
        <ele>3.7999999523162841796875</ele>
        <time>2026-09-18T21:38:45.000Z</time>
        <extensions>
          <ns3:TrackPointExtension>
            <ns3:hr>135</ns3:hr>
            <ns3:cad>90</ns3:cad>
          </ns3:TrackPointExtension>
        </extensions>
      </trkpt>
      <trkpt lat="39.13838733918964862823486328125" lon="117.18749946914613246917724609375">
        <ele>3.7999999523162841796875</ele>
        <time>2026-09-18T21:38:46.000Z</time>
        <extensions>
          <ns3:TrackPointExtension>
            <ns3:hr>135</ns3:hr>
            <ns3:cad>90</ns3:cad>
          </ns3:TrackPointExtension>
        </extensions>
      </trkpt>
      <trkpt lat="39.13841969333589076995849609375" lon="117.1875075995922088623046875">
        <ele>3.7999999523162841796875</ele>
        <time>2026-09-18T21:38:47.000Z</time>
        <extensions>
          <ns3:TrackPointExtension>
            <ns3:hr>135</ns3:hr>
            <ns3:cad>90</ns3:cad>
          </ns3:TrackPointExtension>
        </extensions>
      </trkpt>
      <trkpt lat="39.13844148628413677215576171875" lon="117.1875017322599887847900390625">
        <ele>3.7999999523162841796875</ele>
        <time>2026-09-18T21:38:48.000Z</time>
        <extensions>
          <ns3:TrackPointExtension>
            <ns3:hr>135</ns3:hr>
            <ns3:cad>90</ns3:cad>
          </ns3:TrackPointExtension>
        </extensions>
      </trkpt>
      <trkpt lat="39.13847132585942745208740234375" lon="117.18750533647835254669189453125">
        <ele>3.7999999523162841796875</ele>
        <time>2026-09-18T21:38:49.000Z</time>
        <extensions>
          <ns3:TrackPointExtension>
            <ns3:hr>135</ns3:hr>
            <ns3:cad>90</ns3:cad>
          </ns3:TrackPointExtension>
        </extensions>
      </trkpt>
      <trkpt lat="39.1384921967983245849609375" lon="117.18750022351741790771484375">
        <ele>4</ele>
        <time>2026-09-18T21:38:50.000Z</time>
        <extensions>
          <ns3:TrackPointExtension>
            <ns3:hr>135</ns3:hr>
            <ns3:cad>90</ns3:cad>
          </ns3:TrackPointExtension>
        </extensions>
      </trkpt>
      <trkpt lat="39.13852413184940814971923828125" lon="117.18750827014446258544921875">
        <ele>4</ele>
        <time>2026-09-18T21:38:51.000Z</time>
        <extensions>
          <ns3:TrackPointExtension>
            <ns3:hr>136</ns3:hr>
            <ns3:cad>89</ns3:cad>
          </ns3:TrackPointExtension>
        </extensions>
      </trkpt>
      <trkpt lat="39.13854508660733699798583984375" lon="117.1875060908496379852294921875">
        <ele>4</ele>
        <time>2026-09-18T21:38:52.000Z</time>
        <extensions>
          <ns3:TrackPointExtension>
            <ns3:hr>135</ns3:hr>
            <ns3:cad>89</ns3:cad>
          </ns3:TrackPointExtension>
        </extensions>
      </trkpt>
      <trkpt lat="39.13858096115291118621826171875" lon="117.187515981495380401611328125">
        <ele>4</ele>
        <time>2026-09-18T21:38:53.000Z</time>
        <extensions>
          <ns3:TrackPointExtension>
            <ns3:hr>136</ns3:hr>
            <ns3:cad>89</ns3:cad>
          </ns3:TrackPointExtension>
        </extensions>
      </trkpt>
      <trkpt lat="39.138605184853076934814453125" lon="117.18751640059053897857666015625">
        <ele>4</ele>
        <time>2026-09-18T21:38:54.000Z</time>
        <extensions>
          <ns3:TrackPointExtension>
            <ns3:hr>136</ns3:hr>
            <ns3:cad>89</ns3:cad>
          </ns3:TrackPointExtension>
        </extensions>
      </trkpt>
      <trkpt lat="39.13863846100866794586181640625" lon="117.1875292249023914337158203125">
        <ele>3.7999999523162841796875</ele>
        <time>2026-09-18T21:38:55.000Z</time>
        <extensions>
          <ns3:TrackPointExtension>
            <ns3:hr>136</ns3:hr>
            <ns3:cad>89</ns3:cad>
          </ns3:TrackPointExtension>
        </extensions>
      </trkpt>
      <trkpt lat="39.13866209797561168670654296875" lon="117.18752595596015453338623046875">
        <ele>3.7999999523162841796875</ele>
        <time>2026-09-18T21:38:56.000Z</time>
        <extensions>
          <ns3:TrackPointExtension>
            <ns3:hr>136</ns3:hr>
            <ns3:cad>89</ns3:cad>
          </ns3:TrackPointExtension>
        </extensions>
      </trkpt>
      <trkpt lat="39.138693027198314666748046875" lon="117.18753349967300891876220703125">
        <ele>3.7999999523162841796875</ele>
        <time>2026-09-18T21:38:57.000Z</time>
        <extensions>
          <ns3:TrackPointExtension>
            <ns3:hr>136</ns3:hr>
            <ns3:cad>89</ns3:cad>
          </ns3:TrackPointExtension>
        </extensions>
      </trkpt>
      <trkpt lat="39.13871389813721179962158203125" lon="117.1875292249023914337158203125">
        <ele>3.7999999523162841796875</ele>
        <time>2026-09-18T21:38:58.000Z</time>
        <extensions>
          <ns3:TrackPointExtension>
            <ns3:hr>136</ns3:hr>
            <ns3:cad>89</ns3:cad>
          </ns3:TrackPointExtension>
        </extensions>
      </trkpt>
      <trkpt lat="39.1387431509792804718017578125" lon="117.18753534369170665740966796875">
        <ele>3.7999999523162841796875</ele>
        <time>2026-09-18T21:38:59.000Z</time>
        <extensions>
          <ns3:TrackPointExtension>
            <ns3:hr>136</ns3:hr>
            <ns3:cad>89</ns3:cad>
          </ns3:TrackPointExtension>
        </extensions>
      </trkpt>
      <trkpt lat="39.1387672908604145050048828125" lon="117.187532745301723480224609375">
        <ele>3.7999999523162841796875</ele>
        <time>2026-09-18T21:39:00.000Z</time>
        <extensions>
          <ns3:TrackPointExtension>
            <ns3:hr>136</ns3:hr>
            <ns3:cad>89</ns3:cad>
          </ns3:TrackPointExtension>
        </extensions>
      </trkpt>
      <trkpt lat="39.13879956118762493133544921875" lon="117.1875423006713390350341796875">
        <ele>3.7999999523162841796875</ele>
        <time>2026-09-18T21:39:01.000Z</time>
        <extensions>
          <ns3:TrackPointExtension>
            <ns3:hr>136</ns3:hr>
            <ns3:cad>89</ns3:cad>
          </ns3:TrackPointExtension>
        </extensions>
      </trkpt>
      <trkpt lat="39.13882252760231494903564453125" lon="117.18754473142325878143310546875">
        <ele>3.7999999523162841796875</ele>
        <time>2026-09-18T21:39:02.000Z</time>
        <extensions>
          <ns3:TrackPointExtension>
            <ns3:hr>136</ns3:hr>
            <ns3:cad>89</ns3:cad>
          </ns3:TrackPointExtension>
        </extensions>
      </trkpt>
      <trkpt lat="39.13885605521500110626220703125" lon="117.1875537000596523284912109375">
        <ele>3.7999999523162841796875</ele>
        <time>2026-09-18T21:39:03.000Z</time>
        <extensions>
          <ns3:TrackPointExtension>
            <ns3:hr>136</ns3:hr>
            <ns3:cad>89</ns3:cad>
          </ns3:TrackPointExtension>
        </extensions>
      </trkpt>
      <trkpt lat="39.13887902162969112396240234375" lon="117.1875464916229248046875">
        <ele>3.7999999523162841796875</ele>
        <time>2026-09-18T21:39:04.000Z</time>
        <extensions>
          <ns3:TrackPointExtension>
            <ns3:hr>136</ns3:hr>
            <ns3:cad>89</ns3:cad>
          </ns3:TrackPointExtension>
        </extensions>
      </trkpt>
      <trkpt lat="39.13891070522367954254150390625" lon="117.187550850212574005126953125">
        <ele>3.7999999523162841796875</ele>
        <time>2026-09-18T21:39:05.000Z</time>
        <extensions>
          <ns3:TrackPointExtension>
            <ns3:hr>136</ns3:hr>
            <ns3:cad>89</ns3:cad>
          </ns3:TrackPointExtension>
        </extensions>
      </trkpt>
      <trkpt lat="39.138933755457401275634765625" lon="117.18755026347935199737548828125">
        <ele>3.7999999523162841796875</ele>
        <time>2026-09-18T21:39:06.000Z</time>
        <extensions>
          <ns3:TrackPointExtension>
            <ns3:hr>136</ns3:hr>
            <ns3:cad>89</ns3:cad>
          </ns3:TrackPointExtension>
        </extensions>
      </trkpt>
      <trkpt lat="39.13896602578461170196533203125" lon="117.18755378387868404388427734375">
        <ele>3.7999999523162841796875</ele>
        <time>2026-09-18T21:39:07.000Z</time>
        <extensions>
          <ns3:TrackPointExtension>
            <ns3:hr>136</ns3:hr>
            <ns3:cad>89</ns3:cad>
          </ns3:TrackPointExtension>
        </extensions>
      </trkpt>
      <trkpt lat="39.13899318315088748931884765625" lon="117.1875537000596523284912109375">
        <ele>3.7999999523162841796875</ele>
        <time>2026-09-18T21:39:08.000Z</time>
        <extensions>
          <ns3:TrackPointExtension>
            <ns3:hr>135</ns3:hr>
            <ns3:cad>89</ns3:cad>
          </ns3:TrackPointExtension>
        </extensions>
      </trkpt>
      <trkpt lat="39.13902000524103641510009765625" lon="117.18755831010639667510986328125">
        <ele>3.7999999523162841796875</ele>
        <time>2026-09-18T21:39:09.000Z</time>
        <extensions>
          <ns3:TrackPointExtension>
            <ns3:hr>135</ns3:hr>
            <ns3:cad>89</ns3:cad>
          </ns3:TrackPointExtension>
        </extensions>
      </trkpt>
      <trkpt lat="39.13904272019863128662109375" lon="117.18755646608769893646240234375">
        <ele>3.7999999523162841796875</ele>
        <time>2026-09-18T21:39:10.000Z</time>
        <extensions>
          <ns3:TrackPointExtension>
            <ns3:hr>135</ns3:hr>
            <ns3:cad>89</ns3:cad>
          </ns3:TrackPointExtension>
        </extensions>
      </trkpt>
      <trkpt lat="39.1390760801732540130615234375" lon="117.1875640936195850372314453125">
        <ele>3.7999999523162841796875</ele>
        <time>2026-09-18T21:39:11.000Z</time>
        <extensions>
          <ns3:TrackPointExtension>
            <ns3:hr>135</ns3:hr>
            <ns3:cad>89</ns3:cad>
          </ns3:TrackPointExtension>
        </extensions>
      </trkpt>
      <trkpt lat="39.13910147733986377716064453125" lon="117.18756384216248989105224609375">
        <ele>3.7999999523162841796875</ele>
        <time>2026-09-18T21:39:12.000Z</time>
        <extensions>
          <ns3:TrackPointExtension>
            <ns3:hr>134</ns3:hr>
            <ns3:cad>89</ns3:cad>
          </ns3:TrackPointExtension>
        </extensions>
      </trkpt>
      <trkpt lat="39.13913148455321788787841796875" lon="117.18757272697985172271728515625">
        <ele>3.7999999523162841796875</ele>
        <time>2026-09-18T21:39:13.000Z</time>
        <extensions>
          <ns3:TrackPointExtension>
            <ns3:hr>134</ns3:hr>
            <ns3:cad>89</ns3:cad>
          </ns3:TrackPointExtension>
        </extensions>
      </trkpt>
      <trkpt lat="39.1391585581004619598388671875" lon="117.18757373280823230743408203125">
        <ele>3.7999999523162841796875</ele>
        <time>2026-09-18T21:39:14.000Z</time>
        <extensions>
          <ns3:TrackPointExtension>
            <ns3:hr>134</ns3:hr>
            <ns3:cad>89</ns3:cad>
          </ns3:TrackPointExtension>
        </extensions>
      </trkpt>
      <trkpt lat="39.13919066078960895538330078125" lon="117.18758068978786468505859375">
        <ele>3.7999999523162841796875</ele>
        <time>2026-09-18T21:39:15.000Z</time>
        <extensions>
          <ns3:TrackPointExtension>
            <ns3:hr>134</ns3:hr>
            <ns3:cad>89</ns3:cad>
          </ns3:TrackPointExtension>
        </extensions>
      </trkpt>
      <trkpt lat="39.1392145492136478424072265625" lon="117.187579013407230377197265625">
        <ele>3.7999999523162841796875</ele>
        <time>2026-09-18T21:39:16.000Z</time>
        <extensions>
          <ns3:TrackPointExtension>
            <ns3:hr>135</ns3:hr>
            <ns3:cad>90</ns3:cad>
          </ns3:TrackPointExtension>
        </extensions>
      </trkpt>
      <trkpt lat="39.13924656808376312255859375" lon="117.1875880658626556396484375">
        <ele>3.7999999523162841796875</ele>
        <time>2026-09-18T21:39:17.000Z</time>
        <extensions>
          <ns3:TrackPointExtension>
            <ns3:hr>134</ns3:hr>
            <ns3:cad>88</ns3:cad>
          </ns3:TrackPointExtension>
        </extensions>
      </trkpt>
      <trkpt lat="39.13926794193685054779052734375" lon="117.18758471310138702392578125">
        <ele>3.7999999523162841796875</ele>
        <time>2026-09-18T21:39:18.000Z</time>
        <extensions>
          <ns3:TrackPointExtension>
            <ns3:hr>134</ns3:hr>
            <ns3:cad>88</ns3:cad>
          </ns3:TrackPointExtension>
        </extensions>
      </trkpt>
      <trkpt lat="39.13929610513150691986083984375" lon="117.18758798204362392425537109375">
        <ele>3.7999999523162841796875</ele>
        <time>2026-09-18T21:39:19.000Z</time>
        <extensions>
          <ns3:TrackPointExtension>
            <ns3:hr>134</ns3:hr>
            <ns3:cad>88</ns3:cad>
          </ns3:TrackPointExtension>
        </extensions>
      </trkpt>
      <trkpt lat="39.139316640794277191162109375" lon="117.1875882335007190704345703125">
        <ele>3.7999999523162841796875</ele>
        <time>2026-09-18T21:39:20.000Z</time>
        <extensions>
          <ns3:TrackPointExtension>
            <ns3:hr>134</ns3:hr>
            <ns3:cad>88</ns3:cad>
          </ns3:TrackPointExtension>
        </extensions>
      </trkpt>
      <trkpt lat="39.13934580981731414794921875" lon="117.1875969506800174713134765625">
        <ele>3.7999999523162841796875</ele>
        <time>2026-09-18T21:39:21.000Z</time>
        <extensions>
          <ns3:TrackPointExtension>
            <ns3:hr>133</ns3:hr>
            <ns3:cad>89</ns3:cad>
          </ns3:TrackPointExtension>
        </extensions>
      </trkpt>
      <trkpt lat="39.13936902768909931182861328125" lon="117.18759410083293914794921875">
        <ele>3.7999999523162841796875</ele>
        <time>2026-09-18T21:39:22.000Z</time>
        <extensions>
          <ns3:TrackPointExtension>
            <ns3:hr>133</ns3:hr>
            <ns3:cad>89</ns3:cad>
          </ns3:TrackPointExtension>
        </extensions>
      </trkpt>
      <trkpt lat="39.13940490223467350006103515625" lon="117.18760290183126926422119140625">
        <ele>3.7999999523162841796875</ele>
        <time>2026-09-18T21:39:23.000Z</time>
        <extensions>
          <ns3:TrackPointExtension>
            <ns3:hr>133</ns3:hr>
            <ns3:cad>89</ns3:cad>
          </ns3:TrackPointExtension>
        </extensions>
      </trkpt>
      <trkpt lat="39.139429293572902679443359375" lon="117.18760323710739612579345703125">
        <ele>3.7999999523162841796875</ele>
        <time>2026-09-18T21:39:24.000Z</time>
        <extensions>
          <ns3:TrackPointExtension>
            <ns3:hr>133</ns3:hr>
            <ns3:cad>89</ns3:cad>
          </ns3:TrackPointExtension>
        </extensions>
      </trkpt>
      <trkpt lat="39.13946173153817653656005859375" lon="117.1876053325831890106201171875">
        <ele>3.7999999523162841796875</ele>
        <time>2026-09-18T21:39:25.000Z</time>
        <extensions>
          <ns3:TrackPointExtension>
            <ns3:hr>132</ns3:hr>
            <ns3:cad>89</ns3:cad>
          </ns3:TrackPointExtension>
        </extensions>
      </trkpt>
      <trkpt lat="39.13948805071413516998291015625" lon="117.187604494392871856689453125">
        <ele>3.7999999523162841796875</ele>
        <time>2026-09-18T21:39:26.000Z</time>
        <extensions>
          <ns3:TrackPointExtension>
            <ns3:hr>133</ns3:hr>
            <ns3:cad>90</ns3:cad>
          </ns3:TrackPointExtension>
        </extensions>
      </trkpt>
      <trkpt lat="39.13951805792748928070068359375" lon="117.1876083500683307647705078125">
        <ele>3.7999999523162841796875</ele>
        <time>2026-09-18T21:39:27.000Z</time>
        <extensions>
          <ns3:TrackPointExtension>
            <ns3:hr>132</ns3:hr>
            <ns3:cad>90</ns3:cad>
          </ns3:TrackPointExtension>
        </extensions>
      </trkpt>
      <trkpt lat="39.13954186253249645233154296875" lon="117.18760709278285503387451171875">
        <ele>3.7999999523162841796875</ele>
        <time>2026-09-18T21:39:28.000Z</time>
        <extensions>
          <ns3:TrackPointExtension>
            <ns3:hr>132</ns3:hr>
            <ns3:cad>90</ns3:cad>
          </ns3:TrackPointExtension>
        </extensions>
      </trkpt>
      <trkpt lat="39.1395712830126285552978515625" lon="117.18761698342859745025634765625">
        <ele>3.7999999523162841796875</ele>
        <time>2026-09-18T21:39:29.000Z</time>
        <extensions>
          <ns3:TrackPointExtension>
            <ns3:hr>132</ns3:hr>
            <ns3:cad>88</ns3:cad>
          </ns3:TrackPointExtension>
        </extensions>
      </trkpt>
      <trkpt lat="39.1395937465131282806396484375" lon="117.1876175701618194580078125">
        <ele>3.7999999523162841796875</ele>
        <time>2026-09-18T21:39:30.000Z</time>
        <extensions>
          <ns3:TrackPointExtension>
            <ns3:hr>133</ns3:hr>
            <ns3:cad>88</ns3:cad>
          </ns3:TrackPointExtension>
        </extensions>
      </trkpt>
      <trkpt lat="39.13962475955486297607421875" lon="117.187621928751468658447265625">
        <ele>3.7999999523162841796875</ele>
        <time>2026-09-18T21:39:31.000Z</time>
        <extensions>
          <ns3:TrackPointExtension>
            <ns3:hr>132</ns3:hr>
            <ns3:cad>88</ns3:cad>
          </ns3:TrackPointExtension>
        </extensions>
      </trkpt>
      <trkpt lat="39.13964512757956981658935546875" lon="117.18762737698853015899658203125">
        <ele>3.7999999523162841796875</ele>
        <time>2026-09-18T21:39:32.000Z</time>
        <extensions>
          <ns3:TrackPointExtension>
            <ns3:hr>132</ns3:hr>
            <ns3:cad>89</ns3:cad>
          </ns3:TrackPointExtension>
        </extensions>
      </trkpt>
      <trkpt lat="39.13967161439359188079833984375" lon="117.18763458542525768280029296875">
        <ele>3.7999999523162841796875</ele>
        <time>2026-09-18T21:39:33.000Z</time>
        <extensions>
          <ns3:TrackPointExtension>
            <ns3:hr>133</ns3:hr>
            <ns3:cad>89</ns3:cad>
          </ns3:TrackPointExtension>
        </extensions>
      </trkpt>
      <trkpt lat="39.139692485332489013671875" lon="117.18764078803360462188720703125">
        <ele>3.7999999523162841796875</ele>
        <time>2026-09-18T21:39:34.000Z</time>
        <extensions>
          <ns3:TrackPointExtension>
            <ns3:hr>133</ns3:hr>
            <ns3:cad>89</ns3:cad>
          </ns3:TrackPointExtension>
        </extensions>
      </trkpt>
      <trkpt lat="39.13971872068941593170166015625" lon="117.18764799647033214569091796875">
        <ele>3.7999999523162841796875</ele>
        <time>2026-09-18T21:39:35.000Z</time>
        <extensions>
          <ns3:TrackPointExtension>
            <ns3:hr>133</ns3:hr>
            <ns3:cad>89</ns3:cad>
          </ns3:TrackPointExtension>
        </extensions>
      </trkpt>
      <trkpt lat="39.13974302820861339569091796875" lon="117.187654115259647369384765625">
        <ele>3.7999999523162841796875</ele>
        <time>2026-09-18T21:39:36.000Z</time>
        <extensions>
          <ns3:TrackPointExtension>
            <ns3:hr>133</ns3:hr>
            <ns3:cad>88</ns3:cad>
          </ns3:TrackPointExtension>
        </extensions>
      </trkpt>
      <trkpt lat="39.13976632989943027496337890625" lon="117.187661491334438323974609375">
        <ele>3.599999904632568359375</ele>
        <time>2026-09-18T21:39:37.000Z</time>
        <extensions>
          <ns3:TrackPointExtension>
            <ns3:hr>133</ns3:hr>
            <ns3:cad>89</ns3:cad>
          </ns3:TrackPointExtension>
        </extensions>
      </trkpt>
      <trkpt lat="39.1397895477712154388427734375" lon="117.1876685321331024169921875">
        <ele>3.599999904632568359375</ele>
        <time>2026-09-18T21:39:38.000Z</time>
        <extensions>
          <ns3:TrackPointExtension>
            <ns3:hr>133</ns3:hr>
            <ns3:cad>89</ns3:cad>
          </ns3:TrackPointExtension>
        </extensions>
      </trkpt>
      <trkpt lat="39.13982097990810871124267578125" lon="117.187666855752468109130859375">
        <ele>3.599999904632568359375</ele>
        <time>2026-09-18T21:39:39.000Z</time>
        <extensions>
          <ns3:TrackPointExtension>
            <ns3:hr>133</ns3:hr>
            <ns3:cad>89</ns3:cad>
          </ns3:TrackPointExtension>
        </extensions>
      </trkpt>
      <trkpt lat="39.13984361104667186737060546875" lon="117.18767666257917881011962890625">
        <ele>3.599999904632568359375</ele>
        <time>2026-09-18T21:39:40.000Z</time>
        <extensions>
          <ns3:TrackPointExtension>
            <ns3:hr>133</ns3:hr>
            <ns3:cad>90</ns3:cad>
          </ns3:TrackPointExtension>
        </extensions>
      </trkpt>
      <trkpt lat="39.139869846403598785400390625" lon="117.18767247162759304046630859375">
        <ele>3.7999999523162841796875</ele>
        <time>2026-09-18T21:39:41.000Z</time>
        <extensions>
          <ns3:TrackPointExtension>
            <ns3:hr>133</ns3:hr>
            <ns3:cad>90</ns3:cad>
          </ns3:TrackPointExtension>
        </extensions>
      </trkpt>
      <trkpt lat="39.13989339955151081085205078125" lon="117.18767129816114902496337890625">
        <ele>3.7999999523162841796875</ele>
        <time>2026-09-18T21:39:42.000Z</time>
        <extensions>
          <ns3:TrackPointExtension>
            <ns3:hr>133</ns3:hr>
            <ns3:cad>90</ns3:cad>
          </ns3:TrackPointExtension>
        </extensions>
      </trkpt>
      <trkpt lat="39.13991871289908885955810546875" lon="117.187670879065990447998046875">
        <ele>3.7999999523162841796875</ele>
        <time>2026-09-18T21:39:43.000Z</time>
        <extensions>
          <ns3:TrackPointExtension>
            <ns3:hr>133</ns3:hr>
            <ns3:cad>88</ns3:cad>
          </ns3:TrackPointExtension>
        </extensions>
      </trkpt>
      <trkpt lat="39.1399477981030941009521484375" lon="117.187677919864654541015625">
        <ele>3.7999999523162841796875</ele>
        <time>2026-09-18T21:39:44.000Z</time>
        <extensions>
          <ns3:TrackPointExtension>
            <ns3:hr>133</ns3:hr>
            <ns3:cad>88</ns3:cad>
          </ns3:TrackPointExtension>
        </extensions>
      </trkpt>
      <trkpt lat="39.139975123107433319091796875" lon="117.1876784227788448333740234375">
        <ele>3.7999999523162841796875</ele>
        <time>2026-09-18T21:39:45.000Z</time>
        <extensions>
          <ns3:TrackPointExtension>
            <ns3:hr>134</ns3:hr>
            <ns3:cad>88</ns3:cad>
          </ns3:TrackPointExtension>
        </extensions>
      </trkpt>
      <trkpt lat="39.14000638760626316070556640625" lon="117.18768437393009662628173828125">
        <ele>3.599999904632568359375</ele>
        <time>2026-09-18T21:39:46.000Z</time>
        <extensions>
          <ns3:TrackPointExtension>
            <ns3:hr>134</ns3:hr>
            <ns3:cad>88</ns3:cad>
          </ns3:TrackPointExtension>
        </extensions>
      </trkpt>
      <trkpt lat="39.1400346346199512481689453125" lon="117.1876817755401134490966796875">
        <ele>3.599999904632568359375</ele>
        <time>2026-09-18T21:39:47.000Z</time>
        <extensions>
          <ns3:TrackPointExtension>
            <ns3:hr>134</ns3:hr>
            <ns3:cad>88</ns3:cad>
          </ns3:TrackPointExtension>
        </extensions>
      </trkpt>
      <trkpt lat="39.1400674916803836822509765625" lon="117.18768906779587268829345703125">
        <ele>3.7999999523162841796875</ele>
        <time>2026-09-18T21:39:48.000Z</time>
        <extensions>
          <ns3:TrackPointExtension>
            <ns3:hr>134</ns3:hr>
            <ns3:cad>89</ns3:cad>
          </ns3:TrackPointExtension>
        </extensions>
      </trkpt>
      <trkpt lat="39.1400923021137714385986328125" lon="117.187688983976840972900390625">
        <ele>3.599999904632568359375</ele>
        <time>2026-09-18T21:39:49.000Z</time>
        <extensions>
          <ns3:TrackPointExtension>
            <ns3:hr>133</ns3:hr>
            <ns3:cad>89</ns3:cad>
          </ns3:TrackPointExtension>
        </extensions>
      </trkpt>
      <trkpt lat="39.140123315155506134033203125" lon="117.18769996426999568939208984375">
        <ele>3.599999904632568359375</ele>
        <time>2026-09-18T21:39:50.000Z</time>
        <extensions>
          <ns3:TrackPointExtension>
            <ns3:hr>134</ns3:hr>
            <ns3:cad>89</ns3:cad>
          </ns3:TrackPointExtension>
        </extensions>
      </trkpt>
      <trkpt lat="39.14015022106468677520751953125" lon="117.18770013190805912017822265625">
        <ele>3.599999904632568359375</ele>
        <time>2026-09-18T21:39:51.000Z</time>
        <extensions>
          <ns3:TrackPointExtension>
            <ns3:hr>134</ns3:hr>
            <ns3:cad>88</ns3:cad>
          </ns3:TrackPointExtension>
        </extensions>
      </trkpt>
      <trkpt lat="39.14018173702061176300048828125" lon="117.187710441648960113525390625">
        <ele>3.599999904632568359375</ele>
        <time>2026-09-18T21:39:52.000Z</time>
        <extensions>
          <ns3:TrackPointExtension>
            <ns3:hr>134</ns3:hr>
            <ns3:cad>88</ns3:cad>
          </ns3:TrackPointExtension>
        </extensions>
      </trkpt>
      <trkpt lat="39.14020420052111148834228515625" lon="117.18771169893443584442138671875">
        <ele>3.599999904632568359375</ele>
        <time>2026-09-18T21:39:53.000Z</time>
        <extensions>
          <ns3:TrackPointExtension>
            <ns3:hr>135</ns3:hr>
            <ns3:cad>88</ns3:cad>
          </ns3:TrackPointExtension>
        </extensions>
      </trkpt>
      <trkpt lat="39.14023538120090961456298828125" lon="117.18771941028535366058349609375">
        <ele>3.599999904632568359375</ele>
        <time>2026-09-18T21:39:54.000Z</time>
        <extensions>
          <ns3:TrackPointExtension>
            <ns3:hr>135</ns3:hr>
            <ns3:cad>88</ns3:cad>
          </ns3:TrackPointExtension>
        </extensions>
      </trkpt>
      <trkpt lat="39.14025952108204364776611328125" lon="117.18771689571440219879150390625">
        <ele>3.599999904632568359375</ele>
        <time>2026-09-18T21:39:55.000Z</time>
        <extensions>
          <ns3:TrackPointExtension>
            <ns3:hr>135</ns3:hr>
            <ns3:cad>89</ns3:cad>
          </ns3:TrackPointExtension>
        </extensions>
      </trkpt>
      <trkpt lat="39.14028600789606571197509765625" lon="117.187724523246288299560546875">
        <ele>3.599999904632568359375</ele>
        <time>2026-09-18T21:39:56.000Z</time>
        <extensions>
          <ns3:TrackPointExtension>
            <ns3:hr>135</ns3:hr>
            <ns3:cad>89</ns3:cad>
          </ns3:TrackPointExtension>
        </extensions>
      </trkpt>
      <trkpt lat="39.1403105668723583221435546875" lon="117.18772552907466888427734375">
        <ele>3.599999904632568359375</ele>
        <time>2026-09-18T21:39:57.000Z</time>
        <extensions>
          <ns3:TrackPointExtension>
            <ns3:hr>134</ns3:hr>
            <ns3:cad>89</ns3:cad>
          </ns3:TrackPointExtension>
        </extensions>
      </trkpt>
      <trkpt lat="39.14033914916217327117919921875" lon="117.1877334080636501312255859375">
        <ele>3.599999904632568359375</ele>
        <time>2026-09-18T21:39:58.000Z</time>
        <extensions>
          <ns3:TrackPointExtension>
            <ns3:hr>135</ns3:hr>
            <ns3:cad>89</ns3:cad>
          </ns3:TrackPointExtension>
        </extensions>
      </trkpt>
      <trkpt lat="39.14036161266267299652099609375" lon="117.18773097731173038482666015625">
        <ele>3.599999904632568359375</ele>
        <time>2026-09-18T21:39:59.000Z</time>
        <extensions>
          <ns3:TrackPointExtension>
            <ns3:hr>135</ns3:hr>
            <ns3:cad>89</ns3:cad>
          </ns3:TrackPointExtension>
        </extensions>
      </trkpt>
      <trkpt lat="39.14038784801959991455078125" lon="117.18773667700588703155517578125">
        <ele>3.599999904632568359375</ele>
        <time>2026-09-18T21:40:00.000Z</time>
        <extensions>
          <ns3:TrackPointExtension>
            <ns3:hr>135</ns3:hr>
            <ns3:cad>89</ns3:cad>
          </ns3:TrackPointExtension>
        </extensions>
      </trkpt>
      <trkpt lat="39.14041257463395595550537109375" lon="117.187734581530094146728515625">
        <ele>3.599999904632568359375</ele>
        <time>2026-09-18T21:40:01.000Z</time>
        <extensions>
          <ns3:TrackPointExtension>
            <ns3:hr>136</ns3:hr>
            <ns3:cad>89</ns3:cad>
          </ns3:TrackPointExtension>
        </extensions>
      </trkpt>
      <trkpt lat="39.1404436714947223663330078125" lon="117.18774371780455112457275390625">
        <ele>3.599999904632568359375</ele>
        <time>2026-09-18T21:40:02.000Z</time>
        <extensions>
          <ns3:TrackPointExtension>
            <ns3:hr>135</ns3:hr>
            <ns3:cad>89</ns3:cad>
          </ns3:TrackPointExtension>
        </extensions>
      </trkpt>
      <trkpt lat="39.14046973921358585357666015625" lon="117.18773885630071163177490234375">
        <ele>3.599999904632568359375</ele>
        <time>2026-09-18T21:40:03.000Z</time>
        <extensions>
          <ns3:TrackPointExtension>
            <ns3:hr>135</ns3:hr>
            <ns3:cad>89</ns3:cad>
          </ns3:TrackPointExtension>
        </extensions>
      </trkpt>
      <trkpt lat="39.14050326682627201080322265625" lon="117.1877478249371051788330078125">
        <ele>3.599999904632568359375</ele>
        <time>2026-09-18T21:40:04.000Z</time>
        <extensions>
          <ns3:TrackPointExtension>
            <ns3:hr>135</ns3:hr>
            <ns3:cad>89</ns3:cad>
          </ns3:TrackPointExtension>
        </extensions>
      </trkpt>
      <trkpt lat="39.14052673615515232086181640625" lon="117.1877484954893589019775390625">
        <ele>3.599999904632568359375</ele>
        <time>2026-09-18T21:40:05.000Z</time>
        <extensions>
          <ns3:TrackPointExtension>
            <ns3:hr>135</ns3:hr>
            <ns3:cad>89</ns3:cad>
          </ns3:TrackPointExtension>
        </extensions>
      </trkpt>
      <trkpt lat="39.14055875502526760101318359375" lon="117.187758050858974456787109375">
        <ele>3.599999904632568359375</ele>
        <time>2026-09-18T21:40:06.000Z</time>
        <extensions>
          <ns3:TrackPointExtension>
            <ns3:hr>136</ns3:hr>
            <ns3:cad>89</ns3:cad>
          </ns3:TrackPointExtension>
        </extensions>
      </trkpt>
      <trkpt lat="39.14058473892509937286376953125" lon="117.187758050858974456787109375">
        <ele>3.599999904632568359375</ele>
        <time>2026-09-18T21:40:07.000Z</time>
        <extensions>
          <ns3:TrackPointExtension>
            <ns3:hr>135</ns3:hr>
            <ns3:cad>90</ns3:cad>
          </ns3:TrackPointExtension>
        </extensions>
      </trkpt>
      <trkpt lat="39.14061457850039005279541015625" lon="117.18776752240955829620361328125">
        <ele>3.599999904632568359375</ele>
        <time>2026-09-18T21:40:08.000Z</time>
        <extensions>
          <ns3:TrackPointExtension>
            <ns3:hr>135</ns3:hr>
            <ns3:cad>90</ns3:cad>
          </ns3:TrackPointExtension>
        </extensions>
      </trkpt>
      <trkpt lat="39.14064240641891956329345703125" lon="117.18776333145797252655029296875">
        <ele>3.599999904632568359375</ele>
        <time>2026-09-18T21:40:09.000Z</time>
        <extensions>
          <ns3:TrackPointExtension>
            <ns3:hr>135</ns3:hr>
            <ns3:cad>90</ns3:cad>
          </ns3:TrackPointExtension>
        </extensions>
      </trkpt>
      <trkpt lat="39.14067023433744907379150390625" lon="117.18777255155146121978759765625">
        <ele>3.599999904632568359375</ele>
        <time>2026-09-18T21:40:10.000Z</time>
        <extensions>
          <ns3:TrackPointExtension>
            <ns3:hr>136</ns3:hr>
            <ns3:cad>89</ns3:cad>
          </ns3:TrackPointExtension>
        </extensions>
      </trkpt>
      <trkpt lat="39.14069521240890026092529296875" lon="117.187764756381511688232421875">
        <ele>3.599999904632568359375</ele>
        <time>2026-09-18T21:40:11.000Z</time>
        <extensions>
          <ns3:TrackPointExtension>
            <ns3:hr>135</ns3:hr>
            <ns3:cad>89</ns3:cad>
          </ns3:TrackPointExtension>
        </extensions>
      </trkpt>
      <trkpt lat="39.1407253034412860870361328125" lon="117.1877712942659854888916015625">
        <ele>3.599999904632568359375</ele>
        <time>2026-09-18T21:40:12.000Z</time>
        <extensions>
          <ns3:TrackPointExtension>
            <ns3:hr>135</ns3:hr>
            <ns3:cad>89</ns3:cad>
          </ns3:TrackPointExtension>
        </extensions>
      </trkpt>
      <trkpt lat="39.14074935950338840484619140625" lon="117.187769450247287750244140625">
        <ele>3.599999904632568359375</ele>
        <time>2026-09-18T21:40:13.000Z</time>
        <extensions>
          <ns3:TrackPointExtension>
            <ns3:hr>135</ns3:hr>
            <ns3:cad>89</ns3:cad>
          </ns3:TrackPointExtension>
        </extensions>
      </trkpt>
      <trkpt lat="39.14077701978385448455810546875" lon="117.18778177164494991302490234375">
        <ele>3.599999904632568359375</ele>
        <time>2026-09-18T21:40:14.000Z</time>
        <extensions>
          <ns3:TrackPointExtension>
            <ns3:hr>136</ns3:hr>
            <ns3:cad>89</ns3:cad>
          </ns3:TrackPointExtension>
        </extensions>
      </trkpt>
      <trkpt lat="39.1407987289130687713623046875" lon="117.18777925707399845123291015625">
        <ele>3.599999904632568359375</ele>
        <time>2026-09-18T21:40:15.000Z</time>
        <extensions>
          <ns3:TrackPointExtension>
            <ns3:hr>136</ns3:hr>
            <ns3:cad>89</ns3:cad>
          </ns3:TrackPointExtension>
        </extensions>
      </trkpt>
      <trkpt lat="39.1408302448689937591552734375" lon="117.18778747133910655975341796875">
        <ele>3.599999904632568359375</ele>
        <time>2026-09-18T21:40:16.000Z</time>
        <extensions>
          <ns3:TrackPointExtension>
            <ns3:hr>137</ns3:hr>
            <ns3:cad>89</ns3:cad>
          </ns3:TrackPointExtension>
        </extensions>
      </trkpt>
      <trkpt lat="39.14085614494979381561279296875" lon="117.18778663314878940582275390625">
        <ele>3.7999999523162841796875</ele>
        <time>2026-09-18T21:40:17.000Z</time>
        <extensions>
          <ns3:TrackPointExtension>
            <ns3:hr>137</ns3:hr>
            <ns3:cad>89</ns3:cad>
          </ns3:TrackPointExtension>
        </extensions>
      </trkpt>
      <trkpt lat="39.1408847272396087646484375" lon="117.1877991221845149993896484375">
        <ele>3.599999904632568359375</ele>
        <time>2026-09-18T21:40:18.000Z</time>
        <extensions>
          <ns3:TrackPointExtension>
            <ns3:hr>137</ns3:hr>
            <ns3:cad>90</ns3:cad>
          </ns3:TrackPointExtension>
        </extensions>
      </trkpt>
      <trkpt lat="39.140907861292362213134765625" lon="117.18779635615646839141845703125">
        <ele>3.7999999523162841796875</ele>
        <time>2026-09-18T21:40:19.000Z</time>
        <extensions>
          <ns3:TrackPointExtension>
            <ns3:hr>137</ns3:hr>
            <ns3:cad>89</ns3:cad>
          </ns3:TrackPointExtension>
        </extensions>
      </trkpt>
      <trkpt lat="39.1409378685057163238525390625" lon="117.1878038160502910614013671875">
        <ele>3.7999999523162841796875</ele>
        <time>2026-09-18T21:40:20.000Z</time>
        <extensions>
          <ns3:TrackPointExtension>
            <ns3:hr>137</ns3:hr>
            <ns3:cad>89</ns3:cad>
          </ns3:TrackPointExtension>
        </extensions>
      </trkpt>
      <trkpt lat="39.1409620083868503570556640625" lon="117.18780155293643474578857421875">
        <ele>3.7999999523162841796875</ele>
        <time>2026-09-18T21:40:21.000Z</time>
        <extensions>
          <ns3:TrackPointExtension>
            <ns3:hr>136</ns3:hr>
            <ns3:cad>89</ns3:cad>
          </ns3:TrackPointExtension>
        </extensions>
      </trkpt>
      <trkpt lat="39.14099268615245819091796875" lon="117.1878091804683208465576171875">
        <ele>3.599999904632568359375</ele>
        <time>2026-09-18T21:40:22.000Z</time>
        <extensions>
          <ns3:TrackPointExtension>
            <ns3:hr>136</ns3:hr>
            <ns3:cad>89</ns3:cad>
          </ns3:TrackPointExtension>
        </extensions>
      </trkpt>
      <trkpt lat="39.14101959206163883209228515625" lon="117.187806330621242523193359375">
        <ele>3.599999904632568359375</ele>
        <time>2026-09-18T21:40:23.000Z</time>
        <extensions>
          <ns3:TrackPointExtension>
            <ns3:hr>136</ns3:hr>
            <ns3:cad>89</ns3:cad>
          </ns3:TrackPointExtension>
        </extensions>
      </trkpt>
      <trkpt lat="39.141052030026912689208984375" lon="117.18781747855246067047119140625">
        <ele>3.7999999523162841796875</ele>
        <time>2026-09-18T21:40:24.000Z</time>
        <extensions>
          <ns3:TrackPointExtension>
            <ns3:hr>135</ns3:hr>
            <ns3:cad>89</ns3:cad>
          </ns3:TrackPointExtension>
        </extensions>
      </trkpt>
      <trkpt lat="39.14107809774577617645263671875" lon="117.187813706696033477783203125">
        <ele>3.7999999523162841796875</ele>
        <time>2026-09-18T21:40:25.000Z</time>
        <extensions>
          <ns3:TrackPointExtension>
            <ns3:hr>135</ns3:hr>
            <ns3:cad>89</ns3:cad>
          </ns3:TrackPointExtension>
        </extensions>
      </trkpt>
      <trkpt lat="39.14111028425395488739013671875" lon="117.18782820738852024078369140625">
        <ele>3.599999904632568359375</ele>
        <time>2026-09-18T21:40:26.000Z</time>
        <extensions>
          <ns3:TrackPointExtension>
            <ns3:hr>136</ns3:hr>
            <ns3:cad>89</ns3:cad>
          </ns3:TrackPointExtension>
        </extensions>
      </trkpt>
      <trkpt lat="39.1411329992115497589111328125" lon="117.18782803975045680999755859375">
        <ele>3.599999904632568359375</ele>
        <time>2026-09-18T21:40:27.000Z</time>
        <extensions>
          <ns3:TrackPointExtension>
            <ns3:hr>136</ns3:hr>
            <ns3:cad>89</ns3:cad>
          </ns3:TrackPointExtension>
        </extensions>
      </trkpt>
      <trkpt lat="39.1411650180816650390625" lon="117.18783927150070667266845703125">
        <ele>3.599999904632568359375</ele>
        <time>2026-09-18T21:40:28.000Z</time>
        <extensions>
          <ns3:TrackPointExtension>
            <ns3:hr>136</ns3:hr>
            <ns3:cad>89</ns3:cad>
          </ns3:TrackPointExtension>
        </extensions>
      </trkpt>
      <trkpt lat="39.14118890650570392608642578125" lon="117.187833152711391448974609375">
        <ele>3.599999904632568359375</ele>
        <time>2026-09-18T21:40:29.000Z</time>
        <extensions>
          <ns3:TrackPointExtension>
            <ns3:hr>136</ns3:hr>
            <ns3:cad>89</ns3:cad>
          </ns3:TrackPointExtension>
        </extensions>
      </trkpt>
      <trkpt lat="39.14122059009969234466552734375" lon="117.1878417022526264190673828125">
        <ele>3.599999904632568359375</ele>
        <time>2026-09-18T21:40:30.000Z</time>
        <extensions>
          <ns3:TrackPointExtension>
            <ns3:hr>136</ns3:hr>
            <ns3:cad>89</ns3:cad>
          </ns3:TrackPointExtension>
        </extensions>
      </trkpt>
      <trkpt lat="39.14124070666730403900146484375" lon="117.187840528786182403564453125">
        <ele>3.599999904632568359375</ele>
        <time>2026-09-18T21:40:31.000Z</time>
        <extensions>
          <ns3:TrackPointExtension>
            <ns3:hr>136</ns3:hr>
            <ns3:cad>89</ns3:cad>
          </ns3:TrackPointExtension>
        </extensions>
      </trkpt>
      <trkpt lat="39.14127071388065814971923828125" lon="117.1878504194319248199462890625">
        <ele>3.599999904632568359375</ele>
        <time>2026-09-18T21:40:32.000Z</time>
        <extensions>
          <ns3:TrackPointExtension>
            <ns3:hr>136</ns3:hr>
            <ns3:cad>89</ns3:cad>
          </ns3:TrackPointExtension>
        </extensions>
      </trkpt>
      <trkpt lat="39.14129267446696758270263671875" lon="117.18784647993743419647216796875">
        <ele>3.599999904632568359375</ele>
        <time>2026-09-18T21:40:33.000Z</time>
        <extensions>
          <ns3:TrackPointExtension>
            <ns3:hr>136</ns3:hr>
            <ns3:cad>89</ns3:cad>
          </ns3:TrackPointExtension>
        </extensions>
      </trkpt>
      <trkpt lat="39.14132335223257541656494140625" lon="117.18785318545997142791748046875">
        <ele>3.599999904632568359375</ele>
        <time>2026-09-18T21:40:34.000Z</time>
        <extensions>
          <ns3:TrackPointExtension>
            <ns3:hr>136</ns3:hr>
            <ns3:cad>89</ns3:cad>
          </ns3:TrackPointExtension>
        </extensions>
      </trkpt>
      <trkpt lat="39.141347073018550872802734375" lon="117.18784815631806850433349609375">
        <ele>3.599999904632568359375</ele>
        <time>2026-09-18T21:40:35.000Z</time>
        <extensions>
          <ns3:TrackPointExtension>
            <ns3:hr>135</ns3:hr>
            <ns3:cad>90</ns3:cad>
          </ns3:TrackPointExtension>
        </extensions>
      </trkpt>
      <trkpt lat="39.14137783460319042205810546875" lon="117.18785955570638179779052734375">
        <ele>3.7999999523162841796875</ele>
        <time>2026-09-18T21:40:36.000Z</time>
        <extensions>
          <ns3:TrackPointExtension>
            <ns3:hr>135</ns3:hr>
            <ns3:cad>90</ns3:cad>
          </ns3:TrackPointExtension>
        </extensions>
      </trkpt>
      <trkpt lat="39.1414050757884979248046875" lon="117.1878614835441112518310546875">
        <ele>3.7999999523162841796875</ele>
        <time>2026-09-18T21:40:37.000Z</time>
        <extensions>
          <ns3:TrackPointExtension>
            <ns3:hr>135</ns3:hr>
            <ns3:cad>90</ns3:cad>
          </ns3:TrackPointExtension>
        </extensions>
      </trkpt>
      <trkpt lat="39.14143499918282032012939453125" lon="117.187870703637599945068359375">
        <ele>3.599999904632568359375</ele>
        <time>2026-09-18T21:40:38.000Z</time>
        <extensions>
          <ns3:TrackPointExtension>
            <ns3:hr>135</ns3:hr>
            <ns3:cad>90</ns3:cad>
          </ns3:TrackPointExtension>
        </extensions>
      </trkpt>
      <trkpt lat="39.14146073162555694580078125" lon="117.18787145800888538360595703125">
        <ele>3.599999904632568359375</ele>
        <time>2026-09-18T21:40:39.000Z</time>
        <extensions>
          <ns3:TrackPointExtension>
            <ns3:hr>134</ns3:hr>
            <ns3:cad>90</ns3:cad>
          </ns3:TrackPointExtension>
        </extensions>
      </trkpt>
      <trkpt lat="39.141488559544086456298828125" lon="117.187880761921405792236328125">
        <ele>3.599999904632568359375</ele>
        <time>2026-09-18T21:40:40.000Z</time>
        <extensions>
          <ns3:TrackPointExtension>
            <ns3:hr>134</ns3:hr>
            <ns3:cad>90</ns3:cad>
          </ns3:TrackPointExtension>
        </extensions>
      </trkpt>
      <trkpt lat="39.14151328615844249725341796875" lon="117.18787900172173976898193359375">
        <ele>3.599999904632568359375</ele>
        <time>2026-09-18T21:40:41.000Z</time>
        <extensions>
          <ns3:TrackPointExtension>
            <ns3:hr>134</ns3:hr>
            <ns3:cad>90</ns3:cad>
          </ns3:TrackPointExtension>
        </extensions>
      </trkpt>
      <trkpt lat="39.14153994061052799224853515625" lon="117.1878926642239093780517578125">
        <ele>3.599999904632568359375</ele>
        <time>2026-09-18T21:40:42.000Z</time>
        <extensions>
          <ns3:TrackPointExtension>
            <ns3:hr>133</ns3:hr>
            <ns3:cad>90</ns3:cad>
          </ns3:TrackPointExtension>
        </extensions>
      </trkpt>
      <trkpt lat="39.14156190119683742523193359375" lon="117.18789475969970226287841796875">
        <ele>3.599999904632568359375</ele>
        <time>2026-09-18T21:40:43.000Z</time>
        <extensions>
          <ns3:TrackPointExtension>
            <ns3:hr>134</ns3:hr>
            <ns3:cad>89</ns3:cad>
          </ns3:TrackPointExtension>
        </extensions>
      </trkpt>
      <trkpt lat="39.141593165695667266845703125" lon="117.18790590763092041015625">
        <ele>3.599999904632568359375</ele>
        <time>2026-09-18T21:40:44.000Z</time>
        <extensions>
          <ns3:TrackPointExtension>
            <ns3:hr>134</ns3:hr>
            <ns3:cad>89</ns3:cad>
          </ns3:TrackPointExtension>
        </extensions>
      </trkpt>
      <trkpt lat="39.14161856286227703094482421875" lon="117.18790112994611263275146484375">
        <ele>3.599999904632568359375</ele>
        <time>2026-09-18T21:40:45.000Z</time>
        <extensions>
          <ns3:TrackPointExtension>
            <ns3:hr>134</ns3:hr>
            <ns3:cad>89</ns3:cad>
          </ns3:TrackPointExtension>
        </extensions>
      </trkpt>
      <trkpt lat="39.141652174293994903564453125" lon="117.187908254563808441162109375">
        <ele>3.7999999523162841796875</ele>
        <time>2026-09-18T21:40:46.000Z</time>
        <extensions>
          <ns3:TrackPointExtension>
            <ns3:hr>134</ns3:hr>
            <ns3:cad>89</ns3:cad>
          </ns3:TrackPointExtension>
        </extensions>
      </trkpt>
      <trkpt lat="39.1416737996041774749755859375" lon="117.187900543212890625">
        <ele>3.7999999523162841796875</ele>
        <time>2026-09-18T21:40:47.000Z</time>
        <extensions>
          <ns3:TrackPointExtension>
            <ns3:hr>133</ns3:hr>
            <ns3:cad>89</ns3:cad>
          </ns3:TrackPointExtension>
        </extensions>
      </trkpt>
      <trkpt lat="39.14170674048364162445068359375" lon="117.187907584011554718017578125">
        <ele>3.7999999523162841796875</ele>
        <time>2026-09-18T21:40:48.000Z</time>
        <extensions>
          <ns3:TrackPointExtension>
            <ns3:hr>134</ns3:hr>
            <ns3:cad>89</ns3:cad>
          </ns3:TrackPointExtension>
        </extensions>
      </trkpt>
      <trkpt lat="39.14172870106995105743408203125" lon="117.18790330924093723297119140625">
        <ele>3.7999999523162841796875</ele>
        <time>2026-09-18T21:40:49.000Z</time>
        <extensions>
          <ns3:TrackPointExtension>
            <ns3:hr>134</ns3:hr>
            <ns3:cad>89</ns3:cad>
          </ns3:TrackPointExtension>
        </extensions>
      </trkpt>
      <trkpt lat="39.14175979793071746826171875" lon="117.18791102059185504913330078125">
        <ele>3.599999904632568359375</ele>
        <time>2026-09-18T21:40:50.000Z</time>
        <extensions>
          <ns3:TrackPointExtension>
            <ns3:hr>133</ns3:hr>
            <ns3:cad>89</ns3:cad>
          </ns3:TrackPointExtension>
        </extensions>
      </trkpt>
      <trkpt lat="39.14178351871669292449951171875" lon="117.1879112720489501953125">
        <ele>3.599999904632568359375</ele>
        <time>2026-09-18T21:40:51.000Z</time>
        <extensions>
          <ns3:TrackPointExtension>
            <ns3:hr>134</ns3:hr>
            <ns3:cad>89</ns3:cad>
          </ns3:TrackPointExtension>
        </extensions>
      </trkpt>
      <trkpt lat="39.14181184954941272735595703125" lon="117.18792862258851528167724609375">
        <ele>3.599999904632568359375</ele>
        <time>2026-09-18T21:40:52.000Z</time>
        <extensions>
          <ns3:TrackPointExtension>
            <ns3:hr>134</ns3:hr>
            <ns3:cad>89</ns3:cad>
          </ns3:TrackPointExtension>
        </extensions>
      </trkpt>
      <trkpt lat="39.14183489978313446044921875" lon="117.1879305504262447357177734375">
        <ele>3.599999904632568359375</ele>
        <time>2026-09-18T21:40:53.000Z</time>
        <extensions>
          <ns3:TrackPointExtension>
            <ns3:hr>134</ns3:hr>
            <ns3:cad>89</ns3:cad>
          </ns3:TrackPointExtension>
        </extensions>
      </trkpt>
      <trkpt lat="39.14186566136777400970458984375" lon="117.18794086016714572906494140625">
        <ele>3.599999904632568359375</ele>
        <time>2026-09-18T21:40:54.000Z</time>
        <extensions>
          <ns3:TrackPointExtension>
            <ns3:hr>134</ns3:hr>
            <ns3:cad>89</ns3:cad>
          </ns3:TrackPointExtension>
        </extensions>
      </trkpt>
      <trkpt lat="39.141892232000827789306640625" lon="117.18793985433876514434814453125">
        <ele>3.7999999523162841796875</ele>
        <time>2026-09-18T21:40:55.000Z</time>
        <extensions>
          <ns3:TrackPointExtension>
            <ns3:hr>134</ns3:hr>
            <ns3:cad>89</ns3:cad>
          </ns3:TrackPointExtension>
        </extensions>
      </trkpt>
      <trkpt lat="39.14192517288029193878173828125" lon="117.18795225955545902252197265625">
        <ele>3.7999999523162841796875</ele>
        <time>2026-09-18T21:40:56.000Z</time>
        <extensions>
          <ns3:TrackPointExtension>
            <ns3:hr>134</ns3:hr>
            <ns3:cad>89</ns3:cad>
          </ns3:TrackPointExtension>
        </extensions>
      </trkpt>
      <trkpt lat="39.1419495642185211181640625" lon="117.18795309774577617645263671875">
        <ele>3.7999999523162841796875</ele>
        <time>2026-09-18T21:40:57.000Z</time>
        <extensions>
          <ns3:TrackPointExtension>
            <ns3:hr>133</ns3:hr>
            <ns3:cad>89</ns3:cad>
          </ns3:TrackPointExtension>
        </extensions>
      </trkpt>
      <trkpt lat="39.141978733241558074951171875" lon="117.18796131201088428497314453125">
        <ele>3.7999999523162841796875</ele>
        <time>2026-09-18T21:40:58.000Z</time>
        <extensions>
          <ns3:TrackPointExtension>
            <ns3:hr>133</ns3:hr>
            <ns3:cad>89</ns3:cad>
          </ns3:TrackPointExtension>
        </extensions>
      </trkpt>
      <trkpt lat="39.14199943654239177703857421875" lon="117.187965251505374908447265625">
        <ele>3.7999999523162841796875</ele>
        <time>2026-09-18T21:40:59.000Z</time>
        <extensions>
          <ns3:TrackPointExtension>
            <ns3:hr>134</ns3:hr>
            <ns3:cad>89</ns3:cad>
          </ns3:TrackPointExtension>
        </extensions>
      </trkpt>
      <trkpt lat="39.14202525280416011810302734375" lon="117.18797472305595874786376953125">
        <ele>3.599999904632568359375</ele>
        <time>2026-09-18T21:41:00.000Z</time>
        <extensions>
          <ns3:TrackPointExtension>
            <ns3:hr>134</ns3:hr>
            <ns3:cad>88</ns3:cad>
          </ns3:TrackPointExtension>
        </extensions>
      </trkpt>
      <trkpt lat="39.14205006323754787445068359375" lon="117.18797790817916393280029296875">
        <ele>3.7999999523162841796875</ele>
        <time>2026-09-18T21:41:01.000Z</time>
        <extensions>
          <ns3:TrackPointExtension>
            <ns3:hr>134</ns3:hr>
            <ns3:cad>89</ns3:cad>
          </ns3:TrackPointExtension>
        </extensions>
      </trkpt>
      <trkpt lat="39.142076633870601654052734375" lon="117.18798796646296977996826171875">
        <ele>3.7999999523162841796875</ele>
        <time>2026-09-18T21:41:02.000Z</time>
        <extensions>
          <ns3:TrackPointExtension>
            <ns3:hr>134</ns3:hr>
            <ns3:cad>89</ns3:cad>
          </ns3:TrackPointExtension>
        </extensions>
      </trkpt>
      <trkpt lat="39.1420970857143402099609375" lon="117.18799383379518985748291015625">
        <ele>3.7999999523162841796875</ele>
        <time>2026-09-18T21:41:03.000Z</time>
        <extensions>
          <ns3:TrackPointExtension>
            <ns3:hr>133</ns3:hr>
            <ns3:cad>89</ns3:cad>
          </ns3:TrackPointExtension>
        </extensions>
      </trkpt>
      <trkpt lat="39.142125584185123443603515625" lon="117.18800439499318599700927734375">
        <ele>3.7999999523162841796875</ele>
        <time>2026-09-18T21:41:04.000Z</time>
        <extensions>
          <ns3:TrackPointExtension>
            <ns3:hr>133</ns3:hr>
            <ns3:cad>89</ns3:cad>
          </ns3:TrackPointExtension>
        </extensions>
      </trkpt>
      <trkpt lat="39.14214611984789371490478515625" lon="117.188004143536090850830078125">
        <ele>3.7999999523162841796875</ele>
        <time>2026-09-18T21:41:05.000Z</time>
        <extensions>
          <ns3:TrackPointExtension>
            <ns3:hr>133</ns3:hr>
            <ns3:cad>90</ns3:cad>
          </ns3:TrackPointExtension>
        </extensions>
      </trkpt>
      <trkpt lat="39.14216958917677402496337890625" lon="117.18801009468734264373779296875">
        <ele>3.7999999523162841796875</ele>
        <time>2026-09-18T21:41:06.000Z</time>
        <extensions>
          <ns3:TrackPointExtension>
            <ns3:hr>133</ns3:hr>
            <ns3:cad>90</ns3:cad>
          </ns3:TrackPointExtension>
        </extensions>
      </trkpt>
      <trkpt lat="39.1421857662498950958251953125" lon="117.18801378272473812103271484375">
        <ele>3.7999999523162841796875</ele>
        <time>2026-09-18T21:41:07.000Z</time>
        <extensions>
          <ns3:TrackPointExtension>
            <ns3:hr>132</ns3:hr>
            <ns3:cad>90</ns3:cad>
          </ns3:TrackPointExtension>
        </extensions>
      </trkpt>
      <trkpt lat="39.142216779291629791259765625" lon="117.18801529146730899810791015625">
        <ele>4</ele>
        <time>2026-09-18T21:41:08.000Z</time>
        <extensions>
          <ns3:TrackPointExtension>
            <ns3:hr>132</ns3:hr>
            <ns3:cad>90</ns3:cad>
          </ns3:TrackPointExtension>
        </extensions>
      </trkpt>
      <trkpt lat="39.14223513565957546234130859375" lon="117.18801864422857761383056640625">
        <ele>4</ele>
        <time>2026-09-18T21:41:09.000Z</time>
        <extensions>
          <ns3:TrackPointExtension>
            <ns3:hr>132</ns3:hr>
            <ns3:cad>90</ns3:cad>
          </ns3:TrackPointExtension>
        </extensions>
      </trkpt>
      <trkpt lat="39.14225198328495025634765625" lon="117.18801847659051418304443359375">
        <ele>4.19999980926513671875</ele>
        <time>2026-09-18T21:41:10.000Z</time>
        <extensions>
          <ns3:TrackPointExtension>
            <ns3:hr>133</ns3:hr>
            <ns3:cad>89</ns3:cad>
          </ns3:TrackPointExtension>
        </extensions>
      </trkpt>
      <trkpt lat="39.1422783024609088897705078125" lon="117.1880177222192287445068359375">
        <ele>4.400000095367431640625</ele>
        <time>2026-09-18T21:41:11.000Z</time>
        <extensions>
          <ns3:TrackPointExtension>
            <ns3:hr>133</ns3:hr>
            <ns3:cad>89</ns3:cad>
          </ns3:TrackPointExtension>
        </extensions>
      </trkpt>
      <trkpt lat="39.14229380898177623748779296875" lon="117.18802057206630706787109375">
        <ele>5</ele>
        <time>2026-09-18T21:41:12.000Z</time>
        <extensions>
          <ns3:TrackPointExtension>
            <ns3:hr>132</ns3:hr>
            <ns3:cad>89</ns3:cad>
          </ns3:TrackPointExtension>
        </extensions>
      </trkpt>
      <trkpt lat="39.14230772294104099273681640625" lon="117.18801294453442096710205078125">
        <ele>5.400000095367431640625</ele>
        <time>2026-09-18T21:41:13.000Z</time>
        <extensions>
          <ns3:TrackPointExtension>
            <ns3:hr>132</ns3:hr>
            <ns3:cad>89</ns3:cad>
          </ns3:TrackPointExtension>
        </extensions>
      </trkpt>
      <trkpt lat="39.142326414585113525390625" lon="117.18799802474677562713623046875">
        <ele>6</ele>
        <time>2026-09-18T21:41:14.000Z</time>
        <extensions>
          <ns3:TrackPointExtension>
            <ns3:hr>132</ns3:hr>
            <ns3:cad>89</ns3:cad>
          </ns3:TrackPointExtension>
        </extensions>
      </trkpt>
      <trkpt lat="39.14233085699379444122314453125" lon="117.18798243440687656402587890625">
        <ele>6.400000095367431640625</ele>
        <time>2026-09-18T21:41:15.000Z</time>
        <extensions>
          <ns3:TrackPointExtension>
            <ns3:hr>132</ns3:hr>
            <ns3:cad>89</ns3:cad>
          </ns3:TrackPointExtension>
        </extensions>
      </trkpt>
      <trkpt lat="39.142340160906314849853515625" lon="117.18794689513742923736572265625">
        <ele>6.599999904632568359375</ele>
        <time>2026-09-18T21:41:16.000Z</time>
        <extensions>
          <ns3:TrackPointExtension>
            <ns3:hr>132</ns3:hr>
            <ns3:cad>84</ns3:cad>
          </ns3:TrackPointExtension>
        </extensions>
      </trkpt>
      <trkpt lat="39.14234317839145660400390625" lon="117.18793180771172046661376953125">
        <ele>6.599999904632568359375</ele>
        <time>2026-09-18T21:41:17.000Z</time>
        <extensions>
          <ns3:TrackPointExtension>
            <ns3:hr>132</ns3:hr>
            <ns3:cad>80</ns3:cad>
          </ns3:TrackPointExtension>
        </extensions>
      </trkpt>
      <trkpt lat="39.14234074763953685760498046875" lon="117.18790967948734760284423828125">
        <ele>6.80000019073486328125</ele>
        <time>2026-09-18T21:41:18.000Z</time>
        <extensions>
          <ns3:TrackPointExtension>
            <ns3:hr>132</ns3:hr>
            <ns3:cad>80</ns3:cad>
          </ns3:TrackPointExtension>
        </extensions>
      </trkpt>
      <trkpt lat="39.14234845899045467376708984375" lon="117.187875397503376007080078125">
        <ele>7</ele>
        <time>2026-09-18T21:41:19.000Z</time>
        <extensions>
          <ns3:TrackPointExtension>
            <ns3:hr>131</ns3:hr>
            <ns3:cad>78</ns3:cad>
          </ns3:TrackPointExtension>
        </extensions>
      </trkpt>
      <trkpt lat="39.142348207533359527587890625" lon="117.18785067088901996612548828125">
        <ele>7.19999980926513671875</ele>
        <time>2026-09-18T21:41:20.000Z</time>
        <extensions>
          <ns3:TrackPointExtension>
            <ns3:hr>131</ns3:hr>
            <ns3:cad>85</ns3:cad>
          </ns3:TrackPointExtension>
        </extensions>
      </trkpt>
      <trkpt lat="39.1423570923507213592529296875" lon="117.1878125332295894622802734375">
        <ele>7.400000095367431640625</ele>
        <time>2026-09-18T21:41:21.000Z</time>
        <extensions>
          <ns3:TrackPointExtension>
            <ns3:hr>131</ns3:hr>
            <ns3:cad>85</ns3:cad>
          </ns3:TrackPointExtension>
        </extensions>
      </trkpt>
      <trkpt lat="39.14235533215105533599853515625" lon="117.1877836994826793670654296875">
        <ele>7.400000095367431640625</ele>
        <time>2026-09-18T21:41:22.000Z</time>
        <extensions>
          <ns3:TrackPointExtension>
            <ns3:hr>132</ns3:hr>
            <ns3:cad>85</ns3:cad>
          </ns3:TrackPointExtension>
        </extensions>
      </trkpt>
      <trkpt lat="39.1423570923507213592529296875" lon="117.18774489127099514007568359375">
        <ele>7.400000095367431640625</ele>
        <time>2026-09-18T21:41:23.000Z</time>
        <extensions>
          <ns3:TrackPointExtension>
            <ns3:hr>133</ns3:hr>
            <ns3:cad>85</ns3:cad>
          </ns3:TrackPointExtension>
        </extensions>
      </trkpt>
      <trkpt lat="39.1423554159700870513916015625" lon="117.18771572224795818328857421875">
        <ele>7.400000095367431640625</ele>
        <time>2026-09-18T21:41:24.000Z</time>
        <extensions>
          <ns3:TrackPointExtension>
            <ns3:hr>132</ns3:hr>
            <ns3:cad>86</ns3:cad>
          </ns3:TrackPointExtension>
        </extensions>
      </trkpt>
      <trkpt lat="39.142352901399135589599609375" lon="117.18768060207366943359375">
        <ele>7.400000095367431640625</ele>
        <time>2026-09-18T21:41:25.000Z</time>
        <extensions>
          <ns3:TrackPointExtension>
            <ns3:hr>132</ns3:hr>
            <ns3:cad>87</ns3:cad>
          </ns3:TrackPointExtension>
        </extensions>
      </trkpt>
      <trkpt lat="39.1423534043133258819580078125" lon="117.1876495890319347381591796875">
        <ele>7.400000095367431640625</ele>
        <time>2026-09-18T21:41:26.000Z</time>
        <extensions>
          <ns3:TrackPointExtension>
            <ns3:hr>131</ns3:hr>
            <ns3:cad>87</ns3:cad>
          </ns3:TrackPointExtension>
        </extensions>
      </trkpt>
      <trkpt lat="39.14235399104654788970947265625" lon="117.18761530704796314239501953125">
        <ele>7.400000095367431640625</ele>
        <time>2026-09-18T21:41:27.000Z</time>
        <extensions>
          <ns3:TrackPointExtension>
            <ns3:hr>131</ns3:hr>
            <ns3:cad>87</ns3:cad>
          </ns3:TrackPointExtension>
        </extensions>
      </trkpt>
      <trkpt lat="39.14235952310264110565185546875" lon="117.18758177943527698516845703125">
        <ele>7.400000095367431640625</ele>
        <time>2026-09-18T21:41:28.000Z</time>
        <extensions>
          <ns3:TrackPointExtension>
            <ns3:hr>130</ns3:hr>
            <ns3:cad>88</ns3:cad>
          </ns3:TrackPointExtension>
        </extensions>
      </trkpt>
      <trkpt lat="39.1423634625971317291259765625" lon="117.1875506825745105743408203125">
        <ele>7.400000095367431640625</ele>
        <time>2026-09-18T21:41:29.000Z</time>
        <extensions>
          <ns3:TrackPointExtension>
            <ns3:hr>130</ns3:hr>
            <ns3:cad>88</ns3:cad>
          </ns3:TrackPointExtension>
        </extensions>
      </trkpt>
      <trkpt lat="39.14237494580447673797607421875" lon="117.18751774169504642486572265625">
        <ele>7.400000095367431640625</ele>
        <time>2026-09-18T21:41:30.000Z</time>
        <extensions>
          <ns3:TrackPointExtension>
            <ns3:hr>131</ns3:hr>
            <ns3:cad>88</ns3:cad>
          </ns3:TrackPointExtension>
        </extensions>
      </trkpt>
      <trkpt lat="39.14237662218511104583740234375" lon="117.1874968707561492919921875">
        <ele>7.400000095367431640625</ele>
        <time>2026-09-18T21:41:31.000Z</time>
        <extensions>
          <ns3:TrackPointExtension>
            <ns3:hr>131</ns3:hr>
            <ns3:cad>88</ns3:cad>
          </ns3:TrackPointExtension>
        </extensions>
      </trkpt>
      <trkpt lat="39.142377041280269622802734375" lon="117.187475077807903289794921875">
        <ele>7.400000095367431640625</ele>
        <time>2026-09-18T21:41:32.000Z</time>
        <extensions>
          <ns3:TrackPointExtension>
            <ns3:hr>131</ns3:hr>
            <ns3:cad>88</ns3:cad>
          </ns3:TrackPointExtension>
        </extensions>
      </trkpt>
      <trkpt lat="39.14237410761415958404541015625" lon="117.1874487586319446563720703125">
        <ele>7.19999980926513671875</ele>
        <time>2026-09-18T21:41:33.000Z</time>
        <extensions>
          <ns3:TrackPointExtension>
            <ns3:hr>132</ns3:hr>
            <ns3:cad>88</ns3:cad>
          </ns3:TrackPointExtension>
        </extensions>
      </trkpt>
      <trkpt lat="39.142373688519001007080078125" lon="117.18742302618920803070068359375">
        <ele>6.80000019073486328125</ele>
        <time>2026-09-18T21:41:34.000Z</time>
        <extensions>
          <ns3:TrackPointExtension>
            <ns3:hr>133</ns3:hr>
            <ns3:cad>88</ns3:cad>
          </ns3:TrackPointExtension>
        </extensions>
      </trkpt>
      <trkpt lat="39.1423768736422061920166015625" lon="117.18739427626132965087890625">
        <ele>6.599999904632568359375</ele>
        <time>2026-09-18T21:41:35.000Z</time>
        <extensions>
          <ns3:TrackPointExtension>
            <ns3:hr>136</ns3:hr>
            <ns3:cad>88</ns3:cad>
          </ns3:TrackPointExtension>
        </extensions>
      </trkpt>
      <trkpt lat="39.14237913675606250762939453125" lon="117.18735697679221630096435546875">
        <ele>6.19999980926513671875</ele>
        <time>2026-09-18T21:41:36.000Z</time>
        <extensions>
          <ns3:TrackPointExtension>
            <ns3:hr>138</ns3:hr>
            <ns3:cad>86</ns3:cad>
          </ns3:TrackPointExtension>
        </extensions>
      </trkpt>
      <trkpt lat="39.14238207042217254638671875" lon="117.1873233653604984283447265625">
        <ele>6.19999980926513671875</ele>
        <time>2026-09-18T21:41:37.000Z</time>
        <extensions>
          <ns3:TrackPointExtension>
            <ns3:hr>139</ns3:hr>
            <ns3:cad>86</ns3:cad>
          </ns3:TrackPointExtension>
        </extensions>
      </trkpt>
      <trkpt lat="39.14238475263118743896484375" lon="117.18728296458721160888671875">
        <ele>6</ele>
        <time>2026-09-18T21:41:38.000Z</time>
        <extensions>
          <ns3:TrackPointExtension>
            <ns3:hr>140</ns3:hr>
            <ns3:cad>86</ns3:cad>
          </ns3:TrackPointExtension>
        </extensions>
      </trkpt>
      <trkpt lat="39.14238483645021915435791015625" lon="117.1872526220977306365966796875">
        <ele>6</ele>
        <time>2026-09-18T21:41:39.000Z</time>
        <extensions>
          <ns3:TrackPointExtension>
            <ns3:hr>140</ns3:hr>
            <ns3:cad>86</ns3:cad>
          </ns3:TrackPointExtension>
        </extensions>
      </trkpt>
      <trkpt lat="39.14239539764821529388427734375" lon="117.18721926212310791015625">
        <ele>6</ele>
        <time>2026-09-18T21:41:40.000Z</time>
        <extensions>
          <ns3:TrackPointExtension>
            <ns3:hr>140</ns3:hr>
            <ns3:cad>89</ns3:cad>
          </ns3:TrackPointExtension>
        </extensions>
      </trkpt>
      <trkpt lat="39.14239707402884960174560546875" lon="117.1871905960142612457275390625">
        <ele>6</ele>
        <time>2026-09-18T21:41:41.000Z</time>
        <extensions>
          <ns3:TrackPointExtension>
            <ns3:hr>139</ns3:hr>
            <ns3:cad>89</ns3:cad>
          </ns3:TrackPointExtension>
        </extensions>
      </trkpt>
      <trkpt lat="39.142411909997463226318359375" lon="117.1871553920209407806396484375">
        <ele>6</ele>
        <time>2026-09-18T21:41:42.000Z</time>
        <extensions>
          <ns3:TrackPointExtension>
            <ns3:hr>139</ns3:hr>
            <ns3:cad>89</ns3:cad>
          </ns3:TrackPointExtension>
        </extensions>
      </trkpt>
      <trkpt lat="39.1424140892922878265380859375" lon="117.18711960129439830780029296875">
        <ele>6</ele>
        <time>2026-09-18T21:41:43.000Z</time>
        <extensions>
          <ns3:TrackPointExtension>
            <ns3:hr>139</ns3:hr>
            <ns3:cad>88</ns3:cad>
          </ns3:TrackPointExtension>
        </extensions>
      </trkpt>
      <trkpt lat="39.14242096245288848876953125" lon="117.18707618303596973419189453125">
        <ele>6</ele>
        <time>2026-09-18T21:41:44.000Z</time>
        <extensions>
          <ns3:TrackPointExtension>
            <ns3:hr>139</ns3:hr>
            <ns3:cad>88</ns3:cad>
          </ns3:TrackPointExtension>
        </extensions>
      </trkpt>
      <trkpt lat="39.14242054335772991180419921875" lon="117.18704248778522014617919921875">
        <ele>6</ele>
        <time>2026-09-18T21:41:45.000Z</time>
        <extensions>
          <ns3:TrackPointExtension>
            <ns3:hr>139</ns3:hr>
            <ns3:cad>88</ns3:cad>
          </ns3:TrackPointExtension>
        </extensions>
      </trkpt>
      <trkpt lat="39.1424269974231719970703125" lon="117.18700141645967960357666015625">
        <ele>6</ele>
        <time>2026-09-18T21:41:46.000Z</time>
        <extensions>
          <ns3:TrackPointExtension>
            <ns3:hr>139</ns3:hr>
            <ns3:cad>88</ns3:cad>
          </ns3:TrackPointExtension>
        </extensions>
      </trkpt>
      <trkpt lat="39.14242741651833057403564453125" lon="117.18696520663797855377197265625">
        <ele>6</ele>
        <time>2026-09-18T21:41:47.000Z</time>
        <extensions>
          <ns3:TrackPointExtension>
            <ns3:hr>139</ns3:hr>
            <ns3:cad>89</ns3:cad>
          </ns3:TrackPointExtension>
        </extensions>
      </trkpt>
      <trkpt lat="39.1424348764121532440185546875" lon="117.1869263984262943267822265625">
        <ele>6</ele>
        <time>2026-09-18T21:41:48.000Z</time>
        <extensions>
          <ns3:TrackPointExtension>
            <ns3:hr>139</ns3:hr>
            <ns3:cad>89</ns3:cad>
          </ns3:TrackPointExtension>
        </extensions>
      </trkpt>
      <trkpt lat="39.14243462495505809783935546875" lon="117.1868935413658618927001953125">
        <ele>6</ele>
        <time>2026-09-18T21:41:49.000Z</time>
        <extensions>
          <ns3:TrackPointExtension>
            <ns3:hr>139</ns3:hr>
            <ns3:cad>89</ns3:cad>
          </ns3:TrackPointExtension>
        </extensions>
      </trkpt>
      <trkpt lat="39.142440743744373321533203125" lon="117.186854146420955657958984375">
        <ele>6</ele>
        <time>2026-09-18T21:41:50.000Z</time>
        <extensions>
          <ns3:TrackPointExtension>
            <ns3:hr>139</ns3:hr>
            <ns3:cad>90</ns3:cad>
          </ns3:TrackPointExtension>
        </extensions>
      </trkpt>
      <trkpt lat="39.14243546314537525177001953125" lon="117.1868236362934112548828125">
        <ele>6</ele>
        <time>2026-09-18T21:41:51.000Z</time>
        <extensions>
          <ns3:TrackPointExtension>
            <ns3:hr>139</ns3:hr>
            <ns3:cad>90</ns3:cad>
          </ns3:TrackPointExtension>
        </extensions>
      </trkpt>
      <trkpt lat="39.1424362175166606903076171875" lon="117.18678231351077556610107421875">
        <ele>6</ele>
        <time>2026-09-18T21:41:52.000Z</time>
        <extensions>
          <ns3:TrackPointExtension>
            <ns3:hr>140</ns3:hr>
            <ns3:cad>89</ns3:cad>
          </ns3:TrackPointExtension>
        </extensions>
      </trkpt>
      <trkpt lat="39.1424315236508846282958984375" lon="117.18675448559224605560302734375">
        <ele>6</ele>
        <time>2026-09-18T21:41:53.000Z</time>
        <extensions>
          <ns3:TrackPointExtension>
            <ns3:hr>139</ns3:hr>
            <ns3:cad>89</ns3:cad>
          </ns3:TrackPointExtension>
        </extensions>
      </trkpt>
      <trkpt lat="39.14243797771632671356201171875" lon="117.18671475537121295928955078125">
        <ele>6</ele>
        <time>2026-09-18T21:41:54.000Z</time>
        <extensions>
          <ns3:TrackPointExtension>
            <ns3:hr>139</ns3:hr>
            <ns3:cad>89</ns3:cad>
          </ns3:TrackPointExtension>
        </extensions>
      </trkpt>
      <trkpt lat="39.14243680424988269805908203125" lon="117.186682485044002532958984375">
        <ele>6</ele>
        <time>2026-09-18T21:41:55.000Z</time>
        <extensions>
          <ns3:TrackPointExtension>
            <ns3:hr>140</ns3:hr>
            <ns3:cad>89</ns3:cad>
          </ns3:TrackPointExtension>
        </extensions>
      </trkpt>
      <trkpt lat="39.142453484237194061279296875" lon="117.18664367683231830596923828125">
        <ele>6</ele>
        <time>2026-09-18T21:41:56.000Z</time>
        <extensions>
          <ns3:TrackPointExtension>
            <ns3:hr>139</ns3:hr>
            <ns3:cad>89</ns3:cad>
          </ns3:TrackPointExtension>
        </extensions>
      </trkpt>
      <trkpt lat="39.14246262051165103912353515625" lon="117.18662272207438945770263671875">
        <ele>6</ele>
        <time>2026-09-18T21:41:57.000Z</time>
        <extensions>
          <ns3:TrackPointExtension>
            <ns3:hr>139</ns3:hr>
            <ns3:cad>89</ns3:cad>
          </ns3:TrackPointExtension>
        </extensions>
      </trkpt>
      <trkpt lat="39.14248667657375335693359375" lon="117.1866045333445072174072265625">
        <ele>6.19999980926513671875</ele>
        <time>2026-09-18T21:41:58.000Z</time>
        <extensions>
          <ns3:TrackPointExtension>
            <ns3:hr>140</ns3:hr>
            <ns3:cad>89</ns3:cad>
          </ns3:TrackPointExtension>
        </extensions>
      </trkpt>
      <trkpt lat="39.1425056196749210357666015625" lon="117.18658718280494213104248046875">
        <ele>6.19999980926513671875</ele>
        <time>2026-09-18T21:41:59.000Z</time>
        <extensions>
          <ns3:TrackPointExtension>
            <ns3:hr>139</ns3:hr>
            <ns3:cad>89</ns3:cad>
          </ns3:TrackPointExtension>
        </extensions>
      </trkpt>
      <trkpt lat="39.1425156779587268829345703125" lon="117.18657125718891620635986328125">
        <ele>6.19999980926513671875</ele>
        <time>2026-09-18T21:42:00.000Z</time>
        <extensions>
          <ns3:TrackPointExtension>
            <ns3:hr>139</ns3:hr>
            <ns3:cad>89</ns3:cad>
          </ns3:TrackPointExtension>
        </extensions>
      </trkpt>
      <trkpt lat="39.14253361523151397705078125" lon="117.18655650503933429718017578125">
        <ele>6.19999980926513671875</ele>
        <time>2026-09-18T21:42:01.000Z</time>
        <extensions>
          <ns3:TrackPointExtension>
            <ns3:hr>139</ns3:hr>
            <ns3:cad>89</ns3:cad>
          </ns3:TrackPointExtension>
        </extensions>
      </trkpt>
      <trkpt lat="39.142572842538356781005859375" lon="117.1865420043468475341796875">
        <ele>6.19999980926513671875</ele>
        <time>2026-09-18T21:42:02.000Z</time>
        <extensions>
          <ns3:TrackPointExtension>
            <ns3:hr>138</ns3:hr>
            <ns3:cad>89</ns3:cad>
          </ns3:TrackPointExtension>
        </extensions>
      </trkpt>
      <trkpt lat="39.14259136654436588287353515625" lon="117.1865187026560306549072265625">
        <ele>6.400000095367431640625</ele>
        <time>2026-09-18T21:42:03.000Z</time>
        <extensions>
          <ns3:TrackPointExtension>
            <ns3:hr>138</ns3:hr>
            <ns3:cad>89</ns3:cad>
          </ns3:TrackPointExtension>
        </extensions>
      </trkpt>
      <trkpt lat="39.142619110643863677978515625" lon="117.186497747898101806640625">
        <ele>6.400000095367431640625</ele>
        <time>2026-09-18T21:42:04.000Z</time>
        <extensions>
          <ns3:TrackPointExtension>
            <ns3:hr>138</ns3:hr>
            <ns3:cad>89</ns3:cad>
          </ns3:TrackPointExtension>
        </extensions>
      </trkpt>
      <trkpt lat="39.1426357068121433258056640625" lon="117.1864734403789043426513671875">
        <ele>6.599999904632568359375</ele>
        <time>2026-09-18T21:42:05.000Z</time>
        <extensions>
          <ns3:TrackPointExtension>
            <ns3:hr>139</ns3:hr>
            <ns3:cad>89</ns3:cad>
          </ns3:TrackPointExtension>
        </extensions>
      </trkpt>
      <trkpt lat="39.14266169071197509765625" lon="117.18645256944000720977783203125">
        <ele>6.80000019073486328125</ele>
        <time>2026-09-18T21:42:06.000Z</time>
        <extensions>
          <ns3:TrackPointExtension>
            <ns3:hr>139</ns3:hr>
            <ns3:cad>89</ns3:cad>
          </ns3:TrackPointExtension>
        </extensions>
      </trkpt>
      <trkpt lat="39.14268541149795055389404296875" lon="117.1864352189004421234130859375">
        <ele>6.80000019073486328125</ele>
        <time>2026-09-18T21:42:07.000Z</time>
        <extensions>
          <ns3:TrackPointExtension>
            <ns3:hr>139</ns3:hr>
            <ns3:cad>89</ns3:cad>
          </ns3:TrackPointExtension>
        </extensions>
      </trkpt>
      <trkpt lat="39.14271441288292407989501953125" lon="117.18641216866672039031982421875">
        <ele>6.80000019073486328125</ele>
        <time>2026-09-18T21:42:08.000Z</time>
        <extensions>
          <ns3:TrackPointExtension>
            <ns3:hr>140</ns3:hr>
            <ns3:cad>89</ns3:cad>
          </ns3:TrackPointExtension>
        </extensions>
      </trkpt>
      <trkpt lat="39.142742156982421875" lon="117.1863919682800769805908203125">
        <ele>6.80000019073486328125</ele>
        <time>2026-09-18T21:42:09.000Z</time>
        <extensions>
          <ns3:TrackPointExtension>
            <ns3:hr>139</ns3:hr>
            <ns3:cad>88</ns3:cad>
          </ns3:TrackPointExtension>
        </extensions>
      </trkpt>
      <trkpt lat="39.1427647881209850311279296875" lon="117.186374031007289886474609375">
        <ele>6.80000019073486328125</ele>
        <time>2026-09-18T21:42:10.000Z</time>
        <extensions>
          <ns3:TrackPointExtension>
            <ns3:hr>139</ns3:hr>
            <ns3:cad>88</ns3:cad>
          </ns3:TrackPointExtension>
        </extensions>
      </trkpt>
      <trkpt lat="39.14278767071664333343505859375" lon="117.18635416589677333831787109375">
        <ele>7</ele>
        <time>2026-09-18T21:42:11.000Z</time>
        <extensions>
          <ns3:TrackPointExtension>
            <ns3:hr>140</ns3:hr>
            <ns3:cad>88</ns3:cad>
          </ns3:TrackPointExtension>
        </extensions>
      </trkpt>
      <trkpt lat="39.1428103856742382049560546875" lon="117.1863319538533687591552734375">
        <ele>7</ele>
        <time>2026-09-18T21:42:12.000Z</time>
        <extensions>
          <ns3:TrackPointExtension>
            <ns3:hr>140</ns3:hr>
            <ns3:cad>88</ns3:cad>
          </ns3:TrackPointExtension>
        </extensions>
      </trkpt>
      <trkpt lat="39.1428311727941036224365234375" lon="117.1863104961812496185302734375">
        <ele>7</ele>
        <time>2026-09-18T21:42:13.000Z</time>
        <extensions>
          <ns3:TrackPointExtension>
            <ns3:hr>140</ns3:hr>
            <ns3:cad>89</ns3:cad>
          </ns3:TrackPointExtension>
        </extensions>
      </trkpt>
      <trkpt lat="39.1428590007126331329345703125" lon="117.186285518109798431396484375">
        <ele>7</ele>
        <time>2026-09-18T21:42:14.000Z</time>
        <extensions>
          <ns3:TrackPointExtension>
            <ns3:hr>140</ns3:hr>
            <ns3:cad>90</ns3:cad>
          </ns3:TrackPointExtension>
        </extensions>
      </trkpt>
      <trkpt lat="39.14287886582314968109130859375" lon="117.18626162968575954437255859375">
        <ele>7</ele>
        <time>2026-09-18T21:42:15.000Z</time>
        <extensions>
          <ns3:TrackPointExtension>
            <ns3:hr>140</ns3:hr>
            <ns3:cad>90</ns3:cad>
          </ns3:TrackPointExtension>
        </extensions>
      </trkpt>
      <trkpt lat="39.142906107008457183837890625" lon="117.1862407587468624114990234375">
        <ele>6.80000019073486328125</ele>
        <time>2026-09-18T21:42:16.000Z</time>
        <extensions>
          <ns3:TrackPointExtension>
            <ns3:hr>140</ns3:hr>
            <ns3:cad>90</ns3:cad>
          </ns3:TrackPointExtension>
        </extensions>
      </trkpt>
      <trkpt lat="39.14292949251830577850341796875" lon="117.18622148036956787109375">
        <ele>6.80000019073486328125</ele>
        <time>2026-09-18T21:42:17.000Z</time>
        <extensions>
          <ns3:TrackPointExtension>
            <ns3:hr>141</ns3:hr>
            <ns3:cad>90</ns3:cad>
          </ns3:TrackPointExtension>
        </extensions>
      </trkpt>
      <trkpt lat="39.142956398427486419677734375" lon="117.186205722391605377197265625">
        <ele>6.80000019073486328125</ele>
        <time>2026-09-18T21:42:18.000Z</time>
        <extensions>
          <ns3:TrackPointExtension>
            <ns3:hr>141</ns3:hr>
            <ns3:cad>90</ns3:cad>
          </ns3:TrackPointExtension>
        </extensions>
      </trkpt>
      <trkpt lat="39.14298028685152530670166015625" lon="117.18618937768042087554931640625">
        <ele>7</ele>
        <time>2026-09-18T21:42:19.000Z</time>
        <extensions>
          <ns3:TrackPointExtension>
            <ns3:hr>142</ns3:hr>
            <ns3:cad>90</ns3:cad>
          </ns3:TrackPointExtension>
        </extensions>
      </trkpt>
      <trkpt lat="39.14300375618040561676025390625" lon="117.18617211095988750457763671875">
        <ele>7</ele>
        <time>2026-09-18T21:42:20.000Z</time>
        <extensions>
          <ns3:TrackPointExtension>
            <ns3:hr>142</ns3:hr>
            <ns3:cad>90</ns3:cad>
          </ns3:TrackPointExtension>
        </extensions>
      </trkpt>
      <trkpt lat="39.14302739314734935760498046875" lon="117.18615199439227581024169921875">
        <ele>7</ele>
        <time>2026-09-18T21:42:21.000Z</time>
        <extensions>
          <ns3:TrackPointExtension>
            <ns3:hr>142</ns3:hr>
            <ns3:cad>90</ns3:cad>
          </ns3:TrackPointExtension>
        </extensions>
      </trkpt>
      <trkpt lat="39.1430494375526905059814453125" lon="117.18613229691982269287109375">
        <ele>7</ele>
        <time>2026-09-18T21:42:22.000Z</time>
        <extensions>
          <ns3:TrackPointExtension>
            <ns3:hr>143</ns3:hr>
            <ns3:cad>88</ns3:cad>
          </ns3:TrackPointExtension>
        </extensions>
      </trkpt>
      <trkpt lat="39.14307164959609508514404296875" lon="117.1861116774380207061767578125">
        <ele>7</ele>
        <time>2026-09-18T21:42:23.000Z</time>
        <extensions>
          <ns3:TrackPointExtension>
            <ns3:hr>142</ns3:hr>
            <ns3:cad>88</ns3:cad>
          </ns3:TrackPointExtension>
        </extensions>
      </trkpt>
      <trkpt lat="39.14309310726821422576904296875" lon="117.18609432689845561981201171875">
        <ele>7</ele>
        <time>2026-09-18T21:42:24.000Z</time>
        <extensions>
          <ns3:TrackPointExtension>
            <ns3:hr>142</ns3:hr>
            <ns3:cad>88</ns3:cad>
          </ns3:TrackPointExtension>
        </extensions>
      </trkpt>
      <trkpt lat="39.1431154869496822357177734375" lon="117.18607865273952484130859375">
        <ele>7</ele>
        <time>2026-09-18T21:42:25.000Z</time>
        <extensions>
          <ns3:TrackPointExtension>
            <ns3:hr>142</ns3:hr>
            <ns3:cad>89</ns3:cad>
          </ns3:TrackPointExtension>
        </extensions>
      </trkpt>
      <trkpt lat="39.14313769899308681488037109375" lon="117.18606054782867431640625">
        <ele>7</ele>
        <time>2026-09-18T21:42:26.000Z</time>
        <extensions>
          <ns3:TrackPointExtension>
            <ns3:hr>141</ns3:hr>
            <ns3:cad>89</ns3:cad>
          </ns3:TrackPointExtension>
        </extensions>
      </trkpt>
      <trkpt lat="39.1431605815887451171875" lon="117.18604453839361667633056640625">
        <ele>7</ele>
        <time>2026-09-18T21:42:27.000Z</time>
        <extensions>
          <ns3:TrackPointExtension>
            <ns3:hr>141</ns3:hr>
            <ns3:cad>89</ns3:cad>
          </ns3:TrackPointExtension>
        </extensions>
      </trkpt>
      <trkpt lat="39.14318539202213287353515625" lon="117.186025679111480712890625">
        <ele>7</ele>
        <time>2026-09-18T21:42:28.000Z</time>
        <extensions>
          <ns3:TrackPointExtension>
            <ns3:hr>142</ns3:hr>
            <ns3:cad>89</ns3:cad>
          </ns3:TrackPointExtension>
        </extensions>
      </trkpt>
      <trkpt lat="39.1432100348174571990966796875" lon="117.186008580029010772705078125">
        <ele>7</ele>
        <time>2026-09-18T21:42:29.000Z</time>
        <extensions>
          <ns3:TrackPointExtension>
            <ns3:hr>142</ns3:hr>
            <ns3:cad>89</ns3:cad>
          </ns3:TrackPointExtension>
        </extensions>
      </trkpt>
      <trkpt lat="39.1432341746985912322998046875" lon="117.185992486774921417236328125">
        <ele>7</ele>
        <time>2026-09-18T21:42:30.000Z</time>
        <extensions>
          <ns3:TrackPointExtension>
            <ns3:hr>142</ns3:hr>
            <ns3:cad>89</ns3:cad>
          </ns3:TrackPointExtension>
        </extensions>
      </trkpt>
      <trkpt lat="39.14325940422713756561279296875" lon="117.1859787404537200927734375">
        <ele>7</ele>
        <time>2026-09-18T21:42:31.000Z</time>
        <extensions>
          <ns3:TrackPointExtension>
            <ns3:hr>142</ns3:hr>
            <ns3:cad>89</ns3:cad>
          </ns3:TrackPointExtension>
        </extensions>
      </trkpt>
      <trkpt lat="39.143285639584064483642578125" lon="117.185966670513153076171875">
        <ele>7</ele>
        <time>2026-09-18T21:42:32.000Z</time>
        <extensions>
          <ns3:TrackPointExtension>
            <ns3:hr>142</ns3:hr>
            <ns3:cad>89</ns3:cad>
          </ns3:TrackPointExtension>
        </extensions>
      </trkpt>
      <trkpt lat="39.1433129645884037017822265625" lon="117.1859520860016345977783203125">
        <ele>6.80000019073486328125</ele>
        <time>2026-09-18T21:42:33.000Z</time>
        <extensions>
          <ns3:TrackPointExtension>
            <ns3:hr>142</ns3:hr>
            <ns3:cad>89</ns3:cad>
          </ns3:TrackPointExtension>
        </extensions>
      </trkpt>
      <trkpt lat="39.14333919994533061981201171875" lon="117.18593909405171871185302734375">
        <ele>6.80000019073486328125</ele>
        <time>2026-09-18T21:42:34.000Z</time>
        <extensions>
          <ns3:TrackPointExtension>
            <ns3:hr>142</ns3:hr>
            <ns3:cad>89</ns3:cad>
          </ns3:TrackPointExtension>
        </extensions>
      </trkpt>
      <trkpt lat="39.1433669440448284149169921875" lon="117.1859224140644073486328125">
        <ele>6.80000019073486328125</ele>
        <time>2026-09-18T21:42:35.000Z</time>
        <extensions>
          <ns3:TrackPointExtension>
            <ns3:hr>142</ns3:hr>
            <ns3:cad>89</ns3:cad>
          </ns3:TrackPointExtension>
        </extensions>
      </trkpt>
      <trkpt lat="39.14339049719274044036865234375" lon="117.18590724281966686248779296875">
        <ele>6.80000019073486328125</ele>
        <time>2026-09-18T21:42:36.000Z</time>
        <extensions>
          <ns3:TrackPointExtension>
            <ns3:hr>142</ns3:hr>
            <ns3:cad>89</ns3:cad>
          </ns3:TrackPointExtension>
        </extensions>
      </trkpt>
      <trkpt lat="39.14342201314866542816162109375" lon="117.18589517287909984588623046875">
        <ele>6.80000019073486328125</ele>
        <time>2026-09-18T21:42:37.000Z</time>
        <extensions>
          <ns3:TrackPointExtension>
            <ns3:hr>142</ns3:hr>
            <ns3:cad>89</ns3:cad>
          </ns3:TrackPointExtension>
        </extensions>
      </trkpt>
      <trkpt lat="39.1434477455914020538330078125" lon="117.18588092364370822906494140625">
        <ele>6.80000019073486328125</ele>
        <time>2026-09-18T21:42:38.000Z</time>
        <extensions>
          <ns3:TrackPointExtension>
            <ns3:hr>142</ns3:hr>
            <ns3:cad>90</ns3:cad>
          </ns3:TrackPointExtension>
        </extensions>
      </trkpt>
      <trkpt lat="39.14347766898572444915771484375" lon="117.18586969189345836639404296875">
        <ele>6.80000019073486328125</ele>
        <time>2026-09-18T21:42:39.000Z</time>
        <extensions>
          <ns3:TrackPointExtension>
            <ns3:hr>142</ns3:hr>
            <ns3:cad>90</ns3:cad>
          </ns3:TrackPointExtension>
        </extensions>
      </trkpt>
      <trkpt lat="39.14350415579974651336669921875" lon="117.185858376324176788330078125">
        <ele>6.80000019073486328125</ele>
        <time>2026-09-18T21:42:40.000Z</time>
        <extensions>
          <ns3:TrackPointExtension>
            <ns3:hr>143</ns3:hr>
            <ns3:cad>90</ns3:cad>
          </ns3:TrackPointExtension>
        </extensions>
      </trkpt>
      <trkpt lat="39.1435318998992443084716796875" lon="117.18583666719496250152587890625">
        <ele>6.80000019073486328125</ele>
        <time>2026-09-18T21:42:41.000Z</time>
        <extensions>
          <ns3:TrackPointExtension>
            <ns3:hr>142</ns3:hr>
            <ns3:cad>89</ns3:cad>
          </ns3:TrackPointExtension>
        </extensions>
      </trkpt>
      <trkpt lat="39.1435466520488262176513671875" lon="117.18581504188477993011474609375">
        <ele>6.80000019073486328125</ele>
        <time>2026-09-18T21:42:42.000Z</time>
        <extensions>
          <ns3:TrackPointExtension>
            <ns3:hr>142</ns3:hr>
            <ns3:cad>88</ns3:cad>
          </ns3:TrackPointExtension>
        </extensions>
      </trkpt>
      <trkpt lat="39.143567942082881927490234375" lon="117.1857824362814426422119140625">
        <ele>6.80000019073486328125</ele>
        <time>2026-09-18T21:42:43.000Z</time>
        <extensions>
          <ns3:TrackPointExtension>
            <ns3:hr>142</ns3:hr>
            <ns3:cad>88</ns3:cad>
          </ns3:TrackPointExtension>
        </extensions>
      </trkpt>
      <trkpt lat="39.1435805149376392364501953125" lon="117.185754440724849700927734375">
        <ele>7</ele>
        <time>2026-09-18T21:42:44.000Z</time>
        <extensions>
          <ns3:TrackPointExtension>
            <ns3:hr>141</ns3:hr>
            <ns3:cad>88</ns3:cad>
          </ns3:TrackPointExtension>
        </extensions>
      </trkpt>
      <trkpt lat="39.143586717545986175537109375" lon="117.1857210807502269744873046875">
        <ele>7</ele>
        <time>2026-09-18T21:42:45.000Z</time>
        <extensions>
          <ns3:TrackPointExtension>
            <ns3:hr>141</ns3:hr>
            <ns3:cad>88</ns3:cad>
          </ns3:TrackPointExtension>
        </extensions>
      </trkpt>
      <trkpt lat="39.1435855440795421600341796875" lon="117.18569719232618808746337890625">
        <ele>7</ele>
        <time>2026-09-18T21:42:46.000Z</time>
        <extensions>
          <ns3:TrackPointExtension>
            <ns3:hr>141</ns3:hr>
            <ns3:cad>88</ns3:cad>
          </ns3:TrackPointExtension>
        </extensions>
      </trkpt>
      <trkpt lat="39.14357624016702175140380859375" lon="117.18566081486642360687255859375">
        <ele>7</ele>
        <time>2026-09-18T21:42:47.000Z</time>
        <extensions>
          <ns3:TrackPointExtension>
            <ns3:hr>141</ns3:hr>
            <ns3:cad>88</ns3:cad>
          </ns3:TrackPointExtension>
        </extensions>
      </trkpt>
      <trkpt lat="39.1435657627880573272705078125" lon="117.18563248403370380401611328125">
        <ele>7.19999980926513671875</ele>
        <time>2026-09-18T21:42:48.000Z</time>
        <extensions>
          <ns3:TrackPointExtension>
            <ns3:hr>141</ns3:hr>
            <ns3:cad>89</ns3:cad>
          </ns3:TrackPointExtension>
        </extensions>
      </trkpt>
      <trkpt lat="39.14354790933430194854736328125" lon="117.18559191562235355377197265625">
        <ele>7.19999980926513671875</ele>
        <time>2026-09-18T21:42:49.000Z</time>
        <extensions>
          <ns3:TrackPointExtension>
            <ns3:hr>140</ns3:hr>
            <ns3:cad>88</ns3:cad>
          </ns3:TrackPointExtension>
        </extensions>
      </trkpt>
      <trkpt lat="39.1435322351753711700439453125" lon="117.18556744046509265899658203125">
        <ele>7</ele>
        <time>2026-09-18T21:42:50.000Z</time>
        <extensions>
          <ns3:TrackPointExtension>
            <ns3:hr>140</ns3:hr>
            <ns3:cad>88</ns3:cad>
          </ns3:TrackPointExtension>
        </extensions>
      </trkpt>
      <trkpt lat="39.14351739920675754547119140625" lon="117.18553014099597930908203125">
        <ele>7</ele>
        <time>2026-09-18T21:42:51.000Z</time>
        <extensions>
          <ns3:TrackPointExtension>
            <ns3:hr>139</ns3:hr>
            <ns3:cad>88</ns3:cad>
          </ns3:TrackPointExtension>
        </extensions>
      </trkpt>
      <trkpt lat="39.14350415579974651336669921875" lon="117.18549988232553005218505859375">
        <ele>7</ele>
        <time>2026-09-18T21:42:52.000Z</time>
        <extensions>
          <ns3:TrackPointExtension>
            <ns3:hr>139</ns3:hr>
            <ns3:cad>89</ns3:cad>
          </ns3:TrackPointExtension>
        </extensions>
      </trkpt>
      <trkpt lat="39.143492169678211212158203125" lon="117.18546819873154163360595703125">
        <ele>7</ele>
        <time>2026-09-18T21:42:53.000Z</time>
        <extensions>
          <ns3:TrackPointExtension>
            <ns3:hr>139</ns3:hr>
            <ns3:cad>89</ns3:cad>
          </ns3:TrackPointExtension>
        </extensions>
      </trkpt>
      <trkpt lat="39.1434742324054241180419921875" lon="117.18544791452586650848388671875">
        <ele>7</ele>
        <time>2026-09-18T21:42:54.000Z</time>
        <extensions>
          <ns3:TrackPointExtension>
            <ns3:hr>139</ns3:hr>
            <ns3:cad>89</ns3:cad>
          </ns3:TrackPointExtension>
        </extensions>
      </trkpt>
      <trkpt lat="39.14346040226519107818603515625" lon="117.18541539274156093597412109375">
        <ele>7.19999980926513671875</ele>
        <time>2026-09-18T21:42:55.000Z</time>
        <extensions>
          <ns3:TrackPointExtension>
            <ns3:hr>138</ns3:hr>
            <ns3:cad>89</ns3:cad>
          </ns3:TrackPointExtension>
        </extensions>
      </trkpt>
      <trkpt lat="39.14344699122011661529541015625" lon="117.1853915043175220489501953125">
        <ele>7.19999980926513671875</ele>
        <time>2026-09-18T21:42:56.000Z</time>
        <extensions>
          <ns3:TrackPointExtension>
            <ns3:hr>138</ns3:hr>
            <ns3:cad>89</ns3:cad>
          </ns3:TrackPointExtension>
        </extensions>
      </trkpt>
      <trkpt lat="39.143430478870868682861328125" lon="117.1853613294661045074462890625">
        <ele>7.19999980926513671875</ele>
        <time>2026-09-18T21:42:57.000Z</time>
        <extensions>
          <ns3:TrackPointExtension>
            <ns3:hr>137</ns3:hr>
            <ns3:cad>89</ns3:cad>
          </ns3:TrackPointExtension>
        </extensions>
      </trkpt>
      <trkpt lat="39.14341782219707965850830078125" lon="117.18533760868012905120849609375">
        <ele>7.19999980926513671875</ele>
        <time>2026-09-18T21:42:58.000Z</time>
        <extensions>
          <ns3:TrackPointExtension>
            <ns3:hr>137</ns3:hr>
            <ns3:cad>89</ns3:cad>
          </ns3:TrackPointExtension>
        </extensions>
      </trkpt>
      <trkpt lat="39.1433994658291339874267578125" lon="117.18530290760099887847900390625">
        <ele>7.19999980926513671875</ele>
        <time>2026-09-18T21:42:59.000Z</time>
        <extensions>
          <ns3:TrackPointExtension>
            <ns3:hr>137</ns3:hr>
            <ns3:cad>88</ns3:cad>
          </ns3:TrackPointExtension>
        </extensions>
      </trkpt>
      <trkpt lat="39.14338094182312488555908203125" lon="117.18527533113956451416015625">
        <ele>7.19999980926513671875</ele>
        <time>2026-09-18T21:43:00.000Z</time>
        <extensions>
          <ns3:TrackPointExtension>
            <ns3:hr>137</ns3:hr>
            <ns3:cad>88</ns3:cad>
          </ns3:TrackPointExtension>
        </extensions>
      </trkpt>
      <trkpt lat="39.143362753093242645263671875" lon="117.1852376125752925872802734375">
        <ele>7.19999980926513671875</ele>
        <time>2026-09-18T21:43:01.000Z</time>
        <extensions>
          <ns3:TrackPointExtension>
            <ns3:hr>137</ns3:hr>
            <ns3:cad>89</ns3:cad>
          </ns3:TrackPointExtension>
        </extensions>
      </trkpt>
      <trkpt lat="39.143350012600421905517578125" lon="117.185206599533557891845703125">
        <ele>7.19999980926513671875</ele>
        <time>2026-09-18T21:43:02.000Z</time>
        <extensions>
          <ns3:TrackPointExtension>
            <ns3:hr>136</ns3:hr>
            <ns3:cad>89</ns3:cad>
          </ns3:TrackPointExtension>
        </extensions>
      </trkpt>
      <trkpt lat="39.14333333261311054229736328125" lon="117.18517340719699859619140625">
        <ele>7.19999980926513671875</ele>
        <time>2026-09-18T21:43:03.000Z</time>
        <extensions>
          <ns3:TrackPointExtension>
            <ns3:hr>136</ns3:hr>
            <ns3:cad>89</ns3:cad>
          </ns3:TrackPointExtension>
        </extensions>
      </trkpt>
      <trkpt lat="39.14332084357738494873046875" lon="117.18514616601169109344482421875">
        <ele>7.19999980926513671875</ele>
        <time>2026-09-18T21:43:04.000Z</time>
        <extensions>
          <ns3:TrackPointExtension>
            <ns3:hr>136</ns3:hr>
            <ns3:cad>89</ns3:cad>
          </ns3:TrackPointExtension>
        </extensions>
      </trkpt>
      <trkpt lat="39.14330181665718555450439453125" lon="117.185114733874797821044921875">
        <ele>7</ele>
        <time>2026-09-18T21:43:05.000Z</time>
        <extensions>
          <ns3:TrackPointExtension>
            <ns3:hr>136</ns3:hr>
            <ns3:cad>89</ns3:cad>
          </ns3:TrackPointExtension>
        </extensions>
      </trkpt>
      <trkpt lat="39.1432918421924114227294921875" lon="117.18508631922304630279541015625">
        <ele>7</ele>
        <time>2026-09-18T21:43:06.000Z</time>
        <extensions>
          <ns3:TrackPointExtension>
            <ns3:hr>136</ns3:hr>
            <ns3:cad>89</ns3:cad>
          </ns3:TrackPointExtension>
        </extensions>
      </trkpt>
      <trkpt lat="39.14327164180576801300048828125" lon="117.1850568987429141998291015625">
        <ele>7</ele>
        <time>2026-09-18T21:43:07.000Z</time>
        <extensions>
          <ns3:TrackPointExtension>
            <ns3:hr>136</ns3:hr>
            <ns3:cad>89</ns3:cad>
          </ns3:TrackPointExtension>
        </extensions>
      </trkpt>
      <trkpt lat="39.1432539559900760650634765625" lon="117.18503116630017757415771484375">
        <ele>7</ele>
        <time>2026-09-18T21:43:08.000Z</time>
        <extensions>
          <ns3:TrackPointExtension>
            <ns3:hr>136</ns3:hr>
            <ns3:cad>89</ns3:cad>
          </ns3:TrackPointExtension>
        </extensions>
      </trkpt>
      <trkpt lat="39.14323174394667148590087890625" lon="117.18500501476228237152099609375">
        <ele>7</ele>
        <time>2026-09-18T21:43:09.000Z</time>
        <extensions>
          <ns3:TrackPointExtension>
            <ns3:hr>136</ns3:hr>
            <ns3:cad>89</ns3:cad>
          </ns3:TrackPointExtension>
        </extensions>
      </trkpt>
      <trkpt lat="39.14321833290159702301025390625" lon="117.18497199006378650665283203125">
        <ele>7.19999980926513671875</ele>
        <time>2026-09-18T21:43:10.000Z</time>
        <extensions>
          <ns3:TrackPointExtension>
            <ns3:hr>137</ns3:hr>
            <ns3:cad>89</ns3:cad>
          </ns3:TrackPointExtension>
        </extensions>
      </trkpt>
      <trkpt lat="39.14320006035268306732177734375" lon="117.18494500033557415008544921875">
        <ele>7.19999980926513671875</ele>
        <time>2026-09-18T21:43:11.000Z</time>
        <extensions>
          <ns3:TrackPointExtension>
            <ns3:hr>137</ns3:hr>
            <ns3:cad>89</ns3:cad>
          </ns3:TrackPointExtension>
        </extensions>
      </trkpt>
      <trkpt lat="39.143187738955020904541015625" lon="117.18491851352155208587646484375">
        <ele>7.19999980926513671875</ele>
        <time>2026-09-18T21:43:12.000Z</time>
        <extensions>
          <ns3:TrackPointExtension>
            <ns3:hr>137</ns3:hr>
            <ns3:cad>90</ns3:cad>
          </ns3:TrackPointExtension>
        </extensions>
      </trkpt>
      <trkpt lat="39.14317374117672443389892578125" lon="117.184884734451770782470703125">
        <ele>7.19999980926513671875</ele>
        <time>2026-09-18T21:43:13.000Z</time>
        <extensions>
          <ns3:TrackPointExtension>
            <ns3:hr>137</ns3:hr>
            <ns3:cad>90</ns3:cad>
          </ns3:TrackPointExtension>
        </extensions>
      </trkpt>
      <trkpt lat="39.1431641019880771636962890625" lon="117.18485715799033641815185546875">
        <ele>7.19999980926513671875</ele>
        <time>2026-09-18T21:43:14.000Z</time>
        <extensions>
          <ns3:TrackPointExtension>
            <ns3:hr>137</ns3:hr>
            <ns3:cad>90</ns3:cad>
          </ns3:TrackPointExtension>
        </extensions>
      </trkpt>
      <trkpt lat="39.1431513614952564239501953125" lon="117.18481776304543018341064453125">
        <ele>7.19999980926513671875</ele>
        <time>2026-09-18T21:43:15.000Z</time>
        <extensions>
          <ns3:TrackPointExtension>
            <ns3:hr>137</ns3:hr>
            <ns3:cad>89</ns3:cad>
          </ns3:TrackPointExtension>
        </extensions>
      </trkpt>
      <trkpt lat="39.14314658381044864654541015625" lon="117.1847779490053653717041015625">
        <ele>7.19999980926513671875</ele>
        <time>2026-09-18T21:43:16.000Z</time>
        <extensions>
          <ns3:TrackPointExtension>
            <ns3:hr>137</ns3:hr>
            <ns3:cad>89</ns3:cad>
          </ns3:TrackPointExtension>
        </extensions>
      </trkpt>
      <trkpt lat="39.14314289577305316925048828125" lon="117.18474232591688632965087890625">
        <ele>7.19999980926513671875</ele>
        <time>2026-09-18T21:43:17.000Z</time>
        <extensions>
          <ns3:TrackPointExtension>
            <ns3:hr>137</ns3:hr>
            <ns3:cad>89</ns3:cad>
          </ns3:TrackPointExtension>
        </extensions>
      </trkpt>
      <trkpt lat="39.14314021356403827667236328125" lon="117.1846981532871723175048828125">
        <ele>7.19999980926513671875</ele>
        <time>2026-09-18T21:43:18.000Z</time>
        <extensions>
          <ns3:TrackPointExtension>
            <ns3:hr>137</ns3:hr>
            <ns3:cad>89</ns3:cad>
          </ns3:TrackPointExtension>
        </extensions>
      </trkpt>
      <trkpt lat="39.14313635788857936859130859375" lon="117.184661440551280975341796875">
        <ele>7.19999980926513671875</ele>
        <time>2026-09-18T21:43:19.000Z</time>
        <extensions>
          <ns3:TrackPointExtension>
            <ns3:hr>137</ns3:hr>
            <ns3:cad>89</ns3:cad>
          </ns3:TrackPointExtension>
        </extensions>
      </trkpt>
      <trkpt lat="39.14313602261245250701904296875" lon="117.18461726792156696319580078125">
        <ele>7</ele>
        <time>2026-09-18T21:43:20.000Z</time>
        <extensions>
          <ns3:TrackPointExtension>
            <ns3:hr>137</ns3:hr>
            <ns3:cad>88</ns3:cad>
          </ns3:TrackPointExtension>
        </extensions>
      </trkpt>
      <trkpt lat="39.14312495850026607513427734375" lon="117.18458424322307109832763671875">
        <ele>7</ele>
        <time>2026-09-18T21:43:21.000Z</time>
        <extensions>
          <ns3:TrackPointExtension>
            <ns3:hr>137</ns3:hr>
            <ns3:cad>88</ns3:cad>
          </ns3:TrackPointExtension>
        </extensions>
      </trkpt>
      <trkpt lat="39.14312931708991527557373046875" lon="117.18454551883041858673095703125">
        <ele>7</ele>
        <time>2026-09-18T21:43:22.000Z</time>
        <extensions>
          <ns3:TrackPointExtension>
            <ns3:hr>137</ns3:hr>
            <ns3:cad>88</ns3:cad>
          </ns3:TrackPointExtension>
        </extensions>
      </trkpt>
      <trkpt lat="39.14312479086220264434814453125" lon="117.184518612921237945556640625">
        <ele>6.80000019073486328125</ele>
        <time>2026-09-18T21:43:23.000Z</time>
        <extensions>
          <ns3:TrackPointExtension>
            <ns3:hr>136</ns3:hr>
            <ns3:cad>88</ns3:cad>
          </ns3:TrackPointExtension>
        </extensions>
      </trkpt>
      <trkpt lat="39.14312160573899745941162109375" lon="117.18448081053793430328369140625">
        <ele>6.80000019073486328125</ele>
        <time>2026-09-18T21:43:24.000Z</time>
        <extensions>
          <ns3:TrackPointExtension>
            <ns3:hr>136</ns3:hr>
            <ns3:cad>88</ns3:cad>
          </ns3:TrackPointExtension>
        </extensions>
      </trkpt>
      <trkpt lat="39.14311959408223628997802734375" lon="117.18445080332458019256591796875">
        <ele>6.80000019073486328125</ele>
        <time>2026-09-18T21:43:25.000Z</time>
        <extensions>
          <ns3:TrackPointExtension>
            <ns3:hr>136</ns3:hr>
            <ns3:cad>88</ns3:cad>
          </ns3:TrackPointExtension>
        </extensions>
      </trkpt>
      <trkpt lat="39.14312428794801235198974609375" lon="117.18440897762775421142578125">
        <ele>6.80000019073486328125</ele>
        <time>2026-09-18T21:43:26.000Z</time>
        <extensions>
          <ns3:TrackPointExtension>
            <ns3:hr>136</ns3:hr>
            <ns3:cad>88</ns3:cad>
          </ns3:TrackPointExtension>
        </extensions>
      </trkpt>
      <trkpt lat="39.14312236011028289794921875" lon="117.1843769587576389312744140625">
        <ele>6.80000019073486328125</ele>
        <time>2026-09-18T21:43:27.000Z</time>
        <extensions>
          <ns3:TrackPointExtension>
            <ns3:hr>136</ns3:hr>
            <ns3:cad>88</ns3:cad>
          </ns3:TrackPointExtension>
        </extensions>
      </trkpt>
      <trkpt lat="39.14313032291829586029052734375" lon="117.184330523014068603515625">
        <ele>6.80000019073486328125</ele>
        <time>2026-09-18T21:43:28.000Z</time>
        <extensions>
          <ns3:TrackPointExtension>
            <ns3:hr>136</ns3:hr>
            <ns3:cad>89</ns3:cad>
          </ns3:TrackPointExtension>
        </extensions>
      </trkpt>
      <trkpt lat="39.14313375949859619140625" lon="117.184299342334270477294921875">
        <ele>7</ele>
        <time>2026-09-18T21:43:29.000Z</time>
        <extensions>
          <ns3:TrackPointExtension>
            <ns3:hr>136</ns3:hr>
            <ns3:cad>89</ns3:cad>
          </ns3:TrackPointExtension>
        </extensions>
      </trkpt>
      <trkpt lat="39.1431466676294803619384765625" lon="117.18425986357033252716064453125">
        <ele>7</ele>
        <time>2026-09-18T21:43:30.000Z</time>
        <extensions>
          <ns3:TrackPointExtension>
            <ns3:hr>135</ns3:hr>
            <ns3:cad>89</ns3:cad>
          </ns3:TrackPointExtension>
        </extensions>
      </trkpt>
      <trkpt lat="39.14314423687756061553955078125" lon="117.184231281280517578125">
        <ele>7</ele>
        <time>2026-09-18T21:43:31.000Z</time>
        <extensions>
          <ns3:TrackPointExtension>
            <ns3:hr>135</ns3:hr>
            <ns3:cad>89</ns3:cad>
          </ns3:TrackPointExtension>
        </extensions>
      </trkpt>
      <trkpt lat="39.14314842782914638519287109375" lon="117.1841871924698352813720703125">
        <ele>7</ele>
        <time>2026-09-18T21:43:32.000Z</time>
        <extensions>
          <ns3:TrackPointExtension>
            <ns3:hr>135</ns3:hr>
            <ns3:cad>89</ns3:cad>
          </ns3:TrackPointExtension>
        </extensions>
      </trkpt>
      <trkpt lat="39.14315454661846160888671875" lon="117.18415416777133941650390625">
        <ele>7</ele>
        <time>2026-09-18T21:43:33.000Z</time>
        <extensions>
          <ns3:TrackPointExtension>
            <ns3:hr>136</ns3:hr>
            <ns3:cad>89</ns3:cad>
          </ns3:TrackPointExtension>
        </extensions>
      </trkpt>
      <trkpt lat="39.1432019881904125213623046875" lon="117.1841067261993885040283203125">
        <ele>7</ele>
        <time>2026-09-18T21:43:34.000Z</time>
        <extensions>
          <ns3:TrackPointExtension>
            <ns3:hr>136</ns3:hr>
            <ns3:cad>88</ns3:cad>
          </ns3:TrackPointExtension>
        </extensions>
      </trkpt>
      <trkpt lat="39.14323375560343265533447265625" lon="117.18410312198102474212646484375">
        <ele>6.80000019073486328125</ele>
        <time>2026-09-18T21:43:35.000Z</time>
        <extensions>
          <ns3:TrackPointExtension>
            <ns3:hr>136</ns3:hr>
            <ns3:cad>88</ns3:cad>
          </ns3:TrackPointExtension>
        </extensions>
      </trkpt>
      <trkpt lat="39.14325957186520099639892578125" lon="117.18410949222743511199951171875">
        <ele>7</ele>
        <time>2026-09-18T21:43:36.000Z</time>
        <extensions>
          <ns3:TrackPointExtension>
            <ns3:hr>136</ns3:hr>
            <ns3:cad>88</ns3:cad>
          </ns3:TrackPointExtension>
        </extensions>
      </trkpt>
      <trkpt lat="39.14328153245151042938232421875" lon="117.18411250971257686614990234375">
        <ele>7</ele>
        <time>2026-09-18T21:43:37.000Z</time>
        <extensions>
          <ns3:TrackPointExtension>
            <ns3:hr>136</ns3:hr>
            <ns3:cad>88</ns3:cad>
          </ns3:TrackPointExtension>
        </extensions>
      </trkpt>
    </trkseg>
  </trk>
</gpx>
