<gpx xmlns:ns3="http://www.garmin.com/xmlschemas/TrackPointExtension/v1" xmlns="http://www.topografix.com/GPX/1/1" xmlns:xsi="http://www.w3.org/2001/XMLSchema-instance" xmlns:ns2="http://www.garmin.com/xmlschemas/GpxExtensions/v3" creator="Garmin Connect" version="1.1" xsi:schemaLocation="http://www.topografix.com/GPX/1/1 http://www.topografix.com/GPX/11.xsd">
  <extensions>
<distance>5086.69</distance>
<average_hr>138.0</average_hr>
<average_speed>3.0829999446868896</average_speed>
<start_time>2026-09-18T21:44:09+00:00</start_time>
<end_time>2026-09-18T22:11:38.842000+00:00</end_time>
<moving_time>1645.56</moving_time>
<elapsed_time>1649.842</elapsed_time>
</extensions>
<metadata>
    <link href="connect.garmin.com">
      <text>Garmin Connect</text>
    </link>
    <time>2026-09-18T21:44:09.000Z</time>
  </metadata>
  <trk>
    <name>南开区 跑步</name>
    <type>running</type>
    <trkseg>
      <trkpt lat="39.1432737372815608978271484375" lon="117.183811850845813751220703125">
        <ele>8.19999980926513671875</ele>
        <time>2026-09-18T21:44:09.000Z</time>
        <extensions>
          <ns3:TrackPointExtension>
            <ns3:hr>128</ns3:hr>
            <ns3:cad>0</ns3:cad>
          </ns3:TrackPointExtension>
        </extensions>
      </trkpt>
      <trkpt lat="39.143303744494915008544921875" lon="117.18378947116434574127197265625">
        <ele>8.19999980926513671875</ele>
        <time>2026-09-18T21:44:10.000Z</time>
        <extensions>
          <ns3:TrackPointExtension>
            <ns3:hr>127</ns3:hr>
            <ns3:cad>0</ns3:cad>
          </ns3:TrackPointExtension>
        </extensions>
      </trkpt>
      <trkpt lat="39.14329343475401401519775390625" lon="117.183791734278202056884765625">
        <ele>8.19999980926513671875</ele>
        <time>2026-09-18T21:44:11.000Z</time>
        <extensions>
          <ns3:TrackPointExtension>
            <ns3:hr>127</ns3:hr>
            <ns3:cad>0</ns3:cad>
          </ns3:TrackPointExtension>
        </extensions>
      </trkpt>
      <trkpt lat="39.14326996542513370513916015625" lon="117.18379315920174121856689453125">
        <ele>8</ele>
        <time>2026-09-18T21:44:12.000Z</time>
        <extensions>
          <ns3:TrackPointExtension>
            <ns3:hr>126</ns3:hr>
            <ns3:cad>44</ns3:cad>
          </ns3:TrackPointExtension>
        </extensions>
      </trkpt>
      <trkpt lat="39.14324850775301456451416015625" lon="117.1837952546775341033935546875">
        <ele>8</ele>
        <time>2026-09-18T21:44:13.000Z</time>
        <extensions>
          <ns3:TrackPointExtension>
            <ns3:hr>126</ns3:hr>
            <ns3:cad>44</ns3:cad>
          </ns3:TrackPointExtension>
        </extensions>
      </trkpt>
      <trkpt lat="39.14321959018707275390625" lon="117.18380271457135677337646484375">
        <ele>8</ele>
        <time>2026-09-18T21:44:14.000Z</time>
        <extensions>
          <ns3:TrackPointExtension>
            <ns3:hr>125</ns3:hr>
            <ns3:cad>0</ns3:cad>
          </ns3:TrackPointExtension>
        </extensions>
      </trkpt>
      <trkpt lat="39.14319536648690700531005859375" lon="117.18380724079906940460205078125">
        <ele>8</ele>
        <time>2026-09-18T21:44:15.000Z</time>
        <extensions>
          <ns3:TrackPointExtension>
            <ns3:hr>125</ns3:hr>
            <ns3:cad>0</ns3:cad>
          </ns3:TrackPointExtension>
        </extensions>
      </trkpt>
      <trkpt lat="39.1431664489209651947021484375" lon="117.1838130243122577667236328125">
        <ele>8</ele>
        <time>2026-09-18T21:44:16.000Z</time>
        <extensions>
          <ns3:TrackPointExtension>
            <ns3:hr>125</ns3:hr>
            <ns3:cad>91</ns3:cad>
          </ns3:TrackPointExtension>
        </extensions>
      </trkpt>
      <trkpt lat="39.14314172230660915374755859375" lon="117.18382291495800018310546875">
        <ele>8</ele>
        <time>2026-09-18T21:44:17.000Z</time>
        <extensions>
          <ns3:TrackPointExtension>
            <ns3:hr>125</ns3:hr>
            <ns3:cad>91</ns3:cad>
          </ns3:TrackPointExtension>
        </extensions>
      </trkpt>
      <trkpt lat="39.14310836233198642730712890625" lon="117.18382501043379306793212890625">
        <ele>8</ele>
        <time>2026-09-18T21:44:18.000Z</time>
        <extensions>
          <ns3:TrackPointExtension>
            <ns3:hr>126</ns3:hr>
            <ns3:cad>90</ns3:cad>
          </ns3:TrackPointExtension>
        </extensions>
      </trkpt>
      <trkpt lat="39.143083132803440093994140625" lon="117.18383339233696460723876953125">
        <ele>8</ele>
        <time>2026-09-18T21:44:19.000Z</time>
        <extensions>
          <ns3:TrackPointExtension>
            <ns3:hr>127</ns3:hr>
            <ns3:cad>90</ns3:cad>
          </ns3:TrackPointExtension>
        </extensions>
      </trkpt>
      <trkpt lat="39.14304784499108791351318359375" lon="117.18383372761309146881103515625">
        <ele>8</ele>
        <time>2026-09-18T21:44:20.000Z</time>
        <extensions>
          <ns3:TrackPointExtension>
            <ns3:hr>127</ns3:hr>
            <ns3:cad>91</ns3:cad>
          </ns3:TrackPointExtension>
        </extensions>
      </trkpt>
      <trkpt lat="39.14302035234868526458740234375" lon="117.1838415227830410003662109375">
        <ele>8</ele>
        <time>2026-09-18T21:44:21.000Z</time>
        <extensions>
          <ns3:TrackPointExtension>
            <ns3:hr>128</ns3:hr>
            <ns3:cad>92</ns3:cad>
          </ns3:TrackPointExtension>
        </extensions>
      </trkpt>
      <trkpt lat="39.142984561622142791748046875" lon="117.1838391758501529693603515625">
        <ele>8</ele>
        <time>2026-09-18T21:44:22.000Z</time>
        <extensions>
          <ns3:TrackPointExtension>
            <ns3:hr>129</ns3:hr>
            <ns3:cad>92</ns3:cad>
          </ns3:TrackPointExtension>
        </extensions>
      </trkpt>
      <trkpt lat="39.142962433397769927978515625" lon="117.18384630046784877777099609375">
        <ele>8</ele>
        <time>2026-09-18T21:44:23.000Z</time>
        <extensions>
          <ns3:TrackPointExtension>
            <ns3:hr>129</ns3:hr>
            <ns3:cad>92</ns3:cad>
          </ns3:TrackPointExtension>
        </extensions>
      </trkpt>
      <trkpt lat="39.14292991161346435546875" lon="117.1838425286114215850830078125">
        <ele>8</ele>
        <time>2026-09-18T21:44:24.000Z</time>
        <extensions>
          <ns3:TrackPointExtension>
            <ns3:hr>130</ns3:hr>
            <ns3:cad>92</ns3:cad>
          </ns3:TrackPointExtension>
        </extensions>
      </trkpt>
      <trkpt lat="39.14290853776037693023681640625" lon="117.18384998850524425506591796875">
        <ele>8</ele>
        <time>2026-09-18T21:44:25.000Z</time>
        <extensions>
          <ns3:TrackPointExtension>
            <ns3:hr>130</ns3:hr>
            <ns3:cad>92</ns3:cad>
          </ns3:TrackPointExtension>
        </extensions>
      </trkpt>
      <trkpt lat="39.14287651889026165008544921875" lon="117.18384445644915103912353515625">
        <ele>8</ele>
        <time>2026-09-18T21:44:26.000Z</time>
        <extensions>
          <ns3:TrackPointExtension>
            <ns3:hr>131</ns3:hr>
            <ns3:cad>92</ns3:cad>
          </ns3:TrackPointExtension>
        </extensions>
      </trkpt>
      <trkpt lat="39.1428559832274913787841796875" lon="117.183852083981037139892578125">
        <ele>8</ele>
        <time>2026-09-18T21:44:27.000Z</time>
        <extensions>
          <ns3:TrackPointExtension>
            <ns3:hr>131</ns3:hr>
            <ns3:cad>92</ns3:cad>
          </ns3:TrackPointExtension>
        </extensions>
      </trkpt>
      <trkpt lat="39.14282203651964664459228515625" lon="117.18384663574397563934326171875">
        <ele>8</ele>
        <time>2026-09-18T21:44:28.000Z</time>
        <extensions>
          <ns3:TrackPointExtension>
            <ns3:hr>131</ns3:hr>
            <ns3:cad>92</ns3:cad>
          </ns3:TrackPointExtension>
        </extensions>
      </trkpt>
      <trkpt lat="39.14279856719076633453369140625" lon="117.18384780921041965484619140625">
        <ele>8</ele>
        <time>2026-09-18T21:44:29.000Z</time>
        <extensions>
          <ns3:TrackPointExtension>
            <ns3:hr>131</ns3:hr>
            <ns3:cad>92</ns3:cad>
          </ns3:TrackPointExtension>
        </extensions>
      </trkpt>
      <trkpt lat="39.14276587776839733123779296875" lon="117.18384127132594585418701171875">
        <ele>8</ele>
        <time>2026-09-18T21:44:30.000Z</time>
        <extensions>
          <ns3:TrackPointExtension>
            <ns3:hr>131</ns3:hr>
            <ns3:cad>92</ns3:cad>
          </ns3:TrackPointExtension>
        </extensions>
      </trkpt>
      <trkpt lat="39.14273746311664581298828125" lon="117.18384076841175556182861328125">
        <ele>8</ele>
        <time>2026-09-18T21:44:31.000Z</time>
        <extensions>
          <ns3:TrackPointExtension>
            <ns3:hr>131</ns3:hr>
            <ns3:cad>92</ns3:cad>
          </ns3:TrackPointExtension>
        </extensions>
      </trkpt>
      <trkpt lat="39.14270653389394283294677734375" lon="117.1838385052978992462158203125">
        <ele>8</ele>
        <time>2026-09-18T21:44:32.000Z</time>
        <extensions>
          <ns3:TrackPointExtension>
            <ns3:hr>132</ns3:hr>
            <ns3:cad>92</ns3:cad>
          </ns3:TrackPointExtension>
        </extensions>
      </trkpt>
      <trkpt lat="39.14267401210963726043701171875" lon="117.18383892439305782318115234375">
        <ele>8</ele>
        <time>2026-09-18T21:44:33.000Z</time>
        <extensions>
          <ns3:TrackPointExtension>
            <ns3:hr>132</ns3:hr>
            <ns3:cad>92</ns3:cad>
          </ns3:TrackPointExtension>
        </extensions>
      </trkpt>
      <trkpt lat="39.14264584891498088836669921875" lon="117.18383071012794971466064453125">
        <ele>8</ele>
        <time>2026-09-18T21:44:34.000Z</time>
        <extensions>
          <ns3:TrackPointExtension>
            <ns3:hr>132</ns3:hr>
            <ns3:cad>92</ns3:cad>
          </ns3:TrackPointExtension>
        </extensions>
      </trkpt>
      <trkpt lat="39.14262003265321254730224609375" lon="117.1838334761559963226318359375">
        <ele>8</ele>
        <time>2026-09-18T21:44:35.000Z</time>
        <extensions>
          <ns3:TrackPointExtension>
            <ns3:hr>133</ns3:hr>
            <ns3:cad>92</ns3:cad>
          </ns3:TrackPointExtension>
        </extensions>
      </trkpt>
      <trkpt lat="39.142592959105968475341796875" lon="117.1838311292231082916259765625">
        <ele>7.80000019073486328125</ele>
        <time>2026-09-18T21:44:36.000Z</time>
        <extensions>
          <ns3:TrackPointExtension>
            <ns3:hr>133</ns3:hr>
            <ns3:cad>92</ns3:cad>
          </ns3:TrackPointExtension>
        </extensions>
      </trkpt>
      <trkpt lat="39.1425666399300098419189453125" lon="117.18383808620274066925048828125">
        <ele>7.80000019073486328125</ele>
        <time>2026-09-18T21:44:37.000Z</time>
        <extensions>
          <ns3:TrackPointExtension>
            <ns3:hr>134</ns3:hr>
            <ns3:cad>91</ns3:cad>
          </ns3:TrackPointExtension>
        </extensions>
      </trkpt>
      <trkpt lat="39.14254107512533664703369140625" lon="117.18383498489856719970703125">
        <ele>7.80000019073486328125</ele>
        <time>2026-09-18T21:44:38.000Z</time>
        <extensions>
          <ns3:TrackPointExtension>
            <ns3:hr>134</ns3:hr>
            <ns3:cad>91</ns3:cad>
          </ns3:TrackPointExtension>
        </extensions>
      </trkpt>
      <trkpt lat="39.1425128281116485595703125" lon="117.18383967876434326171875">
        <ele>7.80000019073486328125</ele>
        <time>2026-09-18T21:44:39.000Z</time>
        <extensions>
          <ns3:TrackPointExtension>
            <ns3:hr>134</ns3:hr>
            <ns3:cad>90</ns3:cad>
          </ns3:TrackPointExtension>
        </extensions>
      </trkpt>
      <trkpt lat="39.14248860441148281097412109375" lon="117.18383775092661380767822265625">
        <ele>7.80000019073486328125</ele>
        <time>2026-09-18T21:44:40.000Z</time>
        <extensions>
          <ns3:TrackPointExtension>
            <ns3:hr>134</ns3:hr>
            <ns3:cad>90</ns3:cad>
          </ns3:TrackPointExtension>
        </extensions>
      </trkpt>
      <trkpt lat="39.1424606926739215850830078125" lon="117.1838468872010707855224609375">
        <ele>7.80000019073486328125</ele>
        <time>2026-09-18T21:44:41.000Z</time>
        <extensions>
          <ns3:TrackPointExtension>
            <ns3:hr>135</ns3:hr>
            <ns3:cad>90</ns3:cad>
          </ns3:TrackPointExtension>
        </extensions>
      </trkpt>
      <trkpt lat="39.14243479259312152862548828125" lon="117.18385032378137111663818359375">
        <ele>7.80000019073486328125</ele>
        <time>2026-09-18T21:44:42.000Z</time>
        <extensions>
          <ns3:TrackPointExtension>
            <ns3:hr>134</ns3:hr>
            <ns3:cad>90</ns3:cad>
          </ns3:TrackPointExtension>
        </extensions>
      </trkpt>
      <trkpt lat="39.1424060426652431488037109375" lon="117.183854095637798309326171875">
        <ele>7.80000019073486328125</ele>
        <time>2026-09-18T21:44:43.000Z</time>
        <extensions>
          <ns3:TrackPointExtension>
            <ns3:hr>135</ns3:hr>
            <ns3:cad>90</ns3:cad>
          </ns3:TrackPointExtension>
        </extensions>
      </trkpt>
      <trkpt lat="39.142381064593791961669921875" lon="117.18385015614330768585205078125">
        <ele>7.80000019073486328125</ele>
        <time>2026-09-18T21:44:44.000Z</time>
        <extensions>
          <ns3:TrackPointExtension>
            <ns3:hr>135</ns3:hr>
            <ns3:cad>90</ns3:cad>
          </ns3:TrackPointExtension>
        </extensions>
      </trkpt>
      <trkpt lat="39.14235466159880161285400390625" lon="117.1838515810668468475341796875">
        <ele>7.80000019073486328125</ele>
        <time>2026-09-18T21:44:45.000Z</time>
        <extensions>
          <ns3:TrackPointExtension>
            <ns3:hr>135</ns3:hr>
            <ns3:cad>90</ns3:cad>
          </ns3:TrackPointExtension>
        </extensions>
      </trkpt>
      <trkpt lat="39.14233110845088958740234375" lon="117.183848731219768524169921875">
        <ele>7.80000019073486328125</ele>
        <time>2026-09-18T21:44:46.000Z</time>
        <extensions>
          <ns3:TrackPointExtension>
            <ns3:hr>135</ns3:hr>
            <ns3:cad>90</ns3:cad>
          </ns3:TrackPointExtension>
        </extensions>
      </trkpt>
      <trkpt lat="39.1422990895807743072509765625" lon="117.1838512457907199859619140625">
        <ele>7.80000019073486328125</ele>
        <time>2026-09-18T21:44:47.000Z</time>
        <extensions>
          <ns3:TrackPointExtension>
            <ns3:hr>134</ns3:hr>
            <ns3:cad>90</ns3:cad>
          </ns3:TrackPointExtension>
        </extensions>
      </trkpt>
      <trkpt lat="39.14227318949997425079345703125" lon="117.18385568819940090179443359375">
        <ele>8</ele>
        <time>2026-09-18T21:44:48.000Z</time>
        <extensions>
          <ns3:TrackPointExtension>
            <ns3:hr>133</ns3:hr>
            <ns3:cad>90</ns3:cad>
          </ns3:TrackPointExtension>
        </extensions>
      </trkpt>
      <trkpt lat="39.1422397457063198089599609375" lon="117.1838566102087497711181640625">
        <ele>8</ele>
        <time>2026-09-18T21:44:49.000Z</time>
        <extensions>
          <ns3:TrackPointExtension>
            <ns3:hr>131</ns3:hr>
            <ns3:cad>90</ns3:cad>
          </ns3:TrackPointExtension>
        </extensions>
      </trkpt>
      <trkpt lat="39.142214767634868621826171875" lon="117.183851413428783416748046875">
        <ele>7.80000019073486328125</ele>
        <time>2026-09-18T21:44:50.000Z</time>
        <extensions>
          <ns3:TrackPointExtension>
            <ns3:hr>130</ns3:hr>
            <ns3:cad>90</ns3:cad>
          </ns3:TrackPointExtension>
        </extensions>
      </trkpt>
      <trkpt lat="39.14218467660248279571533203125" lon="117.18384864740073680877685546875">
        <ele>8</ele>
        <time>2026-09-18T21:44:51.000Z</time>
        <extensions>
          <ns3:TrackPointExtension>
            <ns3:hr>129</ns3:hr>
            <ns3:cad>90</ns3:cad>
          </ns3:TrackPointExtension>
        </extensions>
      </trkpt>
      <trkpt lat="39.14216087199747562408447265625" lon="117.18385149724781513214111328125">
        <ele>8</ele>
        <time>2026-09-18T21:44:52.000Z</time>
        <extensions>
          <ns3:TrackPointExtension>
            <ns3:hr>129</ns3:hr>
            <ns3:cad>91</ns3:cad>
          </ns3:TrackPointExtension>
        </extensions>
      </trkpt>
      <trkpt lat="39.14214067161083221435546875" lon="117.18385132960975170135498046875">
        <ele>7.80000019073486328125</ele>
        <time>2026-09-18T21:44:53.000Z</time>
        <extensions>
          <ns3:TrackPointExtension>
            <ns3:hr>129</ns3:hr>
            <ns3:cad>91</ns3:cad>
          </ns3:TrackPointExtension>
        </extensions>
      </trkpt>
      <trkpt lat="39.1421197168529033660888671875" lon="117.1838616393506526947021484375">
        <ele>7.80000019073486328125</ele>
        <time>2026-09-18T21:44:54.000Z</time>
        <extensions>
          <ns3:TrackPointExtension>
            <ns3:hr>130</ns3:hr>
            <ns3:cad>91</ns3:cad>
          </ns3:TrackPointExtension>
        </extensions>
      </trkpt>
      <trkpt lat="39.14209247566759586334228515625" lon="117.18386054970324039459228515625">
        <ele>8</ele>
        <time>2026-09-18T21:44:55.000Z</time>
        <extensions>
          <ns3:TrackPointExtension>
            <ns3:hr>129</ns3:hr>
            <ns3:cad>90</ns3:cad>
          </ns3:TrackPointExtension>
        </extensions>
      </trkpt>
      <trkpt lat="39.1420702636241912841796875" lon="117.18386457301676273345947265625">
        <ele>7.80000019073486328125</ele>
        <time>2026-09-18T21:44:56.000Z</time>
        <extensions>
          <ns3:TrackPointExtension>
            <ns3:hr>129</ns3:hr>
            <ns3:cad>90</ns3:cad>
          </ns3:TrackPointExtension>
        </extensions>
      </trkpt>
      <trkpt lat="39.142042435705661773681640625" lon="117.18386306427419185638427734375">
        <ele>7.80000019073486328125</ele>
        <time>2026-09-18T21:44:57.000Z</time>
        <extensions>
          <ns3:TrackPointExtension>
            <ns3:hr>129</ns3:hr>
            <ns3:cad>90</ns3:cad>
          </ns3:TrackPointExtension>
        </extensions>
      </trkpt>
      <trkpt lat="39.1420221514999866485595703125" lon="117.18386976979672908782958984375">
        <ele>7.80000019073486328125</ele>
        <time>2026-09-18T21:44:58.000Z</time>
        <extensions>
          <ns3:TrackPointExtension>
            <ns3:hr>129</ns3:hr>
            <ns3:cad>90</ns3:cad>
          </ns3:TrackPointExtension>
        </extensions>
      </trkpt>
      <trkpt lat="39.14199105463922023773193359375" lon="117.183865495026111602783203125">
        <ele>7.80000019073486328125</ele>
        <time>2026-09-18T21:44:59.000Z</time>
        <extensions>
          <ns3:TrackPointExtension>
            <ns3:hr>128</ns3:hr>
            <ns3:cad>90</ns3:cad>
          </ns3:TrackPointExtension>
        </extensions>
      </trkpt>
      <trkpt lat="39.14197035133838653564453125" lon="117.18387060798704624176025390625">
        <ele>7.80000019073486328125</ele>
        <time>2026-09-18T21:45:00.000Z</time>
        <extensions>
          <ns3:TrackPointExtension>
            <ns3:hr>128</ns3:hr>
            <ns3:cad>91</ns3:cad>
          </ns3:TrackPointExtension>
        </extensions>
      </trkpt>
      <trkpt lat="39.1419410146772861480712890625" lon="117.18386339955031871795654296875">
        <ele>7.80000019073486328125</ele>
        <time>2026-09-18T21:45:01.000Z</time>
        <extensions>
          <ns3:TrackPointExtension>
            <ns3:hr>128</ns3:hr>
            <ns3:cad>91</ns3:cad>
          </ns3:TrackPointExtension>
        </extensions>
      </trkpt>
      <trkpt lat="39.14191511459648609161376953125" lon="117.1838678419589996337890625">
        <ele>7.80000019073486328125</ele>
        <time>2026-09-18T21:45:02.000Z</time>
        <extensions>
          <ns3:TrackPointExtension>
            <ns3:hr>128</ns3:hr>
            <ns3:cad>90</ns3:cad>
          </ns3:TrackPointExtension>
        </extensions>
      </trkpt>
      <trkpt lat="39.141883514821529388427734375" lon="117.1838624775409698486328125">
        <ele>8</ele>
        <time>2026-09-18T21:45:03.000Z</time>
        <extensions>
          <ns3:TrackPointExtension>
            <ns3:hr>128</ns3:hr>
            <ns3:cad>90</ns3:cad>
          </ns3:TrackPointExtension>
        </extensions>
      </trkpt>
      <trkpt lat="39.1418610513210296630859375" lon="117.1838670037686824798583984375">
        <ele>7.80000019073486328125</ele>
        <time>2026-09-18T21:45:04.000Z</time>
        <extensions>
          <ns3:TrackPointExtension>
            <ns3:hr>129</ns3:hr>
            <ns3:cad>90</ns3:cad>
          </ns3:TrackPointExtension>
        </extensions>
      </trkpt>
      <trkpt lat="39.14183230139315128326416015625" lon="117.18386239372193813323974609375">
        <ele>8</ele>
        <time>2026-09-18T21:45:05.000Z</time>
        <extensions>
          <ns3:TrackPointExtension>
            <ns3:hr>128</ns3:hr>
            <ns3:cad>90</ns3:cad>
          </ns3:TrackPointExtension>
        </extensions>
      </trkpt>
      <trkpt lat="39.1418079100549221038818359375" lon="117.1838690154254436492919921875">
        <ele>7.80000019073486328125</ele>
        <time>2026-09-18T21:45:06.000Z</time>
        <extensions>
          <ns3:TrackPointExtension>
            <ns3:hr>128</ns3:hr>
            <ns3:cad>90</ns3:cad>
          </ns3:TrackPointExtension>
        </extensions>
      </trkpt>
      <trkpt lat="39.141779579222202301025390625" lon="117.18386574648320674896240234375">
        <ele>8</ele>
        <time>2026-09-18T21:45:07.000Z</time>
        <extensions>
          <ns3:TrackPointExtension>
            <ns3:hr>129</ns3:hr>
            <ns3:cad>90</ns3:cad>
          </ns3:TrackPointExtension>
        </extensions>
      </trkpt>
      <trkpt lat="39.1417556069791316986083984375" lon="117.18387362547218799591064453125">
        <ele>8</ele>
        <time>2026-09-18T21:45:08.000Z</time>
        <extensions>
          <ns3:TrackPointExtension>
            <ns3:hr>129</ns3:hr>
            <ns3:cad>90</ns3:cad>
          </ns3:TrackPointExtension>
        </extensions>
      </trkpt>
      <trkpt lat="39.14172685705125331878662109375" lon="117.183870859444141387939453125">
        <ele>8</ele>
        <time>2026-09-18T21:45:09.000Z</time>
        <extensions>
          <ns3:TrackPointExtension>
            <ns3:hr>130</ns3:hr>
            <ns3:cad>90</ns3:cad>
          </ns3:TrackPointExtension>
        </extensions>
      </trkpt>
      <trkpt lat="39.1417036391794681549072265625" lon="117.18387798406183719635009765625">
        <ele>8</ele>
        <time>2026-09-18T21:45:10.000Z</time>
        <extensions>
          <ns3:TrackPointExtension>
            <ns3:hr>130</ns3:hr>
            <ns3:cad>90</ns3:cad>
          </ns3:TrackPointExtension>
        </extensions>
      </trkpt>
      <trkpt lat="39.141674302518367767333984375" lon="117.1838757209479808807373046875">
        <ele>8</ele>
        <time>2026-09-18T21:45:11.000Z</time>
        <extensions>
          <ns3:TrackPointExtension>
            <ns3:hr>131</ns3:hr>
            <ns3:cad>90</ns3:cad>
          </ns3:TrackPointExtension>
        </extensions>
      </trkpt>
      <trkpt lat="39.1416493244469165802001953125" lon="117.1838767267763614654541015625">
        <ele>8</ele>
        <time>2026-09-18T21:45:12.000Z</time>
        <extensions>
          <ns3:TrackPointExtension>
            <ns3:hr>131</ns3:hr>
            <ns3:cad>90</ns3:cad>
          </ns3:TrackPointExtension>
        </extensions>
      </trkpt>
      <trkpt lat="39.1416191495954990386962890625" lon="117.1838740445673465728759765625">
        <ele>8</ele>
        <time>2026-09-18T21:45:13.000Z</time>
        <extensions>
          <ns3:TrackPointExtension>
            <ns3:hr>131</ns3:hr>
            <ns3:cad>90</ns3:cad>
          </ns3:TrackPointExtension>
        </extensions>
      </trkpt>
      <trkpt lat="39.141603894531726837158203125" lon="117.18388318084180355072021484375">
        <ele>8</ele>
        <time>2026-09-18T21:45:14.000Z</time>
        <extensions>
          <ns3:TrackPointExtension>
            <ns3:hr>132</ns3:hr>
            <ns3:cad>90</ns3:cad>
          </ns3:TrackPointExtension>
        </extensions>
      </trkpt>
      <trkpt lat="39.14157665334641933441162109375" lon="117.183888293802738189697265625">
        <ele>8</ele>
        <time>2026-09-18T21:45:15.000Z</time>
        <extensions>
          <ns3:TrackPointExtension>
            <ns3:hr>132</ns3:hr>
            <ns3:cad>90</ns3:cad>
          </ns3:TrackPointExtension>
        </extensions>
      </trkpt>
      <trkpt lat="39.14154714904725551605224609375" lon="117.18389265239238739013671875">
        <ele>8</ele>
        <time>2026-09-18T21:45:16.000Z</time>
        <extensions>
          <ns3:TrackPointExtension>
            <ns3:hr>132</ns3:hr>
            <ns3:cad>90</ns3:cad>
          </ns3:TrackPointExtension>
        </extensions>
      </trkpt>
      <trkpt lat="39.14151680655777454376220703125" lon="117.18389323912560939788818359375">
        <ele>8</ele>
        <time>2026-09-18T21:45:17.000Z</time>
        <extensions>
          <ns3:TrackPointExtension>
            <ns3:hr>133</ns3:hr>
            <ns3:cad>91</ns3:cad>
          </ns3:TrackPointExtension>
        </extensions>
      </trkpt>
      <trkpt lat="39.1414873860776424407958984375" lon="117.183903045952320098876953125">
        <ele>8</ele>
        <time>2026-09-18T21:45:18.000Z</time>
        <extensions>
          <ns3:TrackPointExtension>
            <ns3:hr>132</ns3:hr>
            <ns3:cad>91</ns3:cad>
          </ns3:TrackPointExtension>
        </extensions>
      </trkpt>
      <trkpt lat="39.14145880378782749176025390625" lon="117.183903716504573822021484375">
        <ele>8</ele>
        <time>2026-09-18T21:45:19.000Z</time>
        <extensions>
          <ns3:TrackPointExtension>
            <ns3:hr>133</ns3:hr>
            <ns3:cad>91</ns3:cad>
          </ns3:TrackPointExtension>
        </extensions>
      </trkpt>
      <trkpt lat="39.1414347477257251739501953125" lon="117.18390941619873046875">
        <ele>7.80000019073486328125</ele>
        <time>2026-09-18T21:45:20.000Z</time>
        <extensions>
          <ns3:TrackPointExtension>
            <ns3:hr>133</ns3:hr>
            <ns3:cad>91</ns3:cad>
          </ns3:TrackPointExtension>
        </extensions>
      </trkpt>
      <trkpt lat="39.14140868000686168670654296875" lon="117.18391268514096736907958984375">
        <ele>7.80000019073486328125</ele>
        <time>2026-09-18T21:45:21.000Z</time>
        <extensions>
          <ns3:TrackPointExtension>
            <ns3:hr>133</ns3:hr>
            <ns3:cad>91</ns3:cad>
          </ns3:TrackPointExtension>
        </extensions>
      </trkpt>
      <trkpt lat="39.14138219319283962249755859375" lon="117.183918468654155731201171875">
        <ele>8</ele>
        <time>2026-09-18T21:45:22.000Z</time>
        <extensions>
          <ns3:TrackPointExtension>
            <ns3:hr>132</ns3:hr>
            <ns3:cad>91</ns3:cad>
          </ns3:TrackPointExtension>
        </extensions>
      </trkpt>
      <trkpt lat="39.14135386236011981964111328125" lon="117.18391654081642627716064453125">
        <ele>7.80000019073486328125</ele>
        <time>2026-09-18T21:45:23.000Z</time>
        <extensions>
          <ns3:TrackPointExtension>
            <ns3:hr>133</ns3:hr>
            <ns3:cad>91</ns3:cad>
          </ns3:TrackPointExtension>
        </extensions>
      </trkpt>
      <trkpt lat="39.141331650316715240478515625" lon="117.18391050584614276885986328125">
        <ele>7.80000019073486328125</ele>
        <time>2026-09-18T21:45:24.000Z</time>
        <extensions>
          <ns3:TrackPointExtension>
            <ns3:hr>133</ns3:hr>
            <ns3:cad>90</ns3:cad>
          </ns3:TrackPointExtension>
        </extensions>
      </trkpt>
      <trkpt lat="39.141306839883327484130859375" lon="117.18389944173395633697509765625">
        <ele>7.80000019073486328125</ele>
        <time>2026-09-18T21:45:25.000Z</time>
        <extensions>
          <ns3:TrackPointExtension>
            <ns3:hr>133</ns3:hr>
            <ns3:cad>89</ns3:cad>
          </ns3:TrackPointExtension>
        </extensions>
      </trkpt>
      <trkpt lat="39.14128127507865428924560546875" lon="117.1839018724858760833740234375">
        <ele>7.80000019073486328125</ele>
        <time>2026-09-18T21:45:26.000Z</time>
        <extensions>
          <ns3:TrackPointExtension>
            <ns3:hr>133</ns3:hr>
            <ns3:cad>89</ns3:cad>
          </ns3:TrackPointExtension>
        </extensions>
      </trkpt>
      <trkpt lat="39.14125621318817138671875" lon="117.18389642424881458282470703125">
        <ele>7.80000019073486328125</ele>
        <time>2026-09-18T21:45:27.000Z</time>
        <extensions>
          <ns3:TrackPointExtension>
            <ns3:hr>134</ns3:hr>
            <ns3:cad>89</ns3:cad>
          </ns3:TrackPointExtension>
        </extensions>
      </trkpt>
      <trkpt lat="39.1412319056689739227294921875" lon="117.1839027106761932373046875">
        <ele>7.80000019073486328125</ele>
        <time>2026-09-18T21:45:28.000Z</time>
        <extensions>
          <ns3:TrackPointExtension>
            <ns3:hr>133</ns3:hr>
            <ns3:cad>89</ns3:cad>
          </ns3:TrackPointExtension>
        </extensions>
      </trkpt>
      <trkpt lat="39.14120315574109554290771484375" lon="117.18389893881976604461669921875">
        <ele>7.80000019073486328125</ele>
        <time>2026-09-18T21:45:29.000Z</time>
        <extensions>
          <ns3:TrackPointExtension>
            <ns3:hr>133</ns3:hr>
            <ns3:cad>89</ns3:cad>
          </ns3:TrackPointExtension>
        </extensions>
      </trkpt>
      <trkpt lat="39.14117717184126377105712890625" lon="117.18390279449522495269775390625">
        <ele>8</ele>
        <time>2026-09-18T21:45:30.000Z</time>
        <extensions>
          <ns3:TrackPointExtension>
            <ns3:hr>134</ns3:hr>
            <ns3:cad>89</ns3:cad>
          </ns3:TrackPointExtension>
        </extensions>
      </trkpt>
      <trkpt lat="39.14114800281822681427001953125" lon="117.1838961727917194366455078125">
        <ele>8</ele>
        <time>2026-09-18T21:45:31.000Z</time>
        <extensions>
          <ns3:TrackPointExtension>
            <ns3:hr>133</ns3:hr>
            <ns3:cad>89</ns3:cad>
          </ns3:TrackPointExtension>
        </extensions>
      </trkpt>
      <trkpt lat="39.1411239467561244964599609375" lon="117.1838958375155925750732421875">
        <ele>8</ele>
        <time>2026-09-18T21:45:32.000Z</time>
        <extensions>
          <ns3:TrackPointExtension>
            <ns3:hr>133</ns3:hr>
            <ns3:cad>89</ns3:cad>
          </ns3:TrackPointExtension>
        </extensions>
      </trkpt>
      <trkpt lat="39.14110005833208560943603515625" lon="117.183885276317596435546875">
        <ele>8</ele>
        <time>2026-09-18T21:45:33.000Z</time>
        <extensions>
          <ns3:TrackPointExtension>
            <ns3:hr>133</ns3:hr>
            <ns3:cad>89</ns3:cad>
          </ns3:TrackPointExtension>
        </extensions>
      </trkpt>
      <trkpt lat="39.14107575081288814544677734375" lon="117.18388988636434078216552734375">
        <ele>8</ele>
        <time>2026-09-18T21:45:34.000Z</time>
        <extensions>
          <ns3:TrackPointExtension>
            <ns3:hr>132</ns3:hr>
            <ns3:cad>89</ns3:cad>
          </ns3:TrackPointExtension>
        </extensions>
      </trkpt>
      <trkpt lat="39.14104926399886608123779296875" lon="117.1838817559182643890380859375">
        <ele>8</ele>
        <time>2026-09-18T21:45:35.000Z</time>
        <extensions>
          <ns3:TrackPointExtension>
            <ns3:hr>132</ns3:hr>
            <ns3:cad>89</ns3:cad>
          </ns3:TrackPointExtension>
        </extensions>
      </trkpt>
      <trkpt lat="39.1410293988883495330810546875" lon="117.1838871203362941741943359375">
        <ele>8</ele>
        <time>2026-09-18T21:45:36.000Z</time>
        <extensions>
          <ns3:TrackPointExtension>
            <ns3:hr>132</ns3:hr>
            <ns3:cad>89</ns3:cad>
          </ns3:TrackPointExtension>
        </extensions>
      </trkpt>
      <trkpt lat="39.141003079712390899658203125" lon="117.18388619832694530487060546875">
        <ele>8</ele>
        <time>2026-09-18T21:45:37.000Z</time>
        <extensions>
          <ns3:TrackPointExtension>
            <ns3:hr>132</ns3:hr>
            <ns3:cad>89</ns3:cad>
          </ns3:TrackPointExtension>
        </extensions>
      </trkpt>
      <trkpt lat="39.14098304696381092071533203125" lon="117.1838919818401336669921875">
        <ele>8</ele>
        <time>2026-09-18T21:45:38.000Z</time>
        <extensions>
          <ns3:TrackPointExtension>
            <ns3:hr>132</ns3:hr>
            <ns3:cad>89</ns3:cad>
          </ns3:TrackPointExtension>
        </extensions>
      </trkpt>
      <trkpt lat="39.14095404557883739471435546875" lon="117.18388552777469158172607421875">
        <ele>8</ele>
        <time>2026-09-18T21:45:39.000Z</time>
        <extensions>
          <ns3:TrackPointExtension>
            <ns3:hr>132</ns3:hr>
            <ns3:cad>89</ns3:cad>
          </ns3:TrackPointExtension>
        </extensions>
      </trkpt>
      <trkpt lat="39.1409298218786716461181640625" lon="117.18389390967786312103271484375">
        <ele>8</ele>
        <time>2026-09-18T21:45:40.000Z</time>
        <extensions>
          <ns3:TrackPointExtension>
            <ns3:hr>133</ns3:hr>
            <ns3:cad>89</ns3:cad>
          </ns3:TrackPointExtension>
        </extensions>
      </trkpt>
      <trkpt lat="39.14090174250304698944091796875" lon="117.18388837762176990509033203125">
        <ele>8</ele>
        <time>2026-09-18T21:45:41.000Z</time>
        <extensions>
          <ns3:TrackPointExtension>
            <ns3:hr>132</ns3:hr>
            <ns3:cad>89</ns3:cad>
          </ns3:TrackPointExtension>
        </extensions>
      </trkpt>
      <trkpt lat="39.14087877608835697174072265625" lon="117.1838961727917194366455078125">
        <ele>8</ele>
        <time>2026-09-18T21:45:42.000Z</time>
        <extensions>
          <ns3:TrackPointExtension>
            <ns3:hr>132</ns3:hr>
            <ns3:cad>89</ns3:cad>
          </ns3:TrackPointExtension>
        </extensions>
      </trkpt>
      <trkpt lat="39.14084675721824169158935546875" lon="117.18389399349689483642578125">
        <ele>8</ele>
        <time>2026-09-18T21:45:43.000Z</time>
        <extensions>
          <ns3:TrackPointExtension>
            <ns3:hr>133</ns3:hr>
            <ns3:cad>89</ns3:cad>
          </ns3:TrackPointExtension>
        </extensions>
      </trkpt>
      <trkpt lat="39.1408216953277587890625" lon="117.18390145339071750640869140625">
        <ele>8</ele>
        <time>2026-09-18T21:45:44.000Z</time>
        <extensions>
          <ns3:TrackPointExtension>
            <ns3:hr>132</ns3:hr>
            <ns3:cad>89</ns3:cad>
          </ns3:TrackPointExtension>
        </extensions>
      </trkpt>
      <trkpt lat="39.14079059846699237823486328125" lon="117.1839005313813686370849609375">
        <ele>8</ele>
        <time>2026-09-18T21:45:45.000Z</time>
        <extensions>
          <ns3:TrackPointExtension>
            <ns3:hr>132</ns3:hr>
            <ns3:cad>89</ns3:cad>
          </ns3:TrackPointExtension>
        </extensions>
      </trkpt>
      <trkpt lat="39.1407652013003826141357421875" lon="117.18390606343746185302734375">
        <ele>8</ele>
        <time>2026-09-18T21:45:46.000Z</time>
        <extensions>
          <ns3:TrackPointExtension>
            <ns3:hr>132</ns3:hr>
            <ns3:cad>89</ns3:cad>
          </ns3:TrackPointExtension>
        </extensions>
      </trkpt>
      <trkpt lat="39.140735529363155364990234375" lon="117.1839035488665103912353515625">
        <ele>8</ele>
        <time>2026-09-18T21:45:47.000Z</time>
        <extensions>
          <ns3:TrackPointExtension>
            <ns3:hr>133</ns3:hr>
            <ns3:cad>89</ns3:cad>
          </ns3:TrackPointExtension>
        </extensions>
      </trkpt>
      <trkpt lat="39.14071063511073589324951171875" lon="117.1839095838367938995361328125">
        <ele>7.80000019073486328125</ele>
        <time>2026-09-18T21:45:48.000Z</time>
        <extensions>
          <ns3:TrackPointExtension>
            <ns3:hr>132</ns3:hr>
            <ns3:cad>90</ns3:cad>
          </ns3:TrackPointExtension>
        </extensions>
      </trkpt>
      <trkpt lat="39.1406835615634918212890625" lon="117.18390245921909809112548828125">
        <ele>7.80000019073486328125</ele>
        <time>2026-09-18T21:45:49.000Z</time>
        <extensions>
          <ns3:TrackPointExtension>
            <ns3:hr>132</ns3:hr>
            <ns3:cad>90</ns3:cad>
          </ns3:TrackPointExtension>
        </extensions>
      </trkpt>
      <trkpt lat="39.14065900258719921112060546875" lon="117.18391251750290393829345703125">
        <ele>7.80000019073486328125</ele>
        <time>2026-09-18T21:45:50.000Z</time>
        <extensions>
          <ns3:TrackPointExtension>
            <ns3:hr>132</ns3:hr>
            <ns3:cad>90</ns3:cad>
          </ns3:TrackPointExtension>
        </extensions>
      </trkpt>
      <trkpt lat="39.14063083939254283905029296875" lon="117.1839109249413013458251953125">
        <ele>8</ele>
        <time>2026-09-18T21:45:51.000Z</time>
        <extensions>
          <ns3:TrackPointExtension>
            <ns3:hr>132</ns3:hr>
            <ns3:cad>90</ns3:cad>
          </ns3:TrackPointExtension>
        </extensions>
      </trkpt>
      <trkpt lat="39.1405992396175861358642578125" lon="117.18391369096934795379638671875">
        <ele>8</ele>
        <time>2026-09-18T21:45:52.000Z</time>
        <extensions>
          <ns3:TrackPointExtension>
            <ns3:hr>131</ns3:hr>
            <ns3:cad>90</ns3:cad>
          </ns3:TrackPointExtension>
        </extensions>
      </trkpt>
      <trkpt lat="39.140571914613246917724609375" lon="117.1839156188070774078369140625">
        <ele>8</ele>
        <time>2026-09-18T21:45:53.000Z</time>
        <extensions>
          <ns3:TrackPointExtension>
            <ns3:hr>131</ns3:hr>
            <ns3:cad>90</ns3:cad>
          </ns3:TrackPointExtension>
        </extensions>
      </trkpt>
      <trkpt lat="39.14054618217051029205322265625" lon="117.1839241683483123779296875">
        <ele>8</ele>
        <time>2026-09-18T21:45:54.000Z</time>
        <extensions>
          <ns3:TrackPointExtension>
            <ns3:hr>131</ns3:hr>
            <ns3:cad>90</ns3:cad>
          </ns3:TrackPointExtension>
        </extensions>
      </trkpt>
      <trkpt lat="39.14052120409905910491943359375" lon="117.18392274342477321624755859375">
        <ele>8</ele>
        <time>2026-09-18T21:45:55.000Z</time>
        <extensions>
          <ns3:TrackPointExtension>
            <ns3:hr>131</ns3:hr>
            <ns3:cad>90</ns3:cad>
          </ns3:TrackPointExtension>
        </extensions>
      </trkpt>
      <trkpt lat="39.14049756713211536407470703125" lon="117.183929868042469024658203125">
        <ele>8</ele>
        <time>2026-09-18T21:45:56.000Z</time>
        <extensions>
          <ns3:TrackPointExtension>
            <ns3:hr>131</ns3:hr>
            <ns3:cad>90</ns3:cad>
          </ns3:TrackPointExtension>
        </extensions>
      </trkpt>
      <trkpt lat="39.1404694877564907073974609375" lon="117.183925174176692962646484375">
        <ele>7.80000019073486328125</ele>
        <time>2026-09-18T21:45:57.000Z</time>
        <extensions>
          <ns3:TrackPointExtension>
            <ns3:hr>131</ns3:hr>
            <ns3:cad>90</ns3:cad>
          </ns3:TrackPointExtension>
        </extensions>
      </trkpt>
      <trkpt lat="39.14044274948537349700927734375" lon="117.18392995186150074005126953125">
        <ele>7.80000019073486328125</ele>
        <time>2026-09-18T21:45:58.000Z</time>
        <extensions>
          <ns3:TrackPointExtension>
            <ns3:hr>131</ns3:hr>
            <ns3:cad>90</ns3:cad>
          </ns3:TrackPointExtension>
        </extensions>
      </trkpt>
      <trkpt lat="39.140417687594890594482421875" lon="117.18392911367118358612060546875">
        <ele>7.80000019073486328125</ele>
        <time>2026-09-18T21:45:59.000Z</time>
        <extensions>
          <ns3:TrackPointExtension>
            <ns3:hr>131</ns3:hr>
            <ns3:cad>90</ns3:cad>
          </ns3:TrackPointExtension>
        </extensions>
      </trkpt>
      <trkpt lat="39.1403943859040737152099609375" lon="117.1839323826134204864501953125">
        <ele>7.80000019073486328125</ele>
        <time>2026-09-18T21:46:00.000Z</time>
        <extensions>
          <ns3:TrackPointExtension>
            <ns3:hr>131</ns3:hr>
            <ns3:cad>90</ns3:cad>
          </ns3:TrackPointExtension>
        </extensions>
      </trkpt>
      <trkpt lat="39.14036773145198822021484375" lon="117.18392794020473957061767578125">
        <ele>7.80000019073486328125</ele>
        <time>2026-09-18T21:46:01.000Z</time>
        <extensions>
          <ns3:TrackPointExtension>
            <ns3:hr>131</ns3:hr>
            <ns3:cad>90</ns3:cad>
          </ns3:TrackPointExtension>
        </extensions>
      </trkpt>
      <trkpt lat="39.14034132845699787139892578125" lon="117.1839295327663421630859375">
        <ele>8</ele>
        <time>2026-09-18T21:46:02.000Z</time>
        <extensions>
          <ns3:TrackPointExtension>
            <ns3:hr>131</ns3:hr>
            <ns3:cad>89</ns3:cad>
          </ns3:TrackPointExtension>
        </extensions>
      </trkpt>
      <trkpt lat="39.14031702093780040740966796875" lon="117.18393095768988132476806640625">
        <ele>8</ele>
        <time>2026-09-18T21:46:03.000Z</time>
        <extensions>
          <ns3:TrackPointExtension>
            <ns3:hr>130</ns3:hr>
            <ns3:cad>89</ns3:cad>
          </ns3:TrackPointExtension>
        </extensions>
      </trkpt>
      <trkpt lat="39.140286259353160858154296875" lon="117.1839313767850399017333984375">
        <ele>8</ele>
        <time>2026-09-18T21:46:04.000Z</time>
        <extensions>
          <ns3:TrackPointExtension>
            <ns3:hr>130</ns3:hr>
            <ns3:cad>89</ns3:cad>
          </ns3:TrackPointExtension>
        </extensions>
      </trkpt>
      <trkpt lat="39.1402549110352993011474609375" lon="117.18392911367118358612060546875">
        <ele>7.80000019073486328125</ele>
        <time>2026-09-18T21:46:05.000Z</time>
        <extensions>
          <ns3:TrackPointExtension>
            <ns3:hr>130</ns3:hr>
            <ns3:cad>90</ns3:cad>
          </ns3:TrackPointExtension>
        </extensions>
      </trkpt>
      <trkpt lat="39.14022213779389858245849609375" lon="117.18393447808921337127685546875">
        <ele>7.80000019073486328125</ele>
        <time>2026-09-18T21:46:06.000Z</time>
        <extensions>
          <ns3:TrackPointExtension>
            <ns3:hr>129</ns3:hr>
            <ns3:cad>90</ns3:cad>
          </ns3:TrackPointExtension>
        </extensions>
      </trkpt>
      <trkpt lat="39.14019246585667133331298828125" lon="117.1839330531656742095947265625">
        <ele>7.80000019073486328125</ele>
        <time>2026-09-18T21:46:07.000Z</time>
        <extensions>
          <ns3:TrackPointExtension>
            <ns3:hr>129</ns3:hr>
            <ns3:cad>90</ns3:cad>
          </ns3:TrackPointExtension>
        </extensions>
      </trkpt>
      <trkpt lat="39.14016145281493663787841796875" lon="117.183939926326274871826171875">
        <ele>7.80000019073486328125</ele>
        <time>2026-09-18T21:46:08.000Z</time>
        <extensions>
          <ns3:TrackPointExtension>
            <ns3:hr>129</ns3:hr>
            <ns3:cad>90</ns3:cad>
          </ns3:TrackPointExtension>
        </extensions>
      </trkpt>
      <trkpt lat="39.140134043991565704345703125" lon="117.18393766321241855621337890625">
        <ele>7.80000019073486328125</ele>
        <time>2026-09-18T21:46:09.000Z</time>
        <extensions>
          <ns3:TrackPointExtension>
            <ns3:hr>130</ns3:hr>
            <ns3:cad>90</ns3:cad>
          </ns3:TrackPointExtension>
        </extensions>
      </trkpt>
      <trkpt lat="39.14010294713079929351806640625" lon="117.18394361436367034912109375">
        <ele>7.80000019073486328125</ele>
        <time>2026-09-18T21:46:10.000Z</time>
        <extensions>
          <ns3:TrackPointExtension>
            <ns3:hr>130</ns3:hr>
            <ns3:cad>90</ns3:cad>
          </ns3:TrackPointExtension>
        </extensions>
      </trkpt>
      <trkpt lat="39.14007344283163547515869140625" lon="117.18394034542143344879150390625">
        <ele>7.80000019073486328125</ele>
        <time>2026-09-18T21:46:11.000Z</time>
        <extensions>
          <ns3:TrackPointExtension>
            <ns3:hr>130</ns3:hr>
            <ns3:cad>90</ns3:cad>
          </ns3:TrackPointExtension>
        </extensions>
      </trkpt>
      <trkpt lat="39.14004645310342311859130859375" lon="117.18394218944013118743896484375">
        <ele>7.80000019073486328125</ele>
        <time>2026-09-18T21:46:12.000Z</time>
        <extensions>
          <ns3:TrackPointExtension>
            <ns3:hr>131</ns3:hr>
            <ns3:cad>90</ns3:cad>
          </ns3:TrackPointExtension>
        </extensions>
      </trkpt>
      <trkpt lat="39.1400158591568470001220703125" lon="117.18394453637301921844482421875">
        <ele>8</ele>
        <time>2026-09-18T21:46:13.000Z</time>
        <extensions>
          <ns3:TrackPointExtension>
            <ns3:hr>131</ns3:hr>
            <ns3:cad>89</ns3:cad>
          </ns3:TrackPointExtension>
        </extensions>
      </trkpt>
      <trkpt lat="39.13998551666736602783203125" lon="117.18394654802978038787841796875">
        <ele>8.19999980926513671875</ele>
        <time>2026-09-18T21:46:14.000Z</time>
        <extensions>
          <ns3:TrackPointExtension>
            <ns3:hr>132</ns3:hr>
            <ns3:cad>89</ns3:cad>
          </ns3:TrackPointExtension>
        </extensions>
      </trkpt>
      <trkpt lat="39.13995777256786823272705078125" lon="117.1839457936584949493408203125">
        <ele>8.19999980926513671875</ele>
        <time>2026-09-18T21:46:15.000Z</time>
        <extensions>
          <ns3:TrackPointExtension>
            <ns3:hr>133</ns3:hr>
            <ns3:cad>90</ns3:cad>
          </ns3:TrackPointExtension>
        </extensions>
      </trkpt>
      <trkpt lat="39.13993078283965587615966796875" lon="117.18395275063812732696533203125">
        <ele>8.19999980926513671875</ele>
        <time>2026-09-18T21:46:16.000Z</time>
        <extensions>
          <ns3:TrackPointExtension>
            <ns3:hr>133</ns3:hr>
            <ns3:cad>90</ns3:cad>
          </ns3:TrackPointExtension>
        </extensions>
      </trkpt>
      <trkpt lat="39.1399035416543483734130859375" lon="117.18395191244781017303466796875">
        <ele>8.19999980926513671875</ele>
        <time>2026-09-18T21:46:17.000Z</time>
        <extensions>
          <ns3:TrackPointExtension>
            <ns3:hr>133</ns3:hr>
            <ns3:cad>90</ns3:cad>
          </ns3:TrackPointExtension>
        </extensions>
      </trkpt>
      <trkpt lat="39.13987554609775543212890625" lon="117.18395392410457134246826171875">
        <ele>8.19999980926513671875</ele>
        <time>2026-09-18T21:46:18.000Z</time>
        <extensions>
          <ns3:TrackPointExtension>
            <ns3:hr>134</ns3:hr>
            <ns3:cad>89</ns3:cad>
          </ns3:TrackPointExtension>
        </extensions>
      </trkpt>
      <trkpt lat="39.13985216058790683746337890625" lon="117.18395031988620758056640625">
        <ele>8</ele>
        <time>2026-09-18T21:46:19.000Z</time>
        <extensions>
          <ns3:TrackPointExtension>
            <ns3:hr>134</ns3:hr>
            <ns3:cad>89</ns3:cad>
          </ns3:TrackPointExtension>
        </extensions>
      </trkpt>
      <trkpt lat="39.1398274339735507965087890625" lon="117.1839511580765247344970703125">
        <ele>8</ele>
        <time>2026-09-18T21:46:20.000Z</time>
        <extensions>
          <ns3:TrackPointExtension>
            <ns3:hr>134</ns3:hr>
            <ns3:cad>89</ns3:cad>
          </ns3:TrackPointExtension>
        </extensions>
      </trkpt>
      <trkpt lat="39.13980136625468730926513671875" lon="117.18394906260073184967041015625">
        <ele>8</ele>
        <time>2026-09-18T21:46:21.000Z</time>
        <extensions>
          <ns3:TrackPointExtension>
            <ns3:hr>134</ns3:hr>
            <ns3:cad>89</ns3:cad>
          </ns3:TrackPointExtension>
        </extensions>
      </trkpt>
      <trkpt lat="39.13977370597422122955322265625" lon="117.183947972953319549560546875">
        <ele>8</ele>
        <time>2026-09-18T21:46:22.000Z</time>
        <extensions>
          <ns3:TrackPointExtension>
            <ns3:hr>134</ns3:hr>
            <ns3:cad>90</ns3:cad>
          </ns3:TrackPointExtension>
        </extensions>
      </trkpt>
      <trkpt lat="39.1397489793598651885986328125" lon="117.18394017778337001800537109375">
        <ele>8</ele>
        <time>2026-09-18T21:46:23.000Z</time>
        <extensions>
          <ns3:TrackPointExtension>
            <ns3:hr>133</ns3:hr>
            <ns3:cad>90</ns3:cad>
          </ns3:TrackPointExtension>
        </extensions>
      </trkpt>
      <trkpt lat="39.13972190581262111663818359375" lon="117.1839431114494800567626953125">
        <ele>8</ele>
        <time>2026-09-18T21:46:24.000Z</time>
        <extensions>
          <ns3:TrackPointExtension>
            <ns3:hr>133</ns3:hr>
            <ns3:cad>90</ns3:cad>
          </ns3:TrackPointExtension>
        </extensions>
      </trkpt>
      <trkpt lat="39.13969541899859905242919921875" lon="117.18393850140273571014404296875">
        <ele>8</ele>
        <time>2026-09-18T21:46:25.000Z</time>
        <extensions>
          <ns3:TrackPointExtension>
            <ns3:hr>133</ns3:hr>
            <ns3:cad>90</ns3:cad>
          </ns3:TrackPointExtension>
        </extensions>
      </trkpt>
      <trkpt lat="39.139666669070720672607421875" lon="117.1839390881359577178955078125">
        <ele>8</ele>
        <time>2026-09-18T21:46:26.000Z</time>
        <extensions>
          <ns3:TrackPointExtension>
            <ns3:hr>133</ns3:hr>
            <ns3:cad>90</ns3:cad>
          </ns3:TrackPointExtension>
        </extensions>
      </trkpt>
      <trkpt lat="39.1396437026560306549072265625" lon="117.18393716029822826385498046875">
        <ele>8</ele>
        <time>2026-09-18T21:46:27.000Z</time>
        <extensions>
          <ns3:TrackPointExtension>
            <ns3:hr>133</ns3:hr>
            <ns3:cad>90</ns3:cad>
          </ns3:TrackPointExtension>
        </extensions>
      </trkpt>
      <trkpt lat="39.1396185569465160369873046875" lon="117.183933891355991363525390625">
        <ele>8</ele>
        <time>2026-09-18T21:46:28.000Z</time>
        <extensions>
          <ns3:TrackPointExtension>
            <ns3:hr>133</ns3:hr>
            <ns3:cad>90</ns3:cad>
          </ns3:TrackPointExtension>
        </extensions>
      </trkpt>
      <trkpt lat="39.139594919979572296142578125" lon="117.18393280170857906341552734375">
        <ele>8</ele>
        <time>2026-09-18T21:46:29.000Z</time>
        <extensions>
          <ns3:TrackPointExtension>
            <ns3:hr>134</ns3:hr>
            <ns3:cad>90</ns3:cad>
          </ns3:TrackPointExtension>
        </extensions>
      </trkpt>
      <trkpt lat="39.1395672596991062164306640625" lon="117.1839337237179279327392578125">
        <ele>7.80000019073486328125</ele>
        <time>2026-09-18T21:46:30.000Z</time>
        <extensions>
          <ns3:TrackPointExtension>
            <ns3:hr>133</ns3:hr>
            <ns3:cad>90</ns3:cad>
          </ns3:TrackPointExtension>
        </extensions>
      </trkpt>
      <trkpt lat="39.139545299112796783447265625" lon="117.18393581919372081756591796875">
        <ele>7.80000019073486328125</ele>
        <time>2026-09-18T21:46:31.000Z</time>
        <extensions>
          <ns3:TrackPointExtension>
            <ns3:hr>133</ns3:hr>
            <ns3:cad>90</ns3:cad>
          </ns3:TrackPointExtension>
        </extensions>
      </trkpt>
      <trkpt lat="39.13951705209910869598388671875" lon="117.1839374117553234100341796875">
        <ele>7.80000019073486328125</ele>
        <time>2026-09-18T21:46:32.000Z</time>
        <extensions>
          <ns3:TrackPointExtension>
            <ns3:hr>133</ns3:hr>
            <ns3:cad>90</ns3:cad>
          </ns3:TrackPointExtension>
        </extensions>
      </trkpt>
      <trkpt lat="39.13949274457991123199462890625" lon="117.18392861075699329376220703125">
        <ele>7.80000019073486328125</ele>
        <time>2026-09-18T21:46:33.000Z</time>
        <extensions>
          <ns3:TrackPointExtension>
            <ns3:hr>133</ns3:hr>
            <ns3:cad>90</ns3:cad>
          </ns3:TrackPointExtension>
        </extensions>
      </trkpt>
      <trkpt lat="39.13946642540395259857177734375" lon="117.18392877839505672454833984375">
        <ele>7.80000019073486328125</ele>
        <time>2026-09-18T21:46:34.000Z</time>
        <extensions>
          <ns3:TrackPointExtension>
            <ns3:hr>134</ns3:hr>
            <ns3:cad>89</ns3:cad>
          </ns3:TrackPointExtension>
        </extensions>
      </trkpt>
      <trkpt lat="39.13944127969443798065185546875" lon="117.1839268505573272705078125">
        <ele>7.80000019073486328125</ele>
        <time>2026-09-18T21:46:35.000Z</time>
        <extensions>
          <ns3:TrackPointExtension>
            <ns3:hr>133</ns3:hr>
            <ns3:cad>89</ns3:cad>
          </ns3:TrackPointExtension>
        </extensions>
      </trkpt>
      <trkpt lat="39.13941227830946445465087890625" lon="117.1839297004044055938720703125">
        <ele>7.80000019073486328125</ele>
        <time>2026-09-18T21:46:36.000Z</time>
        <extensions>
          <ns3:TrackPointExtension>
            <ns3:hr>133</ns3:hr>
            <ns3:cad>89</ns3:cad>
          </ns3:TrackPointExtension>
        </extensions>
      </trkpt>
      <trkpt lat="39.1393885575234889984130859375" lon="117.18393020331859588623046875">
        <ele>7.80000019073486328125</ele>
        <time>2026-09-18T21:46:37.000Z</time>
        <extensions>
          <ns3:TrackPointExtension>
            <ns3:hr>133</ns3:hr>
            <ns3:cad>90</ns3:cad>
          </ns3:TrackPointExtension>
        </extensions>
      </trkpt>
      <trkpt lat="39.13936114870011806488037109375" lon="117.18393665738403797149658203125">
        <ele>7.599999904632568359375</ele>
        <time>2026-09-18T21:46:38.000Z</time>
        <extensions>
          <ns3:TrackPointExtension>
            <ns3:hr>133</ns3:hr>
            <ns3:cad>90</ns3:cad>
          </ns3:TrackPointExtension>
        </extensions>
      </trkpt>
      <trkpt lat="39.1393332369625568389892578125" lon="117.1839384175837039947509765625">
        <ele>7.599999904632568359375</ele>
        <time>2026-09-18T21:46:39.000Z</time>
        <extensions>
          <ns3:TrackPointExtension>
            <ns3:hr>133</ns3:hr>
            <ns3:cad>90</ns3:cad>
          </ns3:TrackPointExtension>
        </extensions>
      </trkpt>
      <trkpt lat="39.13930415175855159759521484375" lon="117.183941937983036041259765625">
        <ele>7.599999904632568359375</ele>
        <time>2026-09-18T21:46:40.000Z</time>
        <extensions>
          <ns3:TrackPointExtension>
            <ns3:hr>133</ns3:hr>
            <ns3:cad>90</ns3:cad>
          </ns3:TrackPointExtension>
        </extensions>
      </trkpt>
      <trkpt lat="39.1392728872597217559814453125" lon="117.18393749557435512542724609375">
        <ele>7.599999904632568359375</ele>
        <time>2026-09-18T21:46:41.000Z</time>
        <extensions>
          <ns3:TrackPointExtension>
            <ns3:hr>133</ns3:hr>
            <ns3:cad>90</ns3:cad>
          </ns3:TrackPointExtension>
        </extensions>
      </trkpt>
      <trkpt lat="39.13924966938793659210205078125" lon="117.183939926326274871826171875">
        <ele>7.599999904632568359375</ele>
        <time>2026-09-18T21:46:42.000Z</time>
        <extensions>
          <ns3:TrackPointExtension>
            <ns3:hr>133</ns3:hr>
            <ns3:cad>90</ns3:cad>
          </ns3:TrackPointExtension>
        </extensions>
      </trkpt>
      <trkpt lat="39.13922469131648540496826171875" lon="117.1839390881359577178955078125">
        <ele>7.599999904632568359375</ele>
        <time>2026-09-18T21:46:43.000Z</time>
        <extensions>
          <ns3:TrackPointExtension>
            <ns3:hr>132</ns3:hr>
            <ns3:cad>90</ns3:cad>
          </ns3:TrackPointExtension>
        </extensions>
      </trkpt>
      <trkpt lat="39.1391922533512115478515625" lon="117.18393330462276935577392578125">
        <ele>7.599999904632568359375</ele>
        <time>2026-09-18T21:46:44.000Z</time>
        <extensions>
          <ns3:TrackPointExtension>
            <ns3:hr>132</ns3:hr>
            <ns3:cad>90</ns3:cad>
          </ns3:TrackPointExtension>
        </extensions>
      </trkpt>
      <trkpt lat="39.13917222060263156890869140625" lon="117.183938585221767425537109375">
        <ele>7.400000095367431640625</ele>
        <time>2026-09-18T21:46:45.000Z</time>
        <extensions>
          <ns3:TrackPointExtension>
            <ns3:hr>131</ns3:hr>
            <ns3:cad>90</ns3:cad>
          </ns3:TrackPointExtension>
        </extensions>
      </trkpt>
      <trkpt lat="39.13913919590413570404052734375" lon="117.18393598683178424835205078125">
        <ele>7.400000095367431640625</ele>
        <time>2026-09-18T21:46:46.000Z</time>
        <extensions>
          <ns3:TrackPointExtension>
            <ns3:hr>131</ns3:hr>
            <ns3:cad>90</ns3:cad>
          </ns3:TrackPointExtension>
        </extensions>
      </trkpt>
      <trkpt lat="39.13911103270947933197021484375" lon="117.18393531627953052520751953125">
        <ele>7.400000095367431640625</ele>
        <time>2026-09-18T21:46:47.000Z</time>
        <extensions>
          <ns3:TrackPointExtension>
            <ns3:hr>130</ns3:hr>
            <ns3:cad>90</ns3:cad>
          </ns3:TrackPointExtension>
        </extensions>
      </trkpt>
      <trkpt lat="39.13908085785806179046630859375" lon="117.1839374117553234100341796875">
        <ele>7.400000095367431640625</ele>
        <time>2026-09-18T21:46:48.000Z</time>
        <extensions>
          <ns3:TrackPointExtension>
            <ns3:hr>130</ns3:hr>
            <ns3:cad>90</ns3:cad>
          </ns3:TrackPointExtension>
        </extensions>
      </trkpt>
      <trkpt lat="39.13905872963368892669677734375" lon="117.1839454583823680877685546875">
        <ele>7.400000095367431640625</ele>
        <time>2026-09-18T21:46:49.000Z</time>
        <extensions>
          <ns3:TrackPointExtension>
            <ns3:hr>130</ns3:hr>
            <ns3:cad>90</ns3:cad>
          </ns3:TrackPointExtension>
        </extensions>
      </trkpt>
      <trkpt lat="39.139026962220668792724609375" lon="117.1839454583823680877685546875">
        <ele>7.400000095367431640625</ele>
        <time>2026-09-18T21:46:50.000Z</time>
        <extensions>
          <ns3:TrackPointExtension>
            <ns3:hr>131</ns3:hr>
            <ns3:cad>90</ns3:cad>
          </ns3:TrackPointExtension>
        </extensions>
      </trkpt>
      <trkpt lat="39.138998799026012420654296875" lon="117.18394151888787746429443359375">
        <ele>7.400000095367431640625</ele>
        <time>2026-09-18T21:46:51.000Z</time>
        <extensions>
          <ns3:TrackPointExtension>
            <ns3:hr>131</ns3:hr>
            <ns3:cad>90</ns3:cad>
          </ns3:TrackPointExtension>
        </extensions>
      </trkpt>
      <trkpt lat="39.13896971382200717926025390625" lon="117.18394302763044834136962890625">
        <ele>7.400000095367431640625</ele>
        <time>2026-09-18T21:46:52.000Z</time>
        <extensions>
          <ns3:TrackPointExtension>
            <ns3:hr>131</ns3:hr>
            <ns3:cad>90</ns3:cad>
          </ns3:TrackPointExtension>
        </extensions>
      </trkpt>
      <trkpt lat="39.13894691504538059234619140625" lon="117.183943949639797210693359375">
        <ele>7.400000095367431640625</ele>
        <time>2026-09-18T21:46:53.000Z</time>
        <extensions>
          <ns3:TrackPointExtension>
            <ns3:hr>131</ns3:hr>
            <ns3:cad>89</ns3:cad>
          </ns3:TrackPointExtension>
        </extensions>
      </trkpt>
      <trkpt lat="39.13891036994755268096923828125" lon="117.18394587747752666473388671875">
        <ele>7.400000095367431640625</ele>
        <time>2026-09-18T21:46:54.000Z</time>
        <extensions>
          <ns3:TrackPointExtension>
            <ns3:hr>132</ns3:hr>
            <ns3:cad>89</ns3:cad>
          </ns3:TrackPointExtension>
        </extensions>
      </trkpt>
      <trkpt lat="39.13888740353286266326904296875" lon="117.18394738622009754180908203125">
        <ele>7.400000095367431640625</ele>
        <time>2026-09-18T21:46:55.000Z</time>
        <extensions>
          <ns3:TrackPointExtension>
            <ns3:hr>132</ns3:hr>
            <ns3:cad>89</ns3:cad>
          </ns3:TrackPointExtension>
        </extensions>
      </trkpt>
      <trkpt lat="39.13885630667209625244140625" lon="117.18394805677235126495361328125">
        <ele>7.400000095367431640625</ele>
        <time>2026-09-18T21:46:56.000Z</time>
        <extensions>
          <ns3:TrackPointExtension>
            <ns3:hr>132</ns3:hr>
            <ns3:cad>89</ns3:cad>
          </ns3:TrackPointExtension>
        </extensions>
      </trkpt>
      <trkpt lat="39.13883493281900882720947265625" lon="117.18395208008587360382080078125">
        <ele>7.400000095367431640625</ele>
        <time>2026-09-18T21:46:57.000Z</time>
        <extensions>
          <ns3:TrackPointExtension>
            <ns3:hr>132</ns3:hr>
            <ns3:cad>89</ns3:cad>
          </ns3:TrackPointExtension>
        </extensions>
      </trkpt>
      <trkpt lat="39.13880492560565471649169921875" lon="117.183949984610080718994140625">
        <ele>7.19999980926513671875</ele>
        <time>2026-09-18T21:46:58.000Z</time>
        <extensions>
          <ns3:TrackPointExtension>
            <ns3:hr>132</ns3:hr>
            <ns3:cad>89</ns3:cad>
          </ns3:TrackPointExtension>
        </extensions>
      </trkpt>
      <trkpt lat="39.13878397084772586822509765625" lon="117.183945290744304656982421875">
        <ele>7.19999980926513671875</ele>
        <time>2026-09-18T21:46:59.000Z</time>
        <extensions>
          <ns3:TrackPointExtension>
            <ns3:hr>132</ns3:hr>
            <ns3:cad>89</ns3:cad>
          </ns3:TrackPointExtension>
        </extensions>
      </trkpt>
      <trkpt lat="39.1387511976063251495361328125" lon="117.18394319526851177215576171875">
        <ele>7.19999980926513671875</ele>
        <time>2026-09-18T21:47:00.000Z</time>
        <extensions>
          <ns3:TrackPointExtension>
            <ns3:hr>132</ns3:hr>
            <ns3:cad>90</ns3:cad>
          </ns3:TrackPointExtension>
        </extensions>
      </trkpt>
      <trkpt lat="39.13872663863003253936767578125" lon="117.1839474700391292572021484375">
        <ele>7.19999980926513671875</ele>
        <time>2026-09-18T21:47:01.000Z</time>
        <extensions>
          <ns3:TrackPointExtension>
            <ns3:hr>132</ns3:hr>
            <ns3:cad>90</ns3:cad>
          </ns3:TrackPointExtension>
        </extensions>
      </trkpt>
      <trkpt lat="39.138691015541553497314453125" lon="117.18394252471625804901123046875">
        <ele>7.19999980926513671875</ele>
        <time>2026-09-18T21:47:02.000Z</time>
        <extensions>
          <ns3:TrackPointExtension>
            <ns3:hr>132</ns3:hr>
            <ns3:cad>90</ns3:cad>
          </ns3:TrackPointExtension>
        </extensions>
      </trkpt>
      <trkpt lat="39.1386703960597515106201171875" lon="117.18394939787685871124267578125">
        <ele>7.19999980926513671875</ele>
        <time>2026-09-18T21:47:03.000Z</time>
        <extensions>
          <ns3:TrackPointExtension>
            <ns3:hr>132</ns3:hr>
            <ns3:cad>91</ns3:cad>
          </ns3:TrackPointExtension>
        </extensions>
      </trkpt>
      <trkpt lat="39.138636700809001922607421875" lon="117.18395057134330272674560546875">
        <ele>7.19999980926513671875</ele>
        <time>2026-09-18T21:47:04.000Z</time>
        <extensions>
          <ns3:TrackPointExtension>
            <ns3:hr>132</ns3:hr>
            <ns3:cad>91</ns3:cad>
          </ns3:TrackPointExtension>
        </extensions>
      </trkpt>
      <trkpt lat="39.1386154107749462127685546875" lon="117.1839511580765247344970703125">
        <ele>7.19999980926513671875</ele>
        <time>2026-09-18T21:47:05.000Z</time>
        <extensions>
          <ns3:TrackPointExtension>
            <ns3:hr>132</ns3:hr>
            <ns3:cad>91</ns3:cad>
          </ns3:TrackPointExtension>
        </extensions>
      </trkpt>
      <trkpt lat="39.138583727180957794189453125" lon="117.18395157717168331146240234375">
        <ele>7.19999980926513671875</ele>
        <time>2026-09-18T21:47:06.000Z</time>
        <extensions>
          <ns3:TrackPointExtension>
            <ns3:hr>132</ns3:hr>
            <ns3:cad>91</ns3:cad>
          </ns3:TrackPointExtension>
        </extensions>
      </trkpt>
      <trkpt lat="39.1385567374527454376220703125" lon="117.1839605458080768585205078125">
        <ele>7.19999980926513671875</ele>
        <time>2026-09-18T21:47:07.000Z</time>
        <extensions>
          <ns3:TrackPointExtension>
            <ns3:hr>133</ns3:hr>
            <ns3:cad>90</ns3:cad>
          </ns3:TrackPointExtension>
        </extensions>
      </trkpt>
      <trkpt lat="39.138528406620025634765625" lon="117.18396062962710857391357421875">
        <ele>7.19999980926513671875</ele>
        <time>2026-09-18T21:47:08.000Z</time>
        <extensions>
          <ns3:TrackPointExtension>
            <ns3:hr>133</ns3:hr>
            <ns3:cad>90</ns3:cad>
          </ns3:TrackPointExtension>
        </extensions>
      </trkpt>
      <trkpt lat="39.13850870914757251739501953125" lon="117.18396834097802639007568359375">
        <ele>7.19999980926513671875</ele>
        <time>2026-09-18T21:47:09.000Z</time>
        <extensions>
          <ns3:TrackPointExtension>
            <ns3:hr>133</ns3:hr>
            <ns3:cad>90</ns3:cad>
          </ns3:TrackPointExtension>
        </extensions>
      </trkpt>
      <trkpt lat="39.13847937248647212982177734375" lon="117.1839649043977260589599609375">
        <ele>7.19999980926513671875</ele>
        <time>2026-09-18T21:47:10.000Z</time>
        <extensions>
          <ns3:TrackPointExtension>
            <ns3:hr>134</ns3:hr>
            <ns3:cad>90</ns3:cad>
          </ns3:TrackPointExtension>
        </extensions>
      </trkpt>
      <trkpt lat="39.13846227340400218963623046875" lon="117.1839662455022335052490234375">
        <ele>7.19999980926513671875</ele>
        <time>2026-09-18T21:47:11.000Z</time>
        <extensions>
          <ns3:TrackPointExtension>
            <ns3:hr>134</ns3:hr>
            <ns3:cad>90</ns3:cad>
          </ns3:TrackPointExtension>
        </extensions>
      </trkpt>
      <trkpt lat="39.13843913935124874114990234375" lon="117.18395878560841083526611328125">
        <ele>7.19999980926513671875</ele>
        <time>2026-09-18T21:47:12.000Z</time>
        <extensions>
          <ns3:TrackPointExtension>
            <ns3:hr>134</ns3:hr>
            <ns3:cad>90</ns3:cad>
          </ns3:TrackPointExtension>
        </extensions>
      </trkpt>
      <trkpt lat="39.1384189389646053314208984375" lon="117.1839617192745208740234375">
        <ele>7.19999980926513671875</ele>
        <time>2026-09-18T21:47:13.000Z</time>
        <extensions>
          <ns3:TrackPointExtension>
            <ns3:hr>134</ns3:hr>
            <ns3:cad>90</ns3:cad>
          </ns3:TrackPointExtension>
        </extensions>
      </trkpt>
      <trkpt lat="39.13839186541736125946044921875" lon="117.1839545108377933502197265625">
        <ele>7.19999980926513671875</ele>
        <time>2026-09-18T21:47:14.000Z</time>
        <extensions>
          <ns3:TrackPointExtension>
            <ns3:hr>134</ns3:hr>
            <ns3:cad>91</ns3:cad>
          </ns3:TrackPointExtension>
        </extensions>
      </trkpt>
      <trkpt lat="39.13837174884974956512451171875" lon="117.1839618869125843048095703125">
        <ele>7.19999980926513671875</ele>
        <time>2026-09-18T21:47:15.000Z</time>
        <extensions>
          <ns3:TrackPointExtension>
            <ns3:hr>135</ns3:hr>
            <ns3:cad>91</ns3:cad>
          </ns3:TrackPointExtension>
        </extensions>
      </trkpt>
      <trkpt lat="39.1383428312838077545166015625" lon="117.18395409174263477325439453125">
        <ele>7</ele>
        <time>2026-09-18T21:47:16.000Z</time>
        <extensions>
          <ns3:TrackPointExtension>
            <ns3:hr>135</ns3:hr>
            <ns3:cad>91</ns3:cad>
          </ns3:TrackPointExtension>
        </extensions>
      </trkpt>
      <trkpt lat="39.1383200325071811676025390625" lon="117.1839652396738529205322265625">
        <ele>7</ele>
        <time>2026-09-18T21:47:17.000Z</time>
        <extensions>
          <ns3:TrackPointExtension>
            <ns3:hr>135</ns3:hr>
            <ns3:cad>91</ns3:cad>
          </ns3:TrackPointExtension>
        </extensions>
      </trkpt>
      <trkpt lat="39.13829036056995391845703125" lon="117.1839632280170917510986328125">
        <ele>6.80000019073486328125</ele>
        <time>2026-09-18T21:47:18.000Z</time>
        <extensions>
          <ns3:TrackPointExtension>
            <ns3:hr>135</ns3:hr>
            <ns3:cad>92</ns3:cad>
          </ns3:TrackPointExtension>
        </extensions>
      </trkpt>
      <trkpt lat="39.1382660530507564544677734375" lon="117.18396775424480438232421875">
        <ele>6.80000019073486328125</ele>
        <time>2026-09-18T21:47:19.000Z</time>
        <extensions>
          <ns3:TrackPointExtension>
            <ns3:hr>135</ns3:hr>
            <ns3:cad>92</ns3:cad>
          </ns3:TrackPointExtension>
        </extensions>
      </trkpt>
      <trkpt lat="39.1382338665425777435302734375" lon="117.18395928852260112762451171875">
        <ele>6.80000019073486328125</ele>
        <time>2026-09-18T21:47:20.000Z</time>
        <extensions>
          <ns3:TrackPointExtension>
            <ns3:hr>135</ns3:hr>
            <ns3:cad>92</ns3:cad>
          </ns3:TrackPointExtension>
        </extensions>
      </trkpt>
      <trkpt lat="39.138207547366619110107421875" lon="117.18396364711225032806396484375">
        <ele>6.80000019073486328125</ele>
        <time>2026-09-18T21:47:21.000Z</time>
        <extensions>
          <ns3:TrackPointExtension>
            <ns3:hr>135</ns3:hr>
            <ns3:cad>92</ns3:cad>
          </ns3:TrackPointExtension>
        </extensions>
      </trkpt>
      <trkpt lat="39.138175360858440399169921875" lon="117.18395836651325225830078125">
        <ele>6.80000019073486328125</ele>
        <time>2026-09-18T21:47:22.000Z</time>
        <extensions>
          <ns3:TrackPointExtension>
            <ns3:hr>135</ns3:hr>
            <ns3:cad>90</ns3:cad>
          </ns3:TrackPointExtension>
        </extensions>
      </trkpt>
      <trkpt lat="39.1381520591676235198974609375" lon="117.1839630603790283203125">
        <ele>6.80000019073486328125</ele>
        <time>2026-09-18T21:47:23.000Z</time>
        <extensions>
          <ns3:TrackPointExtension>
            <ns3:hr>135</ns3:hr>
            <ns3:cad>89</ns3:cad>
          </ns3:TrackPointExtension>
        </extensions>
      </trkpt>
      <trkpt lat="39.1381222195923328399658203125" lon="117.18395777978003025054931640625">
        <ele>6.80000019073486328125</ele>
        <time>2026-09-18T21:47:24.000Z</time>
        <extensions>
          <ns3:TrackPointExtension>
            <ns3:hr>136</ns3:hr>
            <ns3:cad>89</ns3:cad>
          </ns3:TrackPointExtension>
        </extensions>
      </trkpt>
      <trkpt lat="39.13809414021670818328857421875" lon="117.18396750278770923614501953125">
        <ele>6.80000019073486328125</ele>
        <time>2026-09-18T21:47:25.000Z</time>
        <extensions>
          <ns3:TrackPointExtension>
            <ns3:hr>135</ns3:hr>
            <ns3:cad>89</ns3:cad>
          </ns3:TrackPointExtension>
        </extensions>
      </trkpt>
      <trkpt lat="39.13806363008916378021240234375" lon="117.1839642338454723358154296875">
        <ele>6.80000019073486328125</ele>
        <time>2026-09-18T21:47:26.000Z</time>
        <extensions>
          <ns3:TrackPointExtension>
            <ns3:hr>135</ns3:hr>
            <ns3:cad>89</ns3:cad>
          </ns3:TrackPointExtension>
        </extensions>
      </trkpt>
      <trkpt lat="39.1380377300083637237548828125" lon="117.18397068791091442108154296875">
        <ele>6.80000019073486328125</ele>
        <time>2026-09-18T21:47:27.000Z</time>
        <extensions>
          <ns3:TrackPointExtension>
            <ns3:hr>136</ns3:hr>
            <ns3:cad>89</ns3:cad>
          </ns3:TrackPointExtension>
        </extensions>
      </trkpt>
      <trkpt lat="39.13800344802439212799072265625" lon="117.18396373093128204345703125">
        <ele>6.80000019073486328125</ele>
        <time>2026-09-18T21:47:28.000Z</time>
        <extensions>
          <ns3:TrackPointExtension>
            <ns3:hr>135</ns3:hr>
            <ns3:cad>89</ns3:cad>
          </ns3:TrackPointExtension>
        </extensions>
      </trkpt>
      <trkpt lat="39.13797779940068721771240234375" lon="117.183971442282199859619140625">
        <ele>6.80000019073486328125</ele>
        <time>2026-09-18T21:47:29.000Z</time>
        <extensions>
          <ns3:TrackPointExtension>
            <ns3:hr>135</ns3:hr>
            <ns3:cad>89</ns3:cad>
          </ns3:TrackPointExtension>
        </extensions>
      </trkpt>
      <trkpt lat="39.13794158957898616790771484375" lon="117.18397420831024646759033203125">
        <ele>6.80000019073486328125</ele>
        <time>2026-09-18T21:47:30.000Z</time>
        <extensions>
          <ns3:TrackPointExtension>
            <ns3:hr>136</ns3:hr>
            <ns3:cad>89</ns3:cad>
          </ns3:TrackPointExtension>
        </extensions>
      </trkpt>
      <trkpt lat="39.137915186583995819091796875" lon="117.183982171118259429931640625">
        <ele>6.80000019073486328125</ele>
        <time>2026-09-18T21:47:31.000Z</time>
        <extensions>
          <ns3:TrackPointExtension>
            <ns3:hr>135</ns3:hr>
            <ns3:cad>89</ns3:cad>
          </ns3:TrackPointExtension>
        </extensions>
      </trkpt>
      <trkpt lat="39.137876294553279876708984375" lon="117.183976471424102783203125">
        <ele>6.80000019073486328125</ele>
        <time>2026-09-18T21:47:32.000Z</time>
        <extensions>
          <ns3:TrackPointExtension>
            <ns3:hr>135</ns3:hr>
            <ns3:cad>89</ns3:cad>
          </ns3:TrackPointExtension>
        </extensions>
      </trkpt>
      <trkpt lat="39.13785374723374843597412109375" lon="117.18398191966116428375244140625">
        <ele>6.80000019073486328125</ele>
        <time>2026-09-18T21:47:33.000Z</time>
        <extensions>
          <ns3:TrackPointExtension>
            <ns3:hr>134</ns3:hr>
            <ns3:cad>89</ns3:cad>
          </ns3:TrackPointExtension>
        </extensions>
      </trkpt>
      <trkpt lat="39.13782089017331600189208984375" lon="117.1839769743382930755615234375">
        <ele>6.80000019073486328125</ele>
        <time>2026-09-18T21:47:34.000Z</time>
        <extensions>
          <ns3:TrackPointExtension>
            <ns3:hr>134</ns3:hr>
            <ns3:cad>90</ns3:cad>
          </ns3:TrackPointExtension>
        </extensions>
      </trkpt>
      <trkpt lat="39.13780085742473602294921875" lon="117.18398141674697399139404296875">
        <ele>6.80000019073486328125</ele>
        <time>2026-09-18T21:47:35.000Z</time>
        <extensions>
          <ns3:TrackPointExtension>
            <ns3:hr>133</ns3:hr>
            <ns3:cad>90</ns3:cad>
          </ns3:TrackPointExtension>
        </extensions>
      </trkpt>
      <trkpt lat="39.137767665088176727294921875" lon="117.1839766390621662139892578125">
        <ele>6.80000019073486328125</ele>
        <time>2026-09-18T21:47:36.000Z</time>
        <extensions>
          <ns3:TrackPointExtension>
            <ns3:hr>133</ns3:hr>
            <ns3:cad>90</ns3:cad>
          </ns3:TrackPointExtension>
        </extensions>
      </trkpt>
      <trkpt lat="39.137748219072818756103515625" lon="117.18398057855665683746337890625">
        <ele>6.80000019073486328125</ele>
        <time>2026-09-18T21:47:37.000Z</time>
        <extensions>
          <ns3:TrackPointExtension>
            <ns3:hr>133</ns3:hr>
            <ns3:cad>90</ns3:cad>
          </ns3:TrackPointExtension>
        </extensions>
      </trkpt>
      <trkpt lat="39.1377148590981960296630859375" lon="117.183970101177692413330078125">
        <ele>6.80000019073486328125</ele>
        <time>2026-09-18T21:47:38.000Z</time>
        <extensions>
          <ns3:TrackPointExtension>
            <ns3:hr>133</ns3:hr>
            <ns3:cad>90</ns3:cad>
          </ns3:TrackPointExtension>
        </extensions>
      </trkpt>
      <trkpt lat="39.13769415579736232757568359375" lon="117.1839751303195953369140625">
        <ele>6.80000019073486328125</ele>
        <time>2026-09-18T21:47:39.000Z</time>
        <extensions>
          <ns3:TrackPointExtension>
            <ns3:hr>133</ns3:hr>
            <ns3:cad>89</ns3:cad>
          </ns3:TrackPointExtension>
        </extensions>
      </trkpt>
      <trkpt lat="39.13765978999435901641845703125" lon="117.18396800570189952850341796875">
        <ele>6.80000019073486328125</ele>
        <time>2026-09-18T21:47:40.000Z</time>
        <extensions>
          <ns3:TrackPointExtension>
            <ns3:hr>132</ns3:hr>
            <ns3:cad>89</ns3:cad>
          </ns3:TrackPointExtension>
        </extensions>
      </trkpt>
      <trkpt lat="39.13764101453125476837158203125" lon="117.18397387303411960601806640625">
        <ele>6.80000019073486328125</ele>
        <time>2026-09-18T21:47:41.000Z</time>
        <extensions>
          <ns3:TrackPointExtension>
            <ns3:hr>132</ns3:hr>
            <ns3:cad>89</ns3:cad>
          </ns3:TrackPointExtension>
        </extensions>
      </trkpt>
      <trkpt lat="39.13760899566113948822021484375" lon="117.183971442282199859619140625">
        <ele>6.80000019073486328125</ele>
        <time>2026-09-18T21:47:42.000Z</time>
        <extensions>
          <ns3:TrackPointExtension>
            <ns3:hr>132</ns3:hr>
            <ns3:cad>88</ns3:cad>
          </ns3:TrackPointExtension>
        </extensions>
      </trkpt>
      <trkpt lat="39.13759005255997180938720703125" lon="117.1839846856892108917236328125">
        <ele>6.599999904632568359375</ele>
        <time>2026-09-18T21:47:43.000Z</time>
        <extensions>
          <ns3:TrackPointExtension>
            <ns3:hr>132</ns3:hr>
            <ns3:cad>88</ns3:cad>
          </ns3:TrackPointExtension>
        </extensions>
      </trkpt>
      <trkpt lat="39.13755451329052448272705078125" lon="117.18398376367986202239990234375">
        <ele>6.599999904632568359375</ele>
        <time>2026-09-18T21:47:44.000Z</time>
        <extensions>
          <ns3:TrackPointExtension>
            <ns3:hr>132</ns3:hr>
            <ns3:cad>88</ns3:cad>
          </ns3:TrackPointExtension>
        </extensions>
      </trkpt>
      <trkpt lat="39.13753020577132701873779296875" lon="117.18398544006049633026123046875">
        <ele>6.599999904632568359375</ele>
        <time>2026-09-18T21:47:45.000Z</time>
        <extensions>
          <ns3:TrackPointExtension>
            <ns3:hr>133</ns3:hr>
            <ns3:cad>89</ns3:cad>
          </ns3:TrackPointExtension>
        </extensions>
      </trkpt>
      <trkpt lat="39.13749768398702144622802734375" lon="117.18398091383278369903564453125">
        <ele>6.599999904632568359375</ele>
        <time>2026-09-18T21:47:46.000Z</time>
        <extensions>
          <ns3:TrackPointExtension>
            <ns3:hr>132</ns3:hr>
            <ns3:cad>89</ns3:cad>
          </ns3:TrackPointExtension>
        </extensions>
      </trkpt>
      <trkpt lat="39.137476980686187744140625" lon="117.18398376367986202239990234375">
        <ele>6.599999904632568359375</ele>
        <time>2026-09-18T21:47:47.000Z</time>
        <extensions>
          <ns3:TrackPointExtension>
            <ns3:hr>132</ns3:hr>
            <ns3:cad>89</ns3:cad>
          </ns3:TrackPointExtension>
        </extensions>
      </trkpt>
      <trkpt lat="39.13744554854929447174072265625" lon="117.18397504650056362152099609375">
        <ele>6.599999904632568359375</ele>
        <time>2026-09-18T21:47:48.000Z</time>
        <extensions>
          <ns3:TrackPointExtension>
            <ns3:hr>132</ns3:hr>
            <ns3:cad>89</ns3:cad>
          </ns3:TrackPointExtension>
        </extensions>
      </trkpt>
      <trkpt lat="39.137424342334270477294921875" lon="117.18397789634764194488525390625">
        <ele>6.599999904632568359375</ele>
        <time>2026-09-18T21:47:49.000Z</time>
        <extensions>
          <ns3:TrackPointExtension>
            <ns3:hr>132</ns3:hr>
            <ns3:cad>89</ns3:cad>
          </ns3:TrackPointExtension>
        </extensions>
      </trkpt>
      <trkpt lat="39.1373923234641551971435546875" lon="117.183974795043468475341796875">
        <ele>6.599999904632568359375</ele>
        <time>2026-09-18T21:47:50.000Z</time>
        <extensions>
          <ns3:TrackPointExtension>
            <ns3:hr>133</ns3:hr>
            <ns3:cad>89</ns3:cad>
          </ns3:TrackPointExtension>
        </extensions>
      </trkpt>
      <trkpt lat="39.13736726157367229461669921875" lon="117.18397915363311767578125">
        <ele>6.599999904632568359375</ele>
        <time>2026-09-18T21:47:51.000Z</time>
        <extensions>
          <ns3:TrackPointExtension>
            <ns3:hr>132</ns3:hr>
            <ns3:cad>89</ns3:cad>
          </ns3:TrackPointExtension>
        </extensions>
      </trkpt>
      <trkpt lat="39.13733256049454212188720703125" lon="117.1839716099202632904052734375">
        <ele>6.599999904632568359375</ele>
        <time>2026-09-18T21:47:52.000Z</time>
        <extensions>
          <ns3:TrackPointExtension>
            <ns3:hr>132</ns3:hr>
            <ns3:cad>90</ns3:cad>
          </ns3:TrackPointExtension>
        </extensions>
      </trkpt>
      <trkpt lat="39.137310348451137542724609375" lon="117.18397756107151508331298828125">
        <ele>6.599999904632568359375</ele>
        <time>2026-09-18T21:47:53.000Z</time>
        <extensions>
          <ns3:TrackPointExtension>
            <ns3:hr>133</ns3:hr>
            <ns3:cad>90</ns3:cad>
          </ns3:TrackPointExtension>
        </extensions>
      </trkpt>
      <trkpt lat="39.1372763179242610931396484375" lon="117.183972783386707305908203125">
        <ele>6.80000019073486328125</ele>
        <time>2026-09-18T21:47:54.000Z</time>
        <extensions>
          <ns3:TrackPointExtension>
            <ns3:hr>132</ns3:hr>
            <ns3:cad>89</ns3:cad>
          </ns3:TrackPointExtension>
        </extensions>
      </trkpt>
      <trkpt lat="39.137252010405063629150390625" lon="117.18397605232894420623779296875">
        <ele>6.599999904632568359375</ele>
        <time>2026-09-18T21:47:55.000Z</time>
        <extensions>
          <ns3:TrackPointExtension>
            <ns3:hr>133</ns3:hr>
            <ns3:cad>89</ns3:cad>
          </ns3:TrackPointExtension>
        </extensions>
      </trkpt>
      <trkpt lat="39.13721571676433086395263671875" lon="117.1839726157486438751220703125">
        <ele>6.599999904632568359375</ele>
        <time>2026-09-18T21:47:56.000Z</time>
        <extensions>
          <ns3:TrackPointExtension>
            <ns3:hr>133</ns3:hr>
            <ns3:cad>89</ns3:cad>
          </ns3:TrackPointExtension>
        </extensions>
      </trkpt>
      <trkpt lat="39.13719124160706996917724609375" lon="117.1839769743382930755615234375">
        <ele>6.599999904632568359375</ele>
        <time>2026-09-18T21:47:57.000Z</time>
        <extensions>
          <ns3:TrackPointExtension>
            <ns3:hr>133</ns3:hr>
            <ns3:cad>89</ns3:cad>
          </ns3:TrackPointExtension>
        </extensions>
      </trkpt>
      <trkpt lat="39.13715888746082782745361328125" lon="117.1839709393680095672607421875">
        <ele>6.599999904632568359375</ele>
        <time>2026-09-18T21:47:58.000Z</time>
        <extensions>
          <ns3:TrackPointExtension>
            <ns3:hr>132</ns3:hr>
            <ns3:cad>89</ns3:cad>
          </ns3:TrackPointExtension>
        </extensions>
      </trkpt>
      <trkpt lat="39.13713575340807437896728515625" lon="117.1839746274054050445556640625">
        <ele>6.599999904632568359375</ele>
        <time>2026-09-18T21:47:59.000Z</time>
        <extensions>
          <ns3:TrackPointExtension>
            <ns3:hr>133</ns3:hr>
            <ns3:cad>89</ns3:cad>
          </ns3:TrackPointExtension>
        </extensions>
      </trkpt>
      <trkpt lat="39.13710256107151508331298828125" lon="117.183971442282199859619140625">
        <ele>6.400000095367431640625</ele>
        <time>2026-09-18T21:48:00.000Z</time>
        <extensions>
          <ns3:TrackPointExtension>
            <ns3:hr>133</ns3:hr>
            <ns3:cad>89</ns3:cad>
          </ns3:TrackPointExtension>
        </extensions>
      </trkpt>
      <trkpt lat="39.1370821930468082427978515625" lon="117.1839778125286102294921875">
        <ele>6.400000095367431640625</ele>
        <time>2026-09-18T21:48:01.000Z</time>
        <extensions>
          <ns3:TrackPointExtension>
            <ns3:hr>133</ns3:hr>
            <ns3:cad>89</ns3:cad>
          </ns3:TrackPointExtension>
        </extensions>
      </trkpt>
      <trkpt lat="39.13704656995832920074462890625" lon="117.18397487886250019073486328125">
        <ele>6.400000095367431640625</ele>
        <time>2026-09-18T21:48:02.000Z</time>
        <extensions>
          <ns3:TrackPointExtension>
            <ns3:hr>133</ns3:hr>
            <ns3:cad>89</ns3:cad>
          </ns3:TrackPointExtension>
        </extensions>
      </trkpt>
      <trkpt lat="39.13702427409589290618896484375" lon="117.18398259021341800689697265625">
        <ele>6.400000095367431640625</ele>
        <time>2026-09-18T21:48:03.000Z</time>
        <extensions>
          <ns3:TrackPointExtension>
            <ns3:hr>133</ns3:hr>
            <ns3:cad>89</ns3:cad>
          </ns3:TrackPointExtension>
        </extensions>
      </trkpt>
      <trkpt lat="39.1369915008544921875" lon="117.18398124910891056060791015625">
        <ele>6.400000095367431640625</ele>
        <time>2026-09-18T21:48:04.000Z</time>
        <extensions>
          <ns3:TrackPointExtension>
            <ns3:hr>133</ns3:hr>
            <ns3:cad>89</ns3:cad>
          </ns3:TrackPointExtension>
        </extensions>
      </trkpt>
      <trkpt lat="39.1369685344398021697998046875" lon="117.18398292548954486846923828125">
        <ele>6.400000095367431640625</ele>
        <time>2026-09-18T21:48:05.000Z</time>
        <extensions>
          <ns3:TrackPointExtension>
            <ns3:hr>133</ns3:hr>
            <ns3:cad>89</ns3:cad>
          </ns3:TrackPointExtension>
        </extensions>
      </trkpt>
      <trkpt lat="39.13693450391292572021484375" lon="117.18398409895598888397216796875">
        <ele>6.400000095367431640625</ele>
        <time>2026-09-18T21:48:06.000Z</time>
        <extensions>
          <ns3:TrackPointExtension>
            <ns3:hr>134</ns3:hr>
            <ns3:cad>89</ns3:cad>
          </ns3:TrackPointExtension>
        </extensions>
      </trkpt>
      <trkpt lat="39.13691480644047260284423828125" lon="117.18398929573595523834228515625">
        <ele>6.400000095367431640625</ele>
        <time>2026-09-18T21:48:07.000Z</time>
        <extensions>
          <ns3:TrackPointExtension>
            <ns3:hr>134</ns3:hr>
            <ns3:cad>89</ns3:cad>
          </ns3:TrackPointExtension>
        </extensions>
      </trkpt>
      <trkpt lat="39.13688563741743564605712890625" lon="117.1839890442788600921630859375">
        <ele>6.400000095367431640625</ele>
        <time>2026-09-18T21:48:08.000Z</time>
        <extensions>
          <ns3:TrackPointExtension>
            <ns3:hr>134</ns3:hr>
            <ns3:cad>89</ns3:cad>
          </ns3:TrackPointExtension>
        </extensions>
      </trkpt>
      <trkpt lat="39.13686602376401424407958984375" lon="117.18399189412593841552734375">
        <ele>6.400000095367431640625</ele>
        <time>2026-09-18T21:48:09.000Z</time>
        <extensions>
          <ns3:TrackPointExtension>
            <ns3:hr>134</ns3:hr>
            <ns3:cad>89</ns3:cad>
          </ns3:TrackPointExtension>
        </extensions>
      </trkpt>
      <trkpt lat="39.13683383725583553314208984375" lon="117.18399499543011188507080078125">
        <ele>6.19999980926513671875</ele>
        <time>2026-09-18T21:48:10.000Z</time>
        <extensions>
          <ns3:TrackPointExtension>
            <ns3:hr>133</ns3:hr>
            <ns3:cad>89</ns3:cad>
          </ns3:TrackPointExtension>
        </extensions>
      </trkpt>
      <trkpt lat="39.13681589998304843902587890625" lon="117.1839954145252704620361328125">
        <ele>6.19999980926513671875</ele>
        <time>2026-09-18T21:48:11.000Z</time>
        <extensions>
          <ns3:TrackPointExtension>
            <ns3:hr>133</ns3:hr>
            <ns3:cad>89</ns3:cad>
          </ns3:TrackPointExtension>
        </extensions>
      </trkpt>
      <trkpt lat="39.1367858089506626129150390625" lon="117.18399432487785816192626953125">
        <ele>6.19999980926513671875</ele>
        <time>2026-09-18T21:48:12.000Z</time>
        <extensions>
          <ns3:TrackPointExtension>
            <ns3:hr>132</ns3:hr>
            <ns3:cad>90</ns3:cad>
          </ns3:TrackPointExtension>
        </extensions>
      </trkpt>
      <trkpt lat="39.1367673687636852264404296875" lon="117.18399767763912677764892578125">
        <ele>6.19999980926513671875</ele>
        <time>2026-09-18T21:48:13.000Z</time>
        <extensions>
          <ns3:TrackPointExtension>
            <ns3:hr>131</ns3:hr>
            <ns3:cad>90</ns3:cad>
          </ns3:TrackPointExtension>
        </extensions>
      </trkpt>
      <trkpt lat="39.13673174567520618438720703125" lon="117.18399432487785816192626953125">
        <ele>6.19999980926513671875</ele>
        <time>2026-09-18T21:48:14.000Z</time>
        <extensions>
          <ns3:TrackPointExtension>
            <ns3:hr>130</ns3:hr>
            <ns3:cad>90</ns3:cad>
          </ns3:TrackPointExtension>
        </extensions>
      </trkpt>
      <trkpt lat="39.1367117129266262054443359375" lon="117.18399834819138050079345703125">
        <ele>6.19999980926513671875</ele>
        <time>2026-09-18T21:48:15.000Z</time>
        <extensions>
          <ns3:TrackPointExtension>
            <ns3:hr>130</ns3:hr>
            <ns3:cad>89</ns3:cad>
          </ns3:TrackPointExtension>
        </extensions>
      </trkpt>
      <trkpt lat="39.13667659275233745574951171875" lon="117.1839965879917144775390625">
        <ele>6.19999980926513671875</ele>
        <time>2026-09-18T21:48:16.000Z</time>
        <extensions>
          <ns3:TrackPointExtension>
            <ns3:hr>130</ns3:hr>
            <ns3:cad>89</ns3:cad>
          </ns3:TrackPointExtension>
        </extensions>
      </trkpt>
      <trkpt lat="39.13665597327053546905517578125" lon="117.1840021200478076934814453125">
        <ele>6.19999980926513671875</ele>
        <time>2026-09-18T21:48:17.000Z</time>
        <extensions>
          <ns3:TrackPointExtension>
            <ns3:hr>130</ns3:hr>
            <ns3:cad>89</ns3:cad>
          </ns3:TrackPointExtension>
        </extensions>
      </trkpt>
      <trkpt lat="39.1366215236485004425048828125" lon="117.18399935401976108551025390625">
        <ele>6.19999980926513671875</ele>
        <time>2026-09-18T21:48:18.000Z</time>
        <extensions>
          <ns3:TrackPointExtension>
            <ns3:hr>130</ns3:hr>
            <ns3:cad>89</ns3:cad>
          </ns3:TrackPointExtension>
        </extensions>
      </trkpt>
      <trkpt lat="39.136600233614444732666015625" lon="117.1840011142194271087646484375">
        <ele>6</ele>
        <time>2026-09-18T21:48:19.000Z</time>
        <extensions>
          <ns3:TrackPointExtension>
            <ns3:hr>130</ns3:hr>
            <ns3:cad>90</ns3:cad>
          </ns3:TrackPointExtension>
        </extensions>
      </trkpt>
      <trkpt lat="39.13656259886920452117919921875" lon="117.1839930675923824310302734375">
        <ele>6</ele>
        <time>2026-09-18T21:48:20.000Z</time>
        <extensions>
          <ns3:TrackPointExtension>
            <ns3:hr>130</ns3:hr>
            <ns3:cad>90</ns3:cad>
          </ns3:TrackPointExtension>
        </extensions>
      </trkpt>
      <trkpt lat="39.13654231466352939605712890625" lon="117.18399466015398502349853515625">
        <ele>6</ele>
        <time>2026-09-18T21:48:21.000Z</time>
        <extensions>
          <ns3:TrackPointExtension>
            <ns3:hr>130</ns3:hr>
            <ns3:cad>90</ns3:cad>
          </ns3:TrackPointExtension>
        </extensions>
      </trkpt>
      <trkpt lat="39.13650945760309696197509765625" lon="117.18398988246917724609375">
        <ele>6</ele>
        <time>2026-09-18T21:48:22.000Z</time>
        <extensions>
          <ns3:TrackPointExtension>
            <ns3:hr>131</ns3:hr>
            <ns3:cad>90</ns3:cad>
          </ns3:TrackPointExtension>
        </extensions>
      </trkpt>
      <trkpt lat="39.1364864073693752288818359375" lon="117.18399499543011188507080078125">
        <ele>6</ele>
        <time>2026-09-18T21:48:23.000Z</time>
        <extensions>
          <ns3:TrackPointExtension>
            <ns3:hr>131</ns3:hr>
            <ns3:cad>90</ns3:cad>
          </ns3:TrackPointExtension>
        </extensions>
      </trkpt>
      <trkpt lat="39.1364508680999279022216796875" lon="117.18398912809789180755615234375">
        <ele>6</ele>
        <time>2026-09-18T21:48:24.000Z</time>
        <extensions>
          <ns3:TrackPointExtension>
            <ns3:hr>131</ns3:hr>
            <ns3:cad>90</ns3:cad>
          </ns3:TrackPointExtension>
        </extensions>
      </trkpt>
      <trkpt lat="39.1364280693233013153076171875" lon="117.18399457633495330810546875">
        <ele>6</ele>
        <time>2026-09-18T21:48:25.000Z</time>
        <extensions>
          <ns3:TrackPointExtension>
            <ns3:hr>131</ns3:hr>
            <ns3:cad>90</ns3:cad>
          </ns3:TrackPointExtension>
        </extensions>
      </trkpt>
      <trkpt lat="39.13639269769191741943359375" lon="117.18399650417268276214599609375">
        <ele>6</ele>
        <time>2026-09-18T21:48:26.000Z</time>
        <extensions>
          <ns3:TrackPointExtension>
            <ns3:hr>131</ns3:hr>
            <ns3:cad>90</ns3:cad>
          </ns3:TrackPointExtension>
        </extensions>
      </trkpt>
      <trkpt lat="39.1363693960011005401611328125" lon="117.1840037964284420013427734375">
        <ele>5.80000019073486328125</ele>
        <time>2026-09-18T21:48:27.000Z</time>
        <extensions>
          <ns3:TrackPointExtension>
            <ns3:hr>131</ns3:hr>
            <ns3:cad>90</ns3:cad>
          </ns3:TrackPointExtension>
        </extensions>
      </trkpt>
      <trkpt lat="39.13633578456938266754150390625" lon="117.184001617133617401123046875">
        <ele>5.80000019073486328125</ele>
        <time>2026-09-18T21:48:28.000Z</time>
        <extensions>
          <ns3:TrackPointExtension>
            <ns3:hr>131</ns3:hr>
            <ns3:cad>90</ns3:cad>
          </ns3:TrackPointExtension>
        </extensions>
      </trkpt>
      <trkpt lat="39.13631114177405834197998046875" lon="117.18401066958904266357421875">
        <ele>5.80000019073486328125</ele>
        <time>2026-09-18T21:48:29.000Z</time>
        <extensions>
          <ns3:TrackPointExtension>
            <ns3:hr>132</ns3:hr>
            <ns3:cad>90</ns3:cad>
          </ns3:TrackPointExtension>
        </extensions>
      </trkpt>
      <trkpt lat="39.13627979345619678497314453125" lon="117.18401075340807437896728515625">
        <ele>5.80000019073486328125</ele>
        <time>2026-09-18T21:48:30.000Z</time>
        <extensions>
          <ns3:TrackPointExtension>
            <ns3:hr>132</ns3:hr>
            <ns3:cad>90</ns3:cad>
          </ns3:TrackPointExtension>
        </extensions>
      </trkpt>
      <trkpt lat="39.13625967688858509063720703125" lon="117.18401729129254817962646484375">
        <ele>5.80000019073486328125</ele>
        <time>2026-09-18T21:48:31.000Z</time>
        <extensions>
          <ns3:TrackPointExtension>
            <ns3:hr>133</ns3:hr>
            <ns3:cad>90</ns3:cad>
          </ns3:TrackPointExtension>
        </extensions>
      </trkpt>
      <trkpt lat="39.13622933439910411834716796875" lon="117.18401335179805755615234375">
        <ele>5.80000019073486328125</ele>
        <time>2026-09-18T21:48:32.000Z</time>
        <extensions>
          <ns3:TrackPointExtension>
            <ns3:hr>133</ns3:hr>
            <ns3:cad>90</ns3:cad>
          </ns3:TrackPointExtension>
        </extensions>
      </trkpt>
      <trkpt lat="39.13620720617473125457763671875" lon="117.1840165369212627410888671875">
        <ele>5.80000019073486328125</ele>
        <time>2026-09-18T21:48:33.000Z</time>
        <extensions>
          <ns3:TrackPointExtension>
            <ns3:hr>133</ns3:hr>
            <ns3:cad>90</ns3:cad>
          </ns3:TrackPointExtension>
        </extensions>
      </trkpt>
      <trkpt lat="39.13617786951363086700439453125" lon="117.18401125632226467132568359375">
        <ele>5.80000019073486328125</ele>
        <time>2026-09-18T21:48:34.000Z</time>
        <extensions>
          <ns3:TrackPointExtension>
            <ns3:hr>133</ns3:hr>
            <ns3:cad>90</ns3:cad>
          </ns3:TrackPointExtension>
        </extensions>
      </trkpt>
      <trkpt lat="39.1361548192799091339111328125" lon="117.18401896767318248748779296875">
        <ele>5.80000019073486328125</ele>
        <time>2026-09-18T21:48:35.000Z</time>
        <extensions>
          <ns3:TrackPointExtension>
            <ns3:hr>133</ns3:hr>
            <ns3:cad>90</ns3:cad>
          </ns3:TrackPointExtension>
        </extensions>
      </trkpt>
      <trkpt lat="39.13612321950495243072509765625" lon="117.18401326797902584075927734375">
        <ele>5.80000019073486328125</ele>
        <time>2026-09-18T21:48:36.000Z</time>
        <extensions>
          <ns3:TrackPointExtension>
            <ns3:hr>133</ns3:hr>
            <ns3:cad>90</ns3:cad>
          </ns3:TrackPointExtension>
        </extensions>
      </trkpt>
      <trkpt lat="39.1361023485660552978515625" lon="117.18401678837835788726806640625">
        <ele>5.80000019073486328125</ele>
        <time>2026-09-18T21:48:37.000Z</time>
        <extensions>
          <ns3:TrackPointExtension>
            <ns3:hr>134</ns3:hr>
            <ns3:cad>90</ns3:cad>
          </ns3:TrackPointExtension>
        </extensions>
      </trkpt>
      <trkpt lat="39.13607083261013031005859375" lon="117.18400874175131320953369140625">
        <ele>5.80000019073486328125</ele>
        <time>2026-09-18T21:48:38.000Z</time>
        <extensions>
          <ns3:TrackPointExtension>
            <ns3:hr>134</ns3:hr>
            <ns3:cad>90</ns3:cad>
          </ns3:TrackPointExtension>
        </extensions>
      </trkpt>
      <trkpt lat="39.136047028005123138427734375" lon="117.18401469290256500244140625">
        <ele>5.80000019073486328125</ele>
        <time>2026-09-18T21:48:39.000Z</time>
        <extensions>
          <ns3:TrackPointExtension>
            <ns3:hr>135</ns3:hr>
            <ns3:cad>90</ns3:cad>
          </ns3:TrackPointExtension>
        </extensions>
      </trkpt>
      <trkpt lat="39.13601308129727840423583984375" lon="117.18400471843779087066650390625">
        <ele>5.80000019073486328125</ele>
        <time>2026-09-18T21:48:40.000Z</time>
        <extensions>
          <ns3:TrackPointExtension>
            <ns3:hr>135</ns3:hr>
            <ns3:cad>89</ns3:cad>
          </ns3:TrackPointExtension>
        </extensions>
      </trkpt>
      <trkpt lat="39.1359868459403514862060546875" lon="117.1840048022568225860595703125">
        <ele>5.599999904632568359375</ele>
        <time>2026-09-18T21:48:41.000Z</time>
        <extensions>
          <ns3:TrackPointExtension>
            <ns3:hr>135</ns3:hr>
            <ns3:cad>89</ns3:cad>
          </ns3:TrackPointExtension>
        </extensions>
      </trkpt>
      <trkpt lat="39.13595943711698055267333984375" lon="117.183979488909244537353515625">
        <ele>5.599999904632568359375</ele>
        <time>2026-09-18T21:48:42.000Z</time>
        <extensions>
          <ns3:TrackPointExtension>
            <ns3:hr>135</ns3:hr>
            <ns3:cad>90</ns3:cad>
          </ns3:TrackPointExtension>
        </extensions>
      </trkpt>
      <trkpt lat="39.13593999110162258148193359375" lon="117.18396247364580631256103515625">
        <ele>5.599999904632568359375</ele>
        <time>2026-09-18T21:48:43.000Z</time>
        <extensions>
          <ns3:TrackPointExtension>
            <ns3:hr>135</ns3:hr>
            <ns3:cad>90</ns3:cad>
          </ns3:TrackPointExtension>
        </extensions>
      </trkpt>
      <trkpt lat="39.13592808879911899566650390625" lon="117.183923833072185516357421875">
        <ele>5.599999904632568359375</ele>
        <time>2026-09-18T21:48:44.000Z</time>
        <extensions>
          <ns3:TrackPointExtension>
            <ns3:hr>135</ns3:hr>
            <ns3:cad>89</ns3:cad>
          </ns3:TrackPointExtension>
        </extensions>
      </trkpt>
      <trkpt lat="39.135915935039520263671875" lon="117.183900363743305206298828125">
        <ele>5.599999904632568359375</ele>
        <time>2026-09-18T21:48:45.000Z</time>
        <extensions>
          <ns3:TrackPointExtension>
            <ns3:hr>135</ns3:hr>
            <ns3:cad>89</ns3:cad>
          </ns3:TrackPointExtension>
        </extensions>
      </trkpt>
      <trkpt lat="39.1359137557446956634521484375" lon="117.183863818645477294921875">
        <ele>5.599999904632568359375</ele>
        <time>2026-09-18T21:48:46.000Z</time>
        <extensions>
          <ns3:TrackPointExtension>
            <ns3:hr>135</ns3:hr>
            <ns3:cad>89</ns3:cad>
          </ns3:TrackPointExtension>
        </extensions>
      </trkpt>
      <trkpt lat="39.13590587675571441650390625" lon="117.1838418580591678619384765625">
        <ele>5.599999904632568359375</ele>
        <time>2026-09-18T21:48:47.000Z</time>
        <extensions>
          <ns3:TrackPointExtension>
            <ns3:hr>135</ns3:hr>
            <ns3:cad>89</ns3:cad>
          </ns3:TrackPointExtension>
        </extensions>
      </trkpt>
      <trkpt lat="39.13590545766055583953857421875" lon="117.18380439095199108123779296875">
        <ele>5.599999904632568359375</ele>
        <time>2026-09-18T21:48:48.000Z</time>
        <extensions>
          <ns3:TrackPointExtension>
            <ns3:hr>135</ns3:hr>
            <ns3:cad>89</ns3:cad>
          </ns3:TrackPointExtension>
        </extensions>
      </trkpt>
      <trkpt lat="39.1359003446996212005615234375" lon="117.18377404846251010894775390625">
        <ele>5.599999904632568359375</ele>
        <time>2026-09-18T21:48:49.000Z</time>
        <extensions>
          <ns3:TrackPointExtension>
            <ns3:hr>135</ns3:hr>
            <ns3:cad>89</ns3:cad>
          </ns3:TrackPointExtension>
        </extensions>
      </trkpt>
      <trkpt lat="39.13590847514569759368896484375" lon="117.18373230658471584320068359375">
        <ele>5.599999904632568359375</ele>
        <time>2026-09-18T21:48:50.000Z</time>
        <extensions>
          <ns3:TrackPointExtension>
            <ns3:hr>134</ns3:hr>
            <ns3:cad>89</ns3:cad>
          </ns3:TrackPointExtension>
        </extensions>
      </trkpt>
      <trkpt lat="39.13590294308960437774658203125" lon="117.1837007068097591400146484375">
        <ele>5.599999904632568359375</ele>
        <time>2026-09-18T21:48:51.000Z</time>
        <extensions>
          <ns3:TrackPointExtension>
            <ns3:hr>135</ns3:hr>
            <ns3:cad>89</ns3:cad>
          </ns3:TrackPointExtension>
        </extensions>
      </trkpt>
      <trkpt lat="39.1359117440879344940185546875" lon="117.18366022221744060516357421875">
        <ele>5.599999904632568359375</ele>
        <time>2026-09-18T21:48:52.000Z</time>
        <extensions>
          <ns3:TrackPointExtension>
            <ns3:hr>135</ns3:hr>
            <ns3:cad>89</ns3:cad>
          </ns3:TrackPointExtension>
        </extensions>
      </trkpt>
      <trkpt lat="39.13590797223150730133056640625" lon="117.18362820334732532501220703125">
        <ele>5.599999904632568359375</ele>
        <time>2026-09-18T21:48:53.000Z</time>
        <extensions>
          <ns3:TrackPointExtension>
            <ns3:hr>134</ns3:hr>
            <ns3:cad>89</ns3:cad>
          </ns3:TrackPointExtension>
        </extensions>
      </trkpt>
      <trkpt lat="39.13590813986957073211669921875" lon="117.1835863776504993438720703125">
        <ele>5.599999904632568359375</ele>
        <time>2026-09-18T21:48:54.000Z</time>
        <extensions>
          <ns3:TrackPointExtension>
            <ns3:hr>135</ns3:hr>
            <ns3:cad>89</ns3:cad>
          </ns3:TrackPointExtension>
        </extensions>
      </trkpt>
      <trkpt lat="39.13590344600379467010498046875" lon="117.18355276621878147125244140625">
        <ele>5.599999904632568359375</ele>
        <time>2026-09-18T21:48:55.000Z</time>
        <extensions>
          <ns3:TrackPointExtension>
            <ns3:hr>135</ns3:hr>
            <ns3:cad>90</ns3:cad>
          </ns3:TrackPointExtension>
        </extensions>
      </trkpt>
      <trkpt lat="39.13591166026890277862548828125" lon="117.18351085670292377471923828125">
        <ele>5.599999904632568359375</ele>
        <time>2026-09-18T21:48:56.000Z</time>
        <extensions>
          <ns3:TrackPointExtension>
            <ns3:hr>135</ns3:hr>
            <ns3:cad>90</ns3:cad>
          </ns3:TrackPointExtension>
        </extensions>
      </trkpt>
      <trkpt lat="39.1359100677073001861572265625" lon="117.18348093330860137939453125">
        <ele>5.599999904632568359375</ele>
        <time>2026-09-18T21:48:57.000Z</time>
        <extensions>
          <ns3:TrackPointExtension>
            <ns3:hr>136</ns3:hr>
            <ns3:cad>90</ns3:cad>
          </ns3:TrackPointExtension>
        </extensions>
      </trkpt>
      <trkpt lat="39.13591258227825164794921875" lon="117.18343667685985565185546875">
        <ele>5.599999904632568359375</ele>
        <time>2026-09-18T21:48:58.000Z</time>
        <extensions>
          <ns3:TrackPointExtension>
            <ns3:hr>136</ns3:hr>
            <ns3:cad>90</ns3:cad>
          </ns3:TrackPointExtension>
        </extensions>
      </trkpt>
      <trkpt lat="39.13590897805988788604736328125" lon="117.1834023110568523406982421875">
        <ele>5.599999904632568359375</ele>
        <time>2026-09-18T21:48:59.000Z</time>
        <extensions>
          <ns3:TrackPointExtension>
            <ns3:hr>136</ns3:hr>
            <ns3:cad>90</ns3:cad>
          </ns3:TrackPointExtension>
        </extensions>
      </trkpt>
      <trkpt lat="39.13591233082115650177001953125" lon="117.18336157500743865966796875">
        <ele>5.599999904632568359375</ele>
        <time>2026-09-18T21:49:00.000Z</time>
        <extensions>
          <ns3:TrackPointExtension>
            <ns3:hr>136</ns3:hr>
            <ns3:cad>90</ns3:cad>
          </ns3:TrackPointExtension>
        </extensions>
      </trkpt>
      <trkpt lat="39.135912247002124786376953125" lon="117.18333399854600429534912109375">
        <ele>5.80000019073486328125</ele>
        <time>2026-09-18T21:49:01.000Z</time>
        <extensions>
          <ns3:TrackPointExtension>
            <ns3:hr>136</ns3:hr>
            <ns3:cad>90</ns3:cad>
          </ns3:TrackPointExtension>
        </extensions>
      </trkpt>
      <trkpt lat="39.13592088036239147186279296875" lon="117.183297537267208099365234375">
        <ele>5.80000019073486328125</ele>
        <time>2026-09-18T21:49:02.000Z</time>
        <extensions>
          <ns3:TrackPointExtension>
            <ns3:hr>136</ns3:hr>
            <ns3:cad>90</ns3:cad>
          </ns3:TrackPointExtension>
        </extensions>
      </trkpt>
      <trkpt lat="39.135924316942691802978515625" lon="117.183264680206775665283203125">
        <ele>5.80000019073486328125</ele>
        <time>2026-09-18T21:49:03.000Z</time>
        <extensions>
          <ns3:TrackPointExtension>
            <ns3:hr>136</ns3:hr>
            <ns3:cad>90</ns3:cad>
          </ns3:TrackPointExtension>
        </extensions>
      </trkpt>
      <trkpt lat="39.13592557422816753387451171875" lon="117.1832289732992649078369140625">
        <ele>5.80000019073486328125</ele>
        <time>2026-09-18T21:49:04.000Z</time>
        <extensions>
          <ns3:TrackPointExtension>
            <ns3:hr>136</ns3:hr>
            <ns3:cad>90</ns3:cad>
          </ns3:TrackPointExtension>
        </extensions>
      </trkpt>
      <trkpt lat="39.13592423312366008758544921875" lon="117.183198295533657073974609375">
        <ele>5.599999904632568359375</ele>
        <time>2026-09-18T21:49:05.000Z</time>
        <extensions>
          <ns3:TrackPointExtension>
            <ns3:hr>136</ns3:hr>
            <ns3:cad>90</ns3:cad>
          </ns3:TrackPointExtension>
        </extensions>
      </trkpt>
      <trkpt lat="39.1359291784465312957763671875" lon="117.18315814621746540069580078125">
        <ele>5.599999904632568359375</ele>
        <time>2026-09-18T21:49:06.000Z</time>
        <extensions>
          <ns3:TrackPointExtension>
            <ns3:hr>136</ns3:hr>
            <ns3:cad>89</ns3:cad>
          </ns3:TrackPointExtension>
        </extensions>
      </trkpt>
      <trkpt lat="39.135926663875579833984375" lon="117.18312713317573070526123046875">
        <ele>5.599999904632568359375</ele>
        <time>2026-09-18T21:49:07.000Z</time>
        <extensions>
          <ns3:TrackPointExtension>
            <ns3:hr>136</ns3:hr>
            <ns3:cad>89</ns3:cad>
          </ns3:TrackPointExtension>
        </extensions>
      </trkpt>
      <trkpt lat="39.13593295030295848846435546875" lon="117.1830908395349979400634765625">
        <ele>5.599999904632568359375</ele>
        <time>2026-09-18T21:49:08.000Z</time>
        <extensions>
          <ns3:TrackPointExtension>
            <ns3:hr>137</ns3:hr>
            <ns3:cad>89</ns3:cad>
          </ns3:TrackPointExtension>
        </extensions>
      </trkpt>
      <trkpt lat="39.1359306871891021728515625" lon="117.183056809008121490478515625">
        <ele>5.599999904632568359375</ele>
        <time>2026-09-18T21:49:09.000Z</time>
        <extensions>
          <ns3:TrackPointExtension>
            <ns3:hr>136</ns3:hr>
            <ns3:cad>89</ns3:cad>
          </ns3:TrackPointExtension>
        </extensions>
      </trkpt>
      <trkpt lat="39.13593445904552936553955078125" lon="117.18301850371062755584716796875">
        <ele>5.599999904632568359375</ele>
        <time>2026-09-18T21:49:10.000Z</time>
        <extensions>
          <ns3:TrackPointExtension>
            <ns3:hr>136</ns3:hr>
            <ns3:cad>92</ns3:cad>
          </ns3:TrackPointExtension>
        </extensions>
      </trkpt>
      <trkpt lat="39.135929010808467864990234375" lon="117.18298531137406826019287109375">
        <ele>5.599999904632568359375</ele>
        <time>2026-09-18T21:49:11.000Z</time>
        <extensions>
          <ns3:TrackPointExtension>
            <ns3:hr>136</ns3:hr>
            <ns3:cad>92</ns3:cad>
          </ns3:TrackPointExtension>
        </extensions>
      </trkpt>
      <trkpt lat="39.1359311901032924652099609375" lon="117.1829506941139698028564453125">
        <ele>5.599999904632568359375</ele>
        <time>2026-09-18T21:49:12.000Z</time>
        <extensions>
          <ns3:TrackPointExtension>
            <ns3:hr>136</ns3:hr>
            <ns3:cad>91</ns3:cad>
          </ns3:TrackPointExtension>
        </extensions>
      </trkpt>
      <trkpt lat="39.135929010808467864990234375" lon="117.18291901051998138427734375">
        <ele>5.599999904632568359375</ele>
        <time>2026-09-18T21:49:13.000Z</time>
        <extensions>
          <ns3:TrackPointExtension>
            <ns3:hr>137</ns3:hr>
            <ns3:cad>90</ns3:cad>
          </ns3:TrackPointExtension>
        </extensions>
      </trkpt>
      <trkpt lat="39.135932363569736480712890625" lon="117.182884477078914642333984375">
        <ele>5.599999904632568359375</ele>
        <time>2026-09-18T21:49:14.000Z</time>
        <extensions>
          <ns3:TrackPointExtension>
            <ns3:hr>136</ns3:hr>
            <ns3:cad>90</ns3:cad>
          </ns3:TrackPointExtension>
        </extensions>
      </trkpt>
      <trkpt lat="39.13592758588492870330810546875" lon="117.18285405077040195465087890625">
        <ele>5.599999904632568359375</ele>
        <time>2026-09-18T21:49:15.000Z</time>
        <extensions>
          <ns3:TrackPointExtension>
            <ns3:hr>136</ns3:hr>
            <ns3:cad>90</ns3:cad>
          </ns3:TrackPointExtension>
        </extensions>
      </trkpt>
      <trkpt lat="39.1359275020658969879150390625" lon="117.1828175894916057586669921875">
        <ele>5.599999904632568359375</ele>
        <time>2026-09-18T21:49:16.000Z</time>
        <extensions>
          <ns3:TrackPointExtension>
            <ns3:hr>136</ns3:hr>
            <ns3:cad>90</ns3:cad>
          </ns3:TrackPointExtension>
        </extensions>
      </trkpt>
      <trkpt lat="39.135926663875579833984375" lon="117.1827842295169830322265625">
        <ele>5.80000019073486328125</ele>
        <time>2026-09-18T21:49:17.000Z</time>
        <extensions>
          <ns3:TrackPointExtension>
            <ns3:hr>137</ns3:hr>
            <ns3:cad>89</ns3:cad>
          </ns3:TrackPointExtension>
        </extensions>
      </trkpt>
      <trkpt lat="39.135929681360721588134765625" lon="117.18274575658142566680908203125">
        <ele>5.80000019073486328125</ele>
        <time>2026-09-18T21:49:18.000Z</time>
        <extensions>
          <ns3:TrackPointExtension>
            <ns3:hr>137</ns3:hr>
            <ns3:cad>90</ns3:cad>
          </ns3:TrackPointExtension>
        </extensions>
      </trkpt>
      <trkpt lat="39.1359301842749118804931640625" lon="117.18271172605454921722412109375">
        <ele>5.80000019073486328125</ele>
        <time>2026-09-18T21:49:19.000Z</time>
        <extensions>
          <ns3:TrackPointExtension>
            <ns3:hr>138</ns3:hr>
            <ns3:cad>90</ns3:cad>
          </ns3:TrackPointExtension>
        </extensions>
      </trkpt>
      <trkpt lat="39.1359352134168148040771484375" lon="117.18267627060413360595703125">
        <ele>5.80000019073486328125</ele>
        <time>2026-09-18T21:49:20.000Z</time>
        <extensions>
          <ns3:TrackPointExtension>
            <ns3:hr>138</ns3:hr>
            <ns3:cad>90</ns3:cad>
          </ns3:TrackPointExtension>
        </extensions>
      </trkpt>
      <trkpt lat="39.135934375226497650146484375" lon="117.1826402284204959869384765625">
        <ele>5.80000019073486328125</ele>
        <time>2026-09-18T21:49:21.000Z</time>
        <extensions>
          <ns3:TrackPointExtension>
            <ns3:hr>138</ns3:hr>
            <ns3:cad>90</ns3:cad>
          </ns3:TrackPointExtension>
        </extensions>
      </trkpt>
      <trkpt lat="39.13593672215938568115234375" lon="117.18260494060814380645751953125">
        <ele>5.80000019073486328125</ele>
        <time>2026-09-18T21:49:22.000Z</time>
        <extensions>
          <ns3:TrackPointExtension>
            <ns3:hr>138</ns3:hr>
            <ns3:cad>90</ns3:cad>
          </ns3:TrackPointExtension>
        </extensions>
      </trkpt>
      <trkpt lat="39.135936386883258819580078125" lon="117.182571999728679656982421875">
        <ele>5.80000019073486328125</ele>
        <time>2026-09-18T21:49:23.000Z</time>
        <extensions>
          <ns3:TrackPointExtension>
            <ns3:hr>137</ns3:hr>
            <ns3:cad>90</ns3:cad>
          </ns3:TrackPointExtension>
        </extensions>
      </trkpt>
      <trkpt lat="39.1359405778348445892333984375" lon="117.182539142668247222900390625">
        <ele>5.80000019073486328125</ele>
        <time>2026-09-18T21:49:24.000Z</time>
        <extensions>
          <ns3:TrackPointExtension>
            <ns3:hr>138</ns3:hr>
            <ns3:cad>90</ns3:cad>
          </ns3:TrackPointExtension>
        </extensions>
      </trkpt>
      <trkpt lat="39.13594502024352550506591796875" lon="117.1825041063129901885986328125">
        <ele>5.80000019073486328125</ele>
        <time>2026-09-18T21:49:25.000Z</time>
        <extensions>
          <ns3:TrackPointExtension>
            <ns3:hr>138</ns3:hr>
            <ns3:cad>90</ns3:cad>
          </ns3:TrackPointExtension>
        </extensions>
      </trkpt>
      <trkpt lat="39.13594543933868408203125" lon="117.1824709139764308929443359375">
        <ele>5.80000019073486328125</ele>
        <time>2026-09-18T21:49:26.000Z</time>
        <extensions>
          <ns3:TrackPointExtension>
            <ns3:hr>138</ns3:hr>
            <ns3:cad>90</ns3:cad>
          </ns3:TrackPointExtension>
        </extensions>
      </trkpt>
      <trkpt lat="39.1359466128051280975341796875" lon="117.1824336983263492584228515625">
        <ele>5.80000019073486328125</ele>
        <time>2026-09-18T21:49:27.000Z</time>
        <extensions>
          <ns3:TrackPointExtension>
            <ns3:hr>138</ns3:hr>
            <ns3:cad>90</ns3:cad>
          </ns3:TrackPointExtension>
        </extensions>
      </trkpt>
      <trkpt lat="39.13594636134803295135498046875" lon="117.18240444548428058624267578125">
        <ele>5.80000019073486328125</ele>
        <time>2026-09-18T21:49:28.000Z</time>
        <extensions>
          <ns3:TrackPointExtension>
            <ns3:hr>138</ns3:hr>
            <ns3:cad>90</ns3:cad>
          </ns3:TrackPointExtension>
        </extensions>
      </trkpt>
      <trkpt lat="39.1359439305961132049560546875" lon="117.18236722983419895172119140625">
        <ele>5.599999904632568359375</ele>
        <time>2026-09-18T21:49:29.000Z</time>
        <extensions>
          <ns3:TrackPointExtension>
            <ns3:hr>137</ns3:hr>
            <ns3:cad>90</ns3:cad>
          </ns3:TrackPointExtension>
        </extensions>
      </trkpt>
      <trkpt lat="39.135937057435512542724609375" lon="117.1823331154882907867431640625">
        <ele>5.80000019073486328125</ele>
        <time>2026-09-18T21:49:30.000Z</time>
        <extensions>
          <ns3:TrackPointExtension>
            <ns3:hr>138</ns3:hr>
            <ns3:cad>90</ns3:cad>
          </ns3:TrackPointExtension>
        </extensions>
      </trkpt>
      <trkpt lat="39.135937392711639404296875" lon="117.182298414409160614013671875">
        <ele>5.599999904632568359375</ele>
        <time>2026-09-18T21:49:31.000Z</time>
        <extensions>
          <ns3:TrackPointExtension>
            <ns3:hr>138</ns3:hr>
            <ns3:cad>90</ns3:cad>
          </ns3:TrackPointExtension>
        </extensions>
      </trkpt>
      <trkpt lat="39.13593295030295848846435546875" lon="117.18226396478712558746337890625">
        <ele>5.599999904632568359375</ele>
        <time>2026-09-18T21:49:32.000Z</time>
        <extensions>
          <ns3:TrackPointExtension>
            <ns3:hr>138</ns3:hr>
            <ns3:cad>90</ns3:cad>
          </ns3:TrackPointExtension>
        </extensions>
      </trkpt>
      <trkpt lat="39.13593848235905170440673828125" lon="117.18222859315574169158935546875">
        <ele>5.80000019073486328125</ele>
        <time>2026-09-18T21:49:33.000Z</time>
        <extensions>
          <ns3:TrackPointExtension>
            <ns3:hr>137</ns3:hr>
            <ns3:cad>90</ns3:cad>
          </ns3:TrackPointExtension>
        </extensions>
      </trkpt>
      <trkpt lat="39.135940410196781158447265625" lon="117.1821969933807849884033203125">
        <ele>5.80000019073486328125</ele>
        <time>2026-09-18T21:49:34.000Z</time>
        <extensions>
          <ns3:TrackPointExtension>
            <ns3:hr>137</ns3:hr>
            <ns3:cad>90</ns3:cad>
          </ns3:TrackPointExtension>
        </extensions>
      </trkpt>
      <trkpt lat="39.13593563251197338104248046875" lon="117.18215994536876678466796875">
        <ele>5.80000019073486328125</ele>
        <time>2026-09-18T21:49:35.000Z</time>
        <extensions>
          <ns3:TrackPointExtension>
            <ns3:hr>137</ns3:hr>
            <ns3:cad>90</ns3:cad>
          </ns3:TrackPointExtension>
        </extensions>
      </trkpt>
      <trkpt lat="39.13593462668359279632568359375" lon="117.18213044106960296630859375">
        <ele>5.599999904632568359375</ele>
        <time>2026-09-18T21:49:36.000Z</time>
        <extensions>
          <ns3:TrackPointExtension>
            <ns3:hr>136</ns3:hr>
            <ns3:cad>90</ns3:cad>
          </ns3:TrackPointExtension>
        </extensions>
      </trkpt>
      <trkpt lat="39.135926663875579833984375" lon="117.18209045939147472381591796875">
        <ele>5.599999904632568359375</ele>
        <time>2026-09-18T21:49:37.000Z</time>
        <extensions>
          <ns3:TrackPointExtension>
            <ns3:hr>137</ns3:hr>
            <ns3:cad>90</ns3:cad>
          </ns3:TrackPointExtension>
        </extensions>
      </trkpt>
      <trkpt lat="39.13592222146689891815185546875" lon="117.18205709941685199737548828125">
        <ele>5.599999904632568359375</ele>
        <time>2026-09-18T21:49:38.000Z</time>
        <extensions>
          <ns3:TrackPointExtension>
            <ns3:hr>137</ns3:hr>
            <ns3:cad>90</ns3:cad>
          </ns3:TrackPointExtension>
        </extensions>
      </trkpt>
      <trkpt lat="39.1359244845807552337646484375" lon="117.18201351352035999298095703125">
        <ele>5.599999904632568359375</ele>
        <time>2026-09-18T21:49:39.000Z</time>
        <extensions>
          <ns3:TrackPointExtension>
            <ns3:hr>137</ns3:hr>
            <ns3:cad>91</ns3:cad>
          </ns3:TrackPointExtension>
        </extensions>
      </trkpt>
      <trkpt lat="39.1359214670956134796142578125" lon="117.18198317103087902069091796875">
        <ele>5.599999904632568359375</ele>
        <time>2026-09-18T21:49:40.000Z</time>
        <extensions>
          <ns3:TrackPointExtension>
            <ns3:hr>137</ns3:hr>
            <ns3:cad>91</ns3:cad>
          </ns3:TrackPointExtension>
        </extensions>
      </trkpt>
      <trkpt lat="39.1359211318194866180419921875" lon="117.1819364838302135467529296875">
        <ele>5.599999904632568359375</ele>
        <time>2026-09-18T21:49:41.000Z</time>
        <extensions>
          <ns3:TrackPointExtension>
            <ns3:hr>138</ns3:hr>
            <ns3:cad>91</ns3:cad>
          </ns3:TrackPointExtension>
        </extensions>
      </trkpt>
      <trkpt lat="39.13591702468693256378173828125" lon="117.18190513551235198974609375">
        <ele>5.599999904632568359375</ele>
        <time>2026-09-18T21:49:42.000Z</time>
        <extensions>
          <ns3:TrackPointExtension>
            <ns3:hr>138</ns3:hr>
            <ns3:cad>90</ns3:cad>
          </ns3:TrackPointExtension>
        </extensions>
      </trkpt>
      <trkpt lat="39.13592197000980377197265625" lon="117.181859202682971954345703125">
        <ele>5.599999904632568359375</ele>
        <time>2026-09-18T21:49:43.000Z</time>
        <extensions>
          <ns3:TrackPointExtension>
            <ns3:hr>138</ns3:hr>
            <ns3:cad>90</ns3:cad>
          </ns3:TrackPointExtension>
        </extensions>
      </trkpt>
      <trkpt lat="39.1359293460845947265625" lon="117.181825675070285797119140625">
        <ele>5.80000019073486328125</ele>
        <time>2026-09-18T21:49:44.000Z</time>
        <extensions>
          <ns3:TrackPointExtension>
            <ns3:hr>138</ns3:hr>
            <ns3:cad>90</ns3:cad>
          </ns3:TrackPointExtension>
        </extensions>
      </trkpt>
      <trkpt lat="39.13593462668359279632568359375" lon="117.18179156072437763214111328125">
        <ele>5.80000019073486328125</ele>
        <time>2026-09-18T21:49:45.000Z</time>
        <extensions>
          <ns3:TrackPointExtension>
            <ns3:hr>138</ns3:hr>
            <ns3:cad>90</ns3:cad>
          </ns3:TrackPointExtension>
        </extensions>
      </trkpt>
      <trkpt lat="39.1359342075884342193603515625" lon="117.18176557682454586029052734375">
        <ele>5.80000019073486328125</ele>
        <time>2026-09-18T21:49:46.000Z</time>
        <extensions>
          <ns3:TrackPointExtension>
            <ns3:hr>138</ns3:hr>
            <ns3:cad>90</ns3:cad>
          </ns3:TrackPointExtension>
        </extensions>
      </trkpt>
      <trkpt lat="39.13594451732933521270751953125" lon="117.1817266009747982025146484375">
        <ele>5.80000019073486328125</ele>
        <time>2026-09-18T21:49:47.000Z</time>
        <extensions>
          <ns3:TrackPointExtension>
            <ns3:hr>138</ns3:hr>
            <ns3:cad>90</ns3:cad>
          </ns3:TrackPointExtension>
        </extensions>
      </trkpt>
      <trkpt lat="39.13594334386289119720458984375" lon="117.18170003034174442291259765625">
        <ele>5.80000019073486328125</ele>
        <time>2026-09-18T21:49:48.000Z</time>
        <extensions>
          <ns3:TrackPointExtension>
            <ns3:hr>138</ns3:hr>
            <ns3:cad>90</ns3:cad>
          </ns3:TrackPointExtension>
        </extensions>
      </trkpt>
      <trkpt lat="39.13594585843384265899658203125" lon="117.1816618926823139190673828125">
        <ele>5.599999904632568359375</ele>
        <time>2026-09-18T21:49:49.000Z</time>
        <extensions>
          <ns3:TrackPointExtension>
            <ns3:hr>138</ns3:hr>
            <ns3:cad>92</ns3:cad>
          </ns3:TrackPointExtension>
        </extensions>
      </trkpt>
      <trkpt lat="39.13594870828092098236083984375" lon="117.18163616023957729339599609375">
        <ele>5.599999904632568359375</ele>
        <time>2026-09-18T21:49:50.000Z</time>
        <extensions>
          <ns3:TrackPointExtension>
            <ns3:hr>138</ns3:hr>
            <ns3:cad>92</ns3:cad>
          </ns3:TrackPointExtension>
        </extensions>
      </trkpt>
      <trkpt lat="39.1359509713947772979736328125" lon="117.18160204589366912841796875">
        <ele>5.599999904632568359375</ele>
        <time>2026-09-18T21:49:51.000Z</time>
        <extensions>
          <ns3:TrackPointExtension>
            <ns3:hr>138</ns3:hr>
            <ns3:cad>92</ns3:cad>
          </ns3:TrackPointExtension>
        </extensions>
      </trkpt>
      <trkpt lat="39.13595088757574558258056640625" lon="117.18157581053674221038818359375">
        <ele>5.599999904632568359375</ele>
        <time>2026-09-18T21:49:52.000Z</time>
        <extensions>
          <ns3:TrackPointExtension>
            <ns3:hr>138</ns3:hr>
            <ns3:cad>90</ns3:cad>
          </ns3:TrackPointExtension>
        </extensions>
      </trkpt>
      <trkpt lat="39.135957174003124237060546875" lon="117.1815381757915019989013671875">
        <ele>5.599999904632568359375</ele>
        <time>2026-09-18T21:49:53.000Z</time>
        <extensions>
          <ns3:TrackPointExtension>
            <ns3:hr>138</ns3:hr>
            <ns3:cad>90</ns3:cad>
          </ns3:TrackPointExtension>
        </extensions>
      </trkpt>
      <trkpt lat="39.135956503450870513916015625" lon="117.18150842003524303436279296875">
        <ele>5.599999904632568359375</ele>
        <time>2026-09-18T21:49:54.000Z</time>
        <extensions>
          <ns3:TrackPointExtension>
            <ns3:hr>138</ns3:hr>
            <ns3:cad>90</ns3:cad>
          </ns3:TrackPointExtension>
        </extensions>
      </trkpt>
      <trkpt lat="39.13596211932599544525146484375" lon="117.18146718107163906097412109375">
        <ele>5.80000019073486328125</ele>
        <time>2026-09-18T21:49:55.000Z</time>
        <extensions>
          <ns3:TrackPointExtension>
            <ns3:hr>138</ns3:hr>
            <ns3:cad>90</ns3:cad>
          </ns3:TrackPointExtension>
        </extensions>
      </trkpt>
      <trkpt lat="39.13595893420279026031494140625" lon="117.1814349107444286346435546875">
        <ele>5.599999904632568359375</ele>
        <time>2026-09-18T21:49:56.000Z</time>
        <extensions>
          <ns3:TrackPointExtension>
            <ns3:hr>138</ns3:hr>
            <ns3:cad>90</ns3:cad>
          </ns3:TrackPointExtension>
        </extensions>
      </trkpt>
      <trkpt lat="39.13596211932599544525146484375" lon="117.1813903190195560455322265625">
        <ele>5.599999904632568359375</ele>
        <time>2026-09-18T21:49:57.000Z</time>
        <extensions>
          <ns3:TrackPointExtension>
            <ns3:hr>138</ns3:hr>
            <ns3:cad>90</ns3:cad>
          </ns3:TrackPointExtension>
        </extensions>
      </trkpt>
      <trkpt lat="39.135957844555377960205078125" lon="117.181359641253948211669921875">
        <ele>5.599999904632568359375</ele>
        <time>2026-09-18T21:49:58.000Z</time>
        <extensions>
          <ns3:TrackPointExtension>
            <ns3:hr>138</ns3:hr>
            <ns3:cad>90</ns3:cad>
          </ns3:TrackPointExtension>
        </extensions>
      </trkpt>
      <trkpt lat="39.13595960475504398345947265625" lon="117.18131714500486850738525390625">
        <ele>5.599999904632568359375</ele>
        <time>2026-09-18T21:49:59.000Z</time>
        <extensions>
          <ns3:TrackPointExtension>
            <ns3:hr>138</ns3:hr>
            <ns3:cad>90</ns3:cad>
          </ns3:TrackPointExtension>
        </extensions>
      </trkpt>
      <trkpt lat="39.1359670646488666534423828125" lon="117.18129082582890987396240234375">
        <ele>5.599999904632568359375</ele>
        <time>2026-09-18T21:50:00.000Z</time>
        <extensions>
          <ns3:TrackPointExtension>
            <ns3:hr>138</ns3:hr>
            <ns3:cad>90</ns3:cad>
          </ns3:TrackPointExtension>
        </extensions>
      </trkpt>
      <trkpt lat="39.1359677352011203765869140625" lon="117.18125042505562305450439453125">
        <ele>5.599999904632568359375</ele>
        <time>2026-09-18T21:50:01.000Z</time>
        <extensions>
          <ns3:TrackPointExtension>
            <ns3:hr>138</ns3:hr>
            <ns3:cad>90</ns3:cad>
          </ns3:TrackPointExtension>
        </extensions>
      </trkpt>
      <trkpt lat="39.13596580736339092254638671875" lon="117.1812203340232372283935546875">
        <ele>5.599999904632568359375</ele>
        <time>2026-09-18T21:50:02.000Z</time>
        <extensions>
          <ns3:TrackPointExtension>
            <ns3:hr>138</ns3:hr>
            <ns3:cad>90</ns3:cad>
          </ns3:TrackPointExtension>
        </extensions>
      </trkpt>
      <trkpt lat="39.13596580736339092254638671875" lon="117.18117850832641124725341796875">
        <ele>5.599999904632568359375</ele>
        <time>2026-09-18T21:50:03.000Z</time>
        <extensions>
          <ns3:TrackPointExtension>
            <ns3:hr>138</ns3:hr>
            <ns3:cad>90</ns3:cad>
          </ns3:TrackPointExtension>
        </extensions>
      </trkpt>
      <trkpt lat="39.135966561734676361083984375" lon="117.1811472438275814056396484375">
        <ele>5.599999904632568359375</ele>
        <time>2026-09-18T21:50:04.000Z</time>
        <extensions>
          <ns3:TrackPointExtension>
            <ns3:hr>138</ns3:hr>
            <ns3:cad>89</ns3:cad>
          </ns3:TrackPointExtension>
        </extensions>
      </trkpt>
      <trkpt lat="39.13596899248659610748291015625" lon="117.181106507778167724609375">
        <ele>5.599999904632568359375</ele>
        <time>2026-09-18T21:50:05.000Z</time>
        <extensions>
          <ns3:TrackPointExtension>
            <ns3:hr>138</ns3:hr>
            <ns3:cad>89</ns3:cad>
          </ns3:TrackPointExtension>
        </extensions>
      </trkpt>
      <trkpt lat="39.135970585048198699951171875" lon="117.18107809312641620635986328125">
        <ele>5.80000019073486328125</ele>
        <time>2026-09-18T21:50:06.000Z</time>
        <extensions>
          <ns3:TrackPointExtension>
            <ns3:hr>137</ns3:hr>
            <ns3:cad>90</ns3:cad>
          </ns3:TrackPointExtension>
        </extensions>
      </trkpt>
      <trkpt lat="39.13597385399043560028076171875" lon="117.18103878200054168701171875">
        <ele>5.80000019073486328125</ele>
        <time>2026-09-18T21:50:07.000Z</time>
        <extensions>
          <ns3:TrackPointExtension>
            <ns3:hr>137</ns3:hr>
            <ns3:cad>90</ns3:cad>
          </ns3:TrackPointExtension>
        </extensions>
      </trkpt>
      <trkpt lat="39.13596488535404205322265625" lon="117.1810087747871875762939453125">
        <ele>5.80000019073486328125</ele>
        <time>2026-09-18T21:50:08.000Z</time>
        <extensions>
          <ns3:TrackPointExtension>
            <ns3:hr>137</ns3:hr>
            <ns3:cad>90</ns3:cad>
          </ns3:TrackPointExtension>
        </extensions>
      </trkpt>
      <trkpt lat="39.135973267257213592529296875" lon="117.18096946366131305694580078125">
        <ele>5.80000019073486328125</ele>
        <time>2026-09-18T21:50:09.000Z</time>
        <extensions>
          <ns3:TrackPointExtension>
            <ns3:hr>136</ns3:hr>
            <ns3:cad>90</ns3:cad>
          </ns3:TrackPointExtension>
        </extensions>
      </trkpt>
      <trkpt lat="39.135974943637847900390625" lon="117.18094096519052982330322265625">
        <ele>5.80000019073486328125</ele>
        <time>2026-09-18T21:50:10.000Z</time>
        <extensions>
          <ns3:TrackPointExtension>
            <ns3:hr>135</ns3:hr>
            <ns3:cad>90</ns3:cad>
          </ns3:TrackPointExtension>
        </extensions>
      </trkpt>
      <trkpt lat="39.13598500192165374755859375" lon="117.1809038333594799041748046875">
        <ele>5.80000019073486328125</ele>
        <time>2026-09-18T21:50:11.000Z</time>
        <extensions>
          <ns3:TrackPointExtension>
            <ns3:hr>135</ns3:hr>
            <ns3:cad>91</ns3:cad>
          </ns3:TrackPointExtension>
        </extensions>
      </trkpt>
      <trkpt lat="39.13598542101681232452392578125" lon="117.18086871318519115447998046875">
        <ele>5.80000019073486328125</ele>
        <time>2026-09-18T21:50:12.000Z</time>
        <extensions>
          <ns3:TrackPointExtension>
            <ns3:hr>135</ns3:hr>
            <ns3:cad>91</ns3:cad>
          </ns3:TrackPointExtension>
        </extensions>
      </trkpt>
      <trkpt lat="39.13599212653934955596923828125" lon="117.18083032406866550445556640625">
        <ele>5.80000019073486328125</ele>
        <time>2026-09-18T21:50:13.000Z</time>
        <extensions>
          <ns3:TrackPointExtension>
            <ns3:hr>135</ns3:hr>
            <ns3:cad>91</ns3:cad>
          </ns3:TrackPointExtension>
        </extensions>
      </trkpt>
      <trkpt lat="39.13598977960646152496337890625" lon="117.18079796992242336273193359375">
        <ele>5.80000019073486328125</ele>
        <time>2026-09-18T21:50:14.000Z</time>
        <extensions>
          <ns3:TrackPointExtension>
            <ns3:hr>135</ns3:hr>
            <ns3:cad>90</ns3:cad>
          </ns3:TrackPointExtension>
        </extensions>
      </trkpt>
      <trkpt lat="39.1359925456345081329345703125" lon="117.18075857497751712799072265625">
        <ele>5.80000019073486328125</ele>
        <time>2026-09-18T21:50:15.000Z</time>
        <extensions>
          <ns3:TrackPointExtension>
            <ns3:hr>135</ns3:hr>
            <ns3:cad>90</ns3:cad>
          </ns3:TrackPointExtension>
        </extensions>
      </trkpt>
      <trkpt lat="39.13598366081714630126953125" lon="117.18072370626032352447509765625">
        <ele>5.599999904632568359375</ele>
        <time>2026-09-18T21:50:16.000Z</time>
        <extensions>
          <ns3:TrackPointExtension>
            <ns3:hr>134</ns3:hr>
            <ns3:cad>90</ns3:cad>
          </ns3:TrackPointExtension>
        </extensions>
      </trkpt>
      <trkpt lat="39.1359865106642246246337890625" lon="117.18068649061024188995361328125">
        <ele>5.599999904632568359375</ele>
        <time>2026-09-18T21:50:17.000Z</time>
        <extensions>
          <ns3:TrackPointExtension>
            <ns3:hr>135</ns3:hr>
            <ns3:cad>90</ns3:cad>
          </ns3:TrackPointExtension>
        </extensions>
      </trkpt>
      <trkpt lat="39.13598634302616119384765625" lon="117.18065028078854084014892578125">
        <ele>5.80000019073486328125</ele>
        <time>2026-09-18T21:50:18.000Z</time>
        <extensions>
          <ns3:TrackPointExtension>
            <ns3:hr>135</ns3:hr>
            <ns3:cad>90</ns3:cad>
          </ns3:TrackPointExtension>
        </extensions>
      </trkpt>
      <trkpt lat="39.13598609156906604766845703125" lon="117.18061490915715694427490234375">
        <ele>5.80000019073486328125</ele>
        <time>2026-09-18T21:50:19.000Z</time>
        <extensions>
          <ns3:TrackPointExtension>
            <ns3:hr>134</ns3:hr>
            <ns3:cad>90</ns3:cad>
          </ns3:TrackPointExtension>
        </extensions>
      </trkpt>
      <trkpt lat="39.135982654988765716552734375" lon="117.18058414757251739501953125">
        <ele>5.80000019073486328125</ele>
        <time>2026-09-18T21:50:20.000Z</time>
        <extensions>
          <ns3:TrackPointExtension>
            <ns3:hr>135</ns3:hr>
            <ns3:cad>90</ns3:cad>
          </ns3:TrackPointExtension>
        </extensions>
      </trkpt>
      <trkpt lat="39.135983325541019439697265625" lon="117.180546261370182037353515625">
        <ele>5.80000019073486328125</ele>
        <time>2026-09-18T21:50:21.000Z</time>
        <extensions>
          <ns3:TrackPointExtension>
            <ns3:hr>135</ns3:hr>
            <ns3:cad>90</ns3:cad>
          </ns3:TrackPointExtension>
        </extensions>
      </trkpt>
      <trkpt lat="39.1359828226268291473388671875" lon="117.180506698787212371826171875">
        <ele>5.80000019073486328125</ele>
        <time>2026-09-18T21:50:22.000Z</time>
        <extensions>
          <ns3:TrackPointExtension>
            <ns3:hr>134</ns3:hr>
            <ns3:cad>90</ns3:cad>
          </ns3:TrackPointExtension>
        </extensions>
      </trkpt>
      <trkpt lat="39.1359918750822544097900390625" lon="117.18046537600457668304443359375">
        <ele>5.80000019073486328125</ele>
        <time>2026-09-18T21:50:23.000Z</time>
        <extensions>
          <ns3:TrackPointExtension>
            <ns3:hr>135</ns3:hr>
            <ns3:cad>90</ns3:cad>
          </ns3:TrackPointExtension>
        </extensions>
      </trkpt>
      <trkpt lat="39.13598475046455860137939453125" lon="117.18043117783963680267333984375">
        <ele>5.80000019073486328125</ele>
        <time>2026-09-18T21:50:24.000Z</time>
        <extensions>
          <ns3:TrackPointExtension>
            <ns3:hr>136</ns3:hr>
            <ns3:cad>90</ns3:cad>
          </ns3:TrackPointExtension>
        </extensions>
      </trkpt>
      <trkpt lat="39.135988689959049224853515625" lon="117.1803905256092548370361328125">
        <ele>5.599999904632568359375</ele>
        <time>2026-09-18T21:50:25.000Z</time>
        <extensions>
          <ns3:TrackPointExtension>
            <ns3:hr>137</ns3:hr>
            <ns3:cad>90</ns3:cad>
          </ns3:TrackPointExtension>
        </extensions>
      </trkpt>
      <trkpt lat="39.13599045015871524810791015625" lon="117.1803529746830463409423828125">
        <ele>5.599999904632568359375</ele>
        <time>2026-09-18T21:50:26.000Z</time>
        <extensions>
          <ns3:TrackPointExtension>
            <ns3:hr>137</ns3:hr>
            <ns3:cad>90</ns3:cad>
          </ns3:TrackPointExtension>
        </extensions>
      </trkpt>
      <trkpt lat="39.13599380291998386383056640625" lon="117.18031265772879123687744140625">
        <ele>5.599999904632568359375</ele>
        <time>2026-09-18T21:50:27.000Z</time>
        <extensions>
          <ns3:TrackPointExtension>
            <ns3:hr>137</ns3:hr>
            <ns3:cad>89</ns3:cad>
          </ns3:TrackPointExtension>
        </extensions>
      </trkpt>
      <trkpt lat="39.13599313236773014068603515625" lon="117.1802755258977413177490234375">
        <ele>5.599999904632568359375</ele>
        <time>2026-09-18T21:50:28.000Z</time>
        <extensions>
          <ns3:TrackPointExtension>
            <ns3:hr>137</ns3:hr>
            <ns3:cad>89</ns3:cad>
          </ns3:TrackPointExtension>
        </extensions>
      </trkpt>
      <trkpt lat="39.1359962336719036102294921875" lon="117.18023814260959625244140625">
        <ele>5.599999904632568359375</ele>
        <time>2026-09-18T21:50:29.000Z</time>
        <extensions>
          <ns3:TrackPointExtension>
            <ns3:hr>137</ns3:hr>
            <ns3:cad>89</ns3:cad>
          </ns3:TrackPointExtension>
        </extensions>
      </trkpt>
      <trkpt lat="39.1359938867390155792236328125" lon="117.1802037768065929412841796875">
        <ele>5.80000019073486328125</ele>
        <time>2026-09-18T21:50:30.000Z</time>
        <extensions>
          <ns3:TrackPointExtension>
            <ns3:hr>137</ns3:hr>
            <ns3:cad>90</ns3:cad>
          </ns3:TrackPointExtension>
        </extensions>
      </trkpt>
      <trkpt lat="39.13599950261414051055908203125" lon="117.18016362749040126800537109375">
        <ele>5.80000019073486328125</ele>
        <time>2026-09-18T21:50:31.000Z</time>
        <extensions>
          <ns3:TrackPointExtension>
            <ns3:hr>137</ns3:hr>
            <ns3:cad>90</ns3:cad>
          </ns3:TrackPointExtension>
        </extensions>
      </trkpt>
      <trkpt lat="39.1359982453286647796630859375" lon="117.18012590892612934112548828125">
        <ele>5.80000019073486328125</ele>
        <time>2026-09-18T21:50:32.000Z</time>
        <extensions>
          <ns3:TrackPointExtension>
            <ns3:hr>138</ns3:hr>
            <ns3:cad>90</ns3:cad>
          </ns3:TrackPointExtension>
        </extensions>
      </trkpt>
      <trkpt lat="39.1360015980899333953857421875" lon="117.1800864301621913909912109375">
        <ele>5.80000019073486328125</ele>
        <time>2026-09-18T21:50:33.000Z</time>
        <extensions>
          <ns3:TrackPointExtension>
            <ns3:hr>138</ns3:hr>
            <ns3:cad>90</ns3:cad>
          </ns3:TrackPointExtension>
        </extensions>
      </trkpt>
      <trkpt lat="39.13600050844252109527587890625" lon="117.1800465323030948638916015625">
        <ele>5.599999904632568359375</ele>
        <time>2026-09-18T21:50:34.000Z</time>
        <extensions>
          <ns3:TrackPointExtension>
            <ns3:hr>138</ns3:hr>
            <ns3:cad>90</ns3:cad>
          </ns3:TrackPointExtension>
        </extensions>
      </trkpt>
      <trkpt lat="39.13600570522248744964599609375" lon="117.1800108253955841064453125">
        <ele>5.599999904632568359375</ele>
        <time>2026-09-18T21:50:35.000Z</time>
        <extensions>
          <ns3:TrackPointExtension>
            <ns3:hr>138</ns3:hr>
            <ns3:cad>90</ns3:cad>
          </ns3:TrackPointExtension>
        </extensions>
      </trkpt>
      <trkpt lat="39.1360042802989482879638671875" lon="117.17997201718389987945556640625">
        <ele>5.80000019073486328125</ele>
        <time>2026-09-18T21:50:36.000Z</time>
        <extensions>
          <ns3:TrackPointExtension>
            <ns3:hr>138</ns3:hr>
            <ns3:cad>90</ns3:cad>
          </ns3:TrackPointExtension>
        </extensions>
      </trkpt>
      <trkpt lat="39.1360089741647243499755859375" lon="117.17993446625769138336181640625">
        <ele>5.599999904632568359375</ele>
        <time>2026-09-18T21:50:37.000Z</time>
        <extensions>
          <ns3:TrackPointExtension>
            <ns3:hr>138</ns3:hr>
            <ns3:cad>90</ns3:cad>
          </ns3:TrackPointExtension>
        </extensions>
      </trkpt>
      <trkpt lat="39.13601106964051723480224609375" lon="117.17989658005535602569580078125">
        <ele>5.599999904632568359375</ele>
        <time>2026-09-18T21:50:38.000Z</time>
        <extensions>
          <ns3:TrackPointExtension>
            <ns3:hr>138</ns3:hr>
            <ns3:cad>90</ns3:cad>
          </ns3:TrackPointExtension>
        </extensions>
      </trkpt>
      <trkpt lat="39.13601593114435672760009765625" lon="117.1798554249107837677001953125">
        <ele>5.599999904632568359375</ele>
        <time>2026-09-18T21:50:39.000Z</time>
        <extensions>
          <ns3:TrackPointExtension>
            <ns3:hr>139</ns3:hr>
            <ns3:cad>90</ns3:cad>
          </ns3:TrackPointExtension>
        </extensions>
      </trkpt>
      <trkpt lat="39.13601643405854701995849609375" lon="117.17981577850878238677978515625">
        <ele>5.599999904632568359375</ele>
        <time>2026-09-18T21:50:40.000Z</time>
        <extensions>
          <ns3:TrackPointExtension>
            <ns3:hr>139</ns3:hr>
            <ns3:cad>90</ns3:cad>
          </ns3:TrackPointExtension>
        </extensions>
      </trkpt>
      <trkpt lat="39.13602062501013278961181640625" lon="117.17977521009743213653564453125">
        <ele>5.599999904632568359375</ele>
        <time>2026-09-18T21:50:41.000Z</time>
        <extensions>
          <ns3:TrackPointExtension>
            <ns3:hr>139</ns3:hr>
            <ns3:cad>90</ns3:cad>
          </ns3:TrackPointExtension>
        </extensions>
      </trkpt>
      <trkpt lat="39.1360170207917690277099609375" lon="117.17973447404801845550537109375">
        <ele>5.599999904632568359375</ele>
        <time>2026-09-18T21:50:42.000Z</time>
        <extensions>
          <ns3:TrackPointExtension>
            <ns3:hr>139</ns3:hr>
            <ns3:cad>89</ns3:cad>
          </ns3:TrackPointExtension>
        </extensions>
      </trkpt>
      <trkpt lat="39.1360237263143062591552734375" lon="117.17969776131212711334228515625">
        <ele>5.599999904632568359375</ele>
        <time>2026-09-18T21:50:43.000Z</time>
        <extensions>
          <ns3:TrackPointExtension>
            <ns3:hr>138</ns3:hr>
            <ns3:cad>89</ns3:cad>
          </ns3:TrackPointExtension>
        </extensions>
      </trkpt>
      <trkpt lat="39.1360230557620525360107421875" lon="117.1796606294810771942138671875">
        <ele>5.599999904632568359375</ele>
        <time>2026-09-18T21:50:44.000Z</time>
        <extensions>
          <ns3:TrackPointExtension>
            <ns3:hr>139</ns3:hr>
            <ns3:cad>89</ns3:cad>
          </ns3:TrackPointExtension>
        </extensions>
      </trkpt>
      <trkpt lat="39.13602397777140140533447265625" lon="117.17962215654551982879638671875">
        <ele>5.80000019073486328125</ele>
        <time>2026-09-18T21:50:45.000Z</time>
        <extensions>
          <ns3:TrackPointExtension>
            <ns3:hr>139</ns3:hr>
            <ns3:cad>89</ns3:cad>
          </ns3:TrackPointExtension>
        </extensions>
      </trkpt>
      <trkpt lat="39.1360218822956085205078125" lon="117.17958544380962848663330078125">
        <ele>5.80000019073486328125</ele>
        <time>2026-09-18T21:50:46.000Z</time>
        <extensions>
          <ns3:TrackPointExtension>
            <ns3:hr>139</ns3:hr>
            <ns3:cad>89</ns3:cad>
          </ns3:TrackPointExtension>
        </extensions>
      </trkpt>
      <trkpt lat="39.13602783344686031341552734375" lon="117.17954521067440509796142578125">
        <ele>5.80000019073486328125</ele>
        <time>2026-09-18T21:50:47.000Z</time>
        <extensions>
          <ns3:TrackPointExtension>
            <ns3:hr>139</ns3:hr>
            <ns3:cad>89</ns3:cad>
          </ns3:TrackPointExtension>
        </extensions>
      </trkpt>
      <trkpt lat="39.136026240885257720947265625" lon="117.179508246481418609619140625">
        <ele>5.80000019073486328125</ele>
        <time>2026-09-18T21:50:48.000Z</time>
        <extensions>
          <ns3:TrackPointExtension>
            <ns3:hr>139</ns3:hr>
            <ns3:cad>89</ns3:cad>
          </ns3:TrackPointExtension>
        </extensions>
      </trkpt>
      <trkpt lat="39.13603202439844608306884765625" lon="117.1794725395739078521728515625">
        <ele>5.80000019073486328125</ele>
        <time>2026-09-18T21:50:49.000Z</time>
        <extensions>
          <ns3:TrackPointExtension>
            <ns3:hr>139</ns3:hr>
            <ns3:cad>89</ns3:cad>
          </ns3:TrackPointExtension>
        </extensions>
      </trkpt>
      <trkpt lat="39.1360326111316680908203125" lon="117.1794390119612216949462890625">
        <ele>5.80000019073486328125</ele>
        <time>2026-09-18T21:50:50.000Z</time>
        <extensions>
          <ns3:TrackPointExtension>
            <ns3:hr>139</ns3:hr>
            <ns3:cad>89</ns3:cad>
          </ns3:TrackPointExtension>
        </extensions>
      </trkpt>
      <trkpt lat="39.13603655062615871429443359375" lon="117.17940137721598148345947265625">
        <ele>5.80000019073486328125</ele>
        <time>2026-09-18T21:50:51.000Z</time>
        <extensions>
          <ns3:TrackPointExtension>
            <ns3:hr>139</ns3:hr>
            <ns3:cad>89</ns3:cad>
          </ns3:TrackPointExtension>
        </extensions>
      </trkpt>
      <trkpt lat="39.1360326111316680908203125" lon="117.1793642453849315643310546875">
        <ele>5.80000019073486328125</ele>
        <time>2026-09-18T21:50:52.000Z</time>
        <extensions>
          <ns3:TrackPointExtension>
            <ns3:hr>139</ns3:hr>
            <ns3:cad>89</ns3:cad>
          </ns3:TrackPointExtension>
        </extensions>
      </trkpt>
      <trkpt lat="39.1360364668071269989013671875" lon="117.17932677827775478363037109375">
        <ele>5.80000019073486328125</ele>
        <time>2026-09-18T21:50:53.000Z</time>
        <extensions>
          <ns3:TrackPointExtension>
            <ns3:hr>139</ns3:hr>
            <ns3:cad>89</ns3:cad>
          </ns3:TrackPointExtension>
        </extensions>
      </trkpt>
      <trkpt lat="39.13603194057941436767578125" lon="117.179292328655719757080078125">
        <ele>5.80000019073486328125</ele>
        <time>2026-09-18T21:50:54.000Z</time>
        <extensions>
          <ns3:TrackPointExtension>
            <ns3:hr>139</ns3:hr>
            <ns3:cad>89</ns3:cad>
          </ns3:TrackPointExtension>
        </extensions>
      </trkpt>
      <trkpt lat="39.1360297612845897674560546875" lon="117.179255783557891845703125">
        <ele>5.80000019073486328125</ele>
        <time>2026-09-18T21:50:55.000Z</time>
        <extensions>
          <ns3:TrackPointExtension>
            <ns3:hr>140</ns3:hr>
            <ns3:cad>90</ns3:cad>
          </ns3:TrackPointExtension>
        </extensions>
      </trkpt>
      <trkpt lat="39.13602498359978199005126953125" lon="117.17922267504036426544189453125">
        <ele>5.80000019073486328125</ele>
        <time>2026-09-18T21:50:56.000Z</time>
        <extensions>
          <ns3:TrackPointExtension>
            <ns3:hr>140</ns3:hr>
            <ns3:cad>90</ns3:cad>
          </ns3:TrackPointExtension>
        </extensions>
      </trkpt>
      <trkpt lat="39.13602263666689395904541015625" lon="117.17919099144637584686279296875">
        <ele>5.80000019073486328125</ele>
        <time>2026-09-18T21:50:57.000Z</time>
        <extensions>
          <ns3:TrackPointExtension>
            <ns3:hr>140</ns3:hr>
            <ns3:cad>90</ns3:cad>
          </ns3:TrackPointExtension>
        </extensions>
      </trkpt>
      <trkpt lat="39.13601743988692760467529296875" lon="117.17915763147175312042236328125">
        <ele>5.80000019073486328125</ele>
        <time>2026-09-18T21:50:58.000Z</time>
        <extensions>
          <ns3:TrackPointExtension>
            <ns3:hr>140</ns3:hr>
            <ns3:cad>90</ns3:cad>
          </ns3:TrackPointExtension>
        </extensions>
      </trkpt>
      <trkpt lat="39.1360218822956085205078125" lon="117.17912225984036922454833984375">
        <ele>5.80000019073486328125</ele>
        <time>2026-09-18T21:50:59.000Z</time>
        <extensions>
          <ns3:TrackPointExtension>
            <ns3:hr>139</ns3:hr>
            <ns3:cad>90</ns3:cad>
          </ns3:TrackPointExtension>
        </extensions>
      </trkpt>
      <trkpt lat="39.13602012209594249725341796875" lon="117.1790849603712558746337890625">
        <ele>5.80000019073486328125</ele>
        <time>2026-09-18T21:51:00.000Z</time>
        <extensions>
          <ns3:TrackPointExtension>
            <ns3:hr>139</ns3:hr>
            <ns3:cad>90</ns3:cad>
          </ns3:TrackPointExtension>
        </extensions>
      </trkpt>
      <trkpt lat="39.13601978681981563568115234375" lon="117.1790494211018085479736328125">
        <ele>5.80000019073486328125</ele>
        <time>2026-09-18T21:51:01.000Z</time>
        <extensions>
          <ns3:TrackPointExtension>
            <ns3:hr>139</ns3:hr>
            <ns3:cad>89</ns3:cad>
          </ns3:TrackPointExtension>
        </extensions>
      </trkpt>
      <trkpt lat="39.13602347485721111297607421875" lon="117.17901564203202724456787109375">
        <ele>5.80000019073486328125</ele>
        <time>2026-09-18T21:51:02.000Z</time>
        <extensions>
          <ns3:TrackPointExtension>
            <ns3:hr>139</ns3:hr>
            <ns3:cad>89</ns3:cad>
          </ns3:TrackPointExtension>
        </extensions>
      </trkpt>
      <trkpt lat="39.13602665998041629791259765625" lon="117.178980521857738494873046875">
        <ele>5.80000019073486328125</ele>
        <time>2026-09-18T21:51:03.000Z</time>
        <extensions>
          <ns3:TrackPointExtension>
            <ns3:hr>140</ns3:hr>
            <ns3:cad>89</ns3:cad>
          </ns3:TrackPointExtension>
        </extensions>
      </trkpt>
      <trkpt lat="39.13602347485721111297607421875" lon="117.17894523404538631439208984375">
        <ele>5.80000019073486328125</ele>
        <time>2026-09-18T21:51:04.000Z</time>
        <extensions>
          <ns3:TrackPointExtension>
            <ns3:hr>139</ns3:hr>
            <ns3:cad>89</ns3:cad>
          </ns3:TrackPointExtension>
        </extensions>
      </trkpt>
      <trkpt lat="39.13602816872298717498779296875" lon="117.17891120351850986480712890625">
        <ele>5.80000019073486328125</ele>
        <time>2026-09-18T21:51:05.000Z</time>
        <extensions>
          <ns3:TrackPointExtension>
            <ns3:hr>139</ns3:hr>
            <ns3:cad>89</ns3:cad>
          </ns3:TrackPointExtension>
        </extensions>
      </trkpt>
      <trkpt lat="39.13602791726589202880859375" lon="117.17887951992452144622802734375">
        <ele>5.80000019073486328125</ele>
        <time>2026-09-18T21:51:06.000Z</time>
        <extensions>
          <ns3:TrackPointExtension>
            <ns3:hr>140</ns3:hr>
            <ns3:cad>89</ns3:cad>
          </ns3:TrackPointExtension>
        </extensions>
      </trkpt>
      <trkpt lat="39.13603286258876323699951171875" lon="117.17884582467377185821533203125">
        <ele>5.80000019073486328125</ele>
        <time>2026-09-18T21:51:07.000Z</time>
        <extensions>
          <ns3:TrackPointExtension>
            <ns3:hr>139</ns3:hr>
            <ns3:cad>89</ns3:cad>
          </ns3:TrackPointExtension>
        </extensions>
      </trkpt>
      <trkpt lat="39.1360327787697315216064453125" lon="117.17881782911717891693115234375">
        <ele>5.80000019073486328125</ele>
        <time>2026-09-18T21:51:08.000Z</time>
        <extensions>
          <ns3:TrackPointExtension>
            <ns3:hr>139</ns3:hr>
            <ns3:cad>89</ns3:cad>
          </ns3:TrackPointExtension>
        </extensions>
      </trkpt>
      <trkpt lat="39.13603688590228557586669921875" lon="117.17878195457160472869873046875">
        <ele>5.80000019073486328125</ele>
        <time>2026-09-18T21:51:09.000Z</time>
        <extensions>
          <ns3:TrackPointExtension>
            <ns3:hr>139</ns3:hr>
            <ns3:cad>89</ns3:cad>
          </ns3:TrackPointExtension>
        </extensions>
      </trkpt>
      <trkpt lat="39.1360374726355075836181640625" lon="117.178747840225696563720703125">
        <ele>5.80000019073486328125</ele>
        <time>2026-09-18T21:51:10.000Z</time>
        <extensions>
          <ns3:TrackPointExtension>
            <ns3:hr>139</ns3:hr>
            <ns3:cad>89</ns3:cad>
          </ns3:TrackPointExtension>
        </extensions>
      </trkpt>
      <trkpt lat="39.13603906519711017608642578125" lon="117.17871188186109066009521484375">
        <ele>5.80000019073486328125</ele>
        <time>2026-09-18T21:51:11.000Z</time>
        <extensions>
          <ns3:TrackPointExtension>
            <ns3:hr>139</ns3:hr>
            <ns3:cad>89</ns3:cad>
          </ns3:TrackPointExtension>
        </extensions>
      </trkpt>
      <trkpt lat="39.13603671826422214508056640625" lon="117.17868003062903881072998046875">
        <ele>5.80000019073486328125</ele>
        <time>2026-09-18T21:51:12.000Z</time>
        <extensions>
          <ns3:TrackPointExtension>
            <ns3:hr>139</ns3:hr>
            <ns3:cad>89</ns3:cad>
          </ns3:TrackPointExtension>
        </extensions>
      </trkpt>
      <trkpt lat="39.13603252731263637542724609375" lon="117.1786440722644329071044921875">
        <ele>5.80000019073486328125</ele>
        <time>2026-09-18T21:51:13.000Z</time>
        <extensions>
          <ns3:TrackPointExtension>
            <ns3:hr>139</ns3:hr>
            <ns3:cad>89</ns3:cad>
          </ns3:TrackPointExtension>
        </extensions>
      </trkpt>
      <trkpt lat="39.13603470660746097564697265625" lon="117.178611047565937042236328125">
        <ele>5.80000019073486328125</ele>
        <time>2026-09-18T21:51:14.000Z</time>
        <extensions>
          <ns3:TrackPointExtension>
            <ns3:hr>139</ns3:hr>
            <ns3:cad>89</ns3:cad>
          </ns3:TrackPointExtension>
        </extensions>
      </trkpt>
      <trkpt lat="39.136039316654205322265625" lon="117.17857358045876026153564453125">
        <ele>5.80000019073486328125</ele>
        <time>2026-09-18T21:51:15.000Z</time>
        <extensions>
          <ns3:TrackPointExtension>
            <ns3:hr>139</ns3:hr>
            <ns3:cad>90</ns3:cad>
          </ns3:TrackPointExtension>
        </extensions>
      </trkpt>
      <trkpt lat="39.1360331140458583831787109375" lon="117.17854256741702556610107421875">
        <ele>5.80000019073486328125</ele>
        <time>2026-09-18T21:51:16.000Z</time>
        <extensions>
          <ns3:TrackPointExtension>
            <ns3:hr>138</ns3:hr>
            <ns3:cad>90</ns3:cad>
          </ns3:TrackPointExtension>
        </extensions>
      </trkpt>
      <trkpt lat="39.136033616960048675537109375" lon="117.17850954271852970123291015625">
        <ele>5.80000019073486328125</ele>
        <time>2026-09-18T21:51:17.000Z</time>
        <extensions>
          <ns3:TrackPointExtension>
            <ns3:hr>138</ns3:hr>
            <ns3:cad>90</ns3:cad>
          </ns3:TrackPointExtension>
        </extensions>
      </trkpt>
      <trkpt lat="39.13603328168392181396484375" lon="117.1784771047532558441162109375">
        <ele>5.80000019073486328125</ele>
        <time>2026-09-18T21:51:18.000Z</time>
        <extensions>
          <ns3:TrackPointExtension>
            <ns3:hr>138</ns3:hr>
            <ns3:cad>90</ns3:cad>
          </ns3:TrackPointExtension>
        </extensions>
      </trkpt>
      <trkpt lat="39.136039316654205322265625" lon="117.17843997292220592498779296875">
        <ele>5.80000019073486328125</ele>
        <time>2026-09-18T21:51:19.000Z</time>
        <extensions>
          <ns3:TrackPointExtension>
            <ns3:hr>137</ns3:hr>
            <ns3:cad>90</ns3:cad>
          </ns3:TrackPointExtension>
        </extensions>
      </trkpt>
      <trkpt lat="39.13603688590228557586669921875" lon="117.178409881889820098876953125">
        <ele>5.80000019073486328125</ele>
        <time>2026-09-18T21:51:20.000Z</time>
        <extensions>
          <ns3:TrackPointExtension>
            <ns3:hr>137</ns3:hr>
            <ns3:cad>89</ns3:cad>
          </ns3:TrackPointExtension>
        </extensions>
      </trkpt>
      <trkpt lat="39.1360384784638881683349609375" lon="117.178372330963611602783203125">
        <ele>5.80000019073486328125</ele>
        <time>2026-09-18T21:51:21.000Z</time>
        <extensions>
          <ns3:TrackPointExtension>
            <ns3:hr>137</ns3:hr>
            <ns3:cad>89</ns3:cad>
          </ns3:TrackPointExtension>
        </extensions>
      </trkpt>
      <trkpt lat="39.13603789173066616058349609375" lon="117.1783411502838134765625">
        <ele>5.80000019073486328125</ele>
        <time>2026-09-18T21:51:22.000Z</time>
        <extensions>
          <ns3:TrackPointExtension>
            <ns3:hr>136</ns3:hr>
            <ns3:cad>89</ns3:cad>
          </ns3:TrackPointExtension>
        </extensions>
      </trkpt>
      <trkpt lat="39.136038310825824737548828125" lon="117.17830452136695384979248046875">
        <ele>5.80000019073486328125</ele>
        <time>2026-09-18T21:51:23.000Z</time>
        <extensions>
          <ns3:TrackPointExtension>
            <ns3:hr>136</ns3:hr>
            <ns3:cad>89</ns3:cad>
          </ns3:TrackPointExtension>
        </extensions>
      </trkpt>
      <trkpt lat="39.13603537715971469879150390625" lon="117.17827317304909229278564453125">
        <ele>5.599999904632568359375</ele>
        <time>2026-09-18T21:51:24.000Z</time>
        <extensions>
          <ns3:TrackPointExtension>
            <ns3:hr>136</ns3:hr>
            <ns3:cad>89</ns3:cad>
          </ns3:TrackPointExtension>
        </extensions>
      </trkpt>
      <trkpt lat="39.13604174740612506866455078125" lon="117.17823629267513751983642578125">
        <ele>5.599999904632568359375</ele>
        <time>2026-09-18T21:51:25.000Z</time>
        <extensions>
          <ns3:TrackPointExtension>
            <ns3:hr>136</ns3:hr>
            <ns3:cad>89</ns3:cad>
          </ns3:TrackPointExtension>
        </extensions>
      </trkpt>
      <trkpt lat="39.136034958064556121826171875" lon="117.17820930294692516326904296875">
        <ele>5.80000019073486328125</ele>
        <time>2026-09-18T21:51:26.000Z</time>
        <extensions>
          <ns3:TrackPointExtension>
            <ns3:hr>135</ns3:hr>
            <ns3:cad>89</ns3:cad>
          </ns3:TrackPointExtension>
        </extensions>
      </trkpt>
      <trkpt lat="39.13603772409260272979736328125" lon="117.17817694880068302154541015625">
        <ele>5.80000019073486328125</ele>
        <time>2026-09-18T21:51:27.000Z</time>
        <extensions>
          <ns3:TrackPointExtension>
            <ns3:hr>135</ns3:hr>
            <ns3:cad>89</ns3:cad>
          </ns3:TrackPointExtension>
        </extensions>
      </trkpt>
      <trkpt lat="39.13603537715971469879150390625" lon="117.17814627103507518768310546875">
        <ele>5.80000019073486328125</ele>
        <time>2026-09-18T21:51:28.000Z</time>
        <extensions>
          <ns3:TrackPointExtension>
            <ns3:hr>135</ns3:hr>
            <ns3:cad>89</ns3:cad>
          </ns3:TrackPointExtension>
        </extensions>
      </trkpt>
      <trkpt lat="39.13604225032031536102294921875" lon="117.1781099773943424224853515625">
        <ele>5.80000019073486328125</ele>
        <time>2026-09-18T21:51:29.000Z</time>
        <extensions>
          <ns3:TrackPointExtension>
            <ns3:hr>136</ns3:hr>
            <ns3:cad>89</ns3:cad>
          </ns3:TrackPointExtension>
        </extensions>
      </trkpt>
      <trkpt lat="39.13604442961513996124267578125" lon="117.17808055691421031951904296875">
        <ele>5.80000019073486328125</ele>
        <time>2026-09-18T21:51:30.000Z</time>
        <extensions>
          <ns3:TrackPointExtension>
            <ns3:hr>135</ns3:hr>
            <ns3:cad>89</ns3:cad>
          </ns3:TrackPointExtension>
        </extensions>
      </trkpt>
      <trkpt lat="39.1360513865947723388671875" lon="117.17804501764476299285888671875">
        <ele>5.80000019073486328125</ele>
        <time>2026-09-18T21:51:31.000Z</time>
        <extensions>
          <ns3:TrackPointExtension>
            <ns3:hr>135</ns3:hr>
            <ns3:cad>88</ns3:cad>
          </ns3:TrackPointExtension>
        </extensions>
      </trkpt>
      <trkpt lat="39.136047698557376861572265625" lon="117.17801668681204319000244140625">
        <ele>5.80000019073486328125</ele>
        <time>2026-09-18T21:51:32.000Z</time>
        <extensions>
          <ns3:TrackPointExtension>
            <ns3:hr>136</ns3:hr>
            <ns3:cad>88</ns3:cad>
          </ns3:TrackPointExtension>
        </extensions>
      </trkpt>
      <trkpt lat="39.13604560308158397674560546875" lon="117.177979052066802978515625">
        <ele>5.80000019073486328125</ele>
        <time>2026-09-18T21:51:33.000Z</time>
        <extensions>
          <ns3:TrackPointExtension>
            <ns3:hr>135</ns3:hr>
            <ns3:cad>89</ns3:cad>
          </ns3:TrackPointExtension>
        </extensions>
      </trkpt>
      <trkpt lat="39.13604375906288623809814453125" lon="117.177952229976654052734375">
        <ele>5.80000019073486328125</ele>
        <time>2026-09-18T21:51:34.000Z</time>
        <extensions>
          <ns3:TrackPointExtension>
            <ns3:hr>135</ns3:hr>
            <ns3:cad>89</ns3:cad>
          </ns3:TrackPointExtension>
        </extensions>
      </trkpt>
      <trkpt lat="39.13604937493801116943359375" lon="117.17791208066046237945556640625">
        <ele>5.80000019073486328125</ele>
        <time>2026-09-18T21:51:35.000Z</time>
        <extensions>
          <ns3:TrackPointExtension>
            <ns3:hr>136</ns3:hr>
            <ns3:cad>89</ns3:cad>
          </ns3:TrackPointExtension>
        </extensions>
      </trkpt>
      <trkpt lat="39.1360495425760746002197265625" lon="117.1778809837996959686279296875">
        <ele>5.80000019073486328125</ele>
        <time>2026-09-18T21:51:36.000Z</time>
        <extensions>
          <ns3:TrackPointExtension>
            <ns3:hr>135</ns3:hr>
            <ns3:cad>89</ns3:cad>
          </ns3:TrackPointExtension>
        </extensions>
      </trkpt>
      <trkpt lat="39.1360488720238208770751953125" lon="117.177841253578662872314453125">
        <ele>5.80000019073486328125</ele>
        <time>2026-09-18T21:51:37.000Z</time>
        <extensions>
          <ns3:TrackPointExtension>
            <ns3:hr>135</ns3:hr>
            <ns3:cad>89</ns3:cad>
          </ns3:TrackPointExtension>
        </extensions>
      </trkpt>
      <trkpt lat="39.13604669272899627685546875" lon="117.177804373204708099365234375">
        <ele>5.80000019073486328125</ele>
        <time>2026-09-18T21:51:38.000Z</time>
        <extensions>
          <ns3:TrackPointExtension>
            <ns3:hr>135</ns3:hr>
            <ns3:cad>89</ns3:cad>
          </ns3:TrackPointExtension>
        </extensions>
      </trkpt>
      <trkpt lat="39.13604929111897945404052734375" lon="117.1777656488120555877685546875">
        <ele>5.80000019073486328125</ele>
        <time>2026-09-18T21:51:39.000Z</time>
        <extensions>
          <ns3:TrackPointExtension>
            <ns3:hr>135</ns3:hr>
            <ns3:cad>89</ns3:cad>
          </ns3:TrackPointExtension>
        </extensions>
      </trkpt>
      <trkpt lat="39.13605566136538982391357421875" lon="117.1777297742664813995361328125">
        <ele>5.80000019073486328125</ele>
        <time>2026-09-18T21:51:40.000Z</time>
        <extensions>
          <ns3:TrackPointExtension>
            <ns3:hr>135</ns3:hr>
            <ns3:cad>89</ns3:cad>
          </ns3:TrackPointExtension>
        </extensions>
      </trkpt>
      <trkpt lat="39.13605851121246814727783203125" lon="117.17769364826381206512451171875">
        <ele>5.80000019073486328125</ele>
        <time>2026-09-18T21:51:41.000Z</time>
        <extensions>
          <ns3:TrackPointExtension>
            <ns3:hr>135</ns3:hr>
            <ns3:cad>89</ns3:cad>
          </ns3:TrackPointExtension>
        </extensions>
      </trkpt>
      <trkpt lat="39.13606219924986362457275390625" lon="117.17765517532825469970703125">
        <ele>6</ele>
        <time>2026-09-18T21:51:42.000Z</time>
        <extensions>
          <ns3:TrackPointExtension>
            <ns3:hr>135</ns3:hr>
            <ns3:cad>89</ns3:cad>
          </ns3:TrackPointExtension>
        </extensions>
      </trkpt>
      <trkpt lat="39.13606169633567333221435546875" lon="117.1776228211820125579833984375">
        <ele>5.80000019073486328125</ele>
        <time>2026-09-18T21:51:43.000Z</time>
        <extensions>
          <ns3:TrackPointExtension>
            <ns3:hr>135</ns3:hr>
            <ns3:cad>91</ns3:cad>
          </ns3:TrackPointExtension>
        </extensions>
      </trkpt>
      <trkpt lat="39.13606571964919567108154296875" lon="117.17759205959737300872802734375">
        <ele>5.80000019073486328125</ele>
        <time>2026-09-18T21:51:44.000Z</time>
        <extensions>
          <ns3:TrackPointExtension>
            <ns3:hr>135</ns3:hr>
            <ns3:cad>91</ns3:cad>
          </ns3:TrackPointExtension>
        </extensions>
      </trkpt>
      <trkpt lat="39.1360673122107982635498046875" lon="117.177558280527591705322265625">
        <ele>5.80000019073486328125</ele>
        <time>2026-09-18T21:51:45.000Z</time>
        <extensions>
          <ns3:TrackPointExtension>
            <ns3:hr>135</ns3:hr>
            <ns3:cad>91</ns3:cad>
          </ns3:TrackPointExtension>
        </extensions>
      </trkpt>
      <trkpt lat="39.13606840185821056365966796875" lon="117.17752936296164989471435546875">
        <ele>5.80000019073486328125</ele>
        <time>2026-09-18T21:51:46.000Z</time>
        <extensions>
          <ns3:TrackPointExtension>
            <ns3:hr>135</ns3:hr>
            <ns3:cad>90</ns3:cad>
          </ns3:TrackPointExtension>
        </extensions>
      </trkpt>
      <trkpt lat="39.13607493974268436431884765625" lon="117.17749960720539093017578125">
        <ele>5.80000019073486328125</ele>
        <time>2026-09-18T21:51:47.000Z</time>
        <extensions>
          <ns3:TrackPointExtension>
            <ns3:hr>134</ns3:hr>
            <ns3:cad>90</ns3:cad>
          </ns3:TrackPointExtension>
        </extensions>
      </trkpt>
      <trkpt lat="39.13608030416071414947509765625" lon="117.177467085421085357666015625">
        <ele>5.80000019073486328125</ele>
        <time>2026-09-18T21:51:48.000Z</time>
        <extensions>
          <ns3:TrackPointExtension>
            <ns3:hr>134</ns3:hr>
            <ns3:cad>90</ns3:cad>
          </ns3:TrackPointExtension>
        </extensions>
      </trkpt>
      <trkpt lat="39.13608181290328502655029296875" lon="117.1774347312748432159423828125">
        <ele>5.80000019073486328125</ele>
        <time>2026-09-18T21:51:49.000Z</time>
        <extensions>
          <ns3:TrackPointExtension>
            <ns3:hr>134</ns3:hr>
            <ns3:cad>90</ns3:cad>
          </ns3:TrackPointExtension>
        </extensions>
      </trkpt>
      <trkpt lat="39.1360820643603801727294921875" lon="117.17740095220506191253662109375">
        <ele>5.599999904632568359375</ele>
        <time>2026-09-18T21:51:50.000Z</time>
        <extensions>
          <ns3:TrackPointExtension>
            <ns3:hr>134</ns3:hr>
            <ns3:cad>90</ns3:cad>
          </ns3:TrackPointExtension>
        </extensions>
      </trkpt>
      <trkpt lat="39.1360827349126338958740234375" lon="117.17736172489821910858154296875">
        <ele>5.599999904632568359375</ele>
        <time>2026-09-18T21:51:51.000Z</time>
        <extensions>
          <ns3:TrackPointExtension>
            <ns3:hr>135</ns3:hr>
            <ns3:cad>90</ns3:cad>
          </ns3:TrackPointExtension>
        </extensions>
      </trkpt>
      <trkpt lat="39.13608332164585590362548828125" lon="117.17732836492359638214111328125">
        <ele>5.599999904632568359375</ele>
        <time>2026-09-18T21:51:52.000Z</time>
        <extensions>
          <ns3:TrackPointExtension>
            <ns3:hr>135</ns3:hr>
            <ns3:cad>90</ns3:cad>
          </ns3:TrackPointExtension>
        </extensions>
      </trkpt>
      <trkpt lat="39.13608281873166561126708984375" lon="117.1772919036448001861572265625">
        <ele>5.400000095367431640625</ele>
        <time>2026-09-18T21:51:53.000Z</time>
        <extensions>
          <ns3:TrackPointExtension>
            <ns3:hr>135</ns3:hr>
            <ns3:cad>90</ns3:cad>
          </ns3:TrackPointExtension>
        </extensions>
      </trkpt>
      <trkpt lat="39.1360783763229846954345703125" lon="117.17725510708987712860107421875">
        <ele>5.400000095367431640625</ele>
        <time>2026-09-18T21:51:54.000Z</time>
        <extensions>
          <ns3:TrackPointExtension>
            <ns3:hr>134</ns3:hr>
            <ns3:cad>90</ns3:cad>
          </ns3:TrackPointExtension>
        </extensions>
      </trkpt>
      <trkpt lat="39.13607594557106494903564453125" lon="117.17721453867852687835693359375">
        <ele>5.599999904632568359375</ele>
        <time>2026-09-18T21:51:55.000Z</time>
        <extensions>
          <ns3:TrackPointExtension>
            <ns3:hr>134</ns3:hr>
            <ns3:cad>90</ns3:cad>
          </ns3:TrackPointExtension>
        </extensions>
      </trkpt>
      <trkpt lat="39.13607460446655750274658203125" lon="117.1771799214184284210205078125">
        <ele>5.599999904632568359375</ele>
        <time>2026-09-18T21:51:56.000Z</time>
        <extensions>
          <ns3:TrackPointExtension>
            <ns3:hr>134</ns3:hr>
            <ns3:cad>90</ns3:cad>
          </ns3:TrackPointExtension>
        </extensions>
      </trkpt>
      <trkpt lat="39.1360746882855892181396484375" lon="117.177138514816761016845703125">
        <ele>5.400000095367431640625</ele>
        <time>2026-09-18T21:51:57.000Z</time>
        <extensions>
          <ns3:TrackPointExtension>
            <ns3:hr>134</ns3:hr>
            <ns3:cad>90</ns3:cad>
          </ns3:TrackPointExtension>
        </extensions>
      </trkpt>
      <trkpt lat="39.13607611320912837982177734375" lon="117.1771064959466457366943359375">
        <ele>5.400000095367431640625</ele>
        <time>2026-09-18T21:51:58.000Z</time>
        <extensions>
          <ns3:TrackPointExtension>
            <ns3:hr>134</ns3:hr>
            <ns3:cad>89</ns3:cad>
          </ns3:TrackPointExtension>
        </extensions>
      </trkpt>
      <trkpt lat="39.13607812486588954925537109375" lon="117.1770665980875492095947265625">
        <ele>5.400000095367431640625</ele>
        <time>2026-09-18T21:51:59.000Z</time>
        <extensions>
          <ns3:TrackPointExtension>
            <ns3:hr>134</ns3:hr>
            <ns3:cad>89</ns3:cad>
          </ns3:TrackPointExtension>
        </extensions>
      </trkpt>
      <trkpt lat="39.1360753588378429412841796875" lon="117.1770350821316242218017578125">
        <ele>5.599999904632568359375</ele>
        <time>2026-09-18T21:52:00.000Z</time>
        <extensions>
          <ns3:TrackPointExtension>
            <ns3:hr>134</ns3:hr>
            <ns3:cad>89</ns3:cad>
          </ns3:TrackPointExtension>
        </extensions>
      </trkpt>
      <trkpt lat="39.1360787115991115570068359375" lon="117.1770022250711917877197265625">
        <ele>5.599999904632568359375</ele>
        <time>2026-09-18T21:52:01.000Z</time>
        <extensions>
          <ns3:TrackPointExtension>
            <ns3:hr>134</ns3:hr>
            <ns3:cad>89</ns3:cad>
          </ns3:TrackPointExtension>
        </extensions>
      </trkpt>
      <trkpt lat="39.13607577793300151824951171875" lon="117.1769730560481548309326171875">
        <ele>5.599999904632568359375</ele>
        <time>2026-09-18T21:52:02.000Z</time>
        <extensions>
          <ns3:TrackPointExtension>
            <ns3:hr>134</ns3:hr>
            <ns3:cad>89</ns3:cad>
          </ns3:TrackPointExtension>
        </extensions>
      </trkpt>
      <trkpt lat="39.13608047179877758026123046875" lon="117.17693475075066089630126953125">
        <ele>5.599999904632568359375</ele>
        <time>2026-09-18T21:52:03.000Z</time>
        <extensions>
          <ns3:TrackPointExtension>
            <ns3:hr>134</ns3:hr>
            <ns3:cad>89</ns3:cad>
          </ns3:TrackPointExtension>
        </extensions>
      </trkpt>
      <trkpt lat="39.13607946597039699554443359375" lon="117.17690491117537021636962890625">
        <ele>5.599999904632568359375</ele>
        <time>2026-09-18T21:52:04.000Z</time>
        <extensions>
          <ns3:TrackPointExtension>
            <ns3:hr>133</ns3:hr>
            <ns3:cad>90</ns3:cad>
          </ns3:TrackPointExtension>
        </extensions>
      </trkpt>
      <trkpt lat="39.1360837407410144805908203125" lon="117.1768694557249546051025390625">
        <ele>5.400000095367431640625</ele>
        <time>2026-09-18T21:52:05.000Z</time>
        <extensions>
          <ns3:TrackPointExtension>
            <ns3:hr>133</ns3:hr>
            <ns3:cad>90</ns3:cad>
          </ns3:TrackPointExtension>
        </extensions>
      </trkpt>
      <trkpt lat="39.1360837407410144805908203125" lon="117.17683919705450534820556640625">
        <ele>5.400000095367431640625</ele>
        <time>2026-09-18T21:52:06.000Z</time>
        <extensions>
          <ns3:TrackPointExtension>
            <ns3:hr>133</ns3:hr>
            <ns3:cad>90</ns3:cad>
          </ns3:TrackPointExtension>
        </extensions>
      </trkpt>
      <trkpt lat="39.13608700968325138092041015625" lon="117.1768029034137725830078125">
        <ele>5.400000095367431640625</ele>
        <time>2026-09-18T21:52:07.000Z</time>
        <extensions>
          <ns3:TrackPointExtension>
            <ns3:hr>133</ns3:hr>
            <ns3:cad>89</ns3:cad>
          </ns3:TrackPointExtension>
        </extensions>
      </trkpt>
      <trkpt lat="39.1360860876739025115966796875" lon="117.17676979489624500274658203125">
        <ele>5.400000095367431640625</ele>
        <time>2026-09-18T21:52:08.000Z</time>
        <extensions>
          <ns3:TrackPointExtension>
            <ns3:hr>133</ns3:hr>
            <ns3:cad>89</ns3:cad>
          </ns3:TrackPointExtension>
        </extensions>
      </trkpt>
      <trkpt lat="39.136091955006122589111328125" lon="117.17673324979841709136962890625">
        <ele>5.400000095367431640625</ele>
        <time>2026-09-18T21:52:09.000Z</time>
        <extensions>
          <ns3:TrackPointExtension>
            <ns3:hr>134</ns3:hr>
            <ns3:cad>89</ns3:cad>
          </ns3:TrackPointExtension>
        </extensions>
      </trkpt>
      <trkpt lat="39.13609094917774200439453125" lon="117.17670299112796783447265625">
        <ele>5.400000095367431640625</ele>
        <time>2026-09-18T21:52:10.000Z</time>
        <extensions>
          <ns3:TrackPointExtension>
            <ns3:hr>134</ns3:hr>
            <ns3:cad>89</ns3:cad>
          </ns3:TrackPointExtension>
        </extensions>
      </trkpt>
      <trkpt lat="39.1360937990248203277587890625" lon="117.17666602693498134613037109375">
        <ele>5.19999980926513671875</ele>
        <time>2026-09-18T21:52:11.000Z</time>
        <extensions>
          <ns3:TrackPointExtension>
            <ns3:hr>134</ns3:hr>
            <ns3:cad>89</ns3:cad>
          </ns3:TrackPointExtension>
        </extensions>
      </trkpt>
      <trkpt lat="39.1360978223383426666259765625" lon="117.176630236208438873291015625">
        <ele>5.19999980926513671875</ele>
        <time>2026-09-18T21:52:12.000Z</time>
        <extensions>
          <ns3:TrackPointExtension>
            <ns3:hr>134</ns3:hr>
            <ns3:cad>89</ns3:cad>
          </ns3:TrackPointExtension>
        </extensions>
      </trkpt>
      <trkpt lat="39.13610293529927730560302734375" lon="117.17659679241478443145751953125">
        <ele>5.19999980926513671875</ele>
        <time>2026-09-18T21:52:13.000Z</time>
        <extensions>
          <ns3:TrackPointExtension>
            <ns3:hr>134</ns3:hr>
            <ns3:cad>89</ns3:cad>
          </ns3:TrackPointExtension>
        </extensions>
      </trkpt>
      <trkpt lat="39.136102013289928436279296875" lon="117.17656577937304973602294921875">
        <ele>5.19999980926513671875</ele>
        <time>2026-09-18T21:52:14.000Z</time>
        <extensions>
          <ns3:TrackPointExtension>
            <ns3:hr>135</ns3:hr>
            <ns3:cad>89</ns3:cad>
          </ns3:TrackPointExtension>
        </extensions>
      </trkpt>
      <trkpt lat="39.13609757088124752044677734375" lon="117.176536358892917633056640625">
        <ele>5.19999980926513671875</ele>
        <time>2026-09-18T21:52:15.000Z</time>
        <extensions>
          <ns3:TrackPointExtension>
            <ns3:hr>135</ns3:hr>
            <ns3:cad>89</ns3:cad>
          </ns3:TrackPointExtension>
        </extensions>
      </trkpt>
      <trkpt lat="39.13609757088124752044677734375" lon="117.1765013225376605987548828125">
        <ele>5.19999980926513671875</ele>
        <time>2026-09-18T21:52:16.000Z</time>
        <extensions>
          <ns3:TrackPointExtension>
            <ns3:hr>135</ns3:hr>
            <ns3:cad>90</ns3:cad>
          </ns3:TrackPointExtension>
        </extensions>
      </trkpt>
      <trkpt lat="39.13609371520578861236572265625" lon="117.176464609801769256591796875">
        <ele>5.19999980926513671875</ele>
        <time>2026-09-18T21:52:17.000Z</time>
        <extensions>
          <ns3:TrackPointExtension>
            <ns3:hr>135</ns3:hr>
            <ns3:cad>90</ns3:cad>
          </ns3:TrackPointExtension>
        </extensions>
      </trkpt>
      <trkpt lat="39.136087931692600250244140625" lon="117.17643468640744686126708984375">
        <ele>5.19999980926513671875</ele>
        <time>2026-09-18T21:52:18.000Z</time>
        <extensions>
          <ns3:TrackPointExtension>
            <ns3:hr>135</ns3:hr>
            <ns3:cad>90</ns3:cad>
          </ns3:TrackPointExtension>
        </extensions>
      </trkpt>
      <trkpt lat="39.136075861752033233642578125" lon="117.1763980574905872344970703125">
        <ele>5.400000095367431640625</ele>
        <time>2026-09-18T21:52:19.000Z</time>
        <extensions>
          <ns3:TrackPointExtension>
            <ns3:hr>134</ns3:hr>
            <ns3:cad>90</ns3:cad>
          </ns3:TrackPointExtension>
        </extensions>
      </trkpt>
      <trkpt lat="39.13607661612331867218017578125" lon="117.17636729590594768524169921875">
        <ele>5.400000095367431640625</ele>
        <time>2026-09-18T21:52:20.000Z</time>
        <extensions>
          <ns3:TrackPointExtension>
            <ns3:hr>134</ns3:hr>
            <ns3:cad>91</ns3:cad>
          </ns3:TrackPointExtension>
        </extensions>
      </trkpt>
      <trkpt lat="39.1360884346067905426025390625" lon="117.17633309774100780487060546875">
        <ele>5.400000095367431640625</ele>
        <time>2026-09-18T21:52:21.000Z</time>
        <extensions>
          <ns3:TrackPointExtension>
            <ns3:hr>134</ns3:hr>
            <ns3:cad>91</ns3:cad>
          </ns3:TrackPointExtension>
        </extensions>
      </trkpt>
      <trkpt lat="39.1360958106815814971923828125" lon="117.17629705555737018585205078125">
        <ele>5.400000095367431640625</ele>
        <time>2026-09-18T21:52:22.000Z</time>
        <extensions>
          <ns3:TrackPointExtension>
            <ns3:hr>134</ns3:hr>
            <ns3:cad>90</ns3:cad>
          </ns3:TrackPointExtension>
        </extensions>
      </trkpt>
      <trkpt lat="39.13610746152698993682861328125" lon="117.17626336030662059783935546875">
        <ele>5.599999904632568359375</ele>
        <time>2026-09-18T21:52:23.000Z</time>
        <extensions>
          <ns3:TrackPointExtension>
            <ns3:hr>134</ns3:hr>
            <ns3:cad>90</ns3:cad>
          </ns3:TrackPointExtension>
        </extensions>
      </trkpt>
      <trkpt lat="39.13611332885921001434326171875" lon="117.17622564174234867095947265625">
        <ele>5.80000019073486328125</ele>
        <time>2026-09-18T21:52:24.000Z</time>
        <extensions>
          <ns3:TrackPointExtension>
            <ns3:hr>134</ns3:hr>
            <ns3:cad>90</ns3:cad>
          </ns3:TrackPointExtension>
        </extensions>
      </trkpt>
      <trkpt lat="39.136124141514301300048828125" lon="117.17618465423583984375">
        <ele>5.80000019073486328125</ele>
        <time>2026-09-18T21:52:25.000Z</time>
        <extensions>
          <ns3:TrackPointExtension>
            <ns3:hr>134</ns3:hr>
            <ns3:cad>91</ns3:cad>
          </ns3:TrackPointExtension>
        </extensions>
      </trkpt>
      <trkpt lat="39.13613009266555309295654296875" lon="117.17614718712866306304931640625">
        <ele>5.80000019073486328125</ele>
        <time>2026-09-18T21:52:26.000Z</time>
        <extensions>
          <ns3:TrackPointExtension>
            <ns3:hr>134</ns3:hr>
            <ns3:cad>91</ns3:cad>
          </ns3:TrackPointExtension>
        </extensions>
      </trkpt>
      <trkpt lat="39.13613780401647090911865234375" lon="117.17611097730696201324462890625">
        <ele>5.80000019073486328125</ele>
        <time>2026-09-18T21:52:27.000Z</time>
        <extensions>
          <ns3:TrackPointExtension>
            <ns3:hr>133</ns3:hr>
            <ns3:cad>91</ns3:cad>
          </ns3:TrackPointExtension>
        </extensions>
      </trkpt>
      <trkpt lat="39.136141240596771240234375" lon="117.17607493512332439422607421875">
        <ele>5.599999904632568359375</ele>
        <time>2026-09-18T21:52:28.000Z</time>
        <extensions>
          <ns3:TrackPointExtension>
            <ns3:hr>134</ns3:hr>
            <ns3:cad>91</ns3:cad>
          </ns3:TrackPointExtension>
        </extensions>
      </trkpt>
      <trkpt lat="39.13614652119576930999755859375" lon="117.1760357916355133056640625">
        <ele>5.400000095367431640625</ele>
        <time>2026-09-18T21:52:29.000Z</time>
        <extensions>
          <ns3:TrackPointExtension>
            <ns3:hr>134</ns3:hr>
            <ns3:cad>90</ns3:cad>
          </ns3:TrackPointExtension>
        </extensions>
      </trkpt>
      <trkpt lat="39.13614937104284763336181640625" lon="117.1759987436234951019287109375">
        <ele>5.400000095367431640625</ele>
        <time>2026-09-18T21:52:30.000Z</time>
        <extensions>
          <ns3:TrackPointExtension>
            <ns3:hr>134</ns3:hr>
            <ns3:cad>90</ns3:cad>
          </ns3:TrackPointExtension>
        </extensions>
      </trkpt>
      <trkpt lat="39.13615440018475055694580078125" lon="117.17596529982984066009521484375">
        <ele>5.400000095367431640625</ele>
        <time>2026-09-18T21:52:31.000Z</time>
        <extensions>
          <ns3:TrackPointExtension>
            <ns3:hr>135</ns3:hr>
            <ns3:cad>90</ns3:cad>
          </ns3:TrackPointExtension>
        </extensions>
      </trkpt>
      <trkpt lat="39.13615490309894084930419921875" lon="117.17593177221715450286865234375">
        <ele>5.400000095367431640625</ele>
        <time>2026-09-18T21:52:32.000Z</time>
        <extensions>
          <ns3:TrackPointExtension>
            <ns3:hr>134</ns3:hr>
            <ns3:cad>90</ns3:cad>
          </ns3:TrackPointExtension>
        </extensions>
      </trkpt>
      <trkpt lat="39.1361645422875881195068359375" lon="117.17589790932834148406982421875">
        <ele>5.400000095367431640625</ele>
        <time>2026-09-18T21:52:33.000Z</time>
        <extensions>
          <ns3:TrackPointExtension>
            <ns3:hr>134</ns3:hr>
            <ns3:cad>90</ns3:cad>
          </ns3:TrackPointExtension>
        </extensions>
      </trkpt>
      <trkpt lat="39.1361648775637149810791015625" lon="117.17586077749729156494140625">
        <ele>5.400000095367431640625</ele>
        <time>2026-09-18T21:52:34.000Z</time>
        <extensions>
          <ns3:TrackPointExtension>
            <ns3:hr>135</ns3:hr>
            <ns3:cad>90</ns3:cad>
          </ns3:TrackPointExtension>
        </extensions>
      </trkpt>
      <trkpt lat="39.1361668892204761505126953125" lon="117.17582666315138339996337890625">
        <ele>5.400000095367431640625</ele>
        <time>2026-09-18T21:52:35.000Z</time>
        <extensions>
          <ns3:TrackPointExtension>
            <ns3:hr>134</ns3:hr>
            <ns3:cad>90</ns3:cad>
          </ns3:TrackPointExtension>
        </extensions>
      </trkpt>
      <trkpt lat="39.13616630248725414276123046875" lon="117.1757890284061431884765625">
        <ele>5.400000095367431640625</ele>
        <time>2026-09-18T21:52:36.000Z</time>
        <extensions>
          <ns3:TrackPointExtension>
            <ns3:hr>134</ns3:hr>
            <ns3:cad>90</ns3:cad>
          </ns3:TrackPointExtension>
        </extensions>
      </trkpt>
      <trkpt lat="39.13617367856204509735107421875" lon="117.17575424350798130035400390625">
        <ele>5.400000095367431640625</ele>
        <time>2026-09-18T21:52:37.000Z</time>
        <extensions>
          <ns3:TrackPointExtension>
            <ns3:hr>135</ns3:hr>
            <ns3:cad>90</ns3:cad>
          </ns3:TrackPointExtension>
        </extensions>
      </trkpt>
      <trkpt lat="39.13617401383817195892333984375" lon="117.175714261829853057861328125">
        <ele>5.400000095367431640625</ele>
        <time>2026-09-18T21:52:38.000Z</time>
        <extensions>
          <ns3:TrackPointExtension>
            <ns3:hr>135</ns3:hr>
            <ns3:cad>90</ns3:cad>
          </ns3:TrackPointExtension>
        </extensions>
      </trkpt>
      <trkpt lat="39.13617786951363086700439453125" lon="117.17567981220781803131103515625">
        <ele>5.400000095367431640625</ele>
        <time>2026-09-18T21:52:39.000Z</time>
        <extensions>
          <ns3:TrackPointExtension>
            <ns3:hr>135</ns3:hr>
            <ns3:cad>90</ns3:cad>
          </ns3:TrackPointExtension>
        </extensions>
      </trkpt>
      <trkpt lat="39.136180467903614044189453125" lon="117.17564343474805355072021484375">
        <ele>5.400000095367431640625</ele>
        <time>2026-09-18T21:52:40.000Z</time>
        <extensions>
          <ns3:TrackPointExtension>
            <ns3:hr>135</ns3:hr>
            <ns3:cad>90</ns3:cad>
          </ns3:TrackPointExtension>
        </extensions>
      </trkpt>
      <trkpt lat="39.13618071936070919036865234375" lon="117.1756131760776042938232421875">
        <ele>5.400000095367431640625</ele>
        <time>2026-09-18T21:52:41.000Z</time>
        <extensions>
          <ns3:TrackPointExtension>
            <ns3:hr>136</ns3:hr>
            <ns3:cad>90</ns3:cad>
          </ns3:TrackPointExtension>
        </extensions>
      </trkpt>
      <trkpt lat="39.13618088699877262115478515625" lon="117.17557705007493495941162109375">
        <ele>5.400000095367431640625</ele>
        <time>2026-09-18T21:52:42.000Z</time>
        <extensions>
          <ns3:TrackPointExtension>
            <ns3:hr>136</ns3:hr>
            <ns3:cad>90</ns3:cad>
          </ns3:TrackPointExtension>
        </extensions>
      </trkpt>
      <trkpt lat="39.13618641905486583709716796875" lon="117.17554293572902679443359375">
        <ele>5.400000095367431640625</ele>
        <time>2026-09-18T21:52:43.000Z</time>
        <extensions>
          <ns3:TrackPointExtension>
            <ns3:hr>136</ns3:hr>
            <ns3:cad>89</ns3:cad>
          </ns3:TrackPointExtension>
        </extensions>
      </trkpt>
      <trkpt lat="39.13618105463683605194091796875" lon="117.17550580389797687530517578125">
        <ele>5.400000095367431640625</ele>
        <time>2026-09-18T21:52:44.000Z</time>
        <extensions>
          <ns3:TrackPointExtension>
            <ns3:hr>137</ns3:hr>
            <ns3:cad>89</ns3:cad>
          </ns3:TrackPointExtension>
        </extensions>
      </trkpt>
      <trkpt lat="39.13618407212197780609130859375" lon="117.1754725277423858642578125">
        <ele>5.400000095367431640625</ele>
        <time>2026-09-18T21:52:45.000Z</time>
        <extensions>
          <ns3:TrackPointExtension>
            <ns3:hr>138</ns3:hr>
            <ns3:cad>89</ns3:cad>
          </ns3:TrackPointExtension>
        </extensions>
      </trkpt>
      <trkpt lat="39.13618080317974090576171875" lon="117.1754415147006511688232421875">
        <ele>5.400000095367431640625</ele>
        <time>2026-09-18T21:52:46.000Z</time>
        <extensions>
          <ns3:TrackPointExtension>
            <ns3:hr>138</ns3:hr>
            <ns3:cad>89</ns3:cad>
          </ns3:TrackPointExtension>
        </extensions>
      </trkpt>
      <trkpt lat="39.1361806355416774749755859375" lon="117.17540974728763103485107421875">
        <ele>5.400000095367431640625</ele>
        <time>2026-09-18T21:52:47.000Z</time>
        <extensions>
          <ns3:TrackPointExtension>
            <ns3:hr>138</ns3:hr>
            <ns3:cad>89</ns3:cad>
          </ns3:TrackPointExtension>
        </extensions>
      </trkpt>
      <trkpt lat="39.13617409765720367431640625" lon="117.1753759682178497314453125">
        <ele>5.599999904632568359375</ele>
        <time>2026-09-18T21:52:48.000Z</time>
        <extensions>
          <ns3:TrackPointExtension>
            <ns3:hr>138</ns3:hr>
            <ns3:cad>89</ns3:cad>
          </ns3:TrackPointExtension>
        </extensions>
      </trkpt>
      <trkpt lat="39.1361779533326625823974609375" lon="117.17534554190933704376220703125">
        <ele>5.599999904632568359375</ele>
        <time>2026-09-18T21:52:49.000Z</time>
        <extensions>
          <ns3:TrackPointExtension>
            <ns3:hr>139</ns3:hr>
            <ns3:cad>89</ns3:cad>
          </ns3:TrackPointExtension>
        </extensions>
      </trkpt>
      <trkpt lat="39.1361792944371700286865234375" lon="117.1753131039440631866455078125">
        <ele>5.599999904632568359375</ele>
        <time>2026-09-18T21:52:50.000Z</time>
        <extensions>
          <ns3:TrackPointExtension>
            <ns3:hr>138</ns3:hr>
            <ns3:cad>89</ns3:cad>
          </ns3:TrackPointExtension>
        </extensions>
      </trkpt>
      <trkpt lat="39.1361876763403415679931640625" lon="117.1752782352268695831298828125">
        <ele>5.80000019073486328125</ele>
        <time>2026-09-18T21:52:51.000Z</time>
        <extensions>
          <ns3:TrackPointExtension>
            <ns3:hr>138</ns3:hr>
            <ns3:cad>89</ns3:cad>
          </ns3:TrackPointExtension>
        </extensions>
      </trkpt>
      <trkpt lat="39.13619597442448139190673828125" lon="117.17524764128029346466064453125">
        <ele>6</ele>
        <time>2026-09-18T21:52:52.000Z</time>
        <extensions>
          <ns3:TrackPointExtension>
            <ns3:hr>138</ns3:hr>
            <ns3:cad>89</ns3:cad>
          </ns3:TrackPointExtension>
        </extensions>
      </trkpt>
      <trkpt lat="39.13621391169726848602294921875" lon="117.17521704733371734619140625">
        <ele>6</ele>
        <time>2026-09-18T21:52:53.000Z</time>
        <extensions>
          <ns3:TrackPointExtension>
            <ns3:hr>138</ns3:hr>
            <ns3:cad>89</ns3:cad>
          </ns3:TrackPointExtension>
        </extensions>
      </trkpt>
      <trkpt lat="39.13622011430561542510986328125" lon="117.1751920692622661590576171875">
        <ele>6</ele>
        <time>2026-09-18T21:52:54.000Z</time>
        <extensions>
          <ns3:TrackPointExtension>
            <ns3:hr>139</ns3:hr>
            <ns3:cad>89</ns3:cad>
          </ns3:TrackPointExtension>
        </extensions>
      </trkpt>
      <trkpt lat="39.1362393088638782501220703125" lon="117.1751592122018337249755859375">
        <ele>6</ele>
        <time>2026-09-18T21:52:55.000Z</time>
        <extensions>
          <ns3:TrackPointExtension>
            <ns3:hr>139</ns3:hr>
            <ns3:cad>89</ns3:cad>
          </ns3:TrackPointExtension>
        </extensions>
      </trkpt>
      <trkpt lat="39.13624383509159088134765625" lon="117.17513532377779483795166015625">
        <ele>5.80000019073486328125</ele>
        <time>2026-09-18T21:52:56.000Z</time>
        <extensions>
          <ns3:TrackPointExtension>
            <ns3:hr>139</ns3:hr>
            <ns3:cad>89</ns3:cad>
          </ns3:TrackPointExtension>
        </extensions>
      </trkpt>
      <trkpt lat="39.13625665940344333648681640625" lon="117.1750948391854763031005859375">
        <ele>5.80000019073486328125</ele>
        <time>2026-09-18T21:52:57.000Z</time>
        <extensions>
          <ns3:TrackPointExtension>
            <ns3:hr>140</ns3:hr>
            <ns3:cad>89</ns3:cad>
          </ns3:TrackPointExtension>
        </extensions>
      </trkpt>
      <trkpt lat="39.13625163026154041290283203125" lon="117.17506273649632930755615234375">
        <ele>5.80000019073486328125</ele>
        <time>2026-09-18T21:52:58.000Z</time>
        <extensions>
          <ns3:TrackPointExtension>
            <ns3:hr>140</ns3:hr>
            <ns3:cad>89</ns3:cad>
          </ns3:TrackPointExtension>
        </extensions>
      </trkpt>
      <trkpt lat="39.1362564079463481903076171875" lon="117.1750200726091861724853515625">
        <ele>5.80000019073486328125</ele>
        <time>2026-09-18T21:52:59.000Z</time>
        <extensions>
          <ns3:TrackPointExtension>
            <ns3:hr>140</ns3:hr>
            <ns3:cad>88</ns3:cad>
          </ns3:TrackPointExtension>
        </extensions>
      </trkpt>
      <trkpt lat="39.13624785840511322021484375" lon="117.1749919094145298004150390625">
        <ele>5.80000019073486328125</ele>
        <time>2026-09-18T21:53:00.000Z</time>
        <extensions>
          <ns3:TrackPointExtension>
            <ns3:hr>141</ns3:hr>
            <ns3:cad>88</ns3:cad>
          </ns3:TrackPointExtension>
        </extensions>
      </trkpt>
      <trkpt lat="39.13625213317573070526123046875" lon="117.17494656331837177276611328125">
        <ele>5.80000019073486328125</ele>
        <time>2026-09-18T21:53:01.000Z</time>
        <extensions>
          <ns3:TrackPointExtension>
            <ns3:hr>141</ns3:hr>
            <ns3:cad>88</ns3:cad>
          </ns3:TrackPointExtension>
        </extensions>
      </trkpt>
      <trkpt lat="39.136245511472225189208984375" lon="117.174916975200176239013671875">
        <ele>5.80000019073486328125</ele>
        <time>2026-09-18T21:53:02.000Z</time>
        <extensions>
          <ns3:TrackPointExtension>
            <ns3:hr>141</ns3:hr>
            <ns3:cad>88</ns3:cad>
          </ns3:TrackPointExtension>
        </extensions>
      </trkpt>
      <trkpt lat="39.136248528957366943359375" lon="117.174873389303684234619140625">
        <ele>6</ele>
        <time>2026-09-18T21:53:03.000Z</time>
        <extensions>
          <ns3:TrackPointExtension>
            <ns3:hr>140</ns3:hr>
            <ns3:cad>88</ns3:cad>
          </ns3:TrackPointExtension>
        </extensions>
      </trkpt>
      <trkpt lat="39.1362426616251468658447265625" lon="117.17484329827129840850830078125">
        <ele>6</ele>
        <time>2026-09-18T21:53:04.000Z</time>
        <extensions>
          <ns3:TrackPointExtension>
            <ns3:hr>141</ns3:hr>
            <ns3:cad>88</ns3:cad>
          </ns3:TrackPointExtension>
        </extensions>
      </trkpt>
      <trkpt lat="39.13624358363449573516845703125" lon="117.17479996383190155029296875">
        <ele>6</ele>
        <time>2026-09-18T21:53:05.000Z</time>
        <extensions>
          <ns3:TrackPointExtension>
            <ns3:hr>141</ns3:hr>
            <ns3:cad>88</ns3:cad>
          </ns3:TrackPointExtension>
        </extensions>
      </trkpt>
      <trkpt lat="39.1362346149981021881103515625" lon="117.1747686155140399932861328125">
        <ele>6.19999980926513671875</ele>
        <time>2026-09-18T21:53:06.000Z</time>
        <extensions>
          <ns3:TrackPointExtension>
            <ns3:hr>140</ns3:hr>
            <ns3:cad>88</ns3:cad>
          </ns3:TrackPointExtension>
        </extensions>
      </trkpt>
      <trkpt lat="39.1362386383116245269775390625" lon="117.1747236885130405426025390625">
        <ele>6.19999980926513671875</ele>
        <time>2026-09-18T21:53:07.000Z</time>
        <extensions>
          <ns3:TrackPointExtension>
            <ns3:hr>141</ns3:hr>
            <ns3:cad>88</ns3:cad>
          </ns3:TrackPointExtension>
        </extensions>
      </trkpt>
      <trkpt lat="39.13623520173132419586181640625" lon="117.17469125054776668548583984375">
        <ele>6</ele>
        <time>2026-09-18T21:53:08.000Z</time>
        <extensions>
          <ns3:TrackPointExtension>
            <ns3:hr>141</ns3:hr>
            <ns3:cad>89</ns3:cad>
          </ns3:TrackPointExtension>
        </extensions>
      </trkpt>
      <trkpt lat="39.136240482330322265625" lon="117.1746469102799892425537109375">
        <ele>6</ele>
        <time>2026-09-18T21:53:09.000Z</time>
        <extensions>
          <ns3:TrackPointExtension>
            <ns3:hr>141</ns3:hr>
            <ns3:cad>89</ns3:cad>
          </ns3:TrackPointExtension>
        </extensions>
      </trkpt>
      <trkpt lat="39.1362346149981021881103515625" lon="117.17461883090436458587646484375">
        <ele>6</ele>
        <time>2026-09-18T21:53:10.000Z</time>
        <extensions>
          <ns3:TrackPointExtension>
            <ns3:hr>142</ns3:hr>
            <ns3:cad>90</ns3:cad>
          </ns3:TrackPointExtension>
        </extensions>
      </trkpt>
      <trkpt lat="39.1362352855503559112548828125" lon="117.1745734848082065582275390625">
        <ele>6</ele>
        <time>2026-09-18T21:53:11.000Z</time>
        <extensions>
          <ns3:TrackPointExtension>
            <ns3:hr>142</ns3:hr>
            <ns3:cad>90</ns3:cad>
          </ns3:TrackPointExtension>
        </extensions>
      </trkpt>
      <trkpt lat="39.13622547872364521026611328125" lon="117.174543477594852447509765625">
        <ele>5.80000019073486328125</ele>
        <time>2026-09-18T21:53:12.000Z</time>
        <extensions>
          <ns3:TrackPointExtension>
            <ns3:hr>142</ns3:hr>
            <ns3:cad>90</ns3:cad>
          </ns3:TrackPointExtension>
        </extensions>
      </trkpt>
      <trkpt lat="39.13622497580945491790771484375" lon="117.17450165189802646636962890625">
        <ele>5.80000019073486328125</ele>
        <time>2026-09-18T21:53:13.000Z</time>
        <extensions>
          <ns3:TrackPointExtension>
            <ns3:hr>142</ns3:hr>
            <ns3:cad>90</ns3:cad>
          </ns3:TrackPointExtension>
        </extensions>
      </trkpt>
      <trkpt lat="39.13621433079242706298828125" lon="117.1744745783507823944091796875">
        <ele>5.80000019073486328125</ele>
        <time>2026-09-18T21:53:14.000Z</time>
        <extensions>
          <ns3:TrackPointExtension>
            <ns3:hr>142</ns3:hr>
            <ns3:cad>90</ns3:cad>
          </ns3:TrackPointExtension>
        </extensions>
      </trkpt>
      <trkpt lat="39.1362098045647144317626953125" lon="117.17443124391138553619384765625">
        <ele>5.80000019073486328125</ele>
        <time>2026-09-18T21:53:15.000Z</time>
        <extensions>
          <ns3:TrackPointExtension>
            <ns3:hr>140</ns3:hr>
            <ns3:cad>90</ns3:cad>
          </ns3:TrackPointExtension>
        </extensions>
      </trkpt>
      <trkpt lat="39.1361973993480205535888671875" lon="117.17440375126898288726806640625">
        <ele>5.80000019073486328125</ele>
        <time>2026-09-18T21:53:16.000Z</time>
        <extensions>
          <ns3:TrackPointExtension>
            <ns3:hr>140</ns3:hr>
            <ns3:cad>89</ns3:cad>
          </ns3:TrackPointExtension>
        </extensions>
      </trkpt>
      <trkpt lat="39.1361960582435131072998046875" lon="117.17436351813375949859619140625">
        <ele>5.80000019073486328125</ele>
        <time>2026-09-18T21:53:17.000Z</time>
        <extensions>
          <ns3:TrackPointExtension>
            <ns3:hr>140</ns3:hr>
            <ns3:cad>89</ns3:cad>
          </ns3:TrackPointExtension>
        </extensions>
      </trkpt>
      <trkpt lat="39.1361870057880878448486328125" lon="117.1743347682058811187744140625">
        <ele>5.599999904632568359375</ele>
        <time>2026-09-18T21:53:18.000Z</time>
        <extensions>
          <ns3:TrackPointExtension>
            <ns3:hr>140</ns3:hr>
            <ns3:cad>89</ns3:cad>
          </ns3:TrackPointExtension>
        </extensions>
      </trkpt>
      <trkpt lat="39.1361868381500244140625" lon="117.174289338290691375732421875">
        <ele>5.80000019073486328125</ele>
        <time>2026-09-18T21:53:19.000Z</time>
        <extensions>
          <ns3:TrackPointExtension>
            <ns3:hr>140</ns3:hr>
            <ns3:cad>89</ns3:cad>
          </ns3:TrackPointExtension>
        </extensions>
      </trkpt>
      <trkpt lat="39.136177785694599151611328125" lon="117.17425757087767124176025390625">
        <ele>5.599999904632568359375</ele>
        <time>2026-09-18T21:53:20.000Z</time>
        <extensions>
          <ns3:TrackPointExtension>
            <ns3:hr>140</ns3:hr>
            <ns3:cad>89</ns3:cad>
          </ns3:TrackPointExtension>
        </extensions>
      </trkpt>
      <trkpt lat="39.136186502873897552490234375" lon="117.17421364970505237579345703125">
        <ele>5.80000019073486328125</ele>
        <time>2026-09-18T21:53:21.000Z</time>
        <extensions>
          <ns3:TrackPointExtension>
            <ns3:hr>140</ns3:hr>
            <ns3:cad>89</ns3:cad>
          </ns3:TrackPointExtension>
        </extensions>
      </trkpt>
      <trkpt lat="39.13618482649326324462890625" lon="117.1741802059113979339599609375">
        <ele>5.599999904632568359375</ele>
        <time>2026-09-18T21:53:22.000Z</time>
        <extensions>
          <ns3:TrackPointExtension>
            <ns3:hr>141</ns3:hr>
            <ns3:cad>89</ns3:cad>
          </ns3:TrackPointExtension>
        </extensions>
      </trkpt>
      <trkpt lat="39.136194549500942230224609375" lon="117.17413821257650852203369140625">
        <ele>5.599999904632568359375</ele>
        <time>2026-09-18T21:53:23.000Z</time>
        <extensions>
          <ns3:TrackPointExtension>
            <ns3:hr>141</ns3:hr>
            <ns3:cad>89</ns3:cad>
          </ns3:TrackPointExtension>
        </extensions>
      </trkpt>
      <trkpt lat="39.13619396276772022247314453125" lon="117.17410971410572528839111328125">
        <ele>5.599999904632568359375</ele>
        <time>2026-09-18T21:53:24.000Z</time>
        <extensions>
          <ns3:TrackPointExtension>
            <ns3:hr>141</ns3:hr>
            <ns3:cad>90</ns3:cad>
          </ns3:TrackPointExtension>
        </extensions>
      </trkpt>
      <trkpt lat="39.1362061165273189544677734375" lon="117.17407098971307277679443359375">
        <ele>5.599999904632568359375</ele>
        <time>2026-09-18T21:53:25.000Z</time>
        <extensions>
          <ns3:TrackPointExtension>
            <ns3:hr>141</ns3:hr>
            <ns3:cad>90</ns3:cad>
          </ns3:TrackPointExtension>
        </extensions>
      </trkpt>
      <trkpt lat="39.13620536215603351593017578125" lon="117.17404265888035297393798828125">
        <ele>5.400000095367431640625</ele>
        <time>2026-09-18T21:53:26.000Z</time>
        <extensions>
          <ns3:TrackPointExtension>
            <ns3:hr>141</ns3:hr>
            <ns3:cad>89</ns3:cad>
          </ns3:TrackPointExtension>
        </extensions>
      </trkpt>
      <trkpt lat="39.1362111456692218780517578125" lon="117.17400209046900272369384765625">
        <ele>5.400000095367431640625</ele>
        <time>2026-09-18T21:53:27.000Z</time>
        <extensions>
          <ns3:TrackPointExtension>
            <ns3:hr>140</ns3:hr>
            <ns3:cad>89</ns3:cad>
          </ns3:TrackPointExtension>
        </extensions>
      </trkpt>
      <trkpt lat="39.13621005602180957794189453125" lon="117.17396940104663372039794921875">
        <ele>5.400000095367431640625</ele>
        <time>2026-09-18T21:53:28.000Z</time>
        <extensions>
          <ns3:TrackPointExtension>
            <ns3:hr>141</ns3:hr>
            <ns3:cad>91</ns3:cad>
          </ns3:TrackPointExtension>
        </extensions>
      </trkpt>
      <trkpt lat="39.13620837964117527008056640625" lon="117.173939980566501617431640625">
        <ele>5.400000095367431640625</ele>
        <time>2026-09-18T21:53:29.000Z</time>
        <extensions>
          <ns3:TrackPointExtension>
            <ns3:hr>141</ns3:hr>
            <ns3:cad>91</ns3:cad>
          </ns3:TrackPointExtension>
        </extensions>
      </trkpt>
      <trkpt lat="39.13620418868958950042724609375" lon="117.17391005717217922210693359375">
        <ele>5.400000095367431640625</ele>
        <time>2026-09-18T21:53:30.000Z</time>
        <extensions>
          <ns3:TrackPointExtension>
            <ns3:hr>141</ns3:hr>
            <ns3:cad>91</ns3:cad>
          </ns3:TrackPointExtension>
        </extensions>
      </trkpt>
      <trkpt lat="39.13619957864284515380859375" lon="117.17387460172176361083984375">
        <ele>5.400000095367431640625</ele>
        <time>2026-09-18T21:53:31.000Z</time>
        <extensions>
          <ns3:TrackPointExtension>
            <ns3:hr>141</ns3:hr>
            <ns3:cad>90</ns3:cad>
          </ns3:TrackPointExtension>
        </extensions>
      </trkpt>
      <trkpt lat="39.1361935436725616455078125" lon="117.173843085765838623046875">
        <ele>5.400000095367431640625</ele>
        <time>2026-09-18T21:53:32.000Z</time>
        <extensions>
          <ns3:TrackPointExtension>
            <ns3:hr>140</ns3:hr>
            <ns3:cad>90</ns3:cad>
          </ns3:TrackPointExtension>
        </extensions>
      </trkpt>
      <trkpt lat="39.13619396276772022247314453125" lon="117.1738030202686786651611328125">
        <ele>5.400000095367431640625</ele>
        <time>2026-09-18T21:53:33.000Z</time>
        <extensions>
          <ns3:TrackPointExtension>
            <ns3:hr>140</ns3:hr>
            <ns3:cad>90</ns3:cad>
          </ns3:TrackPointExtension>
        </extensions>
      </trkpt>
      <trkpt lat="39.13618843071162700653076171875" lon="117.17377326451241970062255859375">
        <ele>5.400000095367431640625</ele>
        <time>2026-09-18T21:53:34.000Z</time>
        <extensions>
          <ns3:TrackPointExtension>
            <ns3:hr>140</ns3:hr>
            <ns3:cad>90</ns3:cad>
          </ns3:TrackPointExtension>
        </extensions>
      </trkpt>
      <trkpt lat="39.1361963935196399688720703125" lon="117.17373873107135295867919921875">
        <ele>5.400000095367431640625</ele>
        <time>2026-09-18T21:53:35.000Z</time>
        <extensions>
          <ns3:TrackPointExtension>
            <ns3:hr>140</ns3:hr>
            <ns3:cad>90</ns3:cad>
          </ns3:TrackPointExtension>
        </extensions>
      </trkpt>
      <trkpt lat="39.1361990757286548614501953125" lon="117.17370989732444286346435546875">
        <ele>5.400000095367431640625</ele>
        <time>2026-09-18T21:53:36.000Z</time>
        <extensions>
          <ns3:TrackPointExtension>
            <ns3:hr>139</ns3:hr>
            <ns3:cad>90</ns3:cad>
          </ns3:TrackPointExtension>
        </extensions>
      </trkpt>
      <trkpt lat="39.13620351813733577728271484375" lon="117.17367318458855152130126953125">
        <ele>5.400000095367431640625</ele>
        <time>2026-09-18T21:53:37.000Z</time>
        <extensions>
          <ns3:TrackPointExtension>
            <ns3:hr>139</ns3:hr>
            <ns3:cad>90</ns3:cad>
          </ns3:TrackPointExtension>
        </extensions>
      </trkpt>
      <trkpt lat="39.13620770908892154693603515625" lon="117.173644937574863433837890625">
        <ele>5.599999904632568359375</ele>
        <time>2026-09-18T21:53:38.000Z</time>
        <extensions>
          <ns3:TrackPointExtension>
            <ns3:hr>139</ns3:hr>
            <ns3:cad>90</ns3:cad>
          </ns3:TrackPointExtension>
        </extensions>
      </trkpt>
      <trkpt lat="39.13621366024017333984375" lon="117.17360948212444782257080078125">
        <ele>5.599999904632568359375</ele>
        <time>2026-09-18T21:53:39.000Z</time>
        <extensions>
          <ns3:TrackPointExtension>
            <ns3:hr>139</ns3:hr>
            <ns3:cad>90</ns3:cad>
          </ns3:TrackPointExtension>
        </extensions>
      </trkpt>
      <trkpt lat="39.1362091340124607086181640625" lon="117.1735773794353008270263671875">
        <ele>5.599999904632568359375</ele>
        <time>2026-09-18T21:53:40.000Z</time>
        <extensions>
          <ns3:TrackPointExtension>
            <ns3:hr>139</ns3:hr>
            <ns3:cad>90</ns3:cad>
          </ns3:TrackPointExtension>
        </extensions>
      </trkpt>
      <trkpt lat="39.13621055893599987030029296875" lon="117.1735404990613460540771484375">
        <ele>5.599999904632568359375</ele>
        <time>2026-09-18T21:53:41.000Z</time>
        <extensions>
          <ns3:TrackPointExtension>
            <ns3:hr>138</ns3:hr>
            <ns3:cad>89</ns3:cad>
          </ns3:TrackPointExtension>
        </extensions>
      </trkpt>
      <trkpt lat="39.1362047754228115081787109375" lon="117.17351091094315052032470703125">
        <ele>5.599999904632568359375</ele>
        <time>2026-09-18T21:53:42.000Z</time>
        <extensions>
          <ns3:TrackPointExtension>
            <ns3:hr>139</ns3:hr>
            <ns3:cad>89</ns3:cad>
          </ns3:TrackPointExtension>
        </extensions>
      </trkpt>
      <trkpt lat="39.13620703853666782379150390625" lon="117.1734710969030857086181640625">
        <ele>5.599999904632568359375</ele>
        <time>2026-09-18T21:53:43.000Z</time>
        <extensions>
          <ns3:TrackPointExtension>
            <ns3:hr>139</ns3:hr>
            <ns3:cad>89</ns3:cad>
          </ns3:TrackPointExtension>
        </extensions>
      </trkpt>
      <trkpt lat="39.13620837964117527008056640625" lon="117.17344050295650959014892578125">
        <ele>5.599999904632568359375</ele>
        <time>2026-09-18T21:53:44.000Z</time>
        <extensions>
          <ns3:TrackPointExtension>
            <ns3:hr>138</ns3:hr>
            <ns3:cad>89</ns3:cad>
          </ns3:TrackPointExtension>
        </extensions>
      </trkpt>
      <trkpt lat="39.1362121514976024627685546875" lon="117.17339926399290561676025390625">
        <ele>5.599999904632568359375</ele>
        <time>2026-09-18T21:53:45.000Z</time>
        <extensions>
          <ns3:TrackPointExtension>
            <ns3:hr>138</ns3:hr>
            <ns3:cad>89</ns3:cad>
          </ns3:TrackPointExtension>
        </extensions>
      </trkpt>
      <trkpt lat="39.1362017579376697540283203125" lon="117.17336808331310749053955078125">
        <ele>5.599999904632568359375</ele>
        <time>2026-09-18T21:53:46.000Z</time>
        <extensions>
          <ns3:TrackPointExtension>
            <ns3:hr>138</ns3:hr>
            <ns3:cad>89</ns3:cad>
          </ns3:TrackPointExtension>
        </extensions>
      </trkpt>
      <trkpt lat="39.1362047754228115081787109375" lon="117.1733294427394866943359375">
        <ele>5.400000095367431640625</ele>
        <time>2026-09-18T21:53:47.000Z</time>
        <extensions>
          <ns3:TrackPointExtension>
            <ns3:hr>139</ns3:hr>
            <ns3:cad>89</ns3:cad>
          </ns3:TrackPointExtension>
        </extensions>
      </trkpt>
      <trkpt lat="39.1362015902996063232421875" lon="117.17329449020326137542724609375">
        <ele>5.400000095367431640625</ele>
        <time>2026-09-18T21:53:48.000Z</time>
        <extensions>
          <ns3:TrackPointExtension>
            <ns3:hr>138</ns3:hr>
            <ns3:cad>90</ns3:cad>
          </ns3:TrackPointExtension>
        </extensions>
      </trkpt>
      <trkpt lat="39.136208631098270416259765625" lon="117.1732531674206256866455078125">
        <ele>5.400000095367431640625</ele>
        <time>2026-09-18T21:53:49.000Z</time>
        <extensions>
          <ns3:TrackPointExtension>
            <ns3:hr>138</ns3:hr>
            <ns3:cad>90</ns3:cad>
          </ns3:TrackPointExtension>
        </extensions>
      </trkpt>
      <trkpt lat="39.1362114809453487396240234375" lon="117.173219807446002960205078125">
        <ele>5.400000095367431640625</ele>
        <time>2026-09-18T21:53:50.000Z</time>
        <extensions>
          <ns3:TrackPointExtension>
            <ns3:hr>138</ns3:hr>
            <ns3:cad>90</ns3:cad>
          </ns3:TrackPointExtension>
        </extensions>
      </trkpt>
      <trkpt lat="39.136216677725315093994140625" lon="117.1731819212436676025390625">
        <ele>5.400000095367431640625</ele>
        <time>2026-09-18T21:53:51.000Z</time>
        <extensions>
          <ns3:TrackPointExtension>
            <ns3:hr>139</ns3:hr>
            <ns3:cad>90</ns3:cad>
          </ns3:TrackPointExtension>
        </extensions>
      </trkpt>
      <trkpt lat="39.13620854727923870086669921875" lon="117.17315417714416980743408203125">
        <ele>5.400000095367431640625</ele>
        <time>2026-09-18T21:53:52.000Z</time>
        <extensions>
          <ns3:TrackPointExtension>
            <ns3:hr>138</ns3:hr>
            <ns3:cad>90</ns3:cad>
          </ns3:TrackPointExtension>
        </extensions>
      </trkpt>
      <trkpt lat="39.13621139712631702423095703125" lon="117.17311545275151729583740234375">
        <ele>5.400000095367431640625</ele>
        <time>2026-09-18T21:53:53.000Z</time>
        <extensions>
          <ns3:TrackPointExtension>
            <ns3:hr>138</ns3:hr>
            <ns3:cad>90</ns3:cad>
          </ns3:TrackPointExtension>
        </extensions>
      </trkpt>
      <trkpt lat="39.13621257059276103973388671875" lon="117.1730801649391651153564453125">
        <ele>5.400000095367431640625</ele>
        <time>2026-09-18T21:53:54.000Z</time>
        <extensions>
          <ns3:TrackPointExtension>
            <ns3:hr>138</ns3:hr>
            <ns3:cad>90</ns3:cad>
          </ns3:TrackPointExtension>
        </extensions>
      </trkpt>
      <trkpt lat="39.13621441461145877838134765625" lon="117.17304454185068607330322265625">
        <ele>5.400000095367431640625</ele>
        <time>2026-09-18T21:53:55.000Z</time>
        <extensions>
          <ns3:TrackPointExtension>
            <ns3:hr>139</ns3:hr>
            <ns3:cad>90</ns3:cad>
          </ns3:TrackPointExtension>
        </extensions>
      </trkpt>
      <trkpt lat="39.13621542043983936309814453125" lon="117.1730110980570316314697265625">
        <ele>5.400000095367431640625</ele>
        <time>2026-09-18T21:53:56.000Z</time>
        <extensions>
          <ns3:TrackPointExtension>
            <ns3:hr>138</ns3:hr>
            <ns3:cad>90</ns3:cad>
          </ns3:TrackPointExtension>
        </extensions>
      </trkpt>
      <trkpt lat="39.13621366024017333984375" lon="117.17297681607306003570556640625">
        <ele>5.400000095367431640625</ele>
        <time>2026-09-18T21:53:57.000Z</time>
        <extensions>
          <ns3:TrackPointExtension>
            <ns3:hr>138</ns3:hr>
            <ns3:cad>90</ns3:cad>
          </ns3:TrackPointExtension>
        </extensions>
      </trkpt>
      <trkpt lat="39.13620955310761928558349609375" lon="117.17294387519359588623046875">
        <ele>5.19999980926513671875</ele>
        <time>2026-09-18T21:53:58.000Z</time>
        <extensions>
          <ns3:TrackPointExtension>
            <ns3:hr>139</ns3:hr>
            <ns3:cad>90</ns3:cad>
          </ns3:TrackPointExtension>
        </extensions>
      </trkpt>
      <trkpt lat="39.13621164858341217041015625" lon="117.172901965677738189697265625">
        <ele>5.19999980926513671875</ele>
        <time>2026-09-18T21:53:59.000Z</time>
        <extensions>
          <ns3:TrackPointExtension>
            <ns3:hr>139</ns3:hr>
            <ns3:cad>90</ns3:cad>
          </ns3:TrackPointExtension>
        </extensions>
      </trkpt>
      <trkpt lat="39.1362082958221435546875" lon="117.17286835424602031707763671875">
        <ele>5.19999980926513671875</ele>
        <time>2026-09-18T21:54:00.000Z</time>
        <extensions>
          <ns3:TrackPointExtension>
            <ns3:hr>139</ns3:hr>
            <ns3:cad>90</ns3:cad>
          </ns3:TrackPointExtension>
        </extensions>
      </trkpt>
      <trkpt lat="39.13621709682047367095947265625" lon="117.17283130623400211334228515625">
        <ele>5.19999980926513671875</ele>
        <time>2026-09-18T21:54:01.000Z</time>
        <extensions>
          <ns3:TrackPointExtension>
            <ns3:hr>139</ns3:hr>
            <ns3:cad>90</ns3:cad>
          </ns3:TrackPointExtension>
        </extensions>
      </trkpt>
      <trkpt lat="39.13621726445853710174560546875" lon="117.17280096374452114105224609375">
        <ele>5.19999980926513671875</ele>
        <time>2026-09-18T21:54:02.000Z</time>
        <extensions>
          <ns3:TrackPointExtension>
            <ns3:hr>139</ns3:hr>
            <ns3:cad>91</ns3:cad>
          </ns3:TrackPointExtension>
        </extensions>
      </trkpt>
      <trkpt lat="39.13622329942882061004638671875" lon="117.17276257462799549102783203125">
        <ele>5.19999980926513671875</ele>
        <time>2026-09-18T21:54:03.000Z</time>
        <extensions>
          <ns3:TrackPointExtension>
            <ns3:hr>139</ns3:hr>
            <ns3:cad>91</ns3:cad>
          </ns3:TrackPointExtension>
        </extensions>
      </trkpt>
      <trkpt lat="39.13622195832431316375732421875" lon="117.1727264486253261566162109375">
        <ele>5.19999980926513671875</ele>
        <time>2026-09-18T21:54:04.000Z</time>
        <extensions>
          <ns3:TrackPointExtension>
            <ns3:hr>139</ns3:hr>
            <ns3:cad>91</ns3:cad>
          </ns3:TrackPointExtension>
        </extensions>
      </trkpt>
      <trkpt lat="39.13622464053332805633544921875" lon="117.172688059508800506591796875">
        <ele>5.19999980926513671875</ele>
        <time>2026-09-18T21:54:05.000Z</time>
        <extensions>
          <ns3:TrackPointExtension>
            <ns3:hr>139</ns3:hr>
            <ns3:cad>91</ns3:cad>
          </ns3:TrackPointExtension>
        </extensions>
      </trkpt>
      <trkpt lat="39.136221371591091156005859375" lon="117.17265285551548004150390625">
        <ele>5.19999980926513671875</ele>
        <time>2026-09-18T21:54:06.000Z</time>
        <extensions>
          <ns3:TrackPointExtension>
            <ns3:hr>139</ns3:hr>
            <ns3:cad>90</ns3:cad>
          </ns3:TrackPointExtension>
        </extensions>
      </trkpt>
      <trkpt lat="39.136221371591091156005859375" lon="117.17261622659862041473388671875">
        <ele>5.19999980926513671875</ele>
        <time>2026-09-18T21:54:07.000Z</time>
        <extensions>
          <ns3:TrackPointExtension>
            <ns3:hr>139</ns3:hr>
            <ns3:cad>90</ns3:cad>
          </ns3:TrackPointExtension>
        </extensions>
      </trkpt>
      <trkpt lat="39.13621910847723484039306640625" lon="117.1725816093385219573974609375">
        <ele>5.19999980926513671875</ele>
        <time>2026-09-18T21:54:08.000Z</time>
        <extensions>
          <ns3:TrackPointExtension>
            <ns3:hr>139</ns3:hr>
            <ns3:cad>90</ns3:cad>
          </ns3:TrackPointExtension>
        </extensions>
      </trkpt>
      <trkpt lat="39.13622162304818630218505859375" lon="117.172544896602630615234375">
        <ele>5.19999980926513671875</ele>
        <time>2026-09-18T21:54:09.000Z</time>
        <extensions>
          <ns3:TrackPointExtension>
            <ns3:hr>139</ns3:hr>
            <ns3:cad>90</ns3:cad>
          </ns3:TrackPointExtension>
        </extensions>
      </trkpt>
      <trkpt lat="39.136216677725315093994140625" lon="117.17251245863735675811767578125">
        <ele>5.19999980926513671875</ele>
        <time>2026-09-18T21:54:10.000Z</time>
        <extensions>
          <ns3:TrackPointExtension>
            <ns3:hr>139</ns3:hr>
            <ns3:cad>90</ns3:cad>
          </ns3:TrackPointExtension>
        </extensions>
      </trkpt>
      <trkpt lat="39.13621759973466396331787109375" lon="117.1724823676049709320068359375">
        <ele>5</ele>
        <time>2026-09-18T21:54:11.000Z</time>
        <extensions>
          <ns3:TrackPointExtension>
            <ns3:hr>140</ns3:hr>
            <ns3:cad>90</ns3:cad>
          </ns3:TrackPointExtension>
        </extensions>
      </trkpt>
      <trkpt lat="39.13621592335402965545654296875" lon="117.17244364321231842041015625">
        <ele>5</ele>
        <time>2026-09-18T21:54:12.000Z</time>
        <extensions>
          <ns3:TrackPointExtension>
            <ns3:hr>139</ns3:hr>
            <ns3:cad>89</ns3:cad>
          </ns3:TrackPointExtension>
        </extensions>
      </trkpt>
      <trkpt lat="39.136219359934329986572265625" lon="117.1724072657525539398193359375">
        <ele>5</ele>
        <time>2026-09-18T21:54:13.000Z</time>
        <extensions>
          <ns3:TrackPointExtension>
            <ns3:hr>139</ns3:hr>
            <ns3:cad>89</ns3:cad>
          </ns3:TrackPointExtension>
        </extensions>
      </trkpt>
      <trkpt lat="39.13622346706688404083251953125" lon="117.17236879281699657440185546875">
        <ele>5</ele>
        <time>2026-09-18T21:54:14.000Z</time>
        <extensions>
          <ns3:TrackPointExtension>
            <ns3:hr>140</ns3:hr>
            <ns3:cad>89</ns3:cad>
          </ns3:TrackPointExtension>
        </extensions>
      </trkpt>
      <trkpt lat="39.136228077113628387451171875" lon="117.1723343431949615478515625">
        <ele>5</ele>
        <time>2026-09-18T21:54:15.000Z</time>
        <extensions>
          <ns3:TrackPointExtension>
            <ns3:hr>140</ns3:hr>
            <ns3:cad>89</ns3:cad>
          </ns3:TrackPointExtension>
        </extensions>
      </trkpt>
      <trkpt lat="39.1362255625426769256591796875" lon="117.17229754664003849029541015625">
        <ele>4.80000019073486328125</ele>
        <time>2026-09-18T21:54:16.000Z</time>
        <extensions>
          <ns3:TrackPointExtension>
            <ns3:hr>140</ns3:hr>
            <ns3:cad>89</ns3:cad>
          </ns3:TrackPointExtension>
        </extensions>
      </trkpt>
      <trkpt lat="39.13622916676104068756103515625" lon="117.17226167209446430206298828125">
        <ele>5</ele>
        <time>2026-09-18T21:54:17.000Z</time>
        <extensions>
          <ns3:TrackPointExtension>
            <ns3:hr>140</ns3:hr>
            <ns3:cad>89</ns3:cad>
          </ns3:TrackPointExtension>
        </extensions>
      </trkpt>
      <trkpt lat="39.13622765801846981048583984375" lon="117.17222764156758785247802734375">
        <ele>5</ele>
        <time>2026-09-18T21:54:18.000Z</time>
        <extensions>
          <ns3:TrackPointExtension>
            <ns3:hr>139</ns3:hr>
            <ns3:cad>89</ns3:cad>
          </ns3:TrackPointExtension>
        </extensions>
      </trkpt>
      <trkpt lat="39.13623268716037273406982421875" lon="117.1721923537552356719970703125">
        <ele>4.80000019073486328125</ele>
        <time>2026-09-18T21:54:19.000Z</time>
        <extensions>
          <ns3:TrackPointExtension>
            <ns3:hr>140</ns3:hr>
            <ns3:cad>89</ns3:cad>
          </ns3:TrackPointExtension>
        </extensions>
      </trkpt>
      <trkpt lat="39.13623000495135784149169921875" lon="117.1721571497619152069091796875">
        <ele>4.80000019073486328125</ele>
        <time>2026-09-18T21:54:20.000Z</time>
        <extensions>
          <ns3:TrackPointExtension>
            <ns3:hr>140</ns3:hr>
            <ns3:cad>89</ns3:cad>
          </ns3:TrackPointExtension>
        </extensions>
      </trkpt>
      <trkpt lat="39.13623184897005558013916015625" lon="117.1721197664737701416015625">
        <ele>4.80000019073486328125</ele>
        <time>2026-09-18T21:54:21.000Z</time>
        <extensions>
          <ns3:TrackPointExtension>
            <ns3:hr>140</ns3:hr>
            <ns3:cad>89</ns3:cad>
          </ns3:TrackPointExtension>
        </extensions>
      </trkpt>
      <trkpt lat="39.136232770979404449462890625" lon="117.17208690941333770751953125">
        <ele>4.80000019073486328125</ele>
        <time>2026-09-18T21:54:22.000Z</time>
        <extensions>
          <ns3:TrackPointExtension>
            <ns3:hr>140</ns3:hr>
            <ns3:cad>89</ns3:cad>
          </ns3:TrackPointExtension>
        </extensions>
      </trkpt>
      <trkpt lat="39.13623285479843616485595703125" lon="117.17205480672419071197509765625">
        <ele>4.80000019073486328125</ele>
        <time>2026-09-18T21:54:23.000Z</time>
        <extensions>
          <ns3:TrackPointExtension>
            <ns3:hr>140</ns3:hr>
            <ns3:cad>89</ns3:cad>
          </ns3:TrackPointExtension>
        </extensions>
      </trkpt>
      <trkpt lat="39.136231429874897003173828125" lon="117.1720203571021556854248046875">
        <ele>4.80000019073486328125</ele>
        <time>2026-09-18T21:54:24.000Z</time>
        <extensions>
          <ns3:TrackPointExtension>
            <ns3:hr>140</ns3:hr>
            <ns3:cad>89</ns3:cad>
          </ns3:TrackPointExtension>
        </extensions>
      </trkpt>
      <trkpt lat="39.1362315975129604339599609375" lon="117.17198540456593036651611328125">
        <ele>4.80000019073486328125</ele>
        <time>2026-09-18T21:54:25.000Z</time>
        <extensions>
          <ns3:TrackPointExtension>
            <ns3:hr>140</ns3:hr>
            <ns3:cad>90</ns3:cad>
          </ns3:TrackPointExtension>
        </extensions>
      </trkpt>
      <trkpt lat="39.1362284123897552490234375" lon="117.17194600962102413177490234375">
        <ele>4.80000019073486328125</ele>
        <time>2026-09-18T21:54:26.000Z</time>
        <extensions>
          <ns3:TrackPointExtension>
            <ns3:hr>140</ns3:hr>
            <ns3:cad>90</ns3:cad>
          </ns3:TrackPointExtension>
        </extensions>
      </trkpt>
      <trkpt lat="39.1362282447516918182373046875" lon="117.171911559998989105224609375">
        <ele>4.80000019073486328125</ele>
        <time>2026-09-18T21:54:27.000Z</time>
        <extensions>
          <ns3:TrackPointExtension>
            <ns3:hr>140</ns3:hr>
            <ns3:cad>90</ns3:cad>
          </ns3:TrackPointExtension>
        </extensions>
      </trkpt>
      <trkpt lat="39.13622581399977207183837890625" lon="117.17187392525374889373779296875">
        <ele>4.80000019073486328125</ele>
        <time>2026-09-18T21:54:28.000Z</time>
        <extensions>
          <ns3:TrackPointExtension>
            <ns3:hr>140</ns3:hr>
            <ns3:cad>90</ns3:cad>
          </ns3:TrackPointExtension>
        </extensions>
      </trkpt>
      <trkpt lat="39.1362238861620426177978515625" lon="117.1718393079936504364013671875">
        <ele>4.80000019073486328125</ele>
        <time>2026-09-18T21:54:29.000Z</time>
        <extensions>
          <ns3:TrackPointExtension>
            <ns3:hr>140</ns3:hr>
            <ns3:cad>90</ns3:cad>
          </ns3:TrackPointExtension>
        </extensions>
      </trkpt>
      <trkpt lat="39.136224053800106048583984375" lon="117.1718041040003299713134765625">
        <ele>4.80000019073486328125</ele>
        <time>2026-09-18T21:54:30.000Z</time>
        <extensions>
          <ns3:TrackPointExtension>
            <ns3:hr>140</ns3:hr>
            <ns3:cad>90</ns3:cad>
          </ns3:TrackPointExtension>
        </extensions>
      </trkpt>
      <trkpt lat="39.13622547872364521026611328125" lon="117.17177183367311954498291015625">
        <ele>4.80000019073486328125</ele>
        <time>2026-09-18T21:54:31.000Z</time>
        <extensions>
          <ns3:TrackPointExtension>
            <ns3:hr>140</ns3:hr>
            <ns3:cad>90</ns3:cad>
          </ns3:TrackPointExtension>
        </extensions>
      </trkpt>
      <trkpt lat="39.13622640073299407958984375" lon="117.171734869480133056640625">
        <ele>5</ele>
        <time>2026-09-18T21:54:32.000Z</time>
        <extensions>
          <ns3:TrackPointExtension>
            <ns3:hr>140</ns3:hr>
            <ns3:cad>90</ns3:cad>
          </ns3:TrackPointExtension>
        </extensions>
      </trkpt>
      <trkpt lat="39.1362275741994380950927734375" lon="117.17170025222003459930419921875">
        <ele>5</ele>
        <time>2026-09-18T21:54:33.000Z</time>
        <extensions>
          <ns3:TrackPointExtension>
            <ns3:hr>140</ns3:hr>
            <ns3:cad>90</ns3:cad>
          </ns3:TrackPointExtension>
        </extensions>
      </trkpt>
      <trkpt lat="39.13623176515102386474609375" lon="117.1716632880270481109619140625">
        <ele>5</ele>
        <time>2026-09-18T21:54:34.000Z</time>
        <extensions>
          <ns3:TrackPointExtension>
            <ns3:hr>140</ns3:hr>
            <ns3:cad>90</ns3:cad>
          </ns3:TrackPointExtension>
        </extensions>
      </trkpt>
      <trkpt lat="39.136232435703277587890625" lon="117.17163001187145709991455078125">
        <ele>4.80000019073486328125</ele>
        <time>2026-09-18T21:54:35.000Z</time>
        <extensions>
          <ns3:TrackPointExtension>
            <ns3:hr>140</ns3:hr>
            <ns3:cad>90</ns3:cad>
          </ns3:TrackPointExtension>
        </extensions>
      </trkpt>
      <trkpt lat="39.13624006323516368865966796875" lon="117.171594388782978057861328125">
        <ele>4.80000019073486328125</ele>
        <time>2026-09-18T21:54:36.000Z</time>
        <extensions>
          <ns3:TrackPointExtension>
            <ns3:hr>139</ns3:hr>
            <ns3:cad>90</ns3:cad>
          </ns3:TrackPointExtension>
        </extensions>
      </trkpt>
      <trkpt lat="39.1362480260431766510009765625" lon="117.1715627051889896392822265625">
        <ele>4.80000019073486328125</ele>
        <time>2026-09-18T21:54:37.000Z</time>
        <extensions>
          <ns3:TrackPointExtension>
            <ns3:hr>139</ns3:hr>
            <ns3:cad>90</ns3:cad>
          </ns3:TrackPointExtension>
        </extensions>
      </trkpt>
      <trkpt lat="39.13625163026154041290283203125" lon="117.1715311892330646514892578125">
        <ele>4.80000019073486328125</ele>
        <time>2026-09-18T21:54:38.000Z</time>
        <extensions>
          <ns3:TrackPointExtension>
            <ns3:hr>139</ns3:hr>
            <ns3:cad>90</ns3:cad>
          </ns3:TrackPointExtension>
        </extensions>
      </trkpt>
      <trkpt lat="39.1362557373940944671630859375" lon="117.1714974939823150634765625">
        <ele>4.80000019073486328125</ele>
        <time>2026-09-18T21:54:39.000Z</time>
        <extensions>
          <ns3:TrackPointExtension>
            <ns3:hr>140</ns3:hr>
            <ns3:cad>90</ns3:cad>
          </ns3:TrackPointExtension>
        </extensions>
      </trkpt>
      <trkpt lat="39.13625732995569705963134765625" lon="117.17145835049450397491455078125">
        <ele>4.80000019073486328125</ele>
        <time>2026-09-18T21:54:40.000Z</time>
        <extensions>
          <ns3:TrackPointExtension>
            <ns3:hr>139</ns3:hr>
            <ns3:cad>90</ns3:cad>
          </ns3:TrackPointExtension>
        </extensions>
      </trkpt>
      <trkpt lat="39.13625833578407764434814453125" lon="117.17142314650118350982666015625">
        <ele>4.80000019073486328125</ele>
        <time>2026-09-18T21:54:41.000Z</time>
        <extensions>
          <ns3:TrackPointExtension>
            <ns3:hr>139</ns3:hr>
            <ns3:cad>89</ns3:cad>
          </ns3:TrackPointExtension>
        </extensions>
      </trkpt>
      <trkpt lat="39.13625984452664852142333984375" lon="117.1713870204985141754150390625">
        <ele>4.80000019073486328125</ele>
        <time>2026-09-18T21:54:42.000Z</time>
        <extensions>
          <ns3:TrackPointExtension>
            <ns3:hr>139</ns3:hr>
            <ns3:cad>89</ns3:cad>
          </ns3:TrackPointExtension>
        </extensions>
      </trkpt>
      <trkpt lat="39.13625967688858509063720703125" lon="117.171352319419384002685546875">
        <ele>4.80000019073486328125</ele>
        <time>2026-09-18T21:54:43.000Z</time>
        <extensions>
          <ns3:TrackPointExtension>
            <ns3:hr>139</ns3:hr>
            <ns3:cad>89</ns3:cad>
          </ns3:TrackPointExtension>
        </extensions>
      </trkpt>
      <trkpt lat="39.13625992834568023681640625" lon="117.17131418175995349884033203125">
        <ele>4.80000019073486328125</ele>
        <time>2026-09-18T21:54:44.000Z</time>
        <extensions>
          <ns3:TrackPointExtension>
            <ns3:hr>138</ns3:hr>
            <ns3:cad>89</ns3:cad>
          </ns3:TrackPointExtension>
        </extensions>
      </trkpt>
      <trkpt lat="39.13626194000244140625" lon="117.17127864249050617218017578125">
        <ele>4.80000019073486328125</ele>
        <time>2026-09-18T21:54:45.000Z</time>
        <extensions>
          <ns3:TrackPointExtension>
            <ns3:hr>138</ns3:hr>
            <ns3:cad>89</ns3:cad>
          </ns3:TrackPointExtension>
        </extensions>
      </trkpt>
      <trkpt lat="39.136264286935329437255859375" lon="117.17124410904943943023681640625">
        <ele>4.80000019073486328125</ele>
        <time>2026-09-18T21:54:46.000Z</time>
        <extensions>
          <ns3:TrackPointExtension>
            <ns3:hr>137</ns3:hr>
            <ns3:cad>89</ns3:cad>
          </ns3:TrackPointExtension>
        </extensions>
      </trkpt>
      <trkpt lat="39.13626152090728282928466796875" lon="117.17121896333992481231689453125">
        <ele>4.80000019073486328125</ele>
        <time>2026-09-18T21:54:47.000Z</time>
        <extensions>
          <ns3:TrackPointExtension>
            <ns3:hr>136</ns3:hr>
            <ns3:cad>89</ns3:cad>
          </ns3:TrackPointExtension>
        </extensions>
      </trkpt>
      <trkpt lat="39.13626839406788349151611328125" lon="117.171182669699192047119140625">
        <ele>4.599999904632568359375</ele>
        <time>2026-09-18T21:54:48.000Z</time>
        <extensions>
          <ns3:TrackPointExtension>
            <ns3:hr>136</ns3:hr>
            <ns3:cad>89</ns3:cad>
          </ns3:TrackPointExtension>
        </extensions>
      </trkpt>
      <trkpt lat="39.136267639696598052978515625" lon="117.171149812638759613037109375">
        <ele>4.599999904632568359375</ele>
        <time>2026-09-18T21:54:49.000Z</time>
        <extensions>
          <ns3:TrackPointExtension>
            <ns3:hr>136</ns3:hr>
            <ns3:cad>90</ns3:cad>
          </ns3:TrackPointExtension>
        </extensions>
      </trkpt>
      <trkpt lat="39.13626797497272491455078125" lon="117.1711177937686443328857421875">
        <ele>4.599999904632568359375</ele>
        <time>2026-09-18T21:54:50.000Z</time>
        <extensions>
          <ns3:TrackPointExtension>
            <ns3:hr>135</ns3:hr>
            <ns3:cad>90</ns3:cad>
          </ns3:TrackPointExtension>
        </extensions>
      </trkpt>
      <trkpt lat="39.13627199828624725341796875" lon="117.17108384706079959869384765625">
        <ele>4.599999904632568359375</ele>
        <time>2026-09-18T21:54:51.000Z</time>
        <extensions>
          <ns3:TrackPointExtension>
            <ns3:hr>135</ns3:hr>
            <ns3:cad>90</ns3:cad>
          </ns3:TrackPointExtension>
        </extensions>
      </trkpt>
      <trkpt lat="39.13627333939075469970703125" lon="117.171050570905208587646484375">
        <ele>4.80000019073486328125</ele>
        <time>2026-09-18T21:54:52.000Z</time>
        <extensions>
          <ns3:TrackPointExtension>
            <ns3:hr>135</ns3:hr>
            <ns3:cad>90</ns3:cad>
          </ns3:TrackPointExtension>
        </extensions>
      </trkpt>
      <trkpt lat="39.1362766921520233154296875" lon="117.17101427726447582244873046875">
        <ele>4.80000019073486328125</ele>
        <time>2026-09-18T21:54:53.000Z</time>
        <extensions>
          <ns3:TrackPointExtension>
            <ns3:hr>135</ns3:hr>
            <ns3:cad>90</ns3:cad>
          </ns3:TrackPointExtension>
        </extensions>
      </trkpt>
      <trkpt lat="39.1362738423049449920654296875" lon="117.17097504995763301849365234375">
        <ele>4.80000019073486328125</ele>
        <time>2026-09-18T21:54:54.000Z</time>
        <extensions>
          <ns3:TrackPointExtension>
            <ns3:hr>135</ns3:hr>
            <ns3:cad>91</ns3:cad>
          </ns3:TrackPointExtension>
        </extensions>
      </trkpt>
      <trkpt lat="39.1362793743610382080078125" lon="117.170939929783344268798828125">
        <ele>4.80000019073486328125</ele>
        <time>2026-09-18T21:54:55.000Z</time>
        <extensions>
          <ns3:TrackPointExtension>
            <ns3:hr>134</ns3:hr>
            <ns3:cad>91</ns3:cad>
          </ns3:TrackPointExtension>
        </extensions>
      </trkpt>
      <trkpt lat="39.13628381676971912384033203125" lon="117.17090531252324581146240234375">
        <ele>4.599999904632568359375</ele>
        <time>2026-09-18T21:54:56.000Z</time>
        <extensions>
          <ns3:TrackPointExtension>
            <ns3:hr>135</ns3:hr>
            <ns3:cad>90</ns3:cad>
          </ns3:TrackPointExtension>
        </extensions>
      </trkpt>
      <trkpt lat="39.13628649897873401641845703125" lon="117.1708727069199085235595703125">
        <ele>4.599999904632568359375</ele>
        <time>2026-09-18T21:54:57.000Z</time>
        <extensions>
          <ns3:TrackPointExtension>
            <ns3:hr>135</ns3:hr>
            <ns3:cad>90</ns3:cad>
          </ns3:TrackPointExtension>
        </extensions>
      </trkpt>
      <trkpt lat="39.13628633134067058563232421875" lon="117.17083607800304889678955078125">
        <ele>4.599999904632568359375</ele>
        <time>2026-09-18T21:54:58.000Z</time>
        <extensions>
          <ns3:TrackPointExtension>
            <ns3:hr>134</ns3:hr>
            <ns3:cad>90</ns3:cad>
          </ns3:TrackPointExtension>
        </extensions>
      </trkpt>
      <trkpt lat="39.13628633134067058563232421875" lon="117.17080221511423587799072265625">
        <ele>4.599999904632568359375</ele>
        <time>2026-09-18T21:54:59.000Z</time>
        <extensions>
          <ns3:TrackPointExtension>
            <ns3:hr>135</ns3:hr>
            <ns3:cad>90</ns3:cad>
          </ns3:TrackPointExtension>
        </extensions>
      </trkpt>
      <trkpt lat="39.13628448732197284698486328125" lon="117.170768268406391143798828125">
        <ele>4.599999904632568359375</ele>
        <time>2026-09-18T21:55:00.000Z</time>
        <extensions>
          <ns3:TrackPointExtension>
            <ns3:hr>135</ns3:hr>
            <ns3:cad>90</ns3:cad>
          </ns3:TrackPointExtension>
        </extensions>
      </trkpt>
      <trkpt lat="39.13628515787422657012939453125" lon="117.1707342378795146942138671875">
        <ele>4.599999904632568359375</ele>
        <time>2026-09-18T21:55:01.000Z</time>
        <extensions>
          <ns3:TrackPointExtension>
            <ns3:hr>134</ns3:hr>
            <ns3:cad>90</ns3:cad>
          </ns3:TrackPointExtension>
        </extensions>
      </trkpt>
      <trkpt lat="39.136281050741672515869140625" lon="117.17069911770522594451904296875">
        <ele>4.599999904632568359375</ele>
        <time>2026-09-18T21:55:02.000Z</time>
        <extensions>
          <ns3:TrackPointExtension>
            <ns3:hr>135</ns3:hr>
            <ns3:cad>90</ns3:cad>
          </ns3:TrackPointExtension>
        </extensions>
      </trkpt>
      <trkpt lat="39.13627610541880130767822265625" lon="117.17066911049187183380126953125">
        <ele>4.599999904632568359375</ele>
        <time>2026-09-18T21:55:03.000Z</time>
        <extensions>
          <ns3:TrackPointExtension>
            <ns3:hr>135</ns3:hr>
            <ns3:cad>90</ns3:cad>
          </ns3:TrackPointExtension>
        </extensions>
      </trkpt>
      <trkpt lat="39.13627895526587963104248046875" lon="117.170627452433109283447265625">
        <ele>4.599999904632568359375</ele>
        <time>2026-09-18T21:55:04.000Z</time>
        <extensions>
          <ns3:TrackPointExtension>
            <ns3:hr>134</ns3:hr>
            <ns3:cad>90</ns3:cad>
          </ns3:TrackPointExtension>
        </extensions>
      </trkpt>
      <trkpt lat="39.13627560250461101531982421875" lon="117.17059669084846973419189453125">
        <ele>4.599999904632568359375</ele>
        <time>2026-09-18T21:55:05.000Z</time>
        <extensions>
          <ns3:TrackPointExtension>
            <ns3:hr>134</ns3:hr>
            <ns3:cad>89</ns3:cad>
          </ns3:TrackPointExtension>
        </extensions>
      </trkpt>
      <trkpt lat="39.13628130219876766204833984375" lon="117.17055645771324634552001953125">
        <ele>4.599999904632568359375</ele>
        <time>2026-09-18T21:55:06.000Z</time>
        <extensions>
          <ns3:TrackPointExtension>
            <ns3:hr>134</ns3:hr>
            <ns3:cad>89</ns3:cad>
          </ns3:TrackPointExtension>
        </extensions>
      </trkpt>
      <trkpt lat="39.13628264330327510833740234375" lon="117.17052561230957508087158203125">
        <ele>4.599999904632568359375</ele>
        <time>2026-09-18T21:55:07.000Z</time>
        <extensions>
          <ns3:TrackPointExtension>
            <ns3:hr>135</ns3:hr>
            <ns3:cad>89</ns3:cad>
          </ns3:TrackPointExtension>
        </extensions>
      </trkpt>
      <trkpt lat="39.1362879239022731781005859375" lon="117.1704857982695102691650390625">
        <ele>4.599999904632568359375</ele>
        <time>2026-09-18T21:55:08.000Z</time>
        <extensions>
          <ns3:TrackPointExtension>
            <ns3:hr>134</ns3:hr>
            <ns3:cad>89</ns3:cad>
          </ns3:TrackPointExtension>
        </extensions>
      </trkpt>
      <trkpt lat="39.136289097368717193603515625" lon="117.17045587487518787384033203125">
        <ele>4.599999904632568359375</ele>
        <time>2026-09-18T21:55:09.000Z</time>
        <extensions>
          <ns3:TrackPointExtension>
            <ns3:hr>134</ns3:hr>
            <ns3:cad>89</ns3:cad>
          </ns3:TrackPointExtension>
        </extensions>
      </trkpt>
      <trkpt lat="39.1362922824919223785400390625" lon="117.17041547410190105438232421875">
        <ele>4.599999904632568359375</ele>
        <time>2026-09-18T21:55:10.000Z</time>
        <extensions>
          <ns3:TrackPointExtension>
            <ns3:hr>135</ns3:hr>
            <ns3:cad>89</ns3:cad>
          </ns3:TrackPointExtension>
        </extensions>
      </trkpt>
      <trkpt lat="39.136295132339000701904296875" lon="117.170386724174022674560546875">
        <ele>4.599999904632568359375</ele>
        <time>2026-09-18T21:55:11.000Z</time>
        <extensions>
          <ns3:TrackPointExtension>
            <ns3:hr>134</ns3:hr>
            <ns3:cad>89</ns3:cad>
          </ns3:TrackPointExtension>
        </extensions>
      </trkpt>
      <trkpt lat="39.13629873655736446380615234375" lon="117.17034389264881610870361328125">
        <ele>4.599999904632568359375</ele>
        <time>2026-09-18T21:55:12.000Z</time>
        <extensions>
          <ns3:TrackPointExtension>
            <ns3:hr>134</ns3:hr>
            <ns3:cad>89</ns3:cad>
          </ns3:TrackPointExtension>
        </extensions>
      </trkpt>
      <trkpt lat="39.13629471324384212493896484375" lon="117.1703141368925571441650390625">
        <ele>4.599999904632568359375</ele>
        <time>2026-09-18T21:55:13.000Z</time>
        <extensions>
          <ns3:TrackPointExtension>
            <ns3:hr>134</ns3:hr>
            <ns3:cad>89</ns3:cad>
          </ns3:TrackPointExtension>
        </extensions>
      </trkpt>
      <trkpt lat="39.13628532551229000091552734375" lon="117.17028304003179073333740234375">
        <ele>4.599999904632568359375</ele>
        <time>2026-09-18T21:55:14.000Z</time>
        <extensions>
          <ns3:TrackPointExtension>
            <ns3:hr>134</ns3:hr>
            <ns3:cad>89</ns3:cad>
          </ns3:TrackPointExtension>
        </extensions>
      </trkpt>
      <trkpt lat="39.1362822242081165313720703125" lon="117.1702544577419757843017578125">
        <ele>4.400000095367431640625</ele>
        <time>2026-09-18T21:55:15.000Z</time>
        <extensions>
          <ns3:TrackPointExtension>
            <ns3:hr>135</ns3:hr>
            <ns3:cad>89</ns3:cad>
          </ns3:TrackPointExtension>
        </extensions>
      </trkpt>
      <trkpt lat="39.13628281094133853912353515625" lon="117.1702138893306255340576171875">
        <ele>4.400000095367431640625</ele>
        <time>2026-09-18T21:55:16.000Z</time>
        <extensions>
          <ns3:TrackPointExtension>
            <ns3:hr>134</ns3:hr>
            <ns3:cad>89</ns3:cad>
          </ns3:TrackPointExtension>
        </extensions>
      </trkpt>
      <trkpt lat="39.13628515787422657012939453125" lon="117.17018363066017627716064453125">
        <ele>4.400000095367431640625</ele>
        <time>2026-09-18T21:55:17.000Z</time>
        <extensions>
          <ns3:TrackPointExtension>
            <ns3:hr>135</ns3:hr>
            <ns3:cad>89</ns3:cad>
          </ns3:TrackPointExtension>
        </extensions>
      </trkpt>
      <trkpt lat="39.1362901031970977783203125" lon="117.17014557681977748870849609375">
        <ele>4.400000095367431640625</ele>
        <time>2026-09-18T21:55:18.000Z</time>
        <extensions>
          <ns3:TrackPointExtension>
            <ns3:hr>135</ns3:hr>
            <ns3:cad>89</ns3:cad>
          </ns3:TrackPointExtension>
        </extensions>
      </trkpt>
      <trkpt lat="39.13629672490060329437255859375" lon="117.170112133026123046875">
        <ele>4.400000095367431640625</ele>
        <time>2026-09-18T21:55:19.000Z</time>
        <extensions>
          <ns3:TrackPointExtension>
            <ns3:hr>135</ns3:hr>
            <ns3:cad>89</ns3:cad>
          </ns3:TrackPointExtension>
        </extensions>
      </trkpt>
      <trkpt lat="39.13630460388958454132080078125" lon="117.1700740791857242584228515625">
        <ele>4.400000095367431640625</ele>
        <time>2026-09-18T21:55:20.000Z</time>
        <extensions>
          <ns3:TrackPointExtension>
            <ns3:hr>136</ns3:hr>
            <ns3:cad>89</ns3:cad>
          </ns3:TrackPointExtension>
        </extensions>
      </trkpt>
      <trkpt lat="39.13631147705018520355224609375" lon="117.170041389763355255126953125">
        <ele>4.599999904632568359375</ele>
        <time>2026-09-18T21:55:21.000Z</time>
        <extensions>
          <ns3:TrackPointExtension>
            <ns3:hr>136</ns3:hr>
            <ns3:cad>89</ns3:cad>
          </ns3:TrackPointExtension>
        </extensions>
      </trkpt>
      <trkpt lat="39.136319272220134735107421875" lon="117.170001156628131866455078125">
        <ele>4.400000095367431640625</ele>
        <time>2026-09-18T21:55:22.000Z</time>
        <extensions>
          <ns3:TrackPointExtension>
            <ns3:hr>137</ns3:hr>
            <ns3:cad>90</ns3:cad>
          </ns3:TrackPointExtension>
        </extensions>
      </trkpt>
      <trkpt lat="39.13632455281913280487060546875" lon="117.16997022740542888641357421875">
        <ele>4.599999904632568359375</ele>
        <time>2026-09-18T21:55:23.000Z</time>
        <extensions>
          <ns3:TrackPointExtension>
            <ns3:hr>137</ns3:hr>
            <ns3:cad>90</ns3:cad>
          </ns3:TrackPointExtension>
        </extensions>
      </trkpt>
      <trkpt lat="39.1363241337239742279052734375" lon="117.1699312515556812286376953125">
        <ele>4.599999904632568359375</ele>
        <time>2026-09-18T21:55:24.000Z</time>
        <extensions>
          <ns3:TrackPointExtension>
            <ns3:hr>137</ns3:hr>
            <ns3:cad>89</ns3:cad>
          </ns3:TrackPointExtension>
        </extensions>
      </trkpt>
      <trkpt lat="39.13632404990494251251220703125" lon="117.1698970533907413482666015625">
        <ele>4.599999904632568359375</ele>
        <time>2026-09-18T21:55:25.000Z</time>
        <extensions>
          <ns3:TrackPointExtension>
            <ns3:hr>137</ns3:hr>
            <ns3:cad>89</ns3:cad>
          </ns3:TrackPointExtension>
        </extensions>
      </trkpt>
      <trkpt lat="39.13632103241980075836181640625" lon="117.16985556297004222869873046875">
        <ele>4.599999904632568359375</ele>
        <time>2026-09-18T21:55:26.000Z</time>
        <extensions>
          <ns3:TrackPointExtension>
            <ns3:hr>137</ns3:hr>
            <ns3:cad>88</ns3:cad>
          </ns3:TrackPointExtension>
        </extensions>
      </trkpt>
      <trkpt lat="39.13631893694400787353515625" lon="117.16981851495802402496337890625">
        <ele>4.599999904632568359375</ele>
        <time>2026-09-18T21:55:27.000Z</time>
        <extensions>
          <ns3:TrackPointExtension>
            <ns3:hr>137</ns3:hr>
            <ns3:cad>88</ns3:cad>
          </ns3:TrackPointExtension>
        </extensions>
      </trkpt>
      <trkpt lat="39.13632002659142017364501953125" lon="117.16978062875568866729736328125">
        <ele>4.599999904632568359375</ele>
        <time>2026-09-18T21:55:28.000Z</time>
        <extensions>
          <ns3:TrackPointExtension>
            <ns3:hr>138</ns3:hr>
            <ns3:cad>89</ns3:cad>
          </ns3:TrackPointExtension>
        </extensions>
      </trkpt>
      <trkpt lat="39.136317260563373565673828125" lon="117.1697458438575267791748046875">
        <ele>4.599999904632568359375</ele>
        <time>2026-09-18T21:55:29.000Z</time>
        <extensions>
          <ns3:TrackPointExtension>
            <ns3:hr>137</ns3:hr>
            <ns3:cad>89</ns3:cad>
          </ns3:TrackPointExtension>
        </extensions>
      </trkpt>
      <trkpt lat="39.136314578354358673095703125" lon="117.1697123162448406219482421875">
        <ele>4.599999904632568359375</ele>
        <time>2026-09-18T21:55:30.000Z</time>
        <extensions>
          <ns3:TrackPointExtension>
            <ns3:hr>138</ns3:hr>
            <ns3:cad>89</ns3:cad>
          </ns3:TrackPointExtension>
        </extensions>
      </trkpt>
      <trkpt lat="39.136312901973724365234375" lon="117.16967753134667873382568359375">
        <ele>4.599999904632568359375</ele>
        <time>2026-09-18T21:55:31.000Z</time>
        <extensions>
          <ns3:TrackPointExtension>
            <ns3:hr>138</ns3:hr>
            <ns3:cad>89</ns3:cad>
          </ns3:TrackPointExtension>
        </extensions>
      </trkpt>
      <trkpt lat="39.1363115608692169189453125" lon="117.169643752276897430419921875">
        <ele>4.599999904632568359375</ele>
        <time>2026-09-18T21:55:32.000Z</time>
        <extensions>
          <ns3:TrackPointExtension>
            <ns3:hr>138</ns3:hr>
            <ns3:cad>89</ns3:cad>
          </ns3:TrackPointExtension>
        </extensions>
      </trkpt>
      <trkpt lat="39.13631357252597808837890625" lon="117.1696119010448455810546875">
        <ele>4.599999904632568359375</ele>
        <time>2026-09-18T21:55:33.000Z</time>
        <extensions>
          <ns3:TrackPointExtension>
            <ns3:hr>137</ns3:hr>
            <ns3:cad>89</ns3:cad>
          </ns3:TrackPointExtension>
        </extensions>
      </trkpt>
      <trkpt lat="39.1363123990595340728759765625" lon="117.16957845725119113922119140625">
        <ele>4.599999904632568359375</ele>
        <time>2026-09-18T21:55:34.000Z</time>
        <extensions>
          <ns3:TrackPointExtension>
            <ns3:hr>138</ns3:hr>
            <ns3:cad>89</ns3:cad>
          </ns3:TrackPointExtension>
        </extensions>
      </trkpt>
      <trkpt lat="39.13631734438240528106689453125" lon="117.1695443429052829742431640625">
        <ele>4.599999904632568359375</ele>
        <time>2026-09-18T21:55:35.000Z</time>
        <extensions>
          <ns3:TrackPointExtension>
            <ns3:hr>138</ns3:hr>
            <ns3:cad>88</ns3:cad>
          </ns3:TrackPointExtension>
        </extensions>
      </trkpt>
      <trkpt lat="39.13631315343081951141357421875" lon="117.16951198875904083251953125">
        <ele>4.599999904632568359375</ele>
        <time>2026-09-18T21:55:36.000Z</time>
        <extensions>
          <ns3:TrackPointExtension>
            <ns3:hr>137</ns3:hr>
            <ns3:cad>88</ns3:cad>
          </ns3:TrackPointExtension>
        </extensions>
      </trkpt>
      <trkpt lat="39.13631600327789783477783203125" lon="117.169475443661212921142578125">
        <ele>4.599999904632568359375</ele>
        <time>2026-09-18T21:55:37.000Z</time>
        <extensions>
          <ns3:TrackPointExtension>
            <ns3:hr>138</ns3:hr>
            <ns3:cad>88</ns3:cad>
          </ns3:TrackPointExtension>
        </extensions>
      </trkpt>
      <trkpt lat="39.1363137401640415191650390625" lon="117.169439904391765594482421875">
        <ele>4.599999904632568359375</ele>
        <time>2026-09-18T21:55:38.000Z</time>
        <extensions>
          <ns3:TrackPointExtension>
            <ns3:hr>138</ns3:hr>
            <ns3:cad>88</ns3:cad>
          </ns3:TrackPointExtension>
        </extensions>
      </trkpt>
      <trkpt lat="39.1363154165446758270263671875" lon="117.16940327547490596771240234375">
        <ele>4.599999904632568359375</ele>
        <time>2026-09-18T21:55:39.000Z</time>
        <extensions>
          <ns3:TrackPointExtension>
            <ns3:hr>137</ns3:hr>
            <ns3:cad>88</ns3:cad>
          </ns3:TrackPointExtension>
        </extensions>
      </trkpt>
      <trkpt lat="39.13631583563983440399169921875" lon="117.169370837509632110595703125">
        <ele>4.599999904632568359375</ele>
        <time>2026-09-18T21:55:40.000Z</time>
        <extensions>
          <ns3:TrackPointExtension>
            <ns3:hr>138</ns3:hr>
            <ns3:cad>88</ns3:cad>
          </ns3:TrackPointExtension>
        </extensions>
      </trkpt>
      <trkpt lat="39.13631784729659557342529296875" lon="117.16933353804051876068115234375">
        <ele>4.599999904632568359375</ele>
        <time>2026-09-18T21:55:41.000Z</time>
        <extensions>
          <ns3:TrackPointExtension>
            <ns3:hr>138</ns3:hr>
            <ns3:cad>89</ns3:cad>
          </ns3:TrackPointExtension>
        </extensions>
      </trkpt>
      <trkpt lat="39.1363169252872467041015625" lon="117.169301100075244903564453125">
        <ele>4.599999904632568359375</ele>
        <time>2026-09-18T21:55:42.000Z</time>
        <extensions>
          <ns3:TrackPointExtension>
            <ns3:hr>138</ns3:hr>
            <ns3:cad>89</ns3:cad>
          </ns3:TrackPointExtension>
        </extensions>
      </trkpt>
      <trkpt lat="39.13632161915302276611328125" lon="117.16926212422549724578857421875">
        <ele>4.599999904632568359375</ele>
        <time>2026-09-18T21:55:43.000Z</time>
        <extensions>
          <ns3:TrackPointExtension>
            <ns3:hr>138</ns3:hr>
            <ns3:cad>89</ns3:cad>
          </ns3:TrackPointExtension>
        </extensions>
      </trkpt>
      <trkpt lat="39.13632094860076904296875" lon="117.16922675259411334991455078125">
        <ele>4.599999904632568359375</ele>
        <time>2026-09-18T21:55:44.000Z</time>
        <extensions>
          <ns3:TrackPointExtension>
            <ns3:hr>138</ns3:hr>
            <ns3:cad>89</ns3:cad>
          </ns3:TrackPointExtension>
        </extensions>
      </trkpt>
      <trkpt lat="39.136324636638164520263671875" lon="117.16919054277241230010986328125">
        <ele>4.599999904632568359375</ele>
        <time>2026-09-18T21:55:45.000Z</time>
        <extensions>
          <ns3:TrackPointExtension>
            <ns3:hr>138</ns3:hr>
            <ns3:cad>89</ns3:cad>
          </ns3:TrackPointExtension>
        </extensions>
      </trkpt>
      <trkpt lat="39.1363201104104518890380859375" lon="117.1691554225981235504150390625">
        <ele>4.599999904632568359375</ele>
        <time>2026-09-18T21:55:46.000Z</time>
        <extensions>
          <ns3:TrackPointExtension>
            <ns3:hr>138</ns3:hr>
            <ns3:cad>89</ns3:cad>
          </ns3:TrackPointExtension>
        </extensions>
      </trkpt>
      <trkpt lat="39.1363254748284816741943359375" lon="117.16912030242383480072021484375">
        <ele>4.599999904632568359375</ele>
        <time>2026-09-18T21:55:47.000Z</time>
        <extensions>
          <ns3:TrackPointExtension>
            <ns3:hr>138</ns3:hr>
            <ns3:cad>88</ns3:cad>
          </ns3:TrackPointExtension>
        </extensions>
      </trkpt>
      <trkpt lat="39.13632296025753021240234375" lon="117.16908861882984638214111328125">
        <ele>4.599999904632568359375</ele>
        <time>2026-09-18T21:55:48.000Z</time>
        <extensions>
          <ns3:TrackPointExtension>
            <ns3:hr>138</ns3:hr>
            <ns3:cad>88</ns3:cad>
          </ns3:TrackPointExtension>
        </extensions>
      </trkpt>
      <trkpt lat="39.1363291628658771514892578125" lon="117.1690514869987964630126953125">
        <ele>4.599999904632568359375</ele>
        <time>2026-09-18T21:55:49.000Z</time>
        <extensions>
          <ns3:TrackPointExtension>
            <ns3:hr>137</ns3:hr>
            <ns3:cad>89</ns3:cad>
          </ns3:TrackPointExtension>
        </extensions>
      </trkpt>
      <trkpt lat="39.136327989399433135986328125" lon="117.1690182946622371673583984375">
        <ele>4.599999904632568359375</ele>
        <time>2026-09-18T21:55:50.000Z</time>
        <extensions>
          <ns3:TrackPointExtension>
            <ns3:hr>137</ns3:hr>
            <ns3:cad>89</ns3:cad>
          </ns3:TrackPointExtension>
        </extensions>
      </trkpt>
      <trkpt lat="39.136335365474224090576171875" lon="117.16898099519312381744384765625">
        <ele>4.599999904632568359375</ele>
        <time>2026-09-18T21:55:51.000Z</time>
        <extensions>
          <ns3:TrackPointExtension>
            <ns3:hr>138</ns3:hr>
            <ns3:cad>89</ns3:cad>
          </ns3:TrackPointExtension>
        </extensions>
      </trkpt>
      <trkpt lat="39.136335365474224090576171875" lon="117.168947719037532806396484375">
        <ele>4.599999904632568359375</ele>
        <time>2026-09-18T21:55:52.000Z</time>
        <extensions>
          <ns3:TrackPointExtension>
            <ns3:hr>138</ns3:hr>
            <ns3:cad>89</ns3:cad>
          </ns3:TrackPointExtension>
        </extensions>
      </trkpt>
      <trkpt lat="39.1363402269780635833740234375" lon="117.1689086593687534332275390625">
        <ele>4.599999904632568359375</ele>
        <time>2026-09-18T21:55:53.000Z</time>
        <extensions>
          <ns3:TrackPointExtension>
            <ns3:hr>138</ns3:hr>
            <ns3:cad>89</ns3:cad>
          </ns3:TrackPointExtension>
        </extensions>
      </trkpt>
      <trkpt lat="39.1363358683884143829345703125" lon="117.168872617185115814208984375">
        <ele>4.599999904632568359375</ele>
        <time>2026-09-18T21:55:54.000Z</time>
        <extensions>
          <ns3:TrackPointExtension>
            <ns3:hr>138</ns3:hr>
            <ns3:cad>90</ns3:cad>
          </ns3:TrackPointExtension>
        </extensions>
      </trkpt>
      <trkpt lat="39.13634249009191989898681640625" lon="117.1688355691730976104736328125">
        <ele>4.599999904632568359375</ele>
        <time>2026-09-18T21:55:55.000Z</time>
        <extensions>
          <ns3:TrackPointExtension>
            <ns3:hr>138</ns3:hr>
            <ns3:cad>90</ns3:cad>
          </ns3:TrackPointExtension>
        </extensions>
      </trkpt>
      <trkpt lat="39.13634567521512508392333984375" lon="117.1688010357320308685302734375">
        <ele>4.599999904632568359375</ele>
        <time>2026-09-18T21:55:56.000Z</time>
        <extensions>
          <ns3:TrackPointExtension>
            <ns3:hr>138</ns3:hr>
            <ns3:cad>89</ns3:cad>
          </ns3:TrackPointExtension>
        </extensions>
      </trkpt>
      <trkpt lat="39.13634936325252056121826171875" lon="117.16876658610999584197998046875">
        <ele>4.599999904632568359375</ele>
        <time>2026-09-18T21:55:57.000Z</time>
        <extensions>
          <ns3:TrackPointExtension>
            <ns3:hr>139</ns3:hr>
            <ns3:cad>89</ns3:cad>
          </ns3:TrackPointExtension>
        </extensions>
      </trkpt>
      <trkpt lat="39.13635154254734516143798828125" lon="117.16873540543019771575927734375">
        <ele>4.599999904632568359375</ele>
        <time>2026-09-18T21:55:58.000Z</time>
        <extensions>
          <ns3:TrackPointExtension>
            <ns3:hr>139</ns3:hr>
            <ns3:cad>89</ns3:cad>
          </ns3:TrackPointExtension>
        </extensions>
      </trkpt>
      <trkpt lat="39.13635405711829662322998046875" lon="117.1687014587223529815673828125">
        <ele>4.599999904632568359375</ele>
        <time>2026-09-18T21:55:59.000Z</time>
        <extensions>
          <ns3:TrackPointExtension>
            <ns3:hr>139</ns3:hr>
            <ns3:cad>89</ns3:cad>
          </ns3:TrackPointExtension>
        </extensions>
      </trkpt>
      <trkpt lat="39.13634936325252056121826171875" lon="117.1686696074903011322021484375">
        <ele>4.599999904632568359375</ele>
        <time>2026-09-18T21:56:00.000Z</time>
        <extensions>
          <ns3:TrackPointExtension>
            <ns3:hr>138</ns3:hr>
            <ns3:cad>89</ns3:cad>
          </ns3:TrackPointExtension>
        </extensions>
      </trkpt>
      <trkpt lat="39.13635070435702800750732421875" lon="117.16863767243921756744384765625">
        <ele>4.400000095367431640625</ele>
        <time>2026-09-18T21:56:01.000Z</time>
        <extensions>
          <ns3:TrackPointExtension>
            <ns3:hr>139</ns3:hr>
            <ns3:cad>89</ns3:cad>
          </ns3:TrackPointExtension>
        </extensions>
      </trkpt>
      <trkpt lat="39.136342070996761322021484375" lon="117.1686022169888019561767578125">
        <ele>4.400000095367431640625</ele>
        <time>2026-09-18T21:56:02.000Z</time>
        <extensions>
          <ns3:TrackPointExtension>
            <ns3:hr>139</ns3:hr>
            <ns3:cad>89</ns3:cad>
          </ns3:TrackPointExtension>
        </extensions>
      </trkpt>
      <trkpt lat="39.13634232245385646820068359375" lon="117.1685656718909740447998046875">
        <ele>4.400000095367431640625</ele>
        <time>2026-09-18T21:56:03.000Z</time>
        <extensions>
          <ns3:TrackPointExtension>
            <ns3:hr>138</ns3:hr>
            <ns3:cad>89</ns3:cad>
          </ns3:TrackPointExtension>
        </extensions>
      </trkpt>
      <trkpt lat="39.136338718235492706298828125" lon="117.16852895915508270263671875">
        <ele>4.400000095367431640625</ele>
        <time>2026-09-18T21:56:04.000Z</time>
        <extensions>
          <ns3:TrackPointExtension>
            <ns3:hr>138</ns3:hr>
            <ns3:cad>91</ns3:cad>
          </ns3:TrackPointExtension>
        </extensions>
      </trkpt>
      <trkpt lat="39.1363402269780635833740234375" lon="117.168492414057254791259765625">
        <ele>4.400000095367431640625</ele>
        <time>2026-09-18T21:56:05.000Z</time>
        <extensions>
          <ns3:TrackPointExtension>
            <ns3:hr>138</ns3:hr>
            <ns3:cad>91</ns3:cad>
          </ns3:TrackPointExtension>
        </extensions>
      </trkpt>
      <trkpt lat="39.13633771240711212158203125" lon="117.1684577129781246185302734375">
        <ele>4.400000095367431640625</ele>
        <time>2026-09-18T21:56:06.000Z</time>
        <extensions>
          <ns3:TrackPointExtension>
            <ns3:hr>139</ns3:hr>
            <ns3:cad>90</ns3:cad>
          </ns3:TrackPointExtension>
        </extensions>
      </trkpt>
      <trkpt lat="39.1363385505974292755126953125" lon="117.16842074878513813018798828125">
        <ele>4.400000095367431640625</ele>
        <time>2026-09-18T21:56:07.000Z</time>
        <extensions>
          <ns3:TrackPointExtension>
            <ns3:hr>139</ns3:hr>
            <ns3:cad>90</ns3:cad>
          </ns3:TrackPointExtension>
        </extensions>
      </trkpt>
      <trkpt lat="39.136338718235492706298828125" lon="117.16838814318180084228515625">
        <ele>4.400000095367431640625</ele>
        <time>2026-09-18T21:56:08.000Z</time>
        <extensions>
          <ns3:TrackPointExtension>
            <ns3:hr>139</ns3:hr>
            <ns3:cad>90</ns3:cad>
          </ns3:TrackPointExtension>
        </extensions>
      </trkpt>
      <trkpt lat="39.13634240627288818359375" lon="117.16835503466427326202392578125">
        <ele>4.400000095367431640625</ele>
        <time>2026-09-18T21:56:09.000Z</time>
        <extensions>
          <ns3:TrackPointExtension>
            <ns3:hr>138</ns3:hr>
            <ns3:cad>89</ns3:cad>
          </ns3:TrackPointExtension>
        </extensions>
      </trkpt>
      <trkpt lat="39.1363449208438396453857421875" lon="117.16832200996577739715576171875">
        <ele>4.400000095367431640625</ele>
        <time>2026-09-18T21:56:10.000Z</time>
        <extensions>
          <ns3:TrackPointExtension>
            <ns3:hr>139</ns3:hr>
            <ns3:cad>89</ns3:cad>
          </ns3:TrackPointExtension>
        </extensions>
      </trkpt>
      <trkpt lat="39.13635020144283771514892578125" lon="117.1682850457727909088134765625">
        <ele>4.400000095367431640625</ele>
        <time>2026-09-18T21:56:11.000Z</time>
        <extensions>
          <ns3:TrackPointExtension>
            <ns3:hr>139</ns3:hr>
            <ns3:cad>89</ns3:cad>
          </ns3:TrackPointExtension>
        </extensions>
      </trkpt>
      <trkpt lat="39.13634902797639369964599609375" lon="117.1682493388652801513671875">
        <ele>4.400000095367431640625</ele>
        <time>2026-09-18T21:56:12.000Z</time>
        <extensions>
          <ns3:TrackPointExtension>
            <ns3:hr>139</ns3:hr>
            <ns3:cad>89</ns3:cad>
          </ns3:TrackPointExtension>
        </extensions>
      </trkpt>
      <trkpt lat="39.1363544762134552001953125" lon="117.168213464319705963134765625">
        <ele>4.400000095367431640625</ele>
        <time>2026-09-18T21:56:13.000Z</time>
        <extensions>
          <ns3:TrackPointExtension>
            <ns3:hr>139</ns3:hr>
            <ns3:cad>89</ns3:cad>
          </ns3:TrackPointExtension>
        </extensions>
      </trkpt>
      <trkpt lat="39.136352799832820892333984375" lon="117.16817817650735378265380859375">
        <ele>4.400000095367431640625</ele>
        <time>2026-09-18T21:56:14.000Z</time>
        <extensions>
          <ns3:TrackPointExtension>
            <ns3:hr>139</ns3:hr>
            <ns3:cad>90</ns3:cad>
          </ns3:TrackPointExtension>
        </extensions>
      </trkpt>
      <trkpt lat="39.13635808043181896209716796875" lon="117.16814003884792327880859375">
        <ele>4.400000095367431640625</ele>
        <time>2026-09-18T21:56:15.000Z</time>
        <extensions>
          <ns3:TrackPointExtension>
            <ns3:hr>139</ns3:hr>
            <ns3:cad>90</ns3:cad>
          </ns3:TrackPointExtension>
        </extensions>
      </trkpt>
      <trkpt lat="39.1363573260605335235595703125" lon="117.1681080199778079986572265625">
        <ele>4.400000095367431640625</ele>
        <time>2026-09-18T21:56:16.000Z</time>
        <extensions>
          <ns3:TrackPointExtension>
            <ns3:hr>139</ns3:hr>
            <ns3:cad>89</ns3:cad>
          </ns3:TrackPointExtension>
        </extensions>
      </trkpt>
      <trkpt lat="39.1363610140979290008544921875" lon="117.16807122342288494110107421875">
        <ele>4.400000095367431640625</ele>
        <time>2026-09-18T21:56:17.000Z</time>
        <extensions>
          <ns3:TrackPointExtension>
            <ns3:hr>138</ns3:hr>
            <ns3:cad>89</ns3:cad>
          </ns3:TrackPointExtension>
        </extensions>
      </trkpt>
      <trkpt lat="39.13635824806988239288330078125" lon="117.16803702525794506072998046875">
        <ele>4.400000095367431640625</ele>
        <time>2026-09-18T21:56:18.000Z</time>
        <extensions>
          <ns3:TrackPointExtension>
            <ns3:hr>138</ns3:hr>
            <ns3:cad>89</ns3:cad>
          </ns3:TrackPointExtension>
        </extensions>
      </trkpt>
      <trkpt lat="39.13635958917438983917236328125" lon="117.16800324618816375732421875">
        <ele>4.400000095367431640625</ele>
        <time>2026-09-18T21:56:19.000Z</time>
        <extensions>
          <ns3:TrackPointExtension>
            <ns3:hr>137</ns3:hr>
            <ns3:cad>89</ns3:cad>
          </ns3:TrackPointExtension>
        </extensions>
      </trkpt>
      <trkpt lat="39.1363583318889141082763671875" lon="117.16796812601387500762939453125">
        <ele>4.400000095367431640625</ele>
        <time>2026-09-18T21:56:20.000Z</time>
        <extensions>
          <ns3:TrackPointExtension>
            <ns3:hr>137</ns3:hr>
            <ns3:cad>89</ns3:cad>
          </ns3:TrackPointExtension>
        </extensions>
      </trkpt>
      <trkpt lat="39.1363584995269775390625" lon="117.16793241910636425018310546875">
        <ele>4.400000095367431640625</ele>
        <time>2026-09-18T21:56:21.000Z</time>
        <extensions>
          <ns3:TrackPointExtension>
            <ns3:hr>137</ns3:hr>
            <ns3:cad>90</ns3:cad>
          </ns3:TrackPointExtension>
        </extensions>
      </trkpt>
      <trkpt lat="39.1363556496798992156982421875" lon="117.16789620928466320037841796875">
        <ele>4.19999980926513671875</ele>
        <time>2026-09-18T21:56:22.000Z</time>
        <extensions>
          <ns3:TrackPointExtension>
            <ns3:hr>136</ns3:hr>
            <ns3:cad>90</ns3:cad>
          </ns3:TrackPointExtension>
        </extensions>
      </trkpt>
      <trkpt lat="39.13635782897472381591796875" lon="117.16785865835845470428466796875">
        <ele>4.19999980926513671875</ele>
        <time>2026-09-18T21:56:23.000Z</time>
        <extensions>
          <ns3:TrackPointExtension>
            <ns3:hr>137</ns3:hr>
            <ns3:cad>90</ns3:cad>
          </ns3:TrackPointExtension>
        </extensions>
      </trkpt>
      <trkpt lat="39.1363559849560260772705078125" lon="117.16782295145094394683837890625">
        <ele>4.19999980926513671875</ele>
        <time>2026-09-18T21:56:24.000Z</time>
        <extensions>
          <ns3:TrackPointExtension>
            <ns3:hr>137</ns3:hr>
            <ns3:cad>90</ns3:cad>
          </ns3:TrackPointExtension>
        </extensions>
      </trkpt>
      <trkpt lat="39.13635707460343837738037109375" lon="117.1677874960005283355712890625">
        <ele>4.19999980926513671875</ele>
        <time>2026-09-18T21:56:25.000Z</time>
        <extensions>
          <ns3:TrackPointExtension>
            <ns3:hr>136</ns3:hr>
            <ns3:cad>90</ns3:cad>
          </ns3:TrackPointExtension>
        </extensions>
      </trkpt>
      <trkpt lat="39.13635472767055034637451171875" lon="117.16775111854076385498046875">
        <ele>4.19999980926513671875</ele>
        <time>2026-09-18T21:56:26.000Z</time>
        <extensions>
          <ns3:TrackPointExtension>
            <ns3:hr>137</ns3:hr>
            <ns3:cad>90</ns3:cad>
          </ns3:TrackPointExtension>
        </extensions>
      </trkpt>
      <trkpt lat="39.13635514676570892333984375" lon="117.16771516017615795135498046875">
        <ele>4.19999980926513671875</ele>
        <time>2026-09-18T21:56:27.000Z</time>
        <extensions>
          <ns3:TrackPointExtension>
            <ns3:hr>137</ns3:hr>
            <ns3:cad>90</ns3:cad>
          </ns3:TrackPointExtension>
        </extensions>
      </trkpt>
      <trkpt lat="39.13635036908090114593505859375" lon="117.167682386934757232666015625">
        <ele>4.19999980926513671875</ele>
        <time>2026-09-18T21:56:28.000Z</time>
        <extensions>
          <ns3:TrackPointExtension>
            <ns3:hr>137</ns3:hr>
            <ns3:cad>90</ns3:cad>
          </ns3:TrackPointExtension>
        </extensions>
      </trkpt>
      <trkpt lat="39.13634651340544223785400390625" lon="117.16764844022691249847412109375">
        <ele>4.19999980926513671875</ele>
        <time>2026-09-18T21:56:29.000Z</time>
        <extensions>
          <ns3:TrackPointExtension>
            <ns3:hr>137</ns3:hr>
            <ns3:cad>89</ns3:cad>
          </ns3:TrackPointExtension>
        </extensions>
      </trkpt>
      <trkpt lat="39.1363405622541904449462890625" lon="117.1676136553287506103515625">
        <ele>4.19999980926513671875</ele>
        <time>2026-09-18T21:56:30.000Z</time>
        <extensions>
          <ns3:TrackPointExtension>
            <ns3:hr>137</ns3:hr>
            <ns3:cad>89</ns3:cad>
          </ns3:TrackPointExtension>
        </extensions>
      </trkpt>
      <trkpt lat="39.13634215481579303741455078125" lon="117.16757568530738353729248046875">
        <ele>4.19999980926513671875</ele>
        <time>2026-09-18T21:56:31.000Z</time>
        <extensions>
          <ns3:TrackPointExtension>
            <ns3:hr>137</ns3:hr>
            <ns3:cad>89</ns3:cad>
          </ns3:TrackPointExtension>
        </extensions>
      </trkpt>
      <trkpt lat="39.136342741549015045166015625" lon="117.16753729619085788726806640625">
        <ele>4.19999980926513671875</ele>
        <time>2026-09-18T21:56:32.000Z</time>
        <extensions>
          <ns3:TrackPointExtension>
            <ns3:hr>138</ns3:hr>
            <ns3:cad>90</ns3:cad>
          </ns3:TrackPointExtension>
        </extensions>
      </trkpt>
      <trkpt lat="39.136347435414791107177734375" lon="117.1675015054643154144287109375">
        <ele>4.19999980926513671875</ele>
        <time>2026-09-18T21:56:33.000Z</time>
        <extensions>
          <ns3:TrackPointExtension>
            <ns3:hr>138</ns3:hr>
            <ns3:cad>90</ns3:cad>
          </ns3:TrackPointExtension>
        </extensions>
      </trkpt>
      <trkpt lat="39.13634785450994968414306640625" lon="117.16746470890939235687255859375">
        <ele>4.19999980926513671875</ele>
        <time>2026-09-18T21:56:34.000Z</time>
        <extensions>
          <ns3:TrackPointExtension>
            <ns3:hr>138</ns3:hr>
            <ns3:cad>90</ns3:cad>
          </ns3:TrackPointExtension>
        </extensions>
      </trkpt>
      <trkpt lat="39.1363526321947574615478515625" lon="117.1674287505447864532470703125">
        <ele>4.19999980926513671875</ele>
        <time>2026-09-18T21:56:35.000Z</time>
        <extensions>
          <ns3:TrackPointExtension>
            <ns3:hr>138</ns3:hr>
            <ns3:cad>90</ns3:cad>
          </ns3:TrackPointExtension>
        </extensions>
      </trkpt>
      <trkpt lat="39.1363556496798992156982421875" lon="117.16739614494144916534423828125">
        <ele>4.19999980926513671875</ele>
        <time>2026-09-18T21:56:36.000Z</time>
        <extensions>
          <ns3:TrackPointExtension>
            <ns3:hr>138</ns3:hr>
            <ns3:cad>90</ns3:cad>
          </ns3:TrackPointExtension>
        </extensions>
      </trkpt>
      <trkpt lat="39.13636294193565845489501953125" lon="117.16736043803393840789794921875">
        <ele>4.19999980926513671875</ele>
        <time>2026-09-18T21:56:37.000Z</time>
        <extensions>
          <ns3:TrackPointExtension>
            <ns3:hr>138</ns3:hr>
            <ns3:cad>90</ns3:cad>
          </ns3:TrackPointExtension>
        </extensions>
      </trkpt>
      <trkpt lat="39.13636721670627593994140625" lon="117.16732389293611049652099609375">
        <ele>4.400000095367431640625</ele>
        <time>2026-09-18T21:56:38.000Z</time>
        <extensions>
          <ns3:TrackPointExtension>
            <ns3:hr>138</ns3:hr>
            <ns3:cad>89</ns3:cad>
          </ns3:TrackPointExtension>
        </extensions>
      </trkpt>
      <trkpt lat="39.13636964745819568634033203125" lon="117.167288102209568023681640625">
        <ele>4.400000095367431640625</ele>
        <time>2026-09-18T21:56:39.000Z</time>
        <extensions>
          <ns3:TrackPointExtension>
            <ns3:hr>138</ns3:hr>
            <ns3:cad>89</ns3:cad>
          </ns3:TrackPointExtension>
        </extensions>
      </trkpt>
      <trkpt lat="39.1363704018294811248779296875" lon="117.16725013218820095062255859375">
        <ele>4.400000095367431640625</ele>
        <time>2026-09-18T21:56:40.000Z</time>
        <extensions>
          <ns3:TrackPointExtension>
            <ns3:hr>138</ns3:hr>
            <ns3:cad>89</ns3:cad>
          </ns3:TrackPointExtension>
        </extensions>
      </trkpt>
      <trkpt lat="39.1363730840384960174560546875" lon="117.1672121621668338775634765625">
        <ele>4.400000095367431640625</ele>
        <time>2026-09-18T21:56:41.000Z</time>
        <extensions>
          <ns3:TrackPointExtension>
            <ns3:hr>138</ns3:hr>
            <ns3:cad>90</ns3:cad>
          </ns3:TrackPointExtension>
        </extensions>
      </trkpt>
      <trkpt lat="39.13637702353298664093017578125" lon="117.1671736054122447967529296875">
        <ele>4.400000095367431640625</ele>
        <time>2026-09-18T21:56:42.000Z</time>
        <extensions>
          <ns3:TrackPointExtension>
            <ns3:hr>138</ns3:hr>
            <ns3:cad>90</ns3:cad>
          </ns3:TrackPointExtension>
        </extensions>
      </trkpt>
      <trkpt lat="39.13638238795101642608642578125" lon="117.1671389043331146240234375">
        <ele>4.400000095367431640625</ele>
        <time>2026-09-18T21:56:43.000Z</time>
        <extensions>
          <ns3:TrackPointExtension>
            <ns3:hr>138</ns3:hr>
            <ns3:cad>90</ns3:cad>
          </ns3:TrackPointExtension>
        </extensions>
      </trkpt>
      <trkpt lat="39.13638574071228504180908203125" lon="117.16710361652076244354248046875">
        <ele>4.400000095367431640625</ele>
        <time>2026-09-18T21:56:44.000Z</time>
        <extensions>
          <ns3:TrackPointExtension>
            <ns3:hr>138</ns3:hr>
            <ns3:cad>90</ns3:cad>
          </ns3:TrackPointExtension>
        </extensions>
      </trkpt>
      <trkpt lat="39.13638708181679248809814453125" lon="117.16707050800323486328125">
        <ele>4.400000095367431640625</ele>
        <time>2026-09-18T21:56:45.000Z</time>
        <extensions>
          <ns3:TrackPointExtension>
            <ns3:hr>138</ns3:hr>
            <ns3:cad>90</ns3:cad>
          </ns3:TrackPointExtension>
        </extensions>
      </trkpt>
      <trkpt lat="39.13638909347355365753173828125" lon="117.16703605838119983673095703125">
        <ele>4.400000095367431640625</ele>
        <time>2026-09-18T21:56:46.000Z</time>
        <extensions>
          <ns3:TrackPointExtension>
            <ns3:hr>138</ns3:hr>
            <ns3:cad>90</ns3:cad>
          </ns3:TrackPointExtension>
        </extensions>
      </trkpt>
      <trkpt lat="39.13638557307422161102294921875" lon="117.167003788053989410400390625">
        <ele>4.400000095367431640625</ele>
        <time>2026-09-18T21:56:47.000Z</time>
        <extensions>
          <ns3:TrackPointExtension>
            <ns3:hr>138</ns3:hr>
            <ns3:cad>90</ns3:cad>
          </ns3:TrackPointExtension>
        </extensions>
      </trkpt>
      <trkpt lat="39.1363839805126190185546875" lon="117.16696682386100292205810546875">
        <ele>4.400000095367431640625</ele>
        <time>2026-09-18T21:56:48.000Z</time>
        <extensions>
          <ns3:TrackPointExtension>
            <ns3:hr>138</ns3:hr>
            <ns3:cad>90</ns3:cad>
          </ns3:TrackPointExtension>
        </extensions>
      </trkpt>
      <trkpt lat="39.13638154976069927215576171875" lon="117.16693698428571224212646484375">
        <ele>4.400000095367431640625</ele>
        <time>2026-09-18T21:56:49.000Z</time>
        <extensions>
          <ns3:TrackPointExtension>
            <ns3:hr>138</ns3:hr>
            <ns3:cad>90</ns3:cad>
          </ns3:TrackPointExtension>
        </extensions>
      </trkpt>
      <trkpt lat="39.13638205267488956451416015625" lon="117.16690110974013805389404296875">
        <ele>4.400000095367431640625</ele>
        <time>2026-09-18T21:56:50.000Z</time>
        <extensions>
          <ns3:TrackPointExtension>
            <ns3:hr>137</ns3:hr>
            <ns3:cad>90</ns3:cad>
          </ns3:TrackPointExtension>
        </extensions>
      </trkpt>
      <trkpt lat="39.1363844834268093109130859375" lon="117.16686858795583248138427734375">
        <ele>4.400000095367431640625</ele>
        <time>2026-09-18T21:56:51.000Z</time>
        <extensions>
          <ns3:TrackPointExtension>
            <ns3:hr>138</ns3:hr>
            <ns3:cad>90</ns3:cad>
          </ns3:TrackPointExtension>
        </extensions>
      </trkpt>
      <trkpt lat="39.13638532161712646484375" lon="117.16683053411543369293212890625">
        <ele>4.400000095367431640625</ele>
        <time>2026-09-18T21:56:52.000Z</time>
        <extensions>
          <ns3:TrackPointExtension>
            <ns3:hr>138</ns3:hr>
            <ns3:cad>90</ns3:cad>
          </ns3:TrackPointExtension>
        </extensions>
      </trkpt>
      <trkpt lat="39.1363878361880779266357421875" lon="117.1667969226837158203125">
        <ele>4.400000095367431640625</ele>
        <time>2026-09-18T21:56:53.000Z</time>
        <extensions>
          <ns3:TrackPointExtension>
            <ns3:hr>138</ns3:hr>
            <ns3:cad>90</ns3:cad>
          </ns3:TrackPointExtension>
        </extensions>
      </trkpt>
      <trkpt lat="39.13638942874968051910400390625" lon="117.16676347889006137847900390625">
        <ele>4.400000095367431640625</ele>
        <time>2026-09-18T21:56:54.000Z</time>
        <extensions>
          <ns3:TrackPointExtension>
            <ns3:hr>138</ns3:hr>
            <ns3:cad>89</ns3:cad>
          </ns3:TrackPointExtension>
        </extensions>
      </trkpt>
      <trkpt lat="39.136397726833820343017578125" lon="117.1667286939918994903564453125">
        <ele>4.400000095367431640625</ele>
        <time>2026-09-18T21:56:55.000Z</time>
        <extensions>
          <ns3:TrackPointExtension>
            <ns3:hr>138</ns3:hr>
            <ns3:cad>89</ns3:cad>
          </ns3:TrackPointExtension>
        </extensions>
      </trkpt>
      <trkpt lat="39.13640300743281841278076171875" lon="117.16668770648539066314697265625">
        <ele>4.400000095367431640625</ele>
        <time>2026-09-18T21:56:56.000Z</time>
        <extensions>
          <ns3:TrackPointExtension>
            <ns3:hr>138</ns3:hr>
            <ns3:cad>89</ns3:cad>
          </ns3:TrackPointExtension>
        </extensions>
      </trkpt>
      <trkpt lat="39.13640116341412067413330078125" lon="117.166655100882053375244140625">
        <ele>4.400000095367431640625</ele>
        <time>2026-09-18T21:56:57.000Z</time>
        <extensions>
          <ns3:TrackPointExtension>
            <ns3:hr>138</ns3:hr>
            <ns3:cad>89</ns3:cad>
          </ns3:TrackPointExtension>
        </extensions>
      </trkpt>
      <trkpt lat="39.13640183396637439727783203125" lon="117.16661679558455944061279296875">
        <ele>4.400000095367431640625</ele>
        <time>2026-09-18T21:56:58.000Z</time>
        <extensions>
          <ns3:TrackPointExtension>
            <ns3:hr>138</ns3:hr>
            <ns3:cad>90</ns3:cad>
          </ns3:TrackPointExtension>
        </extensions>
      </trkpt>
      <trkpt lat="39.1364062763750553131103515625" lon="117.16658293269574642181396484375">
        <ele>4.400000095367431640625</ele>
        <time>2026-09-18T21:56:59.000Z</time>
        <extensions>
          <ns3:TrackPointExtension>
            <ns3:hr>138</ns3:hr>
            <ns3:cad>91</ns3:cad>
          </ns3:TrackPointExtension>
        </extensions>
      </trkpt>
      <trkpt lat="39.13640753366053104400634765625" lon="117.166545800864696502685546875">
        <ele>4.400000095367431640625</ele>
        <time>2026-09-18T21:57:00.000Z</time>
        <extensions>
          <ns3:TrackPointExtension>
            <ns3:hr>137</ns3:hr>
            <ns3:cad>90</ns3:cad>
          </ns3:TrackPointExtension>
        </extensions>
      </trkpt>
      <trkpt lat="39.13640669547021389007568359375" lon="117.16651068069040775299072265625">
        <ele>4.19999980926513671875</ele>
        <time>2026-09-18T21:57:01.000Z</time>
        <extensions>
          <ns3:TrackPointExtension>
            <ns3:hr>137</ns3:hr>
            <ns3:cad>90</ns3:cad>
          </ns3:TrackPointExtension>
        </extensions>
      </trkpt>
      <trkpt lat="39.1364086233079433441162109375" lon="117.166471369564533233642578125">
        <ele>4.400000095367431640625</ele>
        <time>2026-09-18T21:57:02.000Z</time>
        <extensions>
          <ns3:TrackPointExtension>
            <ns3:hr>137</ns3:hr>
            <ns3:cad>90</ns3:cad>
          </ns3:TrackPointExtension>
        </extensions>
      </trkpt>
      <trkpt lat="39.13640820421278476715087890625" lon="117.16643951833248138427734375">
        <ele>4.400000095367431640625</ele>
        <time>2026-09-18T21:57:03.000Z</time>
        <extensions>
          <ns3:TrackPointExtension>
            <ns3:hr>137</ns3:hr>
            <ns3:cad>90</ns3:cad>
          </ns3:TrackPointExtension>
        </extensions>
      </trkpt>
      <trkpt lat="39.1364126466214656829833984375" lon="117.1664001233875751495361328125">
        <ele>4.400000095367431640625</ele>
        <time>2026-09-18T21:57:04.000Z</time>
        <extensions>
          <ns3:TrackPointExtension>
            <ns3:hr>138</ns3:hr>
            <ns3:cad>90</ns3:cad>
          </ns3:TrackPointExtension>
        </extensions>
      </trkpt>
      <trkpt lat="39.13640904240310192108154296875" lon="117.1663689427077770233154296875">
        <ele>4.400000095367431640625</ele>
        <time>2026-09-18T21:57:05.000Z</time>
        <extensions>
          <ns3:TrackPointExtension>
            <ns3:hr>137</ns3:hr>
            <ns3:cad>90</ns3:cad>
          </ns3:TrackPointExtension>
        </extensions>
      </trkpt>
      <trkpt lat="39.13641742430627346038818359375" lon="117.16633348725736141204833984375">
        <ele>4.400000095367431640625</ele>
        <time>2026-09-18T21:57:06.000Z</time>
        <extensions>
          <ns3:TrackPointExtension>
            <ns3:hr>137</ns3:hr>
            <ns3:cad>89</ns3:cad>
          </ns3:TrackPointExtension>
        </extensions>
      </trkpt>
      <trkpt lat="39.1364250518381595611572265625" lon="117.1663032285869121551513671875">
        <ele>4.599999904632568359375</ele>
        <time>2026-09-18T21:57:07.000Z</time>
        <extensions>
          <ns3:TrackPointExtension>
            <ns3:hr>137</ns3:hr>
            <ns3:cad>89</ns3:cad>
          </ns3:TrackPointExtension>
        </extensions>
      </trkpt>
      <trkpt lat="39.13642832078039646148681640625" lon="117.16627364046871662139892578125">
        <ele>4.599999904632568359375</ele>
        <time>2026-09-18T21:57:08.000Z</time>
        <extensions>
          <ns3:TrackPointExtension>
            <ns3:hr>137</ns3:hr>
            <ns3:cad>89</ns3:cad>
          </ns3:TrackPointExtension>
        </extensions>
      </trkpt>
      <trkpt lat="39.13643267937004566192626953125" lon="117.16624363325536251068115234375">
        <ele>4.599999904632568359375</ele>
        <time>2026-09-18T21:57:09.000Z</time>
        <extensions>
          <ns3:TrackPointExtension>
            <ns3:hr>137</ns3:hr>
            <ns3:cad>90</ns3:cad>
          </ns3:TrackPointExtension>
        </extensions>
      </trkpt>
      <trkpt lat="39.1364411450922489166259765625" lon="117.16620272956788539886474609375">
        <ele>4.599999904632568359375</ele>
        <time>2026-09-18T21:57:10.000Z</time>
        <extensions>
          <ns3:TrackPointExtension>
            <ns3:hr>137</ns3:hr>
            <ns3:cad>90</ns3:cad>
          </ns3:TrackPointExtension>
        </extensions>
      </trkpt>
      <trkpt lat="39.1364461742341518402099609375" lon="117.16616853140294551849365234375">
        <ele>4.599999904632568359375</ele>
        <time>2026-09-18T21:57:11.000Z</time>
        <extensions>
          <ns3:TrackPointExtension>
            <ns3:hr>137</ns3:hr>
            <ns3:cad>90</ns3:cad>
          </ns3:TrackPointExtension>
        </extensions>
      </trkpt>
      <trkpt lat="39.1364525444805622100830078125" lon="117.1661250293254852294921875">
        <ele>4.400000095367431640625</ele>
        <time>2026-09-18T21:57:12.000Z</time>
        <extensions>
          <ns3:TrackPointExtension>
            <ns3:hr>137</ns3:hr>
            <ns3:cad>90</ns3:cad>
          </ns3:TrackPointExtension>
        </extensions>
      </trkpt>
      <trkpt lat="39.13645765744149684906005859375" lon="117.16608957387506961822509765625">
        <ele>4.400000095367431640625</ele>
        <time>2026-09-18T21:57:13.000Z</time>
        <extensions>
          <ns3:TrackPointExtension>
            <ns3:hr>137</ns3:hr>
            <ns3:cad>91</ns3:cad>
          </ns3:TrackPointExtension>
        </extensions>
      </trkpt>
      <trkpt lat="39.13646369241178035736083984375" lon="117.16604984365403652191162109375">
        <ele>4.400000095367431640625</ele>
        <time>2026-09-18T21:57:14.000Z</time>
        <extensions>
          <ns3:TrackPointExtension>
            <ns3:hr>137</ns3:hr>
            <ns3:cad>91</ns3:cad>
          </ns3:TrackPointExtension>
        </extensions>
      </trkpt>
      <trkpt lat="39.13647475652396678924560546875" lon="117.16601732186973094940185546875">
        <ele>4.400000095367431640625</ele>
        <time>2026-09-18T21:57:15.000Z</time>
        <extensions>
          <ns3:TrackPointExtension>
            <ns3:hr>136</ns3:hr>
            <ns3:cad>91</ns3:cad>
          </ns3:TrackPointExtension>
        </extensions>
      </trkpt>
      <trkpt lat="39.13649470545351505279541015625" lon="117.16598329134285449981689453125">
        <ele>4.400000095367431640625</ele>
        <time>2026-09-18T21:57:16.000Z</time>
        <extensions>
          <ns3:TrackPointExtension>
            <ns3:hr>137</ns3:hr>
            <ns3:cad>90</ns3:cad>
          </ns3:TrackPointExtension>
        </extensions>
      </trkpt>
      <trkpt lat="39.13650576956570148468017578125" lon="117.16595747508108615875244140625">
        <ele>4.400000095367431640625</ele>
        <time>2026-09-18T21:57:17.000Z</time>
        <extensions>
          <ns3:TrackPointExtension>
            <ns3:hr>137</ns3:hr>
            <ns3:cad>90</ns3:cad>
          </ns3:TrackPointExtension>
        </extensions>
      </trkpt>
      <trkpt lat="39.13653393276035785675048828125" lon="117.165930233895778656005859375">
        <ele>4.400000095367431640625</ele>
        <time>2026-09-18T21:57:18.000Z</time>
        <extensions>
          <ns3:TrackPointExtension>
            <ns3:hr>136</ns3:hr>
            <ns3:cad>90</ns3:cad>
          </ns3:TrackPointExtension>
        </extensions>
      </trkpt>
      <trkpt lat="39.13655237294733524322509765625" lon="117.16590751893818378448486328125">
        <ele>4.400000095367431640625</ele>
        <time>2026-09-18T21:57:19.000Z</time>
        <extensions>
          <ns3:TrackPointExtension>
            <ns3:hr>137</ns3:hr>
            <ns3:cad>90</ns3:cad>
          </ns3:TrackPointExtension>
        </extensions>
      </trkpt>
      <trkpt lat="39.13658254779875278472900390625" lon="117.1658863127231597900390625">
        <ele>4.19999980926513671875</ele>
        <time>2026-09-18T21:57:20.000Z</time>
        <extensions>
          <ns3:TrackPointExtension>
            <ns3:hr>137</ns3:hr>
            <ns3:cad>90</ns3:cad>
          </ns3:TrackPointExtension>
        </extensions>
      </trkpt>
      <trkpt lat="39.1366030834615230560302734375" lon="117.165867201983928680419921875">
        <ele>4.19999980926513671875</ele>
        <time>2026-09-18T21:57:21.000Z</time>
        <extensions>
          <ns3:TrackPointExtension>
            <ns3:hr>137</ns3:hr>
            <ns3:cad>89</ns3:cad>
          </ns3:TrackPointExtension>
        </extensions>
      </trkpt>
      <trkpt lat="39.136635102331638336181640625" lon="117.1658566407859325408935546875">
        <ele>4.19999980926513671875</ele>
        <time>2026-09-18T21:57:22.000Z</time>
        <extensions>
          <ns3:TrackPointExtension>
            <ns3:hr>137</ns3:hr>
            <ns3:cad>89</ns3:cad>
          </ns3:TrackPointExtension>
        </extensions>
      </trkpt>
      <trkpt lat="39.13665815256536006927490234375" lon="117.165847085416316986083984375">
        <ele>4.19999980926513671875</ele>
        <time>2026-09-18T21:57:23.000Z</time>
        <extensions>
          <ns3:TrackPointExtension>
            <ns3:hr>137</ns3:hr>
            <ns3:cad>89</ns3:cad>
          </ns3:TrackPointExtension>
        </extensions>
      </trkpt>
      <trkpt lat="39.13669176399707794189453125" lon="117.1658536233007907867431640625">
        <ele>4.19999980926513671875</ele>
        <time>2026-09-18T21:57:24.000Z</time>
        <extensions>
          <ns3:TrackPointExtension>
            <ns3:hr>137</ns3:hr>
            <ns3:cad>89</ns3:cad>
          </ns3:TrackPointExtension>
        </extensions>
      </trkpt>
      <trkpt lat="39.13671347312629222869873046875" lon="117.16585320420563220977783203125">
        <ele>4.19999980926513671875</ele>
        <time>2026-09-18T21:57:25.000Z</time>
        <extensions>
          <ns3:TrackPointExtension>
            <ns3:hr>137</ns3:hr>
            <ns3:cad>89</ns3:cad>
          </ns3:TrackPointExtension>
        </extensions>
      </trkpt>
      <trkpt lat="39.13675001822412014007568359375" lon="117.1658660285174846649169921875">
        <ele>4.19999980926513671875</ele>
        <time>2026-09-18T21:57:26.000Z</time>
        <extensions>
          <ns3:TrackPointExtension>
            <ns3:hr>137</ns3:hr>
            <ns3:cad>89</ns3:cad>
          </ns3:TrackPointExtension>
        </extensions>
      </trkpt>
      <trkpt lat="39.13676979951560497283935546875" lon="117.16586410067975521087646484375">
        <ele>4.19999980926513671875</ele>
        <time>2026-09-18T21:57:27.000Z</time>
        <extensions>
          <ns3:TrackPointExtension>
            <ns3:hr>138</ns3:hr>
            <ns3:cad>89</ns3:cad>
          </ns3:TrackPointExtension>
        </extensions>
      </trkpt>
      <trkpt lat="39.136806428432464599609375" lon="117.16586896218359470367431640625">
        <ele>4</ele>
        <time>2026-09-18T21:57:28.000Z</time>
        <extensions>
          <ns3:TrackPointExtension>
            <ns3:hr>138</ns3:hr>
            <ns3:cad>90</ns3:cad>
          </ns3:TrackPointExtension>
        </extensions>
      </trkpt>
      <trkpt lat="39.13683165796101093292236328125" lon="117.16586887836456298828125">
        <ele>4.19999980926513671875</ele>
        <time>2026-09-18T21:57:29.000Z</time>
        <extensions>
          <ns3:TrackPointExtension>
            <ns3:hr>138</ns3:hr>
            <ns3:cad>90</ns3:cad>
          </ns3:TrackPointExtension>
        </extensions>
      </trkpt>
      <trkpt lat="39.1368640959262847900390625" lon="117.16587298549711704254150390625">
        <ele>4.19999980926513671875</ele>
        <time>2026-09-18T21:57:30.000Z</time>
        <extensions>
          <ns3:TrackPointExtension>
            <ns3:hr>137</ns3:hr>
            <ns3:cad>90</ns3:cad>
          </ns3:TrackPointExtension>
        </extensions>
      </trkpt>
      <trkpt lat="39.136883206665515899658203125" lon="117.1658621728420257568359375">
        <ele>4.19999980926513671875</ele>
        <time>2026-09-18T21:57:31.000Z</time>
        <extensions>
          <ns3:TrackPointExtension>
            <ns3:hr>138</ns3:hr>
            <ns3:cad>90</ns3:cad>
          </ns3:TrackPointExtension>
        </extensions>
      </trkpt>
      <trkpt lat="39.1369081847369670867919921875" lon="117.1658509410917758941650390625">
        <ele>4.19999980926513671875</ele>
        <time>2026-09-18T21:57:32.000Z</time>
        <extensions>
          <ns3:TrackPointExtension>
            <ns3:hr>138</ns3:hr>
            <ns3:cad>90</ns3:cad>
          </ns3:TrackPointExtension>
        </extensions>
      </trkpt>
      <trkpt lat="39.136930145323276519775390625" lon="117.16584582813084125518798828125">
        <ele>4.19999980926513671875</ele>
        <time>2026-09-18T21:57:33.000Z</time>
        <extensions>
          <ns3:TrackPointExtension>
            <ns3:hr>139</ns3:hr>
            <ns3:cad>90</ns3:cad>
          </ns3:TrackPointExtension>
        </extensions>
      </trkpt>
      <trkpt lat="39.13696157746016979217529296875" lon="117.16585538350045680999755859375">
        <ele>3.7999999523162841796875</ele>
        <time>2026-09-18T21:57:34.000Z</time>
        <extensions>
          <ns3:TrackPointExtension>
            <ns3:hr>139</ns3:hr>
            <ns3:cad>90</ns3:cad>
          </ns3:TrackPointExtension>
        </extensions>
      </trkpt>
      <trkpt lat="39.13698169402778148651123046875" lon="117.1658485941588878631591796875">
        <ele>3.7999999523162841796875</ele>
        <time>2026-09-18T21:57:35.000Z</time>
        <extensions>
          <ns3:TrackPointExtension>
            <ns3:hr>139</ns3:hr>
            <ns3:cad>90</ns3:cad>
          </ns3:TrackPointExtension>
        </extensions>
      </trkpt>
      <trkpt lat="39.1370161436498165130615234375" lon="117.1658559702336788177490234375">
        <ele>3.7999999523162841796875</ele>
        <time>2026-09-18T21:57:36.000Z</time>
        <extensions>
          <ns3:TrackPointExtension>
            <ns3:hr>140</ns3:hr>
            <ns3:cad>89</ns3:cad>
          </ns3:TrackPointExtension>
        </extensions>
      </trkpt>
      <trkpt lat="39.1370406188070774078369140625" lon="117.16584884561598300933837890625">
        <ele>3.7999999523162841796875</ele>
        <time>2026-09-18T21:57:37.000Z</time>
        <extensions>
          <ns3:TrackPointExtension>
            <ns3:hr>141</ns3:hr>
            <ns3:cad>89</ns3:cad>
          </ns3:TrackPointExtension>
        </extensions>
      </trkpt>
      <trkpt lat="39.1370774991810321807861328125" lon="117.16585471294820308685302734375">
        <ele>3.599999904632568359375</ele>
        <time>2026-09-18T21:57:38.000Z</time>
        <extensions>
          <ns3:TrackPointExtension>
            <ns3:hr>141</ns3:hr>
            <ns3:cad>89</ns3:cad>
          </ns3:TrackPointExtension>
        </extensions>
      </trkpt>
      <trkpt lat="39.137102477252483367919921875" lon="117.16584716923534870147705078125">
        <ele>3.599999904632568359375</ele>
        <time>2026-09-18T21:57:39.000Z</time>
        <extensions>
          <ns3:TrackPointExtension>
            <ns3:hr>141</ns3:hr>
            <ns3:cad>89</ns3:cad>
          </ns3:TrackPointExtension>
        </extensions>
      </trkpt>
      <trkpt lat="39.1371344961225986480712890625" lon="117.1658469177782535552978515625">
        <ele>3.599999904632568359375</ele>
        <time>2026-09-18T21:57:40.000Z</time>
        <extensions>
          <ns3:TrackPointExtension>
            <ns3:hr>142</ns3:hr>
            <ns3:cad>89</ns3:cad>
          </ns3:TrackPointExtension>
        </extensions>
      </trkpt>
      <trkpt lat="39.1371576301753520965576171875" lon="117.1658469177782535552978515625">
        <ele>3.7999999523162841796875</ele>
        <time>2026-09-18T21:57:41.000Z</time>
        <extensions>
          <ns3:TrackPointExtension>
            <ns3:hr>142</ns3:hr>
            <ns3:cad>89</ns3:cad>
          </ns3:TrackPointExtension>
        </extensions>
      </trkpt>
      <trkpt lat="39.13718772120773792266845703125" lon="117.16584783978760242462158203125">
        <ele>4</ele>
        <time>2026-09-18T21:57:42.000Z</time>
        <extensions>
          <ns3:TrackPointExtension>
            <ns3:hr>142</ns3:hr>
            <ns3:cad>89</ns3:cad>
          </ns3:TrackPointExtension>
        </extensions>
      </trkpt>
      <trkpt lat="39.13720884360373020172119140625" lon="117.16584180481731891632080078125">
        <ele>4</ele>
        <time>2026-09-18T21:57:43.000Z</time>
        <extensions>
          <ns3:TrackPointExtension>
            <ns3:hr>142</ns3:hr>
            <ns3:cad>89</ns3:cad>
          </ns3:TrackPointExtension>
        </extensions>
      </trkpt>
      <trkpt lat="39.13723985664546489715576171875" lon="117.1658422239124774932861328125">
        <ele>4.19999980926513671875</ele>
        <time>2026-09-18T21:57:44.000Z</time>
        <extensions>
          <ns3:TrackPointExtension>
            <ns3:hr>142</ns3:hr>
            <ns3:cad>89</ns3:cad>
          </ns3:TrackPointExtension>
        </extensions>
      </trkpt>
      <trkpt lat="39.13726751692593097686767578125" lon="117.16584482230246067047119140625">
        <ele>4.19999980926513671875</ele>
        <time>2026-09-18T21:57:45.000Z</time>
        <extensions>
          <ns3:TrackPointExtension>
            <ns3:hr>142</ns3:hr>
            <ns3:cad>89</ns3:cad>
          </ns3:TrackPointExtension>
        </extensions>
      </trkpt>
      <trkpt lat="39.13730196654796600341796875" lon="117.16584599576890468597412109375">
        <ele>4.19999980926513671875</ele>
        <time>2026-09-18T21:57:46.000Z</time>
        <extensions>
          <ns3:TrackPointExtension>
            <ns3:hr>142</ns3:hr>
            <ns3:cad>89</ns3:cad>
          </ns3:TrackPointExtension>
        </extensions>
      </trkpt>
      <trkpt lat="39.1373252682387828826904296875" lon="117.1658465825021266937255859375">
        <ele>4.19999980926513671875</ele>
        <time>2026-09-18T21:57:47.000Z</time>
        <extensions>
          <ns3:TrackPointExtension>
            <ns3:hr>142</ns3:hr>
            <ns3:cad>90</ns3:cad>
          </ns3:TrackPointExtension>
        </extensions>
      </trkpt>
      <trkpt lat="39.137357287108898162841796875" lon="117.16584901325404644012451171875">
        <ele>4.19999980926513671875</ele>
        <time>2026-09-18T21:57:48.000Z</time>
        <extensions>
          <ns3:TrackPointExtension>
            <ns3:hr>141</ns3:hr>
            <ns3:cad>90</ns3:cad>
          </ns3:TrackPointExtension>
        </extensions>
      </trkpt>
      <trkpt lat="39.137381426990032196044921875" lon="117.16584331355988979339599609375">
        <ele>4.19999980926513671875</ele>
        <time>2026-09-18T21:57:49.000Z</time>
        <extensions>
          <ns3:TrackPointExtension>
            <ns3:hr>141</ns3:hr>
            <ns3:cad>90</ns3:cad>
          </ns3:TrackPointExtension>
        </extensions>
      </trkpt>
      <trkpt lat="39.13741420023143291473388671875" lon="117.16584968380630016326904296875">
        <ele>4</ele>
        <time>2026-09-18T21:57:50.000Z</time>
        <extensions>
          <ns3:TrackPointExtension>
            <ns3:hr>142</ns3:hr>
            <ns3:cad>90</ns3:cad>
          </ns3:TrackPointExtension>
        </extensions>
      </trkpt>
      <trkpt lat="39.1374380886554718017578125" lon="117.16584918089210987091064453125">
        <ele>4.19999980926513671875</ele>
        <time>2026-09-18T21:57:51.000Z</time>
        <extensions>
          <ns3:TrackPointExtension>
            <ns3:hr>142</ns3:hr>
            <ns3:cad>90</ns3:cad>
          </ns3:TrackPointExtension>
        </extensions>
      </trkpt>
      <trkpt lat="39.13746683858335018157958984375" lon="117.16584616340696811676025390625">
        <ele>4.19999980926513671875</ele>
        <time>2026-09-18T21:57:52.000Z</time>
        <extensions>
          <ns3:TrackPointExtension>
            <ns3:hr>141</ns3:hr>
            <ns3:cad>89</ns3:cad>
          </ns3:TrackPointExtension>
        </extensions>
      </trkpt>
      <trkpt lat="39.137487374246120452880859375" lon="117.16584079898893833160400390625">
        <ele>4</ele>
        <time>2026-09-18T21:57:53.000Z</time>
        <extensions>
          <ns3:TrackPointExtension>
            <ns3:hr>141</ns3:hr>
            <ns3:cad>89</ns3:cad>
          </ns3:TrackPointExtension>
        </extensions>
      </trkpt>
      <trkpt lat="39.1375203989446163177490234375" lon="117.1658375300467014312744140625">
        <ele>4.19999980926513671875</ele>
        <time>2026-09-18T21:57:54.000Z</time>
        <extensions>
          <ns3:TrackPointExtension>
            <ns3:hr>141</ns3:hr>
            <ns3:cad>89</ns3:cad>
          </ns3:TrackPointExtension>
        </extensions>
      </trkpt>
      <trkpt lat="39.13754294626414775848388671875" lon="117.165830321609973907470703125">
        <ele>4.19999980926513671875</ele>
        <time>2026-09-18T21:57:55.000Z</time>
        <extensions>
          <ns3:TrackPointExtension>
            <ns3:hr>141</ns3:hr>
            <ns3:cad>89</ns3:cad>
          </ns3:TrackPointExtension>
        </extensions>
      </trkpt>
      <trkpt lat="39.1375683434307575225830078125" lon="117.16583677567541599273681640625">
        <ele>4.19999980926513671875</ele>
        <time>2026-09-18T21:57:56.000Z</time>
        <extensions>
          <ns3:TrackPointExtension>
            <ns3:hr>141</ns3:hr>
            <ns3:cad>89</ns3:cad>
          </ns3:TrackPointExtension>
        </extensions>
      </trkpt>
      <trkpt lat="39.13759223185479640960693359375" lon="117.1658335067331790924072265625">
        <ele>4.19999980926513671875</ele>
        <time>2026-09-18T21:57:57.000Z</time>
        <extensions>
          <ns3:TrackPointExtension>
            <ns3:hr>141</ns3:hr>
            <ns3:cad>90</ns3:cad>
          </ns3:TrackPointExtension>
        </extensions>
      </trkpt>
      <trkpt lat="39.13762517273426055908203125" lon="117.1658353507518768310546875">
        <ele>4.400000095367431640625</ele>
        <time>2026-09-18T21:57:58.000Z</time>
        <extensions>
          <ns3:TrackPointExtension>
            <ns3:hr>140</ns3:hr>
            <ns3:cad>90</ns3:cad>
          </ns3:TrackPointExtension>
        </extensions>
      </trkpt>
      <trkpt lat="39.1376498155295848846435546875" lon="117.16583459638059139251708984375">
        <ele>4.400000095367431640625</ele>
        <time>2026-09-18T21:57:59.000Z</time>
        <extensions>
          <ns3:TrackPointExtension>
            <ns3:hr>140</ns3:hr>
            <ns3:cad>90</ns3:cad>
          </ns3:TrackPointExtension>
        </extensions>
      </trkpt>
      <trkpt lat="39.13768175058066844940185546875" lon="117.1658382005989551544189453125">
        <ele>4.400000095367431640625</ele>
        <time>2026-09-18T21:58:00.000Z</time>
        <extensions>
          <ns3:TrackPointExtension>
            <ns3:hr>140</ns3:hr>
            <ns3:cad>90</ns3:cad>
          </ns3:TrackPointExtension>
        </extensions>
      </trkpt>
      <trkpt lat="39.1377061419188976287841796875" lon="117.16583191417157649993896484375">
        <ele>4.400000095367431640625</ele>
        <time>2026-09-18T21:58:01.000Z</time>
        <extensions>
          <ns3:TrackPointExtension>
            <ns3:hr>140</ns3:hr>
            <ns3:cad>90</ns3:cad>
          </ns3:TrackPointExtension>
        </extensions>
      </trkpt>
      <trkpt lat="39.13773640058934688568115234375" lon="117.16583560220897197723388671875">
        <ele>4.400000095367431640625</ele>
        <time>2026-09-18T21:58:02.000Z</time>
        <extensions>
          <ns3:TrackPointExtension>
            <ns3:hr>139</ns3:hr>
            <ns3:cad>90</ns3:cad>
          </ns3:TrackPointExtension>
        </extensions>
      </trkpt>
      <trkpt lat="39.1377577744424343109130859375" lon="117.16582621447741985321044921875">
        <ele>4.400000095367431640625</ele>
        <time>2026-09-18T21:58:03.000Z</time>
        <extensions>
          <ns3:TrackPointExtension>
            <ns3:hr>138</ns3:hr>
            <ns3:cad>90</ns3:cad>
          </ns3:TrackPointExtension>
        </extensions>
      </trkpt>
      <trkpt lat="39.13779121823608875274658203125" lon="117.1658341772854328155517578125">
        <ele>4.599999904632568359375</ele>
        <time>2026-09-18T21:58:04.000Z</time>
        <extensions>
          <ns3:TrackPointExtension>
            <ns3:hr>138</ns3:hr>
            <ns3:cad>90</ns3:cad>
          </ns3:TrackPointExtension>
        </extensions>
      </trkpt>
      <trkpt lat="39.137813262641429901123046875" lon="117.16582571156322956085205078125">
        <ele>4.599999904632568359375</ele>
        <time>2026-09-18T21:58:05.000Z</time>
        <extensions>
          <ns3:TrackPointExtension>
            <ns3:hr>138</ns3:hr>
            <ns3:cad>90</ns3:cad>
          </ns3:TrackPointExtension>
        </extensions>
      </trkpt>
      <trkpt lat="39.1378446109592914581298828125" lon="117.16583141125738620758056640625">
        <ele>4.599999904632568359375</ele>
        <time>2026-09-18T21:58:06.000Z</time>
        <extensions>
          <ns3:TrackPointExtension>
            <ns3:hr>139</ns3:hr>
            <ns3:cad>90</ns3:cad>
          </ns3:TrackPointExtension>
        </extensions>
      </trkpt>
      <trkpt lat="39.13786833174526691436767578125" lon="117.16582797467708587646484375">
        <ele>4.599999904632568359375</ele>
        <time>2026-09-18T21:58:07.000Z</time>
        <extensions>
          <ns3:TrackPointExtension>
            <ns3:hr>138</ns3:hr>
            <ns3:cad>90</ns3:cad>
          </ns3:TrackPointExtension>
        </extensions>
      </trkpt>
      <trkpt lat="39.13789867423474788665771484375" lon="117.16583644039928913116455078125">
        <ele>4.599999904632568359375</ele>
        <time>2026-09-18T21:58:08.000Z</time>
        <extensions>
          <ns3:TrackPointExtension>
            <ns3:hr>138</ns3:hr>
            <ns3:cad>90</ns3:cad>
          </ns3:TrackPointExtension>
        </extensions>
      </trkpt>
      <trkpt lat="39.13792465813457965850830078125" lon="117.1658380329608917236328125">
        <ele>4.599999904632568359375</ele>
        <time>2026-09-18T21:58:09.000Z</time>
        <extensions>
          <ns3:TrackPointExtension>
            <ns3:hr>139</ns3:hr>
            <ns3:cad>89</ns3:cad>
          </ns3:TrackPointExtension>
        </extensions>
      </trkpt>
      <trkpt lat="39.13795600645244121551513671875" lon="117.16583945788443088531494140625">
        <ele>4.599999904632568359375</ele>
        <time>2026-09-18T21:58:10.000Z</time>
        <extensions>
          <ns3:TrackPointExtension>
            <ns3:hr>139</ns3:hr>
            <ns3:cad>89</ns3:cad>
          </ns3:TrackPointExtension>
        </extensions>
      </trkpt>
      <trkpt lat="39.13797629065811634063720703125" lon="117.165828645229339599609375">
        <ele>4.80000019073486328125</ele>
        <time>2026-09-18T21:58:11.000Z</time>
        <extensions>
          <ns3:TrackPointExtension>
            <ns3:hr>139</ns3:hr>
            <ns3:cad>89</ns3:cad>
          </ns3:TrackPointExtension>
        </extensions>
      </trkpt>
      <trkpt lat="39.13800898008048534393310546875" lon="117.16582839377224445343017578125">
        <ele>4.80000019073486328125</ele>
        <time>2026-09-18T21:58:12.000Z</time>
        <extensions>
          <ns3:TrackPointExtension>
            <ns3:hr>139</ns3:hr>
            <ns3:cad>89</ns3:cad>
          </ns3:TrackPointExtension>
        </extensions>
      </trkpt>
      <trkpt lat="39.13803161121904850006103515625" lon="117.1658160723745822906494140625">
        <ele>4.80000019073486328125</ele>
        <time>2026-09-18T21:58:13.000Z</time>
        <extensions>
          <ns3:TrackPointExtension>
            <ns3:hr>138</ns3:hr>
            <ns3:cad>89</ns3:cad>
          </ns3:TrackPointExtension>
        </extensions>
      </trkpt>
      <trkpt lat="39.13806430064141750335693359375" lon="117.16581531800329685211181640625">
        <ele>4.80000019073486328125</ele>
        <time>2026-09-18T21:58:14.000Z</time>
        <extensions>
          <ns3:TrackPointExtension>
            <ns3:hr>138</ns3:hr>
            <ns3:cad>90</ns3:cad>
          </ns3:TrackPointExtension>
        </extensions>
      </trkpt>
      <trkpt lat="39.13809095509350299835205078125" lon="117.1658112108707427978515625">
        <ele>4.80000019073486328125</ele>
        <time>2026-09-18T21:58:15.000Z</time>
        <extensions>
          <ns3:TrackPointExtension>
            <ns3:hr>139</ns3:hr>
            <ns3:cad>90</ns3:cad>
          </ns3:TrackPointExtension>
        </extensions>
      </trkpt>
      <trkpt lat="39.13812096230685710906982421875" lon="117.165815569460391998291015625">
        <ele>4.80000019073486328125</ele>
        <time>2026-09-18T21:58:16.000Z</time>
        <extensions>
          <ns3:TrackPointExtension>
            <ns3:hr>139</ns3:hr>
            <ns3:cad>89</ns3:cad>
          </ns3:TrackPointExtension>
        </extensions>
      </trkpt>
      <trkpt lat="39.13813135586678981781005859375" lon="117.16580878011882305145263671875">
        <ele>4.80000019073486328125</ele>
        <time>2026-09-18T21:58:17.000Z</time>
        <extensions>
          <ns3:TrackPointExtension>
            <ns3:hr>140</ns3:hr>
            <ns3:cad>89</ns3:cad>
          </ns3:TrackPointExtension>
        </extensions>
      </trkpt>
      <trkpt lat="39.13815951906144618988037109375" lon="117.16581246815621852874755859375">
        <ele>4.80000019073486328125</ele>
        <time>2026-09-18T21:58:18.000Z</time>
        <extensions>
          <ns3:TrackPointExtension>
            <ns3:hr>140</ns3:hr>
            <ns3:cad>89</ns3:cad>
          </ns3:TrackPointExtension>
        </extensions>
      </trkpt>
      <trkpt lat="39.1381805576384067535400390625" lon="117.16581246815621852874755859375">
        <ele>4.80000019073486328125</ele>
        <time>2026-09-18T21:58:19.000Z</time>
        <extensions>
          <ns3:TrackPointExtension>
            <ns3:hr>140</ns3:hr>
            <ns3:cad>89</ns3:cad>
          </ns3:TrackPointExtension>
        </extensions>
      </trkpt>
      <trkpt lat="39.13821391761302947998046875" lon="117.1658177487552165985107421875">
        <ele>4.599999904632568359375</ele>
        <time>2026-09-18T21:58:20.000Z</time>
        <extensions>
          <ns3:TrackPointExtension>
            <ns3:hr>140</ns3:hr>
            <ns3:cad>89</ns3:cad>
          </ns3:TrackPointExtension>
        </extensions>
      </trkpt>
      <trkpt lat="39.138238728046417236328125" lon="117.16580894775688648223876953125">
        <ele>4.599999904632568359375</ele>
        <time>2026-09-18T21:58:21.000Z</time>
        <extensions>
          <ns3:TrackPointExtension>
            <ns3:hr>139</ns3:hr>
            <ns3:cad>89</ns3:cad>
          </ns3:TrackPointExtension>
        </extensions>
      </trkpt>
      <trkpt lat="39.13827560842037200927734375" lon="117.16581523418426513671875">
        <ele>4.599999904632568359375</ele>
        <time>2026-09-18T21:58:22.000Z</time>
        <extensions>
          <ns3:TrackPointExtension>
            <ns3:hr>138</ns3:hr>
            <ns3:cad>89</ns3:cad>
          </ns3:TrackPointExtension>
        </extensions>
      </trkpt>
      <trkpt lat="39.1382989101111888885498046875" lon="117.165809534490108489990234375">
        <ele>4.80000019073486328125</ele>
        <time>2026-09-18T21:58:23.000Z</time>
        <extensions>
          <ns3:TrackPointExtension>
            <ns3:hr>137</ns3:hr>
            <ns3:cad>91</ns3:cad>
          </ns3:TrackPointExtension>
        </extensions>
      </trkpt>
      <trkpt lat="39.13833302445709705352783203125" lon="117.1658157370984554290771484375">
        <ele>4.80000019073486328125</ele>
        <time>2026-09-18T21:58:24.000Z</time>
        <extensions>
          <ns3:TrackPointExtension>
            <ns3:hr>137</ns3:hr>
            <ns3:cad>92</ns3:cad>
          </ns3:TrackPointExtension>
        </extensions>
      </trkpt>
      <trkpt lat="39.13835783489048480987548828125" lon="117.16581615619361400604248046875">
        <ele>4.80000019073486328125</ele>
        <time>2026-09-18T21:58:25.000Z</time>
        <extensions>
          <ns3:TrackPointExtension>
            <ns3:hr>136</ns3:hr>
            <ns3:cad>91</ns3:cad>
          </ns3:TrackPointExtension>
        </extensions>
      </trkpt>
      <trkpt lat="39.138385243713855743408203125" lon="117.16581313870847225189208984375">
        <ele>4.80000019073486328125</ele>
        <time>2026-09-18T21:58:26.000Z</time>
        <extensions>
          <ns3:TrackPointExtension>
            <ns3:hr>136</ns3:hr>
            <ns3:cad>90</ns3:cad>
          </ns3:TrackPointExtension>
        </extensions>
      </trkpt>
      <trkpt lat="39.1384115628898143768310546875" lon="117.16581364162266254425048828125">
        <ele>4.80000019073486328125</ele>
        <time>2026-09-18T21:58:27.000Z</time>
        <extensions>
          <ns3:TrackPointExtension>
            <ns3:hr>136</ns3:hr>
            <ns3:cad>90</ns3:cad>
          </ns3:TrackPointExtension>
        </extensions>
      </trkpt>
      <trkpt lat="39.13844592869281768798828125" lon="117.16581699438393115997314453125">
        <ele>4.80000019073486328125</ele>
        <time>2026-09-18T21:58:28.000Z</time>
        <extensions>
          <ns3:TrackPointExtension>
            <ns3:hr>136</ns3:hr>
            <ns3:cad>90</ns3:cad>
          </ns3:TrackPointExtension>
        </extensions>
      </trkpt>
      <trkpt lat="39.1384734213352203369140625" lon="117.16581724584102630615234375">
        <ele>4.80000019073486328125</ele>
        <time>2026-09-18T21:58:29.000Z</time>
        <extensions>
          <ns3:TrackPointExtension>
            <ns3:hr>136</ns3:hr>
            <ns3:cad>90</ns3:cad>
          </ns3:TrackPointExtension>
        </extensions>
      </trkpt>
      <trkpt lat="39.138504602015018463134765625" lon="117.1658190898597240447998046875">
        <ele>4.80000019073486328125</ele>
        <time>2026-09-18T21:58:30.000Z</time>
        <extensions>
          <ns3:TrackPointExtension>
            <ns3:hr>136</ns3:hr>
            <ns3:cad>90</ns3:cad>
          </ns3:TrackPointExtension>
        </extensions>
      </trkpt>
      <trkpt lat="39.1385257244110107421875" lon="117.16581523418426513671875">
        <ele>4.80000019073486328125</ele>
        <time>2026-09-18T21:58:31.000Z</time>
        <extensions>
          <ns3:TrackPointExtension>
            <ns3:hr>137</ns3:hr>
            <ns3:cad>90</ns3:cad>
          </ns3:TrackPointExtension>
        </extensions>
      </trkpt>
      <trkpt lat="39.1385580785572528839111328125" lon="117.16582017950713634490966796875">
        <ele>5</ele>
        <time>2026-09-18T21:58:32.000Z</time>
        <extensions>
          <ns3:TrackPointExtension>
            <ns3:hr>136</ns3:hr>
            <ns3:cad>90</ns3:cad>
          </ns3:TrackPointExtension>
        </extensions>
      </trkpt>
      <trkpt lat="39.13858272135257720947265625" lon="117.16581900604069232940673828125">
        <ele>5</ele>
        <time>2026-09-18T21:58:33.000Z</time>
        <extensions>
          <ns3:TrackPointExtension>
            <ns3:hr>136</ns3:hr>
            <ns3:cad>90</ns3:cad>
          </ns3:TrackPointExtension>
        </extensions>
      </trkpt>
      <trkpt lat="39.138611219823360443115234375" lon="117.1658241190016269683837890625">
        <ele>5</ele>
        <time>2026-09-18T21:58:34.000Z</time>
        <extensions>
          <ns3:TrackPointExtension>
            <ns3:hr>137</ns3:hr>
            <ns3:cad>90</ns3:cad>
          </ns3:TrackPointExtension>
        </extensions>
      </trkpt>
      <trkpt lat="39.13863510824739933013916015625" lon="117.165819592773914337158203125">
        <ele>5</ele>
        <time>2026-09-18T21:58:35.000Z</time>
        <extensions>
          <ns3:TrackPointExtension>
            <ns3:hr>136</ns3:hr>
            <ns3:cad>90</ns3:cad>
          </ns3:TrackPointExtension>
        </extensions>
      </trkpt>
      <trkpt lat="39.13866528309881687164306640625" lon="117.165822274982929229736328125">
        <ele>5</ele>
        <time>2026-09-18T21:58:36.000Z</time>
        <extensions>
          <ns3:TrackPointExtension>
            <ns3:hr>137</ns3:hr>
            <ns3:cad>90</ns3:cad>
          </ns3:TrackPointExtension>
        </extensions>
      </trkpt>
      <trkpt lat="39.138685651123523712158203125" lon="117.16581515036523342132568359375">
        <ele>4.80000019073486328125</ele>
        <time>2026-09-18T21:58:37.000Z</time>
        <extensions>
          <ns3:TrackPointExtension>
            <ns3:hr>137</ns3:hr>
            <ns3:cad>89</ns3:cad>
          </ns3:TrackPointExtension>
        </extensions>
      </trkpt>
      <trkpt lat="39.1387146525084972381591796875" lon="117.165816240012645721435546875">
        <ele>4.80000019073486328125</ele>
        <time>2026-09-18T21:58:38.000Z</time>
        <extensions>
          <ns3:TrackPointExtension>
            <ns3:hr>137</ns3:hr>
            <ns3:cad>89</ns3:cad>
          </ns3:TrackPointExtension>
        </extensions>
      </trkpt>
      <trkpt lat="39.138737954199314117431640625" lon="117.16581028886139392852783203125">
        <ele>4.80000019073486328125</ele>
        <time>2026-09-18T21:58:39.000Z</time>
        <extensions>
          <ns3:TrackPointExtension>
            <ns3:hr>137</ns3:hr>
            <ns3:cad>89</ns3:cad>
          </ns3:TrackPointExtension>
        </extensions>
      </trkpt>
      <trkpt lat="39.13876921869814395904541015625" lon="117.16581364162266254425048828125">
        <ele>4.80000019073486328125</ele>
        <time>2026-09-18T21:58:40.000Z</time>
        <extensions>
          <ns3:TrackPointExtension>
            <ns3:hr>137</ns3:hr>
            <ns3:cad>89</ns3:cad>
          </ns3:TrackPointExtension>
        </extensions>
      </trkpt>
      <trkpt lat="39.1387937776744365692138671875" lon="117.1658110432326793670654296875">
        <ele>4.80000019073486328125</ele>
        <time>2026-09-18T21:58:41.000Z</time>
        <extensions>
          <ns3:TrackPointExtension>
            <ns3:hr>138</ns3:hr>
            <ns3:cad>89</ns3:cad>
          </ns3:TrackPointExtension>
        </extensions>
      </trkpt>
      <trkpt lat="39.138823114335536956787109375" lon="117.16581313870847225189208984375">
        <ele>5</ele>
        <time>2026-09-18T21:58:42.000Z</time>
        <extensions>
          <ns3:TrackPointExtension>
            <ns3:hr>139</ns3:hr>
            <ns3:cad>89</ns3:cad>
          </ns3:TrackPointExtension>
        </extensions>
      </trkpt>
      <trkpt lat="39.1388477571308612823486328125" lon="117.16580928303301334381103515625">
        <ele>5</ele>
        <time>2026-09-18T21:58:43.000Z</time>
        <extensions>
          <ns3:TrackPointExtension>
            <ns3:hr>139</ns3:hr>
            <ns3:cad>89</ns3:cad>
          </ns3:TrackPointExtension>
        </extensions>
      </trkpt>
      <trkpt lat="39.13887969218194484710693359375" lon="117.1658090315759181976318359375">
        <ele>5</ele>
        <time>2026-09-18T21:58:44.000Z</time>
        <extensions>
          <ns3:TrackPointExtension>
            <ns3:hr>139</ns3:hr>
            <ns3:cad>89</ns3:cad>
          </ns3:TrackPointExtension>
        </extensions>
      </trkpt>
      <trkpt lat="39.1389030776917934417724609375" lon="117.16580274514853954315185546875">
        <ele>5</ele>
        <time>2026-09-18T21:58:45.000Z</time>
        <extensions>
          <ns3:TrackPointExtension>
            <ns3:hr>138</ns3:hr>
            <ns3:cad>89</ns3:cad>
          </ns3:TrackPointExtension>
        </extensions>
      </trkpt>
      <trkpt lat="39.13893216289579868316650390625" lon="117.1658033318817615509033203125">
        <ele>5</ele>
        <time>2026-09-18T21:58:46.000Z</time>
        <extensions>
          <ns3:TrackPointExtension>
            <ns3:hr>138</ns3:hr>
            <ns3:cad>89</ns3:cad>
          </ns3:TrackPointExtension>
        </extensions>
      </trkpt>
      <trkpt lat="39.138952530920505523681640625" lon="117.16579310595989227294921875">
        <ele>5</ele>
        <time>2026-09-18T21:58:47.000Z</time>
        <extensions>
          <ns3:TrackPointExtension>
            <ns3:hr>138</ns3:hr>
            <ns3:cad>89</ns3:cad>
          </ns3:TrackPointExtension>
        </extensions>
      </trkpt>
      <trkpt lat="39.138984046876430511474609375" lon="117.1657966263592243194580078125">
        <ele>5.19999980926513671875</ele>
        <time>2026-09-18T21:58:48.000Z</time>
        <extensions>
          <ns3:TrackPointExtension>
            <ns3:hr>138</ns3:hr>
            <ns3:cad>89</ns3:cad>
          </ns3:TrackPointExtension>
        </extensions>
      </trkpt>
      <trkpt lat="39.1390063427388668060302734375" lon="117.165794782340526580810546875">
        <ele>5.19999980926513671875</ele>
        <time>2026-09-18T21:58:49.000Z</time>
        <extensions>
          <ns3:TrackPointExtension>
            <ns3:hr>138</ns3:hr>
            <ns3:cad>90</ns3:cad>
          </ns3:TrackPointExtension>
        </extensions>
      </trkpt>
      <trkpt lat="39.13903794251382350921630859375" lon="117.16580006293952465057373046875">
        <ele>5.19999980926513671875</ele>
        <time>2026-09-18T21:58:50.000Z</time>
        <extensions>
          <ns3:TrackPointExtension>
            <ns3:hr>138</ns3:hr>
            <ns3:cad>90</ns3:cad>
          </ns3:TrackPointExtension>
        </extensions>
      </trkpt>
      <trkpt lat="39.13906577043235301971435546875" lon="117.165799476206302642822265625">
        <ele>5.19999980926513671875</ele>
        <time>2026-09-18T21:58:51.000Z</time>
        <extensions>
          <ns3:TrackPointExtension>
            <ns3:hr>138</ns3:hr>
            <ns3:cad>90</ns3:cad>
          </ns3:TrackPointExtension>
        </extensions>
      </trkpt>
      <trkpt lat="39.139094687998294830322265625" lon="117.16579888947308063507080078125">
        <ele>5.19999980926513671875</ele>
        <time>2026-09-18T21:58:52.000Z</time>
        <extensions>
          <ns3:TrackPointExtension>
            <ns3:hr>138</ns3:hr>
            <ns3:cad>90</ns3:cad>
          </ns3:TrackPointExtension>
        </extensions>
      </trkpt>
      <trkpt lat="39.1391166485846042633056640625" lon="117.16579033993184566497802734375">
        <ele>5.19999980926513671875</ele>
        <time>2026-09-18T21:58:53.000Z</time>
        <extensions>
          <ns3:TrackPointExtension>
            <ns3:hr>138</ns3:hr>
            <ns3:cad>90</ns3:cad>
          </ns3:TrackPointExtension>
        </extensions>
      </trkpt>
      <trkpt lat="39.13914942182600498199462890625" lon="117.16579302214086055755615234375">
        <ele>5.19999980926513671875</ele>
        <time>2026-09-18T21:58:54.000Z</time>
        <extensions>
          <ns3:TrackPointExtension>
            <ns3:hr>138</ns3:hr>
            <ns3:cad>90</ns3:cad>
          </ns3:TrackPointExtension>
        </extensions>
      </trkpt>
      <trkpt lat="39.139172472059726715087890625" lon="117.1657858975231647491455078125">
        <ele>5.19999980926513671875</ele>
        <time>2026-09-18T21:58:55.000Z</time>
        <extensions>
          <ns3:TrackPointExtension>
            <ns3:hr>138</ns3:hr>
            <ns3:cad>90</ns3:cad>
          </ns3:TrackPointExtension>
        </extensions>
      </trkpt>
      <trkpt lat="39.13920625112950801849365234375" lon="117.16578765772283077239990234375">
        <ele>5.400000095367431640625</ele>
        <time>2026-09-18T21:58:56.000Z</time>
        <extensions>
          <ns3:TrackPointExtension>
            <ns3:hr>138</ns3:hr>
            <ns3:cad>90</ns3:cad>
          </ns3:TrackPointExtension>
        </extensions>
      </trkpt>
      <trkpt lat="39.13923290558159351348876953125" lon="117.16578774154186248779296875">
        <ele>5.19999980926513671875</ele>
        <time>2026-09-18T21:58:57.000Z</time>
        <extensions>
          <ns3:TrackPointExtension>
            <ns3:hr>138</ns3:hr>
            <ns3:cad>90</ns3:cad>
          </ns3:TrackPointExtension>
        </extensions>
      </trkpt>
      <trkpt lat="39.13926576264202594757080078125" lon="117.165794782340526580810546875">
        <ele>5.400000095367431640625</ele>
        <time>2026-09-18T21:58:58.000Z</time>
        <extensions>
          <ns3:TrackPointExtension>
            <ns3:hr>139</ns3:hr>
            <ns3:cad>90</ns3:cad>
          </ns3:TrackPointExtension>
        </extensions>
      </trkpt>
      <trkpt lat="39.1392866335809230804443359375" lon="117.16578732244670391082763671875">
        <ele>5.19999980926513671875</ele>
        <time>2026-09-18T21:58:59.000Z</time>
        <extensions>
          <ns3:TrackPointExtension>
            <ns3:hr>139</ns3:hr>
            <ns3:cad>90</ns3:cad>
          </ns3:TrackPointExtension>
        </extensions>
      </trkpt>
      <trkpt lat="39.13931571878492832183837890625" lon="117.1657869033515453338623046875">
        <ele>5.400000095367431640625</ele>
        <time>2026-09-18T21:59:00.000Z</time>
        <extensions>
          <ns3:TrackPointExtension>
            <ns3:hr>139</ns3:hr>
            <ns3:cad>90</ns3:cad>
          </ns3:TrackPointExtension>
        </extensions>
      </trkpt>
      <trkpt lat="39.1393372602760791778564453125" lon="117.165787406265735626220703125">
        <ele>5.19999980926513671875</ele>
        <time>2026-09-18T21:59:01.000Z</time>
        <extensions>
          <ns3:TrackPointExtension>
            <ns3:hr>138</ns3:hr>
            <ns3:cad>90</ns3:cad>
          </ns3:TrackPointExtension>
        </extensions>
      </trkpt>
      <trkpt lat="39.13936601020395755767822265625" lon="117.16578749008476734161376953125">
        <ele>5.400000095367431640625</ele>
        <time>2026-09-18T21:59:02.000Z</time>
        <extensions>
          <ns3:TrackPointExtension>
            <ns3:hr>139</ns3:hr>
            <ns3:cad>90</ns3:cad>
          </ns3:TrackPointExtension>
        </extensions>
      </trkpt>
      <trkpt lat="39.13938847370445728302001953125" lon="117.1657808683812618255615234375">
        <ele>5.400000095367431640625</ele>
        <time>2026-09-18T21:59:03.000Z</time>
        <extensions>
          <ns3:TrackPointExtension>
            <ns3:hr>139</ns3:hr>
            <ns3:cad>90</ns3:cad>
          </ns3:TrackPointExtension>
        </extensions>
      </trkpt>
      <trkpt lat="39.13941781036555767059326171875" lon="117.165782041847705841064453125">
        <ele>5.400000095367431640625</ele>
        <time>2026-09-18T21:59:04.000Z</time>
        <extensions>
          <ns3:TrackPointExtension>
            <ns3:hr>138</ns3:hr>
            <ns3:cad>90</ns3:cad>
          </ns3:TrackPointExtension>
        </extensions>
      </trkpt>
      <trkpt lat="39.13944111205637454986572265625" lon="117.16577994637191295623779296875">
        <ele>5.400000095367431640625</ele>
        <time>2026-09-18T21:59:05.000Z</time>
        <extensions>
          <ns3:TrackPointExtension>
            <ns3:hr>139</ns3:hr>
            <ns3:cad>90</ns3:cad>
          </ns3:TrackPointExtension>
        </extensions>
      </trkpt>
      <trkpt lat="39.1394686885178089141845703125" lon="117.165782041847705841064453125">
        <ele>5.400000095367431640625</ele>
        <time>2026-09-18T21:59:06.000Z</time>
        <extensions>
          <ns3:TrackPointExtension>
            <ns3:hr>139</ns3:hr>
            <ns3:cad>89</ns3:cad>
          </ns3:TrackPointExtension>
        </extensions>
      </trkpt>
      <trkpt lat="39.139494337141513824462890625" lon="117.1657825447618961334228515625">
        <ele>5.400000095367431640625</ele>
        <time>2026-09-18T21:59:07.000Z</time>
        <extensions>
          <ns3:TrackPointExtension>
            <ns3:hr>138</ns3:hr>
            <ns3:cad>89</ns3:cad>
          </ns3:TrackPointExtension>
        </extensions>
      </trkpt>
      <trkpt lat="39.139526523649692535400390625" lon="117.1657855622470378875732421875">
        <ele>5.400000095367431640625</ele>
        <time>2026-09-18T21:59:08.000Z</time>
        <extensions>
          <ns3:TrackPointExtension>
            <ns3:hr>139</ns3:hr>
            <ns3:cad>90</ns3:cad>
          </ns3:TrackPointExtension>
        </extensions>
      </trkpt>
      <trkpt lat="39.13955544121563434600830078125" lon="117.16578346677124500274658203125">
        <ele>5.400000095367431640625</ele>
        <time>2026-09-18T21:59:09.000Z</time>
        <extensions>
          <ns3:TrackPointExtension>
            <ns3:hr>139</ns3:hr>
            <ns3:cad>90</ns3:cad>
          </ns3:TrackPointExtension>
        </extensions>
      </trkpt>
      <trkpt lat="39.1395860351622104644775390625" lon="117.1657905913889408111572265625">
        <ele>5.400000095367431640625</ele>
        <time>2026-09-18T21:59:10.000Z</time>
        <extensions>
          <ns3:TrackPointExtension>
            <ns3:hr>139</ns3:hr>
            <ns3:cad>90</ns3:cad>
          </ns3:TrackPointExtension>
        </extensions>
      </trkpt>
      <trkpt lat="39.13961260579526424407958984375" lon="117.165788747370243072509765625">
        <ele>5.400000095367431640625</ele>
        <time>2026-09-18T21:59:11.000Z</time>
        <extensions>
          <ns3:TrackPointExtension>
            <ns3:hr>139</ns3:hr>
            <ns3:cad>90</ns3:cad>
          </ns3:TrackPointExtension>
        </extensions>
      </trkpt>
      <trkpt lat="39.13964563049376010894775390625" lon="117.1657976321876049041748046875">
        <ele>5.400000095367431640625</ele>
        <time>2026-09-18T21:59:12.000Z</time>
        <extensions>
          <ns3:TrackPointExtension>
            <ns3:hr>139</ns3:hr>
            <ns3:cad>90</ns3:cad>
          </ns3:TrackPointExtension>
        </extensions>
      </trkpt>
      <trkpt lat="39.13967211730778217315673828125" lon="117.16579578816890716552734375">
        <ele>5.599999904632568359375</ele>
        <time>2026-09-18T21:59:13.000Z</time>
        <extensions>
          <ns3:TrackPointExtension>
            <ns3:hr>138</ns3:hr>
            <ns3:cad>90</ns3:cad>
          </ns3:TrackPointExtension>
        </extensions>
      </trkpt>
      <trkpt lat="39.13970011286437511444091796875" lon="117.1658004820346832275390625">
        <ele>5.599999904632568359375</ele>
        <time>2026-09-18T21:59:14.000Z</time>
        <extensions>
          <ns3:TrackPointExtension>
            <ns3:hr>138</ns3:hr>
            <ns3:cad>90</ns3:cad>
          </ns3:TrackPointExtension>
        </extensions>
      </trkpt>
      <trkpt lat="39.139724336564540863037109375" lon="117.165796458721160888671875">
        <ele>5.400000095367431640625</ele>
        <time>2026-09-18T21:59:15.000Z</time>
        <extensions>
          <ns3:TrackPointExtension>
            <ns3:hr>137</ns3:hr>
            <ns3:cad>90</ns3:cad>
          </ns3:TrackPointExtension>
        </extensions>
      </trkpt>
      <trkpt lat="39.13975082337856292724609375" lon="117.16579788364470005035400390625">
        <ele>5.400000095367431640625</ele>
        <time>2026-09-18T21:59:16.000Z</time>
        <extensions>
          <ns3:TrackPointExtension>
            <ns3:hr>135</ns3:hr>
            <ns3:cad>90</ns3:cad>
          </ns3:TrackPointExtension>
        </extensions>
      </trkpt>
      <trkpt lat="39.1397737897932529449462890625" lon="117.1657885797321796417236328125">
        <ele>5.400000095367431640625</ele>
        <time>2026-09-18T21:59:17.000Z</time>
        <extensions>
          <ns3:TrackPointExtension>
            <ns3:hr>135</ns3:hr>
            <ns3:cad>90</ns3:cad>
          </ns3:TrackPointExtension>
        </extensions>
      </trkpt>
      <trkpt lat="39.139800779521465301513671875" lon="117.16579134576022624969482421875">
        <ele>5.400000095367431640625</ele>
        <time>2026-09-18T21:59:18.000Z</time>
        <extensions>
          <ns3:TrackPointExtension>
            <ns3:hr>135</ns3:hr>
            <ns3:cad>90</ns3:cad>
          </ns3:TrackPointExtension>
        </extensions>
      </trkpt>
      <trkpt lat="39.139827601611614227294921875" lon="117.16578531078994274139404296875">
        <ele>5.599999904632568359375</ele>
        <time>2026-09-18T21:59:19.000Z</time>
        <extensions>
          <ns3:TrackPointExtension>
            <ns3:hr>135</ns3:hr>
            <ns3:cad>90</ns3:cad>
          </ns3:TrackPointExtension>
        </extensions>
      </trkpt>
      <trkpt lat="39.1398576088249683380126953125" lon="117.16579000465571880340576171875">
        <ele>5.599999904632568359375</ele>
        <time>2026-09-18T21:59:20.000Z</time>
        <extensions>
          <ns3:TrackPointExtension>
            <ns3:hr>135</ns3:hr>
            <ns3:cad>90</ns3:cad>
          </ns3:TrackPointExtension>
        </extensions>
      </trkpt>
      <trkpt lat="39.13988233543932437896728515625" lon="117.16578011400997638702392578125">
        <ele>5.599999904632568359375</ele>
        <time>2026-09-18T21:59:21.000Z</time>
        <extensions>
          <ns3:TrackPointExtension>
            <ns3:hr>135</ns3:hr>
            <ns3:cad>90</ns3:cad>
          </ns3:TrackPointExtension>
        </extensions>
      </trkpt>
      <trkpt lat="39.1399105824530124664306640625" lon="117.16578195802867412567138671875">
        <ele>5.599999904632568359375</ele>
        <time>2026-09-18T21:59:22.000Z</time>
        <extensions>
          <ns3:TrackPointExtension>
            <ns3:hr>135</ns3:hr>
            <ns3:cad>90</ns3:cad>
          </ns3:TrackPointExtension>
        </extensions>
      </trkpt>
      <trkpt lat="39.1399387456476688385009765625" lon="117.165777683258056640625">
        <ele>5.80000019073486328125</ele>
        <time>2026-09-18T21:59:23.000Z</time>
        <extensions>
          <ns3:TrackPointExtension>
            <ns3:hr>135</ns3:hr>
            <ns3:cad>90</ns3:cad>
          </ns3:TrackPointExtension>
        </extensions>
      </trkpt>
      <trkpt lat="39.13996816612780094146728515625" lon="117.16578547842800617218017578125">
        <ele>5.80000019073486328125</ele>
        <time>2026-09-18T21:59:24.000Z</time>
        <extensions>
          <ns3:TrackPointExtension>
            <ns3:hr>135</ns3:hr>
            <ns3:cad>90</ns3:cad>
          </ns3:TrackPointExtension>
        </extensions>
      </trkpt>
      <trkpt lat="39.139997251331806182861328125" lon="117.16578547842800617218017578125">
        <ele>5.80000019073486328125</ele>
        <time>2026-09-18T21:59:25.000Z</time>
        <extensions>
          <ns3:TrackPointExtension>
            <ns3:hr>136</ns3:hr>
            <ns3:cad>90</ns3:cad>
          </ns3:TrackPointExtension>
        </extensions>
      </trkpt>
      <trkpt lat="39.1400262527167797088623046875" lon="117.16578698717057704925537109375">
        <ele>5.80000019073486328125</ele>
        <time>2026-09-18T21:59:26.000Z</time>
        <extensions>
          <ns3:TrackPointExtension>
            <ns3:hr>136</ns3:hr>
            <ns3:cad>90</ns3:cad>
          </ns3:TrackPointExtension>
        </extensions>
      </trkpt>
      <trkpt lat="39.1400530748069286346435546875" lon="117.16577709652483463287353515625">
        <ele>5.80000019073486328125</ele>
        <time>2026-09-18T21:59:27.000Z</time>
        <extensions>
          <ns3:TrackPointExtension>
            <ns3:hr>136</ns3:hr>
            <ns3:cad>90</ns3:cad>
          </ns3:TrackPointExtension>
        </extensions>
      </trkpt>
      <trkpt lat="39.14008249528706073760986328125" lon="117.16577726416289806365966796875">
        <ele>5.80000019073486328125</ele>
        <time>2026-09-18T21:59:28.000Z</time>
        <extensions>
          <ns3:TrackPointExtension>
            <ns3:hr>136</ns3:hr>
            <ns3:cad>90</ns3:cad>
          </ns3:TrackPointExtension>
        </extensions>
      </trkpt>
      <trkpt lat="39.14011099375784397125244140625" lon="117.16577139683067798614501953125">
        <ele>5.80000019073486328125</ele>
        <time>2026-09-18T21:59:29.000Z</time>
        <extensions>
          <ns3:TrackPointExtension>
            <ns3:hr>136</ns3:hr>
            <ns3:cad>90</ns3:cad>
          </ns3:TrackPointExtension>
        </extensions>
      </trkpt>
      <trkpt lat="39.14013982750475406646728515625" lon="117.16577659361064434051513671875">
        <ele>5.80000019073486328125</ele>
        <time>2026-09-18T21:59:30.000Z</time>
        <extensions>
          <ns3:TrackPointExtension>
            <ns3:hr>137</ns3:hr>
            <ns3:cad>90</ns3:cad>
          </ns3:TrackPointExtension>
        </extensions>
      </trkpt>
      <trkpt lat="39.14016379974782466888427734375" lon="117.16577022336423397064208984375">
        <ele>5.80000019073486328125</ele>
        <time>2026-09-18T21:59:31.000Z</time>
        <extensions>
          <ns3:TrackPointExtension>
            <ns3:hr>137</ns3:hr>
            <ns3:cad>90</ns3:cad>
          </ns3:TrackPointExtension>
        </extensions>
      </trkpt>
      <trkpt lat="39.14019095711410045623779296875" lon="117.16577433049678802490234375">
        <ele>5.80000019073486328125</ele>
        <time>2026-09-18T21:59:32.000Z</time>
        <extensions>
          <ns3:TrackPointExtension>
            <ns3:hr>137</ns3:hr>
            <ns3:cad>90</ns3:cad>
          </ns3:TrackPointExtension>
        </extensions>
      </trkpt>
      <trkpt lat="39.14021576754748821258544921875" lon="117.16577022336423397064208984375">
        <ele>5.80000019073486328125</ele>
        <time>2026-09-18T21:59:33.000Z</time>
        <extensions>
          <ns3:TrackPointExtension>
            <ns3:hr>137</ns3:hr>
            <ns3:cad>89</ns3:cad>
          </ns3:TrackPointExtension>
        </extensions>
      </trkpt>
      <trkpt lat="39.140244014561176300048828125" lon="117.16577525250613689422607421875">
        <ele>5.80000019073486328125</ele>
        <time>2026-09-18T21:59:34.000Z</time>
        <extensions>
          <ns3:TrackPointExtension>
            <ns3:hr>138</ns3:hr>
            <ns3:cad>89</ns3:cad>
          </ns3:TrackPointExtension>
        </extensions>
      </trkpt>
      <trkpt lat="39.14026916027069091796875" lon="117.16577298939228057861328125">
        <ele>5.80000019073486328125</ele>
        <time>2026-09-18T21:59:35.000Z</time>
        <extensions>
          <ns3:TrackPointExtension>
            <ns3:hr>137</ns3:hr>
            <ns3:cad>89</ns3:cad>
          </ns3:TrackPointExtension>
        </extensions>
      </trkpt>
      <trkpt lat="39.14029522798955440521240234375" lon="117.1657744981348514556884765625">
        <ele>5.80000019073486328125</ele>
        <time>2026-09-18T21:59:36.000Z</time>
        <extensions>
          <ns3:TrackPointExtension>
            <ns3:hr>137</ns3:hr>
            <ns3:cad>89</ns3:cad>
          </ns3:TrackPointExtension>
        </extensions>
      </trkpt>
      <trkpt lat="39.14032347500324249267578125" lon="117.1657701395452022552490234375">
        <ele>5.80000019073486328125</ele>
        <time>2026-09-18T21:59:37.000Z</time>
        <extensions>
          <ns3:TrackPointExtension>
            <ns3:hr>138</ns3:hr>
            <ns3:cad>89</ns3:cad>
          </ns3:TrackPointExtension>
        </extensions>
      </trkpt>
      <trkpt lat="39.14035356603562831878662109375" lon="117.16577340848743915557861328125">
        <ele>5.599999904632568359375</ele>
        <time>2026-09-18T21:59:38.000Z</time>
        <extensions>
          <ns3:TrackPointExtension>
            <ns3:hr>137</ns3:hr>
            <ns3:cad>89</ns3:cad>
          </ns3:TrackPointExtension>
        </extensions>
      </trkpt>
      <trkpt lat="39.14038105867803096771240234375" lon="117.16577156446874141693115234375">
        <ele>5.599999904632568359375</ele>
        <time>2026-09-18T21:59:39.000Z</time>
        <extensions>
          <ns3:TrackPointExtension>
            <ns3:hr>137</ns3:hr>
            <ns3:cad>89</ns3:cad>
          </ns3:TrackPointExtension>
        </extensions>
      </trkpt>
      <trkpt lat="39.14040788076817989349365234375" lon="117.1657711453735828399658203125">
        <ele>5.599999904632568359375</ele>
        <time>2026-09-18T21:59:40.000Z</time>
        <extensions>
          <ns3:TrackPointExtension>
            <ns3:hr>138</ns3:hr>
            <ns3:cad>89</ns3:cad>
          </ns3:TrackPointExtension>
        </extensions>
      </trkpt>
      <trkpt lat="39.140433110296726226806640625" lon="117.1657677926123142242431640625">
        <ele>5.599999904632568359375</ele>
        <time>2026-09-18T21:59:41.000Z</time>
        <extensions>
          <ns3:TrackPointExtension>
            <ns3:hr>138</ns3:hr>
            <ns3:cad>89</ns3:cad>
          </ns3:TrackPointExtension>
        </extensions>
      </trkpt>
      <trkpt lat="39.1404582560062408447265625" lon="117.16576494276523590087890625">
        <ele>5.599999904632568359375</ele>
        <time>2026-09-18T21:59:42.000Z</time>
        <extensions>
          <ns3:TrackPointExtension>
            <ns3:hr>138</ns3:hr>
            <ns3:cad>89</ns3:cad>
          </ns3:TrackPointExtension>
        </extensions>
      </trkpt>
      <trkpt lat="39.14048097096383571624755859375" lon="117.16575765050947666168212890625">
        <ele>5.599999904632568359375</ele>
        <time>2026-09-18T21:59:43.000Z</time>
        <extensions>
          <ns3:TrackPointExtension>
            <ns3:hr>138</ns3:hr>
            <ns3:cad>89</ns3:cad>
          </ns3:TrackPointExtension>
        </extensions>
      </trkpt>
      <trkpt lat="39.14051215164363384246826171875" lon="117.16575060971081256866455078125">
        <ele>5.599999904632568359375</ele>
        <time>2026-09-18T21:59:44.000Z</time>
        <extensions>
          <ns3:TrackPointExtension>
            <ns3:hr>139</ns3:hr>
            <ns3:cad>90</ns3:cad>
          </ns3:TrackPointExtension>
        </extensions>
      </trkpt>
      <trkpt lat="39.14053536951541900634765625" lon="117.1657540462911128997802734375">
        <ele>5.80000019073486328125</ele>
        <time>2026-09-18T21:59:45.000Z</time>
        <extensions>
          <ns3:TrackPointExtension>
            <ns3:hr>139</ns3:hr>
            <ns3:cad>90</ns3:cad>
          </ns3:TrackPointExtension>
        </extensions>
      </trkpt>
      <trkpt lat="39.1405643709003925323486328125" lon="117.16574884951114654541015625">
        <ele>5.80000019073486328125</ele>
        <time>2026-09-18T21:59:46.000Z</time>
        <extensions>
          <ns3:TrackPointExtension>
            <ns3:hr>139</ns3:hr>
            <ns3:cad>90</ns3:cad>
          </ns3:TrackPointExtension>
        </extensions>
      </trkpt>
      <trkpt lat="39.1405861638486385345458984375" lon="117.1657382883131504058837890625">
        <ele>6</ele>
        <time>2026-09-18T21:59:47.000Z</time>
        <extensions>
          <ns3:TrackPointExtension>
            <ns3:hr>139</ns3:hr>
            <ns3:cad>90</ns3:cad>
          </ns3:TrackPointExtension>
        </extensions>
      </trkpt>
      <trkpt lat="39.14061248302459716796875" lon="117.16575614176690578460693359375">
        <ele>6</ele>
        <time>2026-09-18T21:59:48.000Z</time>
        <extensions>
          <ns3:TrackPointExtension>
            <ns3:hr>139</ns3:hr>
            <ns3:cad>90</ns3:cad>
          </ns3:TrackPointExtension>
        </extensions>
      </trkpt>
      <trkpt lat="39.140638299286365509033203125" lon="117.1657486818730831146240234375">
        <ele>6</ele>
        <time>2026-09-18T21:59:49.000Z</time>
        <extensions>
          <ns3:TrackPointExtension>
            <ns3:hr>139</ns3:hr>
            <ns3:cad>89</ns3:cad>
          </ns3:TrackPointExtension>
        </extensions>
      </trkpt>
      <trkpt lat="39.14067484438419342041015625" lon="117.165753543376922607421875">
        <ele>6</ele>
        <time>2026-09-18T21:59:50.000Z</time>
        <extensions>
          <ns3:TrackPointExtension>
            <ns3:hr>139</ns3:hr>
            <ns3:cad>89</ns3:cad>
          </ns3:TrackPointExtension>
        </extensions>
      </trkpt>
      <trkpt lat="39.14069672115147113800048828125" lon="117.1657439880073070526123046875">
        <ele>6</ele>
        <time>2026-09-18T21:59:51.000Z</time>
        <extensions>
          <ns3:TrackPointExtension>
            <ns3:hr>140</ns3:hr>
            <ns3:cad>89</ns3:cad>
          </ns3:TrackPointExtension>
        </extensions>
      </trkpt>
      <trkpt lat="39.14073142223060131072998046875" lon="117.16574708931148052215576171875">
        <ele>6</ele>
        <time>2026-09-18T21:59:52.000Z</time>
        <extensions>
          <ns3:TrackPointExtension>
            <ns3:hr>139</ns3:hr>
            <ns3:cad>89</ns3:cad>
          </ns3:TrackPointExtension>
        </extensions>
      </trkpt>
      <trkpt lat="39.14075053296983242034912109375" lon="117.16573812067508697509765625">
        <ele>6</ele>
        <time>2026-09-18T21:59:53.000Z</time>
        <extensions>
          <ns3:TrackPointExtension>
            <ns3:hr>140</ns3:hr>
            <ns3:cad>89</ns3:cad>
          </ns3:TrackPointExtension>
        </extensions>
      </trkpt>
      <trkpt lat="39.140784479677677154541015625" lon="117.16574474237859249114990234375">
        <ele>6</ele>
        <time>2026-09-18T21:59:54.000Z</time>
        <extensions>
          <ns3:TrackPointExtension>
            <ns3:hr>140</ns3:hr>
            <ns3:cad>90</ns3:cad>
          </ns3:TrackPointExtension>
        </extensions>
      </trkpt>
      <trkpt lat="39.14080920629203319549560546875" lon="117.16573736630380153656005859375">
        <ele>6</ele>
        <time>2026-09-18T21:59:55.000Z</time>
        <extensions>
          <ns3:TrackPointExtension>
            <ns3:hr>140</ns3:hr>
            <ns3:cad>90</ns3:cad>
          </ns3:TrackPointExtension>
        </extensions>
      </trkpt>
      <trkpt lat="39.1408399678766727447509765625" lon="117.165738455951213836669921875">
        <ele>6</ele>
        <time>2026-09-18T21:59:56.000Z</time>
        <extensions>
          <ns3:TrackPointExtension>
            <ns3:hr>139</ns3:hr>
            <ns3:cad>90</ns3:cad>
          </ns3:TrackPointExtension>
        </extensions>
      </trkpt>
      <trkpt lat="39.14086637087166309356689453125" lon="117.16573367826640605926513671875">
        <ele>6</ele>
        <time>2026-09-18T21:59:57.000Z</time>
        <extensions>
          <ns3:TrackPointExtension>
            <ns3:hr>139</ns3:hr>
            <ns3:cad>89</ns3:cad>
          </ns3:TrackPointExtension>
        </extensions>
      </trkpt>
      <trkpt lat="39.140896461904048919677734375" lon="117.165733762085437774658203125">
        <ele>6</ele>
        <time>2026-09-18T21:59:58.000Z</time>
        <extensions>
          <ns3:TrackPointExtension>
            <ns3:hr>139</ns3:hr>
            <ns3:cad>89</ns3:cad>
          </ns3:TrackPointExtension>
        </extensions>
      </trkpt>
      <trkpt lat="39.1409214399755001068115234375" lon="117.16572797857224941253662109375">
        <ele>6</ele>
        <time>2026-09-18T21:59:59.000Z</time>
        <extensions>
          <ns3:TrackPointExtension>
            <ns3:hr>140</ns3:hr>
            <ns3:cad>89</ns3:cad>
          </ns3:TrackPointExtension>
        </extensions>
      </trkpt>
      <trkpt lat="39.1409499384462833404541015625" lon="117.16572412289679050445556640625">
        <ele>6</ele>
        <time>2026-09-18T22:00:00.000Z</time>
        <extensions>
          <ns3:TrackPointExtension>
            <ns3:hr>139</ns3:hr>
            <ns3:cad>89</ns3:cad>
          </ns3:TrackPointExtension>
        </extensions>
      </trkpt>
      <trkpt lat="39.1409724019467830657958984375" lon="117.165715992450714111328125">
        <ele>6</ele>
        <time>2026-09-18T22:00:01.000Z</time>
        <extensions>
          <ns3:TrackPointExtension>
            <ns3:hr>139</ns3:hr>
            <ns3:cad>89</ns3:cad>
          </ns3:TrackPointExtension>
        </extensions>
      </trkpt>
      <trkpt lat="39.14100215770304203033447265625" lon="117.16571993194520473480224609375">
        <ele>6</ele>
        <time>2026-09-18T22:00:02.000Z</time>
        <extensions>
          <ns3:TrackPointExtension>
            <ns3:hr>140</ns3:hr>
            <ns3:cad>89</ns3:cad>
          </ns3:TrackPointExtension>
        </extensions>
      </trkpt>
      <trkpt lat="39.14102311246097087860107421875" lon="117.16572194360196590423583984375">
        <ele>6</ele>
        <time>2026-09-18T22:00:03.000Z</time>
        <extensions>
          <ns3:TrackPointExtension>
            <ns3:hr>139</ns3:hr>
            <ns3:cad>89</ns3:cad>
          </ns3:TrackPointExtension>
        </extensions>
      </trkpt>
      <trkpt lat="39.141052030026912689208984375" lon="117.16572177596390247344970703125">
        <ele>6</ele>
        <time>2026-09-18T22:00:04.000Z</time>
        <extensions>
          <ns3:TrackPointExtension>
            <ns3:hr>139</ns3:hr>
            <ns3:cad>89</ns3:cad>
          </ns3:TrackPointExtension>
        </extensions>
      </trkpt>
      <trkpt lat="39.14107524789869785308837890625" lon="117.1657253801822662353515625">
        <ele>6</ele>
        <time>2026-09-18T22:00:05.000Z</time>
        <extensions>
          <ns3:TrackPointExtension>
            <ns3:hr>139</ns3:hr>
            <ns3:cad>89</ns3:cad>
          </ns3:TrackPointExtension>
        </extensions>
      </trkpt>
      <trkpt lat="39.14110190235078334808349609375" lon="117.16572445817291736602783203125">
        <ele>6</ele>
        <time>2026-09-18T22:00:06.000Z</time>
        <extensions>
          <ns3:TrackPointExtension>
            <ns3:hr>140</ns3:hr>
            <ns3:cad>90</ns3:cad>
          </ns3:TrackPointExtension>
        </extensions>
      </trkpt>
      <trkpt lat="39.14112587459385395050048828125" lon="117.16572630219161510467529296875">
        <ele>5.80000019073486328125</ele>
        <time>2026-09-18T22:00:07.000Z</time>
        <extensions>
          <ns3:TrackPointExtension>
            <ns3:hr>139</ns3:hr>
            <ns3:cad>90</ns3:cad>
          </ns3:TrackPointExtension>
        </extensions>
      </trkpt>
      <trkpt lat="39.14115772582590579986572265625" lon="117.16573409736156463623046875">
        <ele>5.80000019073486328125</ele>
        <time>2026-09-18T22:00:08.000Z</time>
        <extensions>
          <ns3:TrackPointExtension>
            <ns3:hr>139</ns3:hr>
            <ns3:cad>90</ns3:cad>
          </ns3:TrackPointExtension>
        </extensions>
      </trkpt>
      <trkpt lat="39.14118018932640552520751953125" lon="117.1657252125442028045654296875">
        <ele>6</ele>
        <time>2026-09-18T22:00:09.000Z</time>
        <extensions>
          <ns3:TrackPointExtension>
            <ns3:hr>140</ns3:hr>
            <ns3:cad>91</ns3:cad>
          </ns3:TrackPointExtension>
        </extensions>
      </trkpt>
      <trkpt lat="39.1412121243774890899658203125" lon="117.1657369472086429595947265625">
        <ele>5.80000019073486328125</ele>
        <time>2026-09-18T22:00:10.000Z</time>
        <extensions>
          <ns3:TrackPointExtension>
            <ns3:hr>139</ns3:hr>
            <ns3:cad>91</ns3:cad>
          </ns3:TrackPointExtension>
        </extensions>
      </trkpt>
      <trkpt lat="39.14123685099184513092041015625" lon="117.165737450122833251953125">
        <ele>6</ele>
        <time>2026-09-18T22:00:11.000Z</time>
        <extensions>
          <ns3:TrackPointExtension>
            <ns3:hr>140</ns3:hr>
            <ns3:cad>91</ns3:cad>
          </ns3:TrackPointExtension>
        </extensions>
      </trkpt>
      <trkpt lat="39.14126937277615070343017578125" lon="117.16574574820697307586669921875">
        <ele>6</ele>
        <time>2026-09-18T22:00:12.000Z</time>
        <extensions>
          <ns3:TrackPointExtension>
            <ns3:hr>140</ns3:hr>
            <ns3:cad>91</ns3:cad>
          </ns3:TrackPointExtension>
        </extensions>
      </trkpt>
      <trkpt lat="39.14129099808633327484130859375" lon="117.1657396294176578521728515625">
        <ele>6</ele>
        <time>2026-09-18T22:00:13.000Z</time>
        <extensions>
          <ns3:TrackPointExtension>
            <ns3:hr>140</ns3:hr>
            <ns3:cad>91</ns3:cad>
          </ns3:TrackPointExtension>
        </extensions>
      </trkpt>
      <trkpt lat="39.1413197480142116546630859375" lon="117.1657436527311801910400390625">
        <ele>5.80000019073486328125</ele>
        <time>2026-09-18T22:00:14.000Z</time>
        <extensions>
          <ns3:TrackPointExtension>
            <ns3:hr>139</ns3:hr>
            <ns3:cad>91</ns3:cad>
          </ns3:TrackPointExtension>
        </extensions>
      </trkpt>
      <trkpt lat="39.14134916849434375762939453125" lon="117.1657382883131504058837890625">
        <ele>6</ele>
        <time>2026-09-18T22:00:15.000Z</time>
        <extensions>
          <ns3:TrackPointExtension>
            <ns3:hr>140</ns3:hr>
            <ns3:cad>90</ns3:cad>
          </ns3:TrackPointExtension>
        </extensions>
      </trkpt>
      <trkpt lat="39.1413807682693004608154296875" lon="117.16574524529278278350830078125">
        <ele>6</ele>
        <time>2026-09-18T22:00:16.000Z</time>
        <extensions>
          <ns3:TrackPointExtension>
            <ns3:hr>140</ns3:hr>
            <ns3:cad>90</ns3:cad>
          </ns3:TrackPointExtension>
        </extensions>
      </trkpt>
      <trkpt lat="39.14140767417848110198974609375" lon="117.1657399646937847137451171875">
        <ele>6</ele>
        <time>2026-09-18T22:00:17.000Z</time>
        <extensions>
          <ns3:TrackPointExtension>
            <ns3:hr>139</ns3:hr>
            <ns3:cad>90</ns3:cad>
          </ns3:TrackPointExtension>
        </extensions>
      </trkpt>
      <trkpt lat="39.1414364241063594818115234375" lon="117.1657480113208293914794921875">
        <ele>6</ele>
        <time>2026-09-18T22:00:18.000Z</time>
        <extensions>
          <ns3:TrackPointExtension>
            <ns3:hr>140</ns3:hr>
            <ns3:cad>90</ns3:cad>
          </ns3:TrackPointExtension>
        </extensions>
      </trkpt>
      <trkpt lat="39.14146098308265209197998046875" lon="117.16574390418827533721923828125">
        <ele>6</ele>
        <time>2026-09-18T22:00:19.000Z</time>
        <extensions>
          <ns3:TrackPointExtension>
            <ns3:hr>140</ns3:hr>
            <ns3:cad>90</ns3:cad>
          </ns3:TrackPointExtension>
        </extensions>
      </trkpt>
      <trkpt lat="39.1414900682866573333740234375" lon="117.1657453291118144989013671875">
        <ele>6</ele>
        <time>2026-09-18T22:00:20.000Z</time>
        <extensions>
          <ns3:TrackPointExtension>
            <ns3:hr>139</ns3:hr>
            <ns3:cad>90</ns3:cad>
          </ns3:TrackPointExtension>
        </extensions>
      </trkpt>
      <trkpt lat="39.14151345379650592803955078125" lon="117.16574138961732387542724609375">
        <ele>6</ele>
        <time>2026-09-18T22:00:21.000Z</time>
        <extensions>
          <ns3:TrackPointExtension>
            <ns3:hr>140</ns3:hr>
            <ns3:cad>90</ns3:cad>
          </ns3:TrackPointExtension>
        </extensions>
      </trkpt>
      <trkpt lat="39.14154547266662120819091796875" lon="117.16574591584503650665283203125">
        <ele>6</ele>
        <time>2026-09-18T22:00:22.000Z</time>
        <extensions>
          <ns3:TrackPointExtension>
            <ns3:hr>140</ns3:hr>
            <ns3:cad>90</ns3:cad>
          </ns3:TrackPointExtension>
        </extensions>
      </trkpt>
      <trkpt lat="39.14157346822321414947509765625" lon="117.16574960388243198394775390625">
        <ele>6</ele>
        <time>2026-09-18T22:00:23.000Z</time>
        <extensions>
          <ns3:TrackPointExtension>
            <ns3:hr>140</ns3:hr>
            <ns3:cad>90</ns3:cad>
          </ns3:TrackPointExtension>
        </extensions>
      </trkpt>
      <trkpt lat="39.14160154759883880615234375" lon="117.1657516993582248687744140625">
        <ele>5.80000019073486328125</ele>
        <time>2026-09-18T22:00:24.000Z</time>
        <extensions>
          <ns3:TrackPointExtension>
            <ns3:hr>140</ns3:hr>
            <ns3:cad>90</ns3:cad>
          </ns3:TrackPointExtension>
        </extensions>
      </trkpt>
      <trkpt lat="39.14162627421319484710693359375" lon="117.16574658639729022979736328125">
        <ele>5.80000019073486328125</ele>
        <time>2026-09-18T22:00:25.000Z</time>
        <extensions>
          <ns3:TrackPointExtension>
            <ns3:hr>140</ns3:hr>
            <ns3:cad>90</ns3:cad>
          </ns3:TrackPointExtension>
        </extensions>
      </trkpt>
      <trkpt lat="39.14165385067462921142578125" lon="117.16574482619762420654296875">
        <ele>5.80000019073486328125</ele>
        <time>2026-09-18T22:00:26.000Z</time>
        <extensions>
          <ns3:TrackPointExtension>
            <ns3:hr>140</ns3:hr>
            <ns3:cad>91</ns3:cad>
          </ns3:TrackPointExtension>
        </extensions>
      </trkpt>
      <trkpt lat="39.14167975075542926788330078125" lon="117.16573887504637241363525390625">
        <ele>6</ele>
        <time>2026-09-18T22:00:27.000Z</time>
        <extensions>
          <ns3:TrackPointExtension>
            <ns3:hr>140</ns3:hr>
            <ns3:cad>91</ns3:cad>
          </ns3:TrackPointExtension>
        </extensions>
      </trkpt>
      <trkpt lat="39.14171009324491024017333984375" lon="117.16574004851281642913818359375">
        <ele>6</ele>
        <time>2026-09-18T22:00:28.000Z</time>
        <extensions>
          <ns3:TrackPointExtension>
            <ns3:hr>140</ns3:hr>
            <ns3:cad>91</ns3:cad>
          </ns3:TrackPointExtension>
        </extensions>
      </trkpt>
      <trkpt lat="39.14173708297312259674072265625" lon="117.16573770157992839813232421875">
        <ele>6</ele>
        <time>2026-09-18T22:00:29.000Z</time>
        <extensions>
          <ns3:TrackPointExtension>
            <ns3:hr>140</ns3:hr>
            <ns3:cad>90</ns3:cad>
          </ns3:TrackPointExtension>
        </extensions>
      </trkpt>
      <trkpt lat="39.1417660005390644073486328125" lon="117.16574105434119701385498046875">
        <ele>6</ele>
        <time>2026-09-18T22:00:30.000Z</time>
        <extensions>
          <ns3:TrackPointExtension>
            <ns3:hr>140</ns3:hr>
            <ns3:cad>90</ns3:cad>
          </ns3:TrackPointExtension>
        </extensions>
      </trkpt>
      <trkpt lat="39.14179223589599132537841796875" lon="117.16573636047542095184326171875">
        <ele>6</ele>
        <time>2026-09-18T22:00:31.000Z</time>
        <extensions>
          <ns3:TrackPointExtension>
            <ns3:hr>140</ns3:hr>
            <ns3:cad>90</ns3:cad>
          </ns3:TrackPointExtension>
        </extensions>
      </trkpt>
      <trkpt lat="39.14182157255709171295166015625" lon="117.16573946177959442138671875">
        <ele>6</ele>
        <time>2026-09-18T22:00:32.000Z</time>
        <extensions>
          <ns3:TrackPointExtension>
            <ns3:hr>140</ns3:hr>
            <ns3:cad>89</ns3:cad>
          </ns3:TrackPointExtension>
        </extensions>
      </trkpt>
      <trkpt lat="39.14184738881886005401611328125" lon="117.1657339297235012054443359375">
        <ele>6</ele>
        <time>2026-09-18T22:00:33.000Z</time>
        <extensions>
          <ns3:TrackPointExtension>
            <ns3:hr>140</ns3:hr>
            <ns3:cad>89</ns3:cad>
          </ns3:TrackPointExtension>
        </extensions>
      </trkpt>
      <trkpt lat="39.14187689311802387237548828125" lon="117.1657414734363555908203125">
        <ele>6</ele>
        <time>2026-09-18T22:00:34.000Z</time>
        <extensions>
          <ns3:TrackPointExtension>
            <ns3:hr>140</ns3:hr>
            <ns3:cad>90</ns3:cad>
          </ns3:TrackPointExtension>
        </extensions>
      </trkpt>
      <trkpt lat="39.14190354757010936737060546875" lon="117.1657366119325160980224609375">
        <ele>6</ele>
        <time>2026-09-18T22:00:35.000Z</time>
        <extensions>
          <ns3:TrackPointExtension>
            <ns3:hr>140</ns3:hr>
            <ns3:cad>90</ns3:cad>
          </ns3:TrackPointExtension>
        </extensions>
      </trkpt>
      <trkpt lat="39.14193321950733661651611328125" lon="117.16574004851281642913818359375">
        <ele>6</ele>
        <time>2026-09-18T22:00:36.000Z</time>
        <extensions>
          <ns3:TrackPointExtension>
            <ns3:hr>140</ns3:hr>
            <ns3:cad>90</ns3:cad>
          </ns3:TrackPointExtension>
        </extensions>
      </trkpt>
      <trkpt lat="39.141957946121692657470703125" lon="117.16573619283735752105712890625">
        <ele>6</ele>
        <time>2026-09-18T22:00:37.000Z</time>
        <extensions>
          <ns3:TrackPointExtension>
            <ns3:hr>140</ns3:hr>
            <ns3:cad>90</ns3:cad>
          </ns3:TrackPointExtension>
        </extensions>
      </trkpt>
      <trkpt lat="39.1419882886111736297607421875" lon="117.165739126503467559814453125">
        <ele>6</ele>
        <time>2026-09-18T22:00:38.000Z</time>
        <extensions>
          <ns3:TrackPointExtension>
            <ns3:hr>140</ns3:hr>
            <ns3:cad>90</ns3:cad>
          </ns3:TrackPointExtension>
        </extensions>
      </trkpt>
      <trkpt lat="39.14200949482619762420654296875" lon="117.16572965495288372039794921875">
        <ele>6</ele>
        <time>2026-09-18T22:00:39.000Z</time>
        <extensions>
          <ns3:TrackPointExtension>
            <ns3:hr>140</ns3:hr>
            <ns3:cad>90</ns3:cad>
          </ns3:TrackPointExtension>
        </extensions>
      </trkpt>
      <trkpt lat="39.14204008877277374267578125" lon="117.16572680510580539703369140625">
        <ele>6</ele>
        <time>2026-09-18T22:00:40.000Z</time>
        <extensions>
          <ns3:TrackPointExtension>
            <ns3:hr>140</ns3:hr>
            <ns3:cad>90</ns3:cad>
          </ns3:TrackPointExtension>
        </extensions>
      </trkpt>
      <trkpt lat="39.1420670785009860992431640625" lon="117.1657198481261730194091796875">
        <ele>6</ele>
        <time>2026-09-18T22:00:41.000Z</time>
        <extensions>
          <ns3:TrackPointExtension>
            <ns3:hr>140</ns3:hr>
            <ns3:cad>90</ns3:cad>
          </ns3:TrackPointExtension>
        </extensions>
      </trkpt>
      <trkpt lat="39.1420939005911350250244140625" lon="117.165724374353885650634765625">
        <ele>6</ele>
        <time>2026-09-18T22:00:42.000Z</time>
        <extensions>
          <ns3:TrackPointExtension>
            <ns3:hr>140</ns3:hr>
            <ns3:cad>90</ns3:cad>
          </ns3:TrackPointExtension>
        </extensions>
      </trkpt>
      <trkpt lat="39.14212466217577457427978515625" lon="117.16572202742099761962890625">
        <ele>6</ele>
        <time>2026-09-18T22:00:43.000Z</time>
        <extensions>
          <ns3:TrackPointExtension>
            <ns3:hr>140</ns3:hr>
            <ns3:cad>90</ns3:cad>
          </ns3:TrackPointExtension>
        </extensions>
      </trkpt>
      <trkpt lat="39.14215165190398693084716796875" lon="117.16572663746774196624755859375">
        <ele>5.80000019073486328125</ele>
        <time>2026-09-18T22:00:44.000Z</time>
        <extensions>
          <ns3:TrackPointExtension>
            <ns3:hr>140</ns3:hr>
            <ns3:cad>90</ns3:cad>
          </ns3:TrackPointExtension>
        </extensions>
      </trkpt>
      <trkpt lat="39.14217688143253326416015625" lon="117.1657238714396953582763671875">
        <ele>5.80000019073486328125</ele>
        <time>2026-09-18T22:00:45.000Z</time>
        <extensions>
          <ns3:TrackPointExtension>
            <ns3:hr>140</ns3:hr>
            <ns3:cad>90</ns3:cad>
          </ns3:TrackPointExtension>
        </extensions>
      </trkpt>
      <trkpt lat="39.1422042064368724822998046875" lon="117.1657299064099788665771484375">
        <ele>5.80000019073486328125</ele>
        <time>2026-09-18T22:00:46.000Z</time>
        <extensions>
          <ns3:TrackPointExtension>
            <ns3:hr>140</ns3:hr>
            <ns3:cad>90</ns3:cad>
          </ns3:TrackPointExtension>
        </extensions>
      </trkpt>
      <trkpt lat="39.142226837575435638427734375" lon="117.16572596691548824310302734375">
        <ele>6</ele>
        <time>2026-09-18T22:00:47.000Z</time>
        <extensions>
          <ns3:TrackPointExtension>
            <ns3:hr>140</ns3:hr>
            <ns3:cad>90</ns3:cad>
          </ns3:TrackPointExtension>
        </extensions>
      </trkpt>
      <trkpt lat="39.142255671322345733642578125" lon="117.16573216952383518218994140625">
        <ele>5.80000019073486328125</ele>
        <time>2026-09-18T22:00:48.000Z</time>
        <extensions>
          <ns3:TrackPointExtension>
            <ns3:hr>140</ns3:hr>
            <ns3:cad>90</ns3:cad>
          </ns3:TrackPointExtension>
        </extensions>
      </trkpt>
      <trkpt lat="39.14228056557476520538330078125" lon="117.1657289005815982818603515625">
        <ele>6</ele>
        <time>2026-09-18T22:00:49.000Z</time>
        <extensions>
          <ns3:TrackPointExtension>
            <ns3:hr>140</ns3:hr>
            <ns3:cad>90</ns3:cad>
          </ns3:TrackPointExtension>
        </extensions>
      </trkpt>
      <trkpt lat="39.1423078067600727081298828125" lon="117.16572529636323451995849609375">
        <ele>5.80000019073486328125</ele>
        <time>2026-09-18T22:00:50.000Z</time>
        <extensions>
          <ns3:TrackPointExtension>
            <ns3:hr>140</ns3:hr>
            <ns3:cad>90</ns3:cad>
          </ns3:TrackPointExtension>
        </extensions>
      </trkpt>
      <trkpt lat="39.14233647286891937255859375" lon="117.1657164953649044036865234375">
        <ele>5.80000019073486328125</ele>
        <time>2026-09-18T22:00:51.000Z</time>
        <extensions>
          <ns3:TrackPointExtension>
            <ns3:hr>140</ns3:hr>
            <ns3:cad>90</ns3:cad>
          </ns3:TrackPointExtension>
        </extensions>
      </trkpt>
      <trkpt lat="39.142363965511322021484375" lon="117.1657118014991283416748046875">
        <ele>5.80000019073486328125</ele>
        <time>2026-09-18T22:00:52.000Z</time>
        <extensions>
          <ns3:TrackPointExtension>
            <ns3:hr>139</ns3:hr>
            <ns3:cad>90</ns3:cad>
          </ns3:TrackPointExtension>
        </extensions>
      </trkpt>
      <trkpt lat="39.14239439181983470916748046875" lon="117.1657074429094791412353515625">
        <ele>5.80000019073486328125</ele>
        <time>2026-09-18T22:00:53.000Z</time>
        <extensions>
          <ns3:TrackPointExtension>
            <ns3:hr>140</ns3:hr>
            <ns3:cad>90</ns3:cad>
          </ns3:TrackPointExtension>
        </extensions>
      </trkpt>
      <trkpt lat="39.14242020808160305023193359375" lon="117.16570467688143253326416015625">
        <ele>6</ele>
        <time>2026-09-18T22:00:54.000Z</time>
        <extensions>
          <ns3:TrackPointExtension>
            <ns3:hr>140</ns3:hr>
            <ns3:cad>90</ns3:cad>
          </ns3:TrackPointExtension>
        </extensions>
      </trkpt>
      <trkpt lat="39.14244602434337139129638671875" lon="117.16570015065371990203857421875">
        <ele>6</ele>
        <time>2026-09-18T22:00:55.000Z</time>
        <extensions>
          <ns3:TrackPointExtension>
            <ns3:hr>139</ns3:hr>
            <ns3:cad>90</ns3:cad>
          </ns3:TrackPointExtension>
        </extensions>
      </trkpt>
      <trkpt lat="39.142470918595790863037109375" lon="117.16569713316857814788818359375">
        <ele>5.80000019073486328125</ele>
        <time>2026-09-18T22:00:56.000Z</time>
        <extensions>
          <ns3:TrackPointExtension>
            <ns3:hr>140</ns3:hr>
            <ns3:cad>90</ns3:cad>
          </ns3:TrackPointExtension>
        </extensions>
      </trkpt>
      <trkpt lat="39.14249874651432037353515625" lon="117.1656967140734195709228515625">
        <ele>5.80000019073486328125</ele>
        <time>2026-09-18T22:00:57.000Z</time>
        <extensions>
          <ns3:TrackPointExtension>
            <ns3:hr>140</ns3:hr>
            <ns3:cad>90</ns3:cad>
          </ns3:TrackPointExtension>
        </extensions>
      </trkpt>
      <trkpt lat="39.1425237245857715606689453125" lon="117.16570031829178333282470703125">
        <ele>5.80000019073486328125</ele>
        <time>2026-09-18T22:00:58.000Z</time>
        <extensions>
          <ns3:TrackPointExtension>
            <ns3:hr>140</ns3:hr>
            <ns3:cad>90</ns3:cad>
          </ns3:TrackPointExtension>
        </extensions>
      </trkpt>
      <trkpt lat="39.14255239069461822509765625" lon="117.165694870054721832275390625">
        <ele>5.80000019073486328125</ele>
        <time>2026-09-18T22:00:59.000Z</time>
        <extensions>
          <ns3:TrackPointExtension>
            <ns3:hr>139</ns3:hr>
            <ns3:cad>90</ns3:cad>
          </ns3:TrackPointExtension>
        </extensions>
      </trkpt>
      <trkpt lat="39.14257787168025970458984375" lon="117.1656910143792629241943359375">
        <ele>5.80000019073486328125</ele>
        <time>2026-09-18T22:01:00.000Z</time>
        <extensions>
          <ns3:TrackPointExtension>
            <ns3:hr>139</ns3:hr>
            <ns3:cad>90</ns3:cad>
          </ns3:TrackPointExtension>
        </extensions>
      </trkpt>
      <trkpt lat="39.14260762743651866912841796875" lon="117.16568908654153347015380859375">
        <ele>5.80000019073486328125</ele>
        <time>2026-09-18T22:01:01.000Z</time>
        <extensions>
          <ns3:TrackPointExtension>
            <ns3:hr>139</ns3:hr>
            <ns3:cad>91</ns3:cad>
          </ns3:TrackPointExtension>
        </extensions>
      </trkpt>
      <trkpt lat="39.14263428188860416412353515625" lon="117.16568422503769397735595703125">
        <ele>5.80000019073486328125</ele>
        <time>2026-09-18T22:01:02.000Z</time>
        <extensions>
          <ns3:TrackPointExtension>
            <ns3:hr>138</ns3:hr>
            <ns3:cad>91</ns3:cad>
          </ns3:TrackPointExtension>
        </extensions>
      </trkpt>
      <trkpt lat="39.142665378749370574951171875" lon="117.1656816266477108001708984375">
        <ele>5.80000019073486328125</ele>
        <time>2026-09-18T22:01:03.000Z</time>
        <extensions>
          <ns3:TrackPointExtension>
            <ns3:hr>138</ns3:hr>
            <ns3:cad>90</ns3:cad>
          </ns3:TrackPointExtension>
        </extensions>
      </trkpt>
      <trkpt lat="39.142694883048534393310546875" lon="117.16567953117191791534423828125">
        <ele>5.80000019073486328125</ele>
        <time>2026-09-18T22:01:04.000Z</time>
        <extensions>
          <ns3:TrackPointExtension>
            <ns3:hr>138</ns3:hr>
            <ns3:cad>90</ns3:cad>
          </ns3:TrackPointExtension>
        </extensions>
      </trkpt>
      <trkpt lat="39.14272849448025226593017578125" lon="117.16567911207675933837890625">
        <ele>5.80000019073486328125</ele>
        <time>2026-09-18T22:01:05.000Z</time>
        <extensions>
          <ns3:TrackPointExtension>
            <ns3:hr>138</ns3:hr>
            <ns3:cad>90</ns3:cad>
          </ns3:TrackPointExtension>
        </extensions>
      </trkpt>
      <trkpt lat="39.14275464601814746856689453125" lon="117.16567642986774444580078125">
        <ele>5.80000019073486328125</ele>
        <time>2026-09-18T22:01:06.000Z</time>
        <extensions>
          <ns3:TrackPointExtension>
            <ns3:hr>139</ns3:hr>
            <ns3:cad>90</ns3:cad>
          </ns3:TrackPointExtension>
        </extensions>
      </trkpt>
      <trkpt lat="39.14278708398342132568359375" lon="117.16567500494420528411865234375">
        <ele>5.80000019073486328125</ele>
        <time>2026-09-18T22:01:07.000Z</time>
        <extensions>
          <ns3:TrackPointExtension>
            <ns3:hr>139</ns3:hr>
            <ns3:cad>90</ns3:cad>
          </ns3:TrackPointExtension>
        </extensions>
      </trkpt>
      <trkpt lat="39.14281147532165050506591796875" lon="117.16566838324069976806640625">
        <ele>5.80000019073486328125</ele>
        <time>2026-09-18T22:01:08.000Z</time>
        <extensions>
          <ns3:TrackPointExtension>
            <ns3:hr>139</ns3:hr>
            <ns3:cad>90</ns3:cad>
          </ns3:TrackPointExtension>
        </extensions>
      </trkpt>
      <trkpt lat="39.14283980615437030792236328125" lon="117.16566377319395542144775390625">
        <ele>5.80000019073486328125</ele>
        <time>2026-09-18T22:01:09.000Z</time>
        <extensions>
          <ns3:TrackPointExtension>
            <ns3:hr>139</ns3:hr>
            <ns3:cad>90</ns3:cad>
          </ns3:TrackPointExtension>
        </extensions>
      </trkpt>
      <trkpt lat="39.14286294020712375640869140625" lon="117.165659330785274505615234375">
        <ele>5.80000019073486328125</ele>
        <time>2026-09-18T22:01:10.000Z</time>
        <extensions>
          <ns3:TrackPointExtension>
            <ns3:hr>138</ns3:hr>
            <ns3:cad>90</ns3:cad>
          </ns3:TrackPointExtension>
        </extensions>
      </trkpt>
      <trkpt lat="39.14289412088692188262939453125" lon="117.165656983852386474609375">
        <ele>5.80000019073486328125</ele>
        <time>2026-09-18T22:01:11.000Z</time>
        <extensions>
          <ns3:TrackPointExtension>
            <ns3:hr>139</ns3:hr>
            <ns3:cad>90</ns3:cad>
          </ns3:TrackPointExtension>
        </extensions>
      </trkpt>
      <trkpt lat="39.14291918277740478515625" lon="117.16565421782433986663818359375">
        <ele>5.80000019073486328125</ele>
        <time>2026-09-18T22:01:12.000Z</time>
        <extensions>
          <ns3:TrackPointExtension>
            <ns3:hr>139</ns3:hr>
            <ns3:cad>89</ns3:cad>
          </ns3:TrackPointExtension>
        </extensions>
      </trkpt>
      <trkpt lat="39.14294977672398090362548828125" lon="117.1656583249568939208984375">
        <ele>5.80000019073486328125</ele>
        <time>2026-09-18T22:01:13.000Z</time>
        <extensions>
          <ns3:TrackPointExtension>
            <ns3:hr>138</ns3:hr>
            <ns3:cad>89</ns3:cad>
          </ns3:TrackPointExtension>
        </extensions>
      </trkpt>
      <trkpt lat="39.14297525770962238311767578125" lon="117.16566528193652629852294921875">
        <ele>5.80000019073486328125</ele>
        <time>2026-09-18T22:01:14.000Z</time>
        <extensions>
          <ns3:TrackPointExtension>
            <ns3:hr>139</ns3:hr>
            <ns3:cad>89</ns3:cad>
          </ns3:TrackPointExtension>
        </extensions>
      </trkpt>
      <trkpt lat="39.14300492964684963226318359375" lon="117.16567031107842922210693359375">
        <ele>5.80000019073486328125</ele>
        <time>2026-09-18T22:01:15.000Z</time>
        <extensions>
          <ns3:TrackPointExtension>
            <ns3:hr>139</ns3:hr>
            <ns3:cad>89</ns3:cad>
          </ns3:TrackPointExtension>
        </extensions>
      </trkpt>
      <trkpt lat="39.143028147518634796142578125" lon="117.16567416675388813018798828125">
        <ele>5.80000019073486328125</ele>
        <time>2026-09-18T22:01:16.000Z</time>
        <extensions>
          <ns3:TrackPointExtension>
            <ns3:hr>138</ns3:hr>
            <ns3:cad>89</ns3:cad>
          </ns3:TrackPointExtension>
        </extensions>
      </trkpt>
      <trkpt lat="39.14305890910327434539794921875" lon="117.16567986644804477691650390625">
        <ele>5.599999904632568359375</ele>
        <time>2026-09-18T22:01:17.000Z</time>
        <extensions>
          <ns3:TrackPointExtension>
            <ns3:hr>138</ns3:hr>
            <ns3:cad>89</ns3:cad>
          </ns3:TrackPointExtension>
        </extensions>
      </trkpt>
      <trkpt lat="39.1430841386318206787109375" lon="117.165675424039363861083984375">
        <ele>5.599999904632568359375</ele>
        <time>2026-09-18T22:01:18.000Z</time>
        <extensions>
          <ns3:TrackPointExtension>
            <ns3:hr>138</ns3:hr>
            <ns3:cad>90</ns3:cad>
          </ns3:TrackPointExtension>
        </extensions>
      </trkpt>
      <trkpt lat="39.14311439730226993560791015625" lon="117.165677435696125030517578125">
        <ele>5.599999904632568359375</ele>
        <time>2026-09-18T22:01:19.000Z</time>
        <extensions>
          <ns3:TrackPointExtension>
            <ns3:hr>137</ns3:hr>
            <ns3:cad>90</ns3:cad>
          </ns3:TrackPointExtension>
        </extensions>
      </trkpt>
      <trkpt lat="39.1431406326591968536376953125" lon="117.165671400725841522216796875">
        <ele>5.599999904632568359375</ele>
        <time>2026-09-18T22:01:20.000Z</time>
        <extensions>
          <ns3:TrackPointExtension>
            <ns3:hr>137</ns3:hr>
            <ns3:cad>90</ns3:cad>
          </ns3:TrackPointExtension>
        </extensions>
      </trkpt>
      <trkpt lat="39.14317357353866100311279296875" lon="117.16567047871649265289306640625">
        <ele>5.599999904632568359375</ele>
        <time>2026-09-18T22:01:21.000Z</time>
        <extensions>
          <ns3:TrackPointExtension>
            <ns3:hr>137</ns3:hr>
            <ns3:cad>90</ns3:cad>
          </ns3:TrackPointExtension>
        </extensions>
      </trkpt>
      <trkpt lat="39.14319955743849277496337890625" lon="117.1656719036400318145751953125">
        <ele>5.599999904632568359375</ele>
        <time>2026-09-18T22:01:22.000Z</time>
        <extensions>
          <ns3:TrackPointExtension>
            <ns3:hr>137</ns3:hr>
            <ns3:cad>90</ns3:cad>
          </ns3:TrackPointExtension>
        </extensions>
      </trkpt>
      <trkpt lat="39.14323006756603717803955078125" lon="117.1656690537929534912109375">
        <ele>5.80000019073486328125</ele>
        <time>2026-09-18T22:01:23.000Z</time>
        <extensions>
          <ns3:TrackPointExtension>
            <ns3:hr>137</ns3:hr>
            <ns3:cad>90</ns3:cad>
          </ns3:TrackPointExtension>
        </extensions>
      </trkpt>
      <trkpt lat="39.1432542912662029266357421875" lon="117.1656692214310169219970703125">
        <ele>5.80000019073486328125</ele>
        <time>2026-09-18T22:01:24.000Z</time>
        <extensions>
          <ns3:TrackPointExtension>
            <ns3:hr>138</ns3:hr>
            <ns3:cad>90</ns3:cad>
          </ns3:TrackPointExtension>
        </extensions>
      </trkpt>
      <trkpt lat="39.143282957375049591064453125" lon="117.1656672097742557525634765625">
        <ele>5.80000019073486328125</ele>
        <time>2026-09-18T22:01:25.000Z</time>
        <extensions>
          <ns3:TrackPointExtension>
            <ns3:hr>137</ns3:hr>
            <ns3:cad>89</ns3:cad>
          </ns3:TrackPointExtension>
        </extensions>
      </trkpt>
      <trkpt lat="39.14330651052296161651611328125" lon="117.1656668744981288909912109375">
        <ele>5.80000019073486328125</ele>
        <time>2026-09-18T22:01:26.000Z</time>
        <extensions>
          <ns3:TrackPointExtension>
            <ns3:hr>137</ns3:hr>
            <ns3:cad>90</ns3:cad>
          </ns3:TrackPointExtension>
        </extensions>
      </trkpt>
      <trkpt lat="39.1433340869843959808349609375" lon="117.16566612012684345245361328125">
        <ele>5.80000019073486328125</ele>
        <time>2026-09-18T22:01:27.000Z</time>
        <extensions>
          <ns3:TrackPointExtension>
            <ns3:hr>137</ns3:hr>
            <ns3:cad>90</ns3:cad>
          </ns3:TrackPointExtension>
        </extensions>
      </trkpt>
      <trkpt lat="39.1433595679700374603271484375" lon="117.165657319128513336181640625">
        <ele>5.80000019073486328125</ele>
        <time>2026-09-18T22:01:28.000Z</time>
        <extensions>
          <ns3:TrackPointExtension>
            <ns3:hr>138</ns3:hr>
            <ns3:cad>90</ns3:cad>
          </ns3:TrackPointExtension>
        </extensions>
      </trkpt>
      <trkpt lat="39.1433887369930744171142578125" lon="117.1656568162143230438232421875">
        <ele>5.80000019073486328125</ele>
        <time>2026-09-18T22:01:29.000Z</time>
        <extensions>
          <ns3:TrackPointExtension>
            <ns3:hr>137</ns3:hr>
            <ns3:cad>89</ns3:cad>
          </ns3:TrackPointExtension>
        </extensions>
      </trkpt>
      <trkpt lat="39.1434135474264621734619140625" lon="117.16565304435789585113525390625">
        <ele>5.80000019073486328125</ele>
        <time>2026-09-18T22:01:30.000Z</time>
        <extensions>
          <ns3:TrackPointExtension>
            <ns3:hr>137</ns3:hr>
            <ns3:cad>89</ns3:cad>
          </ns3:TrackPointExtension>
        </extensions>
      </trkpt>
      <trkpt lat="39.1434433870017528533935546875" lon="117.16565237380564212799072265625">
        <ele>5.80000019073486328125</ele>
        <time>2026-09-18T22:01:31.000Z</time>
        <extensions>
          <ns3:TrackPointExtension>
            <ns3:hr>137</ns3:hr>
            <ns3:cad>90</ns3:cad>
          </ns3:TrackPointExtension>
        </extensions>
      </trkpt>
      <trkpt lat="39.14347104728221893310546875" lon="117.1656521223485469818115234375">
        <ele>5.80000019073486328125</ele>
        <time>2026-09-18T22:01:32.000Z</time>
        <extensions>
          <ns3:TrackPointExtension>
            <ns3:hr>137</ns3:hr>
            <ns3:cad>90</ns3:cad>
          </ns3:TrackPointExtension>
        </extensions>
      </trkpt>
      <trkpt lat="39.14349929429590702056884765625" lon="117.16565371491014957427978515625">
        <ele>5.80000019073486328125</ele>
        <time>2026-09-18T22:01:33.000Z</time>
        <extensions>
          <ns3:TrackPointExtension>
            <ns3:hr>137</ns3:hr>
            <ns3:cad>90</ns3:cad>
          </ns3:TrackPointExtension>
        </extensions>
      </trkpt>
      <trkpt lat="39.143525026738643646240234375" lon="117.1656529605388641357421875">
        <ele>5.80000019073486328125</ele>
        <time>2026-09-18T22:01:34.000Z</time>
        <extensions>
          <ns3:TrackPointExtension>
            <ns3:hr>138</ns3:hr>
            <ns3:cad>90</ns3:cad>
          </ns3:TrackPointExtension>
        </extensions>
      </trkpt>
      <trkpt lat="39.14355419576168060302734375" lon="117.16565505601465702056884765625">
        <ele>5.80000019073486328125</ele>
        <time>2026-09-18T22:01:35.000Z</time>
        <extensions>
          <ns3:TrackPointExtension>
            <ns3:hr>137</ns3:hr>
            <ns3:cad>90</ns3:cad>
          </ns3:TrackPointExtension>
        </extensions>
      </trkpt>
      <trkpt lat="39.14357607252895832061767578125" lon="117.16565153561532497406005859375">
        <ele>6</ele>
        <time>2026-09-18T22:01:36.000Z</time>
        <extensions>
          <ns3:TrackPointExtension>
            <ns3:hr>137</ns3:hr>
            <ns3:cad>90</ns3:cad>
          </ns3:TrackPointExtension>
        </extensions>
      </trkpt>
      <trkpt lat="39.14360624738037586212158203125" lon="117.16565136797726154327392578125">
        <ele>5.80000019073486328125</ele>
        <time>2026-09-18T22:01:37.000Z</time>
        <extensions>
          <ns3:TrackPointExtension>
            <ns3:hr>137</ns3:hr>
            <ns3:cad>90</ns3:cad>
          </ns3:TrackPointExtension>
        </extensions>
      </trkpt>
      <trkpt lat="39.14363089017570018768310546875" lon="117.16564952395856380462646484375">
        <ele>6</ele>
        <time>2026-09-18T22:01:38.000Z</time>
        <extensions>
          <ns3:TrackPointExtension>
            <ns3:hr>137</ns3:hr>
            <ns3:cad>90</ns3:cad>
          </ns3:TrackPointExtension>
        </extensions>
      </trkpt>
      <trkpt lat="39.1436616517603397369384765625" lon="117.16564826667308807373046875">
        <ele>5.80000019073486328125</ele>
        <time>2026-09-18T22:01:39.000Z</time>
        <extensions>
          <ns3:TrackPointExtension>
            <ns3:hr>137</ns3:hr>
            <ns3:cad>90</ns3:cad>
          </ns3:TrackPointExtension>
        </extensions>
      </trkpt>
      <trkpt lat="39.1436867974698543548583984375" lon="117.16564550064504146575927734375">
        <ele>5.80000019073486328125</ele>
        <time>2026-09-18T22:01:40.000Z</time>
        <extensions>
          <ns3:TrackPointExtension>
            <ns3:hr>138</ns3:hr>
            <ns3:cad>90</ns3:cad>
          </ns3:TrackPointExtension>
        </extensions>
      </trkpt>
      <trkpt lat="39.14371806196868419647216796875" lon="117.16564784757792949676513671875">
        <ele>5.80000019073486328125</ele>
        <time>2026-09-18T22:01:41.000Z</time>
        <extensions>
          <ns3:TrackPointExtension>
            <ns3:hr>137</ns3:hr>
            <ns3:cad>90</ns3:cad>
          </ns3:TrackPointExtension>
        </extensions>
      </trkpt>
      <trkpt lat="39.14374371059238910675048828125" lon="117.165647260844707489013671875">
        <ele>5.80000019073486328125</ele>
        <time>2026-09-18T22:01:42.000Z</time>
        <extensions>
          <ns3:TrackPointExtension>
            <ns3:hr>137</ns3:hr>
            <ns3:cad>90</ns3:cad>
          </ns3:TrackPointExtension>
        </extensions>
      </trkpt>
      <trkpt lat="39.14377413690090179443359375" lon="117.16564767993986606597900390625">
        <ele>5.80000019073486328125</ele>
        <time>2026-09-18T22:01:43.000Z</time>
        <extensions>
          <ns3:TrackPointExtension>
            <ns3:hr>137</ns3:hr>
            <ns3:cad>90</ns3:cad>
          </ns3:TrackPointExtension>
        </extensions>
      </trkpt>
      <trkpt lat="39.1437987796962261199951171875" lon="117.1656487695872783660888671875">
        <ele>5.80000019073486328125</ele>
        <time>2026-09-18T22:01:44.000Z</time>
        <extensions>
          <ns3:TrackPointExtension>
            <ns3:hr>138</ns3:hr>
            <ns3:cad>90</ns3:cad>
          </ns3:TrackPointExtension>
        </extensions>
      </trkpt>
      <trkpt lat="39.1438282839953899383544921875" lon="117.165646255016326904296875">
        <ele>5.80000019073486328125</ele>
        <time>2026-09-18T22:01:45.000Z</time>
        <extensions>
          <ns3:TrackPointExtension>
            <ns3:hr>138</ns3:hr>
            <ns3:cad>90</ns3:cad>
          </ns3:TrackPointExtension>
        </extensions>
      </trkpt>
      <trkpt lat="39.143855273723602294921875" lon="117.16564633883535861968994140625">
        <ele>5.80000019073486328125</ele>
        <time>2026-09-18T22:01:46.000Z</time>
        <extensions>
          <ns3:TrackPointExtension>
            <ns3:hr>138</ns3:hr>
            <ns3:cad>89</ns3:cad>
          </ns3:TrackPointExtension>
        </extensions>
      </trkpt>
      <trkpt lat="39.1438846103847026824951171875" lon="117.1656454168260097503662109375">
        <ele>5.80000019073486328125</ele>
        <time>2026-09-18T22:01:47.000Z</time>
        <extensions>
          <ns3:TrackPointExtension>
            <ns3:hr>139</ns3:hr>
            <ns3:cad>89</ns3:cad>
          </ns3:TrackPointExtension>
        </extensions>
      </trkpt>
      <trkpt lat="39.14390782825648784637451171875" lon="117.1656447462737560272216796875">
        <ele>5.80000019073486328125</ele>
        <time>2026-09-18T22:01:48.000Z</time>
        <extensions>
          <ns3:TrackPointExtension>
            <ns3:hr>140</ns3:hr>
            <ns3:cad>89</ns3:cad>
          </ns3:TrackPointExtension>
        </extensions>
      </trkpt>
      <trkpt lat="39.1439308784902095794677734375" lon="117.1656450815498828887939453125">
        <ele>5.80000019073486328125</ele>
        <time>2026-09-18T22:01:49.000Z</time>
        <extensions>
          <ns3:TrackPointExtension>
            <ns3:hr>140</ns3:hr>
            <ns3:cad>89</ns3:cad>
          </ns3:TrackPointExtension>
        </extensions>
      </trkpt>
      <trkpt lat="39.14394739083945751190185546875" lon="117.16564424335956573486328125">
        <ele>5.80000019073486328125</ele>
        <time>2026-09-18T22:01:50.000Z</time>
        <extensions>
          <ns3:TrackPointExtension>
            <ns3:hr>140</ns3:hr>
            <ns3:cad>90</ns3:cad>
          </ns3:TrackPointExtension>
        </extensions>
      </trkpt>
      <trkpt lat="39.1439747996628284454345703125" lon="117.165643237531185150146484375">
        <ele>5.80000019073486328125</ele>
        <time>2026-09-18T22:01:51.000Z</time>
        <extensions>
          <ns3:TrackPointExtension>
            <ns3:hr>140</ns3:hr>
            <ns3:cad>90</ns3:cad>
          </ns3:TrackPointExtension>
        </extensions>
      </trkpt>
      <trkpt lat="39.14399273693561553955078125" lon="117.165637873113155364990234375">
        <ele>5.80000019073486328125</ele>
        <time>2026-09-18T22:01:52.000Z</time>
        <extensions>
          <ns3:TrackPointExtension>
            <ns3:hr>140</ns3:hr>
            <ns3:cad>90</ns3:cad>
          </ns3:TrackPointExtension>
        </extensions>
      </trkpt>
      <trkpt lat="39.14402299560606479644775390625" lon="117.165642566978931427001953125">
        <ele>5.80000019073486328125</ele>
        <time>2026-09-18T22:01:53.000Z</time>
        <extensions>
          <ns3:TrackPointExtension>
            <ns3:hr>140</ns3:hr>
            <ns3:cad>90</ns3:cad>
          </ns3:TrackPointExtension>
        </extensions>
      </trkpt>
      <trkpt lat="39.144046716392040252685546875" lon="117.16563929803669452667236328125">
        <ele>5.80000019073486328125</ele>
        <time>2026-09-18T22:01:54.000Z</time>
        <extensions>
          <ns3:TrackPointExtension>
            <ns3:hr>140</ns3:hr>
            <ns3:cad>90</ns3:cad>
          </ns3:TrackPointExtension>
        </extensions>
      </trkpt>
      <trkpt lat="39.1440814174711704254150390625" lon="117.16564432717859745025634765625">
        <ele>5.80000019073486328125</ele>
        <time>2026-09-18T22:01:55.000Z</time>
        <extensions>
          <ns3:TrackPointExtension>
            <ns3:hr>140</ns3:hr>
            <ns3:cad>90</ns3:cad>
          </ns3:TrackPointExtension>
        </extensions>
      </trkpt>
      <trkpt lat="39.14410379715263843536376953125" lon="117.16564013622701168060302734375">
        <ele>6</ele>
        <time>2026-09-18T22:01:56.000Z</time>
        <extensions>
          <ns3:TrackPointExtension>
            <ns3:hr>140</ns3:hr>
            <ns3:cad>90</ns3:cad>
          </ns3:TrackPointExtension>
        </extensions>
      </trkpt>
      <trkpt lat="39.14413598366081714630126953125" lon="117.16563896276056766510009765625">
        <ele>6</ele>
        <time>2026-09-18T22:01:57.000Z</time>
        <extensions>
          <ns3:TrackPointExtension>
            <ns3:hr>140</ns3:hr>
            <ns3:cad>90</ns3:cad>
          </ns3:TrackPointExtension>
        </extensions>
      </trkpt>
      <trkpt lat="39.144163392484188079833984375" lon="117.1656353585422039031982421875">
        <ele>6</ele>
        <time>2026-09-18T22:01:58.000Z</time>
        <extensions>
          <ns3:TrackPointExtension>
            <ns3:hr>140</ns3:hr>
            <ns3:cad>90</ns3:cad>
          </ns3:TrackPointExtension>
        </extensions>
      </trkpt>
      <trkpt lat="39.14419717155396938323974609375" lon="117.1656366996467113494873046875">
        <ele>6</ele>
        <time>2026-09-18T22:01:59.000Z</time>
        <extensions>
          <ns3:TrackPointExtension>
            <ns3:hr>140</ns3:hr>
            <ns3:cad>89</ns3:cad>
          </ns3:TrackPointExtension>
        </extensions>
      </trkpt>
      <trkpt lat="39.1442218981683254241943359375" lon="117.1656336821615695953369140625">
        <ele>6</ele>
        <time>2026-09-18T22:02:00.000Z</time>
        <extensions>
          <ns3:TrackPointExtension>
            <ns3:hr>140</ns3:hr>
            <ns3:cad>89</ns3:cad>
          </ns3:TrackPointExtension>
        </extensions>
      </trkpt>
      <trkpt lat="39.144255928695201873779296875" lon="117.16563695110380649566650390625">
        <ele>6</ele>
        <time>2026-09-18T22:02:01.000Z</time>
        <extensions>
          <ns3:TrackPointExtension>
            <ns3:hr>139</ns3:hr>
            <ns3:cad>90</ns3:cad>
          </ns3:TrackPointExtension>
        </extensions>
      </trkpt>
      <trkpt lat="39.14427545852959156036376953125" lon="117.165635526180267333984375">
        <ele>6</ele>
        <time>2026-09-18T22:02:02.000Z</time>
        <extensions>
          <ns3:TrackPointExtension>
            <ns3:hr>140</ns3:hr>
            <ns3:cad>90</ns3:cad>
          </ns3:TrackPointExtension>
        </extensions>
      </trkpt>
      <trkpt lat="39.144304879009723663330078125" lon="117.16564382426440715789794921875">
        <ele>6</ele>
        <time>2026-09-18T22:02:03.000Z</time>
        <extensions>
          <ns3:TrackPointExtension>
            <ns3:hr>140</ns3:hr>
            <ns3:cad>90</ns3:cad>
          </ns3:TrackPointExtension>
        </extensions>
      </trkpt>
      <trkpt lat="39.14432340301573276519775390625" lon="117.1656470932066440582275390625">
        <ele>6</ele>
        <time>2026-09-18T22:02:04.000Z</time>
        <extensions>
          <ns3:TrackPointExtension>
            <ns3:hr>139</ns3:hr>
            <ns3:cad>89</ns3:cad>
          </ns3:TrackPointExtension>
        </extensions>
      </trkpt>
      <trkpt lat="39.14435743354260921478271484375" lon="117.16565438546240329742431640625">
        <ele>6</ele>
        <time>2026-09-18T22:02:05.000Z</time>
        <extensions>
          <ns3:TrackPointExtension>
            <ns3:hr>140</ns3:hr>
            <ns3:cad>89</ns3:cad>
          </ns3:TrackPointExtension>
        </extensions>
      </trkpt>
      <trkpt lat="39.14437822066247463226318359375" lon="117.1656507812440395355224609375">
        <ele>6</ele>
        <time>2026-09-18T22:02:06.000Z</time>
        <extensions>
          <ns3:TrackPointExtension>
            <ns3:hr>139</ns3:hr>
            <ns3:cad>89</ns3:cad>
          </ns3:TrackPointExtension>
        </extensions>
      </trkpt>
      <trkpt lat="39.144410826265811920166015625" lon="117.16566058807075023651123046875">
        <ele>6</ele>
        <time>2026-09-18T22:02:07.000Z</time>
        <extensions>
          <ns3:TrackPointExtension>
            <ns3:hr>139</ns3:hr>
            <ns3:cad>89</ns3:cad>
          </ns3:TrackPointExtension>
        </extensions>
      </trkpt>
      <trkpt lat="39.1444337926805019378662109375" lon="117.16565740294754505157470703125">
        <ele>6</ele>
        <time>2026-09-18T22:02:08.000Z</time>
        <extensions>
          <ns3:TrackPointExtension>
            <ns3:hr>139</ns3:hr>
            <ns3:cad>89</ns3:cad>
          </ns3:TrackPointExtension>
        </extensions>
      </trkpt>
      <trkpt lat="39.14446455426514148712158203125" lon="117.16566092334687709808349609375">
        <ele>6</ele>
        <time>2026-09-18T22:02:09.000Z</time>
        <extensions>
          <ns3:TrackPointExtension>
            <ns3:hr>139</ns3:hr>
            <ns3:cad>89</ns3:cad>
          </ns3:TrackPointExtension>
        </extensions>
      </trkpt>
      <trkpt lat="39.14448852650821208953857421875" lon="117.16566125862300395965576171875">
        <ele>6</ele>
        <time>2026-09-18T22:02:10.000Z</time>
        <extensions>
          <ns3:TrackPointExtension>
            <ns3:hr>139</ns3:hr>
            <ns3:cad>89</ns3:cad>
          </ns3:TrackPointExtension>
        </extensions>
      </trkpt>
      <trkpt lat="39.144520796835422515869140625" lon="117.16565941460430622100830078125">
        <ele>6</ele>
        <time>2026-09-18T22:02:11.000Z</time>
        <extensions>
          <ns3:TrackPointExtension>
            <ns3:hr>138</ns3:hr>
            <ns3:cad>89</ns3:cad>
          </ns3:TrackPointExtension>
        </extensions>
      </trkpt>
      <trkpt lat="39.14454619400203227996826171875" lon="117.1656561456620693206787109375">
        <ele>6</ele>
        <time>2026-09-18T22:02:12.000Z</time>
        <extensions>
          <ns3:TrackPointExtension>
            <ns3:hr>138</ns3:hr>
            <ns3:cad>89</ns3:cad>
          </ns3:TrackPointExtension>
        </extensions>
      </trkpt>
      <trkpt lat="39.14457611739635467529296875" lon="117.16565120033919811248779296875">
        <ele>6</ele>
        <time>2026-09-18T22:02:13.000Z</time>
        <extensions>
          <ns3:TrackPointExtension>
            <ns3:hr>138</ns3:hr>
            <ns3:cad>89</ns3:cad>
          </ns3:TrackPointExtension>
        </extensions>
      </trkpt>
      <trkpt lat="39.1445982456207275390625" lon="117.16564399190247058868408203125">
        <ele>6</ele>
        <time>2026-09-18T22:02:14.000Z</time>
        <extensions>
          <ns3:TrackPointExtension>
            <ns3:hr>138</ns3:hr>
            <ns3:cad>90</ns3:cad>
          </ns3:TrackPointExtension>
        </extensions>
      </trkpt>
      <trkpt lat="39.1446292586624622344970703125" lon="117.16564399190247058868408203125">
        <ele>6</ele>
        <time>2026-09-18T22:02:15.000Z</time>
        <extensions>
          <ns3:TrackPointExtension>
            <ns3:hr>139</ns3:hr>
            <ns3:cad>90</ns3:cad>
          </ns3:TrackPointExtension>
        </extensions>
      </trkpt>
      <trkpt lat="39.14465281181037425994873046875" lon="117.16563913039863109588623046875">
        <ele>6</ele>
        <time>2026-09-18T22:02:16.000Z</time>
        <extensions>
          <ns3:TrackPointExtension>
            <ns3:hr>138</ns3:hr>
            <ns3:cad>90</ns3:cad>
          </ns3:TrackPointExtension>
        </extensions>
      </trkpt>
      <trkpt lat="39.14468650706112384796142578125" lon="117.165637873113155364990234375">
        <ele>6</ele>
        <time>2026-09-18T22:02:17.000Z</time>
        <extensions>
          <ns3:TrackPointExtension>
            <ns3:hr>138</ns3:hr>
            <ns3:cad>90</ns3:cad>
          </ns3:TrackPointExtension>
        </extensions>
      </trkpt>
      <trkpt lat="39.14471089839935302734375" lon="117.1656316705048084259033203125">
        <ele>6.19999980926513671875</ele>
        <time>2026-09-18T22:02:18.000Z</time>
        <extensions>
          <ns3:TrackPointExtension>
            <ns3:hr>138</ns3:hr>
            <ns3:cad>90</ns3:cad>
          </ns3:TrackPointExtension>
        </extensions>
      </trkpt>
      <trkpt lat="39.1447419114410877227783203125" lon="117.16562856920063495635986328125">
        <ele>6.19999980926513671875</ele>
        <time>2026-09-18T22:02:19.000Z</time>
        <extensions>
          <ns3:TrackPointExtension>
            <ns3:hr>138</ns3:hr>
            <ns3:cad>89</ns3:cad>
          </ns3:TrackPointExtension>
        </extensions>
      </trkpt>
      <trkpt lat="39.1447650454938411712646484375" lon="117.16562018729746341705322265625">
        <ele>6.19999980926513671875</ele>
        <time>2026-09-18T22:02:20.000Z</time>
        <extensions>
          <ns3:TrackPointExtension>
            <ns3:hr>138</ns3:hr>
            <ns3:cad>89</ns3:cad>
          </ns3:TrackPointExtension>
        </extensions>
      </trkpt>
      <trkpt lat="39.14479739964008331298828125" lon="117.16562320478260517120361328125">
        <ele>6.19999980926513671875</ele>
        <time>2026-09-18T22:02:21.000Z</time>
        <extensions>
          <ns3:TrackPointExtension>
            <ns3:hr>138</ns3:hr>
            <ns3:cad>89</ns3:cad>
          </ns3:TrackPointExtension>
        </extensions>
      </trkpt>
      <trkpt lat="39.1448210366070270538330078125" lon="117.16562085784971714019775390625">
        <ele>6.19999980926513671875</ele>
        <time>2026-09-18T22:02:22.000Z</time>
        <extensions>
          <ns3:TrackPointExtension>
            <ns3:hr>137</ns3:hr>
            <ns3:cad>89</ns3:cad>
          </ns3:TrackPointExtension>
        </extensions>
      </trkpt>
      <trkpt lat="39.1448525525629520416259765625" lon="117.16562136076390743255615234375">
        <ele>6.19999980926513671875</ele>
        <time>2026-09-18T22:02:23.000Z</time>
        <extensions>
          <ns3:TrackPointExtension>
            <ns3:hr>137</ns3:hr>
            <ns3:cad>89</ns3:cad>
          </ns3:TrackPointExtension>
        </extensions>
      </trkpt>
      <trkpt lat="39.1448763571679592132568359375" lon="117.16561499051749706268310546875">
        <ele>6.19999980926513671875</ele>
        <time>2026-09-18T22:02:24.000Z</time>
        <extensions>
          <ns3:TrackPointExtension>
            <ns3:hr>137</ns3:hr>
            <ns3:cad>90</ns3:cad>
          </ns3:TrackPointExtension>
        </extensions>
      </trkpt>
      <trkpt lat="39.14491130970418453216552734375" lon="117.1656182594597339630126953125">
        <ele>6.19999980926513671875</ele>
        <time>2026-09-18T22:02:25.000Z</time>
        <extensions>
          <ns3:TrackPointExtension>
            <ns3:hr>136</ns3:hr>
            <ns3:cad>90</ns3:cad>
          </ns3:TrackPointExtension>
        </extensions>
      </trkpt>
      <trkpt lat="39.1449330188333988189697265625" lon="117.1656128950417041778564453125">
        <ele>6.19999980926513671875</ele>
        <time>2026-09-18T22:02:26.000Z</time>
        <extensions>
          <ns3:TrackPointExtension>
            <ns3:hr>137</ns3:hr>
            <ns3:cad>90</ns3:cad>
          </ns3:TrackPointExtension>
        </extensions>
      </trkpt>
      <trkpt lat="39.14496579207479953765869140625" lon="117.16560929082334041595458984375">
        <ele>6.19999980926513671875</ele>
        <time>2026-09-18T22:02:27.000Z</time>
        <extensions>
          <ns3:TrackPointExtension>
            <ns3:hr>137</ns3:hr>
            <ns3:cad>90</ns3:cad>
          </ns3:TrackPointExtension>
        </extensions>
      </trkpt>
      <trkpt lat="39.144991524517536163330078125" lon="117.16560342349112033843994140625">
        <ele>6.19999980926513671875</ele>
        <time>2026-09-18T22:02:28.000Z</time>
        <extensions>
          <ns3:TrackPointExtension>
            <ns3:hr>136</ns3:hr>
            <ns3:cad>89</ns3:cad>
          </ns3:TrackPointExtension>
        </extensions>
      </trkpt>
      <trkpt lat="39.145021028816699981689453125" lon="117.16560040600597858428955078125">
        <ele>6.19999980926513671875</ele>
        <time>2026-09-18T22:02:29.000Z</time>
        <extensions>
          <ns3:TrackPointExtension>
            <ns3:hr>137</ns3:hr>
            <ns3:cad>89</ns3:cad>
          </ns3:TrackPointExtension>
        </extensions>
      </trkpt>
      <trkpt lat="39.145043157041072845458984375" lon="117.1655944548547267913818359375">
        <ele>6.400000095367431640625</ele>
        <time>2026-09-18T22:02:30.000Z</time>
        <extensions>
          <ns3:TrackPointExtension>
            <ns3:hr>137</ns3:hr>
            <ns3:cad>89</ns3:cad>
          </ns3:TrackPointExtension>
        </extensions>
      </trkpt>
      <trkpt lat="39.14507567882537841796875" lon="117.16560325585305690765380859375">
        <ele>6.19999980926513671875</ele>
        <time>2026-09-18T22:02:31.000Z</time>
        <extensions>
          <ns3:TrackPointExtension>
            <ns3:hr>136</ns3:hr>
            <ns3:cad>89</ns3:cad>
          </ns3:TrackPointExtension>
        </extensions>
      </trkpt>
      <trkpt lat="39.14509872905910015106201171875" lon="117.16561297886073589324951171875">
        <ele>6.400000095367431640625</ele>
        <time>2026-09-18T22:02:32.000Z</time>
        <extensions>
          <ns3:TrackPointExtension>
            <ns3:hr>137</ns3:hr>
            <ns3:cad>89</ns3:cad>
          </ns3:TrackPointExtension>
        </extensions>
      </trkpt>
      <trkpt lat="39.14512689225375652313232421875" lon="117.16563426889479160308837890625">
        <ele>6.19999980926513671875</ele>
        <time>2026-09-18T22:02:33.000Z</time>
        <extensions>
          <ns3:TrackPointExtension>
            <ns3:hr>137</ns3:hr>
            <ns3:cad>89</ns3:cad>
          </ns3:TrackPointExtension>
        </extensions>
      </trkpt>
      <trkpt lat="39.145151786506175994873046875" lon="117.16565589420497417449951171875">
        <ele>6.400000095367431640625</ele>
        <time>2026-09-18T22:02:34.000Z</time>
        <extensions>
          <ns3:TrackPointExtension>
            <ns3:hr>136</ns3:hr>
            <ns3:cad>89</ns3:cad>
          </ns3:TrackPointExtension>
        </extensions>
      </trkpt>
      <trkpt lat="39.145173244178295135498046875" lon="117.16568506322801113128662109375">
        <ele>6.400000095367431640625</ele>
        <time>2026-09-18T22:02:35.000Z</time>
        <extensions>
          <ns3:TrackPointExtension>
            <ns3:hr>137</ns3:hr>
            <ns3:cad>89</ns3:cad>
          </ns3:TrackPointExtension>
        </extensions>
      </trkpt>
      <trkpt lat="39.1451905108988285064697265625" lon="117.165712304413318634033203125">
        <ele>6.400000095367431640625</ele>
        <time>2026-09-18T22:02:36.000Z</time>
        <extensions>
          <ns3:TrackPointExtension>
            <ns3:hr>137</ns3:hr>
            <ns3:cad>89</ns3:cad>
          </ns3:TrackPointExtension>
        </extensions>
      </trkpt>
      <trkpt lat="39.145203419029712677001953125" lon="117.165750525891780853271484375">
        <ele>6.400000095367431640625</ele>
        <time>2026-09-18T22:02:37.000Z</time>
        <extensions>
          <ns3:TrackPointExtension>
            <ns3:hr>137</ns3:hr>
            <ns3:cad>89</ns3:cad>
          </ns3:TrackPointExtension>
        </extensions>
      </trkpt>
      <trkpt lat="39.14521121419966220855712890625" lon="117.16578346677124500274658203125">
        <ele>6.599999904632568359375</ele>
        <time>2026-09-18T22:02:38.000Z</time>
        <extensions>
          <ns3:TrackPointExtension>
            <ns3:hr>138</ns3:hr>
            <ns3:cad>89</ns3:cad>
          </ns3:TrackPointExtension>
        </extensions>
      </trkpt>
      <trkpt lat="39.14521641097962856292724609375" lon="117.16582336463034152984619140625">
        <ele>6.599999904632568359375</ele>
        <time>2026-09-18T22:02:39.000Z</time>
        <extensions>
          <ns3:TrackPointExtension>
            <ns3:hr>138</ns3:hr>
            <ns3:cad>89</ns3:cad>
          </ns3:TrackPointExtension>
        </extensions>
      </trkpt>
      <trkpt lat="39.14521674625575542449951171875" lon="117.16585882008075714111328125">
        <ele>6.599999904632568359375</ele>
        <time>2026-09-18T22:02:40.000Z</time>
        <extensions>
          <ns3:TrackPointExtension>
            <ns3:hr>138</ns3:hr>
            <ns3:cad>89</ns3:cad>
          </ns3:TrackPointExtension>
        </extensions>
      </trkpt>
      <trkpt lat="39.14522118866443634033203125" lon="117.1659029088914394378662109375">
        <ele>6.599999904632568359375</ele>
        <time>2026-09-18T22:02:41.000Z</time>
        <extensions>
          <ns3:TrackPointExtension>
            <ns3:hr>138</ns3:hr>
            <ns3:cad>88</ns3:cad>
          </ns3:TrackPointExtension>
        </extensions>
      </trkpt>
      <trkpt lat="39.14522177539765834808349609375" lon="117.16593953780829906463623046875">
        <ele>6.599999904632568359375</ele>
        <time>2026-09-18T22:02:42.000Z</time>
        <extensions>
          <ns3:TrackPointExtension>
            <ns3:hr>139</ns3:hr>
            <ns3:cad>88</ns3:cad>
          </ns3:TrackPointExtension>
        </extensions>
      </trkpt>
      <trkpt lat="39.14522428996860980987548828125" lon="117.16597826220095157623291015625">
        <ele>6.599999904632568359375</ele>
        <time>2026-09-18T22:02:43.000Z</time>
        <extensions>
          <ns3:TrackPointExtension>
            <ns3:hr>139</ns3:hr>
            <ns3:cad>88</ns3:cad>
          </ns3:TrackPointExtension>
        </extensions>
      </trkpt>
      <trkpt lat="39.14522261358797550201416015625" lon="117.166016735136508941650390625">
        <ele>6.599999904632568359375</ele>
        <time>2026-09-18T22:02:44.000Z</time>
        <extensions>
          <ns3:TrackPointExtension>
            <ns3:hr>139</ns3:hr>
            <ns3:cad>89</ns3:cad>
          </ns3:TrackPointExtension>
        </extensions>
      </trkpt>
      <trkpt lat="39.14522529579699039459228515625" lon="117.16605084948241710662841796875">
        <ele>6.599999904632568359375</ele>
        <time>2026-09-18T22:02:45.000Z</time>
        <extensions>
          <ns3:TrackPointExtension>
            <ns3:hr>139</ns3:hr>
            <ns3:cad>89</ns3:cad>
          </ns3:TrackPointExtension>
        </extensions>
      </trkpt>
      <trkpt lat="39.14522194303572177886962890625" lon="117.16608638875186443328857421875">
        <ele>6.80000019073486328125</ele>
        <time>2026-09-18T22:02:46.000Z</time>
        <extensions>
          <ns3:TrackPointExtension>
            <ns3:hr>139</ns3:hr>
            <ns3:cad>89</ns3:cad>
          </ns3:TrackPointExtension>
        </extensions>
      </trkpt>
      <trkpt lat="39.14522160775959491729736328125" lon="117.16611823998391628265380859375">
        <ele>6.80000019073486328125</ele>
        <time>2026-09-18T22:02:47.000Z</time>
        <extensions>
          <ns3:TrackPointExtension>
            <ns3:hr>139</ns3:hr>
            <ns3:cad>89</ns3:cad>
          </ns3:TrackPointExtension>
        </extensions>
      </trkpt>
      <trkpt lat="39.14521674625575542449951171875" lon="117.16615294106304645538330078125">
        <ele>6.80000019073486328125</ele>
        <time>2026-09-18T22:02:48.000Z</time>
        <extensions>
          <ns3:TrackPointExtension>
            <ns3:hr>139</ns3:hr>
            <ns3:cad>89</ns3:cad>
          </ns3:TrackPointExtension>
        </extensions>
      </trkpt>
      <trkpt lat="39.14521657861769199371337890625" lon="117.1661855466663837432861328125">
        <ele>6.80000019073486328125</ele>
        <time>2026-09-18T22:02:49.000Z</time>
        <extensions>
          <ns3:TrackPointExtension>
            <ns3:hr>139</ns3:hr>
            <ns3:cad>89</ns3:cad>
          </ns3:TrackPointExtension>
        </extensions>
      </trkpt>
      <trkpt lat="39.14519704878330230712890625" lon="117.16622770763933658599853515625">
        <ele>6.80000019073486328125</ele>
        <time>2026-09-18T22:02:50.000Z</time>
        <extensions>
          <ns3:TrackPointExtension>
            <ns3:hr>139</ns3:hr>
            <ns3:cad>89</ns3:cad>
          </ns3:TrackPointExtension>
        </extensions>
      </trkpt>
      <trkpt lat="39.14519612677395343780517578125" lon="117.16626056469976902008056640625">
        <ele>6.80000019073486328125</ele>
        <time>2026-09-18T22:02:51.000Z</time>
        <extensions>
          <ns3:TrackPointExtension>
            <ns3:hr>140</ns3:hr>
            <ns3:cad>88</ns3:cad>
          </ns3:TrackPointExtension>
        </extensions>
      </trkpt>
      <trkpt lat="39.14519009180366992950439453125" lon="117.16630616225302219390869140625">
        <ele>6.80000019073486328125</ele>
        <time>2026-09-18T22:02:52.000Z</time>
        <extensions>
          <ns3:TrackPointExtension>
            <ns3:hr>139</ns3:hr>
            <ns3:cad>88</ns3:cad>
          </ns3:TrackPointExtension>
        </extensions>
      </trkpt>
      <trkpt lat="39.14519436657428741455078125" lon="117.16633365489542484283447265625">
        <ele>6.80000019073486328125</ele>
        <time>2026-09-18T22:02:53.000Z</time>
        <extensions>
          <ns3:TrackPointExtension>
            <ns3:hr>139</ns3:hr>
            <ns3:cad>88</ns3:cad>
          </ns3:TrackPointExtension>
        </extensions>
      </trkpt>
      <trkpt lat="39.145187325775623321533203125" lon="117.16637246310710906982421875">
        <ele>6.80000019073486328125</ele>
        <time>2026-09-18T22:02:54.000Z</time>
        <extensions>
          <ns3:TrackPointExtension>
            <ns3:hr>139</ns3:hr>
            <ns3:cad>88</ns3:cad>
          </ns3:TrackPointExtension>
        </extensions>
      </trkpt>
      <trkpt lat="39.14518808014690876007080078125" lon="117.16640540398657321929931640625">
        <ele>6.80000019073486328125</ele>
        <time>2026-09-18T22:02:55.000Z</time>
        <extensions>
          <ns3:TrackPointExtension>
            <ns3:hr>140</ns3:hr>
            <ns3:cad>88</ns3:cad>
          </ns3:TrackPointExtension>
        </extensions>
      </trkpt>
      <trkpt lat="39.1451831348240375518798828125" lon="117.16644815169274806976318359375">
        <ele>6.599999904632568359375</ele>
        <time>2026-09-18T22:02:56.000Z</time>
        <extensions>
          <ns3:TrackPointExtension>
            <ns3:hr>139</ns3:hr>
            <ns3:cad>88</ns3:cad>
          </ns3:TrackPointExtension>
        </extensions>
      </trkpt>
      <trkpt lat="39.1451821289956569671630859375" lon="117.166480086743831634521484375">
        <ele>6.599999904632568359375</ele>
        <time>2026-09-18T22:02:57.000Z</time>
        <extensions>
          <ns3:TrackPointExtension>
            <ns3:hr>139</ns3:hr>
            <ns3:cad>89</ns3:cad>
          </ns3:TrackPointExtension>
        </extensions>
      </trkpt>
      <trkpt lat="39.1451777704060077667236328125" lon="117.16652266681194305419921875">
        <ele>6.599999904632568359375</ele>
        <time>2026-09-18T22:02:58.000Z</time>
        <extensions>
          <ns3:TrackPointExtension>
            <ns3:hr>140</ns3:hr>
            <ns3:cad>89</ns3:cad>
          </ns3:TrackPointExtension>
        </extensions>
      </trkpt>
      <trkpt lat="39.14517986588180065155029296875" lon="117.16654856689274311065673828125">
        <ele>6.599999904632568359375</ele>
        <time>2026-09-18T22:02:59.000Z</time>
        <extensions>
          <ns3:TrackPointExtension>
            <ns3:hr>140</ns3:hr>
            <ns3:cad>89</ns3:cad>
          </ns3:TrackPointExtension>
        </extensions>
      </trkpt>
      <trkpt lat="39.1451787762343883514404296875" lon="117.16658410616219043731689453125">
        <ele>6.599999904632568359375</ele>
        <time>2026-09-18T22:03:00.000Z</time>
        <extensions>
          <ns3:TrackPointExtension>
            <ns3:hr>140</ns3:hr>
            <ns3:cad>90</ns3:cad>
          </ns3:TrackPointExtension>
        </extensions>
      </trkpt>
      <trkpt lat="39.1451804526150226593017578125" lon="117.16661159880459308624267578125">
        <ele>6.599999904632568359375</ele>
        <time>2026-09-18T22:03:01.000Z</time>
        <extensions>
          <ns3:TrackPointExtension>
            <ns3:hr>140</ns3:hr>
            <ns3:cad>90</ns3:cad>
          </ns3:TrackPointExtension>
        </extensions>
      </trkpt>
      <trkpt lat="39.14517701603472232818603515625" lon="117.1666467189788818359375">
        <ele>6.80000019073486328125</ele>
        <time>2026-09-18T22:03:02.000Z</time>
        <extensions>
          <ns3:TrackPointExtension>
            <ns3:hr>139</ns3:hr>
            <ns3:cad>88</ns3:cad>
          </ns3:TrackPointExtension>
        </extensions>
      </trkpt>
      <trkpt lat="39.14518087171018123626708984375" lon="117.16667546890676021575927734375">
        <ele>6.80000019073486328125</ele>
        <time>2026-09-18T22:03:03.000Z</time>
        <extensions>
          <ns3:TrackPointExtension>
            <ns3:hr>140</ns3:hr>
            <ns3:cad>88</ns3:cad>
          </ns3:TrackPointExtension>
        </extensions>
      </trkpt>
      <trkpt lat="39.14518154226243495941162109375" lon="117.16671385802328586578369140625">
        <ele>7</ele>
        <time>2026-09-18T22:03:04.000Z</time>
        <extensions>
          <ns3:TrackPointExtension>
            <ns3:hr>140</ns3:hr>
            <ns3:cad>89</ns3:cad>
          </ns3:TrackPointExtension>
        </extensions>
      </trkpt>
      <trkpt lat="39.14518296718597412109375" lon="117.16674956493079662322998046875">
        <ele>7</ele>
        <time>2026-09-18T22:03:05.000Z</time>
        <extensions>
          <ns3:TrackPointExtension>
            <ns3:hr>139</ns3:hr>
            <ns3:cad>90</ns3:cad>
          </ns3:TrackPointExtension>
        </extensions>
      </trkpt>
      <trkpt lat="39.1451734118163585662841796875" lon="117.16679298318922519683837890625">
        <ele>7</ele>
        <time>2026-09-18T22:03:06.000Z</time>
        <extensions>
          <ns3:TrackPointExtension>
            <ns3:hr>140</ns3:hr>
            <ns3:cad>90</ns3:cad>
          </ns3:TrackPointExtension>
        </extensions>
      </trkpt>
      <trkpt lat="39.1451764293015003204345703125" lon="117.1668242476880550384521484375">
        <ele>7</ele>
        <time>2026-09-18T22:03:07.000Z</time>
        <extensions>
          <ns3:TrackPointExtension>
            <ns3:hr>140</ns3:hr>
            <ns3:cad>90</ns3:cad>
          </ns3:TrackPointExtension>
        </extensions>
      </trkpt>
      <trkpt lat="39.1451714001595973968505859375" lon="117.1668668277561664581298828125">
        <ele>7</ele>
        <time>2026-09-18T22:03:08.000Z</time>
        <extensions>
          <ns3:TrackPointExtension>
            <ns3:hr>139</ns3:hr>
            <ns3:cad>90</ns3:cad>
          </ns3:TrackPointExtension>
        </extensions>
      </trkpt>
      <trkpt lat="39.14517248980700969696044921875" lon="117.16690010391175746917724609375">
        <ele>7</ele>
        <time>2026-09-18T22:03:09.000Z</time>
        <extensions>
          <ns3:TrackPointExtension>
            <ns3:hr>140</ns3:hr>
            <ns3:cad>90</ns3:cad>
          </ns3:TrackPointExtension>
        </extensions>
      </trkpt>
      <trkpt lat="39.145168550312519073486328125" lon="117.16693832539021968841552734375">
        <ele>7.19999980926513671875</ele>
        <time>2026-09-18T22:03:10.000Z</time>
        <extensions>
          <ns3:TrackPointExtension>
            <ns3:hr>140</ns3:hr>
            <ns3:cad>90</ns3:cad>
          </ns3:TrackPointExtension>
        </extensions>
      </trkpt>
      <trkpt lat="39.14516829885542392730712890625" lon="117.166968248784542083740234375">
        <ele>7.19999980926513671875</ele>
        <time>2026-09-18T22:03:11.000Z</time>
        <extensions>
          <ns3:TrackPointExtension>
            <ns3:hr>139</ns3:hr>
            <ns3:cad>90</ns3:cad>
          </ns3:TrackPointExtension>
        </extensions>
      </trkpt>
      <trkpt lat="39.14516762830317020416259765625" lon="117.16701082885265350341796875">
        <ele>7.19999980926513671875</ele>
        <time>2026-09-18T22:03:12.000Z</time>
        <extensions>
          <ns3:TrackPointExtension>
            <ns3:hr>140</ns3:hr>
            <ns3:cad>90</ns3:cad>
          </ns3:TrackPointExtension>
        </extensions>
      </trkpt>
      <trkpt lat="39.14517215453088283538818359375" lon="117.16704175807535648345947265625">
        <ele>7.19999980926513671875</ele>
        <time>2026-09-18T22:03:13.000Z</time>
        <extensions>
          <ns3:TrackPointExtension>
            <ns3:hr>140</ns3:hr>
            <ns3:cad>90</ns3:cad>
          </ns3:TrackPointExtension>
        </extensions>
      </trkpt>
      <trkpt lat="39.1451667062938213348388671875" lon="117.16707645915448665618896484375">
        <ele>7.19999980926513671875</ele>
        <time>2026-09-18T22:03:14.000Z</time>
        <extensions>
          <ns3:TrackPointExtension>
            <ns3:hr>140</ns3:hr>
            <ns3:cad>89</ns3:cad>
          </ns3:TrackPointExtension>
        </extensions>
      </trkpt>
      <trkpt lat="39.14517114870250225067138671875" lon="117.16710831038653850555419921875">
        <ele>7.19999980926513671875</ele>
        <time>2026-09-18T22:03:15.000Z</time>
        <extensions>
          <ns3:TrackPointExtension>
            <ns3:hr>139</ns3:hr>
            <ns3:cad>89</ns3:cad>
          </ns3:TrackPointExtension>
        </extensions>
      </trkpt>
      <trkpt lat="39.145165197551250457763671875" lon="117.1671414189040660858154296875">
        <ele>7.19999980926513671875</ele>
        <time>2026-09-18T22:03:16.000Z</time>
        <extensions>
          <ns3:TrackPointExtension>
            <ns3:hr>140</ns3:hr>
            <ns3:cad>89</ns3:cad>
          </ns3:TrackPointExtension>
        </extensions>
      </trkpt>
      <trkpt lat="39.14515907876193523406982421875" lon="117.1671648882329463958740234375">
        <ele>7.19999980926513671875</ele>
        <time>2026-09-18T22:03:17.000Z</time>
        <extensions>
          <ns3:TrackPointExtension>
            <ns3:hr>140</ns3:hr>
            <ns3:cad>90</ns3:cad>
          </ns3:TrackPointExtension>
        </extensions>
      </trkpt>
      <trkpt lat="39.1451539658010005950927734375" lon="117.1672031097114086151123046875">
        <ele>7.400000095367431640625</ele>
        <time>2026-09-18T22:03:18.000Z</time>
        <extensions>
          <ns3:TrackPointExtension>
            <ns3:hr>140</ns3:hr>
            <ns3:cad>90</ns3:cad>
          </ns3:TrackPointExtension>
        </extensions>
      </trkpt>
      <trkpt lat="39.1451516188681125640869140625" lon="117.16723085381090641021728515625">
        <ele>7.400000095367431640625</ele>
        <time>2026-09-18T22:03:19.000Z</time>
        <extensions>
          <ns3:TrackPointExtension>
            <ns3:hr>140</ns3:hr>
            <ns3:cad>90</ns3:cad>
          </ns3:TrackPointExtension>
        </extensions>
      </trkpt>
      <trkpt lat="39.1451469250023365020751953125" lon="117.16727309860289096832275390625">
        <ele>7.400000095367431640625</ele>
        <time>2026-09-18T22:03:20.000Z</time>
        <extensions>
          <ns3:TrackPointExtension>
            <ns3:hr>139</ns3:hr>
            <ns3:cad>90</ns3:cad>
          </ns3:TrackPointExtension>
        </extensions>
      </trkpt>
      <trkpt lat="39.1451499424874782562255859375" lon="117.1673073805868625640869140625">
        <ele>7.400000095367431640625</ele>
        <time>2026-09-18T22:03:21.000Z</time>
        <extensions>
          <ns3:TrackPointExtension>
            <ns3:hr>140</ns3:hr>
            <ns3:cad>90</ns3:cad>
          </ns3:TrackPointExtension>
        </extensions>
      </trkpt>
      <trkpt lat="39.14514415897428989410400390625" lon="117.16734987683594226837158203125">
        <ele>7.19999980926513671875</ele>
        <time>2026-09-18T22:03:22.000Z</time>
        <extensions>
          <ns3:TrackPointExtension>
            <ns3:hr>140</ns3:hr>
            <ns3:cad>90</ns3:cad>
          </ns3:TrackPointExtension>
        </extensions>
      </trkpt>
      <trkpt lat="39.14513560943305492401123046875" lon="117.16738491319119930267333984375">
        <ele>7.19999980926513671875</ele>
        <time>2026-09-18T22:03:23.000Z</time>
        <extensions>
          <ns3:TrackPointExtension>
            <ns3:hr>140</ns3:hr>
            <ns3:cad>90</ns3:cad>
          </ns3:TrackPointExtension>
        </extensions>
      </trkpt>
      <trkpt lat="39.1451241262257099151611328125" lon="117.16742564924061298370361328125">
        <ele>7.19999980926513671875</ele>
        <time>2026-09-18T22:03:24.000Z</time>
        <extensions>
          <ns3:TrackPointExtension>
            <ns3:hr>140</ns3:hr>
            <ns3:cad>90</ns3:cad>
          </ns3:TrackPointExtension>
        </extensions>
      </trkpt>
      <trkpt lat="39.1451194323599338531494140625" lon="117.16746118851006031036376953125">
        <ele>7.19999980926513671875</ele>
        <time>2026-09-18T22:03:25.000Z</time>
        <extensions>
          <ns3:TrackPointExtension>
            <ns3:hr>140</ns3:hr>
            <ns3:cad>89</ns3:cad>
          </ns3:TrackPointExtension>
        </extensions>
      </trkpt>
      <trkpt lat="39.14511314593255519866943359375" lon="117.16750024817883968353271484375">
        <ele>7.19999980926513671875</ele>
        <time>2026-09-18T22:03:26.000Z</time>
        <extensions>
          <ns3:TrackPointExtension>
            <ns3:hr>140</ns3:hr>
            <ns3:cad>89</ns3:cad>
          </ns3:TrackPointExtension>
        </extensions>
      </trkpt>
      <trkpt lat="39.1451157443225383758544921875" lon="117.16753327287733554840087890625">
        <ele>7.19999980926513671875</ele>
        <time>2026-09-18T22:03:27.000Z</time>
        <extensions>
          <ns3:TrackPointExtension>
            <ns3:hr>140</ns3:hr>
            <ns3:cad>89</ns3:cad>
          </ns3:TrackPointExtension>
        </extensions>
      </trkpt>
      <trkpt lat="39.14510979317128658294677734375" lon="117.1675734221935272216796875">
        <ele>7.19999980926513671875</ele>
        <time>2026-09-18T22:03:28.000Z</time>
        <extensions>
          <ns3:TrackPointExtension>
            <ns3:hr>141</ns3:hr>
            <ns3:cad>89</ns3:cad>
          </ns3:TrackPointExtension>
        </extensions>
      </trkpt>
      <trkpt lat="39.1451080329716205596923828125" lon="117.1676064468920230865478515625">
        <ele>7.19999980926513671875</ele>
        <time>2026-09-18T22:03:29.000Z</time>
        <extensions>
          <ns3:TrackPointExtension>
            <ns3:hr>140</ns3:hr>
            <ns3:cad>89</ns3:cad>
          </ns3:TrackPointExtension>
        </extensions>
      </trkpt>
      <trkpt lat="39.14509671740233898162841796875" lon="117.1676433272659778594970703125">
        <ele>7.19999980926513671875</ele>
        <time>2026-09-18T22:03:30.000Z</time>
        <extensions>
          <ns3:TrackPointExtension>
            <ns3:hr>140</ns3:hr>
            <ns3:cad>89</ns3:cad>
          </ns3:TrackPointExtension>
        </extensions>
      </trkpt>
      <trkpt lat="39.14509772323071956634521484375" lon="117.16767425648868083953857421875">
        <ele>7.400000095367431640625</ele>
        <time>2026-09-18T22:03:31.000Z</time>
        <extensions>
          <ns3:TrackPointExtension>
            <ns3:hr>140</ns3:hr>
            <ns3:cad>89</ns3:cad>
          </ns3:TrackPointExtension>
        </extensions>
      </trkpt>
      <trkpt lat="39.14509604685008525848388671875" lon="117.16771356761455535888671875">
        <ele>7.400000095367431640625</ele>
        <time>2026-09-18T22:03:32.000Z</time>
        <extensions>
          <ns3:TrackPointExtension>
            <ns3:hr>140</ns3:hr>
            <ns3:cad>91</ns3:cad>
          </ns3:TrackPointExtension>
        </extensions>
      </trkpt>
      <trkpt lat="39.14509914815425872802734375" lon="117.1677459217607975006103515625">
        <ele>7.19999980926513671875</ele>
        <time>2026-09-18T22:03:33.000Z</time>
        <extensions>
          <ns3:TrackPointExtension>
            <ns3:hr>140</ns3:hr>
            <ns3:cad>91</ns3:cad>
          </ns3:TrackPointExtension>
        </extensions>
      </trkpt>
      <trkpt lat="39.14509705267846584320068359375" lon="117.1677854843437671661376953125">
        <ele>7.19999980926513671875</ele>
        <time>2026-09-18T22:03:34.000Z</time>
        <extensions>
          <ns3:TrackPointExtension>
            <ns3:hr>140</ns3:hr>
            <ns3:cad>91</ns3:cad>
          </ns3:TrackPointExtension>
        </extensions>
      </trkpt>
      <trkpt lat="39.145096130669116973876953125" lon="117.16781415045261383056640625">
        <ele>7.19999980926513671875</ele>
        <time>2026-09-18T22:03:35.000Z</time>
        <extensions>
          <ns3:TrackPointExtension>
            <ns3:hr>140</ns3:hr>
            <ns3:cad>90</ns3:cad>
          </ns3:TrackPointExtension>
        </extensions>
      </trkpt>
      <trkpt lat="39.14508749730885028839111328125" lon="117.16785027645528316497802734375">
        <ele>7.19999980926513671875</ele>
        <time>2026-09-18T22:03:36.000Z</time>
        <extensions>
          <ns3:TrackPointExtension>
            <ns3:hr>141</ns3:hr>
            <ns3:cad>90</ns3:cad>
          </ns3:TrackPointExtension>
        </extensions>
      </trkpt>
      <trkpt lat="39.14508984424173831939697265625" lon="117.167880199849605560302734375">
        <ele>7.19999980926513671875</ele>
        <time>2026-09-18T22:03:37.000Z</time>
        <extensions>
          <ns3:TrackPointExtension>
            <ns3:hr>141</ns3:hr>
            <ns3:cad>90</ns3:cad>
          </ns3:TrackPointExtension>
        </extensions>
      </trkpt>
      <trkpt lat="39.14508582092821598052978515625" lon="117.16792386956512928009033203125">
        <ele>7.19999980926513671875</ele>
        <time>2026-09-18T22:03:38.000Z</time>
        <extensions>
          <ns3:TrackPointExtension>
            <ns3:hr>141</ns3:hr>
            <ns3:cad>89</ns3:cad>
          </ns3:TrackPointExtension>
        </extensions>
      </trkpt>
      <trkpt lat="39.14508129470050334930419921875" lon="117.16795790009200572967529296875">
        <ele>7.19999980926513671875</ele>
        <time>2026-09-18T22:03:39.000Z</time>
        <extensions>
          <ns3:TrackPointExtension>
            <ns3:hr>140</ns3:hr>
            <ns3:cad>89</ns3:cad>
          </ns3:TrackPointExtension>
        </extensions>
      </trkpt>
      <trkpt lat="39.1450828872621059417724609375" lon="117.16799980960786342620849609375">
        <ele>7.19999980926513671875</ele>
        <time>2026-09-18T22:03:40.000Z</time>
        <extensions>
          <ns3:TrackPointExtension>
            <ns3:hr>141</ns3:hr>
            <ns3:cad>89</ns3:cad>
          </ns3:TrackPointExtension>
        </extensions>
      </trkpt>
      <trkpt lat="39.1450842283666133880615234375" lon="117.1680332534015178680419921875">
        <ele>7.19999980926513671875</ele>
        <time>2026-09-18T22:03:41.000Z</time>
        <extensions>
          <ns3:TrackPointExtension>
            <ns3:hr>141</ns3:hr>
            <ns3:cad>89</ns3:cad>
          </ns3:TrackPointExtension>
        </extensions>
      </trkpt>
      <trkpt lat="39.1450808756053447723388671875" lon="117.16807558201253414154052734375">
        <ele>7.19999980926513671875</ele>
        <time>2026-09-18T22:03:42.000Z</time>
        <extensions>
          <ns3:TrackPointExtension>
            <ns3:hr>140</ns3:hr>
            <ns3:cad>90</ns3:cad>
          </ns3:TrackPointExtension>
        </extensions>
      </trkpt>
      <trkpt lat="39.1450842283666133880615234375" lon="117.16811380349099636077880859375">
        <ele>7.19999980926513671875</ele>
        <time>2026-09-18T22:03:43.000Z</time>
        <extensions>
          <ns3:TrackPointExtension>
            <ns3:hr>141</ns3:hr>
            <ns3:cad>90</ns3:cad>
          </ns3:TrackPointExtension>
        </extensions>
      </trkpt>
      <trkpt lat="39.14508841931819915771484375" lon="117.16815487481653690338134765625">
        <ele>7.19999980926513671875</ele>
        <time>2026-09-18T22:03:44.000Z</time>
        <extensions>
          <ns3:TrackPointExtension>
            <ns3:hr>141</ns3:hr>
            <ns3:cad>90</ns3:cad>
          </ns3:TrackPointExtension>
        </extensions>
      </trkpt>
      <trkpt lat="39.14509051479399204254150390625" lon="117.1681827865540981292724609375">
        <ele>7.19999980926513671875</ele>
        <time>2026-09-18T22:03:45.000Z</time>
        <extensions>
          <ns3:TrackPointExtension>
            <ns3:hr>141</ns3:hr>
            <ns3:cad>90</ns3:cad>
          </ns3:TrackPointExtension>
        </extensions>
      </trkpt>
      <trkpt lat="39.14508984424173831939697265625" lon="117.1682203374803066253662109375">
        <ele>7.19999980926513671875</ele>
        <time>2026-09-18T22:03:46.000Z</time>
        <extensions>
          <ns3:TrackPointExtension>
            <ns3:hr>141</ns3:hr>
            <ns3:cad>90</ns3:cad>
          </ns3:TrackPointExtension>
        </extensions>
      </trkpt>
      <trkpt lat="39.1450969688594341278076171875" lon="117.16825193725526332855224609375">
        <ele>7.19999980926513671875</ele>
        <time>2026-09-18T22:03:47.000Z</time>
        <extensions>
          <ns3:TrackPointExtension>
            <ns3:hr>141</ns3:hr>
            <ns3:cad>90</ns3:cad>
          </ns3:TrackPointExtension>
        </extensions>
      </trkpt>
      <trkpt lat="39.1450917720794677734375" lon="117.16828881762921810150146484375">
        <ele>7.19999980926513671875</ele>
        <time>2026-09-18T22:03:48.000Z</time>
        <extensions>
          <ns3:TrackPointExtension>
            <ns3:hr>141</ns3:hr>
            <ns3:cad>90</ns3:cad>
          </ns3:TrackPointExtension>
        </extensions>
      </trkpt>
      <trkpt lat="39.14509512484073638916015625" lon="117.16832117177546024322509765625">
        <ele>7.19999980926513671875</ele>
        <time>2026-09-18T22:03:49.000Z</time>
        <extensions>
          <ns3:TrackPointExtension>
            <ns3:hr>141</ns3:hr>
            <ns3:cad>90</ns3:cad>
          </ns3:TrackPointExtension>
        </extensions>
      </trkpt>
      <trkpt lat="39.14509604685008525848388671875" lon="117.1683554537594318389892578125">
        <ele>7.19999980926513671875</ele>
        <time>2026-09-18T22:03:50.000Z</time>
        <extensions>
          <ns3:TrackPointExtension>
            <ns3:hr>141</ns3:hr>
            <ns3:cad>90</ns3:cad>
          </ns3:TrackPointExtension>
        </extensions>
      </trkpt>
      <trkpt lat="39.14510191418230533599853515625" lon="117.16839275322854518890380859375">
        <ele>7.400000095367431640625</ele>
        <time>2026-09-18T22:03:51.000Z</time>
        <extensions>
          <ns3:TrackPointExtension>
            <ns3:hr>141</ns3:hr>
            <ns3:cad>90</ns3:cad>
          </ns3:TrackPointExtension>
        </extensions>
      </trkpt>
      <trkpt lat="39.1451030038297176361083984375" lon="117.16842728666961193084716796875">
        <ele>7.19999980926513671875</ele>
        <time>2026-09-18T22:03:52.000Z</time>
        <extensions>
          <ns3:TrackPointExtension>
            <ns3:hr>140</ns3:hr>
            <ns3:cad>90</ns3:cad>
          </ns3:TrackPointExtension>
        </extensions>
      </trkpt>
      <trkpt lat="39.14511214010417461395263671875" lon="117.1684612333774566650390625">
        <ele>7.400000095367431640625</ele>
        <time>2026-09-18T22:03:53.000Z</time>
        <extensions>
          <ns3:TrackPointExtension>
            <ns3:hr>140</ns3:hr>
            <ns3:cad>90</ns3:cad>
          </ns3:TrackPointExtension>
        </extensions>
      </trkpt>
      <trkpt lat="39.145106859505176544189453125" lon="117.16850138269364833831787109375">
        <ele>7.400000095367431640625</ele>
        <time>2026-09-18T22:03:54.000Z</time>
        <extensions>
          <ns3:TrackPointExtension>
            <ns3:hr>140</ns3:hr>
            <ns3:cad>90</ns3:cad>
          </ns3:TrackPointExtension>
        </extensions>
      </trkpt>
      <trkpt lat="39.14511348120868206024169921875" lon="117.1685416996479034423828125">
        <ele>7.400000095367431640625</ele>
        <time>2026-09-18T22:03:55.000Z</time>
        <extensions>
          <ns3:TrackPointExtension>
            <ns3:hr>139</ns3:hr>
            <ns3:cad>90</ns3:cad>
          </ns3:TrackPointExtension>
        </extensions>
      </trkpt>
      <trkpt lat="39.14510987699031829833984375" lon="117.16858126223087310791015625">
        <ele>7.400000095367431640625</ele>
        <time>2026-09-18T22:03:56.000Z</time>
        <extensions>
          <ns3:TrackPointExtension>
            <ns3:hr>139</ns3:hr>
            <ns3:cad>90</ns3:cad>
          </ns3:TrackPointExtension>
        </extensions>
      </trkpt>
      <trkpt lat="39.14510929025709629058837890625" lon="117.16861621476709842681884765625">
        <ele>7.400000095367431640625</ele>
        <time>2026-09-18T22:03:57.000Z</time>
        <extensions>
          <ns3:TrackPointExtension>
            <ns3:hr>139</ns3:hr>
            <ns3:cad>90</ns3:cad>
          </ns3:TrackPointExtension>
        </extensions>
      </trkpt>
      <trkpt lat="39.1451040096580982208251953125" lon="117.16865058057010173797607421875">
        <ele>7.400000095367431640625</ele>
        <time>2026-09-18T22:03:58.000Z</time>
        <extensions>
          <ns3:TrackPointExtension>
            <ns3:hr>140</ns3:hr>
            <ns3:cad>90</ns3:cad>
          </ns3:TrackPointExtension>
        </extensions>
      </trkpt>
      <trkpt lat="39.14510719478130340576171875" lon="117.16868410818278789520263671875">
        <ele>7.599999904632568359375</ele>
        <time>2026-09-18T22:03:59.000Z</time>
        <extensions>
          <ns3:TrackPointExtension>
            <ns3:hr>140</ns3:hr>
            <ns3:cad>89</ns3:cad>
          </ns3:TrackPointExtension>
        </extensions>
      </trkpt>
      <trkpt lat="39.14510208182036876678466796875" lon="117.16871746815741062164306640625">
        <ele>7.599999904632568359375</ele>
        <time>2026-09-18T22:04:00.000Z</time>
        <extensions>
          <ns3:TrackPointExtension>
            <ns3:hr>139</ns3:hr>
            <ns3:cad>89</ns3:cad>
          </ns3:TrackPointExtension>
        </extensions>
      </trkpt>
      <trkpt lat="39.14510224945843219757080078125" lon="117.16875149868428707122802734375">
        <ele>7.599999904632568359375</ele>
        <time>2026-09-18T22:04:01.000Z</time>
        <extensions>
          <ns3:TrackPointExtension>
            <ns3:hr>139</ns3:hr>
            <ns3:cad>90</ns3:cad>
          </ns3:TrackPointExtension>
        </extensions>
      </trkpt>
      <trkpt lat="39.14510040543973445892333984375" lon="117.16877949424088001251220703125">
        <ele>7.599999904632568359375</ele>
        <time>2026-09-18T22:04:02.000Z</time>
        <extensions>
          <ns3:TrackPointExtension>
            <ns3:hr>140</ns3:hr>
            <ns3:cad>90</ns3:cad>
          </ns3:TrackPointExtension>
        </extensions>
      </trkpt>
      <trkpt lat="39.1451043449342250823974609375" lon="117.16881302185356616973876953125">
        <ele>7.599999904632568359375</ele>
        <time>2026-09-18T22:04:03.000Z</time>
        <extensions>
          <ns3:TrackPointExtension>
            <ns3:hr>140</ns3:hr>
            <ns3:cad>90</ns3:cad>
          </ns3:TrackPointExtension>
        </extensions>
      </trkpt>
      <trkpt lat="39.14510191418230533599853515625" lon="117.1688466332852840423583984375">
        <ele>7.599999904632568359375</ele>
        <time>2026-09-18T22:04:04.000Z</time>
        <extensions>
          <ns3:TrackPointExtension>
            <ns3:hr>140</ns3:hr>
            <ns3:cad>90</ns3:cad>
          </ns3:TrackPointExtension>
        </extensions>
      </trkpt>
      <trkpt lat="39.14510174654424190521240234375" lon="117.16888074763119220733642578125">
        <ele>7.80000019073486328125</ele>
        <time>2026-09-18T22:04:05.000Z</time>
        <extensions>
          <ns3:TrackPointExtension>
            <ns3:hr>139</ns3:hr>
            <ns3:cad>90</ns3:cad>
          </ns3:TrackPointExtension>
        </extensions>
      </trkpt>
      <trkpt lat="39.145098142325878143310546875" lon="117.16891544871032238006591796875">
        <ele>7.599999904632568359375</ele>
        <time>2026-09-18T22:04:06.000Z</time>
        <extensions>
          <ns3:TrackPointExtension>
            <ns3:hr>140</ns3:hr>
            <ns3:cad>90</ns3:cad>
          </ns3:TrackPointExtension>
        </extensions>
      </trkpt>
      <trkpt lat="39.14509017951786518096923828125" lon="117.1689505688846111297607421875">
        <ele>7.599999904632568359375</ele>
        <time>2026-09-18T22:04:07.000Z</time>
        <extensions>
          <ns3:TrackPointExtension>
            <ns3:hr>140</ns3:hr>
            <ns3:cad>90</ns3:cad>
          </ns3:TrackPointExtension>
        </extensions>
      </trkpt>
      <trkpt lat="39.14508179761469364166259765625" lon="117.16899272985756397247314453125">
        <ele>7.599999904632568359375</ele>
        <time>2026-09-18T22:04:08.000Z</time>
        <extensions>
          <ns3:TrackPointExtension>
            <ns3:hr>140</ns3:hr>
            <ns3:cad>89</ns3:cad>
          </ns3:TrackPointExtension>
        </extensions>
      </trkpt>
      <trkpt lat="39.1450771875679492950439453125" lon="117.169037573039531707763671875">
        <ele>7.599999904632568359375</ele>
        <time>2026-09-18T22:04:09.000Z</time>
        <extensions>
          <ns3:TrackPointExtension>
            <ns3:hr>140</ns3:hr>
            <ns3:cad>89</ns3:cad>
          </ns3:TrackPointExtension>
        </extensions>
      </trkpt>
      <trkpt lat="39.1450681351125240325927734375" lon="117.16907604597508907318115234375">
        <ele>7.80000019073486328125</ele>
        <time>2026-09-18T22:04:10.000Z</time>
        <extensions>
          <ns3:TrackPointExtension>
            <ns3:hr>140</ns3:hr>
            <ns3:cad>89</ns3:cad>
          </ns3:TrackPointExtension>
        </extensions>
      </trkpt>
      <trkpt lat="39.14506352506577968597412109375" lon="117.1691121719777584075927734375">
        <ele>7.80000019073486328125</ele>
        <time>2026-09-18T22:04:11.000Z</time>
        <extensions>
          <ns3:TrackPointExtension>
            <ns3:hr>139</ns3:hr>
            <ns3:cad>89</ns3:cad>
          </ns3:TrackPointExtension>
        </extensions>
      </trkpt>
      <trkpt lat="39.14506101049482822418212890625" lon="117.16915014199912548065185546875">
        <ele>7.80000019073486328125</ele>
        <time>2026-09-18T22:04:12.000Z</time>
        <extensions>
          <ns3:TrackPointExtension>
            <ns3:hr>140</ns3:hr>
            <ns3:cad>89</ns3:cad>
          </ns3:TrackPointExtension>
        </extensions>
      </trkpt>
      <trkpt lat="39.1450621001422405242919921875" lon="117.16919037513434886932373046875">
        <ele>7.80000019073486328125</ele>
        <time>2026-09-18T22:04:13.000Z</time>
        <extensions>
          <ns3:TrackPointExtension>
            <ns3:hr>140</ns3:hr>
            <ns3:cad>89</ns3:cad>
          </ns3:TrackPointExtension>
        </extensions>
      </trkpt>
      <trkpt lat="39.14506033994257450103759765625" lon="117.16922943480312824249267578125">
        <ele>7.80000019073486328125</ele>
        <time>2026-09-18T22:04:14.000Z</time>
        <extensions>
          <ns3:TrackPointExtension>
            <ns3:hr>139</ns3:hr>
            <ns3:cad>89</ns3:cad>
          </ns3:TrackPointExtension>
        </extensions>
      </trkpt>
      <trkpt lat="39.14505732245743274688720703125" lon="117.169260866940021514892578125">
        <ele>7.80000019073486328125</ele>
        <time>2026-09-18T22:04:15.000Z</time>
        <extensions>
          <ns3:TrackPointExtension>
            <ns3:hr>140</ns3:hr>
            <ns3:cad>89</ns3:cad>
          </ns3:TrackPointExtension>
        </extensions>
      </trkpt>
      <trkpt lat="39.14505598135292530059814453125" lon="117.16929112561047077178955078125">
        <ele>7.80000019073486328125</ele>
        <time>2026-09-18T22:04:16.000Z</time>
        <extensions>
          <ns3:TrackPointExtension>
            <ns3:hr>140</ns3:hr>
            <ns3:cad>89</ns3:cad>
          </ns3:TrackPointExtension>
        </extensions>
      </trkpt>
      <trkpt lat="39.14505799300968647003173828125" lon="117.16932448558509349822998046875">
        <ele>7.80000019073486328125</ele>
        <time>2026-09-18T22:04:17.000Z</time>
        <extensions>
          <ns3:TrackPointExtension>
            <ns3:hr>139</ns3:hr>
            <ns3:cad>89</ns3:cad>
          </ns3:TrackPointExtension>
        </extensions>
      </trkpt>
      <trkpt lat="39.14505480788648128509521484375" lon="117.16935868375003337860107421875">
        <ele>7.80000019073486328125</ele>
        <time>2026-09-18T22:04:18.000Z</time>
        <extensions>
          <ns3:TrackPointExtension>
            <ns3:hr>140</ns3:hr>
            <ns3:cad>90</ns3:cad>
          </ns3:TrackPointExtension>
        </extensions>
      </trkpt>
      <trkpt lat="39.14505665190517902374267578125" lon="117.16939372010529041290283203125">
        <ele>7.80000019073486328125</ele>
        <time>2026-09-18T22:04:19.000Z</time>
        <extensions>
          <ns3:TrackPointExtension>
            <ns3:hr>140</ns3:hr>
            <ns3:cad>91</ns3:cad>
          </ns3:TrackPointExtension>
        </extensions>
      </trkpt>
      <trkpt lat="39.145050533115863800048828125" lon="117.16942959465086460113525390625">
        <ele>7.80000019073486328125</ele>
        <time>2026-09-18T22:04:20.000Z</time>
        <extensions>
          <ns3:TrackPointExtension>
            <ns3:hr>140</ns3:hr>
            <ns3:cad>91</ns3:cad>
          </ns3:TrackPointExtension>
        </extensions>
      </trkpt>
      <trkpt lat="39.14505095221102237701416015625" lon="117.1694675646722316741943359375">
        <ele>7.80000019073486328125</ele>
        <time>2026-09-18T22:04:21.000Z</time>
        <extensions>
          <ns3:TrackPointExtension>
            <ns3:hr>140</ns3:hr>
            <ns3:cad>91</ns3:cad>
          </ns3:TrackPointExtension>
        </extensions>
      </trkpt>
      <trkpt lat="39.14504592306911945343017578125" lon="117.16950486414134502410888671875">
        <ele>7.80000019073486328125</ele>
        <time>2026-09-18T22:04:22.000Z</time>
        <extensions>
          <ns3:TrackPointExtension>
            <ns3:hr>140</ns3:hr>
            <ns3:cad>91</ns3:cad>
          </ns3:TrackPointExtension>
        </extensions>
      </trkpt>
      <trkpt lat="39.1450450010597705841064453125" lon="117.16954090632498264312744140625">
        <ele>7.80000019073486328125</ele>
        <time>2026-09-18T22:04:23.000Z</time>
        <extensions>
          <ns3:TrackPointExtension>
            <ns3:hr>139</ns3:hr>
            <ns3:cad>90</ns3:cad>
          </ns3:TrackPointExtension>
        </extensions>
      </trkpt>
      <trkpt lat="39.14504189975559711456298828125" lon="117.169580049812793731689453125">
        <ele>7.80000019073486328125</ele>
        <time>2026-09-18T22:04:24.000Z</time>
        <extensions>
          <ns3:TrackPointExtension>
            <ns3:hr>140</ns3:hr>
            <ns3:cad>89</ns3:cad>
          </ns3:TrackPointExtension>
        </extensions>
      </trkpt>
      <trkpt lat="39.14504474960267543792724609375" lon="117.16961265541613101959228515625">
        <ele>7.80000019073486328125</ele>
        <time>2026-09-18T22:04:25.000Z</time>
        <extensions>
          <ns3:TrackPointExtension>
            <ns3:hr>140</ns3:hr>
            <ns3:cad>89</ns3:cad>
          </ns3:TrackPointExtension>
        </extensions>
      </trkpt>
      <trkpt lat="39.14504424668848514556884765625" lon="117.16964936815202236175537109375">
        <ele>7.80000019073486328125</ele>
        <time>2026-09-18T22:04:26.000Z</time>
        <extensions>
          <ns3:TrackPointExtension>
            <ns3:hr>140</ns3:hr>
            <ns3:cad>88</ns3:cad>
          </ns3:TrackPointExtension>
        </extensions>
      </trkpt>
      <trkpt lat="39.1450533829629421234130859375" lon="117.16968356631696224212646484375">
        <ele>7.80000019073486328125</ele>
        <time>2026-09-18T22:04:27.000Z</time>
        <extensions>
          <ns3:TrackPointExtension>
            <ns3:hr>140</ns3:hr>
            <ns3:cad>88</ns3:cad>
          </ns3:TrackPointExtension>
        </extensions>
      </trkpt>
      <trkpt lat="39.14505648426711559295654296875" lon="117.1697218716144561767578125">
        <ele>7.80000019073486328125</ele>
        <time>2026-09-18T22:04:28.000Z</time>
        <extensions>
          <ns3:TrackPointExtension>
            <ns3:hr>139</ns3:hr>
            <ns3:cad>89</ns3:cad>
          </ns3:TrackPointExtension>
        </extensions>
      </trkpt>
      <trkpt lat="39.1450641117990016937255859375" lon="117.1697532199323177337646484375">
        <ele>7.80000019073486328125</ele>
        <time>2026-09-18T22:04:29.000Z</time>
        <extensions>
          <ns3:TrackPointExtension>
            <ns3:hr>140</ns3:hr>
            <ns3:cad>89</ns3:cad>
          </ns3:TrackPointExtension>
        </extensions>
      </trkpt>
      <trkpt lat="39.1450641117990016937255859375" lon="117.169792950153350830078125">
        <ele>8</ele>
        <time>2026-09-18T22:04:30.000Z</time>
        <extensions>
          <ns3:TrackPointExtension>
            <ns3:hr>140</ns3:hr>
            <ns3:cad>89</ns3:cad>
          </ns3:TrackPointExtension>
        </extensions>
      </trkpt>
      <trkpt lat="39.1450716555118560791015625" lon="117.16982387937605381011962890625">
        <ele>8</ele>
        <time>2026-09-18T22:04:31.000Z</time>
        <extensions>
          <ns3:TrackPointExtension>
            <ns3:hr>140</ns3:hr>
            <ns3:cad>89</ns3:cad>
          </ns3:TrackPointExtension>
        </extensions>
      </trkpt>
      <trkpt lat="39.1450734995305538177490234375" lon="117.1698640286922454833984375">
        <ele>8</ele>
        <time>2026-09-18T22:04:32.000Z</time>
        <extensions>
          <ns3:TrackPointExtension>
            <ns3:hr>139</ns3:hr>
            <ns3:cad>88</ns3:cad>
          </ns3:TrackPointExtension>
        </extensions>
      </trkpt>
      <trkpt lat="39.1450755111873149871826171875" lon="117.169894874095916748046875">
        <ele>8</ele>
        <time>2026-09-18T22:04:33.000Z</time>
        <extensions>
          <ns3:TrackPointExtension>
            <ns3:hr>140</ns3:hr>
            <ns3:cad>88</ns3:cad>
          </ns3:TrackPointExtension>
        </extensions>
      </trkpt>
      <trkpt lat="39.145065955817699432373046875" lon="117.169936113059520721435546875">
        <ele>8.19999980926513671875</ele>
        <time>2026-09-18T22:04:34.000Z</time>
        <extensions>
          <ns3:TrackPointExtension>
            <ns3:hr>140</ns3:hr>
            <ns3:cad>89</ns3:cad>
          </ns3:TrackPointExtension>
        </extensions>
      </trkpt>
      <trkpt lat="39.14505464024841785430908203125" lon="117.16996486298739910125732421875">
        <ele>8.19999980926513671875</ele>
        <time>2026-09-18T22:04:35.000Z</time>
        <extensions>
          <ns3:TrackPointExtension>
            <ns3:hr>140</ns3:hr>
            <ns3:cad>89</ns3:cad>
          </ns3:TrackPointExtension>
        </extensions>
      </trkpt>
      <trkpt lat="39.145037122070789337158203125" lon="117.17000819742679595947265625">
        <ele>8.19999980926513671875</ele>
        <time>2026-09-18T22:04:36.000Z</time>
        <extensions>
          <ns3:TrackPointExtension>
            <ns3:hr>139</ns3:hr>
            <ns3:cad>89</ns3:cad>
          </ns3:TrackPointExtension>
        </extensions>
      </trkpt>
      <trkpt lat="39.1450312547385692596435546875" lon="117.1700375340878963470458984375">
        <ele>8.19999980926513671875</ele>
        <time>2026-09-18T22:04:37.000Z</time>
        <extensions>
          <ns3:TrackPointExtension>
            <ns3:hr>140</ns3:hr>
            <ns3:cad>89</ns3:cad>
          </ns3:TrackPointExtension>
        </extensions>
      </trkpt>
      <trkpt lat="39.14502010680735111236572265625" lon="117.1700781024992465972900390625">
        <ele>8.3999996185302734375</ele>
        <time>2026-09-18T22:04:38.000Z</time>
        <extensions>
          <ns3:TrackPointExtension>
            <ns3:hr>140</ns3:hr>
            <ns3:cad>89</ns3:cad>
          </ns3:TrackPointExtension>
        </extensions>
      </trkpt>
      <trkpt lat="39.14502329193055629730224609375" lon="117.17010475695133209228515625">
        <ele>8.3999996185302734375</ele>
        <time>2026-09-18T22:04:39.000Z</time>
        <extensions>
          <ns3:TrackPointExtension>
            <ns3:hr>140</ns3:hr>
            <ns3:cad>89</ns3:cad>
          </ns3:TrackPointExtension>
        </extensions>
      </trkpt>
      <trkpt lat="39.145024716854095458984375" lon="117.17014172114431858062744140625">
        <ele>8.3999996185302734375</ele>
        <time>2026-09-18T22:04:40.000Z</time>
        <extensions>
          <ns3:TrackPointExtension>
            <ns3:hr>140</ns3:hr>
            <ns3:cad>89</ns3:cad>
          </ns3:TrackPointExtension>
        </extensions>
      </trkpt>
      <trkpt lat="39.1450312547385692596435546875" lon="117.1701676212251186370849609375">
        <ele>8.3999996185302734375</ele>
        <time>2026-09-18T22:04:41.000Z</time>
        <extensions>
          <ns3:TrackPointExtension>
            <ns3:hr>140</ns3:hr>
            <ns3:cad>88</ns3:cad>
          </ns3:TrackPointExtension>
        </extensions>
      </trkpt>
      <trkpt lat="39.14502480067312717437744140625" lon="117.17020425014197826385498046875">
        <ele>8.3999996185302734375</ele>
        <time>2026-09-18T22:04:42.000Z</time>
        <extensions>
          <ns3:TrackPointExtension>
            <ns3:hr>140</ns3:hr>
            <ns3:cad>88</ns3:cad>
          </ns3:TrackPointExtension>
        </extensions>
      </trkpt>
      <trkpt lat="39.145030081272125244140625" lon="117.17023392207920551300048828125">
        <ele>8.3999996185302734375</ele>
        <time>2026-09-18T22:04:43.000Z</time>
        <extensions>
          <ns3:TrackPointExtension>
            <ns3:hr>140</ns3:hr>
            <ns3:cad>88</ns3:cad>
          </ns3:TrackPointExtension>
        </extensions>
      </trkpt>
      <trkpt lat="39.14502781815826892852783203125" lon="117.17026946134865283966064453125">
        <ele>8.6000003814697265625</ele>
        <time>2026-09-18T22:04:44.000Z</time>
        <extensions>
          <ns3:TrackPointExtension>
            <ns3:hr>140</ns3:hr>
            <ns3:cad>88</ns3:cad>
          </ns3:TrackPointExtension>
        </extensions>
      </trkpt>
      <trkpt lat="39.1450279019773006439208984375" lon="117.170302905142307281494140625">
        <ele>8.6000003814697265625</ele>
        <time>2026-09-18T22:04:45.000Z</time>
        <extensions>
          <ns3:TrackPointExtension>
            <ns3:hr>139</ns3:hr>
            <ns3:cad>88</ns3:cad>
          </ns3:TrackPointExtension>
        </extensions>
      </trkpt>
      <trkpt lat="39.1450332663953304290771484375" lon="117.1703441441059112548828125">
        <ele>8.6000003814697265625</ele>
        <time>2026-09-18T22:04:46.000Z</time>
        <extensions>
          <ns3:TrackPointExtension>
            <ns3:hr>140</ns3:hr>
            <ns3:cad>88</ns3:cad>
          </ns3:TrackPointExtension>
        </extensions>
      </trkpt>
      <trkpt lat="39.14503351785242557525634765625" lon="117.17037591151893138885498046875">
        <ele>8.6000003814697265625</ele>
        <time>2026-09-18T22:04:47.000Z</time>
        <extensions>
          <ns3:TrackPointExtension>
            <ns3:hr>140</ns3:hr>
            <ns3:cad>89</ns3:cad>
          </ns3:TrackPointExtension>
        </extensions>
      </trkpt>
      <trkpt lat="39.14503351785242557525634765625" lon="117.1704157255589962005615234375">
        <ele>8.6000003814697265625</ele>
        <time>2026-09-18T22:04:48.000Z</time>
        <extensions>
          <ns3:TrackPointExtension>
            <ns3:hr>140</ns3:hr>
            <ns3:cad>89</ns3:cad>
          </ns3:TrackPointExtension>
        </extensions>
      </trkpt>
      <trkpt lat="39.14503703825175762176513671875" lon="117.17045185156166553497314453125">
        <ele>8.6000003814697265625</ele>
        <time>2026-09-18T22:04:49.000Z</time>
        <extensions>
          <ns3:TrackPointExtension>
            <ns3:hr>140</ns3:hr>
            <ns3:cad>89</ns3:cad>
          </ns3:TrackPointExtension>
        </extensions>
      </trkpt>
      <trkpt lat="39.1450279019773006439208984375" lon="117.17049610801041126251220703125">
        <ele>8.6000003814697265625</ele>
        <time>2026-09-18T22:04:50.000Z</time>
        <extensions>
          <ns3:TrackPointExtension>
            <ns3:hr>140</ns3:hr>
            <ns3:cad>89</ns3:cad>
          </ns3:TrackPointExtension>
        </extensions>
      </trkpt>
      <trkpt lat="39.14503075182437896728515625" lon="117.17052628286182880401611328125">
        <ele>8.6000003814697265625</ele>
        <time>2026-09-18T22:04:51.000Z</time>
        <extensions>
          <ns3:TrackPointExtension>
            <ns3:hr>140</ns3:hr>
            <ns3:cad>90</ns3:cad>
          </ns3:TrackPointExtension>
        </extensions>
      </trkpt>
      <trkpt lat="39.145022369921207427978515625" lon="117.17056819237768650054931640625">
        <ele>8.6000003814697265625</ele>
        <time>2026-09-18T22:04:52.000Z</time>
        <extensions>
          <ns3:TrackPointExtension>
            <ns3:hr>139</ns3:hr>
            <ns3:cad>90</ns3:cad>
          </ns3:TrackPointExtension>
        </extensions>
      </trkpt>
      <trkpt lat="39.14502228610217571258544921875" lon="117.17059836722910404205322265625">
        <ele>8.6000003814697265625</ele>
        <time>2026-09-18T22:04:53.000Z</time>
        <extensions>
          <ns3:TrackPointExtension>
            <ns3:hr>140</ns3:hr>
            <ns3:cad>90</ns3:cad>
          </ns3:TrackPointExtension>
        </extensions>
      </trkpt>
      <trkpt lat="39.145021028816699981689453125" lon="117.17063591815531253814697265625">
        <ele>8.6000003814697265625</ele>
        <time>2026-09-18T22:04:54.000Z</time>
        <extensions>
          <ns3:TrackPointExtension>
            <ns3:hr>140</ns3:hr>
            <ns3:cad>90</ns3:cad>
          </ns3:TrackPointExtension>
        </extensions>
      </trkpt>
      <trkpt lat="39.14502144791185855865478515625" lon="117.1706695295870304107666015625">
        <ele>8.6000003814697265625</ele>
        <time>2026-09-18T22:04:55.000Z</time>
        <extensions>
          <ns3:TrackPointExtension>
            <ns3:hr>139</ns3:hr>
            <ns3:cad>90</ns3:cad>
          </ns3:TrackPointExtension>
        </extensions>
      </trkpt>
      <trkpt lat="39.1450153291225433349609375" lon="117.1707147918641567230224609375">
        <ele>8.6000003814697265625</ele>
        <time>2026-09-18T22:04:56.000Z</time>
        <extensions>
          <ns3:TrackPointExtension>
            <ns3:hr>140</ns3:hr>
            <ns3:cad>90</ns3:cad>
          </ns3:TrackPointExtension>
        </extensions>
      </trkpt>
      <trkpt lat="39.14500971324741840362548828125" lon="117.17074069194495677947998046875">
        <ele>8.6000003814697265625</ele>
        <time>2026-09-18T22:04:57.000Z</time>
        <extensions>
          <ns3:TrackPointExtension>
            <ns3:hr>140</ns3:hr>
            <ns3:cad>89</ns3:cad>
          </ns3:TrackPointExtension>
        </extensions>
      </trkpt>
      <trkpt lat="39.1450037620961666107177734375" lon="117.17078008688986301422119140625">
        <ele>8.6000003814697265625</ele>
        <time>2026-09-18T22:04:58.000Z</time>
        <extensions>
          <ns3:TrackPointExtension>
            <ns3:hr>139</ns3:hr>
            <ns3:cad>89</ns3:cad>
          </ns3:TrackPointExtension>
        </extensions>
      </trkpt>
      <trkpt lat="39.1450057737529277801513671875" lon="117.17080908827483654022216796875">
        <ele>8.6000003814697265625</ele>
        <time>2026-09-18T22:04:59.000Z</time>
        <extensions>
          <ns3:TrackPointExtension>
            <ns3:hr>140</ns3:hr>
            <ns3:cad>89</ns3:cad>
          </ns3:TrackPointExtension>
        </extensions>
      </trkpt>
      <trkpt lat="39.1450007446110248565673828125" lon="117.170847393572330474853515625">
        <ele>8.6000003814697265625</ele>
        <time>2026-09-18T22:05:00.000Z</time>
        <extensions>
          <ns3:TrackPointExtension>
            <ns3:hr>140</ns3:hr>
            <ns3:cad>90</ns3:cad>
          </ns3:TrackPointExtension>
        </extensions>
      </trkpt>
      <trkpt lat="39.14500418119132518768310546875" lon="117.1708713658154010772705078125">
        <ele>8.6000003814697265625</ele>
        <time>2026-09-18T22:05:01.000Z</time>
        <extensions>
          <ns3:TrackPointExtension>
            <ns3:hr>139</ns3:hr>
            <ns3:cad>90</ns3:cad>
          </ns3:TrackPointExtension>
        </extensions>
      </trkpt>
      <trkpt lat="39.14500434882938861846923828125" lon="117.17091168276965618133544921875">
        <ele>8.6000003814697265625</ele>
        <time>2026-09-18T22:05:02.000Z</time>
        <extensions>
          <ns3:TrackPointExtension>
            <ns3:hr>139</ns3:hr>
            <ns3:cad>90</ns3:cad>
          </ns3:TrackPointExtension>
        </extensions>
      </trkpt>
      <trkpt lat="39.14500971324741840362548828125" lon="117.17094537802040576934814453125">
        <ele>8.3999996185302734375</ele>
        <time>2026-09-18T22:05:03.000Z</time>
        <extensions>
          <ns3:TrackPointExtension>
            <ns3:hr>139</ns3:hr>
            <ns3:cad>90</ns3:cad>
          </ns3:TrackPointExtension>
        </extensions>
      </trkpt>
      <trkpt lat="39.14501105435192584991455078125" lon="117.17098963446915149688720703125">
        <ele>8.6000003814697265625</ele>
        <time>2026-09-18T22:05:04.000Z</time>
        <extensions>
          <ns3:TrackPointExtension>
            <ns3:hr>139</ns3:hr>
            <ns3:cad>90</ns3:cad>
          </ns3:TrackPointExtension>
        </extensions>
      </trkpt>
      <trkpt lat="39.14501826278865337371826171875" lon="117.17102098278701305389404296875">
        <ele>8.6000003814697265625</ele>
        <time>2026-09-18T22:05:05.000Z</time>
        <extensions>
          <ns3:TrackPointExtension>
            <ns3:hr>139</ns3:hr>
            <ns3:cad>90</ns3:cad>
          </ns3:TrackPointExtension>
        </extensions>
      </trkpt>
      <trkpt lat="39.14501960389316082000732421875" lon="117.17106456868350505828857421875">
        <ele>8.6000003814697265625</ele>
        <time>2026-09-18T22:05:06.000Z</time>
        <extensions>
          <ns3:TrackPointExtension>
            <ns3:hr>140</ns3:hr>
            <ns3:cad>90</ns3:cad>
          </ns3:TrackPointExtension>
        </extensions>
      </trkpt>
      <trkpt lat="39.14501759223639965057373046875" lon="117.17108937911689281463623046875">
        <ele>8.6000003814697265625</ele>
        <time>2026-09-18T22:05:07.000Z</time>
        <extensions>
          <ns3:TrackPointExtension>
            <ns3:hr>139</ns3:hr>
            <ns3:cad>91</ns3:cad>
          </ns3:TrackPointExtension>
        </extensions>
      </trkpt>
      <trkpt lat="39.14501960389316082000732421875" lon="117.1711300313472747802734375">
        <ele>8.6000003814697265625</ele>
        <time>2026-09-18T22:05:08.000Z</time>
        <extensions>
          <ns3:TrackPointExtension>
            <ns3:hr>139</ns3:hr>
            <ns3:cad>91</ns3:cad>
          </ns3:TrackPointExtension>
        </extensions>
      </trkpt>
      <trkpt lat="39.14501742459833621978759765625" lon="117.1711649000644683837890625">
        <ele>8.6000003814697265625</ele>
        <time>2026-09-18T22:05:09.000Z</time>
        <extensions>
          <ns3:TrackPointExtension>
            <ns3:hr>139</ns3:hr>
            <ns3:cad>91</ns3:cad>
          </ns3:TrackPointExtension>
        </extensions>
      </trkpt>
      <trkpt lat="39.14501055143773555755615234375" lon="117.17120504938066005706787109375">
        <ele>8.6000003814697265625</ele>
        <time>2026-09-18T22:05:10.000Z</time>
        <extensions>
          <ns3:TrackPointExtension>
            <ns3:hr>139</ns3:hr>
            <ns3:cad>91</ns3:cad>
          </ns3:TrackPointExtension>
        </extensions>
      </trkpt>
      <trkpt lat="39.14501222781836986541748046875" lon="117.1712317876517772674560546875">
        <ele>8.6000003814697265625</ele>
        <time>2026-09-18T22:05:11.000Z</time>
        <extensions>
          <ns3:TrackPointExtension>
            <ns3:hr>139</ns3:hr>
            <ns3:cad>91</ns3:cad>
          </ns3:TrackPointExtension>
        </extensions>
      </trkpt>
      <trkpt lat="39.14500535465776920318603515625" lon="117.1712659858167171478271484375">
        <ele>8.6000003814697265625</ele>
        <time>2026-09-18T22:05:12.000Z</time>
        <extensions>
          <ns3:TrackPointExtension>
            <ns3:hr>139</ns3:hr>
            <ns3:cad>90</ns3:cad>
          </ns3:TrackPointExtension>
        </extensions>
      </trkpt>
      <trkpt lat="39.14500518701970577239990234375" lon="117.1713030338287353515625">
        <ele>8.6000003814697265625</ele>
        <time>2026-09-18T22:05:13.000Z</time>
        <extensions>
          <ns3:TrackPointExtension>
            <ns3:hr>139</ns3:hr>
            <ns3:cad>90</ns3:cad>
          </ns3:TrackPointExtension>
        </extensions>
      </trkpt>
      <trkpt lat="39.14500527083873748779296875" lon="117.171331532299518585205078125">
        <ele>8.6000003814697265625</ele>
        <time>2026-09-18T22:05:14.000Z</time>
        <extensions>
          <ns3:TrackPointExtension>
            <ns3:hr>139</ns3:hr>
            <ns3:cad>90</ns3:cad>
          </ns3:TrackPointExtension>
        </extensions>
      </trkpt>
      <trkpt lat="39.145008288323879241943359375" lon="117.17136539518833160400390625">
        <ele>8.6000003814697265625</ele>
        <time>2026-09-18T22:05:15.000Z</time>
        <extensions>
          <ns3:TrackPointExtension>
            <ns3:hr>139</ns3:hr>
            <ns3:cad>90</ns3:cad>
          </ns3:TrackPointExtension>
        </extensions>
      </trkpt>
      <trkpt lat="39.14500133134424686431884765625" lon="117.1714084781706333160400390625">
        <ele>8.6000003814697265625</ele>
        <time>2026-09-18T22:05:16.000Z</time>
        <extensions>
          <ns3:TrackPointExtension>
            <ns3:hr>138</ns3:hr>
            <ns3:cad>90</ns3:cad>
          </ns3:TrackPointExtension>
        </extensions>
      </trkpt>
      <trkpt lat="39.145000912249088287353515625" lon="117.1714433468878269195556640625">
        <ele>8.6000003814697265625</ele>
        <time>2026-09-18T22:05:17.000Z</time>
        <extensions>
          <ns3:TrackPointExtension>
            <ns3:hr>139</ns3:hr>
            <ns3:cad>90</ns3:cad>
          </ns3:TrackPointExtension>
        </extensions>
      </trkpt>
      <trkpt lat="39.1449987329542636871337890625" lon="117.1714802272617816925048828125">
        <ele>8.3999996185302734375</ele>
        <time>2026-09-18T22:05:18.000Z</time>
        <extensions>
          <ns3:TrackPointExtension>
            <ns3:hr>139</ns3:hr>
            <ns3:cad>90</ns3:cad>
          </ns3:TrackPointExtension>
        </extensions>
      </trkpt>
      <trkpt lat="39.14499747566878795623779296875" lon="117.1715090610086917877197265625">
        <ele>8.3999996185302734375</ele>
        <time>2026-09-18T22:05:19.000Z</time>
        <extensions>
          <ns3:TrackPointExtension>
            <ns3:hr>139</ns3:hr>
            <ns3:cad>90</ns3:cad>
          </ns3:TrackPointExtension>
        </extensions>
      </trkpt>
      <trkpt lat="39.14499445818364620208740234375" lon="117.17154778540134429931640625">
        <ele>8.6000003814697265625</ele>
        <time>2026-09-18T22:05:20.000Z</time>
        <extensions>
          <ns3:TrackPointExtension>
            <ns3:hr>139</ns3:hr>
            <ns3:cad>90</ns3:cad>
          </ns3:TrackPointExtension>
        </extensions>
      </trkpt>
      <trkpt lat="39.14499797858297824859619140625" lon="117.1715844981372356414794921875">
        <ele>8.6000003814697265625</ele>
        <time>2026-09-18T22:05:21.000Z</time>
        <extensions>
          <ns3:TrackPointExtension>
            <ns3:hr>139</ns3:hr>
            <ns3:cad>90</ns3:cad>
          </ns3:TrackPointExtension>
        </extensions>
      </trkpt>
      <trkpt lat="39.144996218383312225341796875" lon="117.17162288725376129150390625">
        <ele>8.6000003814697265625</ele>
        <time>2026-09-18T22:05:22.000Z</time>
        <extensions>
          <ns3:TrackPointExtension>
            <ns3:hr>139</ns3:hr>
            <ns3:cad>90</ns3:cad>
          </ns3:TrackPointExtension>
        </extensions>
      </trkpt>
      <trkpt lat="39.1450014151632785797119140625" lon="117.17165465466678142547607421875">
        <ele>8.6000003814697265625</ele>
        <time>2026-09-18T22:05:23.000Z</time>
        <extensions>
          <ns3:TrackPointExtension>
            <ns3:hr>139</ns3:hr>
            <ns3:cad>90</ns3:cad>
          </ns3:TrackPointExtension>
        </extensions>
      </trkpt>
      <trkpt lat="39.1449973918497562408447265625" lon="117.17169220559298992156982421875">
        <ele>8.6000003814697265625</ele>
        <time>2026-09-18T22:05:24.000Z</time>
        <extensions>
          <ns3:TrackPointExtension>
            <ns3:hr>140</ns3:hr>
            <ns3:cad>90</ns3:cad>
          </ns3:TrackPointExtension>
        </extensions>
      </trkpt>
      <trkpt lat="39.14499529637396335601806640625" lon="117.17172422446310520172119140625">
        <ele>8.6000003814697265625</ele>
        <time>2026-09-18T22:05:25.000Z</time>
        <extensions>
          <ns3:TrackPointExtension>
            <ns3:hr>140</ns3:hr>
            <ns3:cad>90</ns3:cad>
          </ns3:TrackPointExtension>
        </extensions>
      </trkpt>
      <trkpt lat="39.14498892612755298614501953125" lon="117.17175993137061595916748046875">
        <ele>8.6000003814697265625</ele>
        <time>2026-09-18T22:05:26.000Z</time>
        <extensions>
          <ns3:TrackPointExtension>
            <ns3:hr>140</ns3:hr>
            <ns3:cad>90</ns3:cad>
          </ns3:TrackPointExtension>
        </extensions>
      </trkpt>
      <trkpt lat="39.1449880041182041168212890625" lon="117.1717893518507480621337890625">
        <ele>8.6000003814697265625</ele>
        <time>2026-09-18T22:05:27.000Z</time>
        <extensions>
          <ns3:TrackPointExtension>
            <ns3:hr>140</ns3:hr>
            <ns3:cad>91</ns3:cad>
          </ns3:TrackPointExtension>
        </extensions>
      </trkpt>
      <trkpt lat="39.144985489547252655029296875" lon="117.171826399862766265869140625">
        <ele>8.6000003814697265625</ele>
        <time>2026-09-18T22:05:28.000Z</time>
        <extensions>
          <ns3:TrackPointExtension>
            <ns3:hr>140</ns3:hr>
            <ns3:cad>91</ns3:cad>
          </ns3:TrackPointExtension>
        </extensions>
      </trkpt>
      <trkpt lat="39.1449849866330623626708984375" lon="117.17186118476092815399169921875">
        <ele>8.6000003814697265625</ele>
        <time>2026-09-18T22:05:29.000Z</time>
        <extensions>
          <ns3:TrackPointExtension>
            <ns3:hr>141</ns3:hr>
            <ns3:cad>91</ns3:cad>
          </ns3:TrackPointExtension>
        </extensions>
      </trkpt>
      <trkpt lat="39.14498507045209407806396484375" lon="117.17189940623939037322998046875">
        <ele>8.6000003814697265625</ele>
        <time>2026-09-18T22:05:30.000Z</time>
        <extensions>
          <ns3:TrackPointExtension>
            <ns3:hr>140</ns3:hr>
            <ns3:cad>90</ns3:cad>
          </ns3:TrackPointExtension>
        </extensions>
      </trkpt>
      <trkpt lat="39.14498917758464813232421875" lon="117.17193427495658397674560546875">
        <ele>8.80000019073486328125</ele>
        <time>2026-09-18T22:05:31.000Z</time>
        <extensions>
          <ns3:TrackPointExtension>
            <ns3:hr>140</ns3:hr>
            <ns3:cad>90</ns3:cad>
          </ns3:TrackPointExtension>
        </extensions>
      </trkpt>
      <trkpt lat="39.14498372934758663177490234375" lon="117.171969227492809295654296875">
        <ele>8.80000019073486328125</ele>
        <time>2026-09-18T22:05:32.000Z</time>
        <extensions>
          <ns3:TrackPointExtension>
            <ns3:hr>140</ns3:hr>
            <ns3:cad>90</ns3:cad>
          </ns3:TrackPointExtension>
        </extensions>
      </trkpt>
      <trkpt lat="39.14498917758464813232421875" lon="117.1720029227435588836669921875">
        <ele>8.80000019073486328125</ele>
        <time>2026-09-18T22:05:33.000Z</time>
        <extensions>
          <ns3:TrackPointExtension>
            <ns3:hr>141</ns3:hr>
            <ns3:cad>89</ns3:cad>
          </ns3:TrackPointExtension>
        </extensions>
      </trkpt>
      <trkpt lat="39.14498515427112579345703125" lon="117.17203754000365734100341796875">
        <ele>8.6000003814697265625</ele>
        <time>2026-09-18T22:05:34.000Z</time>
        <extensions>
          <ns3:TrackPointExtension>
            <ns3:hr>140</ns3:hr>
            <ns3:cad>89</ns3:cad>
          </ns3:TrackPointExtension>
        </extensions>
      </trkpt>
      <trkpt lat="39.14498289115726947784423828125" lon="117.1720733307301998138427734375">
        <ele>8.6000003814697265625</ele>
        <time>2026-09-18T22:05:35.000Z</time>
        <extensions>
          <ns3:TrackPointExtension>
            <ns3:hr>140</ns3:hr>
            <ns3:cad>89</ns3:cad>
          </ns3:TrackPointExtension>
        </extensions>
      </trkpt>
      <trkpt lat="39.144976437091827392578125" lon="117.172109372913837432861328125">
        <ele>8.6000003814697265625</ele>
        <time>2026-09-18T22:05:36.000Z</time>
        <extensions>
          <ns3:TrackPointExtension>
            <ns3:hr>140</ns3:hr>
            <ns3:cad>90</ns3:cad>
          </ns3:TrackPointExtension>
        </extensions>
      </trkpt>
      <trkpt lat="39.144972749054431915283203125" lon="117.17214432545006275177001953125">
        <ele>8.6000003814697265625</ele>
        <time>2026-09-18T22:05:37.000Z</time>
        <extensions>
          <ns3:TrackPointExtension>
            <ns3:hr>141</ns3:hr>
            <ns3:cad>90</ns3:cad>
          </ns3:TrackPointExtension>
        </extensions>
      </trkpt>
      <trkpt lat="39.14497216232120990753173828125" lon="117.17218321748077869415283203125">
        <ele>8.6000003814697265625</ele>
        <time>2026-09-18T22:05:38.000Z</time>
        <extensions>
          <ns3:TrackPointExtension>
            <ns3:hr>140</ns3:hr>
            <ns3:cad>90</ns3:cad>
          </ns3:TrackPointExtension>
        </extensions>
      </trkpt>
      <trkpt lat="39.14496663026511669158935546875" lon="117.17221833765506744384765625">
        <ele>8.6000003814697265625</ele>
        <time>2026-09-18T22:05:39.000Z</time>
        <extensions>
          <ns3:TrackPointExtension>
            <ns3:hr>140</ns3:hr>
            <ns3:cad>90</ns3:cad>
          </ns3:TrackPointExtension>
        </extensions>
      </trkpt>
      <trkpt lat="39.144959338009357452392578125" lon="117.1722570620477199554443359375">
        <ele>8.80000019073486328125</ele>
        <time>2026-09-18T22:05:40.000Z</time>
        <extensions>
          <ns3:TrackPointExtension>
            <ns3:hr>140</ns3:hr>
            <ns3:cad>90</ns3:cad>
          </ns3:TrackPointExtension>
        </extensions>
      </trkpt>
      <trkpt lat="39.14495975710451602935791015625" lon="117.17229989357292652130126953125">
        <ele>8.80000019073486328125</ele>
        <time>2026-09-18T22:05:41.000Z</time>
        <extensions>
          <ns3:TrackPointExtension>
            <ns3:hr>141</ns3:hr>
            <ns3:cad>90</ns3:cad>
          </ns3:TrackPointExtension>
        </extensions>
      </trkpt>
      <trkpt lat="39.14495640434324741363525390625" lon="117.17233358882367610931396484375">
        <ele>8.80000019073486328125</ele>
        <time>2026-09-18T22:05:42.000Z</time>
        <extensions>
          <ns3:TrackPointExtension>
            <ns3:hr>140</ns3:hr>
            <ns3:cad>90</ns3:cad>
          </ns3:TrackPointExtension>
        </extensions>
      </trkpt>
      <trkpt lat="39.14495573379099369049072265625" lon="117.17237281613051891326904296875">
        <ele>8.80000019073486328125</ele>
        <time>2026-09-18T22:05:43.000Z</time>
        <extensions>
          <ns3:TrackPointExtension>
            <ns3:hr>140</ns3:hr>
            <ns3:cad>90</ns3:cad>
          </ns3:TrackPointExtension>
        </extensions>
      </trkpt>
      <trkpt lat="39.1449497826397418975830078125" lon="117.17240399681031703948974609375">
        <ele>8.80000019073486328125</ele>
        <time>2026-09-18T22:05:44.000Z</time>
        <extensions>
          <ns3:TrackPointExtension>
            <ns3:hr>141</ns3:hr>
            <ns3:cad>90</ns3:cad>
          </ns3:TrackPointExtension>
        </extensions>
      </trkpt>
      <trkpt lat="39.144947268068790435791015625" lon="117.17244557105004787445068359375">
        <ele>8.80000019073486328125</ele>
        <time>2026-09-18T22:05:45.000Z</time>
        <extensions>
          <ns3:TrackPointExtension>
            <ns3:hr>140</ns3:hr>
            <ns3:cad>90</ns3:cad>
          </ns3:TrackPointExtension>
        </extensions>
      </trkpt>
      <trkpt lat="39.14494332857429981231689453125" lon="117.17247658409178256988525390625">
        <ele>8.6000003814697265625</ele>
        <time>2026-09-18T22:05:46.000Z</time>
        <extensions>
          <ns3:TrackPointExtension>
            <ns3:hr>140</ns3:hr>
            <ns3:cad>90</ns3:cad>
          </ns3:TrackPointExtension>
        </extensions>
      </trkpt>
      <trkpt lat="39.14494047872722148895263671875" lon="117.17251614667475223541259765625">
        <ele>8.80000019073486328125</ele>
        <time>2026-09-18T22:05:47.000Z</time>
        <extensions>
          <ns3:TrackPointExtension>
            <ns3:hr>141</ns3:hr>
            <ns3:cad>90</ns3:cad>
          </ns3:TrackPointExtension>
        </extensions>
      </trkpt>
      <trkpt lat="39.14493192918598651885986328125" lon="117.17254833318293094635009765625">
        <ele>8.80000019073486328125</ele>
        <time>2026-09-18T22:05:48.000Z</time>
        <extensions>
          <ns3:TrackPointExtension>
            <ns3:hr>140</ns3:hr>
            <ns3:cad>89</ns3:cad>
          </ns3:TrackPointExtension>
        </extensions>
      </trkpt>
      <trkpt lat="39.1449303366243839263916015625" lon="117.17258957214653491973876953125">
        <ele>8.6000003814697265625</ele>
        <time>2026-09-18T22:05:49.000Z</time>
        <extensions>
          <ns3:TrackPointExtension>
            <ns3:hr>140</ns3:hr>
            <ns3:cad>89</ns3:cad>
          </ns3:TrackPointExtension>
        </extensions>
      </trkpt>
      <trkpt lat="39.14492455311119556427001953125" lon="117.17262024991214275360107421875">
        <ele>8.6000003814697265625</ele>
        <time>2026-09-18T22:05:50.000Z</time>
        <extensions>
          <ns3:TrackPointExtension>
            <ns3:hr>140</ns3:hr>
            <ns3:cad>89</ns3:cad>
          </ns3:TrackPointExtension>
        </extensions>
      </trkpt>
      <trkpt lat="39.14492254145443439483642578125" lon="117.17266014777123928070068359375">
        <ele>8.6000003814697265625</ele>
        <time>2026-09-18T22:05:51.000Z</time>
        <extensions>
          <ns3:TrackPointExtension>
            <ns3:hr>140</ns3:hr>
            <ns3:cad>89</ns3:cad>
          </ns3:TrackPointExtension>
        </extensions>
      </trkpt>
      <trkpt lat="39.14492170326411724090576171875" lon="117.1726915799081325531005859375">
        <ele>8.6000003814697265625</ele>
        <time>2026-09-18T22:05:52.000Z</time>
        <extensions>
          <ns3:TrackPointExtension>
            <ns3:hr>140</ns3:hr>
            <ns3:cad>89</ns3:cad>
          </ns3:TrackPointExtension>
        </extensions>
      </trkpt>
      <trkpt lat="39.14491952396929264068603515625" lon="117.1727284602820873260498046875">
        <ele>8.6000003814697265625</ele>
        <time>2026-09-18T22:05:53.000Z</time>
        <extensions>
          <ns3:TrackPointExtension>
            <ns3:hr>140</ns3:hr>
            <ns3:cad>89</ns3:cad>
          </ns3:TrackPointExtension>
        </extensions>
      </trkpt>
      <trkpt lat="39.1449259780347347259521484375" lon="117.1727579645812511444091796875">
        <ele>8.6000003814697265625</ele>
        <time>2026-09-18T22:05:54.000Z</time>
        <extensions>
          <ns3:TrackPointExtension>
            <ns3:hr>140</ns3:hr>
            <ns3:cad>89</ns3:cad>
          </ns3:TrackPointExtension>
        </extensions>
      </trkpt>
      <trkpt lat="39.14492857642471790313720703125" lon="117.17278964817523956298828125">
        <ele>8.6000003814697265625</ele>
        <time>2026-09-18T22:05:55.000Z</time>
        <extensions>
          <ns3:TrackPointExtension>
            <ns3:hr>140</ns3:hr>
            <ns3:cad>89</ns3:cad>
          </ns3:TrackPointExtension>
        </extensions>
      </trkpt>
      <trkpt lat="39.14493109099566936492919921875" lon="117.17282325960695743560791015625">
        <ele>8.80000019073486328125</ele>
        <time>2026-09-18T22:05:56.000Z</time>
        <extensions>
          <ns3:TrackPointExtension>
            <ns3:hr>140</ns3:hr>
            <ns3:cad>89</ns3:cad>
          </ns3:TrackPointExtension>
        </extensions>
      </trkpt>
      <trkpt lat="39.14492606185376644134521484375" lon="117.1728612296283245086669921875">
        <ele>8.80000019073486328125</ele>
        <time>2026-09-18T22:05:57.000Z</time>
        <extensions>
          <ns3:TrackPointExtension>
            <ns3:hr>140</ns3:hr>
            <ns3:cad>89</ns3:cad>
          </ns3:TrackPointExtension>
        </extensions>
      </trkpt>
      <trkpt lat="39.1449263133108615875244140625" lon="117.17288947664201259613037109375">
        <ele>8.80000019073486328125</ele>
        <time>2026-09-18T22:05:58.000Z</time>
        <extensions>
          <ns3:TrackPointExtension>
            <ns3:hr>140</ns3:hr>
            <ns3:cad>89</ns3:cad>
          </ns3:TrackPointExtension>
        </extensions>
      </trkpt>
      <trkpt lat="39.14492421783506870269775390625" lon="117.17292518354952335357666015625">
        <ele>8.80000019073486328125</ele>
        <time>2026-09-18T22:05:59.000Z</time>
        <extensions>
          <ns3:TrackPointExtension>
            <ns3:hr>140</ns3:hr>
            <ns3:cad>89</ns3:cad>
          </ns3:TrackPointExtension>
        </extensions>
      </trkpt>
      <trkpt lat="39.144927151501178741455078125" lon="117.172963321208953857421875">
        <ele>8.6000003814697265625</ele>
        <time>2026-09-18T22:06:00.000Z</time>
        <extensions>
          <ns3:TrackPointExtension>
            <ns3:hr>140</ns3:hr>
            <ns3:cad>90</ns3:cad>
          </ns3:TrackPointExtension>
        </extensions>
      </trkpt>
      <trkpt lat="39.14492405019700527191162109375" lon="117.172999195754528045654296875">
        <ele>8.6000003814697265625</ele>
        <time>2026-09-18T22:06:01.000Z</time>
        <extensions>
          <ns3:TrackPointExtension>
            <ns3:hr>140</ns3:hr>
            <ns3:cad>90</ns3:cad>
          </ns3:TrackPointExtension>
        </extensions>
      </trkpt>
      <trkpt lat="39.144924469292163848876953125" lon="117.1730382554233074188232421875">
        <ele>8.6000003814697265625</ele>
        <time>2026-09-18T22:06:02.000Z</time>
        <extensions>
          <ns3:TrackPointExtension>
            <ns3:hr>140</ns3:hr>
            <ns3:cad>90</ns3:cad>
          </ns3:TrackPointExtension>
        </extensions>
      </trkpt>
      <trkpt lat="39.14492237381637096405029296875" lon="117.17307664453983306884765625">
        <ele>8.3999996185302734375</ele>
        <time>2026-09-18T22:06:03.000Z</time>
        <extensions>
          <ns3:TrackPointExtension>
            <ns3:hr>140</ns3:hr>
            <ns3:cad>91</ns3:cad>
          </ns3:TrackPointExtension>
        </extensions>
      </trkpt>
      <trkpt lat="39.1449236311018466949462890625" lon="117.173117212951183319091796875">
        <ele>8.80000019073486328125</ele>
        <time>2026-09-18T22:06:04.000Z</time>
        <extensions>
          <ns3:TrackPointExtension>
            <ns3:hr>140</ns3:hr>
            <ns3:cad>92</ns3:cad>
          </ns3:TrackPointExtension>
        </extensions>
      </trkpt>
      <trkpt lat="39.14492170326411724090576171875" lon="117.1731535904109477996826171875">
        <ele>8.80000019073486328125</ele>
        <time>2026-09-18T22:06:05.000Z</time>
        <extensions>
          <ns3:TrackPointExtension>
            <ns3:hr>140</ns3:hr>
            <ns3:cad>92</ns3:cad>
          </ns3:TrackPointExtension>
        </extensions>
      </trkpt>
      <trkpt lat="39.1449216194450855255126953125" lon="117.17319055460393428802490234375">
        <ele>8.80000019073486328125</ele>
        <time>2026-09-18T22:06:06.000Z</time>
        <extensions>
          <ns3:TrackPointExtension>
            <ns3:hr>139</ns3:hr>
            <ns3:cad>90</ns3:cad>
          </ns3:TrackPointExtension>
        </extensions>
      </trkpt>
      <trkpt lat="39.144922792911529541015625" lon="117.1732260100543498992919921875">
        <ele>8.80000019073486328125</ele>
        <time>2026-09-18T22:06:07.000Z</time>
        <extensions>
          <ns3:TrackPointExtension>
            <ns3:hr>140</ns3:hr>
            <ns3:cad>90</ns3:cad>
          </ns3:TrackPointExtension>
        </extensions>
      </trkpt>
      <trkpt lat="39.1449229605495929718017578125" lon="117.1732571907341480255126953125">
        <ele>8.80000019073486328125</ele>
        <time>2026-09-18T22:06:08.000Z</time>
        <extensions>
          <ns3:TrackPointExtension>
            <ns3:hr>139</ns3:hr>
            <ns3:cad>90</ns3:cad>
          </ns3:TrackPointExtension>
        </extensions>
      </trkpt>
      <trkpt lat="39.14492136798799037933349609375" lon="117.17329231090843677520751953125">
        <ele>8.6000003814697265625</ele>
        <time>2026-09-18T22:06:09.000Z</time>
        <extensions>
          <ns3:TrackPointExtension>
            <ns3:hr>139</ns3:hr>
            <ns3:cad>90</ns3:cad>
          </ns3:TrackPointExtension>
        </extensions>
      </trkpt>
      <trkpt lat="39.14491952396929264068603515625" lon="117.17332449741661548614501953125">
        <ele>8.3999996185302734375</ele>
        <time>2026-09-18T22:06:10.000Z</time>
        <extensions>
          <ns3:TrackPointExtension>
            <ns3:hr>139</ns3:hr>
            <ns3:cad>90</ns3:cad>
          </ns3:TrackPointExtension>
        </extensions>
      </trkpt>
      <trkpt lat="39.14491751231253147125244140625" lon="117.17336020432412624359130859375">
        <ele>8.3999996185302734375</ele>
        <time>2026-09-18T22:06:11.000Z</time>
        <extensions>
          <ns3:TrackPointExtension>
            <ns3:hr>140</ns3:hr>
            <ns3:cad>90</ns3:cad>
          </ns3:TrackPointExtension>
        </extensions>
      </trkpt>
      <trkpt lat="39.1449175961315631866455078125" lon="117.1733916364610195159912109375">
        <ele>8.3999996185302734375</ele>
        <time>2026-09-18T22:06:12.000Z</time>
        <extensions>
          <ns3:TrackPointExtension>
            <ns3:hr>139</ns3:hr>
            <ns3:cad>90</ns3:cad>
          </ns3:TrackPointExtension>
        </extensions>
      </trkpt>
      <trkpt lat="39.14491415955126285552978515625" lon="117.17342390678822994232177734375">
        <ele>8.3999996185302734375</ele>
        <time>2026-09-18T22:06:13.000Z</time>
        <extensions>
          <ns3:TrackPointExtension>
            <ns3:hr>139</ns3:hr>
            <ns3:cad>90</ns3:cad>
          </ns3:TrackPointExtension>
        </extensions>
      </trkpt>
      <trkpt lat="39.1449139080941677093505859375" lon="117.1734509803354740142822265625">
        <ele>8.6000003814697265625</ele>
        <time>2026-09-18T22:06:14.000Z</time>
        <extensions>
          <ns3:TrackPointExtension>
            <ns3:hr>139</ns3:hr>
            <ns3:cad>90</ns3:cad>
          </ns3:TrackPointExtension>
        </extensions>
      </trkpt>
      <trkpt lat="39.1449149139225482940673828125" lon="117.1734881959855556488037109375">
        <ele>8.6000003814697265625</ele>
        <time>2026-09-18T22:06:15.000Z</time>
        <extensions>
          <ns3:TrackPointExtension>
            <ns3:hr>139</ns3:hr>
            <ns3:cad>90</ns3:cad>
          </ns3:TrackPointExtension>
        </extensions>
      </trkpt>
      <trkpt lat="39.1449149139225482940673828125" lon="117.17351962812244892120361328125">
        <ele>8.6000003814697265625</ele>
        <time>2026-09-18T22:06:16.000Z</time>
        <extensions>
          <ns3:TrackPointExtension>
            <ns3:hr>139</ns3:hr>
            <ns3:cad>90</ns3:cad>
          </ns3:TrackPointExtension>
        </extensions>
      </trkpt>
      <trkpt lat="39.144914411008358001708984375" lon="117.1735488809645175933837890625">
        <ele>8.6000003814697265625</ele>
        <time>2026-09-18T22:06:17.000Z</time>
        <extensions>
          <ns3:TrackPointExtension>
            <ns3:hr>139</ns3:hr>
            <ns3:cad>90</ns3:cad>
          </ns3:TrackPointExtension>
        </extensions>
      </trkpt>
      <trkpt lat="39.1449152491986751556396484375" lon="117.17358249239623546600341796875">
        <ele>8.6000003814697265625</ele>
        <time>2026-09-18T22:06:18.000Z</time>
        <extensions>
          <ns3:TrackPointExtension>
            <ns3:hr>139</ns3:hr>
            <ns3:cad>90</ns3:cad>
          </ns3:TrackPointExtension>
        </extensions>
      </trkpt>
      <trkpt lat="39.1449112258851528167724609375" lon="117.17362054623663425445556640625">
        <ele>8.3999996185302734375</ele>
        <time>2026-09-18T22:06:19.000Z</time>
        <extensions>
          <ns3:TrackPointExtension>
            <ns3:hr>139</ns3:hr>
            <ns3:cad>90</ns3:cad>
          </ns3:TrackPointExtension>
        </extensions>
      </trkpt>
      <trkpt lat="39.144913740456104278564453125" lon="117.17365675605833530426025390625">
        <ele>8.3999996185302734375</ele>
        <time>2026-09-18T22:06:20.000Z</time>
        <extensions>
          <ns3:TrackPointExtension>
            <ns3:hr>139</ns3:hr>
            <ns3:cad>89</ns3:cad>
          </ns3:TrackPointExtension>
        </extensions>
      </trkpt>
      <trkpt lat="39.14491273462772369384765625" lon="117.17370369471609592437744140625">
        <ele>8.3999996185302734375</ele>
        <time>2026-09-18T22:06:21.000Z</time>
        <extensions>
          <ns3:TrackPointExtension>
            <ns3:hr>139</ns3:hr>
            <ns3:cad>89</ns3:cad>
          </ns3:TrackPointExtension>
        </extensions>
      </trkpt>
      <trkpt lat="39.144915081560611724853515625" lon="117.17374443076550960540771484375">
        <ele>8.19999980926513671875</ele>
        <time>2026-09-18T22:06:22.000Z</time>
        <extensions>
          <ns3:TrackPointExtension>
            <ns3:hr>139</ns3:hr>
            <ns3:cad>89</ns3:cad>
          </ns3:TrackPointExtension>
        </extensions>
      </trkpt>
      <trkpt lat="39.14491684176027774810791015625" lon="117.1737916208803653717041015625">
        <ele>8.19999980926513671875</ele>
        <time>2026-09-18T22:06:23.000Z</time>
        <extensions>
          <ns3:TrackPointExtension>
            <ns3:hr>138</ns3:hr>
            <ns3:cad>91</ns3:cad>
          </ns3:TrackPointExtension>
        </extensions>
      </trkpt>
      <trkpt lat="39.14492069743573665618896484375" lon="117.17382506467401981353759765625">
        <ele>8.3999996185302734375</ele>
        <time>2026-09-18T22:06:24.000Z</time>
        <extensions>
          <ns3:TrackPointExtension>
            <ns3:hr>139</ns3:hr>
            <ns3:cad>91</ns3:cad>
          </ns3:TrackPointExtension>
        </extensions>
      </trkpt>
      <trkpt lat="39.1449186019599437713623046875" lon="117.173865549266338348388671875">
        <ele>8.3999996185302734375</ele>
        <time>2026-09-18T22:06:25.000Z</time>
        <extensions>
          <ns3:TrackPointExtension>
            <ns3:hr>139</ns3:hr>
            <ns3:cad>92</ns3:cad>
          </ns3:TrackPointExtension>
        </extensions>
      </trkpt>
      <trkpt lat="39.1449192725121974945068359375" lon="117.17390217818319797515869140625">
        <ele>8.3999996185302734375</ele>
        <time>2026-09-18T22:06:26.000Z</time>
        <extensions>
          <ns3:TrackPointExtension>
            <ns3:hr>139</ns3:hr>
            <ns3:cad>92</ns3:cad>
          </ns3:TrackPointExtension>
        </extensions>
      </trkpt>
      <trkpt lat="39.14491885341703891754150390625" lon="117.17394358478486537933349609375">
        <ele>8.3999996185302734375</ele>
        <time>2026-09-18T22:06:27.000Z</time>
        <extensions>
          <ns3:TrackPointExtension>
            <ns3:hr>140</ns3:hr>
            <ns3:cad>90</ns3:cad>
          </ns3:TrackPointExtension>
        </extensions>
      </trkpt>
      <trkpt lat="39.144920445978641510009765625" lon="117.17397510074079036712646484375">
        <ele>8.3999996185302734375</ele>
        <time>2026-09-18T22:06:28.000Z</time>
        <extensions>
          <ns3:TrackPointExtension>
            <ns3:hr>140</ns3:hr>
            <ns3:cad>90</ns3:cad>
          </ns3:TrackPointExtension>
        </extensions>
      </trkpt>
      <trkpt lat="39.14492170326411724090576171875" lon="117.174017764627933502197265625">
        <ele>8.3999996185302734375</ele>
        <time>2026-09-18T22:06:29.000Z</time>
        <extensions>
          <ns3:TrackPointExtension>
            <ns3:hr>140</ns3:hr>
            <ns3:cad>90</ns3:cad>
          </ns3:TrackPointExtension>
        </extensions>
      </trkpt>
      <trkpt lat="39.14492405019700527191162109375" lon="117.17404894530773162841796875">
        <ele>8.3999996185302734375</ele>
        <time>2026-09-18T22:06:30.000Z</time>
        <extensions>
          <ns3:TrackPointExtension>
            <ns3:hr>140</ns3:hr>
            <ns3:cad>90</ns3:cad>
          </ns3:TrackPointExtension>
        </extensions>
      </trkpt>
      <trkpt lat="39.14492136798799037933349609375" lon="117.17408658005297183990478515625">
        <ele>8.3999996185302734375</ele>
        <time>2026-09-18T22:06:31.000Z</time>
        <extensions>
          <ns3:TrackPointExtension>
            <ns3:hr>140</ns3:hr>
            <ns3:cad>89</ns3:cad>
          </ns3:TrackPointExtension>
        </extensions>
      </trkpt>
      <trkpt lat="39.14491818286478519439697265625" lon="117.1741188503801822662353515625">
        <ele>8.3999996185302734375</ele>
        <time>2026-09-18T22:06:32.000Z</time>
        <extensions>
          <ns3:TrackPointExtension>
            <ns3:hr>140</ns3:hr>
            <ns3:cad>89</ns3:cad>
          </ns3:TrackPointExtension>
        </extensions>
      </trkpt>
      <trkpt lat="39.14491315372288227081298828125" lon="117.1741587482392787933349609375">
        <ele>8.3999996185302734375</ele>
        <time>2026-09-18T22:06:33.000Z</time>
        <extensions>
          <ns3:TrackPointExtension>
            <ns3:hr>140</ns3:hr>
            <ns3:cad>89</ns3:cad>
          </ns3:TrackPointExtension>
        </extensions>
      </trkpt>
      <trkpt lat="39.14491047151386737823486328125" lon="117.17419118620455265045166015625">
        <ele>8.3999996185302734375</ele>
        <time>2026-09-18T22:06:34.000Z</time>
        <extensions>
          <ns3:TrackPointExtension>
            <ns3:hr>140</ns3:hr>
            <ns3:cad>89</ns3:cad>
          </ns3:TrackPointExtension>
        </extensions>
      </trkpt>
      <trkpt lat="39.1449031792581081390380859375" lon="117.17423225753009319305419921875">
        <ele>8.3999996185302734375</ele>
        <time>2026-09-18T22:06:35.000Z</time>
        <extensions>
          <ns3:TrackPointExtension>
            <ns3:hr>140</ns3:hr>
            <ns3:cad>89</ns3:cad>
          </ns3:TrackPointExtension>
        </extensions>
      </trkpt>
      <trkpt lat="39.14489739574491977691650390625" lon="117.17426360584795475006103515625">
        <ele>8.3999996185302734375</ele>
        <time>2026-09-18T22:06:36.000Z</time>
        <extensions>
          <ns3:TrackPointExtension>
            <ns3:hr>140</ns3:hr>
            <ns3:cad>89</ns3:cad>
          </ns3:TrackPointExtension>
        </extensions>
      </trkpt>
      <trkpt lat="39.144890271127223968505859375" lon="117.17430048622190952301025390625">
        <ele>8.3999996185302734375</ele>
        <time>2026-09-18T22:06:37.000Z</time>
        <extensions>
          <ns3:TrackPointExtension>
            <ns3:hr>140</ns3:hr>
            <ns3:cad>89</ns3:cad>
          </ns3:TrackPointExtension>
        </extensions>
      </trkpt>
      <trkpt lat="39.144885241985321044921875" lon="117.17433317564427852630615234375">
        <ele>8.3999996185302734375</ele>
        <time>2026-09-18T22:06:38.000Z</time>
        <extensions>
          <ns3:TrackPointExtension>
            <ns3:hr>140</ns3:hr>
            <ns3:cad>89</ns3:cad>
          </ns3:TrackPointExtension>
        </extensions>
      </trkpt>
      <trkpt lat="39.14488096721470355987548828125" lon="117.17437349259853363037109375">
        <ele>8.19999980926513671875</ele>
        <time>2026-09-18T22:06:39.000Z</time>
        <extensions>
          <ns3:TrackPointExtension>
            <ns3:hr>140</ns3:hr>
            <ns3:cad>89</ns3:cad>
          </ns3:TrackPointExtension>
        </extensions>
      </trkpt>
      <trkpt lat="39.1448790393769741058349609375" lon="117.17440810985863208770751953125">
        <ele>8.19999980926513671875</ele>
        <time>2026-09-18T22:06:40.000Z</time>
        <extensions>
          <ns3:TrackPointExtension>
            <ns3:hr>140</ns3:hr>
            <ns3:cad>89</ns3:cad>
          </ns3:TrackPointExtension>
        </extensions>
      </trkpt>
      <trkpt lat="39.14487761445343494415283203125" lon="117.1744484268128871917724609375">
        <ele>8.19999980926513671875</ele>
        <time>2026-09-18T22:06:41.000Z</time>
        <extensions>
          <ns3:TrackPointExtension>
            <ns3:hr>140</ns3:hr>
            <ns3:cad>88</ns3:cad>
          </ns3:TrackPointExtension>
        </extensions>
      </trkpt>
      <trkpt lat="39.14487786591053009033203125" lon="117.1744849719107151031494140625">
        <ele>8.19999980926513671875</ele>
        <time>2026-09-18T22:06:42.000Z</time>
        <extensions>
          <ns3:TrackPointExtension>
            <ns3:hr>140</ns3:hr>
            <ns3:cad>88</ns3:cad>
          </ns3:TrackPointExtension>
        </extensions>
      </trkpt>
      <trkpt lat="39.14488012902438640594482421875" lon="117.1745252050459384918212890625">
        <ele>8.19999980926513671875</ele>
        <time>2026-09-18T22:06:43.000Z</time>
        <extensions>
          <ns3:TrackPointExtension>
            <ns3:hr>140</ns3:hr>
            <ns3:cad>88</ns3:cad>
          </ns3:TrackPointExtension>
        </extensions>
      </trkpt>
      <trkpt lat="39.144882895052433013916015625" lon="117.1745614148676395416259765625">
        <ele>8.19999980926513671875</ele>
        <time>2026-09-18T22:06:44.000Z</time>
        <extensions>
          <ns3:TrackPointExtension>
            <ns3:hr>140</ns3:hr>
            <ns3:cad>88</ns3:cad>
          </ns3:TrackPointExtension>
        </extensions>
      </trkpt>
      <trkpt lat="39.14488867856562137603759765625" lon="117.1746009774506092071533203125">
        <ele>8.3999996185302734375</ele>
        <time>2026-09-18T22:06:45.000Z</time>
        <extensions>
          <ns3:TrackPointExtension>
            <ns3:hr>141</ns3:hr>
            <ns3:cad>88</ns3:cad>
          </ns3:TrackPointExtension>
        </extensions>
      </trkpt>
      <trkpt lat="39.1448901034891605377197265625" lon="117.1746378578245639801025390625">
        <ele>8.3999996185302734375</ele>
        <time>2026-09-18T22:06:46.000Z</time>
        <extensions>
          <ns3:TrackPointExtension>
            <ns3:hr>141</ns3:hr>
            <ns3:cad>89</ns3:cad>
          </ns3:TrackPointExtension>
        </extensions>
      </trkpt>
      <trkpt lat="39.14489018730819225311279296875" lon="117.17467725276947021484375">
        <ele>8.3999996185302734375</ele>
        <time>2026-09-18T22:06:47.000Z</time>
        <extensions>
          <ns3:TrackPointExtension>
            <ns3:hr>140</ns3:hr>
            <ns3:cad>89</ns3:cad>
          </ns3:TrackPointExtension>
        </extensions>
      </trkpt>
      <trkpt lat="39.14488633163273334503173828125" lon="117.1747149713337421417236328125">
        <ele>8.3999996185302734375</ele>
        <time>2026-09-18T22:06:48.000Z</time>
        <extensions>
          <ns3:TrackPointExtension>
            <ns3:hr>140</ns3:hr>
            <ns3:cad>89</ns3:cad>
          </ns3:TrackPointExtension>
        </extensions>
      </trkpt>
      <trkpt lat="39.14488700218498706817626953125" lon="117.17475612647831439971923828125">
        <ele>8.3999996185302734375</ele>
        <time>2026-09-18T22:06:49.000Z</time>
        <extensions>
          <ns3:TrackPointExtension>
            <ns3:hr>140</ns3:hr>
            <ns3:cad>89</ns3:cad>
          </ns3:TrackPointExtension>
        </extensions>
      </trkpt>
      <trkpt lat="39.14488197304308414459228515625" lon="117.1747920848429203033447265625">
        <ele>8.3999996185302734375</ele>
        <time>2026-09-18T22:06:50.000Z</time>
        <extensions>
          <ns3:TrackPointExtension>
            <ns3:hr>141</ns3:hr>
            <ns3:cad>89</ns3:cad>
          </ns3:TrackPointExtension>
        </extensions>
      </trkpt>
      <trkpt lat="39.1448830626904964447021484375" lon="117.17483256943523883819580078125">
        <ele>8.3999996185302734375</ele>
        <time>2026-09-18T22:06:51.000Z</time>
        <extensions>
          <ns3:TrackPointExtension>
            <ns3:hr>140</ns3:hr>
            <ns3:cad>89</ns3:cad>
          </ns3:TrackPointExtension>
        </extensions>
      </trkpt>
      <trkpt lat="39.1448810510337352752685546875" lon="117.17486861161887645721435546875">
        <ele>8.19999980926513671875</ele>
        <time>2026-09-18T22:06:52.000Z</time>
        <extensions>
          <ns3:TrackPointExtension>
            <ns3:hr>140</ns3:hr>
            <ns3:cad>90</ns3:cad>
          </ns3:TrackPointExtension>
        </extensions>
      </trkpt>
      <trkpt lat="39.1448844037950038909912109375" lon="117.17490767128765583038330078125">
        <ele>8.19999980926513671875</ele>
        <time>2026-09-18T22:06:53.000Z</time>
        <extensions>
          <ns3:TrackPointExtension>
            <ns3:hr>140</ns3:hr>
            <ns3:cad>90</ns3:cad>
          </ns3:TrackPointExtension>
        </extensions>
      </trkpt>
      <trkpt lat="39.14488733746111392974853515625" lon="117.1749432943761348724365234375">
        <ele>8.19999980926513671875</ele>
        <time>2026-09-18T22:06:54.000Z</time>
        <extensions>
          <ns3:TrackPointExtension>
            <ns3:hr>140</ns3:hr>
            <ns3:cad>90</ns3:cad>
          </ns3:TrackPointExtension>
        </extensions>
      </trkpt>
      <trkpt lat="39.14488817565143108367919921875" lon="117.17498092912137508392333984375">
        <ele>8.19999980926513671875</ele>
        <time>2026-09-18T22:06:55.000Z</time>
        <extensions>
          <ns3:TrackPointExtension>
            <ns3:hr>140</ns3:hr>
            <ns3:cad>90</ns3:cad>
          </ns3:TrackPointExtension>
        </extensions>
      </trkpt>
      <trkpt lat="39.1448867507278919219970703125" lon="117.17501780949532985687255859375">
        <ele>8.19999980926513671875</ele>
        <time>2026-09-18T22:06:56.000Z</time>
        <extensions>
          <ns3:TrackPointExtension>
            <ns3:hr>140</ns3:hr>
            <ns3:cad>89</ns3:cad>
          </ns3:TrackPointExtension>
        </extensions>
      </trkpt>
      <trkpt lat="39.14488784037530422210693359375" lon="117.17505569569766521453857421875">
        <ele>8.19999980926513671875</ele>
        <time>2026-09-18T22:06:57.000Z</time>
        <extensions>
          <ns3:TrackPointExtension>
            <ns3:hr>140</ns3:hr>
            <ns3:cad>89</ns3:cad>
          </ns3:TrackPointExtension>
        </extensions>
      </trkpt>
      <trkpt lat="39.14488666690886020660400390625" lon="117.17509157024323940277099609375">
        <ele>8.19999980926513671875</ele>
        <time>2026-09-18T22:06:58.000Z</time>
        <extensions>
          <ns3:TrackPointExtension>
            <ns3:hr>141</ns3:hr>
            <ns3:cad>89</ns3:cad>
          </ns3:TrackPointExtension>
        </extensions>
      </trkpt>
      <trkpt lat="39.14488649927079677581787109375" lon="117.17512945644557476043701171875">
        <ele>8.19999980926513671875</ele>
        <time>2026-09-18T22:06:59.000Z</time>
        <extensions>
          <ns3:TrackPointExtension>
            <ns3:hr>140</ns3:hr>
            <ns3:cad>89</ns3:cad>
          </ns3:TrackPointExtension>
        </extensions>
      </trkpt>
      <trkpt lat="39.1448857448995113372802734375" lon="117.17516499571502208709716796875">
        <ele>8.19999980926513671875</ele>
        <time>2026-09-18T22:07:00.000Z</time>
        <extensions>
          <ns3:TrackPointExtension>
            <ns3:hr>141</ns3:hr>
            <ns3:cad>89</ns3:cad>
          </ns3:TrackPointExtension>
        </extensions>
      </trkpt>
      <trkpt lat="39.14488901384174823760986328125" lon="117.17520120553672313690185546875">
        <ele>8.19999980926513671875</ele>
        <time>2026-09-18T22:07:01.000Z</time>
        <extensions>
          <ns3:TrackPointExtension>
            <ns3:hr>141</ns3:hr>
            <ns3:cad>89</ns3:cad>
          </ns3:TrackPointExtension>
        </extensions>
      </trkpt>
      <trkpt lat="39.14489270187914371490478515625" lon="117.17523942701518535614013671875">
        <ele>8.19999980926513671875</ele>
        <time>2026-09-18T22:07:02.000Z</time>
        <extensions>
          <ns3:TrackPointExtension>
            <ns3:hr>141</ns3:hr>
            <ns3:cad>89</ns3:cad>
          </ns3:TrackPointExtension>
        </extensions>
      </trkpt>
      <trkpt lat="39.144894964993000030517578125" lon="117.1752742119133472442626953125">
        <ele>8.19999980926513671875</ele>
        <time>2026-09-18T22:07:03.000Z</time>
        <extensions>
          <ns3:TrackPointExtension>
            <ns3:hr>141</ns3:hr>
            <ns3:cad>89</ns3:cad>
          </ns3:TrackPointExtension>
        </extensions>
      </trkpt>
      <trkpt lat="39.14488934911787509918212890625" lon="117.17531436122953891754150390625">
        <ele>8.19999980926513671875</ele>
        <time>2026-09-18T22:07:04.000Z</time>
        <extensions>
          <ns3:TrackPointExtension>
            <ns3:hr>141</ns3:hr>
            <ns3:cad>89</ns3:cad>
          </ns3:TrackPointExtension>
        </extensions>
      </trkpt>
      <trkpt lat="39.14489354006946086883544921875" lon="117.1753576956689357757568359375">
        <ele>8.3999996185302734375</ele>
        <time>2026-09-18T22:07:05.000Z</time>
        <extensions>
          <ns3:TrackPointExtension>
            <ns3:hr>141</ns3:hr>
            <ns3:cad>89</ns3:cad>
          </ns3:TrackPointExtension>
        </extensions>
      </trkpt>
      <trkpt lat="39.14489655755460262298583984375" lon="117.17538896016776561737060546875">
        <ele>8.3999996185302734375</ele>
        <time>2026-09-18T22:07:06.000Z</time>
        <extensions>
          <ns3:TrackPointExtension>
            <ns3:hr>141</ns3:hr>
            <ns3:cad>89</ns3:cad>
          </ns3:TrackPointExtension>
        </extensions>
      </trkpt>
      <trkpt lat="39.14489571936428546905517578125" lon="117.17542701400816440582275390625">
        <ele>8.19999980926513671875</ele>
        <time>2026-09-18T22:07:07.000Z</time>
        <extensions>
          <ns3:TrackPointExtension>
            <ns3:hr>141</ns3:hr>
            <ns3:cad>89</ns3:cad>
          </ns3:TrackPointExtension>
        </extensions>
      </trkpt>
      <trkpt lat="39.1448934562504291534423828125" lon="117.1754609607160091400146484375">
        <ele>8.3999996185302734375</ele>
        <time>2026-09-18T22:07:08.000Z</time>
        <extensions>
          <ns3:TrackPointExtension>
            <ns3:hr>141</ns3:hr>
            <ns3:cad>89</ns3:cad>
          </ns3:TrackPointExtension>
        </extensions>
      </trkpt>
      <trkpt lat="39.14489404298365116119384765625" lon="117.1754913032054901123046875">
        <ele>8.3999996185302734375</ele>
        <time>2026-09-18T22:07:09.000Z</time>
        <extensions>
          <ns3:TrackPointExtension>
            <ns3:hr>141</ns3:hr>
            <ns3:cad>90</ns3:cad>
          </ns3:TrackPointExtension>
        </extensions>
      </trkpt>
      <trkpt lat="39.14488851092755794525146484375" lon="117.17552625574171543121337890625">
        <ele>8.3999996185302734375</ele>
        <time>2026-09-18T22:07:10.000Z</time>
        <extensions>
          <ns3:TrackPointExtension>
            <ns3:hr>141</ns3:hr>
            <ns3:cad>90</ns3:cad>
          </ns3:TrackPointExtension>
        </extensions>
      </trkpt>
      <trkpt lat="39.144892282783985137939453125" lon="117.1755598671734333038330078125">
        <ele>8.3999996185302734375</ele>
        <time>2026-09-18T22:07:11.000Z</time>
        <extensions>
          <ns3:TrackPointExtension>
            <ns3:hr>141</ns3:hr>
            <ns3:cad>90</ns3:cad>
          </ns3:TrackPointExtension>
        </extensions>
      </trkpt>
      <trkpt lat="39.14489001967012882232666015625" lon="117.17559683136641979217529296875">
        <ele>8.6000003814697265625</ele>
        <time>2026-09-18T22:07:12.000Z</time>
        <extensions>
          <ns3:TrackPointExtension>
            <ns3:hr>141</ns3:hr>
            <ns3:cad>90</ns3:cad>
          </ns3:TrackPointExtension>
        </extensions>
      </trkpt>
      <trkpt lat="39.14489035494625568389892578125" lon="117.17563304118812084197998046875">
        <ele>8.6000003814697265625</ele>
        <time>2026-09-18T22:07:13.000Z</time>
        <extensions>
          <ns3:TrackPointExtension>
            <ns3:hr>141</ns3:hr>
            <ns3:cad>90</ns3:cad>
          </ns3:TrackPointExtension>
        </extensions>
      </trkpt>
      <trkpt lat="39.14488700218498706817626953125" lon="117.17567126266658306121826171875">
        <ele>8.6000003814697265625</ele>
        <time>2026-09-18T22:07:14.000Z</time>
        <extensions>
          <ns3:TrackPointExtension>
            <ns3:hr>142</ns3:hr>
            <ns3:cad>90</ns3:cad>
          </ns3:TrackPointExtension>
        </extensions>
      </trkpt>
      <trkpt lat="39.1448897682130336761474609375" lon="117.1757110767066478729248046875">
        <ele>8.6000003814697265625</ele>
        <time>2026-09-18T22:07:15.000Z</time>
        <extensions>
          <ns3:TrackPointExtension>
            <ns3:hr>142</ns3:hr>
            <ns3:cad>90</ns3:cad>
          </ns3:TrackPointExtension>
        </extensions>
      </trkpt>
      <trkpt lat="39.1448914445936679840087890625" lon="117.17575055547058582305908203125">
        <ele>8.6000003814697265625</ele>
        <time>2026-09-18T22:07:16.000Z</time>
        <extensions>
          <ns3:TrackPointExtension>
            <ns3:hr>142</ns3:hr>
            <ns3:cad>89</ns3:cad>
          </ns3:TrackPointExtension>
        </extensions>
      </trkpt>
      <trkpt lat="39.14489236660301685333251953125" lon="117.17578793875873088836669921875">
        <ele>8.6000003814697265625</ele>
        <time>2026-09-18T22:07:17.000Z</time>
        <extensions>
          <ns3:TrackPointExtension>
            <ns3:hr>142</ns3:hr>
            <ns3:cad>89</ns3:cad>
          </ns3:TrackPointExtension>
        </extensions>
      </trkpt>
      <trkpt lat="39.1448880918323993682861328125" lon="117.175823561847209930419921875">
        <ele>8.6000003814697265625</ele>
        <time>2026-09-18T22:07:18.000Z</time>
        <extensions>
          <ns3:TrackPointExtension>
            <ns3:hr>142</ns3:hr>
            <ns3:cad>89</ns3:cad>
          </ns3:TrackPointExtension>
        </extensions>
      </trkpt>
      <trkpt lat="39.14488725364208221435546875" lon="117.1758626215159893035888671875">
        <ele>8.6000003814697265625</ele>
        <time>2026-09-18T22:07:19.000Z</time>
        <extensions>
          <ns3:TrackPointExtension>
            <ns3:hr>142</ns3:hr>
            <ns3:cad>89</ns3:cad>
          </ns3:TrackPointExtension>
        </extensions>
      </trkpt>
      <trkpt lat="39.14488188922405242919921875" lon="117.17589757405221462249755859375">
        <ele>8.3999996185302734375</ele>
        <time>2026-09-18T22:07:20.000Z</time>
        <extensions>
          <ns3:TrackPointExtension>
            <ns3:hr>143</ns3:hr>
            <ns3:cad>89</ns3:cad>
          </ns3:TrackPointExtension>
        </extensions>
      </trkpt>
      <trkpt lat="39.14488348178565502166748046875" lon="117.17593277804553508758544921875">
        <ele>8.3999996185302734375</ele>
        <time>2026-09-18T22:07:21.000Z</time>
        <extensions>
          <ns3:TrackPointExtension>
            <ns3:hr>142</ns3:hr>
            <ns3:cad>89</ns3:cad>
          </ns3:TrackPointExtension>
        </extensions>
      </trkpt>
      <trkpt lat="39.1448810510337352752685546875" lon="117.17597200535237789154052734375">
        <ele>8.3999996185302734375</ele>
        <time>2026-09-18T22:07:22.000Z</time>
        <extensions>
          <ns3:TrackPointExtension>
            <ns3:hr>142</ns3:hr>
            <ns3:cad>89</ns3:cad>
          </ns3:TrackPointExtension>
        </extensions>
      </trkpt>
      <trkpt lat="39.14488163776695728302001953125" lon="117.1760091371834278106689453125">
        <ele>8.3999996185302734375</ele>
        <time>2026-09-18T22:07:23.000Z</time>
        <extensions>
          <ns3:TrackPointExtension>
            <ns3:hr>143</ns3:hr>
            <ns3:cad>89</ns3:cad>
          </ns3:TrackPointExtension>
        </extensions>
      </trkpt>
      <trkpt lat="39.14487677626311779022216796875" lon="117.17604777775704860687255859375">
        <ele>8.3999996185302734375</ele>
        <time>2026-09-18T22:07:24.000Z</time>
        <extensions>
          <ns3:TrackPointExtension>
            <ns3:hr>143</ns3:hr>
            <ns3:cad>89</ns3:cad>
          </ns3:TrackPointExtension>
        </extensions>
      </trkpt>
      <trkpt lat="39.14487493224442005157470703125" lon="117.176084406673908233642578125">
        <ele>8.3999996185302734375</ele>
        <time>2026-09-18T22:07:25.000Z</time>
        <extensions>
          <ns3:TrackPointExtension>
            <ns3:hr>143</ns3:hr>
            <ns3:cad>89</ns3:cad>
          </ns3:TrackPointExtension>
        </extensions>
      </trkpt>
      <trkpt lat="39.144866131246089935302734375" lon="117.17612572945654392242431640625">
        <ele>8.3999996185302734375</ele>
        <time>2026-09-18T22:07:26.000Z</time>
        <extensions>
          <ns3:TrackPointExtension>
            <ns3:hr>143</ns3:hr>
            <ns3:cad>89</ns3:cad>
          </ns3:TrackPointExtension>
        </extensions>
      </trkpt>
      <trkpt lat="39.14486353285610675811767578125" lon="117.17615908943116664886474609375">
        <ele>8.3999996185302734375</ele>
        <time>2026-09-18T22:07:27.000Z</time>
        <extensions>
          <ns3:TrackPointExtension>
            <ns3:hr>142</ns3:hr>
            <ns3:cad>89</ns3:cad>
          </ns3:TrackPointExtension>
        </extensions>
      </trkpt>
      <trkpt lat="39.144856743514537811279296875" lon="117.176194377243518829345703125">
        <ele>8.6000003814697265625</ele>
        <time>2026-09-18T22:07:28.000Z</time>
        <extensions>
          <ns3:TrackPointExtension>
            <ns3:hr>143</ns3:hr>
            <ns3:cad>89</ns3:cad>
          </ns3:TrackPointExtension>
        </extensions>
      </trkpt>
      <trkpt lat="39.144858084619045257568359375" lon="117.1762280724942684173583984375">
        <ele>8.6000003814697265625</ele>
        <time>2026-09-18T22:07:29.000Z</time>
        <extensions>
          <ns3:TrackPointExtension>
            <ns3:hr>143</ns3:hr>
            <ns3:cad>89</ns3:cad>
          </ns3:TrackPointExtension>
        </extensions>
      </trkpt>
      <trkpt lat="39.14485615678131580352783203125" lon="117.1762709878385066986083984375">
        <ele>8.6000003814697265625</ele>
        <time>2026-09-18T22:07:30.000Z</time>
        <extensions>
          <ns3:TrackPointExtension>
            <ns3:hr>143</ns3:hr>
            <ns3:cad>89</ns3:cad>
          </ns3:TrackPointExtension>
        </extensions>
      </trkpt>
      <trkpt lat="39.1448545642197132110595703125" lon="117.17630627565085887908935546875">
        <ele>8.6000003814697265625</ele>
        <time>2026-09-18T22:07:31.000Z</time>
        <extensions>
          <ns3:TrackPointExtension>
            <ns3:hr>143</ns3:hr>
            <ns3:cad>89</ns3:cad>
          </ns3:TrackPointExtension>
        </extensions>
      </trkpt>
      <trkpt lat="39.144851379096508026123046875" lon="117.1763434074819087982177734375">
        <ele>8.6000003814697265625</ele>
        <time>2026-09-18T22:07:32.000Z</time>
        <extensions>
          <ns3:TrackPointExtension>
            <ns3:hr>143</ns3:hr>
            <ns3:cad>89</ns3:cad>
          </ns3:TrackPointExtension>
        </extensions>
      </trkpt>
      <trkpt lat="39.14485364221036434173583984375" lon="117.17637986876070499420166015625">
        <ele>8.6000003814697265625</ele>
        <time>2026-09-18T22:07:33.000Z</time>
        <extensions>
          <ns3:TrackPointExtension>
            <ns3:hr>143</ns3:hr>
            <ns3:cad>89</ns3:cad>
          </ns3:TrackPointExtension>
        </extensions>
      </trkpt>
      <trkpt lat="39.1448505409061908721923828125" lon="117.17641473747789859771728515625">
        <ele>8.6000003814697265625</ele>
        <time>2026-09-18T22:07:34.000Z</time>
        <extensions>
          <ns3:TrackPointExtension>
            <ns3:hr>143</ns3:hr>
            <ns3:cad>89</ns3:cad>
          </ns3:TrackPointExtension>
        </extensions>
      </trkpt>
      <trkpt lat="39.1448545642197132110595703125" lon="117.17645111493766307830810546875">
        <ele>8.6000003814697265625</ele>
        <time>2026-09-18T22:07:35.000Z</time>
        <extensions>
          <ns3:TrackPointExtension>
            <ns3:hr>143</ns3:hr>
            <ns3:cad>89</ns3:cad>
          </ns3:TrackPointExtension>
        </extensions>
      </trkpt>
      <trkpt lat="39.14485682733356952667236328125" lon="117.1764926053583621978759765625">
        <ele>8.6000003814697265625</ele>
        <time>2026-09-18T22:07:36.000Z</time>
        <extensions>
          <ns3:TrackPointExtension>
            <ns3:hr>143</ns3:hr>
            <ns3:cad>90</ns3:cad>
          </ns3:TrackPointExtension>
        </extensions>
      </trkpt>
      <trkpt lat="39.14485934190452098846435546875" lon="117.17652722261846065521240234375">
        <ele>8.6000003814697265625</ele>
        <time>2026-09-18T22:07:37.000Z</time>
        <extensions>
          <ns3:TrackPointExtension>
            <ns3:hr>143</ns3:hr>
            <ns3:cad>90</ns3:cad>
          </ns3:TrackPointExtension>
        </extensions>
      </trkpt>
      <trkpt lat="39.14485816843807697296142578125" lon="117.1765643544495105743408203125">
        <ele>8.6000003814697265625</ele>
        <time>2026-09-18T22:07:38.000Z</time>
        <extensions>
          <ns3:TrackPointExtension>
            <ns3:hr>144</ns3:hr>
            <ns3:cad>90</ns3:cad>
          </ns3:TrackPointExtension>
        </extensions>
      </trkpt>
      <trkpt lat="39.14485800080001354217529296875" lon="117.17660081572830677032470703125">
        <ele>8.6000003814697265625</ele>
        <time>2026-09-18T22:07:39.000Z</time>
        <extensions>
          <ns3:TrackPointExtension>
            <ns3:hr>144</ns3:hr>
            <ns3:cad>90</ns3:cad>
          </ns3:TrackPointExtension>
        </extensions>
      </trkpt>
      <trkpt lat="39.14485506713390350341796875" lon="117.1766384504735469818115234375">
        <ele>8.6000003814697265625</ele>
        <time>2026-09-18T22:07:40.000Z</time>
        <extensions>
          <ns3:TrackPointExtension>
            <ns3:hr>144</ns3:hr>
            <ns3:cad>90</ns3:cad>
          </ns3:TrackPointExtension>
        </extensions>
      </trkpt>
      <trkpt lat="39.14485531859099864959716796875" lon="117.17667541466653347015380859375">
        <ele>8.80000019073486328125</ele>
        <time>2026-09-18T22:07:41.000Z</time>
        <extensions>
          <ns3:TrackPointExtension>
            <ns3:hr>144</ns3:hr>
            <ns3:cad>90</ns3:cad>
          </ns3:TrackPointExtension>
        </extensions>
      </trkpt>
      <trkpt lat="39.14485749788582324981689453125" lon="117.1767170727252960205078125">
        <ele>8.6000003814697265625</ele>
        <time>2026-09-18T22:07:42.000Z</time>
        <extensions>
          <ns3:TrackPointExtension>
            <ns3:hr>143</ns3:hr>
            <ns3:cad>90</ns3:cad>
          </ns3:TrackPointExtension>
        </extensions>
      </trkpt>
      <trkpt lat="39.14485883899033069610595703125" lon="117.17675127089023590087890625">
        <ele>8.6000003814697265625</ele>
        <time>2026-09-18T22:07:43.000Z</time>
        <extensions>
          <ns3:TrackPointExtension>
            <ns3:hr>143</ns3:hr>
            <ns3:cad>90</ns3:cad>
          </ns3:TrackPointExtension>
        </extensions>
      </trkpt>
      <trkpt lat="39.14484878070652484893798828125" lon="117.176787145435810089111328125">
        <ele>8.6000003814697265625</ele>
        <time>2026-09-18T22:07:44.000Z</time>
        <extensions>
          <ns3:TrackPointExtension>
            <ns3:hr>143</ns3:hr>
            <ns3:cad>90</ns3:cad>
          </ns3:TrackPointExtension>
        </extensions>
      </trkpt>
      <trkpt lat="39.144844673573970794677734375" lon="117.17682293616235256195068359375">
        <ele>8.80000019073486328125</ele>
        <time>2026-09-18T22:07:45.000Z</time>
        <extensions>
          <ns3:TrackPointExtension>
            <ns3:hr>143</ns3:hr>
            <ns3:cad>90</ns3:cad>
          </ns3:TrackPointExtension>
        </extensions>
      </trkpt>
      <trkpt lat="39.14483821950852870941162109375" lon="117.176853530108928680419921875">
        <ele>8.80000019073486328125</ele>
        <time>2026-09-18T22:07:46.000Z</time>
        <extensions>
          <ns3:TrackPointExtension>
            <ns3:hr>144</ns3:hr>
            <ns3:cad>89</ns3:cad>
          </ns3:TrackPointExtension>
        </extensions>
      </trkpt>
      <trkpt lat="39.14483251981437206268310546875" lon="117.1768940985202789306640625">
        <ele>8.80000019073486328125</ele>
        <time>2026-09-18T22:07:47.000Z</time>
        <extensions>
          <ns3:TrackPointExtension>
            <ns3:hr>143</ns3:hr>
            <ns3:cad>89</ns3:cad>
          </ns3:TrackPointExtension>
        </extensions>
      </trkpt>
      <trkpt lat="39.14482631720602512359619140625" lon="117.17693156562745571136474609375">
        <ele>8.80000019073486328125</ele>
        <time>2026-09-18T22:07:48.000Z</time>
        <extensions>
          <ns3:TrackPointExtension>
            <ns3:hr>143</ns3:hr>
            <ns3:cad>89</ns3:cad>
          </ns3:TrackPointExtension>
        </extensions>
      </trkpt>
      <trkpt lat="39.1448217071592807769775390625" lon="117.176969535648822784423828125">
        <ele>8.80000019073486328125</ele>
        <time>2026-09-18T22:07:49.000Z</time>
        <extensions>
          <ns3:TrackPointExtension>
            <ns3:hr>144</ns3:hr>
            <ns3:cad>89</ns3:cad>
          </ns3:TrackPointExtension>
        </extensions>
      </trkpt>
      <trkpt lat="39.14482162334024906158447265625" lon="117.17700834386050701141357421875">
        <ele>8.6000003814697265625</ele>
        <time>2026-09-18T22:07:50.000Z</time>
        <extensions>
          <ns3:TrackPointExtension>
            <ns3:hr>143</ns3:hr>
            <ns3:cad>89</ns3:cad>
          </ns3:TrackPointExtension>
        </extensions>
      </trkpt>
      <trkpt lat="39.14481760002672672271728515625" lon="117.17704765498638153076171875">
        <ele>8.6000003814697265625</ele>
        <time>2026-09-18T22:07:51.000Z</time>
        <extensions>
          <ns3:TrackPointExtension>
            <ns3:hr>143</ns3:hr>
            <ns3:cad>89</ns3:cad>
          </ns3:TrackPointExtension>
        </extensions>
      </trkpt>
      <trkpt lat="39.14481692947447299957275390625" lon="117.17708160169422626495361328125">
        <ele>8.80000019073486328125</ele>
        <time>2026-09-18T22:07:52.000Z</time>
        <extensions>
          <ns3:TrackPointExtension>
            <ns3:hr>144</ns3:hr>
            <ns3:cad>90</ns3:cad>
          </ns3:TrackPointExtension>
        </extensions>
      </trkpt>
      <trkpt lat="39.14481726475059986114501953125" lon="117.17711864970624446868896484375">
        <ele>8.80000019073486328125</ele>
        <time>2026-09-18T22:07:53.000Z</time>
        <extensions>
          <ns3:TrackPointExtension>
            <ns3:hr>143</ns3:hr>
            <ns3:cad>90</ns3:cad>
          </ns3:TrackPointExtension>
        </extensions>
      </trkpt>
      <trkpt lat="39.144815169274806976318359375" lon="117.17715360224246978759765625">
        <ele>8.6000003814697265625</ele>
        <time>2026-09-18T22:07:54.000Z</time>
        <extensions>
          <ns3:TrackPointExtension>
            <ns3:hr>144</ns3:hr>
            <ns3:cad>90</ns3:cad>
          </ns3:TrackPointExtension>
        </extensions>
      </trkpt>
      <trkpt lat="39.1448146663606166839599609375" lon="117.17719106934964656829833984375">
        <ele>8.6000003814697265625</ele>
        <time>2026-09-18T22:07:55.000Z</time>
        <extensions>
          <ns3:TrackPointExtension>
            <ns3:hr>144</ns3:hr>
            <ns3:cad>90</ns3:cad>
          </ns3:TrackPointExtension>
        </extensions>
      </trkpt>
      <trkpt lat="39.1448123194277286529541015625" lon="117.1772245131433010101318359375">
        <ele>8.6000003814697265625</ele>
        <time>2026-09-18T22:07:56.000Z</time>
        <extensions>
          <ns3:TrackPointExtension>
            <ns3:hr>144</ns3:hr>
            <ns3:cad>92</ns3:cad>
          </ns3:TrackPointExtension>
        </extensions>
      </trkpt>
      <trkpt lat="39.144812487065792083740234375" lon="117.17726231552660465240478515625">
        <ele>8.6000003814697265625</ele>
        <time>2026-09-18T22:07:57.000Z</time>
        <extensions>
          <ns3:TrackPointExtension>
            <ns3:hr>143</ns3:hr>
            <ns3:cad>92</ns3:cad>
          </ns3:TrackPointExtension>
        </extensions>
      </trkpt>
      <trkpt lat="39.14480737410485744476318359375" lon="117.177299447357654571533203125">
        <ele>8.6000003814697265625</ele>
        <time>2026-09-18T22:07:58.000Z</time>
        <extensions>
          <ns3:TrackPointExtension>
            <ns3:hr>144</ns3:hr>
            <ns3:cad>91</ns3:cad>
          </ns3:TrackPointExtension>
        </extensions>
      </trkpt>
      <trkpt lat="39.14480687119066715240478515625" lon="117.17733926139771938323974609375">
        <ele>8.6000003814697265625</ele>
        <time>2026-09-18T22:07:59.000Z</time>
        <extensions>
          <ns3:TrackPointExtension>
            <ns3:hr>144</ns3:hr>
            <ns3:cad>91</ns3:cad>
          </ns3:TrackPointExtension>
        </extensions>
      </trkpt>
      <trkpt lat="39.1448093019425868988037109375" lon="117.1773755550384521484375">
        <ele>8.80000019073486328125</ele>
        <time>2026-09-18T22:08:00.000Z</time>
        <extensions>
          <ns3:TrackPointExtension>
            <ns3:hr>143</ns3:hr>
            <ns3:cad>91</ns3:cad>
          </ns3:TrackPointExtension>
        </extensions>
      </trkpt>
      <trkpt lat="39.1448106430470943450927734375" lon="117.17741779983043670654296875">
        <ele>8.80000019073486328125</ele>
        <time>2026-09-18T22:08:01.000Z</time>
        <extensions>
          <ns3:TrackPointExtension>
            <ns3:hr>144</ns3:hr>
            <ns3:cad>90</ns3:cad>
          </ns3:TrackPointExtension>
        </extensions>
      </trkpt>
      <trkpt lat="39.14481340907514095306396484375" lon="117.1774511598050594329833984375">
        <ele>8.80000019073486328125</ele>
        <time>2026-09-18T22:08:02.000Z</time>
        <extensions>
          <ns3:TrackPointExtension>
            <ns3:hr>144</ns3:hr>
            <ns3:cad>89</ns3:cad>
          </ns3:TrackPointExtension>
        </extensions>
      </trkpt>
      <trkpt lat="39.144816510379314422607421875" lon="117.17749231494963169097900390625">
        <ele>8.80000019073486328125</ele>
        <time>2026-09-18T22:08:03.000Z</time>
        <extensions>
          <ns3:TrackPointExtension>
            <ns3:hr>143</ns3:hr>
            <ns3:cad>89</ns3:cad>
          </ns3:TrackPointExtension>
        </extensions>
      </trkpt>
      <trkpt lat="39.14481575600802898406982421875" lon="117.17752768658101558685302734375">
        <ele>8.80000019073486328125</ele>
        <time>2026-09-18T22:08:04.000Z</time>
        <extensions>
          <ns3:TrackPointExtension>
            <ns3:hr>143</ns3:hr>
            <ns3:cad>89</ns3:cad>
          </ns3:TrackPointExtension>
        </extensions>
      </trkpt>
      <trkpt lat="39.14481307379901409149169921875" lon="117.17756439931690692901611328125">
        <ele>8.6000003814697265625</ele>
        <time>2026-09-18T22:08:05.000Z</time>
        <extensions>
          <ns3:TrackPointExtension>
            <ns3:hr>143</ns3:hr>
            <ns3:cad>90</ns3:cad>
          </ns3:TrackPointExtension>
        </extensions>
      </trkpt>
      <trkpt lat="39.144812487065792083740234375" lon="117.17759541235864162445068359375">
        <ele>8.6000003814697265625</ele>
        <time>2026-09-18T22:08:06.000Z</time>
        <extensions>
          <ns3:TrackPointExtension>
            <ns3:hr>143</ns3:hr>
            <ns3:cad>90</ns3:cad>
          </ns3:TrackPointExtension>
        </extensions>
      </trkpt>
      <trkpt lat="39.1448099724948406219482421875" lon="117.17763363383710384368896484375">
        <ele>8.6000003814697265625</ele>
        <time>2026-09-18T22:08:07.000Z</time>
        <extensions>
          <ns3:TrackPointExtension>
            <ns3:hr>143</ns3:hr>
            <ns3:cad>90</ns3:cad>
          </ns3:TrackPointExtension>
        </extensions>
      </trkpt>
      <trkpt lat="39.144806452095508575439453125" lon="117.1776670776307582855224609375">
        <ele>8.6000003814697265625</ele>
        <time>2026-09-18T22:08:08.000Z</time>
        <extensions>
          <ns3:TrackPointExtension>
            <ns3:hr>143</ns3:hr>
            <ns3:cad>90</ns3:cad>
          </ns3:TrackPointExtension>
        </extensions>
      </trkpt>
      <trkpt lat="39.14480385370552539825439453125" lon="117.17770806513726711273193359375">
        <ele>8.6000003814697265625</ele>
        <time>2026-09-18T22:08:09.000Z</time>
        <extensions>
          <ns3:TrackPointExtension>
            <ns3:hr>142</ns3:hr>
            <ns3:cad>90</ns3:cad>
          </ns3:TrackPointExtension>
        </extensions>
      </trkpt>
      <trkpt lat="39.1448009200394153594970703125" lon="117.17774444259703159332275390625">
        <ele>8.6000003814697265625</ele>
        <time>2026-09-18T22:08:10.000Z</time>
        <extensions>
          <ns3:TrackPointExtension>
            <ns3:hr>143</ns3:hr>
            <ns3:cad>90</ns3:cad>
          </ns3:TrackPointExtension>
        </extensions>
      </trkpt>
      <trkpt lat="39.14479798637330532073974609375" lon="117.1777765452861785888671875">
        <ele>8.6000003814697265625</ele>
        <time>2026-09-18T22:08:11.000Z</time>
        <extensions>
          <ns3:TrackPointExtension>
            <ns3:hr>143</ns3:hr>
            <ns3:cad>90</ns3:cad>
          </ns3:TrackPointExtension>
        </extensions>
      </trkpt>
      <trkpt lat="39.144796393811702728271484375" lon="117.17781267128884792327880859375">
        <ele>8.80000019073486328125</ele>
        <time>2026-09-18T22:08:12.000Z</time>
        <extensions>
          <ns3:TrackPointExtension>
            <ns3:hr>143</ns3:hr>
            <ns3:cad>91</ns3:cad>
          </ns3:TrackPointExtension>
        </extensions>
      </trkpt>
      <trkpt lat="39.1447945497930049896240234375" lon="117.17785424552857875823974609375">
        <ele>8.80000019073486328125</ele>
        <time>2026-09-18T22:08:13.000Z</time>
        <extensions>
          <ns3:TrackPointExtension>
            <ns3:hr>142</ns3:hr>
            <ns3:cad>91</ns3:cad>
          </ns3:TrackPointExtension>
        </extensions>
      </trkpt>
      <trkpt lat="39.14479698054492473602294921875" lon="117.17789380811154842376708984375">
        <ele>8.80000019073486328125</ele>
        <time>2026-09-18T22:08:14.000Z</time>
        <extensions>
          <ns3:TrackPointExtension>
            <ns3:hr>142</ns3:hr>
            <ns3:cad>90</ns3:cad>
          </ns3:TrackPointExtension>
        </extensions>
      </trkpt>
      <trkpt lat="39.1447935439646244049072265625" lon="117.17793756164610385894775390625">
        <ele>8.80000019073486328125</ele>
        <time>2026-09-18T22:08:15.000Z</time>
        <extensions>
          <ns3:TrackPointExtension>
            <ns3:hr>142</ns3:hr>
            <ns3:cad>90</ns3:cad>
          </ns3:TrackPointExtension>
        </extensions>
      </trkpt>
      <trkpt lat="39.1447953879833221435546875" lon="117.17797360382974147796630859375">
        <ele>8.80000019073486328125</ele>
        <time>2026-09-18T22:08:16.000Z</time>
        <extensions>
          <ns3:TrackPointExtension>
            <ns3:hr>142</ns3:hr>
            <ns3:cad>90</ns3:cad>
          </ns3:TrackPointExtension>
        </extensions>
      </trkpt>
      <trkpt lat="39.14478926919400691986083984375" lon="117.1780130825936794281005859375">
        <ele>8.80000019073486328125</ele>
        <time>2026-09-18T22:08:17.000Z</time>
        <extensions>
          <ns3:TrackPointExtension>
            <ns3:hr>142</ns3:hr>
            <ns3:cad>90</ns3:cad>
          </ns3:TrackPointExtension>
        </extensions>
      </trkpt>
      <trkpt lat="39.1447828151285648345947265625" lon="117.17804267071187496185302734375">
        <ele>8.80000019073486328125</ele>
        <time>2026-09-18T22:08:18.000Z</time>
        <extensions>
          <ns3:TrackPointExtension>
            <ns3:hr>143</ns3:hr>
            <ns3:cad>90</ns3:cad>
          </ns3:TrackPointExtension>
        </extensions>
      </trkpt>
      <trkpt lat="39.1447834856808185577392578125" lon="117.17808105982840061187744140625">
        <ele>8.80000019073486328125</ele>
        <time>2026-09-18T22:08:19.000Z</time>
        <extensions>
          <ns3:TrackPointExtension>
            <ns3:hr>142</ns3:hr>
            <ns3:cad>90</ns3:cad>
          </ns3:TrackPointExtension>
        </extensions>
      </trkpt>
      <trkpt lat="39.14478256367146968841552734375" lon="117.17810788191854953765869140625">
        <ele>8.80000019073486328125</ele>
        <time>2026-09-18T22:08:20.000Z</time>
        <extensions>
          <ns3:TrackPointExtension>
            <ns3:hr>142</ns3:hr>
            <ns3:cad>89</ns3:cad>
          </ns3:TrackPointExtension>
        </extensions>
      </trkpt>
      <trkpt lat="39.1447787918150424957275390625" lon="117.1781465224921703338623046875">
        <ele>8.80000019073486328125</ele>
        <time>2026-09-18T22:08:21.000Z</time>
        <extensions>
          <ns3:TrackPointExtension>
            <ns3:hr>143</ns3:hr>
            <ns3:cad>89</ns3:cad>
          </ns3:TrackPointExtension>
        </extensions>
      </trkpt>
      <trkpt lat="39.14477719925343990325927734375" lon="117.17817594297230243682861328125">
        <ele>8.80000019073486328125</ele>
        <time>2026-09-18T22:08:22.000Z</time>
        <extensions>
          <ns3:TrackPointExtension>
            <ns3:hr>142</ns3:hr>
            <ns3:cad>89</ns3:cad>
          </ns3:TrackPointExtension>
        </extensions>
      </trkpt>
      <trkpt lat="39.14477862417697906494140625" lon="117.17821064405143260955810546875">
        <ele>8.80000019073486328125</ele>
        <time>2026-09-18T22:08:23.000Z</time>
        <extensions>
          <ns3:TrackPointExtension>
            <ns3:hr>142</ns3:hr>
            <ns3:cad>89</ns3:cad>
          </ns3:TrackPointExtension>
        </extensions>
      </trkpt>
      <trkpt lat="39.14477594196796417236328125" lon="117.17824249528348445892333984375">
        <ele>8.80000019073486328125</ele>
        <time>2026-09-18T22:08:24.000Z</time>
        <extensions>
          <ns3:TrackPointExtension>
            <ns3:hr>143</ns3:hr>
            <ns3:cad>89</ns3:cad>
          </ns3:TrackPointExtension>
        </extensions>
      </trkpt>
      <trkpt lat="39.14477820508182048797607421875" lon="117.1782756038010120391845703125">
        <ele>8.80000019073486328125</ele>
        <time>2026-09-18T22:08:25.000Z</time>
        <extensions>
          <ns3:TrackPointExtension>
            <ns3:hr>142</ns3:hr>
            <ns3:cad>89</ns3:cad>
          </ns3:TrackPointExtension>
        </extensions>
      </trkpt>
      <trkpt lat="39.14477703161537647247314453125" lon="117.17830603010952472686767578125">
        <ele>8.80000019073486328125</ele>
        <time>2026-09-18T22:08:26.000Z</time>
        <extensions>
          <ns3:TrackPointExtension>
            <ns3:hr>142</ns3:hr>
            <ns3:cad>89</ns3:cad>
          </ns3:TrackPointExtension>
        </extensions>
      </trkpt>
      <trkpt lat="39.14477384649217128753662109375" lon="117.17834441922605037689208984375">
        <ele>8.80000019073486328125</ele>
        <time>2026-09-18T22:08:27.000Z</time>
        <extensions>
          <ns3:TrackPointExtension>
            <ns3:hr>143</ns3:hr>
            <ns3:cad>89</ns3:cad>
          </ns3:TrackPointExtension>
        </extensions>
      </trkpt>
      <trkpt lat="39.14477250538766384124755859375" lon="117.1783815510571002960205078125">
        <ele>8.80000019073486328125</ele>
        <time>2026-09-18T22:08:28.000Z</time>
        <extensions>
          <ns3:TrackPointExtension>
            <ns3:hr>142</ns3:hr>
            <ns3:cad>89</ns3:cad>
          </ns3:TrackPointExtension>
        </extensions>
      </trkpt>
      <trkpt lat="39.14477267302572727203369140625" lon="117.17842253856360912322998046875">
        <ele>8.80000019073486328125</ele>
        <time>2026-09-18T22:08:29.000Z</time>
        <extensions>
          <ns3:TrackPointExtension>
            <ns3:hr>143</ns3:hr>
            <ns3:cad>90</ns3:cad>
          </ns3:TrackPointExtension>
        </extensions>
      </trkpt>
      <trkpt lat="39.14477518759667873382568359375" lon="117.17845380306243896484375">
        <ele>8.80000019073486328125</ele>
        <time>2026-09-18T22:08:30.000Z</time>
        <extensions>
          <ns3:TrackPointExtension>
            <ns3:hr>143</ns3:hr>
            <ns3:cad>90</ns3:cad>
          </ns3:TrackPointExtension>
        </extensions>
      </trkpt>
      <trkpt lat="39.144779630005359649658203125" lon="117.1784898452460765838623046875">
        <ele>8.80000019073486328125</ele>
        <time>2026-09-18T22:08:31.000Z</time>
        <extensions>
          <ns3:TrackPointExtension>
            <ns3:hr>143</ns3:hr>
            <ns3:cad>90</ns3:cad>
          </ns3:TrackPointExtension>
        </extensions>
      </trkpt>
      <trkpt lat="39.14478373713791370391845703125" lon="117.17852211557328701019287109375">
        <ele>8.80000019073486328125</ele>
        <time>2026-09-18T22:08:32.000Z</time>
        <extensions>
          <ns3:TrackPointExtension>
            <ns3:hr>143</ns3:hr>
            <ns3:cad>90</ns3:cad>
          </ns3:TrackPointExtension>
        </extensions>
      </trkpt>
      <trkpt lat="39.14478608407080173492431640625" lon="117.17856452800333499908447265625">
        <ele>8.80000019073486328125</ele>
        <time>2026-09-18T22:08:33.000Z</time>
        <extensions>
          <ns3:TrackPointExtension>
            <ns3:hr>144</ns3:hr>
            <ns3:cad>90</ns3:cad>
          </ns3:TrackPointExtension>
        </extensions>
      </trkpt>
      <trkpt lat="39.14478960447013378143310546875" lon="117.17859956435859203338623046875">
        <ele>8.80000019073486328125</ele>
        <time>2026-09-18T22:08:34.000Z</time>
        <extensions>
          <ns3:TrackPointExtension>
            <ns3:hr>144</ns3:hr>
            <ns3:cad>90</ns3:cad>
          </ns3:TrackPointExtension>
        </extensions>
      </trkpt>
      <trkpt lat="39.14478776045143604278564453125" lon="117.17864097096025943756103515625">
        <ele>8.80000019073486328125</ele>
        <time>2026-09-18T22:08:35.000Z</time>
        <extensions>
          <ns3:TrackPointExtension>
            <ns3:hr>144</ns3:hr>
            <ns3:cad>90</ns3:cad>
          </ns3:TrackPointExtension>
        </extensions>
      </trkpt>
      <trkpt lat="39.144787006080150604248046875" lon="117.1786762587726116180419921875">
        <ele>8.80000019073486328125</ele>
        <time>2026-09-18T22:08:36.000Z</time>
        <extensions>
          <ns3:TrackPointExtension>
            <ns3:hr>144</ns3:hr>
            <ns3:cad>89</ns3:cad>
          </ns3:TrackPointExtension>
        </extensions>
      </trkpt>
      <trkpt lat="39.144778288900852203369140625" lon="117.17872110195457935333251953125">
        <ele>8.80000019073486328125</ele>
        <time>2026-09-18T22:08:37.000Z</time>
        <extensions>
          <ns3:TrackPointExtension>
            <ns3:hr>144</ns3:hr>
            <ns3:cad>89</ns3:cad>
          </ns3:TrackPointExtension>
        </extensions>
      </trkpt>
      <trkpt lat="39.14477652870118618011474609375" lon="117.17875488102436065673828125">
        <ele>8.80000019073486328125</ele>
        <time>2026-09-18T22:08:38.000Z</time>
        <extensions>
          <ns3:TrackPointExtension>
            <ns3:hr>145</ns3:hr>
            <ns3:cad>90</ns3:cad>
          </ns3:TrackPointExtension>
        </extensions>
      </trkpt>
      <trkpt lat="39.1447700746357440948486328125" lon="117.178794778883457183837890625">
        <ele>8.6000003814697265625</ele>
        <time>2026-09-18T22:08:39.000Z</time>
        <extensions>
          <ns3:TrackPointExtension>
            <ns3:hr>145</ns3:hr>
            <ns3:cad>90</ns3:cad>
          </ns3:TrackPointExtension>
        </extensions>
      </trkpt>
      <trkpt lat="39.14476630277931690216064453125" lon="117.1788324974477291107177734375">
        <ele>8.6000003814697265625</ele>
        <time>2026-09-18T22:08:40.000Z</time>
        <extensions>
          <ns3:TrackPointExtension>
            <ns3:hr>145</ns3:hr>
            <ns3:cad>89</ns3:cad>
          </ns3:TrackPointExtension>
        </extensions>
      </trkpt>
      <trkpt lat="39.1447583399713039398193359375" lon="117.17887784354388713836669921875">
        <ele>8.6000003814697265625</ele>
        <time>2026-09-18T22:08:41.000Z</time>
        <extensions>
          <ns3:TrackPointExtension>
            <ns3:hr>145</ns3:hr>
            <ns3:cad>89</ns3:cad>
          </ns3:TrackPointExtension>
        </extensions>
      </trkpt>
      <trkpt lat="39.14475205354392528533935546875" lon="117.17891422100365161895751953125">
        <ele>8.3999996185302734375</ele>
        <time>2026-09-18T22:08:42.000Z</time>
        <extensions>
          <ns3:TrackPointExtension>
            <ns3:hr>145</ns3:hr>
            <ns3:cad>89</ns3:cad>
          </ns3:TrackPointExtension>
        </extensions>
      </trkpt>
      <trkpt lat="39.1447445936501026153564453125" lon="117.17896015383303165435791015625">
        <ele>8.3999996185302734375</ele>
        <time>2026-09-18T22:08:43.000Z</time>
        <extensions>
          <ns3:TrackPointExtension>
            <ns3:hr>145</ns3:hr>
            <ns3:cad>89</ns3:cad>
          </ns3:TrackPointExtension>
        </extensions>
      </trkpt>
      <trkpt lat="39.144740737974643707275390625" lon="117.1790076792240142822265625">
        <ele>8.3999996185302734375</ele>
        <time>2026-09-18T22:08:44.000Z</time>
        <extensions>
          <ns3:TrackPointExtension>
            <ns3:hr>145</ns3:hr>
            <ns3:cad>90</ns3:cad>
          </ns3:TrackPointExtension>
        </extensions>
      </trkpt>
      <trkpt lat="39.14473981596529483795166015625" lon="117.17905461788177490234375">
        <ele>8.3999996185302734375</ele>
        <time>2026-09-18T22:08:45.000Z</time>
        <extensions>
          <ns3:TrackPointExtension>
            <ns3:hr>144</ns3:hr>
            <ns3:cad>90</ns3:cad>
          </ns3:TrackPointExtension>
        </extensions>
      </trkpt>
      <trkpt lat="39.14474048651754856109619140625" lon="117.17909292317926883697509765625">
        <ele>8.6000003814697265625</ele>
        <time>2026-09-18T22:08:46.000Z</time>
        <extensions>
          <ns3:TrackPointExtension>
            <ns3:hr>144</ns3:hr>
            <ns3:cad>90</ns3:cad>
          </ns3:TrackPointExtension>
        </extensions>
      </trkpt>
      <trkpt lat="39.14474241435527801513671875" lon="117.1791389398276805877685546875">
        <ele>8.6000003814697265625</ele>
        <time>2026-09-18T22:08:47.000Z</time>
        <extensions>
          <ns3:TrackPointExtension>
            <ns3:hr>144</ns3:hr>
            <ns3:cad>89</ns3:cad>
          </ns3:TrackPointExtension>
        </extensions>
      </trkpt>
      <trkpt lat="39.14475222118198871612548828125" lon="117.1791731379926204681396484375">
        <ele>8.6000003814697265625</ele>
        <time>2026-09-18T22:08:48.000Z</time>
        <extensions>
          <ns3:TrackPointExtension>
            <ns3:hr>144</ns3:hr>
            <ns3:cad>89</ns3:cad>
          </ns3:TrackPointExtension>
        </extensions>
      </trkpt>
      <trkpt lat="39.14475607685744762420654296875" lon="117.17921647243201732635498046875">
        <ele>8.6000003814697265625</ele>
        <time>2026-09-18T22:08:49.000Z</time>
        <extensions>
          <ns3:TrackPointExtension>
            <ns3:hr>145</ns3:hr>
            <ns3:cad>89</ns3:cad>
          </ns3:TrackPointExtension>
        </extensions>
      </trkpt>
      <trkpt lat="39.14475875906646251678466796875" lon="117.179248742759227752685546875">
        <ele>8.6000003814697265625</ele>
        <time>2026-09-18T22:08:50.000Z</time>
        <extensions>
          <ns3:TrackPointExtension>
            <ns3:hr>144</ns3:hr>
            <ns3:cad>89</ns3:cad>
          </ns3:TrackPointExtension>
        </extensions>
      </trkpt>
      <trkpt lat="39.14475808851420879364013671875" lon="117.17928771860897541046142578125">
        <ele>8.6000003814697265625</ele>
        <time>2026-09-18T22:08:51.000Z</time>
        <extensions>
          <ns3:TrackPointExtension>
            <ns3:hr>144</ns3:hr>
            <ns3:cad>89</ns3:cad>
          </ns3:TrackPointExtension>
        </extensions>
      </trkpt>
      <trkpt lat="39.14476118981838226318359375" lon="117.17932007275521755218505859375">
        <ele>8.6000003814697265625</ele>
        <time>2026-09-18T22:08:52.000Z</time>
        <extensions>
          <ns3:TrackPointExtension>
            <ns3:hr>145</ns3:hr>
            <ns3:cad>90</ns3:cad>
          </ns3:TrackPointExtension>
        </extensions>
      </trkpt>
      <trkpt lat="39.144758172333240509033203125" lon="117.1793608926236629486083984375">
        <ele>8.6000003814697265625</ele>
        <time>2026-09-18T22:08:53.000Z</time>
        <extensions>
          <ns3:TrackPointExtension>
            <ns3:hr>144</ns3:hr>
            <ns3:cad>90</ns3:cad>
          </ns3:TrackPointExtension>
        </extensions>
      </trkpt>
      <trkpt lat="39.14476160891354084014892578125" lon="117.179392911493778228759765625">
        <ele>8.6000003814697265625</ele>
        <time>2026-09-18T22:08:54.000Z</time>
        <extensions>
          <ns3:TrackPointExtension>
            <ns3:hr>144</ns3:hr>
            <ns3:cad>90</ns3:cad>
          </ns3:TrackPointExtension>
        </extensions>
      </trkpt>
      <trkpt lat="39.14475674740970134735107421875" lon="117.17943524010479450225830078125">
        <ele>8.6000003814697265625</ele>
        <time>2026-09-18T22:08:55.000Z</time>
        <extensions>
          <ns3:TrackPointExtension>
            <ns3:hr>145</ns3:hr>
            <ns3:cad>90</ns3:cad>
          </ns3:TrackPointExtension>
        </extensions>
      </trkpt>
      <trkpt lat="39.1447526402771472930908203125" lon="117.179463319480419158935546875">
        <ele>8.6000003814697265625</ele>
        <time>2026-09-18T22:08:56.000Z</time>
        <extensions>
          <ns3:TrackPointExtension>
            <ns3:hr>144</ns3:hr>
            <ns3:cad>90</ns3:cad>
          </ns3:TrackPointExtension>
        </extensions>
      </trkpt>
      <trkpt lat="39.144742079079151153564453125" lon="117.17950782738626003265380859375">
        <ele>8.3999996185302734375</ele>
        <time>2026-09-18T22:08:57.000Z</time>
        <extensions>
          <ns3:TrackPointExtension>
            <ns3:hr>145</ns3:hr>
            <ns3:cad>90</ns3:cad>
          </ns3:TrackPointExtension>
        </extensions>
      </trkpt>
      <trkpt lat="39.14473696611821651458740234375" lon="117.17954210937023162841796875">
        <ele>8.3999996185302734375</ele>
        <time>2026-09-18T22:08:58.000Z</time>
        <extensions>
          <ns3:TrackPointExtension>
            <ns3:hr>145</ns3:hr>
            <ns3:cad>90</ns3:cad>
          </ns3:TrackPointExtension>
        </extensions>
      </trkpt>
      <trkpt lat="39.1447318531572818756103515625" lon="117.17958695255219936370849609375">
        <ele>8.3999996185302734375</ele>
        <time>2026-09-18T22:08:59.000Z</time>
        <extensions>
          <ns3:TrackPointExtension>
            <ns3:hr>145</ns3:hr>
            <ns3:cad>90</ns3:cad>
          </ns3:TrackPointExtension>
        </extensions>
      </trkpt>
      <trkpt lat="39.14472992531955242156982421875" lon="117.17961729504168033599853515625">
        <ele>8.3999996185302734375</ele>
        <time>2026-09-18T22:09:00.000Z</time>
        <extensions>
          <ns3:TrackPointExtension>
            <ns3:hr>145</ns3:hr>
            <ns3:cad>90</ns3:cad>
          </ns3:TrackPointExtension>
        </extensions>
      </trkpt>
      <trkpt lat="39.14472422562539577484130859375" lon="117.17965417541563510894775390625">
        <ele>8.6000003814697265625</ele>
        <time>2026-09-18T22:09:01.000Z</time>
        <extensions>
          <ns3:TrackPointExtension>
            <ns3:hr>145</ns3:hr>
            <ns3:cad>90</ns3:cad>
          </ns3:TrackPointExtension>
        </extensions>
      </trkpt>
      <trkpt lat="39.14472204633057117462158203125" lon="117.1796884573996067047119140625">
        <ele>8.6000003814697265625</ele>
        <time>2026-09-18T22:09:02.000Z</time>
        <extensions>
          <ns3:TrackPointExtension>
            <ns3:hr>144</ns3:hr>
            <ns3:cad>90</ns3:cad>
          </ns3:TrackPointExtension>
        </extensions>
      </trkpt>
      <trkpt lat="39.144722633063793182373046875" lon="117.17972139827907085418701171875">
        <ele>8.3999996185302734375</ele>
        <time>2026-09-18T22:09:03.000Z</time>
        <extensions>
          <ns3:TrackPointExtension>
            <ns3:hr>145</ns3:hr>
            <ns3:cad>90</ns3:cad>
          </ns3:TrackPointExtension>
        </extensions>
      </trkpt>
      <trkpt lat="39.14472539909183979034423828125" lon="117.17976045794785022735595703125">
        <ele>8.3999996185302734375</ele>
        <time>2026-09-18T22:09:04.000Z</time>
        <extensions>
          <ns3:TrackPointExtension>
            <ns3:hr>145</ns3:hr>
            <ns3:cad>90</ns3:cad>
          </ns3:TrackPointExtension>
        </extensions>
      </trkpt>
      <trkpt lat="39.14472321979701519012451171875" lon="117.1798031218349933624267578125">
        <ele>8.3999996185302734375</ele>
        <time>2026-09-18T22:09:05.000Z</time>
        <extensions>
          <ns3:TrackPointExtension>
            <ns3:hr>145</ns3:hr>
            <ns3:cad>90</ns3:cad>
          </ns3:TrackPointExtension>
        </extensions>
      </trkpt>
      <trkpt lat="39.1447271592915058135986328125" lon="117.17984176240861415863037109375">
        <ele>8.3999996185302734375</ele>
        <time>2026-09-18T22:09:06.000Z</time>
        <extensions>
          <ns3:TrackPointExtension>
            <ns3:hr>145</ns3:hr>
            <ns3:cad>90</ns3:cad>
          </ns3:TrackPointExtension>
        </extensions>
      </trkpt>
      <trkpt lat="39.1447234712541103363037109375" lon="117.17988400720059871673583984375">
        <ele>8.3999996185302734375</ele>
        <time>2026-09-18T22:09:07.000Z</time>
        <extensions>
          <ns3:TrackPointExtension>
            <ns3:hr>145</ns3:hr>
            <ns3:cad>90</ns3:cad>
          </ns3:TrackPointExtension>
        </extensions>
      </trkpt>
      <trkpt lat="39.14472321979701519012451171875" lon="117.17991627752780914306640625">
        <ele>8.3999996185302734375</ele>
        <time>2026-09-18T22:09:08.000Z</time>
        <extensions>
          <ns3:TrackPointExtension>
            <ns3:hr>145</ns3:hr>
            <ns3:cad>90</ns3:cad>
          </ns3:TrackPointExtension>
        </extensions>
      </trkpt>
      <trkpt lat="39.14471827447414398193359375" lon="117.17995785176753997802734375">
        <ele>8.3999996185302734375</ele>
        <time>2026-09-18T22:09:09.000Z</time>
        <extensions>
          <ns3:TrackPointExtension>
            <ns3:hr>145</ns3:hr>
            <ns3:cad>90</ns3:cad>
          </ns3:TrackPointExtension>
        </extensions>
      </trkpt>
      <trkpt lat="39.1447144187986850738525390625" lon="117.17999531887471675872802734375">
        <ele>8.3999996185302734375</ele>
        <time>2026-09-18T22:09:10.000Z</time>
        <extensions>
          <ns3:TrackPointExtension>
            <ns3:hr>145</ns3:hr>
            <ns3:cad>89</ns3:cad>
          </ns3:TrackPointExtension>
        </extensions>
      </trkpt>
      <trkpt lat="39.144712574779987335205078125" lon="117.18004167079925537109375">
        <ele>8.3999996185302734375</ele>
        <time>2026-09-18T22:09:11.000Z</time>
        <extensions>
          <ns3:TrackPointExtension>
            <ns3:hr>145</ns3:hr>
            <ns3:cad>89</ns3:cad>
          </ns3:TrackPointExtension>
        </extensions>
      </trkpt>
      <trkpt lat="39.1447176039218902587890625" lon="117.18007511459290981292724609375">
        <ele>8.3999996185302734375</ele>
        <time>2026-09-18T22:09:12.000Z</time>
        <extensions>
          <ns3:TrackPointExtension>
            <ns3:hr>145</ns3:hr>
            <ns3:cad>89</ns3:cad>
          </ns3:TrackPointExtension>
        </extensions>
      </trkpt>
      <trkpt lat="39.1447204537689685821533203125" lon="117.18011082150042057037353515625">
        <ele>8.3999996185302734375</ele>
        <time>2026-09-18T22:09:13.000Z</time>
        <extensions>
          <ns3:TrackPointExtension>
            <ns3:hr>145</ns3:hr>
            <ns3:cad>89</ns3:cad>
          </ns3:TrackPointExtension>
        </extensions>
      </trkpt>
      <trkpt lat="39.14472439326345920562744140625" lon="117.18013864941895008087158203125">
        <ele>8.3999996185302734375</ele>
        <time>2026-09-18T22:09:14.000Z</time>
        <extensions>
          <ns3:TrackPointExtension>
            <ns3:hr>145</ns3:hr>
            <ns3:cad>89</ns3:cad>
          </ns3:TrackPointExtension>
        </extensions>
      </trkpt>
      <trkpt lat="39.14472338743507862091064453125" lon="117.18016949482262134552001953125">
        <ele>8.3999996185302734375</ele>
        <time>2026-09-18T22:09:15.000Z</time>
        <extensions>
          <ns3:TrackPointExtension>
            <ns3:hr>145</ns3:hr>
            <ns3:cad>89</ns3:cad>
          </ns3:TrackPointExtension>
        </extensions>
      </trkpt>
      <trkpt lat="39.14471969939768314361572265625" lon="117.1802084706723690032958984375">
        <ele>8.3999996185302734375</ele>
        <time>2026-09-18T22:09:16.000Z</time>
        <extensions>
          <ns3:TrackPointExtension>
            <ns3:hr>144</ns3:hr>
            <ns3:cad>89</ns3:cad>
          </ns3:TrackPointExtension>
        </extensions>
      </trkpt>
      <trkpt lat="39.14471827447414398193359375" lon="117.180247865617275238037109375">
        <ele>8.3999996185302734375</ele>
        <time>2026-09-18T22:09:17.000Z</time>
        <extensions>
          <ns3:TrackPointExtension>
            <ns3:hr>145</ns3:hr>
            <ns3:cad>89</ns3:cad>
          </ns3:TrackPointExtension>
        </extensions>
      </trkpt>
      <trkpt lat="39.14471450261771678924560546875" lon="117.18028466217219829559326171875">
        <ele>8.3999996185302734375</ele>
        <time>2026-09-18T22:09:18.000Z</time>
        <extensions>
          <ns3:TrackPointExtension>
            <ns3:hr>145</ns3:hr>
            <ns3:cad>90</ns3:cad>
          </ns3:TrackPointExtension>
        </extensions>
      </trkpt>
      <trkpt lat="39.14470913819968700408935546875" lon="117.18032405711710453033447265625">
        <ele>8.3999996185302734375</ele>
        <time>2026-09-18T22:09:19.000Z</time>
        <extensions>
          <ns3:TrackPointExtension>
            <ns3:hr>144</ns3:hr>
            <ns3:cad>90</ns3:cad>
          </ns3:TrackPointExtension>
        </extensions>
      </trkpt>
      <trkpt lat="39.14470712654292583465576171875" lon="117.18035708181560039520263671875">
        <ele>8.6000003814697265625</ele>
        <time>2026-09-18T22:09:20.000Z</time>
        <extensions>
          <ns3:TrackPointExtension>
            <ns3:hr>145</ns3:hr>
            <ns3:cad>90</ns3:cad>
          </ns3:TrackPointExtension>
        </extensions>
      </trkpt>
      <trkpt lat="39.1447041928768157958984375" lon="117.18039329163730144500732421875">
        <ele>8.6000003814697265625</ele>
        <time>2026-09-18T22:09:21.000Z</time>
        <extensions>
          <ns3:TrackPointExtension>
            <ns3:hr>145</ns3:hr>
            <ns3:cad>90</ns3:cad>
          </ns3:TrackPointExtension>
        </extensions>
      </trkpt>
      <trkpt lat="39.144702851772308349609375" lon="117.18042531050741672515869140625">
        <ele>8.6000003814697265625</ele>
        <time>2026-09-18T22:09:22.000Z</time>
        <extensions>
          <ns3:TrackPointExtension>
            <ns3:hr>144</ns3:hr>
            <ns3:cad>90</ns3:cad>
          </ns3:TrackPointExtension>
        </extensions>
      </trkpt>
      <trkpt lat="39.14470042102038860321044921875" lon="117.1804652921855449676513671875">
        <ele>8.6000003814697265625</ele>
        <time>2026-09-18T22:09:23.000Z</time>
        <extensions>
          <ns3:TrackPointExtension>
            <ns3:hr>144</ns3:hr>
            <ns3:cad>90</ns3:cad>
          </ns3:TrackPointExtension>
        </extensions>
      </trkpt>
      <trkpt lat="39.14469706825911998748779296875" lon="117.18049789778888225555419921875">
        <ele>8.3999996185302734375</ele>
        <time>2026-09-18T22:09:24.000Z</time>
        <extensions>
          <ns3:TrackPointExtension>
            <ns3:hr>144</ns3:hr>
            <ns3:cad>90</ns3:cad>
          </ns3:TrackPointExtension>
        </extensions>
      </trkpt>
      <trkpt lat="39.14469203911721706390380859375" lon="117.18053880147635936737060546875">
        <ele>8.3999996185302734375</ele>
        <time>2026-09-18T22:09:25.000Z</time>
        <extensions>
          <ns3:TrackPointExtension>
            <ns3:hr>145</ns3:hr>
            <ns3:cad>91</ns3:cad>
          </ns3:TrackPointExtension>
        </extensions>
      </trkpt>
      <trkpt lat="39.144687764346599578857421875" lon="117.180567048490047454833984375">
        <ele>8.3999996185302734375</ele>
        <time>2026-09-18T22:09:26.000Z</time>
        <extensions>
          <ns3:TrackPointExtension>
            <ns3:hr>144</ns3:hr>
            <ns3:cad>91</ns3:cad>
          </ns3:TrackPointExtension>
        </extensions>
      </trkpt>
      <trkpt lat="39.144682399928569793701171875" lon="117.18060703016817569732666015625">
        <ele>8.3999996185302734375</ele>
        <time>2026-09-18T22:09:27.000Z</time>
        <extensions>
          <ns3:TrackPointExtension>
            <ns3:hr>144</ns3:hr>
            <ns3:cad>91</ns3:cad>
          </ns3:TrackPointExtension>
        </extensions>
      </trkpt>
      <trkpt lat="39.14468248374760150909423828125" lon="117.180643491446971893310546875">
        <ele>8.3999996185302734375</ele>
        <time>2026-09-18T22:09:28.000Z</time>
        <extensions>
          <ns3:TrackPointExtension>
            <ns3:hr>144</ns3:hr>
            <ns3:cad>90</ns3:cad>
          </ns3:TrackPointExtension>
        </extensions>
      </trkpt>
      <trkpt lat="39.1446802206337451934814453125" lon="117.18068498186767101287841796875">
        <ele>8.3999996185302734375</ele>
        <time>2026-09-18T22:09:29.000Z</time>
        <extensions>
          <ns3:TrackPointExtension>
            <ns3:hr>145</ns3:hr>
            <ns3:cad>90</ns3:cad>
          </ns3:TrackPointExtension>
        </extensions>
      </trkpt>
      <trkpt lat="39.14467762224376201629638671875" lon="117.1807177551090717315673828125">
        <ele>8.19999980926513671875</ele>
        <time>2026-09-18T22:09:30.000Z</time>
        <extensions>
          <ns3:TrackPointExtension>
            <ns3:hr>144</ns3:hr>
            <ns3:cad>90</ns3:cad>
          </ns3:TrackPointExtension>
        </extensions>
      </trkpt>
      <trkpt lat="39.14467108435928821563720703125" lon="117.1807603351771831512451171875">
        <ele>8.3999996185302734375</ele>
        <time>2026-09-18T22:09:31.000Z</time>
        <extensions>
          <ns3:TrackPointExtension>
            <ns3:hr>144</ns3:hr>
            <ns3:cad>90</ns3:cad>
          </ns3:TrackPointExtension>
        </extensions>
      </trkpt>
      <trkpt lat="39.14467209018766880035400390625" lon="117.1807884983718395233154296875">
        <ele>8.19999980926513671875</ele>
        <time>2026-09-18T22:09:32.000Z</time>
        <extensions>
          <ns3:TrackPointExtension>
            <ns3:hr>144</ns3:hr>
            <ns3:cad>89</ns3:cad>
          </ns3:TrackPointExtension>
        </extensions>
      </trkpt>
      <trkpt lat="39.14466907270252704620361328125" lon="117.180831246078014373779296875">
        <ele>8.19999980926513671875</ele>
        <time>2026-09-18T22:09:33.000Z</time>
        <extensions>
          <ns3:TrackPointExtension>
            <ns3:hr>144</ns3:hr>
            <ns3:cad>89</ns3:cad>
          </ns3:TrackPointExtension>
        </extensions>
      </trkpt>
      <trkpt lat="39.1446735151112079620361328125" lon="117.1808652766048908233642578125">
        <ele>8.19999980926513671875</ele>
        <time>2026-09-18T22:09:34.000Z</time>
        <extensions>
          <ns3:TrackPointExtension>
            <ns3:hr>144</ns3:hr>
            <ns3:cad>89</ns3:cad>
          </ns3:TrackPointExtension>
        </extensions>
      </trkpt>
      <trkpt lat="39.14466806687414646148681640625" lon="117.18090609647333621978759765625">
        <ele>8.19999980926513671875</ele>
        <time>2026-09-18T22:09:35.000Z</time>
        <extensions>
          <ns3:TrackPointExtension>
            <ns3:hr>144</ns3:hr>
            <ns3:cad>89</ns3:cad>
          </ns3:TrackPointExtension>
        </extensions>
      </trkpt>
      <trkpt lat="39.144671671092510223388671875" lon="117.18093945644795894622802734375">
        <ele>8.19999980926513671875</ele>
        <time>2026-09-18T22:09:36.000Z</time>
        <extensions>
          <ns3:TrackPointExtension>
            <ns3:hr>144</ns3:hr>
            <ns3:cad>90</ns3:cad>
          </ns3:TrackPointExtension>
        </extensions>
      </trkpt>
      <trkpt lat="39.14466865360736846923828125" lon="117.180982790887355804443359375">
        <ele>8.3999996185302734375</ele>
        <time>2026-09-18T22:09:37.000Z</time>
        <extensions>
          <ns3:TrackPointExtension>
            <ns3:hr>144</ns3:hr>
            <ns3:cad>90</ns3:cad>
          </ns3:TrackPointExtension>
        </extensions>
      </trkpt>
      <trkpt lat="39.144674353301525115966796875" lon="117.1810191683471202850341796875">
        <ele>8.19999980926513671875</ele>
        <time>2026-09-18T22:09:38.000Z</time>
        <extensions>
          <ns3:TrackPointExtension>
            <ns3:hr>144</ns3:hr>
            <ns3:cad>90</ns3:cad>
          </ns3:TrackPointExtension>
        </extensions>
      </trkpt>
      <trkpt lat="39.14467091672122478485107421875" lon="117.1810568869113922119140625">
        <ele>8.19999980926513671875</ele>
        <time>2026-09-18T22:09:39.000Z</time>
        <extensions>
          <ns3:TrackPointExtension>
            <ns3:hr>144</ns3:hr>
            <ns3:cad>90</ns3:cad>
          </ns3:TrackPointExtension>
        </extensions>
      </trkpt>
      <trkpt lat="39.14467334747314453125" lon="117.18108613975346088409423828125">
        <ele>8.19999980926513671875</ele>
        <time>2026-09-18T22:09:40.000Z</time>
        <extensions>
          <ns3:TrackPointExtension>
            <ns3:hr>144</ns3:hr>
            <ns3:cad>90</ns3:cad>
          </ns3:TrackPointExtension>
        </extensions>
      </trkpt>
      <trkpt lat="39.144671000540256500244140625" lon="117.1811194159090518951416015625">
        <ele>8.19999980926513671875</ele>
        <time>2026-09-18T22:09:41.000Z</time>
        <extensions>
          <ns3:TrackPointExtension>
            <ns3:hr>143</ns3:hr>
            <ns3:cad>90</ns3:cad>
          </ns3:TrackPointExtension>
        </extensions>
      </trkpt>
      <trkpt lat="39.144672341644763946533203125" lon="117.1811552904546260833740234375">
        <ele>8.19999980926513671875</ele>
        <time>2026-09-18T22:09:42.000Z</time>
        <extensions>
          <ns3:TrackPointExtension>
            <ns3:hr>144</ns3:hr>
            <ns3:cad>90</ns3:cad>
          </ns3:TrackPointExtension>
        </extensions>
      </trkpt>
      <trkpt lat="39.1446617804467678070068359375" lon="117.1811965294182300567626953125">
        <ele>8.19999980926513671875</ele>
        <time>2026-09-18T22:09:43.000Z</time>
        <extensions>
          <ns3:TrackPointExtension>
            <ns3:hr>144</ns3:hr>
            <ns3:cad>90</ns3:cad>
          </ns3:TrackPointExtension>
        </extensions>
      </trkpt>
      <trkpt lat="39.14466622285544872283935546875" lon="117.18122980557382106781005859375">
        <ele>8.19999980926513671875</ele>
        <time>2026-09-18T22:09:44.000Z</time>
        <extensions>
          <ns3:TrackPointExtension>
            <ns3:hr>143</ns3:hr>
            <ns3:cad>90</ns3:cad>
          </ns3:TrackPointExtension>
        </extensions>
      </trkpt>
      <trkpt lat="39.14466538466513156890869140625" lon="117.18126920051872730255126953125">
        <ele>8.19999980926513671875</ele>
        <time>2026-09-18T22:09:45.000Z</time>
        <extensions>
          <ns3:TrackPointExtension>
            <ns3:hr>143</ns3:hr>
            <ns3:cad>90</ns3:cad>
          </ns3:TrackPointExtension>
        </extensions>
      </trkpt>
      <trkpt lat="39.14466731250286102294921875" lon="117.18130155466496944427490234375">
        <ele>8.19999980926513671875</ele>
        <time>2026-09-18T22:09:46.000Z</time>
        <extensions>
          <ns3:TrackPointExtension>
            <ns3:hr>143</ns3:hr>
            <ns3:cad>90</ns3:cad>
          </ns3:TrackPointExtension>
        </extensions>
      </trkpt>
      <trkpt lat="39.14466404356062412261962890625" lon="117.18134195543825626373291015625">
        <ele>8.19999980926513671875</ele>
        <time>2026-09-18T22:09:47.000Z</time>
        <extensions>
          <ns3:TrackPointExtension>
            <ns3:hr>144</ns3:hr>
            <ns3:cad>90</ns3:cad>
          </ns3:TrackPointExtension>
        </extensions>
      </trkpt>
      <trkpt lat="39.144667647778987884521484375" lon="117.181374393403530120849609375">
        <ele>8.19999980926513671875</ele>
        <time>2026-09-18T22:09:48.000Z</time>
        <extensions>
          <ns3:TrackPointExtension>
            <ns3:hr>143</ns3:hr>
            <ns3:cad>90</ns3:cad>
          </ns3:TrackPointExtension>
        </extensions>
      </trkpt>
      <trkpt lat="39.14466287009418010711669921875" lon="117.1814131177961826324462890625">
        <ele>8.19999980926513671875</ele>
        <time>2026-09-18T22:09:49.000Z</time>
        <extensions>
          <ns3:TrackPointExtension>
            <ns3:hr>143</ns3:hr>
            <ns3:cad>90</ns3:cad>
          </ns3:TrackPointExtension>
        </extensions>
      </trkpt>
      <trkpt lat="39.1446631215512752532958984375" lon="117.1814506687223911285400390625">
        <ele>8.19999980926513671875</ele>
        <time>2026-09-18T22:09:50.000Z</time>
        <extensions>
          <ns3:TrackPointExtension>
            <ns3:hr>143</ns3:hr>
            <ns3:cad>90</ns3:cad>
          </ns3:TrackPointExtension>
        </extensions>
      </trkpt>
      <trkpt lat="39.14465951733291149139404296875" lon="117.181489057838916778564453125">
        <ele>8</ele>
        <time>2026-09-18T22:09:51.000Z</time>
        <extensions>
          <ns3:TrackPointExtension>
            <ns3:hr>143</ns3:hr>
            <ns3:cad>90</ns3:cad>
          </ns3:TrackPointExtension>
        </extensions>
      </trkpt>
      <trkpt lat="39.14466463029384613037109375" lon="117.1815261058509349822998046875">
        <ele>8</ele>
        <time>2026-09-18T22:09:52.000Z</time>
        <extensions>
          <ns3:TrackPointExtension>
            <ns3:hr>143</ns3:hr>
            <ns3:cad>90</ns3:cad>
          </ns3:TrackPointExtension>
        </extensions>
      </trkpt>
      <trkpt lat="39.14466119371354579925537109375" lon="117.1815660037100315093994140625">
        <ele>8</ele>
        <time>2026-09-18T22:09:53.000Z</time>
        <extensions>
          <ns3:TrackPointExtension>
            <ns3:hr>143</ns3:hr>
            <ns3:cad>90</ns3:cad>
          </ns3:TrackPointExtension>
        </extensions>
      </trkpt>
      <trkpt lat="39.14466236717998981475830078125" lon="117.181599698960781097412109375">
        <ele>8</ele>
        <time>2026-09-18T22:09:54.000Z</time>
        <extensions>
          <ns3:TrackPointExtension>
            <ns3:hr>143</ns3:hr>
            <ns3:cad>90</ns3:cad>
          </ns3:TrackPointExtension>
        </extensions>
      </trkpt>
      <trkpt lat="39.14465934969484806060791015625" lon="117.18164856545627117156982421875">
        <ele>8</ele>
        <time>2026-09-18T22:09:55.000Z</time>
        <extensions>
          <ns3:TrackPointExtension>
            <ns3:hr>143</ns3:hr>
            <ns3:cad>90</ns3:cad>
          </ns3:TrackPointExtension>
        </extensions>
      </trkpt>
      <trkpt lat="39.14466387592256069183349609375" lon="117.18168360181152820587158203125">
        <ele>8</ele>
        <time>2026-09-18T22:09:56.000Z</time>
        <extensions>
          <ns3:TrackPointExtension>
            <ns3:hr>143</ns3:hr>
            <ns3:cad>90</ns3:cad>
          </ns3:TrackPointExtension>
        </extensions>
      </trkpt>
      <trkpt lat="39.14465901441872119903564453125" lon="117.18172282911837100982666015625">
        <ele>8</ele>
        <time>2026-09-18T22:09:57.000Z</time>
        <extensions>
          <ns3:TrackPointExtension>
            <ns3:hr>142</ns3:hr>
            <ns3:cad>90</ns3:cad>
          </ns3:TrackPointExtension>
        </extensions>
      </trkpt>
      <trkpt lat="39.1446559131145477294921875" lon="117.18175786547362804412841796875">
        <ele>8.19999980926513671875</ele>
        <time>2026-09-18T22:09:58.000Z</time>
        <extensions>
          <ns3:TrackPointExtension>
            <ns3:hr>143</ns3:hr>
            <ns3:cad>90</ns3:cad>
          </ns3:TrackPointExtension>
        </extensions>
      </trkpt>
      <trkpt lat="39.1446523927152156829833984375" lon="117.18179876916110515594482421875">
        <ele>8.19999980926513671875</ele>
        <time>2026-09-18T22:09:59.000Z</time>
        <extensions>
          <ns3:TrackPointExtension>
            <ns3:hr>143</ns3:hr>
            <ns3:cad>90</ns3:cad>
          </ns3:TrackPointExtension>
        </extensions>
      </trkpt>
      <trkpt lat="39.1446607746183872222900390625" lon="117.181833721697330474853515625">
        <ele>8.19999980926513671875</ele>
        <time>2026-09-18T22:10:00.000Z</time>
        <extensions>
          <ns3:TrackPointExtension>
            <ns3:hr>142</ns3:hr>
            <ns3:cad>90</ns3:cad>
          </ns3:TrackPointExtension>
        </extensions>
      </trkpt>
      <trkpt lat="39.144658930599689483642578125" lon="117.18187370337545871734619140625">
        <ele>8</ele>
        <time>2026-09-18T22:10:01.000Z</time>
        <extensions>
          <ns3:TrackPointExtension>
            <ns3:hr>142</ns3:hr>
            <ns3:cad>90</ns3:cad>
          </ns3:TrackPointExtension>
        </extensions>
      </trkpt>
      <trkpt lat="39.14466387592256069183349609375" lon="117.181905806064605712890625">
        <ele>8.19999980926513671875</ele>
        <time>2026-09-18T22:10:02.000Z</time>
        <extensions>
          <ns3:TrackPointExtension>
            <ns3:hr>142</ns3:hr>
            <ns3:cad>89</ns3:cad>
          </ns3:TrackPointExtension>
        </extensions>
      </trkpt>
      <trkpt lat="39.14466270245611667633056640625" lon="117.181945033371448516845703125">
        <ele>8.19999980926513671875</ele>
        <time>2026-09-18T22:10:03.000Z</time>
        <extensions>
          <ns3:TrackPointExtension>
            <ns3:hr>142</ns3:hr>
            <ns3:cad>89</ns3:cad>
          </ns3:TrackPointExtension>
        </extensions>
      </trkpt>
      <trkpt lat="39.14466597139835357666015625" lon="117.18198333866894245147705078125">
        <ele>8</ele>
        <time>2026-09-18T22:10:04.000Z</time>
        <extensions>
          <ns3:TrackPointExtension>
            <ns3:hr>142</ns3:hr>
            <ns3:cad>90</ns3:cad>
          </ns3:TrackPointExtension>
        </extensions>
      </trkpt>
      <trkpt lat="39.144665636122226715087890625" lon="117.182022146880626678466796875">
        <ele>8.19999980926513671875</ele>
        <time>2026-09-18T22:10:05.000Z</time>
        <extensions>
          <ns3:TrackPointExtension>
            <ns3:hr>141</ns3:hr>
            <ns3:cad>90</ns3:cad>
          </ns3:TrackPointExtension>
        </extensions>
      </trkpt>
      <trkpt lat="39.14466924034059047698974609375" lon="117.1820591948926448822021484375">
        <ele>8.19999980926513671875</ele>
        <time>2026-09-18T22:10:06.000Z</time>
        <extensions>
          <ns3:TrackPointExtension>
            <ns3:hr>141</ns3:hr>
            <ns3:cad>90</ns3:cad>
          </ns3:TrackPointExtension>
        </extensions>
      </trkpt>
      <trkpt lat="39.14466731250286102294921875" lon="117.1820949018001556396484375">
        <ele>8</ele>
        <time>2026-09-18T22:10:07.000Z</time>
        <extensions>
          <ns3:TrackPointExtension>
            <ns3:hr>141</ns3:hr>
            <ns3:cad>90</ns3:cad>
          </ns3:TrackPointExtension>
        </extensions>
      </trkpt>
      <trkpt lat="39.14466999471187591552734375" lon="117.1821329556405544281005859375">
        <ele>8</ele>
        <time>2026-09-18T22:10:08.000Z</time>
        <extensions>
          <ns3:TrackPointExtension>
            <ns3:hr>142</ns3:hr>
            <ns3:cad>90</ns3:cad>
          </ns3:TrackPointExtension>
        </extensions>
      </trkpt>
      <trkpt lat="39.14466655813157558441162109375" lon="117.1821674890816211700439453125">
        <ele>8</ele>
        <time>2026-09-18T22:10:09.000Z</time>
        <extensions>
          <ns3:TrackPointExtension>
            <ns3:hr>141</ns3:hr>
            <ns3:cad>90</ns3:cad>
          </ns3:TrackPointExtension>
        </extensions>
      </trkpt>
      <trkpt lat="39.14466798305511474609375" lon="117.1822073869407176971435546875">
        <ele>8</ele>
        <time>2026-09-18T22:10:10.000Z</time>
        <extensions>
          <ns3:TrackPointExtension>
            <ns3:hr>141</ns3:hr>
            <ns3:cad>90</ns3:cad>
          </ns3:TrackPointExtension>
        </extensions>
      </trkpt>
      <trkpt lat="39.14466655813157558441162109375" lon="117.18224108219146728515625">
        <ele>8</ele>
        <time>2026-09-18T22:10:11.000Z</time>
        <extensions>
          <ns3:TrackPointExtension>
            <ns3:hr>142</ns3:hr>
            <ns3:cad>90</ns3:cad>
          </ns3:TrackPointExtension>
        </extensions>
      </trkpt>
      <trkpt lat="39.1446698270738124847412109375" lon="117.182282321155071258544921875">
        <ele>8</ele>
        <time>2026-09-18T22:10:12.000Z</time>
        <extensions>
          <ns3:TrackPointExtension>
            <ns3:hr>142</ns3:hr>
            <ns3:cad>90</ns3:cad>
          </ns3:TrackPointExtension>
        </extensions>
      </trkpt>
      <trkpt lat="39.1446693241596221923828125" lon="117.18231777660548686981201171875">
        <ele>8</ele>
        <time>2026-09-18T22:10:13.000Z</time>
        <extensions>
          <ns3:TrackPointExtension>
            <ns3:hr>142</ns3:hr>
            <ns3:cad>90</ns3:cad>
          </ns3:TrackPointExtension>
        </extensions>
      </trkpt>
      <trkpt lat="39.14467259310185909271240234375" lon="117.1823555789887905120849609375">
        <ele>8</ele>
        <time>2026-09-18T22:10:14.000Z</time>
        <extensions>
          <ns3:TrackPointExtension>
            <ns3:hr>141</ns3:hr>
            <ns3:cad>90</ns3:cad>
          </ns3:TrackPointExtension>
        </extensions>
      </trkpt>
      <trkpt lat="39.144668988883495330810546875" lon="117.18239136971533298492431640625">
        <ele>8</ele>
        <time>2026-09-18T22:10:15.000Z</time>
        <extensions>
          <ns3:TrackPointExtension>
            <ns3:hr>141</ns3:hr>
            <ns3:cad>89</ns3:cad>
          </ns3:TrackPointExtension>
        </extensions>
      </trkpt>
      <trkpt lat="39.1446715034544467926025390625" lon="117.182428836822509765625">
        <ele>8</ele>
        <time>2026-09-18T22:10:16.000Z</time>
        <extensions>
          <ns3:TrackPointExtension>
            <ns3:hr>141</ns3:hr>
            <ns3:cad>89</ns3:cad>
          </ns3:TrackPointExtension>
        </extensions>
      </trkpt>
      <trkpt lat="39.1446671448647975921630859375" lon="117.18246697448194026947021484375">
        <ele>8</ele>
        <time>2026-09-18T22:10:17.000Z</time>
        <extensions>
          <ns3:TrackPointExtension>
            <ns3:hr>141</ns3:hr>
            <ns3:cad>89</ns3:cad>
          </ns3:TrackPointExtension>
        </extensions>
      </trkpt>
      <trkpt lat="39.1446704976260662078857421875" lon="117.18250771053135395050048828125">
        <ele>8</ele>
        <time>2026-09-18T22:10:18.000Z</time>
        <extensions>
          <ns3:TrackPointExtension>
            <ns3:hr>141</ns3:hr>
            <ns3:cad>89</ns3:cad>
          </ns3:TrackPointExtension>
        </extensions>
      </trkpt>
      <trkpt lat="39.14467041380703449249267578125" lon="117.18254777602851390838623046875">
        <ele>8</ele>
        <time>2026-09-18T22:10:19.000Z</time>
        <extensions>
          <ns3:TrackPointExtension>
            <ns3:hr>141</ns3:hr>
            <ns3:cad>90</ns3:cad>
          </ns3:TrackPointExtension>
        </extensions>
      </trkpt>
      <trkpt lat="39.14467158727347850799560546875" lon="117.1825872547924518585205078125">
        <ele>8</ele>
        <time>2026-09-18T22:10:20.000Z</time>
        <extensions>
          <ns3:TrackPointExtension>
            <ns3:hr>141</ns3:hr>
            <ns3:cad>90</ns3:cad>
          </ns3:TrackPointExtension>
        </extensions>
      </trkpt>
      <trkpt lat="39.144674353301525115966796875" lon="117.18262203969061374664306640625">
        <ele>8</ele>
        <time>2026-09-18T22:10:21.000Z</time>
        <extensions>
          <ns3:TrackPointExtension>
            <ns3:hr>141</ns3:hr>
            <ns3:cad>90</ns3:cad>
          </ns3:TrackPointExtension>
        </extensions>
      </trkpt>
      <trkpt lat="39.1446725092828273773193359375" lon="117.1826633624732494354248046875">
        <ele>8</ele>
        <time>2026-09-18T22:10:22.000Z</time>
        <extensions>
          <ns3:TrackPointExtension>
            <ns3:hr>141</ns3:hr>
            <ns3:cad>90</ns3:cad>
          </ns3:TrackPointExtension>
        </extensions>
      </trkpt>
      <trkpt lat="39.14467091672122478485107421875" lon="117.18269504606723785400390625">
        <ele>8</ele>
        <time>2026-09-18T22:10:23.000Z</time>
        <extensions>
          <ns3:TrackPointExtension>
            <ns3:hr>142</ns3:hr>
            <ns3:cad>90</ns3:cad>
          </ns3:TrackPointExtension>
        </extensions>
      </trkpt>
      <trkpt lat="39.1446681506931781768798828125" lon="117.18273251317441463470458984375">
        <ele>8</ele>
        <time>2026-09-18T22:10:24.000Z</time>
        <extensions>
          <ns3:TrackPointExtension>
            <ns3:hr>141</ns3:hr>
            <ns3:cad>90</ns3:cad>
          </ns3:TrackPointExtension>
        </extensions>
      </trkpt>
      <trkpt lat="39.14466840215027332305908203125" lon="117.182763107120990753173828125">
        <ele>8</ele>
        <time>2026-09-18T22:10:25.000Z</time>
        <extensions>
          <ns3:TrackPointExtension>
            <ns3:hr>141</ns3:hr>
            <ns3:cad>90</ns3:cad>
          </ns3:TrackPointExtension>
        </extensions>
      </trkpt>
      <trkpt lat="39.14467007853090763092041015625" lon="117.18280258588492870330810546875">
        <ele>8</ele>
        <time>2026-09-18T22:10:26.000Z</time>
        <extensions>
          <ns3:TrackPointExtension>
            <ns3:hr>142</ns3:hr>
            <ns3:cad>90</ns3:cad>
          </ns3:TrackPointExtension>
        </extensions>
      </trkpt>
      <trkpt lat="39.1446704976260662078857421875" lon="117.1828351914882659912109375">
        <ele>8</ele>
        <time>2026-09-18T22:10:27.000Z</time>
        <extensions>
          <ns3:TrackPointExtension>
            <ns3:hr>141</ns3:hr>
            <ns3:cad>90</ns3:cad>
          </ns3:TrackPointExtension>
        </extensions>
      </trkpt>
      <trkpt lat="39.14467007853090763092041015625" lon="117.18287098221480846405029296875">
        <ele>8</ele>
        <time>2026-09-18T22:10:28.000Z</time>
        <extensions>
          <ns3:TrackPointExtension>
            <ns3:hr>141</ns3:hr>
            <ns3:cad>90</ns3:cad>
          </ns3:TrackPointExtension>
        </extensions>
      </trkpt>
      <trkpt lat="39.14466722868382930755615234375" lon="117.18290585093200206756591796875">
        <ele>8</ele>
        <time>2026-09-18T22:10:29.000Z</time>
        <extensions>
          <ns3:TrackPointExtension>
            <ns3:hr>141</ns3:hr>
            <ns3:cad>90</ns3:cad>
          </ns3:TrackPointExtension>
        </extensions>
      </trkpt>
      <trkpt lat="39.1446698270738124847412109375" lon="117.18294122256338596343994140625">
        <ele>8</ele>
        <time>2026-09-18T22:10:30.000Z</time>
        <extensions>
          <ns3:TrackPointExtension>
            <ns3:hr>141</ns3:hr>
            <ns3:cad>89</ns3:cad>
          </ns3:TrackPointExtension>
        </extensions>
      </trkpt>
      <trkpt lat="39.14467007853090763092041015625" lon="117.18297642655670642852783203125">
        <ele>8</ele>
        <time>2026-09-18T22:10:31.000Z</time>
        <extensions>
          <ns3:TrackPointExtension>
            <ns3:hr>141</ns3:hr>
            <ns3:cad>89</ns3:cad>
          </ns3:TrackPointExtension>
        </extensions>
      </trkpt>
      <trkpt lat="39.14466840215027332305908203125" lon="117.18301146291196346282958984375">
        <ele>8</ele>
        <time>2026-09-18T22:10:32.000Z</time>
        <extensions>
          <ns3:TrackPointExtension>
            <ns3:hr>141</ns3:hr>
            <ns3:cad>88</ns3:cad>
          </ns3:TrackPointExtension>
        </extensions>
      </trkpt>
      <trkpt lat="39.144671000540256500244140625" lon="117.18304918147623538970947265625">
        <ele>8</ele>
        <time>2026-09-18T22:10:33.000Z</time>
        <extensions>
          <ns3:TrackPointExtension>
            <ns3:hr>141</ns3:hr>
            <ns3:cad>89</ns3:cad>
          </ns3:TrackPointExtension>
        </extensions>
      </trkpt>
      <trkpt lat="39.1446728445589542388916015625" lon="117.18308706767857074737548828125">
        <ele>8.19999980926513671875</ele>
        <time>2026-09-18T22:10:34.000Z</time>
        <extensions>
          <ns3:TrackPointExtension>
            <ns3:hr>141</ns3:hr>
            <ns3:cad>89</ns3:cad>
          </ns3:TrackPointExtension>
        </extensions>
      </trkpt>
      <trkpt lat="39.14466823451220989227294921875" lon="117.1831193380057811737060546875">
        <ele>8.19999980926513671875</ele>
        <time>2026-09-18T22:10:35.000Z</time>
        <extensions>
          <ns3:TrackPointExtension>
            <ns3:hr>140</ns3:hr>
            <ns3:cad>89</ns3:cad>
          </ns3:TrackPointExtension>
        </extensions>
      </trkpt>
      <trkpt lat="39.14466488175094127655029296875" lon="117.18315630219876766204833984375">
        <ele>8.19999980926513671875</ele>
        <time>2026-09-18T22:10:36.000Z</time>
        <extensions>
          <ns3:TrackPointExtension>
            <ns3:hr>140</ns3:hr>
            <ns3:cad>89</ns3:cad>
          </ns3:TrackPointExtension>
        </extensions>
      </trkpt>
      <trkpt lat="39.1446641273796558380126953125" lon="117.18319200910627841949462890625">
        <ele>8.19999980926513671875</ele>
        <time>2026-09-18T22:10:37.000Z</time>
        <extensions>
          <ns3:TrackPointExtension>
            <ns3:hr>140</ns3:hr>
            <ns3:cad>89</ns3:cad>
          </ns3:TrackPointExtension>
        </extensions>
      </trkpt>
      <trkpt lat="39.14466454647481441497802734375" lon="117.183231152594089508056640625">
        <ele>8.19999980926513671875</ele>
        <time>2026-09-18T22:10:38.000Z</time>
        <extensions>
          <ns3:TrackPointExtension>
            <ns3:hr>141</ns3:hr>
            <ns3:cad>90</ns3:cad>
          </ns3:TrackPointExtension>
        </extensions>
      </trkpt>
      <trkpt lat="39.14466454647481441497802734375" lon="117.1832695417106151580810546875">
        <ele>8.19999980926513671875</ele>
        <time>2026-09-18T22:10:39.000Z</time>
        <extensions>
          <ns3:TrackPointExtension>
            <ns3:hr>141</ns3:hr>
            <ns3:cad>90</ns3:cad>
          </ns3:TrackPointExtension>
        </extensions>
      </trkpt>
      <trkpt lat="39.1446666419506072998046875" lon="117.1833127923309803009033203125">
        <ele>8.19999980926513671875</ele>
        <time>2026-09-18T22:10:40.000Z</time>
        <extensions>
          <ns3:TrackPointExtension>
            <ns3:hr>141</ns3:hr>
            <ns3:cad>90</ns3:cad>
          </ns3:TrackPointExtension>
        </extensions>
      </trkpt>
      <trkpt lat="39.14466722868382930755615234375" lon="117.18334942124783992767333984375">
        <ele>8.19999980926513671875</ele>
        <time>2026-09-18T22:10:41.000Z</time>
        <extensions>
          <ns3:TrackPointExtension>
            <ns3:hr>141</ns3:hr>
            <ns3:cad>89</ns3:cad>
          </ns3:TrackPointExtension>
        </extensions>
      </trkpt>
      <trkpt lat="39.14466974325478076934814453125" lon="117.18338445760309696197509765625">
        <ele>8.19999980926513671875</ele>
        <time>2026-09-18T22:10:42.000Z</time>
        <extensions>
          <ns3:TrackPointExtension>
            <ns3:hr>140</ns3:hr>
            <ns3:cad>89</ns3:cad>
          </ns3:TrackPointExtension>
        </extensions>
      </trkpt>
      <trkpt lat="39.14467125199735164642333984375" lon="117.183419577777385711669921875">
        <ele>8.19999980926513671875</ele>
        <time>2026-09-18T22:10:43.000Z</time>
        <extensions>
          <ns3:TrackPointExtension>
            <ns3:hr>141</ns3:hr>
            <ns3:cad>89</ns3:cad>
          </ns3:TrackPointExtension>
        </extensions>
      </trkpt>
      <trkpt lat="39.14467561058700084686279296875" lon="117.18345679342746734619140625">
        <ele>8.19999980926513671875</ele>
        <time>2026-09-18T22:10:44.000Z</time>
        <extensions>
          <ns3:TrackPointExtension>
            <ns3:hr>141</ns3:hr>
            <ns3:cad>89</ns3:cad>
          </ns3:TrackPointExtension>
        </extensions>
      </trkpt>
      <trkpt lat="39.144676364958286285400390625" lon="117.183488644659519195556640625">
        <ele>8.19999980926513671875</ele>
        <time>2026-09-18T22:10:45.000Z</time>
        <extensions>
          <ns3:TrackPointExtension>
            <ns3:hr>140</ns3:hr>
            <ns3:cad>89</ns3:cad>
          </ns3:TrackPointExtension>
        </extensions>
      </trkpt>
      <trkpt lat="39.14467862807214260101318359375" lon="117.18352996744215488433837890625">
        <ele>8.19999980926513671875</ele>
        <time>2026-09-18T22:10:46.000Z</time>
        <extensions>
          <ns3:TrackPointExtension>
            <ns3:hr>141</ns3:hr>
            <ns3:cad>89</ns3:cad>
          </ns3:TrackPointExtension>
        </extensions>
      </trkpt>
      <trkpt lat="39.144673012197017669677734375" lon="117.1835649199783802032470703125">
        <ele>8.19999980926513671875</ele>
        <time>2026-09-18T22:10:47.000Z</time>
        <extensions>
          <ns3:TrackPointExtension>
            <ns3:hr>141</ns3:hr>
            <ns3:cad>89</ns3:cad>
          </ns3:TrackPointExtension>
        </extensions>
      </trkpt>
      <trkpt lat="39.1446718387305736541748046875" lon="117.18360087834298610687255859375">
        <ele>8.3999996185302734375</ele>
        <time>2026-09-18T22:10:48.000Z</time>
        <extensions>
          <ns3:TrackPointExtension>
            <ns3:hr>141</ns3:hr>
            <ns3:cad>90</ns3:cad>
          </ns3:TrackPointExtension>
        </extensions>
      </trkpt>
      <trkpt lat="39.1446624509990215301513671875" lon="117.183636166155338287353515625">
        <ele>8.19999980926513671875</ele>
        <time>2026-09-18T22:10:49.000Z</time>
        <extensions>
          <ns3:TrackPointExtension>
            <ns3:hr>141</ns3:hr>
            <ns3:cad>90</ns3:cad>
          </ns3:TrackPointExtension>
        </extensions>
      </trkpt>
      <trkpt lat="39.14465515874326229095458984375" lon="117.18367380090057849884033203125">
        <ele>8.19999980926513671875</ele>
        <time>2026-09-18T22:10:50.000Z</time>
        <extensions>
          <ns3:TrackPointExtension>
            <ns3:hr>140</ns3:hr>
            <ns3:cad>89</ns3:cad>
          </ns3:TrackPointExtension>
        </extensions>
      </trkpt>
      <trkpt lat="39.14463453926146030426025390625" lon="117.183699868619441986083984375">
        <ele>8.19999980926513671875</ele>
        <time>2026-09-18T22:10:51.000Z</time>
        <extensions>
          <ns3:TrackPointExtension>
            <ns3:hr>141</ns3:hr>
            <ns3:cad>89</ns3:cad>
          </ns3:TrackPointExtension>
        </extensions>
      </trkpt>
      <trkpt lat="39.14461760781705379486083984375" lon="117.18372962437570095062255859375">
        <ele>8.19999980926513671875</ele>
        <time>2026-09-18T22:10:52.000Z</time>
        <extensions>
          <ns3:TrackPointExtension>
            <ns3:hr>141</ns3:hr>
            <ns3:cad>89</ns3:cad>
          </ns3:TrackPointExtension>
        </extensions>
      </trkpt>
      <trkpt lat="39.1445903666317462921142578125" lon="117.1837489865720272064208984375">
        <ele>8.19999980926513671875</ele>
        <time>2026-09-18T22:10:53.000Z</time>
        <extensions>
          <ns3:TrackPointExtension>
            <ns3:hr>141</ns3:hr>
            <ns3:cad>89</ns3:cad>
          </ns3:TrackPointExtension>
        </extensions>
      </trkpt>
      <trkpt lat="39.14456195197999477386474609375" lon="117.18376457691192626953125">
        <ele>8.19999980926513671875</ele>
        <time>2026-09-18T22:10:54.000Z</time>
        <extensions>
          <ns3:TrackPointExtension>
            <ns3:hr>140</ns3:hr>
            <ns3:cad>89</ns3:cad>
          </ns3:TrackPointExtension>
        </extensions>
      </trkpt>
      <trkpt lat="39.14453043602406978607177734375" lon="117.18377119861543178558349609375">
        <ele>8.19999980926513671875</ele>
        <time>2026-09-18T22:10:55.000Z</time>
        <extensions>
          <ns3:TrackPointExtension>
            <ns3:hr>141</ns3:hr>
            <ns3:cad>89</ns3:cad>
          </ns3:TrackPointExtension>
        </extensions>
      </trkpt>
      <trkpt lat="39.1444995068013668060302734375" lon="117.1837801672518253326416015625">
        <ele>8.19999980926513671875</ele>
        <time>2026-09-18T22:10:56.000Z</time>
        <extensions>
          <ns3:TrackPointExtension>
            <ns3:hr>141</ns3:hr>
            <ns3:cad>89</ns3:cad>
          </ns3:TrackPointExtension>
        </extensions>
      </trkpt>
      <trkpt lat="39.14446840994060039520263671875" lon="117.18377195298671722412109375">
        <ele>8.19999980926513671875</ele>
        <time>2026-09-18T22:10:57.000Z</time>
        <extensions>
          <ns3:TrackPointExtension>
            <ns3:hr>141</ns3:hr>
            <ns3:cad>89</ns3:cad>
          </ns3:TrackPointExtension>
        </extensions>
      </trkpt>
      <trkpt lat="39.14444108493626117706298828125" lon="117.183778993785381317138671875">
        <ele>8.19999980926513671875</ele>
        <time>2026-09-18T22:10:58.000Z</time>
        <extensions>
          <ns3:TrackPointExtension>
            <ns3:hr>141</ns3:hr>
            <ns3:cad>89</ns3:cad>
          </ns3:TrackPointExtension>
        </extensions>
      </trkpt>
      <trkpt lat="39.14440839551389217376708984375" lon="117.183779664337635040283203125">
        <ele>8.19999980926513671875</ele>
        <time>2026-09-18T22:10:59.000Z</time>
        <extensions>
          <ns3:TrackPointExtension>
            <ns3:hr>141</ns3:hr>
            <ns3:cad>89</ns3:cad>
          </ns3:TrackPointExtension>
        </extensions>
      </trkpt>
      <trkpt lat="39.144378639757633209228515625" lon="117.1837788261473178863525390625">
        <ele>8.19999980926513671875</ele>
        <time>2026-09-18T22:11:00.000Z</time>
        <extensions>
          <ns3:TrackPointExtension>
            <ns3:hr>142</ns3:hr>
            <ns3:cad>89</ns3:cad>
          </ns3:TrackPointExtension>
        </extensions>
      </trkpt>
      <trkpt lat="39.14434720762073993682861328125" lon="117.18377823941409587860107421875">
        <ele>8.19999980926513671875</ele>
        <time>2026-09-18T22:11:01.000Z</time>
        <extensions>
          <ns3:TrackPointExtension>
            <ns3:hr>141</ns3:hr>
            <ns3:cad>88</ns3:cad>
          </ns3:TrackPointExtension>
        </extensions>
      </trkpt>
      <trkpt lat="39.14432088844478130340576171875" lon="117.18377890996634960174560546875">
        <ele>8</ele>
        <time>2026-09-18T22:11:02.000Z</time>
        <extensions>
          <ns3:TrackPointExtension>
            <ns3:hr>141</ns3:hr>
            <ns3:cad>88</ns3:cad>
          </ns3:TrackPointExtension>
        </extensions>
      </trkpt>
      <trkpt lat="39.14429238997399806976318359375" lon="117.183778993785381317138671875">
        <ele>8</ele>
        <time>2026-09-18T22:11:03.000Z</time>
        <extensions>
          <ns3:TrackPointExtension>
            <ns3:hr>142</ns3:hr>
            <ns3:cad>88</ns3:cad>
          </ns3:TrackPointExtension>
        </extensions>
      </trkpt>
      <trkpt lat="39.14426590315997600555419921875" lon="117.18377589248120784759521484375">
        <ele>8</ele>
        <time>2026-09-18T22:11:04.000Z</time>
        <extensions>
          <ns3:TrackPointExtension>
            <ns3:hr>141</ns3:hr>
            <ns3:cad>89</ns3:cad>
          </ns3:TrackPointExtension>
        </extensions>
      </trkpt>
      <trkpt lat="39.14423254318535327911376953125" lon="117.18378025107085704803466796875">
        <ele>8</ele>
        <time>2026-09-18T22:11:05.000Z</time>
        <extensions>
          <ns3:TrackPointExtension>
            <ns3:hr>141</ns3:hr>
            <ns3:cad>89</ns3:cad>
          </ns3:TrackPointExtension>
        </extensions>
      </trkpt>
      <trkpt lat="39.14420672692358493804931640625" lon="117.1837793290615081787109375">
        <ele>8</ele>
        <time>2026-09-18T22:11:06.000Z</time>
        <extensions>
          <ns3:TrackPointExtension>
            <ns3:hr>141</ns3:hr>
            <ns3:cad>89</ns3:cad>
          </ns3:TrackPointExtension>
        </extensions>
      </trkpt>
      <trkpt lat="39.1441776417195796966552734375" lon="117.18377865850925445556640625">
        <ele>8</ele>
        <time>2026-09-18T22:11:07.000Z</time>
        <extensions>
          <ns3:TrackPointExtension>
            <ns3:hr>142</ns3:hr>
            <ns3:cad>89</ns3:cad>
          </ns3:TrackPointExtension>
        </extensions>
      </trkpt>
      <trkpt lat="39.14415157400071620941162109375" lon="117.18378444202244281768798828125">
        <ele>8</ele>
        <time>2026-09-18T22:11:08.000Z</time>
        <extensions>
          <ns3:TrackPointExtension>
            <ns3:hr>141</ns3:hr>
            <ns3:cad>90</ns3:cad>
          </ns3:TrackPointExtension>
        </extensions>
      </trkpt>
      <trkpt lat="39.14412357844412326812744140625" lon="117.18378360383212566375732421875">
        <ele>8</ele>
        <time>2026-09-18T22:11:09.000Z</time>
        <extensions>
          <ns3:TrackPointExtension>
            <ns3:hr>141</ns3:hr>
            <ns3:cad>90</ns3:cad>
          </ns3:TrackPointExtension>
        </extensions>
      </trkpt>
      <trkpt lat="39.14409407414495944976806640625" lon="117.1837882138788700103759765625">
        <ele>8</ele>
        <time>2026-09-18T22:11:10.000Z</time>
        <extensions>
          <ns3:TrackPointExtension>
            <ns3:hr>141</ns3:hr>
            <ns3:cad>90</ns3:cad>
          </ns3:TrackPointExtension>
        </extensions>
      </trkpt>
      <trkpt lat="39.14406423456966876983642578125" lon="117.18378511257469654083251953125">
        <ele>8</ele>
        <time>2026-09-18T22:11:11.000Z</time>
        <extensions>
          <ns3:TrackPointExtension>
            <ns3:hr>141</ns3:hr>
            <ns3:cad>91</ns3:cad>
          </ns3:TrackPointExtension>
        </extensions>
      </trkpt>
      <trkpt lat="39.14403297007083892822265625" lon="117.183788381516933441162109375">
        <ele>8</ele>
        <time>2026-09-18T22:11:12.000Z</time>
        <extensions>
          <ns3:TrackPointExtension>
            <ns3:hr>141</ns3:hr>
            <ns3:cad>91</ns3:cad>
          </ns3:TrackPointExtension>
        </extensions>
      </trkpt>
      <trkpt lat="39.14400053210556507110595703125" lon="117.18378729186952114105224609375">
        <ele>8</ele>
        <time>2026-09-18T22:11:13.000Z</time>
        <extensions>
          <ns3:TrackPointExtension>
            <ns3:hr>141</ns3:hr>
            <ns3:cad>91</ns3:cad>
          </ns3:TrackPointExtension>
        </extensions>
      </trkpt>
      <trkpt lat="39.14397354237735271453857421875" lon="117.18378963880240917205810546875">
        <ele>8.19999980926513671875</ele>
        <time>2026-09-18T22:11:14.000Z</time>
        <extensions>
          <ns3:TrackPointExtension>
            <ns3:hr>141</ns3:hr>
            <ns3:cad>91</ns3:cad>
          </ns3:TrackPointExtension>
        </extensions>
      </trkpt>
      <trkpt lat="39.14394303224980831146240234375" lon="117.1837885491549968719482421875">
        <ele>8.19999980926513671875</ele>
        <time>2026-09-18T22:11:15.000Z</time>
        <extensions>
          <ns3:TrackPointExtension>
            <ns3:hr>141</ns3:hr>
            <ns3:cad>91</ns3:cad>
          </ns3:TrackPointExtension>
        </extensions>
      </trkpt>
      <trkpt lat="39.14391688071191310882568359375" lon="117.18378829769790172576904296875">
        <ele>8.19999980926513671875</ele>
        <time>2026-09-18T22:11:16.000Z</time>
        <extensions>
          <ns3:TrackPointExtension>
            <ns3:hr>141</ns3:hr>
            <ns3:cad>91</ns3:cad>
          </ns3:TrackPointExtension>
        </extensions>
      </trkpt>
      <trkpt lat="39.14389156736433506011962890625" lon="117.1837952546775341033935546875">
        <ele>8.19999980926513671875</ele>
        <time>2026-09-18T22:11:17.000Z</time>
        <extensions>
          <ns3:TrackPointExtension>
            <ns3:hr>141</ns3:hr>
            <ns3:cad>91</ns3:cad>
          </ns3:TrackPointExtension>
        </extensions>
      </trkpt>
      <trkpt lat="39.1438644938170909881591796875" lon="117.18380011618137359619140625">
        <ele>8.19999980926513671875</ele>
        <time>2026-09-18T22:11:18.000Z</time>
        <extensions>
          <ns3:TrackPointExtension>
            <ns3:hr>141</ns3:hr>
            <ns3:cad>91</ns3:cad>
          </ns3:TrackPointExtension>
        </extensions>
      </trkpt>
      <trkpt lat="39.143833480775356292724609375" lon="117.1837954223155975341796875">
        <ele>8</ele>
        <time>2026-09-18T22:11:19.000Z</time>
        <extensions>
          <ns3:TrackPointExtension>
            <ns3:hr>141</ns3:hr>
            <ns3:cad>91</ns3:cad>
          </ns3:TrackPointExtension>
        </extensions>
      </trkpt>
      <trkpt lat="39.143804647028446197509765625" lon="117.18379902653396129608154296875">
        <ele>8</ele>
        <time>2026-09-18T22:11:20.000Z</time>
        <extensions>
          <ns3:TrackPointExtension>
            <ns3:hr>141</ns3:hr>
            <ns3:cad>93</ns3:cad>
          </ns3:TrackPointExtension>
        </extensions>
      </trkpt>
      <trkpt lat="39.14377237670123577117919921875" lon="117.1837959252297878265380859375">
        <ele>8</ele>
        <time>2026-09-18T22:11:21.000Z</time>
        <extensions>
          <ns3:TrackPointExtension>
            <ns3:hr>142</ns3:hr>
            <ns3:cad>93</ns3:cad>
          </ns3:TrackPointExtension>
        </extensions>
      </trkpt>
      <trkpt lat="39.14374220184981822967529296875" lon="117.1837976016104221343994140625">
        <ele>8</ele>
        <time>2026-09-18T22:11:22.000Z</time>
        <extensions>
          <ns3:TrackPointExtension>
            <ns3:hr>142</ns3:hr>
            <ns3:cad>93</ns3:cad>
          </ns3:TrackPointExtension>
        </extensions>
      </trkpt>
      <trkpt lat="39.143710099160671234130859375" lon="117.18379600904881954193115234375">
        <ele>8</ele>
        <time>2026-09-18T22:11:23.000Z</time>
        <extensions>
          <ns3:TrackPointExtension>
            <ns3:hr>143</ns3:hr>
            <ns3:cad>92</ns3:cad>
          </ns3:TrackPointExtension>
        </extensions>
      </trkpt>
      <trkpt lat="39.14368051104247570037841796875" lon="117.18380154110491275787353515625">
        <ele>8</ele>
        <time>2026-09-18T22:11:24.000Z</time>
        <extensions>
          <ns3:TrackPointExtension>
            <ns3:hr>143</ns3:hr>
            <ns3:cad>90</ns3:cad>
          </ns3:TrackPointExtension>
        </extensions>
      </trkpt>
      <trkpt lat="39.14364966563880443572998046875" lon="117.1837999485433101654052734375">
        <ele>8</ele>
        <time>2026-09-18T22:11:25.000Z</time>
        <extensions>
          <ns3:TrackPointExtension>
            <ns3:hr>143</ns3:hr>
            <ns3:cad>89</ns3:cad>
          </ns3:TrackPointExtension>
        </extensions>
      </trkpt>
      <trkpt lat="39.143621586263179779052734375" lon="117.18380455859005451202392578125">
        <ele>8</ele>
        <time>2026-09-18T22:11:26.000Z</time>
        <extensions>
          <ns3:TrackPointExtension>
            <ns3:hr>143</ns3:hr>
            <ns3:cad>89</ns3:cad>
          </ns3:TrackPointExtension>
        </extensions>
      </trkpt>
      <trkpt lat="39.14358948357403278350830078125" lon="117.1838046424090862274169921875">
        <ele>8</ele>
        <time>2026-09-18T22:11:27.000Z</time>
        <extensions>
          <ns3:TrackPointExtension>
            <ns3:hr>143</ns3:hr>
            <ns3:cad>89</ns3:cad>
          </ns3:TrackPointExtension>
        </extensions>
      </trkpt>
      <trkpt lat="39.14356115274131298065185546875" lon="117.183806486427783966064453125">
        <ele>8</ele>
        <time>2026-09-18T22:11:28.000Z</time>
        <extensions>
          <ns3:TrackPointExtension>
            <ns3:hr>142</ns3:hr>
            <ns3:cad>89</ns3:cad>
          </ns3:TrackPointExtension>
        </extensions>
      </trkpt>
      <trkpt lat="39.143531061708927154541015625" lon="117.18380539678037166595458984375">
        <ele>8</ele>
        <time>2026-09-18T22:11:29.000Z</time>
        <extensions>
          <ns3:TrackPointExtension>
            <ns3:hr>143</ns3:hr>
            <ns3:cad>89</ns3:cad>
          </ns3:TrackPointExtension>
        </extensions>
      </trkpt>
      <trkpt lat="39.14346660487353801727294921875" lon="117.18380858190357685089111328125">
        <ele>7.80000019073486328125</ele>
        <time>2026-09-18T22:11:30.000Z</time>
        <extensions>
          <ns3:TrackPointExtension>
            <ns3:hr>143</ns3:hr>
            <ns3:cad>89</ns3:cad>
          </ns3:TrackPointExtension>
        </extensions>
      </trkpt>
      <trkpt lat="39.14343676529824733734130859375" lon="117.18381176702678203582763671875">
        <ele>8</ele>
        <time>2026-09-18T22:11:31.000Z</time>
        <extensions>
          <ns3:TrackPointExtension>
            <ns3:hr>142</ns3:hr>
            <ns3:cad>89</ns3:cad>
          </ns3:TrackPointExtension>
        </extensions>
      </trkpt>
      <trkpt lat="39.14340591989457607269287109375" lon="117.18381344340741634368896484375">
        <ele>8</ele>
        <time>2026-09-18T22:11:32.000Z</time>
        <extensions>
          <ns3:TrackPointExtension>
            <ns3:hr>143</ns3:hr>
            <ns3:cad>89</ns3:cad>
          </ns3:TrackPointExtension>
        </extensions>
      </trkpt>
      <trkpt lat="39.14338043890893459320068359375" lon="117.18381813727319240570068359375">
        <ele>8</ele>
        <time>2026-09-18T22:11:33.000Z</time>
        <extensions>
          <ns3:TrackPointExtension>
            <ns3:hr>143</ns3:hr>
            <ns3:cad>89</ns3:cad>
          </ns3:TrackPointExtension>
        </extensions>
      </trkpt>
      <trkpt lat="39.1433545388281345367431640625" lon="117.18381746672093868255615234375">
        <ele>8</ele>
        <time>2026-09-18T22:11:34.000Z</time>
        <extensions>
          <ns3:TrackPointExtension>
            <ns3:hr>143</ns3:hr>
            <ns3:cad>89</ns3:cad>
          </ns3:TrackPointExtension>
        </extensions>
      </trkpt>
      <trkpt lat="39.14332847110927104949951171875" lon="117.18381361104547977447509765625">
        <ele>8</ele>
        <time>2026-09-18T22:11:35.000Z</time>
        <extensions>
          <ns3:TrackPointExtension>
            <ns3:hr>142</ns3:hr>
            <ns3:cad>89</ns3:cad>
          </ns3:TrackPointExtension>
        </extensions>
      </trkpt>
      <trkpt lat="39.143299721181392669677734375" lon="117.18380405567586421966552734375">
        <ele>8</ele>
        <time>2026-09-18T22:11:36.000Z</time>
        <extensions>
          <ns3:TrackPointExtension>
            <ns3:hr>143</ns3:hr>
            <ns3:cad>89</ns3:cad>
          </ns3:TrackPointExtension>
        </extensions>
      </trkpt>
      <trkpt lat="39.1432720609009265899658203125" lon="117.1837969310581684112548828125">
        <ele>8</ele>
        <time>2026-09-18T22:11:37.000Z</time>
        <extensions>
          <ns3:TrackPointExtension>
            <ns3:hr>143</ns3:hr>
            <ns3:cad>89</ns3:cad>
          </ns3:TrackPointExtension>
        </extensions>
      </trkpt>
      <trkpt lat="39.14325387217104434967041015625" lon="117.1837835200130939483642578125">
        <ele>8</ele>
        <time>2026-09-18T22:11:38.000Z</time>
        <extensions>
          <ns3:TrackPointExtension>
            <ns3:hr>142</ns3:hr>
            <ns3:cad>89</ns3:cad>
          </ns3:TrackPointExtension>
        </extensions>
      </trkpt>
      <trkpt lat="39.14325378835201263427734375" lon="117.18379265628755092620849609375">
        <ele>8.19999980926513671875</ele>
        <time>2026-09-18T22:11:39.000Z</time>
        <extensions>
          <ns3:TrackPointExtension>
            <ns3:hr>142</ns3:hr>
            <ns3:cad>89</ns3:cad>
          </ns3:TrackPointExtension>
        </extensions>
      </trkpt>
    </trkseg>
  </trk>
</gpx>
