<gpx xmlns:ns3="http://www.garmin.com/xmlschemas/TrackPointExtension/v1" xmlns="http://www.topografix.com/GPX/1/1" xmlns:xsi="http://www.w3.org/2001/XMLSchema-instance" xmlns:ns2="http://www.garmin.com/xmlschemas/GpxExtensions/v3" creator="Garmin Connect" version="1.1" xsi:schemaLocation="http://www.topografix.com/GPX/1/1 http://www.topografix.com/GPX/11.xsd">
  <extensions>
<distance>1810.04</distance>
<average_hr>139.0</average_hr>
<average_speed>2.680999994277954</average_speed>
<start_time>2026-10-04T21:04:10+00:00</start_time>
<end_time>2026-10-04T21:15:25.100000+00:00</end_time>
<moving_time>670.0</moving_time>
<elapsed_time>728.817</elapsed_time>
</extensions>
<metadata>
    <link href="connect.garmin.com">
      <text>Garmin Connect</text>
    </link>
    <time>2026-10-04T21:04:10.000Z</time>
  </metadata>
  <trk>
    <name>哈尔滨市 跑步</name>
    <type>running</type>
    <trkseg>
      <trkpt lat="45.7911438681185245513916015625" lon="126.6505825705826282501220703125">
        <ele>117.8000030517578125</ele>
        <time>2026-10-04T21:04:10.000Z</time>
        <extensions>
          <ns3:TrackPointExtension>
            <ns3:hr>73</ns3:hr>
            <ns3:cad>0</ns3:cad>
          </ns3:TrackPointExtension>
        </extensions>
      </trkpt>
      <trkpt lat="45.7911311276257038116455078125" lon="126.6505601070821285247802734375">
        <ele>117.8000030517578125</ele>
        <time>2026-10-04T21:04:11.000Z</time>
        <extensions>
          <ns3:TrackPointExtension>
            <ns3:hr>73</ns3:hr>
            <ns3:cad>0</ns3:cad>
          </ns3:TrackPointExtension>
        </extensions>
      </trkpt>
      <trkpt lat="45.7911519147455692291259765625" lon="126.6505448520183563232421875">
        <ele>117.8000030517578125</ele>
        <time>2026-10-04T21:04:12.000Z</time>
        <extensions>
          <ns3:TrackPointExtension>
            <ns3:hr>73</ns3:hr>
            <ns3:cad>0</ns3:cad>
          </ns3:TrackPointExtension>
        </extensions>
      </trkpt>
      <trkpt lat="45.79116239212453365325927734375" lon="126.650529764592647552490234375">
        <ele>117.8000030517578125</ele>
        <time>2026-10-04T21:04:13.000Z</time>
        <extensions>
          <ns3:TrackPointExtension>
            <ns3:hr>74</ns3:hr>
            <ns3:cad>0</ns3:cad>
          </ns3:TrackPointExtension>
        </extensions>
      </trkpt>
      <trkpt lat="45.791186280548572540283203125" lon="126.6505135037004947662353515625">
        <ele>117.59999847412109375</ele>
        <time>2026-10-04T21:04:14.000Z</time>
        <extensions>
          <ns3:TrackPointExtension>
            <ns3:hr>76</ns3:hr>
            <ns3:cad>88</ns3:cad>
          </ns3:TrackPointExtension>
        </extensions>
      </trkpt>
      <trkpt lat="45.7912072353065013885498046875" lon="126.65049866773188114166259765625">
        <ele>117.8000030517578125</ele>
        <time>2026-10-04T21:04:15.000Z</time>
        <extensions>
          <ns3:TrackPointExtension>
            <ns3:hr>76</ns3:hr>
            <ns3:cad>88</ns3:cad>
          </ns3:TrackPointExtension>
        </extensions>
      </trkpt>
      <trkpt lat="45.79123087227344512939453125" lon="126.6504839994013309478759765625">
        <ele>117.8000030517578125</ele>
        <time>2026-10-04T21:04:16.000Z</time>
        <extensions>
          <ns3:TrackPointExtension>
            <ns3:hr>76</ns3:hr>
            <ns3:cad>91</ns3:cad>
          </ns3:TrackPointExtension>
        </extensions>
      </trkpt>
      <trkpt lat="45.79124520532786846160888671875" lon="126.650460027158260345458984375">
        <ele>117.8000030517578125</ele>
        <time>2026-10-04T21:04:17.000Z</time>
        <extensions>
          <ns3:TrackPointExtension>
            <ns3:hr>77</ns3:hr>
            <ns3:cad>92</ns3:cad>
          </ns3:TrackPointExtension>
        </extensions>
      </trkpt>
      <trkpt lat="45.791276805102825164794921875" lon="126.65044938214123249053955078125">
        <ele>117.8000030517578125</ele>
        <time>2026-10-04T21:04:18.000Z</time>
        <extensions>
          <ns3:TrackPointExtension>
            <ns3:hr>79</ns3:hr>
            <ns3:cad>92</ns3:cad>
          </ns3:TrackPointExtension>
        </extensions>
      </trkpt>
      <trkpt lat="45.79129566438496112823486328125" lon="126.65043043904006481170654296875">
        <ele>118</ele>
        <time>2026-10-04T21:04:19.000Z</time>
        <extensions>
          <ns3:TrackPointExtension>
            <ns3:hr>82</ns3:hr>
            <ns3:cad>92</ns3:cad>
          </ns3:TrackPointExtension>
        </extensions>
      </trkpt>
      <trkpt lat="45.79132433049380779266357421875" lon="126.65042323060333728790283203125">
        <ele>118.1999969482421875</ele>
        <time>2026-10-04T21:04:20.000Z</time>
        <extensions>
          <ns3:TrackPointExtension>
            <ns3:hr>84</ns3:hr>
            <ns3:cad>92</ns3:cad>
          </ns3:TrackPointExtension>
        </extensions>
      </trkpt>
      <trkpt lat="45.79135182313621044158935546875" lon="126.650407724082469940185546875">
        <ele>118.1999969482421875</ele>
        <time>2026-10-04T21:04:21.000Z</time>
        <extensions>
          <ns3:TrackPointExtension>
            <ns3:hr>88</ns3:hr>
            <ns3:cad>93</ns3:cad>
          </ns3:TrackPointExtension>
        </extensions>
      </trkpt>
      <trkpt lat="45.79137562774121761322021484375" lon="126.6503978334367275238037109375">
        <ele>118.40000152587890625</ele>
        <time>2026-10-04T21:04:22.000Z</time>
        <extensions>
          <ns3:TrackPointExtension>
            <ns3:hr>90</ns3:hr>
            <ns3:cad>93</ns3:cad>
          </ns3:TrackPointExtension>
        </extensions>
      </trkpt>
      <trkpt lat="45.79140253365039825439453125" lon="126.650383584201335906982421875">
        <ele>118.40000152587890625</ele>
        <time>2026-10-04T21:04:23.000Z</time>
        <extensions>
          <ns3:TrackPointExtension>
            <ns3:hr>91</ns3:hr>
            <ns3:cad>93</ns3:cad>
          </ns3:TrackPointExtension>
        </extensions>
      </trkpt>
      <trkpt lat="45.79142591916024684906005859375" lon="126.65036581456661224365234375">
        <ele>118.59999847412109375</ele>
        <time>2026-10-04T21:04:24.000Z</time>
        <extensions>
          <ns3:TrackPointExtension>
            <ns3:hr>92</ns3:hr>
            <ns3:cad>93</ns3:cad>
          </ns3:TrackPointExtension>
        </extensions>
      </trkpt>
      <trkpt lat="45.79144670628011226654052734375" lon="126.65035198442637920379638671875">
        <ele>118.59999847412109375</ele>
        <time>2026-10-04T21:04:25.000Z</time>
        <extensions>
          <ns3:TrackPointExtension>
            <ns3:hr>93</ns3:hr>
            <ns3:cad>93</ns3:cad>
          </ns3:TrackPointExtension>
        </extensions>
      </trkpt>
      <trkpt lat="45.79147051088511943817138671875" lon="126.65034293197095394134521484375">
        <ele>118.59999847412109375</ele>
        <time>2026-10-04T21:04:26.000Z</time>
        <extensions>
          <ns3:TrackPointExtension>
            <ns3:hr>94</ns3:hr>
            <ns3:cad>93</ns3:cad>
          </ns3:TrackPointExtension>
        </extensions>
      </trkpt>
      <trkpt lat="45.7914881967008113861083984375" lon="126.6503297723829746246337890625">
        <ele>118.8000030517578125</ele>
        <time>2026-10-04T21:04:27.000Z</time>
        <extensions>
          <ns3:TrackPointExtension>
            <ns3:hr>94</ns3:hr>
            <ns3:cad>92</ns3:cad>
          </ns3:TrackPointExtension>
        </extensions>
      </trkpt>
      <trkpt lat="45.7915089838206768035888671875" lon="126.6503141820430755615234375">
        <ele>118.8000030517578125</ele>
        <time>2026-10-04T21:04:28.000Z</time>
        <extensions>
          <ns3:TrackPointExtension>
            <ns3:hr>95</ns3:hr>
            <ns3:cad>92</ns3:cad>
          </ns3:TrackPointExtension>
        </extensions>
      </trkpt>
      <trkpt lat="45.79153664410114288330078125" lon="126.65029850788414478302001953125">
        <ele>119</ele>
        <time>2026-10-04T21:04:29.000Z</time>
        <extensions>
          <ns3:TrackPointExtension>
            <ns3:hr>95</ns3:hr>
            <ns3:cad>92</ns3:cad>
          </ns3:TrackPointExtension>
        </extensions>
      </trkpt>
      <trkpt lat="45.79155634157359600067138671875" lon="126.65028124116361141204833984375">
        <ele>119</ele>
        <time>2026-10-04T21:04:30.000Z</time>
        <extensions>
          <ns3:TrackPointExtension>
            <ns3:hr>96</ns3:hr>
            <ns3:cad>92</ns3:cad>
          </ns3:TrackPointExtension>
        </extensions>
      </trkpt>
      <trkpt lat="45.79158492386341094970703125" lon="126.65027168579399585723876953125">
        <ele>119.1999969482421875</ele>
        <time>2026-10-04T21:04:31.000Z</time>
        <extensions>
          <ns3:TrackPointExtension>
            <ns3:hr>96</ns3:hr>
            <ns3:cad>92</ns3:cad>
          </ns3:TrackPointExtension>
        </extensions>
      </trkpt>
      <trkpt lat="45.791605375707149505615234375" lon="126.65025861002504825592041015625">
        <ele>119.1999969482421875</ele>
        <time>2026-10-04T21:04:32.000Z</time>
        <extensions>
          <ns3:TrackPointExtension>
            <ns3:hr>97</ns3:hr>
            <ns3:cad>92</ns3:cad>
          </ns3:TrackPointExtension>
        </extensions>
      </trkpt>
      <trkpt lat="45.79163278453052043914794921875" lon="126.650246120989322662353515625">
        <ele>119.40000152587890625</ele>
        <time>2026-10-04T21:04:33.000Z</time>
        <extensions>
          <ns3:TrackPointExtension>
            <ns3:hr>99</ns3:hr>
            <ns3:cad>93</ns3:cad>
          </ns3:TrackPointExtension>
        </extensions>
      </trkpt>
      <trkpt lat="45.79165005125105381011962890625" lon="126.650230027735233306884765625">
        <ele>119.59999847412109375</ele>
        <time>2026-10-04T21:04:34.000Z</time>
        <extensions>
          <ns3:TrackPointExtension>
            <ns3:hr>100</ns3:hr>
            <ns3:cad>93</ns3:cad>
          </ns3:TrackPointExtension>
        </extensions>
      </trkpt>
      <trkpt lat="45.7916813157498836517333984375" lon="126.65021619759500026702880859375">
        <ele>119.59999847412109375</ele>
        <time>2026-10-04T21:04:35.000Z</time>
        <extensions>
          <ns3:TrackPointExtension>
            <ns3:hr>101</ns3:hr>
            <ns3:cad>92</ns3:cad>
          </ns3:TrackPointExtension>
        </extensions>
      </trkpt>
      <trkpt lat="45.79170369543135166168212890625" lon="126.65019725449383258819580078125">
        <ele>119.8000030517578125</ele>
        <time>2026-10-04T21:04:36.000Z</time>
        <extensions>
          <ns3:TrackPointExtension>
            <ns3:hr>103</ns3:hr>
            <ns3:cad>91</ns3:cad>
          </ns3:TrackPointExtension>
        </extensions>
      </trkpt>
      <trkpt lat="45.79173185862600803375244140625" lon="126.6501854360103607177734375">
        <ele>119.8000030517578125</ele>
        <time>2026-10-04T21:04:37.000Z</time>
        <extensions>
          <ns3:TrackPointExtension>
            <ns3:hr>104</ns3:hr>
            <ns3:cad>92</ns3:cad>
          </ns3:TrackPointExtension>
        </extensions>
      </trkpt>
      <trkpt lat="45.79175482504069805145263671875" lon="126.65016657672822475433349609375">
        <ele>120</ele>
        <time>2026-10-04T21:04:38.000Z</time>
        <extensions>
          <ns3:TrackPointExtension>
            <ns3:hr>105</ns3:hr>
            <ns3:cad>92</ns3:cad>
          </ns3:TrackPointExtension>
        </extensions>
      </trkpt>
      <trkpt lat="45.7917795516550540924072265625" lon="126.6501507349312305450439453125">
        <ele>120</ele>
        <time>2026-10-04T21:04:39.000Z</time>
        <extensions>
          <ns3:TrackPointExtension>
            <ns3:hr>106</ns3:hr>
            <ns3:cad>93</ns3:cad>
          </ns3:TrackPointExtension>
        </extensions>
      </trkpt>
      <trkpt lat="45.791804529726505279541015625" lon="126.6501343064010143280029296875">
        <ele>120.1999969482421875</ele>
        <time>2026-10-04T21:04:40.000Z</time>
        <extensions>
          <ns3:TrackPointExtension>
            <ns3:hr>108</ns3:hr>
            <ns3:cad>91</ns3:cad>
          </ns3:TrackPointExtension>
        </extensions>
      </trkpt>
      <trkpt lat="45.79182858578860759735107421875" lon="126.65012232027947902679443359375">
        <ele>120.1999969482421875</ele>
        <time>2026-10-04T21:04:41.000Z</time>
        <extensions>
          <ns3:TrackPointExtension>
            <ns3:hr>109</ns3:hr>
            <ns3:cad>91</ns3:cad>
          </ns3:TrackPointExtension>
        </extensions>
      </trkpt>
      <trkpt lat="45.79185524024069309234619140625" lon="126.65010773576796054840087890625">
        <ele>120.40000152587890625</ele>
        <time>2026-10-04T21:04:42.000Z</time>
        <extensions>
          <ns3:TrackPointExtension>
            <ns3:hr>110</ns3:hr>
            <ns3:cad>91</ns3:cad>
          </ns3:TrackPointExtension>
        </extensions>
      </trkpt>
      <trkpt lat="45.7918764464557170867919921875" lon="126.65009080432355403900146484375">
        <ele>120.40000152587890625</ele>
        <time>2026-10-04T21:04:43.000Z</time>
        <extensions>
          <ns3:TrackPointExtension>
            <ns3:hr>112</ns3:hr>
            <ns3:cad>93</ns3:cad>
          </ns3:TrackPointExtension>
        </extensions>
      </trkpt>
      <trkpt lat="45.79190553165972232818603515625" lon="126.65007856674492359161376953125">
        <ele>120.59999847412109375</ele>
        <time>2026-10-04T21:04:44.000Z</time>
        <extensions>
          <ns3:TrackPointExtension>
            <ns3:hr>113</ns3:hr>
            <ns3:cad>92</ns3:cad>
          </ns3:TrackPointExtension>
        </extensions>
      </trkpt>
      <trkpt lat="45.791926570236682891845703125" lon="126.65006649680435657501220703125">
        <ele>120.59999847412109375</ele>
        <time>2026-10-04T21:04:45.000Z</time>
        <extensions>
          <ns3:TrackPointExtension>
            <ns3:hr>114</ns3:hr>
            <ns3:cad>92</ns3:cad>
          </ns3:TrackPointExtension>
        </extensions>
      </trkpt>
      <trkpt lat="45.791954062879085540771484375" lon="126.65004990063607692718505859375">
        <ele>120.8000030517578125</ele>
        <time>2026-10-04T21:04:46.000Z</time>
        <extensions>
          <ns3:TrackPointExtension>
            <ns3:hr>116</ns3:hr>
            <ns3:cad>92</ns3:cad>
          </ns3:TrackPointExtension>
        </extensions>
      </trkpt>
      <trkpt lat="45.79197308979928493499755859375" lon="126.65003187954425811767578125">
        <ele>120.8000030517578125</ele>
        <time>2026-10-04T21:04:47.000Z</time>
        <extensions>
          <ns3:TrackPointExtension>
            <ns3:hr>117</ns3:hr>
            <ns3:cad>92</ns3:cad>
          </ns3:TrackPointExtension>
        </extensions>
      </trkpt>
      <trkpt lat="45.79200963489711284637451171875" lon="126.65001444518566131591796875">
        <ele>120.8000030517578125</ele>
        <time>2026-10-04T21:04:48.000Z</time>
        <extensions>
          <ns3:TrackPointExtension>
            <ns3:hr>119</ns3:hr>
            <ns3:cad>92</ns3:cad>
          </ns3:TrackPointExtension>
        </extensions>
      </trkpt>
      <trkpt lat="45.79202589578926563262939453125" lon="126.64999659173190593719482421875">
        <ele>120.8000030517578125</ele>
        <time>2026-10-04T21:04:49.000Z</time>
        <extensions>
          <ns3:TrackPointExtension>
            <ns3:hr>120</ns3:hr>
            <ns3:cad>91</ns3:cad>
          </ns3:TrackPointExtension>
        </extensions>
      </trkpt>
      <trkpt lat="45.7920568250119686126708984375" lon="126.64998854510486125946044921875">
        <ele>120.8000030517578125</ele>
        <time>2026-10-04T21:04:50.000Z</time>
        <extensions>
          <ns3:TrackPointExtension>
            <ns3:hr>121</ns3:hr>
            <ns3:cad>91</ns3:cad>
          </ns3:TrackPointExtension>
        </extensions>
      </trkpt>
      <trkpt lat="45.792074091732501983642578125" lon="126.64997027255594730377197265625">
        <ele>120.8000030517578125</ele>
        <time>2026-10-04T21:04:51.000Z</time>
        <extensions>
          <ns3:TrackPointExtension>
            <ns3:hr>122</ns3:hr>
            <ns3:cad>91</ns3:cad>
          </ns3:TrackPointExtension>
        </extensions>
      </trkpt>
      <trkpt lat="45.79210535623133182525634765625" lon="126.64995937608182430267333984375">
        <ele>120.8000030517578125</ele>
        <time>2026-10-04T21:04:52.000Z</time>
        <extensions>
          <ns3:TrackPointExtension>
            <ns3:hr>124</ns3:hr>
            <ns3:cad>92</ns3:cad>
          </ns3:TrackPointExtension>
        </extensions>
      </trkpt>
      <trkpt lat="45.792123042047023773193359375" lon="126.649937331676483154296875">
        <ele>120.8000030517578125</ele>
        <time>2026-10-04T21:04:53.000Z</time>
        <extensions>
          <ns3:TrackPointExtension>
            <ns3:hr>125</ns3:hr>
            <ns3:cad>92</ns3:cad>
          </ns3:TrackPointExtension>
        </extensions>
      </trkpt>
      <trkpt lat="45.79215221107006072998046875" lon="126.64992249570786952972412109375">
        <ele>120.8000030517578125</ele>
        <time>2026-10-04T21:04:54.000Z</time>
        <extensions>
          <ns3:TrackPointExtension>
            <ns3:hr>127</ns3:hr>
            <ns3:cad>92</ns3:cad>
          </ns3:TrackPointExtension>
        </extensions>
      </trkpt>
      <trkpt lat="45.79217174090445041656494140625" lon="126.64990455843508243560791015625">
        <ele>120.8000030517578125</ele>
        <time>2026-10-04T21:04:55.000Z</time>
        <extensions>
          <ns3:TrackPointExtension>
            <ns3:hr>128</ns3:hr>
            <ns3:cad>92</ns3:cad>
          </ns3:TrackPointExtension>
        </extensions>
      </trkpt>
      <trkpt lat="45.79219914972782135009765625" lon="126.6498903930187225341796875">
        <ele>120.8000030517578125</ele>
        <time>2026-10-04T21:04:56.000Z</time>
        <extensions>
          <ns3:TrackPointExtension>
            <ns3:hr>129</ns3:hr>
            <ns3:cad>93</ns3:cad>
          </ns3:TrackPointExtension>
        </extensions>
      </trkpt>
      <trkpt lat="45.79222463071346282958984375" lon="126.64987807162106037139892578125">
        <ele>120.8000030517578125</ele>
        <time>2026-10-04T21:04:57.000Z</time>
        <extensions>
          <ns3:TrackPointExtension>
            <ns3:hr>130</ns3:hr>
            <ns3:cad>93</ns3:cad>
          </ns3:TrackPointExtension>
        </extensions>
      </trkpt>
      <trkpt lat="45.79225472174584865570068359375" lon="126.64986449293792247772216796875">
        <ele>120.8000030517578125</ele>
        <time>2026-10-04T21:04:58.000Z</time>
        <extensions>
          <ns3:TrackPointExtension>
            <ns3:hr>131</ns3:hr>
            <ns3:cad>93</ns3:cad>
          </ns3:TrackPointExtension>
        </extensions>
      </trkpt>
      <trkpt lat="45.7922814600169658660888671875" lon="126.64984739385545253753662109375">
        <ele>120.8000030517578125</ele>
        <time>2026-10-04T21:04:59.000Z</time>
        <extensions>
          <ns3:TrackPointExtension>
            <ns3:hr>132</ns3:hr>
            <ns3:cad>93</ns3:cad>
          </ns3:TrackPointExtension>
        </extensions>
      </trkpt>
      <trkpt lat="45.79230568371713161468505859375" lon="126.6498322226107120513916015625">
        <ele>120.8000030517578125</ele>
        <time>2026-10-04T21:05:00.000Z</time>
        <extensions>
          <ns3:TrackPointExtension>
            <ns3:hr>133</ns3:hr>
            <ns3:cad>93</ns3:cad>
          </ns3:TrackPointExtension>
        </extensions>
      </trkpt>
      <trkpt lat="45.79233367927372455596923828125" lon="126.64982090704143047332763671875">
        <ele>120.8000030517578125</ele>
        <time>2026-10-04T21:05:01.000Z</time>
        <extensions>
          <ns3:TrackPointExtension>
            <ns3:hr>134</ns3:hr>
            <ns3:cad>93</ns3:cad>
          </ns3:TrackPointExtension>
        </extensions>
      </trkpt>
      <trkpt lat="45.79235496930778026580810546875" lon="126.6498005390167236328125">
        <ele>120.8000030517578125</ele>
        <time>2026-10-04T21:05:02.000Z</time>
        <extensions>
          <ns3:TrackPointExtension>
            <ns3:hr>134</ns3:hr>
            <ns3:cad>93</ns3:cad>
          </ns3:TrackPointExtension>
        </extensions>
      </trkpt>
      <trkpt lat="45.79238430596888065338134765625" lon="126.64979190565645694732666015625">
        <ele>120.8000030517578125</ele>
        <time>2026-10-04T21:05:03.000Z</time>
        <extensions>
          <ns3:TrackPointExtension>
            <ns3:hr>135</ns3:hr>
            <ns3:cad>92</ns3:cad>
          </ns3:TrackPointExtension>
        </extensions>
      </trkpt>
      <trkpt lat="45.79240190796554088592529296875" lon="126.64977078326046466827392578125">
        <ele>121</ele>
        <time>2026-10-04T21:05:04.000Z</time>
        <extensions>
          <ns3:TrackPointExtension>
            <ns3:hr>136</ns3:hr>
            <ns3:cad>92</ns3:cad>
          </ns3:TrackPointExtension>
        </extensions>
      </trkpt>
      <trkpt lat="45.79243090935051441192626953125" lon="126.6497567854821681976318359375">
        <ele>120.8000030517578125</ele>
        <time>2026-10-04T21:05:05.000Z</time>
        <extensions>
          <ns3:TrackPointExtension>
            <ns3:hr>136</ns3:hr>
            <ns3:cad>92</ns3:cad>
          </ns3:TrackPointExtension>
        </extensions>
      </trkpt>
      <trkpt lat="45.7924497686326503753662109375" lon="126.64973977021872997283935546875">
        <ele>121</ele>
        <time>2026-10-04T21:05:06.000Z</time>
        <extensions>
          <ns3:TrackPointExtension>
            <ns3:hr>137</ns3:hr>
            <ns3:cad>92</ns3:cad>
          </ns3:TrackPointExtension>
        </extensions>
      </trkpt>
      <trkpt lat="45.7924814522266387939453125" lon="126.649732477962970733642578125">
        <ele>121</ele>
        <time>2026-10-04T21:05:07.000Z</time>
        <extensions>
          <ns3:TrackPointExtension>
            <ns3:hr>137</ns3:hr>
            <ns3:cad>92</ns3:cad>
          </ns3:TrackPointExtension>
        </extensions>
      </trkpt>
      <trkpt lat="45.79250399954617023468017578125" lon="126.64971831254661083221435546875">
        <ele>121</ele>
        <time>2026-10-04T21:05:08.000Z</time>
        <extensions>
          <ns3:TrackPointExtension>
            <ns3:hr>138</ns3:hr>
            <ns3:cad>92</ns3:cad>
          </ns3:TrackPointExtension>
        </extensions>
      </trkpt>
      <trkpt lat="45.7925309054553508758544921875" lon="126.64970741607248783111572265625">
        <ele>121.1999969482421875</ele>
        <time>2026-10-04T21:05:09.000Z</time>
        <extensions>
          <ns3:TrackPointExtension>
            <ns3:hr>138</ns3:hr>
            <ns3:cad>92</ns3:cad>
          </ns3:TrackPointExtension>
        </extensions>
      </trkpt>
      <trkpt lat="45.79255512915551662445068359375" lon="126.6496932506561279296875">
        <ele>121.1999969482421875</ele>
        <time>2026-10-04T21:05:10.000Z</time>
        <extensions>
          <ns3:TrackPointExtension>
            <ns3:hr>139</ns3:hr>
            <ns3:cad>92</ns3:cad>
          </ns3:TrackPointExtension>
        </extensions>
      </trkpt>
      <trkpt lat="45.79258630983531475067138671875" lon="126.64968059398233890533447265625">
        <ele>121.40000152587890625</ele>
        <time>2026-10-04T21:05:11.000Z</time>
        <extensions>
          <ns3:TrackPointExtension>
            <ns3:hr>139</ns3:hr>
            <ns3:cad>92</ns3:cad>
          </ns3:TrackPointExtension>
        </extensions>
      </trkpt>
      <trkpt lat="45.7926083542406558990478515625" lon="126.6496624052524566650390625">
        <ele>121.40000152587890625</ele>
        <time>2026-10-04T21:05:12.000Z</time>
        <extensions>
          <ns3:TrackPointExtension>
            <ns3:hr>140</ns3:hr>
            <ns3:cad>92</ns3:cad>
          </ns3:TrackPointExtension>
        </extensions>
      </trkpt>
      <trkpt lat="45.7926395349204540252685546875" lon="126.649647653102874755859375">
        <ele>121.40000152587890625</ele>
        <time>2026-10-04T21:05:13.000Z</time>
        <extensions>
          <ns3:TrackPointExtension>
            <ns3:hr>140</ns3:hr>
            <ns3:cad>92</ns3:cad>
          </ns3:TrackPointExtension>
        </extensions>
      </trkpt>
      <trkpt lat="45.79266141168773174285888671875" lon="126.64962678216397762298583984375">
        <ele>121.59999847412109375</ele>
        <time>2026-10-04T21:05:14.000Z</time>
        <extensions>
          <ns3:TrackPointExtension>
            <ns3:hr>140</ns3:hr>
            <ns3:cad>92</ns3:cad>
          </ns3:TrackPointExtension>
        </extensions>
      </trkpt>
      <trkpt lat="45.79268731176853179931640625" lon="126.64960884489119052886962890625">
        <ele>121.59999847412109375</ele>
        <time>2026-10-04T21:05:15.000Z</time>
        <extensions>
          <ns3:TrackPointExtension>
            <ns3:hr>141</ns3:hr>
            <ns3:cad>92</ns3:cad>
          </ns3:TrackPointExtension>
        </extensions>
      </trkpt>
      <trkpt lat="45.79271136783063411712646484375" lon="126.6495911590754985809326171875">
        <ele>121.59999847412109375</ele>
        <time>2026-10-04T21:05:16.000Z</time>
        <extensions>
          <ns3:TrackPointExtension>
            <ns3:hr>141</ns3:hr>
            <ns3:cad>92</ns3:cad>
          </ns3:TrackPointExtension>
        </extensions>
      </trkpt>
      <trkpt lat="45.7927381061017513275146484375" lon="126.64957498200237751007080078125">
        <ele>121.8000030517578125</ele>
        <time>2026-10-04T21:05:17.000Z</time>
        <extensions>
          <ns3:TrackPointExtension>
            <ns3:hr>142</ns3:hr>
            <ns3:cad>92</ns3:cad>
          </ns3:TrackPointExtension>
        </extensions>
      </trkpt>
      <trkpt lat="45.79276149161159992218017578125" lon="126.6495556198060512542724609375">
        <ele>122</ele>
        <time>2026-10-04T21:05:18.000Z</time>
        <extensions>
          <ns3:TrackPointExtension>
            <ns3:hr>142</ns3:hr>
            <ns3:cad>92</ns3:cad>
          </ns3:TrackPointExtension>
        </extensions>
      </trkpt>
      <trkpt lat="45.7927816919982433319091796875" lon="126.64954681880772113800048828125">
        <ele>122</ele>
        <time>2026-10-04T21:05:19.000Z</time>
        <extensions>
          <ns3:TrackPointExtension>
            <ns3:hr>143</ns3:hr>
            <ns3:cad>93</ns3:cad>
          </ns3:TrackPointExtension>
        </extensions>
      </trkpt>
      <trkpt lat="45.792811028659343719482421875" lon="126.64953189902007579803466796875">
        <ele>121.8000030517578125</ele>
        <time>2026-10-04T21:05:20.000Z</time>
        <extensions>
          <ns3:TrackPointExtension>
            <ns3:hr>143</ns3:hr>
            <ns3:cad>92</ns3:cad>
          </ns3:TrackPointExtension>
        </extensions>
      </trkpt>
      <trkpt lat="45.79283642582595348358154296875" lon="126.64952016435563564300537109375">
        <ele>121.8000030517578125</ele>
        <time>2026-10-04T21:05:21.000Z</time>
        <extensions>
          <ns3:TrackPointExtension>
            <ns3:hr>143</ns3:hr>
            <ns3:cad>91</ns3:cad>
          </ns3:TrackPointExtension>
        </extensions>
      </trkpt>
      <trkpt lat="45.792872048914432525634765625" lon="126.6495153866708278656005859375">
        <ele>121.8000030517578125</ele>
        <time>2026-10-04T21:05:22.000Z</time>
        <extensions>
          <ns3:TrackPointExtension>
            <ns3:hr>144</ns3:hr>
            <ns3:cad>91</ns3:cad>
          </ns3:TrackPointExtension>
        </extensions>
      </trkpt>
      <trkpt lat="45.79289241693913936614990234375" lon="126.649500466883182525634765625">
        <ele>121.59999847412109375</ele>
        <time>2026-10-04T21:05:23.000Z</time>
        <extensions>
          <ns3:TrackPointExtension>
            <ns3:hr>144</ns3:hr>
            <ns3:cad>91</ns3:cad>
          </ns3:TrackPointExtension>
        </extensions>
      </trkpt>
      <trkpt lat="45.792923681437969207763671875" lon="126.64948529563844203948974609375">
        <ele>121.59999847412109375</ele>
        <time>2026-10-04T21:05:24.000Z</time>
        <extensions>
          <ns3:TrackPointExtension>
            <ns3:hr>145</ns3:hr>
            <ns3:cad>91</ns3:cad>
          </ns3:TrackPointExtension>
        </extensions>
      </trkpt>
      <trkpt lat="45.7929419539868831634521484375" lon="126.64946819655597209930419921875">
        <ele>121.59999847412109375</ele>
        <time>2026-10-04T21:05:25.000Z</time>
        <extensions>
          <ns3:TrackPointExtension>
            <ns3:hr>145</ns3:hr>
            <ns3:cad>91</ns3:cad>
          </ns3:TrackPointExtension>
        </extensions>
      </trkpt>
      <trkpt lat="45.79296835698187351226806640625" lon="126.649453528225421905517578125">
        <ele>121.59999847412109375</ele>
        <time>2026-10-04T21:05:26.000Z</time>
        <extensions>
          <ns3:TrackPointExtension>
            <ns3:hr>145</ns3:hr>
            <ns3:cad>91</ns3:cad>
          </ns3:TrackPointExtension>
        </extensions>
      </trkpt>
      <trkpt lat="45.7929910719394683837890625" lon="126.649440117180347442626953125">
        <ele>121.59999847412109375</ele>
        <time>2026-10-04T21:05:27.000Z</time>
        <extensions>
          <ns3:TrackPointExtension>
            <ns3:hr>146</ns3:hr>
            <ns3:cad>92</ns3:cad>
          </ns3:TrackPointExtension>
        </extensions>
      </trkpt>
      <trkpt lat="45.79301655292510986328125" lon="126.64942259900271892547607421875">
        <ele>121.8000030517578125</ele>
        <time>2026-10-04T21:05:28.000Z</time>
        <extensions>
          <ns3:TrackPointExtension>
            <ns3:hr>146</ns3:hr>
            <ns3:cad>92</ns3:cad>
          </ns3:TrackPointExtension>
        </extensions>
      </trkpt>
      <trkpt lat="45.79304270446300506591796875" lon="126.649404577910900115966796875">
        <ele>121.8000030517578125</ele>
        <time>2026-10-04T21:05:29.000Z</time>
        <extensions>
          <ns3:TrackPointExtension>
            <ns3:hr>146</ns3:hr>
            <ns3:cad>91</ns3:cad>
          </ns3:TrackPointExtension>
        </extensions>
      </trkpt>
      <trkpt lat="45.79306491650640964508056640625" lon="126.64938840083777904510498046875">
        <ele>121.8000030517578125</ele>
        <time>2026-10-04T21:05:30.000Z</time>
        <extensions>
          <ns3:TrackPointExtension>
            <ns3:hr>147</ns3:hr>
            <ns3:cad>91</ns3:cad>
          </ns3:TrackPointExtension>
        </extensions>
      </trkpt>
      <trkpt lat="45.7930891402065753936767578125" lon="126.64937599562108516693115234375">
        <ele>121.8000030517578125</ele>
        <time>2026-10-04T21:05:31.000Z</time>
        <extensions>
          <ns3:TrackPointExtension>
            <ns3:hr>147</ns3:hr>
            <ns3:cad>89</ns3:cad>
          </ns3:TrackPointExtension>
        </extensions>
      </trkpt>
      <trkpt lat="45.793112777173519134521484375" lon="126.649358309805393218994140625">
        <ele>121.8000030517578125</ele>
        <time>2026-10-04T21:05:32.000Z</time>
        <extensions>
          <ns3:TrackPointExtension>
            <ns3:hr>148</ns3:hr>
            <ns3:cad>88</ns3:cad>
          </ns3:TrackPointExtension>
        </extensions>
      </trkpt>
      <trkpt lat="45.793138928711414337158203125" lon="126.6493432223796844482421875">
        <ele>121.8000030517578125</ele>
        <time>2026-10-04T21:05:33.000Z</time>
        <extensions>
          <ns3:TrackPointExtension>
            <ns3:hr>148</ns3:hr>
            <ns3:cad>88</ns3:cad>
          </ns3:TrackPointExtension>
        </extensions>
      </trkpt>
      <trkpt lat="45.7931645773351192474365234375" lon="126.6493336670100688934326171875">
        <ele>121.8000030517578125</ele>
        <time>2026-10-04T21:05:34.000Z</time>
        <extensions>
          <ns3:TrackPointExtension>
            <ns3:hr>148</ns3:hr>
            <ns3:cad>88</ns3:cad>
          </ns3:TrackPointExtension>
        </extensions>
      </trkpt>
      <trkpt lat="45.7931903935968875885009765625" lon="126.64931866340339183807373046875">
        <ele>121.8000030517578125</ele>
        <time>2026-10-04T21:05:35.000Z</time>
        <extensions>
          <ns3:TrackPointExtension>
            <ns3:hr>149</ns3:hr>
            <ns3:cad>89</ns3:cad>
          </ns3:TrackPointExtension>
        </extensions>
      </trkpt>
      <trkpt lat="45.79321947880089282989501953125" lon="126.649304330348968505859375">
        <ele>121.8000030517578125</ele>
        <time>2026-10-04T21:05:36.000Z</time>
        <extensions>
          <ns3:TrackPointExtension>
            <ns3:hr>149</ns3:hr>
            <ns3:cad>90</ns3:cad>
          </ns3:TrackPointExtension>
        </extensions>
      </trkpt>
      <trkpt lat="45.79323607496917247772216796875" lon="126.6492816992104053497314453125">
        <ele>121.8000030517578125</ele>
        <time>2026-10-04T21:05:37.000Z</time>
        <extensions>
          <ns3:TrackPointExtension>
            <ns3:hr>149</ns3:hr>
            <ns3:cad>90</ns3:cad>
          </ns3:TrackPointExtension>
        </extensions>
      </trkpt>
      <trkpt lat="45.79326398670673370361328125" lon="126.64926820434629917144775390625">
        <ele>121.8000030517578125</ele>
        <time>2026-10-04T21:05:38.000Z</time>
        <extensions>
          <ns3:TrackPointExtension>
            <ns3:hr>149</ns3:hr>
            <ns3:cad>90</ns3:cad>
          </ns3:TrackPointExtension>
        </extensions>
      </trkpt>
      <trkpt lat="45.79328351654112339019775390625" lon="126.64925278164446353912353515625">
        <ele>121.8000030517578125</ele>
        <time>2026-10-04T21:05:39.000Z</time>
        <extensions>
          <ns3:TrackPointExtension>
            <ns3:hr>150</ns3:hr>
            <ns3:cad>92</ns3:cad>
          </ns3:TrackPointExtension>
        </extensions>
      </trkpt>
      <trkpt lat="45.79331486485898494720458984375" lon="126.64924020878970623016357421875">
        <ele>121.8000030517578125</ele>
        <time>2026-10-04T21:05:40.000Z</time>
        <extensions>
          <ns3:TrackPointExtension>
            <ns3:hr>150</ns3:hr>
            <ns3:cad>92</ns3:cad>
          </ns3:TrackPointExtension>
        </extensions>
      </trkpt>
      <trkpt lat="45.793334059417247772216796875" lon="126.64922411553561687469482421875">
        <ele>122</ele>
        <time>2026-10-04T21:05:41.000Z</time>
        <extensions>
          <ns3:TrackPointExtension>
            <ns3:hr>151</ns3:hr>
            <ns3:cad>92</ns3:cad>
          </ns3:TrackPointExtension>
        </extensions>
      </trkpt>
      <trkpt lat="45.79336188733577728271484375" lon="126.64920953102409839630126953125">
        <ele>122</ele>
        <time>2026-10-04T21:05:42.000Z</time>
        <extensions>
          <ns3:TrackPointExtension>
            <ns3:hr>151</ns3:hr>
            <ns3:cad>92</ns3:cad>
          </ns3:TrackPointExtension>
        </extensions>
      </trkpt>
      <trkpt lat="45.7933828420937061309814453125" lon="126.6491958685219287872314453125">
        <ele>122</ele>
        <time>2026-10-04T21:05:43.000Z</time>
        <extensions>
          <ns3:TrackPointExtension>
            <ns3:hr>151</ns3:hr>
            <ns3:cad>92</ns3:cad>
          </ns3:TrackPointExtension>
        </extensions>
      </trkpt>
      <trkpt lat="45.7934066466987133026123046875" lon="126.64918472059071063995361328125">
        <ele>122.1999969482421875</ele>
        <time>2026-10-04T21:05:44.000Z</time>
        <extensions>
          <ns3:TrackPointExtension>
            <ns3:hr>151</ns3:hr>
            <ns3:cad>92</ns3:cad>
          </ns3:TrackPointExtension>
        </extensions>
      </trkpt>
      <trkpt lat="45.79342885874211788177490234375" lon="126.64917767979204654693603515625">
        <ele>122.1999969482421875</ele>
        <time>2026-10-04T21:05:45.000Z</time>
        <extensions>
          <ns3:TrackPointExtension>
            <ns3:hr>152</ns3:hr>
            <ns3:cad>92</ns3:cad>
          </ns3:TrackPointExtension>
        </extensions>
      </trkpt>
      <trkpt lat="45.7934552617371082305908203125" lon="126.64917315356433391571044921875">
        <ele>122.1999969482421875</ele>
        <time>2026-10-04T21:05:46.000Z</time>
        <extensions>
          <ns3:TrackPointExtension>
            <ns3:hr>152</ns3:hr>
            <ns3:cad>92</ns3:cad>
          </ns3:TrackPointExtension>
        </extensions>
      </trkpt>
      <trkpt lat="45.79347646795213222503662109375" lon="126.64917684160172939300537109375">
        <ele>122.1999969482421875</ele>
        <time>2026-10-04T21:05:47.000Z</time>
        <extensions>
          <ns3:TrackPointExtension>
            <ns3:hr>153</ns3:hr>
            <ns3:cad>92</ns3:cad>
          </ns3:TrackPointExtension>
        </extensions>
      </trkpt>
      <trkpt lat="45.7934954948723316192626953125" lon="126.6491720639169216156005859375">
        <ele>122.40000152587890625</ele>
        <time>2026-10-04T21:05:48.000Z</time>
        <extensions>
          <ns3:TrackPointExtension>
            <ns3:hr>153</ns3:hr>
            <ns3:cad>92</ns3:cad>
          </ns3:TrackPointExtension>
        </extensions>
      </trkpt>
      <trkpt lat="45.79351745545864105224609375" lon="126.64916259236633777618408203125">
        <ele>122.40000152587890625</ele>
        <time>2026-10-04T21:05:49.000Z</time>
        <extensions>
          <ns3:TrackPointExtension>
            <ns3:hr>153</ns3:hr>
            <ns3:cad>92</ns3:cad>
          </ns3:TrackPointExtension>
        </extensions>
      </trkpt>
      <trkpt lat="45.7935407571494579315185546875" lon="126.64914901368319988250732421875">
        <ele>122.40000152587890625</ele>
        <time>2026-10-04T21:05:50.000Z</time>
        <extensions>
          <ns3:TrackPointExtension>
            <ns3:hr>153</ns3:hr>
            <ns3:cad>92</ns3:cad>
          </ns3:TrackPointExtension>
        </extensions>
      </trkpt>
      <trkpt lat="45.79356967471539974212646484375" lon="126.6491368599236011505126953125">
        <ele>122.40000152587890625</ele>
        <time>2026-10-04T21:05:51.000Z</time>
        <extensions>
          <ns3:TrackPointExtension>
            <ns3:hr>153</ns3:hr>
            <ns3:cad>92</ns3:cad>
          </ns3:TrackPointExtension>
        </extensions>
      </trkpt>
      <trkpt lat="45.7935999333858489990234375" lon="126.64913023822009563446044921875">
        <ele>122.40000152587890625</ele>
        <time>2026-10-04T21:05:52.000Z</time>
        <extensions>
          <ns3:TrackPointExtension>
            <ns3:hr>154</ns3:hr>
            <ns3:cad>92</ns3:cad>
          </ns3:TrackPointExtension>
        </extensions>
      </trkpt>
      <trkpt lat="45.7936272583901882171630859375" lon="126.64912126958370208740234375">
        <ele>122.40000152587890625</ele>
        <time>2026-10-04T21:05:53.000Z</time>
        <extensions>
          <ns3:TrackPointExtension>
            <ns3:hr>154</ns3:hr>
            <ns3:cad>91</ns3:cad>
          </ns3:TrackPointExtension>
        </extensions>
      </trkpt>
      <trkpt lat="45.79366154037415981292724609375" lon="126.64910878054797649383544921875">
        <ele>122.59999847412109375</ele>
        <time>2026-10-04T21:05:54.000Z</time>
        <extensions>
          <ns3:TrackPointExtension>
            <ns3:hr>154</ns3:hr>
            <ns3:cad>91</ns3:cad>
          </ns3:TrackPointExtension>
        </extensions>
      </trkpt>
      <trkpt lat="45.793690793216228485107421875" lon="126.6490912623703479766845703125">
        <ele>122.59999847412109375</ele>
        <time>2026-10-04T21:05:55.000Z</time>
        <extensions>
          <ns3:TrackPointExtension>
            <ns3:hr>154</ns3:hr>
            <ns3:cad>92</ns3:cad>
          </ns3:TrackPointExtension>
        </extensions>
      </trkpt>
      <trkpt lat="45.79372105188667774200439453125" lon="126.64907793514430522918701171875">
        <ele>122.59999847412109375</ele>
        <time>2026-10-04T21:05:56.000Z</time>
        <extensions>
          <ns3:TrackPointExtension>
            <ns3:hr>154</ns3:hr>
            <ns3:cad>91</ns3:cad>
          </ns3:TrackPointExtension>
        </extensions>
      </trkpt>
      <trkpt lat="45.79374301247298717498779296875" lon="126.6490651108324527740478515625">
        <ele>122.59999847412109375</ele>
        <time>2026-10-04T21:05:57.000Z</time>
        <extensions>
          <ns3:TrackPointExtension>
            <ns3:hr>154</ns3:hr>
            <ns3:cad>91</ns3:cad>
          </ns3:TrackPointExtension>
        </extensions>
      </trkpt>
      <trkpt lat="45.7937689125537872314453125" lon="126.64904893375933170318603515625">
        <ele>122.59999847412109375</ele>
        <time>2026-10-04T21:05:58.000Z</time>
        <extensions>
          <ns3:TrackPointExtension>
            <ns3:hr>155</ns3:hr>
            <ns3:cad>91</ns3:cad>
          </ns3:TrackPointExtension>
        </extensions>
      </trkpt>
      <trkpt lat="45.7937895320355892181396484375" lon="126.64902471005916595458984375">
        <ele>122.59999847412109375</ele>
        <time>2026-10-04T21:05:59.000Z</time>
        <extensions>
          <ns3:TrackPointExtension>
            <ns3:hr>155</ns3:hr>
            <ns3:cad>89</ns3:cad>
          </ns3:TrackPointExtension>
        </extensions>
      </trkpt>
      <trkpt lat="45.7938163541257381439208984375" lon="126.64900165982544422149658203125">
        <ele>122.59999847412109375</ele>
        <time>2026-10-04T21:06:00.000Z</time>
        <extensions>
          <ns3:TrackPointExtension>
            <ns3:hr>155</ns3:hr>
            <ns3:cad>88</ns3:cad>
          </ns3:TrackPointExtension>
        </extensions>
      </trkpt>
      <trkpt lat="45.793840996921062469482421875" lon="126.64897718466818332672119140625">
        <ele>122.59999847412109375</ele>
        <time>2026-10-04T21:06:01.000Z</time>
        <extensions>
          <ns3:TrackPointExtension>
            <ns3:hr>155</ns3:hr>
            <ns3:cad>88</ns3:cad>
          </ns3:TrackPointExtension>
        </extensions>
      </trkpt>
      <trkpt lat="45.79386689700186252593994140625" lon="126.64896494708955287933349609375">
        <ele>122.59999847412109375</ele>
        <time>2026-10-04T21:06:02.000Z</time>
        <extensions>
          <ns3:TrackPointExtension>
            <ns3:hr>155</ns3:hr>
            <ns3:cad>88</ns3:cad>
          </ns3:TrackPointExtension>
        </extensions>
      </trkpt>
      <trkpt lat="45.7938901148736476898193359375" lon="126.648949943482875823974609375">
        <ele>122.8000030517578125</ele>
        <time>2026-10-04T21:06:03.000Z</time>
        <extensions>
          <ns3:TrackPointExtension>
            <ns3:hr>156</ns3:hr>
            <ns3:cad>90</ns3:cad>
          </ns3:TrackPointExtension>
        </extensions>
      </trkpt>
      <trkpt lat="45.79391014762222766876220703125" lon="126.6489346884191036224365234375">
        <ele>122.8000030517578125</ele>
        <time>2026-10-04T21:06:04.000Z</time>
        <extensions>
          <ns3:TrackPointExtension>
            <ns3:hr>156</ns3:hr>
            <ns3:cad>91</ns3:cad>
          </ns3:TrackPointExtension>
        </extensions>
      </trkpt>
      <trkpt lat="45.79393764026463031768798828125" lon="126.6489263065159320831298828125">
        <ele>122.8000030517578125</ele>
        <time>2026-10-04T21:06:05.000Z</time>
        <extensions>
          <ns3:TrackPointExtension>
            <ns3:hr>156</ns3:hr>
            <ns3:cad>91</ns3:cad>
          </ns3:TrackPointExtension>
        </extensions>
      </trkpt>
      <trkpt lat="45.79395893029868602752685546875" lon="126.64891541004180908203125">
        <ele>122.8000030517578125</ele>
        <time>2026-10-04T21:06:06.000Z</time>
        <extensions>
          <ns3:TrackPointExtension>
            <ns3:hr>156</ns3:hr>
            <ns3:cad>91</ns3:cad>
          </ns3:TrackPointExtension>
        </extensions>
      </trkpt>
      <trkpt lat="45.79398206435143947601318359375" lon="126.64890610612928867340087890625">
        <ele>122.8000030517578125</ele>
        <time>2026-10-04T21:06:07.000Z</time>
        <extensions>
          <ns3:TrackPointExtension>
            <ns3:hr>156</ns3:hr>
            <ns3:cad>91</ns3:cad>
          </ns3:TrackPointExtension>
        </extensions>
      </trkpt>
      <trkpt lat="45.79400301910936832427978515625" lon="126.6488952934741973876953125">
        <ele>122.8000030517578125</ele>
        <time>2026-10-04T21:06:08.000Z</time>
        <extensions>
          <ns3:TrackPointExtension>
            <ns3:hr>156</ns3:hr>
            <ns3:cad>91</ns3:cad>
          </ns3:TrackPointExtension>
        </extensions>
      </trkpt>
      <trkpt lat="45.79402497969567775726318359375" lon="126.6488850675523281097412109375">
        <ele>122.8000030517578125</ele>
        <time>2026-10-04T21:06:09.000Z</time>
        <extensions>
          <ns3:TrackPointExtension>
            <ns3:hr>156</ns3:hr>
            <ns3:cad>91</ns3:cad>
          </ns3:TrackPointExtension>
        </extensions>
      </trkpt>
      <trkpt lat="45.7940487004816532135009765625" lon="126.64887324906885623931884765625">
        <ele>122.59999847412109375</ele>
        <time>2026-10-04T21:06:10.000Z</time>
        <extensions>
          <ns3:TrackPointExtension>
            <ns3:hr>155</ns3:hr>
            <ns3:cad>91</ns3:cad>
          </ns3:TrackPointExtension>
        </extensions>
      </trkpt>
      <trkpt lat="45.79407669603824615478515625" lon="126.64884676225483417510986328125">
        <ele>122.59999847412109375</ele>
        <time>2026-10-04T21:06:11.000Z</time>
        <extensions>
          <ns3:TrackPointExtension>
            <ns3:hr>156</ns3:hr>
            <ns3:cad>91</ns3:cad>
          </ns3:TrackPointExtension>
        </extensions>
      </trkpt>
      <trkpt lat="45.7941026799380779266357421875" lon="126.64882983081042766571044921875">
        <ele>122.40000152587890625</ele>
        <time>2026-10-04T21:06:12.000Z</time>
        <extensions>
          <ns3:TrackPointExtension>
            <ns3:hr>156</ns3:hr>
            <ns3:cad>91</ns3:cad>
          </ns3:TrackPointExtension>
        </extensions>
      </trkpt>
      <trkpt lat="45.79413696192204952239990234375" lon="126.6488052718341350555419921875">
        <ele>122.40000152587890625</ele>
        <time>2026-10-04T21:06:13.000Z</time>
        <extensions>
          <ns3:TrackPointExtension>
            <ns3:hr>156</ns3:hr>
            <ns3:cad>91</ns3:cad>
          </ns3:TrackPointExtension>
        </extensions>
      </trkpt>
      <trkpt lat="45.7941603474318981170654296875" lon="126.64878205396234989166259765625">
        <ele>122.40000152587890625</ele>
        <time>2026-10-04T21:06:14.000Z</time>
        <extensions>
          <ns3:TrackPointExtension>
            <ns3:hr>157</ns3:hr>
            <ns3:cad>92</ns3:cad>
          </ns3:TrackPointExtension>
        </extensions>
      </trkpt>
      <trkpt lat="45.7941901870071887969970703125" lon="126.6487638652324676513671875">
        <ele>122.59999847412109375</ele>
        <time>2026-10-04T21:06:15.000Z</time>
        <extensions>
          <ns3:TrackPointExtension>
            <ns3:hr>156</ns3:hr>
            <ns3:cad>92</ns3:cad>
          </ns3:TrackPointExtension>
        </extensions>
      </trkpt>
      <trkpt lat="45.79421139322221279144287109375" lon="126.64874500595033168792724609375">
        <ele>122.59999847412109375</ele>
        <time>2026-10-04T21:06:16.000Z</time>
        <extensions>
          <ns3:TrackPointExtension>
            <ns3:hr>157</ns3:hr>
            <ns3:cad>92</ns3:cad>
          </ns3:TrackPointExtension>
        </extensions>
      </trkpt>
      <trkpt lat="45.7942382991313934326171875" lon="126.64872564375400543212890625">
        <ele>122.59999847412109375</ele>
        <time>2026-10-04T21:06:17.000Z</time>
        <extensions>
          <ns3:TrackPointExtension>
            <ns3:hr>157</ns3:hr>
            <ns3:cad>92</ns3:cad>
          </ns3:TrackPointExtension>
        </extensions>
      </trkpt>
      <trkpt lat="45.79426285810768604278564453125" lon="126.64870846085250377655029296875">
        <ele>122.40000152587890625</ele>
        <time>2026-10-04T21:06:18.000Z</time>
        <extensions>
          <ns3:TrackPointExtension>
            <ns3:hr>157</ns3:hr>
            <ns3:cad>93</ns3:cad>
          </ns3:TrackPointExtension>
        </extensions>
      </trkpt>
      <trkpt lat="45.794291608035564422607421875" lon="126.6486882604658603668212890625">
        <ele>122.40000152587890625</ele>
        <time>2026-10-04T21:06:19.000Z</time>
        <extensions>
          <ns3:TrackPointExtension>
            <ns3:hr>157</ns3:hr>
            <ns3:cad>91</ns3:cad>
          </ns3:TrackPointExtension>
        </extensions>
      </trkpt>
      <trkpt lat="45.79431331716477870941162109375" lon="126.648663617670536041259765625">
        <ele>122.40000152587890625</ele>
        <time>2026-10-04T21:06:20.000Z</time>
        <extensions>
          <ns3:TrackPointExtension>
            <ns3:hr>157</ns3:hr>
            <ns3:cad>91</ns3:cad>
          </ns3:TrackPointExtension>
        </extensions>
      </trkpt>
      <trkpt lat="45.79434198327362537384033203125" lon="126.648642159998416900634765625">
        <ele>122.40000152587890625</ele>
        <time>2026-10-04T21:06:21.000Z</time>
        <extensions>
          <ns3:TrackPointExtension>
            <ns3:hr>157</ns3:hr>
            <ns3:cad>91</ns3:cad>
          </ns3:TrackPointExtension>
        </extensions>
      </trkpt>
      <trkpt lat="45.7943668775260448455810546875" lon="126.648623049259185791015625">
        <ele>122.40000152587890625</ele>
        <time>2026-10-04T21:06:22.000Z</time>
        <extensions>
          <ns3:TrackPointExtension>
            <ns3:hr>157</ns3:hr>
            <ns3:cad>92</ns3:cad>
          </ns3:TrackPointExtension>
        </extensions>
      </trkpt>
      <trkpt lat="45.79439319670200347900390625" lon="126.648607961833477020263671875">
        <ele>122.59999847412109375</ele>
        <time>2026-10-04T21:06:23.000Z</time>
        <extensions>
          <ns3:TrackPointExtension>
            <ns3:hr>157</ns3:hr>
            <ns3:cad>92</ns3:cad>
          </ns3:TrackPointExtension>
        </extensions>
      </trkpt>
      <trkpt lat="45.7944168336689472198486328125" lon="126.6485863365232944488525390625">
        <ele>122.59999847412109375</ele>
        <time>2026-10-04T21:06:24.000Z</time>
        <extensions>
          <ns3:TrackPointExtension>
            <ns3:hr>157</ns3:hr>
            <ns3:cad>92</ns3:cad>
          </ns3:TrackPointExtension>
        </extensions>
      </trkpt>
      <trkpt lat="45.794442482292652130126953125" lon="126.64857208728790283203125">
        <ele>122.8000030517578125</ele>
        <time>2026-10-04T21:06:25.000Z</time>
        <extensions>
          <ns3:TrackPointExtension>
            <ns3:hr>157</ns3:hr>
            <ns3:cad>92</ns3:cad>
          </ns3:TrackPointExtension>
        </extensions>
      </trkpt>
      <trkpt lat="45.794464610517024993896484375" lon="126.64855205453932285308837890625">
        <ele>122.8000030517578125</ele>
        <time>2026-10-04T21:06:26.000Z</time>
        <extensions>
          <ns3:TrackPointExtension>
            <ns3:hr>158</ns3:hr>
            <ns3:cad>89</ns3:cad>
          </ns3:TrackPointExtension>
        </extensions>
      </trkpt>
      <trkpt lat="45.79449067823588848114013671875" lon="126.648540236055850982666015625">
        <ele>123</ele>
        <time>2026-10-04T21:06:27.000Z</time>
        <extensions>
          <ns3:TrackPointExtension>
            <ns3:hr>157</ns3:hr>
            <ns3:cad>89</ns3:cad>
          </ns3:TrackPointExtension>
        </extensions>
      </trkpt>
      <trkpt lat="45.79451163299381732940673828125" lon="126.6485206224024295806884765625">
        <ele>123.1999969482421875</ele>
        <time>2026-10-04T21:06:28.000Z</time>
        <extensions>
          <ns3:TrackPointExtension>
            <ns3:hr>158</ns3:hr>
            <ns3:cad>89</ns3:cad>
          </ns3:TrackPointExtension>
        </extensions>
      </trkpt>
      <trkpt lat="45.794539041817188262939453125" lon="126.64851048029959201812744140625">
        <ele>123.40000152587890625</ele>
        <time>2026-10-04T21:06:29.000Z</time>
        <extensions>
          <ns3:TrackPointExtension>
            <ns3:hr>158</ns3:hr>
            <ns3:cad>89</ns3:cad>
          </ns3:TrackPointExtension>
        </extensions>
      </trkpt>
      <trkpt lat="45.794560499489307403564453125" lon="126.64849455468356609344482421875">
        <ele>123.59999847412109375</ele>
        <time>2026-10-04T21:06:30.000Z</time>
        <extensions>
          <ns3:TrackPointExtension>
            <ns3:hr>158</ns3:hr>
            <ns3:cad>89</ns3:cad>
          </ns3:TrackPointExtension>
        </extensions>
      </trkpt>
      <trkpt lat="45.79458606429398059844970703125" lon="126.64848466403782367706298828125">
        <ele>123.8000030517578125</ele>
        <time>2026-10-04T21:06:31.000Z</time>
        <extensions>
          <ns3:TrackPointExtension>
            <ns3:hr>157</ns3:hr>
            <ns3:cad>89</ns3:cad>
          </ns3:TrackPointExtension>
        </extensions>
      </trkpt>
      <trkpt lat="45.79460266046226024627685546875" lon="126.64846186526119709014892578125">
        <ele>123.8000030517578125</ele>
        <time>2026-10-04T21:06:32.000Z</time>
        <extensions>
          <ns3:TrackPointExtension>
            <ns3:hr>158</ns3:hr>
            <ns3:cad>89</ns3:cad>
          </ns3:TrackPointExtension>
        </extensions>
      </trkpt>
      <trkpt lat="45.79462923109531402587890625" lon="126.64844744838774204254150390625">
        <ele>124</ele>
        <time>2026-10-04T21:06:33.000Z</time>
        <extensions>
          <ns3:TrackPointExtension>
            <ns3:hr>158</ns3:hr>
            <ns3:cad>89</ns3:cad>
          </ns3:TrackPointExtension>
        </extensions>
      </trkpt>
      <trkpt lat="45.794644989073276519775390625" lon="126.64843194186687469482421875">
        <ele>124.1999969482421875</ele>
        <time>2026-10-04T21:06:34.000Z</time>
        <extensions>
          <ns3:TrackPointExtension>
            <ns3:hr>157</ns3:hr>
            <ns3:cad>89</ns3:cad>
          </ns3:TrackPointExtension>
        </extensions>
      </trkpt>
      <trkpt lat="45.79467273317277431488037109375" lon="126.64842196740210056304931640625">
        <ele>124.1999969482421875</ele>
        <time>2026-10-04T21:06:35.000Z</time>
        <extensions>
          <ns3:TrackPointExtension>
            <ns3:hr>158</ns3:hr>
            <ns3:cad>88</ns3:cad>
          </ns3:TrackPointExtension>
        </extensions>
      </trkpt>
      <trkpt lat="45.79469251446425914764404296875" lon="126.64841392077505588531494140625">
        <ele>124.40000152587890625</ele>
        <time>2026-10-04T21:06:36.000Z</time>
        <extensions>
          <ns3:TrackPointExtension>
            <ns3:hr>158</ns3:hr>
            <ns3:cad>88</ns3:cad>
          </ns3:TrackPointExtension>
        </extensions>
      </trkpt>
      <trkpt lat="45.79471648670732975006103515625" lon="126.6484089754521846771240234375">
        <ele>124.59999847412109375</ele>
        <time>2026-10-04T21:06:37.000Z</time>
        <extensions>
          <ns3:TrackPointExtension>
            <ns3:hr>158</ns3:hr>
            <ns3:cad>88</ns3:cad>
          </ns3:TrackPointExtension>
        </extensions>
      </trkpt>
      <trkpt lat="45.79473249614238739013671875" lon="126.64839849807322025299072265625">
        <ele>124.8000030517578125</ele>
        <time>2026-10-04T21:06:38.000Z</time>
        <extensions>
          <ns3:TrackPointExtension>
            <ns3:hr>158</ns3:hr>
            <ns3:cad>88</ns3:cad>
          </ns3:TrackPointExtension>
        </extensions>
      </trkpt>
      <trkpt lat="45.79475856386125087738037109375" lon="126.648391373455524444580078125">
        <ele>124.8000030517578125</ele>
        <time>2026-10-04T21:06:39.000Z</time>
        <extensions>
          <ns3:TrackPointExtension>
            <ns3:hr>158</ns3:hr>
            <ns3:cad>88</ns3:cad>
          </ns3:TrackPointExtension>
        </extensions>
      </trkpt>
      <trkpt lat="45.7947775907814502716064453125" lon="126.6483784653246402740478515625">
        <ele>125</ele>
        <time>2026-10-04T21:06:40.000Z</time>
        <extensions>
          <ns3:TrackPointExtension>
            <ns3:hr>158</ns3:hr>
            <ns3:cad>88</ns3:cad>
          </ns3:TrackPointExtension>
        </extensions>
      </trkpt>
      <trkpt lat="45.7948044128715991973876953125" lon="126.64836756885051727294921875">
        <ele>125</ele>
        <time>2026-10-04T21:06:41.000Z</time>
        <extensions>
          <ns3:TrackPointExtension>
            <ns3:hr>159</ns3:hr>
            <ns3:cad>88</ns3:cad>
          </ns3:TrackPointExtension>
        </extensions>
      </trkpt>
      <trkpt lat="45.79482863657176494598388671875" lon="126.64835792966187000274658203125">
        <ele>125.1999969482421875</ele>
        <time>2026-10-04T21:06:42.000Z</time>
        <extensions>
          <ns3:TrackPointExtension>
            <ns3:hr>159</ns3:hr>
            <ns3:cad>88</ns3:cad>
          </ns3:TrackPointExtension>
        </extensions>
      </trkpt>
      <trkpt lat="45.7948469929397106170654296875" lon="126.6483392380177974700927734375">
        <ele>125.1999969482421875</ele>
        <time>2026-10-04T21:06:43.000Z</time>
        <extensions>
          <ns3:TrackPointExtension>
            <ns3:hr>159</ns3:hr>
            <ns3:cad>88</ns3:cad>
          </ns3:TrackPointExtension>
        </extensions>
      </trkpt>
      <trkpt lat="45.794874317944049835205078125" lon="126.64832624606788158416748046875">
        <ele>125.40000152587890625</ele>
        <time>2026-10-04T21:06:44.000Z</time>
        <extensions>
          <ns3:TrackPointExtension>
            <ns3:hr>159</ns3:hr>
            <ns3:cad>87</ns3:cad>
          </ns3:TrackPointExtension>
        </extensions>
      </trkpt>
      <trkpt lat="45.79489074647426605224609375" lon="126.64830646477639675140380859375">
        <ele>125.40000152587890625</ele>
        <time>2026-10-04T21:06:45.000Z</time>
        <extensions>
          <ns3:TrackPointExtension>
            <ns3:hr>160</ns3:hr>
            <ns3:cad>87</ns3:cad>
          </ns3:TrackPointExtension>
        </extensions>
      </trkpt>
      <trkpt lat="45.79491966404020786285400390625" lon="126.648293472826480865478515625">
        <ele>125.40000152587890625</ele>
        <time>2026-10-04T21:06:46.000Z</time>
        <extensions>
          <ns3:TrackPointExtension>
            <ns3:hr>160</ns3:hr>
            <ns3:cad>87</ns3:cad>
          </ns3:TrackPointExtension>
        </extensions>
      </trkpt>
      <trkpt lat="45.7949361763894557952880859375" lon="126.6482711769640445709228515625">
        <ele>125.40000152587890625</ele>
        <time>2026-10-04T21:06:47.000Z</time>
        <extensions>
          <ns3:TrackPointExtension>
            <ns3:hr>161</ns3:hr>
            <ns3:cad>87</ns3:cad>
          </ns3:TrackPointExtension>
        </extensions>
      </trkpt>
      <trkpt lat="45.7949636690318584442138671875" lon="126.64825600571930408477783203125">
        <ele>125.40000152587890625</ele>
        <time>2026-10-04T21:06:48.000Z</time>
        <extensions>
          <ns3:TrackPointExtension>
            <ns3:hr>161</ns3:hr>
            <ns3:cad>87</ns3:cad>
          </ns3:TrackPointExtension>
        </extensions>
      </trkpt>
      <trkpt lat="45.794980935752391815185546875" lon="126.64823538623750209808349609375">
        <ele>125.40000152587890625</ele>
        <time>2026-10-04T21:06:49.000Z</time>
        <extensions>
          <ns3:TrackPointExtension>
            <ns3:hr>161</ns3:hr>
            <ns3:cad>87</ns3:cad>
          </ns3:TrackPointExtension>
        </extensions>
      </trkpt>
      <trkpt lat="45.79501152969896793365478515625" lon="126.64822666905820369720458984375">
        <ele>125.40000152587890625</ele>
        <time>2026-10-04T21:06:50.000Z</time>
        <extensions>
          <ns3:TrackPointExtension>
            <ns3:hr>161</ns3:hr>
            <ns3:cad>87</ns3:cad>
          </ns3:TrackPointExtension>
        </extensions>
      </trkpt>
      <trkpt lat="45.7950375974178314208984375" lon="126.648223064839839935302734375">
        <ele>125.40000152587890625</ele>
        <time>2026-10-04T21:06:51.000Z</time>
        <extensions>
          <ns3:TrackPointExtension>
            <ns3:hr>162</ns3:hr>
            <ns3:cad>87</ns3:cad>
          </ns3:TrackPointExtension>
        </extensions>
      </trkpt>
      <trkpt lat="45.79505612142384052276611328125" lon="126.64824594743549823760986328125">
        <ele>125.40000152587890625</ele>
        <time>2026-10-04T21:06:52.000Z</time>
        <extensions>
          <ns3:TrackPointExtension>
            <ns3:hr>162</ns3:hr>
            <ns3:cad>88</ns3:cad>
          </ns3:TrackPointExtension>
        </extensions>
      </trkpt>
      <trkpt lat="45.79507221467792987823486328125" lon="126.64828282780945301055908203125">
        <ele>125.59999847412109375</ele>
        <time>2026-10-04T21:06:53.000Z</time>
        <extensions>
          <ns3:TrackPointExtension>
            <ns3:hr>162</ns3:hr>
            <ns3:cad>88</ns3:cad>
          </ns3:TrackPointExtension>
        </extensions>
      </trkpt>
      <trkpt lat="45.79509249888360500335693359375" lon="126.64832674898207187652587890625">
        <ele>125.40000152587890625</ele>
        <time>2026-10-04T21:06:54.000Z</time>
        <extensions>
          <ns3:TrackPointExtension>
            <ns3:hr>162</ns3:hr>
            <ns3:cad>88</ns3:cad>
          </ns3:TrackPointExtension>
        </extensions>
      </trkpt>
      <trkpt lat="45.7951054908335208892822265625" lon="126.648367233574390411376953125">
        <ele>125.40000152587890625</ele>
        <time>2026-10-04T21:06:55.000Z</time>
        <extensions>
          <ns3:TrackPointExtension>
            <ns3:hr>162</ns3:hr>
            <ns3:cad>88</ns3:cad>
          </ns3:TrackPointExtension>
        </extensions>
      </trkpt>
      <trkpt lat="45.79511194489896297454833984375" lon="126.64840704761445522308349609375">
        <ele>125.59999847412109375</ele>
        <time>2026-10-04T21:06:56.000Z</time>
        <extensions>
          <ns3:TrackPointExtension>
            <ns3:hr>163</ns3:hr>
            <ns3:cad>87</ns3:cad>
          </ns3:TrackPointExtension>
        </extensions>
      </trkpt>
      <trkpt lat="45.7951185666024684906005859375" lon="126.648443005979061126708984375">
        <ele>125.59999847412109375</ele>
        <time>2026-10-04T21:06:57.000Z</time>
        <extensions>
          <ns3:TrackPointExtension>
            <ns3:hr>163</ns3:hr>
            <ns3:cad>87</ns3:cad>
          </ns3:TrackPointExtension>
        </extensions>
      </trkpt>
      <trkpt lat="45.7951247692108154296875" lon="126.64847477339208126068115234375">
        <ele>125.59999847412109375</ele>
        <time>2026-10-04T21:06:58.000Z</time>
        <extensions>
          <ns3:TrackPointExtension>
            <ns3:hr>163</ns3:hr>
            <ns3:cad>87</ns3:cad>
          </ns3:TrackPointExtension>
        </extensions>
      </trkpt>
      <trkpt lat="45.79512954689562320709228515625" lon="126.64850411005318164825439453125">
        <ele>125.8000030517578125</ele>
        <time>2026-10-04T21:06:59.000Z</time>
        <extensions>
          <ns3:TrackPointExtension>
            <ns3:hr>162</ns3:hr>
            <ns3:cad>88</ns3:cad>
          </ns3:TrackPointExtension>
        </extensions>
      </trkpt>
      <trkpt lat="45.79512988217175006866455078125" lon="126.648522801697254180908203125">
        <ele>125.8000030517578125</ele>
        <time>2026-10-04T21:07:00.000Z</time>
        <extensions>
          <ns3:TrackPointExtension>
            <ns3:hr>163</ns3:hr>
            <ns3:cad>88</ns3:cad>
          </ns3:TrackPointExtension>
        </extensions>
      </trkpt>
      <trkpt lat="45.79512317664921283721923828125" lon="126.64849405176937580108642578125">
        <ele>124.40000152587890625</ele>
        <time>2026-10-04T21:07:54.000Z</time>
        <extensions>
          <ns3:TrackPointExtension>
            <ns3:hr>114</ns3:hr>
            <ns3:cad>47</ns3:cad>
          </ns3:TrackPointExtension>
        </extensions>
      </trkpt>
      <trkpt lat="45.79513088800013065338134765625" lon="126.6485130786895751953125">
        <ele>124.40000152587890625</ele>
        <time>2026-10-04T21:07:55.000Z</time>
        <extensions>
          <ns3:TrackPointExtension>
            <ns3:hr>114</ns3:hr>
            <ns3:cad>47</ns3:cad>
          </ns3:TrackPointExtension>
        </extensions>
      </trkpt>
      <trkpt lat="45.79513776116073131561279296875" lon="126.64854601956903934478759765625">
        <ele>124.40000152587890625</ele>
        <time>2026-10-04T21:07:56.000Z</time>
        <extensions>
          <ns3:TrackPointExtension>
            <ns3:hr>113</ns3:hr>
            <ns3:cad>47</ns3:cad>
          </ns3:TrackPointExtension>
        </extensions>
      </trkpt>
      <trkpt lat="45.79514547251164913177490234375" lon="126.6485699079930782318115234375">
        <ele>124.40000152587890625</ele>
        <time>2026-10-04T21:07:57.000Z</time>
        <extensions>
          <ns3:TrackPointExtension>
            <ns3:hr>113</ns3:hr>
            <ns3:cad>47</ns3:cad>
          </ns3:TrackPointExtension>
        </extensions>
      </trkpt>
      <trkpt lat="45.79515435732901096343994140625" lon="126.64860402233898639678955078125">
        <ele>124.1999969482421875</ele>
        <time>2026-10-04T21:07:58.000Z</time>
        <extensions>
          <ns3:TrackPointExtension>
            <ns3:hr>112</ns3:hr>
            <ns3:cad>47</ns3:cad>
          </ns3:TrackPointExtension>
        </extensions>
      </trkpt>
      <trkpt lat="45.79516391269862651824951171875" lon="126.6486326046288013458251953125">
        <ele>124.1999969482421875</ele>
        <time>2026-10-04T21:07:59.000Z</time>
        <extensions>
          <ns3:TrackPointExtension>
            <ns3:hr>112</ns3:hr>
            <ns3:cad>91</ns3:cad>
          </ns3:TrackPointExtension>
        </extensions>
      </trkpt>
      <trkpt lat="45.79516760073602199554443359375" lon="126.6486701555550098419189453125">
        <ele>124.1999969482421875</ele>
        <time>2026-10-04T21:08:00.000Z</time>
        <extensions>
          <ns3:TrackPointExtension>
            <ns3:hr>112</ns3:hr>
            <ns3:cad>91</ns3:cad>
          </ns3:TrackPointExtension>
        </extensions>
      </trkpt>
      <trkpt lat="45.79517799429595470428466796875" lon="126.64870041422545909881591796875">
        <ele>124.40000152587890625</ele>
        <time>2026-10-04T21:08:01.000Z</time>
        <extensions>
          <ns3:TrackPointExtension>
            <ns3:hr>111</ns3:hr>
            <ns3:cad>91</ns3:cad>
          </ns3:TrackPointExtension>
        </extensions>
      </trkpt>
      <trkpt lat="45.795184113085269927978515625" lon="126.6487331874668598175048828125">
        <ele>124.40000152587890625</ele>
        <time>2026-10-04T21:08:02.000Z</time>
        <extensions>
          <ns3:TrackPointExtension>
            <ns3:hr>109</ns3:hr>
            <ns3:cad>91</ns3:cad>
          </ns3:TrackPointExtension>
        </extensions>
      </trkpt>
      <trkpt lat="45.79519308172166347503662109375" lon="126.64876596070826053619384765625">
        <ele>124.40000152587890625</ele>
        <time>2026-10-04T21:08:03.000Z</time>
        <extensions>
          <ns3:TrackPointExtension>
            <ns3:hr>109</ns3:hr>
            <ns3:cad>91</ns3:cad>
          </ns3:TrackPointExtension>
        </extensions>
      </trkpt>
      <trkpt lat="45.79520263709127902984619140625" lon="126.64879630319774150848388671875">
        <ele>124.40000152587890625</ele>
        <time>2026-10-04T21:08:04.000Z</time>
        <extensions>
          <ns3:TrackPointExtension>
            <ns3:hr>108</ns3:hr>
            <ns3:cad>91</ns3:cad>
          </ns3:TrackPointExtension>
        </extensions>
      </trkpt>
      <trkpt lat="45.79520992934703826904296875" lon="126.6488337703049182891845703125">
        <ele>124.40000152587890625</ele>
        <time>2026-10-04T21:08:05.000Z</time>
        <extensions>
          <ns3:TrackPointExtension>
            <ns3:hr>108</ns3:hr>
            <ns3:cad>92</ns3:cad>
          </ns3:TrackPointExtension>
        </extensions>
      </trkpt>
      <trkpt lat="45.7952218316495418548583984375" lon="126.648860089480876922607421875">
        <ele>124.40000152587890625</ele>
        <time>2026-10-04T21:08:06.000Z</time>
        <extensions>
          <ns3:TrackPointExtension>
            <ns3:hr>108</ns3:hr>
            <ns3:cad>92</ns3:cad>
          </ns3:TrackPointExtension>
        </extensions>
      </trkpt>
      <trkpt lat="45.79523649998009204864501953125" lon="126.6488947905600070953369140625">
        <ele>124.40000152587890625</ele>
        <time>2026-10-04T21:08:07.000Z</time>
        <extensions>
          <ns3:TrackPointExtension>
            <ns3:hr>108</ns3:hr>
            <ns3:cad>92</ns3:cad>
          </ns3:TrackPointExtension>
        </extensions>
      </trkpt>
      <trkpt lat="45.7952479831874370574951171875" lon="126.64892253465950489044189453125">
        <ele>124.40000152587890625</ele>
        <time>2026-10-04T21:08:08.000Z</time>
        <extensions>
          <ns3:TrackPointExtension>
            <ns3:hr>108</ns3:hr>
            <ns3:cad>92</ns3:cad>
          </ns3:TrackPointExtension>
        </extensions>
      </trkpt>
      <trkpt lat="45.79525611363351345062255859375" lon="126.64895723573863506317138671875">
        <ele>124.40000152587890625</ele>
        <time>2026-10-04T21:08:09.000Z</time>
        <extensions>
          <ns3:TrackPointExtension>
            <ns3:hr>108</ns3:hr>
            <ns3:cad>92</ns3:cad>
          </ns3:TrackPointExtension>
        </extensions>
      </trkpt>
      <trkpt lat="45.7952682673931121826171875" lon="126.64898447692394256591796875">
        <ele>124.40000152587890625</ele>
        <time>2026-10-04T21:08:10.000Z</time>
        <extensions>
          <ns3:TrackPointExtension>
            <ns3:hr>108</ns3:hr>
            <ns3:cad>92</ns3:cad>
          </ns3:TrackPointExtension>
        </extensions>
      </trkpt>
      <trkpt lat="45.795273296535015106201171875" lon="126.6490198485553264617919921875">
        <ele>124.40000152587890625</ele>
        <time>2026-10-04T21:08:11.000Z</time>
        <extensions>
          <ns3:TrackPointExtension>
            <ns3:hr>108</ns3:hr>
            <ns3:cad>92</ns3:cad>
          </ns3:TrackPointExtension>
        </extensions>
      </trkpt>
      <trkpt lat="45.7952815108001232147216796875" lon="126.64905027486383914947509765625">
        <ele>124.59999847412109375</ele>
        <time>2026-10-04T21:08:12.000Z</time>
        <extensions>
          <ns3:TrackPointExtension>
            <ns3:hr>108</ns3:hr>
            <ns3:cad>90</ns3:cad>
          </ns3:TrackPointExtension>
        </extensions>
      </trkpt>
      <trkpt lat="45.795290060341358184814453125" lon="126.64908681996166706085205078125">
        <ele>124.59999847412109375</ele>
        <time>2026-10-04T21:08:13.000Z</time>
        <extensions>
          <ns3:TrackPointExtension>
            <ns3:hr>109</ns3:hr>
            <ns3:cad>90</ns3:cad>
          </ns3:TrackPointExtension>
        </extensions>
      </trkpt>
      <trkpt lat="45.795298106968402862548828125" lon="126.6491152346134185791015625">
        <ele>124.59999847412109375</ele>
        <time>2026-10-04T21:08:14.000Z</time>
        <extensions>
          <ns3:TrackPointExtension>
            <ns3:hr>108</ns3:hr>
            <ns3:cad>90</ns3:cad>
          </ns3:TrackPointExtension>
        </extensions>
      </trkpt>
      <trkpt lat="45.7953069917857646942138671875" lon="126.64915136061608791351318359375">
        <ele>124.8000030517578125</ele>
        <time>2026-10-04T21:08:15.000Z</time>
        <extensions>
          <ns3:TrackPointExtension>
            <ns3:hr>108</ns3:hr>
            <ns3:cad>92</ns3:cad>
          </ns3:TrackPointExtension>
        </extensions>
      </trkpt>
      <trkpt lat="45.7953180558979511260986328125" lon="126.649177931249141693115234375">
        <ele>124.8000030517578125</ele>
        <time>2026-10-04T21:08:16.000Z</time>
        <extensions>
          <ns3:TrackPointExtension>
            <ns3:hr>107</ns3:hr>
            <ns3:cad>93</ns3:cad>
          </ns3:TrackPointExtension>
        </extensions>
      </trkpt>
      <trkpt lat="45.79532266594469547271728515625" lon="126.6492198407649993896484375">
        <ele>124.8000030517578125</ele>
        <time>2026-10-04T21:08:17.000Z</time>
        <extensions>
          <ns3:TrackPointExtension>
            <ns3:hr>107</ns3:hr>
            <ns3:cad>93</ns3:cad>
          </ns3:TrackPointExtension>
        </extensions>
      </trkpt>
      <trkpt lat="45.7953324727714061737060546875" lon="126.64924792014062404632568359375">
        <ele>125</ele>
        <time>2026-10-04T21:08:18.000Z</time>
        <extensions>
          <ns3:TrackPointExtension>
            <ns3:hr>107</ns3:hr>
            <ns3:cad>93</ns3:cad>
          </ns3:TrackPointExtension>
        </extensions>
      </trkpt>
      <trkpt lat="45.7953393459320068359375" lon="126.64928513579070568084716796875">
        <ele>125</ele>
        <time>2026-10-04T21:08:19.000Z</time>
        <extensions>
          <ns3:TrackPointExtension>
            <ns3:hr>107</ns3:hr>
            <ns3:cad>93</ns3:cad>
          </ns3:TrackPointExtension>
        </extensions>
      </trkpt>
      <trkpt lat="45.795347392559051513671875" lon="126.6493179090321063995361328125">
        <ele>125</ele>
        <time>2026-10-04T21:08:20.000Z</time>
        <extensions>
          <ns3:TrackPointExtension>
            <ns3:hr>108</ns3:hr>
            <ns3:cad>93</ns3:cad>
          </ns3:TrackPointExtension>
        </extensions>
      </trkpt>
      <trkpt lat="45.7953512482345104217529296875" lon="126.64935084991157054901123046875">
        <ele>125</ele>
        <time>2026-10-04T21:08:21.000Z</time>
        <extensions>
          <ns3:TrackPointExtension>
            <ns3:hr>108</ns3:hr>
            <ns3:cad>93</ns3:cad>
          </ns3:TrackPointExtension>
        </extensions>
      </trkpt>
      <trkpt lat="45.79535686410963535308837890625" lon="126.64938546717166900634765625">
        <ele>125</ele>
        <time>2026-10-04T21:08:22.000Z</time>
        <extensions>
          <ns3:TrackPointExtension>
            <ns3:hr>108</ns3:hr>
            <ns3:cad>92</ns3:cad>
          </ns3:TrackPointExtension>
        </extensions>
      </trkpt>
      <trkpt lat="45.7953589595854282379150390625" lon="126.64941522292792797088623046875">
        <ele>125</ele>
        <time>2026-10-04T21:08:23.000Z</time>
        <extensions>
          <ns3:TrackPointExtension>
            <ns3:hr>109</ns3:hr>
            <ns3:cad>93</ns3:cad>
          </ns3:TrackPointExtension>
        </extensions>
      </trkpt>
      <trkpt lat="45.7953613065183162689208984375" lon="126.6494543664157390594482421875">
        <ele>125</ele>
        <time>2026-10-04T21:08:24.000Z</time>
        <extensions>
          <ns3:TrackPointExtension>
            <ns3:hr>109</ns3:hr>
            <ns3:cad>93</ns3:cad>
          </ns3:TrackPointExtension>
        </extensions>
      </trkpt>
      <trkpt lat="45.795365832746028900146484375" lon="126.64948680438101291656494140625">
        <ele>125</ele>
        <time>2026-10-04T21:08:25.000Z</time>
        <extensions>
          <ns3:TrackPointExtension>
            <ns3:hr>110</ns3:hr>
            <ns3:cad>93</ns3:cad>
          </ns3:TrackPointExtension>
        </extensions>
      </trkpt>
      <trkpt lat="45.795370526611804962158203125" lon="126.64953156374394893646240234375">
        <ele>125</ele>
        <time>2026-10-04T21:08:26.000Z</time>
        <extensions>
          <ns3:TrackPointExtension>
            <ns3:hr>110</ns3:hr>
            <ns3:cad>93</ns3:cad>
          </ns3:TrackPointExtension>
        </extensions>
      </trkpt>
      <trkpt lat="45.7953794114291667938232421875" lon="126.6495636664330959320068359375">
        <ele>125.1999969482421875</ele>
        <time>2026-10-04T21:08:27.000Z</time>
        <extensions>
          <ns3:TrackPointExtension>
            <ns3:hr>110</ns3:hr>
            <ns3:cad>92</ns3:cad>
          </ns3:TrackPointExtension>
        </extensions>
      </trkpt>
      <trkpt lat="45.79538553021848201751708984375" lon="126.649595014750957489013671875">
        <ele>125.1999969482421875</ele>
        <time>2026-10-04T21:08:28.000Z</time>
        <extensions>
          <ns3:TrackPointExtension>
            <ns3:hr>111</ns3:hr>
            <ns3:cad>92</ns3:cad>
          </ns3:TrackPointExtension>
        </extensions>
      </trkpt>
      <trkpt lat="45.79539500176906585693359375" lon="126.64962778799235820770263671875">
        <ele>125.1999969482421875</ele>
        <time>2026-10-04T21:08:29.000Z</time>
        <extensions>
          <ns3:TrackPointExtension>
            <ns3:hr>111</ns3:hr>
            <ns3:cad>92</ns3:cad>
          </ns3:TrackPointExtension>
        </extensions>
      </trkpt>
      <trkpt lat="45.7954008691012859344482421875" lon="126.64966701529920101165771484375">
        <ele>125.1999969482421875</ele>
        <time>2026-10-04T21:08:30.000Z</time>
        <extensions>
          <ns3:TrackPointExtension>
            <ns3:hr>112</ns3:hr>
            <ns3:cad>91</ns3:cad>
          </ns3:TrackPointExtension>
        </extensions>
      </trkpt>
      <trkpt lat="45.79540547914803028106689453125" lon="126.64969819597899913787841796875">
        <ele>125.1999969482421875</ele>
        <time>2026-10-04T21:08:31.000Z</time>
        <extensions>
          <ns3:TrackPointExtension>
            <ns3:hr>113</ns3:hr>
            <ns3:cad>91</ns3:cad>
          </ns3:TrackPointExtension>
        </extensions>
      </trkpt>
      <trkpt lat="45.795414783060550689697265625" lon="126.64973893202841281890869140625">
        <ele>125.1999969482421875</ele>
        <time>2026-10-04T21:08:32.000Z</time>
        <extensions>
          <ns3:TrackPointExtension>
            <ns3:hr>114</ns3:hr>
            <ns3:cad>91</ns3:cad>
          </ns3:TrackPointExtension>
        </extensions>
      </trkpt>
      <trkpt lat="45.79542316496372222900390625" lon="126.64977363310754299163818359375">
        <ele>125.1999969482421875</ele>
        <time>2026-10-04T21:08:33.000Z</time>
        <extensions>
          <ns3:TrackPointExtension>
            <ns3:hr>114</ns3:hr>
            <ns3:cad>91</ns3:cad>
          </ns3:TrackPointExtension>
        </extensions>
      </trkpt>
      <trkpt lat="45.79543096013367176055908203125" lon="126.64981654845178127288818359375">
        <ele>125.1999969482421875</ele>
        <time>2026-10-04T21:08:34.000Z</time>
        <extensions>
          <ns3:TrackPointExtension>
            <ns3:hr>115</ns3:hr>
            <ns3:cad>92</ns3:cad>
          </ns3:TrackPointExtension>
        </extensions>
      </trkpt>
      <trkpt lat="45.79543833620846271514892578125" lon="126.6498493216931819915771484375">
        <ele>125.40000152587890625</ele>
        <time>2026-10-04T21:08:35.000Z</time>
        <extensions>
          <ns3:TrackPointExtension>
            <ns3:hr>116</ns3:hr>
            <ns3:cad>92</ns3:cad>
          </ns3:TrackPointExtension>
        </extensions>
      </trkpt>
      <trkpt lat="45.79544671811163425445556640625" lon="126.649888716638088226318359375">
        <ele>125.40000152587890625</ele>
        <time>2026-10-04T21:08:36.000Z</time>
        <extensions>
          <ns3:TrackPointExtension>
            <ns3:hr>117</ns3:hr>
            <ns3:cad>92</ns3:cad>
          </ns3:TrackPointExtension>
        </extensions>
      </trkpt>
      <trkpt lat="45.79545375891029834747314453125" lon="126.649917550384998321533203125">
        <ele>125.40000152587890625</ele>
        <time>2026-10-04T21:08:37.000Z</time>
        <extensions>
          <ns3:TrackPointExtension>
            <ns3:hr>117</ns3:hr>
            <ns3:cad>92</ns3:cad>
          </ns3:TrackPointExtension>
        </extensions>
      </trkpt>
      <trkpt lat="45.79545794986188411712646484375" lon="126.64995820261538028717041015625">
        <ele>125.40000152587890625</ele>
        <time>2026-10-04T21:08:38.000Z</time>
        <extensions>
          <ns3:TrackPointExtension>
            <ns3:hr>118</ns3:hr>
            <ns3:cad>92</ns3:cad>
          </ns3:TrackPointExtension>
        </extensions>
      </trkpt>
      <trkpt lat="45.79546432010829448699951171875" lon="126.64998535998165607452392578125">
        <ele>125.40000152587890625</ele>
        <time>2026-10-04T21:08:39.000Z</time>
        <extensions>
          <ns3:TrackPointExtension>
            <ns3:hr>119</ns3:hr>
            <ns3:cad>92</ns3:cad>
          </ns3:TrackPointExtension>
        </extensions>
      </trkpt>
      <trkpt lat="45.7954649068415164947509765625" lon="126.65002576075494289398193359375">
        <ele>125.40000152587890625</ele>
        <time>2026-10-04T21:08:40.000Z</time>
        <extensions>
          <ns3:TrackPointExtension>
            <ns3:hr>119</ns3:hr>
            <ns3:cad>92</ns3:cad>
          </ns3:TrackPointExtension>
        </extensions>
      </trkpt>
      <trkpt lat="45.7954719476401805877685546875" lon="126.65005794726312160491943359375">
        <ele>125.40000152587890625</ele>
        <time>2026-10-04T21:08:41.000Z</time>
        <extensions>
          <ns3:TrackPointExtension>
            <ns3:hr>120</ns3:hr>
            <ns3:cad>92</ns3:cad>
          </ns3:TrackPointExtension>
        </extensions>
      </trkpt>
      <trkpt lat="45.79547680914402008056640625" lon="126.650094576179981231689453125">
        <ele>125.40000152587890625</ele>
        <time>2026-10-04T21:08:42.000Z</time>
        <extensions>
          <ns3:TrackPointExtension>
            <ns3:hr>120</ns3:hr>
            <ns3:cad>92</ns3:cad>
          </ns3:TrackPointExtension>
        </extensions>
      </trkpt>
      <trkpt lat="45.7954846881330013275146484375" lon="126.65012517012655735015869140625">
        <ele>125.40000152587890625</ele>
        <time>2026-10-04T21:08:43.000Z</time>
        <extensions>
          <ns3:TrackPointExtension>
            <ns3:hr>121</ns3:hr>
            <ns3:cad>92</ns3:cad>
          </ns3:TrackPointExtension>
        </extensions>
      </trkpt>
      <trkpt lat="45.795491896569728851318359375" lon="126.6501617990434169769287109375">
        <ele>125.40000152587890625</ele>
        <time>2026-10-04T21:08:44.000Z</time>
        <extensions>
          <ns3:TrackPointExtension>
            <ns3:hr>121</ns3:hr>
            <ns3:cad>92</ns3:cad>
          </ns3:TrackPointExtension>
        </extensions>
      </trkpt>
      <trkpt lat="45.795502625405788421630859375" lon="126.65018484927713871002197265625">
        <ele>125.40000152587890625</ele>
        <time>2026-10-04T21:08:45.000Z</time>
        <extensions>
          <ns3:TrackPointExtension>
            <ns3:hr>122</ns3:hr>
            <ns3:cad>92</ns3:cad>
          </ns3:TrackPointExtension>
        </extensions>
      </trkpt>
      <trkpt lat="45.79551025293767452239990234375" lon="126.65021695196628570556640625">
        <ele>125.40000152587890625</ele>
        <time>2026-10-04T21:08:46.000Z</time>
        <extensions>
          <ns3:TrackPointExtension>
            <ns3:hr>122</ns3:hr>
            <ns3:cad>92</ns3:cad>
          </ns3:TrackPointExtension>
        </extensions>
      </trkpt>
      <trkpt lat="45.79551813192665576934814453125" lon="126.65025676600635051727294921875">
        <ele>125.40000152587890625</ele>
        <time>2026-10-04T21:08:47.000Z</time>
        <extensions>
          <ns3:TrackPointExtension>
            <ns3:hr>122</ns3:hr>
            <ns3:cad>92</ns3:cad>
          </ns3:TrackPointExtension>
        </extensions>
      </trkpt>
      <trkpt lat="45.79551838338375091552734375" lon="126.65029280818998813629150390625">
        <ele>125.40000152587890625</ele>
        <time>2026-10-04T21:08:48.000Z</time>
        <extensions>
          <ns3:TrackPointExtension>
            <ns3:hr>123</ns3:hr>
            <ns3:cad>92</ns3:cad>
          </ns3:TrackPointExtension>
        </extensions>
      </trkpt>
      <trkpt lat="45.7955212332308292388916015625" lon="126.6503369808197021484375">
        <ele>125.1999969482421875</ele>
        <time>2026-10-04T21:08:49.000Z</time>
        <extensions>
          <ns3:TrackPointExtension>
            <ns3:hr>123</ns3:hr>
            <ns3:cad>92</ns3:cad>
          </ns3:TrackPointExtension>
        </extensions>
      </trkpt>
      <trkpt lat="45.79552366398274898529052734375" lon="126.65037092752754688262939453125">
        <ele>125.1999969482421875</ele>
        <time>2026-10-04T21:08:50.000Z</time>
        <extensions>
          <ns3:TrackPointExtension>
            <ns3:hr>124</ns3:hr>
            <ns3:cad>92</ns3:cad>
          </ns3:TrackPointExtension>
        </extensions>
      </trkpt>
      <trkpt lat="45.79553305171430110931396484375" lon="126.650419123470783233642578125">
        <ele>125</ele>
        <time>2026-10-04T21:08:51.000Z</time>
        <extensions>
          <ns3:TrackPointExtension>
            <ns3:hr>124</ns3:hr>
            <ns3:cad>92</ns3:cad>
          </ns3:TrackPointExtension>
        </extensions>
      </trkpt>
      <trkpt lat="45.79554344527423381805419921875" lon="126.65044854395091533660888671875">
        <ele>125</ele>
        <time>2026-10-04T21:08:52.000Z</time>
        <extensions>
          <ns3:TrackPointExtension>
            <ns3:hr>125</ns3:hr>
            <ns3:cad>92</ns3:cad>
          </ns3:TrackPointExtension>
        </extensions>
      </trkpt>
      <trkpt lat="45.79555283300578594207763671875" lon="126.65049514733254909515380859375">
        <ele>125</ele>
        <time>2026-10-04T21:08:53.000Z</time>
        <extensions>
          <ns3:TrackPointExtension>
            <ns3:hr>126</ns3:hr>
            <ns3:cad>92</ns3:cad>
          </ns3:TrackPointExtension>
        </extensions>
      </trkpt>
      <trkpt lat="45.7955611310899257659912109375" lon="126.650525070726871490478515625">
        <ele>125</ele>
        <time>2026-10-04T21:08:54.000Z</time>
        <extensions>
          <ns3:TrackPointExtension>
            <ns3:hr>127</ns3:hr>
            <ns3:cad>92</ns3:cad>
          </ns3:TrackPointExtension>
        </extensions>
      </trkpt>
      <trkpt lat="45.7955685071647167205810546875" lon="126.65056605823338031768798828125">
        <ele>125</ele>
        <time>2026-10-04T21:08:55.000Z</time>
        <extensions>
          <ns3:TrackPointExtension>
            <ns3:hr>129</ns3:hr>
            <ns3:cad>92</ns3:cad>
          </ns3:TrackPointExtension>
        </extensions>
      </trkpt>
      <trkpt lat="45.7955785654485225677490234375" lon="126.6505909524857997894287109375">
        <ele>125</ele>
        <time>2026-10-04T21:08:56.000Z</time>
        <extensions>
          <ns3:TrackPointExtension>
            <ns3:hr>130</ns3:hr>
            <ns3:cad>90</ns3:cad>
          </ns3:TrackPointExtension>
        </extensions>
      </trkpt>
      <trkpt lat="45.79558535479009151458740234375" lon="126.6506295092403888702392578125">
        <ele>125</ele>
        <time>2026-10-04T21:08:57.000Z</time>
        <extensions>
          <ns3:TrackPointExtension>
            <ns3:hr>131</ns3:hr>
            <ns3:cad>90</ns3:cad>
          </ns3:TrackPointExtension>
        </extensions>
      </trkpt>
      <trkpt lat="45.79559474252164363861083984375" lon="126.65065138600766658782958984375">
        <ele>125.1999969482421875</ele>
        <time>2026-10-04T21:08:58.000Z</time>
        <extensions>
          <ns3:TrackPointExtension>
            <ns3:hr>132</ns3:hr>
            <ns3:cad>90</ns3:cad>
          </ns3:TrackPointExtension>
        </extensions>
      </trkpt>
      <trkpt lat="45.79560245387256145477294921875" lon="126.65069279260933399200439453125">
        <ele>125.40000152587890625</ele>
        <time>2026-10-04T21:08:59.000Z</time>
        <extensions>
          <ns3:TrackPointExtension>
            <ns3:hr>133</ns3:hr>
            <ns3:cad>89</ns3:cad>
          </ns3:TrackPointExtension>
        </extensions>
      </trkpt>
      <trkpt lat="45.795611254870891571044921875" lon="126.650716848671436309814453125">
        <ele>125.40000152587890625</ele>
        <time>2026-10-04T21:09:00.000Z</time>
        <extensions>
          <ns3:TrackPointExtension>
            <ns3:hr>133</ns3:hr>
            <ns3:cad>89</ns3:cad>
          </ns3:TrackPointExtension>
        </extensions>
      </trkpt>
      <trkpt lat="45.7956208102405071258544921875" lon="126.65075498633086681365966796875">
        <ele>125.40000152587890625</ele>
        <time>2026-10-04T21:09:01.000Z</time>
        <extensions>
          <ns3:TrackPointExtension>
            <ns3:hr>133</ns3:hr>
            <ns3:cad>89</ns3:cad>
          </ns3:TrackPointExtension>
        </extensions>
      </trkpt>
      <trkpt lat="45.79563237726688385009765625" lon="126.65078583173453807830810546875">
        <ele>125.40000152587890625</ele>
        <time>2026-10-04T21:09:02.000Z</time>
        <extensions>
          <ns3:TrackPointExtension>
            <ns3:hr>133</ns3:hr>
            <ns3:cad>90</ns3:cad>
          </ns3:TrackPointExtension>
        </extensions>
      </trkpt>
      <trkpt lat="45.7956446148455142974853515625" lon="126.650830172002315521240234375">
        <ele>125.59999847412109375</ele>
        <time>2026-10-04T21:09:03.000Z</time>
        <extensions>
          <ns3:TrackPointExtension>
            <ns3:hr>133</ns3:hr>
            <ns3:cad>90</ns3:cad>
          </ns3:TrackPointExtension>
        </extensions>
      </trkpt>
      <trkpt lat="45.7956590317189693450927734375" lon="126.6508554853498935699462890625">
        <ele>125.40000152587890625</ele>
        <time>2026-10-04T21:09:04.000Z</time>
        <extensions>
          <ns3:TrackPointExtension>
            <ns3:hr>134</ns3:hr>
            <ns3:cad>90</ns3:cad>
          </ns3:TrackPointExtension>
        </extensions>
      </trkpt>
      <trkpt lat="45.79567118547856807708740234375" lon="126.65089563466608524322509765625">
        <ele>125.40000152587890625</ele>
        <time>2026-10-04T21:09:05.000Z</time>
        <extensions>
          <ns3:TrackPointExtension>
            <ns3:hr>134</ns3:hr>
            <ns3:cad>90</ns3:cad>
          </ns3:TrackPointExtension>
        </extensions>
      </trkpt>
      <trkpt lat="45.795683003962039947509765625" lon="126.65092128328979015350341796875">
        <ele>125.40000152587890625</ele>
        <time>2026-10-04T21:09:06.000Z</time>
        <extensions>
          <ns3:TrackPointExtension>
            <ns3:hr>134</ns3:hr>
            <ns3:cad>92</ns3:cad>
          </ns3:TrackPointExtension>
        </extensions>
      </trkpt>
      <trkpt lat="45.79568459652364253997802734375" lon="126.65096168406307697296142578125">
        <ele>125.40000152587890625</ele>
        <time>2026-10-04T21:09:07.000Z</time>
        <extensions>
          <ns3:TrackPointExtension>
            <ns3:hr>134</ns3:hr>
            <ns3:cad>91</ns3:cad>
          </ns3:TrackPointExtension>
        </extensions>
      </trkpt>
      <trkpt lat="45.79569348134100437164306640625" lon="126.65099286474287509918212890625">
        <ele>125.1999969482421875</ele>
        <time>2026-10-04T21:09:08.000Z</time>
        <extensions>
          <ns3:TrackPointExtension>
            <ns3:hr>134</ns3:hr>
            <ns3:cad>91</ns3:cad>
          </ns3:TrackPointExtension>
        </extensions>
      </trkpt>
      <trkpt lat="45.79569415189325809478759765625" lon="126.65103410370647907257080078125">
        <ele>125.1999969482421875</ele>
        <time>2026-10-04T21:09:09.000Z</time>
        <extensions>
          <ns3:TrackPointExtension>
            <ns3:hr>134</ns3:hr>
            <ns3:cad>91</ns3:cad>
          </ns3:TrackPointExtension>
        </extensions>
      </trkpt>
      <trkpt lat="45.7957022823393344879150390625" lon="126.651068218052387237548828125">
        <ele>125.1999969482421875</ele>
        <time>2026-10-04T21:09:10.000Z</time>
        <extensions>
          <ns3:TrackPointExtension>
            <ns3:hr>134</ns3:hr>
            <ns3:cad>93</ns3:cad>
          </ns3:TrackPointExtension>
        </extensions>
      </trkpt>
      <trkpt lat="45.79570789821445941925048828125" lon="126.65110568515956401824951171875">
        <ele>125.1999969482421875</ele>
        <time>2026-10-04T21:09:11.000Z</time>
        <extensions>
          <ns3:TrackPointExtension>
            <ns3:hr>134</ns3:hr>
            <ns3:cad>93</ns3:cad>
          </ns3:TrackPointExtension>
        </extensions>
      </trkpt>
      <trkpt lat="45.795719213783740997314453125" lon="126.65114206261932849884033203125">
        <ele>125.1999969482421875</ele>
        <time>2026-10-04T21:09:12.000Z</time>
        <extensions>
          <ns3:TrackPointExtension>
            <ns3:hr>135</ns3:hr>
            <ns3:cad>93</ns3:cad>
          </ns3:TrackPointExtension>
        </extensions>
      </trkpt>
      <trkpt lat="45.795725248754024505615234375" lon="126.651174165308475494384765625">
        <ele>125.1999969482421875</ele>
        <time>2026-10-04T21:09:13.000Z</time>
        <extensions>
          <ns3:TrackPointExtension>
            <ns3:hr>135</ns3:hr>
            <ns3:cad>93</ns3:cad>
          </ns3:TrackPointExtension>
        </extensions>
      </trkpt>
      <trkpt lat="45.795732624828815460205078125" lon="126.651212386786937713623046875">
        <ele>125.1999969482421875</ele>
        <time>2026-10-04T21:09:14.000Z</time>
        <extensions>
          <ns3:TrackPointExtension>
            <ns3:hr>136</ns3:hr>
            <ns3:cad>93</ns3:cad>
          </ns3:TrackPointExtension>
        </extensions>
      </trkpt>
      <trkpt lat="45.79574025236070156097412109375" lon="126.65124448947608470916748046875">
        <ele>125.1999969482421875</ele>
        <time>2026-10-04T21:09:15.000Z</time>
        <extensions>
          <ns3:TrackPointExtension>
            <ns3:hr>137</ns3:hr>
            <ns3:cad>93</ns3:cad>
          </ns3:TrackPointExtension>
        </extensions>
      </trkpt>
      <trkpt lat="45.7957498915493488311767578125" lon="126.65128849446773529052734375">
        <ele>125</ele>
        <time>2026-10-04T21:09:16.000Z</time>
        <extensions>
          <ns3:TrackPointExtension>
            <ns3:hr>137</ns3:hr>
            <ns3:cad>93</ns3:cad>
          </ns3:TrackPointExtension>
        </extensions>
      </trkpt>
      <trkpt lat="45.795759446918964385986328125" lon="126.6513158194720745086669921875">
        <ele>125</ele>
        <time>2026-10-04T21:09:17.000Z</time>
        <extensions>
          <ns3:TrackPointExtension>
            <ns3:hr>138</ns3:hr>
            <ns3:cad>93</ns3:cad>
          </ns3:TrackPointExtension>
        </extensions>
      </trkpt>
      <trkpt lat="45.795767493546009063720703125" lon="126.6513627581298351287841796875">
        <ele>125</ele>
        <time>2026-10-04T21:09:18.000Z</time>
        <extensions>
          <ns3:TrackPointExtension>
            <ns3:hr>140</ns3:hr>
            <ns3:cad>93</ns3:cad>
          </ns3:TrackPointExtension>
        </extensions>
      </trkpt>
      <trkpt lat="45.795776210725307464599609375" lon="126.6513919271528720855712890625">
        <ele>125</ele>
        <time>2026-10-04T21:09:19.000Z</time>
        <extensions>
          <ns3:TrackPointExtension>
            <ns3:hr>142</ns3:hr>
            <ns3:cad>93</ns3:cad>
          </ns3:TrackPointExtension>
        </extensions>
      </trkpt>
      <trkpt lat="45.79578165896236896514892578125" lon="126.651430316269397735595703125">
        <ele>125</ele>
        <time>2026-10-04T21:09:20.000Z</time>
        <extensions>
          <ns3:TrackPointExtension>
            <ns3:hr>142</ns3:hr>
            <ns3:cad>93</ns3:cad>
          </ns3:TrackPointExtension>
        </extensions>
      </trkpt>
      <trkpt lat="45.79579188488423824310302734375" lon="126.651460826396942138671875">
        <ele>125</ele>
        <time>2026-10-04T21:09:21.000Z</time>
        <extensions>
          <ns3:TrackPointExtension>
            <ns3:hr>142</ns3:hr>
            <ns3:cad>92</ns3:cad>
          </ns3:TrackPointExtension>
        </extensions>
      </trkpt>
      <trkpt lat="45.79579641111195087432861328125" lon="126.65150466375052928924560546875">
        <ele>125</ele>
        <time>2026-10-04T21:09:22.000Z</time>
        <extensions>
          <ns3:TrackPointExtension>
            <ns3:hr>143</ns3:hr>
            <ns3:cad>92</ns3:cad>
          </ns3:TrackPointExtension>
        </extensions>
      </trkpt>
      <trkpt lat="45.79580730758607387542724609375" lon="126.6515401192009449005126953125">
        <ele>125</ele>
        <time>2026-10-04T21:09:23.000Z</time>
        <extensions>
          <ns3:TrackPointExtension>
            <ns3:hr>143</ns3:hr>
            <ns3:cad>92</ns3:cad>
          </ns3:TrackPointExtension>
        </extensions>
      </trkpt>
      <trkpt lat="45.7958078943192958831787109375" lon="126.65158026851713657379150390625">
        <ele>125</ele>
        <time>2026-10-04T21:09:24.000Z</time>
        <extensions>
          <ns3:TrackPointExtension>
            <ns3:hr>144</ns3:hr>
            <ns3:cad>91</ns3:cad>
          </ns3:TrackPointExtension>
        </extensions>
      </trkpt>
      <trkpt lat="45.79581250436604022979736328125" lon="126.65161128155887126922607421875">
        <ele>125</ele>
        <time>2026-10-04T21:09:25.000Z</time>
        <extensions>
          <ns3:TrackPointExtension>
            <ns3:hr>144</ns3:hr>
            <ns3:cad>91</ns3:cad>
          </ns3:TrackPointExtension>
        </extensions>
      </trkpt>
      <trkpt lat="45.7958065532147884368896484375" lon="126.6516437195241451263427734375">
        <ele>125</ele>
        <time>2026-10-04T21:09:26.000Z</time>
        <extensions>
          <ns3:TrackPointExtension>
            <ns3:hr>144</ns3:hr>
            <ns3:cad>92</ns3:cad>
          </ns3:TrackPointExtension>
        </extensions>
      </trkpt>
      <trkpt lat="45.7958068884909152984619140625" lon="126.65165838785469532012939453125">
        <ele>125</ele>
        <time>2026-10-04T21:09:27.000Z</time>
        <extensions>
          <ns3:TrackPointExtension>
            <ns3:hr>143</ns3:hr>
            <ns3:cad>92</ns3:cad>
          </ns3:TrackPointExtension>
        </extensions>
      </trkpt>
      <trkpt lat="45.7957971654832363128662109375" lon="126.65168303065001964569091796875">
        <ele>125</ele>
        <time>2026-10-04T21:09:28.000Z</time>
        <extensions>
          <ns3:TrackPointExtension>
            <ns3:hr>143</ns3:hr>
            <ns3:cad>92</ns3:cad>
          </ns3:TrackPointExtension>
        </extensions>
      </trkpt>
      <trkpt lat="45.79578350298106670379638671875" lon="126.65170867927372455596923828125">
        <ele>125</ele>
        <time>2026-10-04T21:09:29.000Z</time>
        <extensions>
          <ns3:TrackPointExtension>
            <ns3:hr>143</ns3:hr>
            <ns3:cad>89</ns3:cad>
          </ns3:TrackPointExtension>
        </extensions>
      </trkpt>
      <trkpt lat="45.7957619614899158477783203125" lon="126.65172058157622814178466796875">
        <ele>125</ele>
        <time>2026-10-04T21:09:30.000Z</time>
        <extensions>
          <ns3:TrackPointExtension>
            <ns3:hr>144</ns3:hr>
            <ns3:cad>88</ns3:cad>
          </ns3:TrackPointExtension>
        </extensions>
      </trkpt>
      <trkpt lat="45.7957364805042743682861328125" lon="126.6517258621752262115478515625">
        <ele>125</ele>
        <time>2026-10-04T21:09:31.000Z</time>
        <extensions>
          <ns3:TrackPointExtension>
            <ns3:hr>143</ns3:hr>
            <ns3:cad>88</ns3:cad>
          </ns3:TrackPointExtension>
        </extensions>
      </trkpt>
      <trkpt lat="45.7957081496715545654296875" lon="126.65172829292714595794677734375">
        <ele>125</ele>
        <time>2026-10-04T21:09:32.000Z</time>
        <extensions>
          <ns3:TrackPointExtension>
            <ns3:hr>143</ns3:hr>
            <ns3:cad>87</ns3:cad>
          </ns3:TrackPointExtension>
        </extensions>
      </trkpt>
      <trkpt lat="45.79568333923816680908203125" lon="126.6517312265932559967041015625">
        <ele>125</ele>
        <time>2026-10-04T21:09:33.000Z</time>
        <extensions>
          <ns3:TrackPointExtension>
            <ns3:hr>144</ns3:hr>
            <ns3:cad>87</ns3:cad>
          </ns3:TrackPointExtension>
        </extensions>
      </trkpt>
      <trkpt lat="45.7956623844802379608154296875" lon="126.651738099753856658935546875">
        <ele>124.8000030517578125</ele>
        <time>2026-10-04T21:09:34.000Z</time>
        <extensions>
          <ns3:TrackPointExtension>
            <ns3:hr>144</ns3:hr>
            <ns3:cad>88</ns3:cad>
          </ns3:TrackPointExtension>
        </extensions>
      </trkpt>
      <trkpt lat="45.79563061706721782684326171875" lon="126.65175092406570911407470703125">
        <ele>124.59999847412109375</ele>
        <time>2026-10-04T21:09:35.000Z</time>
        <extensions>
          <ns3:TrackPointExtension>
            <ns3:hr>143</ns3:hr>
            <ns3:cad>88</ns3:cad>
          </ns3:TrackPointExtension>
        </extensions>
      </trkpt>
      <trkpt lat="45.795607231557369232177734375" lon="126.651765592396259307861328125">
        <ele>124.59999847412109375</ele>
        <time>2026-10-04T21:09:36.000Z</time>
        <extensions>
          <ns3:TrackPointExtension>
            <ns3:hr>143</ns3:hr>
            <ns3:cad>88</ns3:cad>
          </ns3:TrackPointExtension>
        </extensions>
      </trkpt>
      <trkpt lat="45.7955767214298248291015625" lon="126.65178042836487293243408203125">
        <ele>124.59999847412109375</ele>
        <time>2026-10-04T21:09:37.000Z</time>
        <extensions>
          <ns3:TrackPointExtension>
            <ns3:hr>143</ns3:hr>
            <ns3:cad>86</ns3:cad>
          </ns3:TrackPointExtension>
        </extensions>
      </trkpt>
      <trkpt lat="45.79555601812899112701416015625" lon="126.65179551579058170318603515625">
        <ele>124.59999847412109375</ele>
        <time>2026-10-04T21:09:38.000Z</time>
        <extensions>
          <ns3:TrackPointExtension>
            <ns3:hr>144</ns3:hr>
            <ns3:cad>86</ns3:cad>
          </ns3:TrackPointExtension>
        </extensions>
      </trkpt>
      <trkpt lat="45.7955232448875904083251953125" lon="126.651801131665706634521484375">
        <ele>124.8000030517578125</ele>
        <time>2026-10-04T21:09:39.000Z</time>
        <extensions>
          <ns3:TrackPointExtension>
            <ns3:hr>143</ns3:hr>
            <ns3:cad>85</ns3:cad>
          </ns3:TrackPointExtension>
        </extensions>
      </trkpt>
      <trkpt lat="45.7954962551593780517578125" lon="126.65180641226470470428466796875">
        <ele>124.8000030517578125</ele>
        <time>2026-10-04T21:09:40.000Z</time>
        <extensions>
          <ns3:TrackPointExtension>
            <ns3:hr>143</ns3:hr>
            <ns3:cad>85</ns3:cad>
          </ns3:TrackPointExtension>
        </extensions>
      </trkpt>
      <trkpt lat="45.79546608030796051025390625" lon="126.65180875919759273529052734375">
        <ele>124.8000030517578125</ele>
        <time>2026-10-04T21:09:41.000Z</time>
        <extensions>
          <ns3:TrackPointExtension>
            <ns3:hr>144</ns3:hr>
            <ns3:cad>87</ns3:cad>
          </ns3:TrackPointExtension>
        </extensions>
      </trkpt>
      <trkpt lat="45.7954397611320018768310546875" lon="126.65181496180593967437744140625">
        <ele>124.8000030517578125</ele>
        <time>2026-10-04T21:09:42.000Z</time>
        <extensions>
          <ns3:TrackPointExtension>
            <ns3:hr>143</ns3:hr>
            <ns3:cad>87</ns3:cad>
          </ns3:TrackPointExtension>
        </extensions>
      </trkpt>
      <trkpt lat="45.79541168175637722015380859375" lon="126.65181898511946201324462890625">
        <ele>124.8000030517578125</ele>
        <time>2026-10-04T21:09:43.000Z</time>
        <extensions>
          <ns3:TrackPointExtension>
            <ns3:hr>143</ns3:hr>
            <ns3:cad>88</ns3:cad>
          </ns3:TrackPointExtension>
        </extensions>
      </trkpt>
      <trkpt lat="45.79538586549460887908935546875" lon="126.65182895958423614501953125">
        <ele>124.8000030517578125</ele>
        <time>2026-10-04T21:09:44.000Z</time>
        <extensions>
          <ns3:TrackPointExtension>
            <ns3:hr>144</ns3:hr>
            <ns3:cad>88</ns3:cad>
          </ns3:TrackPointExtension>
        </extensions>
      </trkpt>
      <trkpt lat="45.795360468327999114990234375" lon="126.65184446610510349273681640625">
        <ele>124.8000030517578125</ele>
        <time>2026-10-04T21:09:45.000Z</time>
        <extensions>
          <ns3:TrackPointExtension>
            <ns3:hr>144</ns3:hr>
            <ns3:cad>88</ns3:cad>
          </ns3:TrackPointExtension>
        </extensions>
      </trkpt>
      <trkpt lat="45.79533708281815052032470703125" lon="126.65186072699725627899169921875">
        <ele>124.8000030517578125</ele>
        <time>2026-10-04T21:09:46.000Z</time>
        <extensions>
          <ns3:TrackPointExtension>
            <ns3:hr>144</ns3:hr>
            <ns3:cad>88</ns3:cad>
          </ns3:TrackPointExtension>
        </extensions>
      </trkpt>
      <trkpt lat="45.79532400704920291900634765625" lon="126.651891656219959259033203125">
        <ele>124.8000030517578125</ele>
        <time>2026-10-04T21:09:47.000Z</time>
        <extensions>
          <ns3:TrackPointExtension>
            <ns3:hr>144</ns3:hr>
            <ns3:cad>88</ns3:cad>
          </ns3:TrackPointExtension>
        </extensions>
      </trkpt>
      <trkpt lat="45.795326940715312957763671875" lon="126.65189559571444988250732421875">
        <ele>124.59999847412109375</ele>
        <time>2026-10-04T21:09:48.000Z</time>
        <extensions>
          <ns3:TrackPointExtension>
            <ns3:hr>143</ns3:hr>
            <ns3:cad>89</ns3:cad>
          </ns3:TrackPointExtension>
        </extensions>
      </trkpt>
      <trkpt lat="45.7953492365777492523193359375" lon="126.6518844477832317352294921875">
        <ele>124.59999847412109375</ele>
        <time>2026-10-04T21:09:49.000Z</time>
        <extensions>
          <ns3:TrackPointExtension>
            <ns3:hr>144</ns3:hr>
            <ns3:cad>89</ns3:cad>
          </ns3:TrackPointExtension>
        </extensions>
      </trkpt>
      <trkpt lat="45.79535200260579586029052734375" lon="126.65187187492847442626953125">
        <ele>124.8000030517578125</ele>
        <time>2026-10-04T21:09:50.000Z</time>
        <extensions>
          <ns3:TrackPointExtension>
            <ns3:hr>144</ns3:hr>
            <ns3:cad>89</ns3:cad>
          </ns3:TrackPointExtension>
        </extensions>
      </trkpt>
      <trkpt lat="45.7953646592795848846435546875" lon="126.6518626548349857330322265625">
        <ele>125</ele>
        <time>2026-10-04T21:09:51.000Z</time>
        <extensions>
          <ns3:TrackPointExtension>
            <ns3:hr>144</ns3:hr>
            <ns3:cad>89</ns3:cad>
          </ns3:TrackPointExtension>
        </extensions>
      </trkpt>
      <trkpt lat="45.79538318328559398651123046875" lon="126.65185712277889251708984375">
        <ele>125.59999847412109375</ele>
        <time>2026-10-04T21:09:52.000Z</time>
        <extensions>
          <ns3:TrackPointExtension>
            <ns3:hr>144</ns3:hr>
            <ns3:cad>89</ns3:cad>
          </ns3:TrackPointExtension>
        </extensions>
      </trkpt>
      <trkpt lat="45.79539592377841472625732421875" lon="126.6518458910286426544189453125">
        <ele>126.1999969482421875</ele>
        <time>2026-10-04T21:09:53.000Z</time>
        <extensions>
          <ns3:TrackPointExtension>
            <ns3:hr>144</ns3:hr>
            <ns3:cad>89</ns3:cad>
          </ns3:TrackPointExtension>
        </extensions>
      </trkpt>
      <trkpt lat="45.795408077538013458251953125" lon="126.65182493627071380615234375">
        <ele>126.8000030517578125</ele>
        <time>2026-10-04T21:09:54.000Z</time>
        <extensions>
          <ns3:TrackPointExtension>
            <ns3:hr>143</ns3:hr>
            <ns3:cad>76</ns3:cad>
          </ns3:TrackPointExtension>
        </extensions>
      </trkpt>
      <trkpt lat="45.79542475752532482147216796875" lon="126.651809513568878173828125">
        <ele>127.59999847412109375</ele>
        <time>2026-10-04T21:09:55.000Z</time>
        <extensions>
          <ns3:TrackPointExtension>
            <ns3:hr>143</ns3:hr>
            <ns3:cad>79</ns3:cad>
          </ns3:TrackPointExtension>
        </extensions>
      </trkpt>
      <trkpt lat="45.79544219188392162322998046875" lon="126.65180473588407039642333984375">
        <ele>128.1999969482421875</ele>
        <time>2026-10-04T21:09:56.000Z</time>
        <extensions>
          <ns3:TrackPointExtension>
            <ns3:hr>143</ns3:hr>
            <ns3:cad>79</ns3:cad>
          </ns3:TrackPointExtension>
        </extensions>
      </trkpt>
      <trkpt lat="45.795450322329998016357421875" lon="126.65181010030210018157958984375">
        <ele>128.600006103515625</ele>
        <time>2026-10-04T21:09:57.000Z</time>
        <extensions>
          <ns3:TrackPointExtension>
            <ns3:hr>143</ns3:hr>
            <ns3:cad>79</ns3:cad>
          </ns3:TrackPointExtension>
        </extensions>
      </trkpt>
      <trkpt lat="45.79544940032064914703369140625" lon="126.65182015858590602874755859375">
        <ele>129</ele>
        <time>2026-10-04T21:09:58.000Z</time>
        <extensions>
          <ns3:TrackPointExtension>
            <ns3:hr>143</ns3:hr>
            <ns3:cad>79</ns3:cad>
          </ns3:TrackPointExtension>
        </extensions>
      </trkpt>
      <trkpt lat="45.79544386826455593109130859375" lon="126.65183440782129764556884765625">
        <ele>129.399993896484375</ele>
        <time>2026-10-04T21:09:59.000Z</time>
        <extensions>
          <ns3:TrackPointExtension>
            <ns3:hr>143</ns3:hr>
            <ns3:cad>79</ns3:cad>
          </ns3:TrackPointExtension>
        </extensions>
      </trkpt>
      <trkpt lat="45.79543615691363811492919921875" lon="126.651845388114452362060546875">
        <ele>129.600006103515625</ele>
        <time>2026-10-04T21:10:00.000Z</time>
        <extensions>
          <ns3:TrackPointExtension>
            <ns3:hr>144</ns3:hr>
            <ns3:cad>79</ns3:cad>
          </ns3:TrackPointExtension>
        </extensions>
      </trkpt>
      <trkpt lat="45.79541914165019989013671875" lon="126.65186022408306598663330078125">
        <ele>130</ele>
        <time>2026-10-04T21:10:01.000Z</time>
        <extensions>
          <ns3:TrackPointExtension>
            <ns3:hr>144</ns3:hr>
            <ns3:cad>72</ns3:cad>
          </ns3:TrackPointExtension>
        </extensions>
      </trkpt>
      <trkpt lat="45.7954012043774127960205078125" lon="126.651872210204601287841796875">
        <ele>130.399993896484375</ele>
        <time>2026-10-04T21:10:02.000Z</time>
        <extensions>
          <ns3:TrackPointExtension>
            <ns3:hr>145</ns3:hr>
            <ns3:cad>72</ns3:cad>
          </ns3:TrackPointExtension>
        </extensions>
      </trkpt>
      <trkpt lat="45.79538620077073574066162109375" lon="126.65188151411712169647216796875">
        <ele>131</ele>
        <time>2026-10-04T21:10:03.000Z</time>
        <extensions>
          <ns3:TrackPointExtension>
            <ns3:hr>145</ns3:hr>
            <ns3:cad>72</ns3:cad>
          </ns3:TrackPointExtension>
        </extensions>
      </trkpt>
      <trkpt lat="45.79537832178175449371337890625" lon="126.65189123712480068206787109375">
        <ele>131.600006103515625</ele>
        <time>2026-10-04T21:10:04.000Z</time>
        <extensions>
          <ns3:TrackPointExtension>
            <ns3:hr>145</ns3:hr>
            <ns3:cad>72</ns3:cad>
          </ns3:TrackPointExtension>
        </extensions>
      </trkpt>
      <trkpt lat="45.7953696884214878082275390625" lon="126.651906073093414306640625">
        <ele>132.1999969482421875</ele>
        <time>2026-10-04T21:10:05.000Z</time>
        <extensions>
          <ns3:TrackPointExtension>
            <ns3:hr>145</ns3:hr>
            <ns3:cad>72</ns3:cad>
          </ns3:TrackPointExtension>
        </extensions>
      </trkpt>
      <trkpt lat="45.79536189325153827667236328125" lon="126.65192283689975738525390625">
        <ele>132.600006103515625</ele>
        <time>2026-10-04T21:10:06.000Z</time>
        <extensions>
          <ns3:TrackPointExtension>
            <ns3:hr>146</ns3:hr>
            <ns3:cad>68</ns3:cad>
          </ns3:TrackPointExtension>
        </extensions>
      </trkpt>
      <trkpt lat="45.7953515835106372833251953125" lon="126.6519504971802234649658203125">
        <ele>133</ele>
        <time>2026-10-04T21:10:07.000Z</time>
        <extensions>
          <ns3:TrackPointExtension>
            <ns3:hr>145</ns3:hr>
            <ns3:cad>68</ns3:cad>
          </ns3:TrackPointExtension>
        </extensions>
      </trkpt>
      <trkpt lat="45.79535217024385929107666015625" lon="126.65197153575718402862548828125">
        <ele>133.399993896484375</ele>
        <time>2026-10-04T21:10:08.000Z</time>
        <extensions>
          <ns3:TrackPointExtension>
            <ns3:hr>145</ns3:hr>
            <ns3:cad>68</ns3:cad>
          </ns3:TrackPointExtension>
        </extensions>
      </trkpt>
      <trkpt lat="45.7953633181750774383544921875" lon="126.65198586881160736083984375">
        <ele>133.8000030517578125</ele>
        <time>2026-10-04T21:10:09.000Z</time>
        <extensions>
          <ns3:TrackPointExtension>
            <ns3:hr>145</ns3:hr>
            <ns3:cad>68</ns3:cad>
          </ns3:TrackPointExtension>
        </extensions>
      </trkpt>
      <trkpt lat="45.79537983052432537078857421875" lon="126.6519887186586856842041015625">
        <ele>133.8000030517578125</ele>
        <time>2026-10-04T21:10:10.000Z</time>
        <extensions>
          <ns3:TrackPointExtension>
            <ns3:hr>145</ns3:hr>
            <ns3:cad>78</ns3:cad>
          </ns3:TrackPointExtension>
        </extensions>
      </trkpt>
      <trkpt lat="45.79540765844285488128662109375" lon="126.6519743017852306365966796875">
        <ele>133.8000030517578125</ele>
        <time>2026-10-04T21:10:11.000Z</time>
        <extensions>
          <ns3:TrackPointExtension>
            <ns3:hr>145</ns3:hr>
            <ns3:cad>78</ns3:cad>
          </ns3:TrackPointExtension>
        </extensions>
      </trkpt>
      <trkpt lat="45.79543255269527435302734375" lon="126.65196298621594905853271484375">
        <ele>133.8000030517578125</ele>
        <time>2026-10-04T21:10:12.000Z</time>
        <extensions>
          <ns3:TrackPointExtension>
            <ns3:hr>144</ns3:hr>
            <ns3:cad>78</ns3:cad>
          </ns3:TrackPointExtension>
        </extensions>
      </trkpt>
      <trkpt lat="45.795448310673236846923828125" lon="126.6519434563815593719482421875">
        <ele>133.600006103515625</ele>
        <time>2026-10-04T21:10:13.000Z</time>
        <extensions>
          <ns3:TrackPointExtension>
            <ns3:hr>144</ns3:hr>
            <ns3:cad>86</ns3:cad>
          </ns3:TrackPointExtension>
        </extensions>
      </trkpt>
      <trkpt lat="45.795473121106624603271484375" lon="126.65193314664065837860107421875">
        <ele>133.600006103515625</ele>
        <time>2026-10-04T21:10:14.000Z</time>
        <extensions>
          <ns3:TrackPointExtension>
            <ns3:hr>144</ns3:hr>
            <ns3:cad>86</ns3:cad>
          </ns3:TrackPointExtension>
        </extensions>
      </trkpt>
      <trkpt lat="45.795492231845855712890625" lon="126.65191152133047580718994140625">
        <ele>133.600006103515625</ele>
        <time>2026-10-04T21:10:15.000Z</time>
        <extensions>
          <ns3:TrackPointExtension>
            <ns3:hr>144</ns3:hr>
            <ns3:cad>86</ns3:cad>
          </ns3:TrackPointExtension>
        </extensions>
      </trkpt>
      <trkpt lat="45.7955255918204784393310546875" lon="126.65189961902797222137451171875">
        <ele>133.600006103515625</ele>
        <time>2026-10-04T21:10:16.000Z</time>
        <extensions>
          <ns3:TrackPointExtension>
            <ns3:hr>145</ns3:hr>
            <ns3:cad>87</ns3:cad>
          </ns3:TrackPointExtension>
        </extensions>
      </trkpt>
      <trkpt lat="45.795544870197772979736328125" lon="126.65188050828874111175537109375">
        <ele>133.600006103515625</ele>
        <time>2026-10-04T21:10:17.000Z</time>
        <extensions>
          <ns3:TrackPointExtension>
            <ns3:hr>147</ns3:hr>
            <ns3:cad>89</ns3:cad>
          </ns3:TrackPointExtension>
        </extensions>
      </trkpt>
      <trkpt lat="45.7955753803253173828125" lon="126.65186927653849124908447265625">
        <ele>133.600006103515625</ele>
        <time>2026-10-04T21:10:18.000Z</time>
        <extensions>
          <ns3:TrackPointExtension>
            <ns3:hr>149</ns3:hr>
            <ns3:cad>89</ns3:cad>
          </ns3:TrackPointExtension>
        </extensions>
      </trkpt>
      <trkpt lat="45.79559289850294589996337890625" lon="126.651856116950511932373046875">
        <ele>133.600006103515625</ele>
        <time>2026-10-04T21:10:19.000Z</time>
        <extensions>
          <ns3:TrackPointExtension>
            <ns3:hr>151</ns3:hr>
            <ns3:cad>89</ns3:cad>
          </ns3:TrackPointExtension>
        </extensions>
      </trkpt>
      <trkpt lat="45.79562340863049030303955078125" lon="126.65184429846704006195068359375">
        <ele>133.600006103515625</ele>
        <time>2026-10-04T21:10:20.000Z</time>
        <extensions>
          <ns3:TrackPointExtension>
            <ns3:hr>154</ns3:hr>
            <ns3:cad>89</ns3:cad>
          </ns3:TrackPointExtension>
        </extensions>
      </trkpt>
      <trkpt lat="45.79563899897038936614990234375" lon="126.6518271155655384063720703125">
        <ele>133.600006103515625</ele>
        <time>2026-10-04T21:10:21.000Z</time>
        <extensions>
          <ns3:TrackPointExtension>
            <ns3:hr>155</ns3:hr>
            <ns3:cad>88</ns3:cad>
          </ns3:TrackPointExtension>
        </extensions>
      </trkpt>
      <trkpt lat="45.7956697605550289154052734375" lon="126.6518160514533519744873046875">
        <ele>133.600006103515625</ele>
        <time>2026-10-04T21:10:22.000Z</time>
        <extensions>
          <ns3:TrackPointExtension>
            <ns3:hr>156</ns3:hr>
            <ns3:cad>88</ns3:cad>
          </ns3:TrackPointExtension>
        </extensions>
      </trkpt>
      <trkpt lat="45.795686356723308563232421875" lon="126.65180222131311893463134765625">
        <ele>133.8000030517578125</ele>
        <time>2026-10-04T21:10:23.000Z</time>
        <extensions>
          <ns3:TrackPointExtension>
            <ns3:hr>157</ns3:hr>
            <ns3:cad>88</ns3:cad>
          </ns3:TrackPointExtension>
        </extensions>
      </trkpt>
      <trkpt lat="45.7957180403172969818115234375" lon="126.651793085038661956787109375">
        <ele>133.8000030517578125</ele>
        <time>2026-10-04T21:10:24.000Z</time>
        <extensions>
          <ns3:TrackPointExtension>
            <ns3:hr>157</ns3:hr>
            <ns3:cad>89</ns3:cad>
          </ns3:TrackPointExtension>
        </extensions>
      </trkpt>
      <trkpt lat="45.79573254100978374481201171875" lon="126.65177590213716030120849609375">
        <ele>133.8000030517578125</ele>
        <time>2026-10-04T21:10:25.000Z</time>
        <extensions>
          <ns3:TrackPointExtension>
            <ns3:hr>157</ns3:hr>
            <ns3:cad>89</ns3:cad>
          </ns3:TrackPointExtension>
        </extensions>
      </trkpt>
      <trkpt lat="45.7957649789750576019287109375" lon="126.65176450274884700775146484375">
        <ele>133.8000030517578125</ele>
        <time>2026-10-04T21:10:26.000Z</time>
        <extensions>
          <ns3:TrackPointExtension>
            <ns3:hr>156</ns3:hr>
            <ns3:cad>89</ns3:cad>
          </ns3:TrackPointExtension>
        </extensions>
      </trkpt>
      <trkpt lat="45.7957804016768932342529296875" lon="126.6517493315041065216064453125">
        <ele>134</ele>
        <time>2026-10-04T21:10:27.000Z</time>
        <extensions>
          <ns3:TrackPointExtension>
            <ns3:hr>157</ns3:hr>
            <ns3:cad>89</ns3:cad>
          </ns3:TrackPointExtension>
        </extensions>
      </trkpt>
      <trkpt lat="45.79580982215702533721923828125" lon="126.6517369262874126434326171875">
        <ele>134</ele>
        <time>2026-10-04T21:10:28.000Z</time>
        <extensions>
          <ns3:TrackPointExtension>
            <ns3:hr>157</ns3:hr>
            <ns3:cad>89</ns3:cad>
          </ns3:TrackPointExtension>
        </extensions>
      </trkpt>
      <trkpt lat="45.79582658596336841583251953125" lon="126.6517255268990993499755859375">
        <ele>134</ele>
        <time>2026-10-04T21:10:29.000Z</time>
        <extensions>
          <ns3:TrackPointExtension>
            <ns3:hr>156</ns3:hr>
            <ns3:cad>89</ns3:cad>
          </ns3:TrackPointExtension>
        </extensions>
      </trkpt>
      <trkpt lat="45.7958541624248027801513671875" lon="126.6517171449959278106689453125">
        <ele>134.1999969482421875</ele>
        <time>2026-10-04T21:10:30.000Z</time>
        <extensions>
          <ns3:TrackPointExtension>
            <ns3:hr>156</ns3:hr>
            <ns3:cad>89</ns3:cad>
          </ns3:TrackPointExtension>
        </extensions>
      </trkpt>
      <trkpt lat="45.79586933366954326629638671875" lon="126.651703901588916778564453125">
        <ele>134.1999969482421875</ele>
        <time>2026-10-04T21:10:31.000Z</time>
        <extensions>
          <ns3:TrackPointExtension>
            <ns3:hr>155</ns3:hr>
            <ns3:cad>88</ns3:cad>
          </ns3:TrackPointExtension>
        </extensions>
      </trkpt>
      <trkpt lat="45.79589984379708766937255859375" lon="126.651686131954193115234375">
        <ele>134.1999969482421875</ele>
        <time>2026-10-04T21:10:32.000Z</time>
        <extensions>
          <ns3:TrackPointExtension>
            <ns3:hr>155</ns3:hr>
            <ns3:cad>89</ns3:cad>
          </ns3:TrackPointExtension>
        </extensions>
      </trkpt>
      <trkpt lat="45.7959171943366527557373046875" lon="126.651677079498767852783203125">
        <ele>134.399993896484375</ele>
        <time>2026-10-04T21:10:33.000Z</time>
        <extensions>
          <ns3:TrackPointExtension>
            <ns3:hr>154</ns3:hr>
            <ns3:cad>89</ns3:cad>
          </ns3:TrackPointExtension>
        </extensions>
      </trkpt>
      <trkpt lat="45.79594762064516544342041015625" lon="126.65166358463466167449951171875">
        <ele>134.399993896484375</ele>
        <time>2026-10-04T21:10:34.000Z</time>
        <extensions>
          <ns3:TrackPointExtension>
            <ns3:hr>153</ns3:hr>
            <ns3:cad>89</ns3:cad>
          </ns3:TrackPointExtension>
        </extensions>
      </trkpt>
      <trkpt lat="45.79596404917538166046142578125" lon="126.651650927960872650146484375">
        <ele>134.399993896484375</ele>
        <time>2026-10-04T21:10:35.000Z</time>
        <extensions>
          <ns3:TrackPointExtension>
            <ns3:hr>153</ns3:hr>
            <ns3:cad>89</ns3:cad>
          </ns3:TrackPointExtension>
        </extensions>
      </trkpt>
      <trkpt lat="45.79599254764616489410400390625" lon="126.6516386903822422027587890625">
        <ele>134.600006103515625</ele>
        <time>2026-10-04T21:10:36.000Z</time>
        <extensions>
          <ns3:TrackPointExtension>
            <ns3:hr>153</ns3:hr>
            <ns3:cad>89</ns3:cad>
          </ns3:TrackPointExtension>
        </extensions>
      </trkpt>
      <trkpt lat="45.79601056873798370361328125" lon="126.65162452496588230133056640625">
        <ele>134.600006103515625</ele>
        <time>2026-10-04T21:10:37.000Z</time>
        <extensions>
          <ns3:TrackPointExtension>
            <ns3:hr>153</ns3:hr>
            <ns3:cad>89</ns3:cad>
          </ns3:TrackPointExtension>
        </extensions>
      </trkpt>
      <trkpt lat="45.79603831283748149871826171875" lon="126.65161195211112499237060546875">
        <ele>134.600006103515625</ele>
        <time>2026-10-04T21:10:38.000Z</time>
        <extensions>
          <ns3:TrackPointExtension>
            <ns3:hr>153</ns3:hr>
            <ns3:cad>89</ns3:cad>
          </ns3:TrackPointExtension>
        </extensions>
      </trkpt>
      <trkpt lat="45.7960570044815540313720703125" lon="126.65160172618925571441650390625">
        <ele>134.600006103515625</ele>
        <time>2026-10-04T21:10:39.000Z</time>
        <extensions>
          <ns3:TrackPointExtension>
            <ns3:hr>153</ns3:hr>
            <ns3:cad>89</ns3:cad>
          </ns3:TrackPointExtension>
        </extensions>
      </trkpt>
      <trkpt lat="45.796087346971035003662109375" lon="126.651587225496768951416015625">
        <ele>134.600006103515625</ele>
        <time>2026-10-04T21:10:40.000Z</time>
        <extensions>
          <ns3:TrackPointExtension>
            <ns3:hr>153</ns3:hr>
            <ns3:cad>89</ns3:cad>
          </ns3:TrackPointExtension>
        </extensions>
      </trkpt>
      <trkpt lat="45.79610444605350494384765625" lon="126.65157188661396503448486328125">
        <ele>134.600006103515625</ele>
        <time>2026-10-04T21:10:41.000Z</time>
        <extensions>
          <ns3:TrackPointExtension>
            <ns3:hr>154</ns3:hr>
            <ns3:cad>89</ns3:cad>
          </ns3:TrackPointExtension>
        </extensions>
      </trkpt>
      <trkpt lat="45.79613101668655872344970703125" lon="126.6515592299401760101318359375">
        <ele>134.8000030517578125</ele>
        <time>2026-10-04T21:10:42.000Z</time>
        <extensions>
          <ns3:TrackPointExtension>
            <ns3:hr>153</ns3:hr>
            <ns3:cad>89</ns3:cad>
          </ns3:TrackPointExtension>
        </extensions>
      </trkpt>
      <trkpt lat="45.79614694230258464813232421875" lon="126.65154489688575267791748046875">
        <ele>134.8000030517578125</ele>
        <time>2026-10-04T21:10:43.000Z</time>
        <extensions>
          <ns3:TrackPointExtension>
            <ns3:hr>153</ns3:hr>
            <ns3:cad>89</ns3:cad>
          </ns3:TrackPointExtension>
        </extensions>
      </trkpt>
      <trkpt lat="45.7961766980588436126708984375" lon="126.65153265930712223052978515625">
        <ele>134.8000030517578125</ele>
        <time>2026-10-04T21:10:44.000Z</time>
        <extensions>
          <ns3:TrackPointExtension>
            <ns3:hr>153</ns3:hr>
            <ns3:cad>89</ns3:cad>
          </ns3:TrackPointExtension>
        </extensions>
      </trkpt>
      <trkpt lat="45.7961951382458209991455078125" lon="126.6515171527862548828125">
        <ele>134.8000030517578125</ele>
        <time>2026-10-04T21:10:45.000Z</time>
        <extensions>
          <ns3:TrackPointExtension>
            <ns3:hr>153</ns3:hr>
            <ns3:cad>89</ns3:cad>
          </ns3:TrackPointExtension>
        </extensions>
      </trkpt>
      <trkpt lat="45.79622782766819000244140625" lon="126.65150483138859272003173828125">
        <ele>135</ele>
        <time>2026-10-04T21:10:46.000Z</time>
        <extensions>
          <ns3:TrackPointExtension>
            <ns3:hr>153</ns3:hr>
            <ns3:cad>90</ns3:cad>
          </ns3:TrackPointExtension>
        </extensions>
      </trkpt>
      <trkpt lat="45.7962444238364696502685546875" lon="126.65149024687707424163818359375">
        <ele>135</ele>
        <time>2026-10-04T21:10:47.000Z</time>
        <extensions>
          <ns3:TrackPointExtension>
            <ns3:hr>153</ns3:hr>
            <ns3:cad>90</ns3:cad>
          </ns3:TrackPointExtension>
        </extensions>
      </trkpt>
      <trkpt lat="45.7962739281356334686279296875" lon="126.65147851221263408660888671875">
        <ele>135</ele>
        <time>2026-10-04T21:10:48.000Z</time>
        <extensions>
          <ns3:TrackPointExtension>
            <ns3:hr>153</ns3:hr>
            <ns3:cad>90</ns3:cad>
          </ns3:TrackPointExtension>
        </extensions>
      </trkpt>
      <trkpt lat="45.79628951847553253173828125" lon="126.6514586471021175384521484375">
        <ele>135</ele>
        <time>2026-10-04T21:10:49.000Z</time>
        <extensions>
          <ns3:TrackPointExtension>
            <ns3:hr>152</ns3:hr>
            <ns3:cad>90</ns3:cad>
          </ns3:TrackPointExtension>
        </extensions>
      </trkpt>
      <trkpt lat="45.79632111825048923492431640625" lon="126.65144548751413822174072265625">
        <ele>135</ele>
        <time>2026-10-04T21:10:50.000Z</time>
        <extensions>
          <ns3:TrackPointExtension>
            <ns3:hr>153</ns3:hr>
            <ns3:cad>90</ns3:cad>
          </ns3:TrackPointExtension>
        </extensions>
      </trkpt>
      <trkpt lat="45.796337127685546875" lon="126.651428639888763427734375">
        <ele>135</ele>
        <time>2026-10-04T21:10:51.000Z</time>
        <extensions>
          <ns3:TrackPointExtension>
            <ns3:hr>153</ns3:hr>
            <ns3:cad>90</ns3:cad>
          </ns3:TrackPointExtension>
        </extensions>
      </trkpt>
      <trkpt lat="45.79636638052761554718017578125" lon="126.65141522884368896484375">
        <ele>135.1999969482421875</ele>
        <time>2026-10-04T21:10:52.000Z</time>
        <extensions>
          <ns3:TrackPointExtension>
            <ns3:hr>153</ns3:hr>
            <ns3:cad>90</ns3:cad>
          </ns3:TrackPointExtension>
        </extensions>
      </trkpt>
      <trkpt lat="45.7963825576007366180419921875" lon="126.65140257216989994049072265625">
        <ele>135.1999969482421875</ele>
        <time>2026-10-04T21:10:53.000Z</time>
        <extensions>
          <ns3:TrackPointExtension>
            <ns3:hr>152</ns3:hr>
            <ns3:cad>90</ns3:cad>
          </ns3:TrackPointExtension>
        </extensions>
      </trkpt>
      <trkpt lat="45.79641398973762989044189453125" lon="126.651397459208965301513671875">
        <ele>135.1999969482421875</ele>
        <time>2026-10-04T21:10:54.000Z</time>
        <extensions>
          <ns3:TrackPointExtension>
            <ns3:hr>153</ns3:hr>
            <ns3:cad>90</ns3:cad>
          </ns3:TrackPointExtension>
        </extensions>
      </trkpt>
      <trkpt lat="45.79643058590590953826904296875" lon="126.65138639509677886962890625">
        <ele>135.1999969482421875</ele>
        <time>2026-10-04T21:10:55.000Z</time>
        <extensions>
          <ns3:TrackPointExtension>
            <ns3:hr>153</ns3:hr>
            <ns3:cad>90</ns3:cad>
          </ns3:TrackPointExtension>
        </extensions>
      </trkpt>
      <trkpt lat="45.7964606769382953643798828125" lon="126.6513748280704021453857421875">
        <ele>135.399993896484375</ele>
        <time>2026-10-04T21:10:56.000Z</time>
        <extensions>
          <ns3:TrackPointExtension>
            <ns3:hr>153</ns3:hr>
            <ns3:cad>90</ns3:cad>
          </ns3:TrackPointExtension>
        </extensions>
      </trkpt>
      <trkpt lat="45.7964774407446384429931640625" lon="126.6513607464730739593505859375">
        <ele>135.399993896484375</ele>
        <time>2026-10-04T21:10:57.000Z</time>
        <extensions>
          <ns3:TrackPointExtension>
            <ns3:hr>153</ns3:hr>
            <ns3:cad>90</ns3:cad>
          </ns3:TrackPointExtension>
        </extensions>
      </trkpt>
      <trkpt lat="45.7965072803199291229248046875" lon="126.65134540759027004241943359375">
        <ele>135.399993896484375</ele>
        <time>2026-10-04T21:10:58.000Z</time>
        <extensions>
          <ns3:TrackPointExtension>
            <ns3:hr>152</ns3:hr>
            <ns3:cad>90</ns3:cad>
          </ns3:TrackPointExtension>
        </extensions>
      </trkpt>
      <trkpt lat="45.79652563668787479400634765625" lon="126.651328392326831817626953125">
        <ele>135.399993896484375</ele>
        <time>2026-10-04T21:10:59.000Z</time>
        <extensions>
          <ns3:TrackPointExtension>
            <ns3:hr>153</ns3:hr>
            <ns3:cad>90</ns3:cad>
          </ns3:TrackPointExtension>
        </extensions>
      </trkpt>
      <trkpt lat="45.79655698500573635101318359375" lon="126.65131255052983760833740234375">
        <ele>135.399993896484375</ele>
        <time>2026-10-04T21:11:00.000Z</time>
        <extensions>
          <ns3:TrackPointExtension>
            <ns3:hr>153</ns3:hr>
            <ns3:cad>90</ns3:cad>
          </ns3:TrackPointExtension>
        </extensions>
      </trkpt>
      <trkpt lat="45.79657576046884059906005859375" lon="126.65129411034286022186279296875">
        <ele>135.399993896484375</ele>
        <time>2026-10-04T21:11:01.000Z</time>
        <extensions>
          <ns3:TrackPointExtension>
            <ns3:hr>152</ns3:hr>
            <ns3:cad>90</ns3:cad>
          </ns3:TrackPointExtension>
        </extensions>
      </trkpt>
      <trkpt lat="45.79660543240606784820556640625" lon="126.6512824594974517822265625">
        <ele>135.399993896484375</ele>
        <time>2026-10-04T21:11:02.000Z</time>
        <extensions>
          <ns3:TrackPointExtension>
            <ns3:hr>153</ns3:hr>
            <ns3:cad>90</ns3:cad>
          </ns3:TrackPointExtension>
        </extensions>
      </trkpt>
      <trkpt lat="45.79662202857434749603271484375" lon="126.651266701519489288330078125">
        <ele>135.399993896484375</ele>
        <time>2026-10-04T21:11:03.000Z</time>
        <extensions>
          <ns3:TrackPointExtension>
            <ns3:hr>152</ns3:hr>
            <ns3:cad>90</ns3:cad>
          </ns3:TrackPointExtension>
        </extensions>
      </trkpt>
      <trkpt lat="45.7966511137783527374267578125" lon="126.65125572122633457183837890625">
        <ele>135.600006103515625</ele>
        <time>2026-10-04T21:11:04.000Z</time>
        <extensions>
          <ns3:TrackPointExtension>
            <ns3:hr>153</ns3:hr>
            <ns3:cad>90</ns3:cad>
          </ns3:TrackPointExtension>
        </extensions>
      </trkpt>
      <trkpt lat="45.79667181707918643951416015625" lon="126.65124155580997467041015625">
        <ele>135.600006103515625</ele>
        <time>2026-10-04T21:11:05.000Z</time>
        <extensions>
          <ns3:TrackPointExtension>
            <ns3:hr>153</ns3:hr>
            <ns3:cad>90</ns3:cad>
          </ns3:TrackPointExtension>
        </extensions>
      </trkpt>
      <trkpt lat="45.79669989645481109619140625" lon="126.65123191662132740020751953125">
        <ele>135.600006103515625</ele>
        <time>2026-10-04T21:11:06.000Z</time>
        <extensions>
          <ns3:TrackPointExtension>
            <ns3:hr>153</ns3:hr>
            <ns3:cad>91</ns3:cad>
          </ns3:TrackPointExtension>
        </extensions>
      </trkpt>
      <trkpt lat="45.79672093503177165985107421875" lon="126.65122009813785552978515625">
        <ele>135.600006103515625</ele>
        <time>2026-10-04T21:11:07.000Z</time>
        <extensions>
          <ns3:TrackPointExtension>
            <ns3:hr>153</ns3:hr>
            <ns3:cad>91</ns3:cad>
          </ns3:TrackPointExtension>
        </extensions>
      </trkpt>
      <trkpt lat="45.79674105159938335418701171875" lon="126.6512081958353519439697265625">
        <ele>135.600006103515625</ele>
        <time>2026-10-04T21:11:08.000Z</time>
        <extensions>
          <ns3:TrackPointExtension>
            <ns3:hr>153</ns3:hr>
            <ns3:cad>90</ns3:cad>
          </ns3:TrackPointExtension>
        </extensions>
      </trkpt>
      <trkpt lat="45.79676116816699504852294921875" lon="126.65119201876223087310791015625">
        <ele>135.600006103515625</ele>
        <time>2026-10-04T21:11:09.000Z</time>
        <extensions>
          <ns3:TrackPointExtension>
            <ns3:hr>153</ns3:hr>
            <ns3:cad>92</ns3:cad>
          </ns3:TrackPointExtension>
        </extensions>
      </trkpt>
      <trkpt lat="45.79678614623844623565673828125" lon="126.65117978118360042572021484375">
        <ele>135.600006103515625</ele>
        <time>2026-10-04T21:11:10.000Z</time>
        <extensions>
          <ns3:TrackPointExtension>
            <ns3:hr>152</ns3:hr>
            <ns3:cad>92</ns3:cad>
          </ns3:TrackPointExtension>
        </extensions>
      </trkpt>
      <trkpt lat="45.79680928029119968414306640625" lon="126.65116301737725734710693359375">
        <ele>135.600006103515625</ele>
        <time>2026-10-04T21:11:11.000Z</time>
        <extensions>
          <ns3:TrackPointExtension>
            <ns3:hr>153</ns3:hr>
            <ns3:cad>92</ns3:cad>
          </ns3:TrackPointExtension>
        </extensions>
      </trkpt>
      <trkpt lat="45.796833671629428863525390625" lon="126.65115145035088062286376953125">
        <ele>135.600006103515625</ele>
        <time>2026-10-04T21:11:12.000Z</time>
        <extensions>
          <ns3:TrackPointExtension>
            <ns3:hr>152</ns3:hr>
            <ns3:cad>92</ns3:cad>
          </ns3:TrackPointExtension>
        </extensions>
      </trkpt>
      <trkpt lat="45.79685571603477001190185546875" lon="126.65113368071615695953369140625">
        <ele>135.600006103515625</ele>
        <time>2026-10-04T21:11:13.000Z</time>
        <extensions>
          <ns3:TrackPointExtension>
            <ns3:hr>152</ns3:hr>
            <ns3:cad>92</ns3:cad>
          </ns3:TrackPointExtension>
        </extensions>
      </trkpt>
      <trkpt lat="45.79687968827784061431884765625" lon="126.6511183418333530426025390625">
        <ele>135.600006103515625</ele>
        <time>2026-10-04T21:11:14.000Z</time>
        <extensions>
          <ns3:TrackPointExtension>
            <ns3:hr>152</ns3:hr>
            <ns3:cad>92</ns3:cad>
          </ns3:TrackPointExtension>
        </extensions>
      </trkpt>
      <trkpt lat="45.7969015650451183319091796875" lon="126.651099063456058502197265625">
        <ele>135.8000030517578125</ele>
        <time>2026-10-04T21:11:15.000Z</time>
        <extensions>
          <ns3:TrackPointExtension>
            <ns3:hr>152</ns3:hr>
            <ns3:cad>92</ns3:cad>
          </ns3:TrackPointExtension>
        </extensions>
      </trkpt>
      <trkpt lat="45.7969213463366031646728515625" lon="126.651084311306476593017578125">
        <ele>135.8000030517578125</ele>
        <time>2026-10-04T21:11:16.000Z</time>
        <extensions>
          <ns3:TrackPointExtension>
            <ns3:hr>150</ns3:hr>
            <ns3:cad>92</ns3:cad>
          </ns3:TrackPointExtension>
        </extensions>
      </trkpt>
      <trkpt lat="45.7969491742551326751708984375" lon="126.65106981061398983001708984375">
        <ele>135.8000030517578125</ele>
        <time>2026-10-04T21:11:17.000Z</time>
        <extensions>
          <ns3:TrackPointExtension>
            <ns3:hr>149</ns3:hr>
            <ns3:cad>92</ns3:cad>
          </ns3:TrackPointExtension>
        </extensions>
      </trkpt>
      <trkpt lat="45.7969652675092220306396484375" lon="126.651057489216327667236328125">
        <ele>136</ele>
        <time>2026-10-04T21:11:18.000Z</time>
        <extensions>
          <ns3:TrackPointExtension>
            <ns3:hr>149</ns3:hr>
            <ns3:cad>92</ns3:cad>
          </ns3:TrackPointExtension>
        </extensions>
      </trkpt>
      <trkpt lat="45.79698949120938777923583984375" lon="126.651049442589282989501953125">
        <ele>135.8000030517578125</ele>
        <time>2026-10-04T21:11:19.000Z</time>
        <extensions>
          <ns3:TrackPointExtension>
            <ns3:hr>150</ns3:hr>
            <ns3:cad>92</ns3:cad>
          </ns3:TrackPointExtension>
        </extensions>
      </trkpt>
      <trkpt lat="45.7970117032527923583984375" lon="126.6510385461151599884033203125">
        <ele>135.8000030517578125</ele>
        <time>2026-10-04T21:11:20.000Z</time>
        <extensions>
          <ns3:TrackPointExtension>
            <ns3:hr>151</ns3:hr>
            <ns3:cad>91</ns3:cad>
          </ns3:TrackPointExtension>
        </extensions>
      </trkpt>
      <trkpt lat="45.79704263247549533843994140625" lon="126.65102337487041950225830078125">
        <ele>136</ele>
        <time>2026-10-04T21:11:21.000Z</time>
        <extensions>
          <ns3:TrackPointExtension>
            <ns3:hr>152</ns3:hr>
            <ns3:cad>92</ns3:cad>
          </ns3:TrackPointExtension>
        </extensions>
      </trkpt>
      <trkpt lat="45.7970635034143924713134765625" lon="126.65101147256791591644287109375">
        <ele>136</ele>
        <time>2026-10-04T21:11:22.000Z</time>
        <extensions>
          <ns3:TrackPointExtension>
            <ns3:hr>152</ns3:hr>
            <ns3:cad>92</ns3:cad>
          </ns3:TrackPointExtension>
        </extensions>
      </trkpt>
      <trkpt lat="45.7970920018851757049560546875" lon="126.65098833851516246795654296875">
        <ele>135.8000030517578125</ele>
        <time>2026-10-04T21:11:23.000Z</time>
        <extensions>
          <ns3:TrackPointExtension>
            <ns3:hr>152</ns3:hr>
            <ns3:cad>92</ns3:cad>
          </ns3:TrackPointExtension>
        </extensions>
      </trkpt>
      <trkpt lat="45.79711471684277057647705078125" lon="126.65097274817526340484619140625">
        <ele>136</ele>
        <time>2026-10-04T21:11:24.000Z</time>
        <extensions>
          <ns3:TrackPointExtension>
            <ns3:hr>151</ns3:hr>
            <ns3:cad>92</ns3:cad>
          </ns3:TrackPointExtension>
        </extensions>
      </trkpt>
      <trkpt lat="45.79714321531355381011962890625" lon="126.65095497854053974151611328125">
        <ele>136</ele>
        <time>2026-10-04T21:11:25.000Z</time>
        <extensions>
          <ns3:TrackPointExtension>
            <ns3:hr>151</ns3:hr>
            <ns3:cad>92</ns3:cad>
          </ns3:TrackPointExtension>
        </extensions>
      </trkpt>
      <trkpt lat="45.79716282896697521209716796875" lon="126.65093888528645038604736328125">
        <ele>136</ele>
        <time>2026-10-04T21:11:26.000Z</time>
        <extensions>
          <ns3:TrackPointExtension>
            <ns3:hr>151</ns3:hr>
            <ns3:cad>92</ns3:cad>
          </ns3:TrackPointExtension>
        </extensions>
      </trkpt>
      <trkpt lat="45.7971949316561222076416015625" lon="126.65091826580464839935302734375">
        <ele>136</ele>
        <time>2026-10-04T21:11:27.000Z</time>
        <extensions>
          <ns3:TrackPointExtension>
            <ns3:hr>151</ns3:hr>
            <ns3:cad>92</ns3:cad>
          </ns3:TrackPointExtension>
        </extensions>
      </trkpt>
      <trkpt lat="45.7972143776714801788330078125" lon="126.65090753696858882904052734375">
        <ele>136</ele>
        <time>2026-10-04T21:11:28.000Z</time>
        <extensions>
          <ns3:TrackPointExtension>
            <ns3:hr>150</ns3:hr>
            <ns3:cad>91</ns3:cad>
          </ns3:TrackPointExtension>
        </extensions>
      </trkpt>
      <trkpt lat="45.797242708504199981689453125" lon="126.650891192257404327392578125">
        <ele>136.1999969482421875</ele>
        <time>2026-10-04T21:11:29.000Z</time>
        <extensions>
          <ns3:TrackPointExtension>
            <ns3:hr>150</ns3:hr>
            <ns3:cad>91</ns3:cad>
          </ns3:TrackPointExtension>
        </extensions>
      </trkpt>
      <trkpt lat="45.79726022668182849884033203125" lon="126.65087434463202953338623046875">
        <ele>136.1999969482421875</ele>
        <time>2026-10-04T21:11:30.000Z</time>
        <extensions>
          <ns3:TrackPointExtension>
            <ns3:hr>150</ns3:hr>
            <ns3:cad>90</ns3:cad>
          </ns3:TrackPointExtension>
        </extensions>
      </trkpt>
      <trkpt lat="45.79728788696229457855224609375" lon="126.65086126886308193206787109375">
        <ele>136.1999969482421875</ele>
        <time>2026-10-04T21:11:31.000Z</time>
        <extensions>
          <ns3:TrackPointExtension>
            <ns3:hr>150</ns3:hr>
            <ns3:cad>90</ns3:cad>
          </ns3:TrackPointExtension>
        </extensions>
      </trkpt>
      <trkpt lat="45.79730465076863765716552734375" lon="126.6508471034467220306396484375">
        <ele>136.1999969482421875</ele>
        <time>2026-10-04T21:11:32.000Z</time>
        <extensions>
          <ns3:TrackPointExtension>
            <ns3:hr>150</ns3:hr>
            <ns3:cad>90</ns3:cad>
          </ns3:TrackPointExtension>
        </extensions>
      </trkpt>
      <trkpt lat="45.79733164049685001373291015625" lon="126.65083847008645534515380859375">
        <ele>136.1999969482421875</ele>
        <time>2026-10-04T21:11:33.000Z</time>
        <extensions>
          <ns3:TrackPointExtension>
            <ns3:hr>150</ns3:hr>
            <ns3:cad>90</ns3:cad>
          </ns3:TrackPointExtension>
        </extensions>
      </trkpt>
      <trkpt lat="45.79734840430319309234619140625" lon="126.65083427913486957550048828125">
        <ele>136.1999969482421875</ele>
        <time>2026-10-04T21:11:34.000Z</time>
        <extensions>
          <ns3:TrackPointExtension>
            <ns3:hr>150</ns3:hr>
            <ns3:cad>90</ns3:cad>
          </ns3:TrackPointExtension>
        </extensions>
      </trkpt>
      <trkpt lat="45.797365419566631317138671875" lon="126.6508197784423828125">
        <ele>136.1999969482421875</ele>
        <time>2026-10-04T21:11:35.000Z</time>
        <extensions>
          <ns3:TrackPointExtension>
            <ns3:hr>150</ns3:hr>
            <ns3:cad>90</ns3:cad>
          </ns3:TrackPointExtension>
        </extensions>
      </trkpt>
      <trkpt lat="45.7973893918097019195556640625" lon="126.65080376900732517242431640625">
        <ele>136.1999969482421875</ele>
        <time>2026-10-04T21:11:36.000Z</time>
        <extensions>
          <ns3:TrackPointExtension>
            <ns3:hr>150</ns3:hr>
            <ns3:cad>90</ns3:cad>
          </ns3:TrackPointExtension>
        </extensions>
      </trkpt>
      <trkpt lat="45.7974085025489330291748046875" lon="126.6507840715348720550537109375">
        <ele>136.1999969482421875</ele>
        <time>2026-10-04T21:11:37.000Z</time>
        <extensions>
          <ns3:TrackPointExtension>
            <ns3:hr>150</ns3:hr>
            <ns3:cad>89</ns3:cad>
          </ns3:TrackPointExtension>
        </extensions>
      </trkpt>
      <trkpt lat="45.79743255861103534698486328125" lon="126.65077208541333675384521484375">
        <ele>136.1999969482421875</ele>
        <time>2026-10-04T21:11:38.000Z</time>
        <extensions>
          <ns3:TrackPointExtension>
            <ns3:hr>149</ns3:hr>
            <ns3:cad>87</ns3:cad>
          </ns3:TrackPointExtension>
        </extensions>
      </trkpt>
      <trkpt lat="45.79745669849216938018798828125" lon="126.65075448341667652130126953125">
        <ele>136.1999969482421875</ele>
        <time>2026-10-04T21:11:39.000Z</time>
        <extensions>
          <ns3:TrackPointExtension>
            <ns3:hr>149</ns3:hr>
            <ns3:cad>87</ns3:cad>
          </ns3:TrackPointExtension>
        </extensions>
      </trkpt>
      <trkpt lat="45.79748201183974742889404296875" lon="126.65074174292385578155517578125">
        <ele>136.399993896484375</ele>
        <time>2026-10-04T21:11:40.000Z</time>
        <extensions>
          <ns3:TrackPointExtension>
            <ns3:hr>149</ns3:hr>
            <ns3:cad>87</ns3:cad>
          </ns3:TrackPointExtension>
        </extensions>
      </trkpt>
      <trkpt lat="45.79750590026378631591796875" lon="126.65072497911751270294189453125">
        <ele>136.399993896484375</ele>
        <time>2026-10-04T21:11:41.000Z</time>
        <extensions>
          <ns3:TrackPointExtension>
            <ns3:hr>149</ns3:hr>
            <ns3:cad>87</ns3:cad>
          </ns3:TrackPointExtension>
        </extensions>
      </trkpt>
      <trkpt lat="45.79752978868782520294189453125" lon="126.65071240626275539398193359375">
        <ele>136.399993896484375</ele>
        <time>2026-10-04T21:11:42.000Z</time>
        <extensions>
          <ns3:TrackPointExtension>
            <ns3:hr>149</ns3:hr>
            <ns3:cad>89</ns3:cad>
          </ns3:TrackPointExtension>
        </extensions>
      </trkpt>
      <trkpt lat="45.7975577004253864288330078125" lon="126.65069983340799808502197265625">
        <ele>136.399993896484375</ele>
        <time>2026-10-04T21:11:43.000Z</time>
        <extensions>
          <ns3:TrackPointExtension>
            <ns3:hr>148</ns3:hr>
            <ns3:cad>90</ns3:cad>
          </ns3:TrackPointExtension>
        </extensions>
      </trkpt>
      <trkpt lat="45.7975788228213787078857421875" lon="126.65068457834422588348388671875">
        <ele>136.399993896484375</ele>
        <time>2026-10-04T21:11:44.000Z</time>
        <extensions>
          <ns3:TrackPointExtension>
            <ns3:hr>148</ns3:hr>
            <ns3:cad>90</ns3:cad>
          </ns3:TrackPointExtension>
        </extensions>
      </trkpt>
      <trkpt lat="45.7976006157696247100830078125" lon="126.65067016147077083587646484375">
        <ele>136.600006103515625</ele>
        <time>2026-10-04T21:11:45.000Z</time>
        <extensions>
          <ns3:TrackPointExtension>
            <ns3:hr>148</ns3:hr>
            <ns3:cad>90</ns3:cad>
          </ns3:TrackPointExtension>
        </extensions>
      </trkpt>
      <trkpt lat="45.797622241079807281494140625" lon="126.6506563313305377960205078125">
        <ele>136.600006103515625</ele>
        <time>2026-10-04T21:11:46.000Z</time>
        <extensions>
          <ns3:TrackPointExtension>
            <ns3:hr>148</ns3:hr>
            <ns3:cad>91</ns3:cad>
          </ns3:TrackPointExtension>
        </extensions>
      </trkpt>
      <trkpt lat="45.7976445369422435760498046875" lon="126.650643087923526763916015625">
        <ele>136.600006103515625</ele>
        <time>2026-10-04T21:11:47.000Z</time>
        <extensions>
          <ns3:TrackPointExtension>
            <ns3:hr>148</ns3:hr>
            <ns3:cad>91</ns3:cad>
          </ns3:TrackPointExtension>
        </extensions>
      </trkpt>
      <trkpt lat="45.79766683280467987060546875" lon="126.65063403546810150146484375">
        <ele>136.8000030517578125</ele>
        <time>2026-10-04T21:11:48.000Z</time>
        <extensions>
          <ns3:TrackPointExtension>
            <ns3:hr>148</ns3:hr>
            <ns3:cad>91</ns3:cad>
          </ns3:TrackPointExtension>
        </extensions>
      </trkpt>
      <trkpt lat="45.79768921248614788055419921875" lon="126.65061919949948787689208984375">
        <ele>136.8000030517578125</ele>
        <time>2026-10-04T21:11:49.000Z</time>
        <extensions>
          <ns3:TrackPointExtension>
            <ns3:hr>148</ns3:hr>
            <ns3:cad>0</ns3:cad>
          </ns3:TrackPointExtension>
        </extensions>
      </trkpt>
      <trkpt lat="45.797711424529552459716796875" lon="126.65060721337795257568359375">
        <ele>136.8000030517578125</ele>
        <time>2026-10-04T21:11:50.000Z</time>
        <extensions>
          <ns3:TrackPointExtension>
            <ns3:hr>148</ns3:hr>
            <ns3:cad>0</ns3:cad>
          </ns3:TrackPointExtension>
        </extensions>
      </trkpt>
      <trkpt lat="45.79773380421102046966552734375" lon="126.65059774182736873626708984375">
        <ele>136.8000030517578125</ele>
        <time>2026-10-04T21:11:51.000Z</time>
        <extensions>
          <ns3:TrackPointExtension>
            <ns3:hr>148</ns3:hr>
            <ns3:cad>0</ns3:cad>
          </ns3:TrackPointExtension>
        </extensions>
      </trkpt>
      <trkpt lat="45.7977565191686153411865234375" lon="126.65058600716292858123779296875">
        <ele>136.8000030517578125</ele>
        <time>2026-10-04T21:11:52.000Z</time>
        <extensions>
          <ns3:TrackPointExtension>
            <ns3:hr>148</ns3:hr>
            <ns3:cad>90</ns3:cad>
          </ns3:TrackPointExtension>
        </extensions>
      </trkpt>
      <trkpt lat="45.7977776415646076202392578125" lon="126.6505730152130126953125">
        <ele>136.8000030517578125</ele>
        <time>2026-10-04T21:11:53.000Z</time>
        <extensions>
          <ns3:TrackPointExtension>
            <ns3:hr>148</ns3:hr>
            <ns3:cad>90</ns3:cad>
          </ns3:TrackPointExtension>
        </extensions>
      </trkpt>
      <trkpt lat="45.79779968596994876861572265625" lon="126.65055759251117706298828125">
        <ele>137</ele>
        <time>2026-10-04T21:11:54.000Z</time>
        <extensions>
          <ns3:TrackPointExtension>
            <ns3:hr>149</ns3:hr>
            <ns3:cad>90</ns3:cad>
          </ns3:TrackPointExtension>
        </extensions>
      </trkpt>
      <trkpt lat="45.79781997017562389373779296875" lon="126.65054594166576862335205078125">
        <ele>137</ele>
        <time>2026-10-04T21:11:55.000Z</time>
        <extensions>
          <ns3:TrackPointExtension>
            <ns3:hr>149</ns3:hr>
            <ns3:cad>90</ns3:cad>
          </ns3:TrackPointExtension>
        </extensions>
      </trkpt>
      <trkpt lat="45.79783991910517215728759765625" lon="126.65053051896393299102783203125">
        <ele>137</ele>
        <time>2026-10-04T21:11:56.000Z</time>
        <extensions>
          <ns3:TrackPointExtension>
            <ns3:hr>149</ns3:hr>
            <ns3:cad>90</ns3:cad>
          </ns3:TrackPointExtension>
        </extensions>
      </trkpt>
      <trkpt lat="45.79786037094891071319580078125" lon="126.65051559917628765106201171875">
        <ele>137</ele>
        <time>2026-10-04T21:11:57.000Z</time>
        <extensions>
          <ns3:TrackPointExtension>
            <ns3:hr>149</ns3:hr>
            <ns3:cad>90</ns3:cad>
          </ns3:TrackPointExtension>
        </extensions>
      </trkpt>
      <trkpt lat="45.79788065515458583831787109375" lon="126.65049950592219829559326171875">
        <ele>137</ele>
        <time>2026-10-04T21:11:58.000Z</time>
        <extensions>
          <ns3:TrackPointExtension>
            <ns3:hr>149</ns3:hr>
            <ns3:cad>90</ns3:cad>
          </ns3:TrackPointExtension>
        </extensions>
      </trkpt>
      <trkpt lat="45.7979053817689418792724609375" lon="126.65048626251518726348876953125">
        <ele>137</ele>
        <time>2026-10-04T21:11:59.000Z</time>
        <extensions>
          <ns3:TrackPointExtension>
            <ns3:hr>149</ns3:hr>
            <ns3:cad>90</ns3:cad>
          </ns3:TrackPointExtension>
        </extensions>
      </trkpt>
      <trkpt lat="45.79792742617428302764892578125" lon="126.6504712589085102081298828125">
        <ele>137</ele>
        <time>2026-10-04T21:12:00.000Z</time>
        <extensions>
          <ns3:TrackPointExtension>
            <ns3:hr>149</ns3:hr>
            <ns3:cad>90</ns3:cad>
          </ns3:TrackPointExtension>
        </extensions>
      </trkpt>
      <trkpt lat="45.79794972203671932220458984375" lon="126.65045927278697490692138671875">
        <ele>137</ele>
        <time>2026-10-04T21:12:01.000Z</time>
        <extensions>
          <ns3:TrackPointExtension>
            <ns3:hr>149</ns3:hr>
            <ns3:cad>90</ns3:cad>
          </ns3:TrackPointExtension>
        </extensions>
      </trkpt>
      <trkpt lat="45.7979707606136798858642578125" lon="126.6504427604377269744873046875">
        <ele>137</ele>
        <time>2026-10-04T21:12:02.000Z</time>
        <extensions>
          <ns3:TrackPointExtension>
            <ns3:hr>148</ns3:hr>
            <ns3:cad>90</ns3:cad>
          </ns3:TrackPointExtension>
        </extensions>
      </trkpt>
      <trkpt lat="45.79799179919064044952392578125" lon="126.65043496526777744293212890625">
        <ele>137</ele>
        <time>2026-10-04T21:12:03.000Z</time>
        <extensions>
          <ns3:TrackPointExtension>
            <ns3:hr>149</ns3:hr>
            <ns3:cad>90</ns3:cad>
          </ns3:TrackPointExtension>
        </extensions>
      </trkpt>
      <trkpt lat="45.7980146817862987518310546875" lon="126.65041719563305377960205078125">
        <ele>136.8000030517578125</ele>
        <time>2026-10-04T21:12:04.000Z</time>
        <extensions>
          <ns3:TrackPointExtension>
            <ns3:hr>148</ns3:hr>
            <ns3:cad>90</ns3:cad>
          </ns3:TrackPointExtension>
        </extensions>
      </trkpt>
      <trkpt lat="45.79804527573287487030029296875" lon="126.65039598941802978515625">
        <ele>136.8000030517578125</ele>
        <time>2026-10-04T21:12:05.000Z</time>
        <extensions>
          <ns3:TrackPointExtension>
            <ns3:hr>148</ns3:hr>
            <ns3:cad>91</ns3:cad>
          </ns3:TrackPointExtension>
        </extensions>
      </trkpt>
      <trkpt lat="45.798066146671772003173828125" lon="126.65037679485976696014404296875">
        <ele>136.8000030517578125</ele>
        <time>2026-10-04T21:12:06.000Z</time>
        <extensions>
          <ns3:TrackPointExtension>
            <ns3:hr>148</ns3:hr>
            <ns3:cad>91</ns3:cad>
          </ns3:TrackPointExtension>
        </extensions>
      </trkpt>
      <trkpt lat="45.79810042865574359893798828125" lon="126.65035835467278957366943359375">
        <ele>136.600006103515625</ele>
        <time>2026-10-04T21:12:07.000Z</time>
        <extensions>
          <ns3:TrackPointExtension>
            <ns3:hr>149</ns3:hr>
            <ns3:cad>91</ns3:cad>
          </ns3:TrackPointExtension>
        </extensions>
      </trkpt>
      <trkpt lat="45.79811870120465755462646484375" lon="126.650341339409351348876953125">
        <ele>136.600006103515625</ele>
        <time>2026-10-04T21:12:08.000Z</time>
        <extensions>
          <ns3:TrackPointExtension>
            <ns3:hr>149</ns3:hr>
            <ns3:cad>91</ns3:cad>
          </ns3:TrackPointExtension>
        </extensions>
      </trkpt>
      <trkpt lat="45.79814602620899677276611328125" lon="126.650323905050754547119140625">
        <ele>136.600006103515625</ele>
        <time>2026-10-04T21:12:09.000Z</time>
        <extensions>
          <ns3:TrackPointExtension>
            <ns3:hr>149</ns3:hr>
            <ns3:cad>91</ns3:cad>
          </ns3:TrackPointExtension>
        </extensions>
      </trkpt>
      <trkpt lat="45.7981648854911327362060546875" lon="126.65030873380601406097412109375">
        <ele>136.600006103515625</ele>
        <time>2026-10-04T21:12:10.000Z</time>
        <extensions>
          <ns3:TrackPointExtension>
            <ns3:hr>149</ns3:hr>
            <ns3:cad>91</ns3:cad>
          </ns3:TrackPointExtension>
        </extensions>
      </trkpt>
      <trkpt lat="45.798193551599979400634765625" lon="126.650291718542575836181640625">
        <ele>136.600006103515625</ele>
        <time>2026-10-04T21:12:11.000Z</time>
        <extensions>
          <ns3:TrackPointExtension>
            <ns3:hr>149</ns3:hr>
            <ns3:cad>91</ns3:cad>
          </ns3:TrackPointExtension>
        </extensions>
      </trkpt>
      <trkpt lat="45.7982145063579082489013671875" lon="126.6502747870981693267822265625">
        <ele>136.600006103515625</ele>
        <time>2026-10-04T21:12:12.000Z</time>
        <extensions>
          <ns3:TrackPointExtension>
            <ns3:hr>149</ns3:hr>
            <ns3:cad>91</ns3:cad>
          </ns3:TrackPointExtension>
        </extensions>
      </trkpt>
      <trkpt lat="45.79824040643870830535888671875" lon="126.6502623818814754486083984375">
        <ele>136.8000030517578125</ele>
        <time>2026-10-04T21:12:13.000Z</time>
        <extensions>
          <ns3:TrackPointExtension>
            <ns3:hr>149</ns3:hr>
            <ns3:cad>91</ns3:cad>
          </ns3:TrackPointExtension>
        </extensions>
      </trkpt>
      <trkpt lat="45.7982651330530643463134765625" lon="126.65024888701736927032470703125">
        <ele>137</ele>
        <time>2026-10-04T21:12:14.000Z</time>
        <extensions>
          <ns3:TrackPointExtension>
            <ns3:hr>149</ns3:hr>
            <ns3:cad>91</ns3:cad>
          </ns3:TrackPointExtension>
        </extensions>
      </trkpt>
      <trkpt lat="45.7982937991619110107421875" lon="126.650240086019039154052734375">
        <ele>137</ele>
        <time>2026-10-04T21:12:15.000Z</time>
        <extensions>
          <ns3:TrackPointExtension>
            <ns3:hr>149</ns3:hr>
            <ns3:cad>91</ns3:cad>
          </ns3:TrackPointExtension>
        </extensions>
      </trkpt>
      <trkpt lat="45.7983152568340301513671875" lon="126.65022290311753749847412109375">
        <ele>137</ele>
        <time>2026-10-04T21:12:16.000Z</time>
        <extensions>
          <ns3:TrackPointExtension>
            <ns3:hr>148</ns3:hr>
            <ns3:cad>91</ns3:cad>
          </ns3:TrackPointExtension>
        </extensions>
      </trkpt>
      <trkpt lat="45.79834132455289363861083984375" lon="126.65020463056862354278564453125">
        <ele>136.8000030517578125</ele>
        <time>2026-10-04T21:12:17.000Z</time>
        <extensions>
          <ns3:TrackPointExtension>
            <ns3:hr>148</ns3:hr>
            <ns3:cad>91</ns3:cad>
          </ns3:TrackPointExtension>
        </extensions>
      </trkpt>
      <trkpt lat="45.79836345277726650238037109375" lon="126.65018686093389987945556640625">
        <ele>136.8000030517578125</ele>
        <time>2026-10-04T21:12:18.000Z</time>
        <extensions>
          <ns3:TrackPointExtension>
            <ns3:hr>147</ns3:hr>
            <ns3:cad>91</ns3:cad>
          </ns3:TrackPointExtension>
        </extensions>
      </trkpt>
      <trkpt lat="45.79838910140097141265869140625" lon="126.65017110295593738555908203125">
        <ele>136.8000030517578125</ele>
        <time>2026-10-04T21:12:19.000Z</time>
        <extensions>
          <ns3:TrackPointExtension>
            <ns3:hr>147</ns3:hr>
            <ns3:cad>91</ns3:cad>
          </ns3:TrackPointExtension>
        </extensions>
      </trkpt>
      <trkpt lat="45.79841491766273975372314453125" lon="126.65015534497797489166259765625">
        <ele>136.8000030517578125</ele>
        <time>2026-10-04T21:12:20.000Z</time>
        <extensions>
          <ns3:TrackPointExtension>
            <ns3:hr>147</ns3:hr>
            <ns3:cad>91</ns3:cad>
          </ns3:TrackPointExtension>
        </extensions>
      </trkpt>
      <trkpt lat="45.7984413206577301025390625" lon="126.6501470468938350677490234375">
        <ele>136.8000030517578125</ele>
        <time>2026-10-04T21:12:21.000Z</time>
        <extensions>
          <ns3:TrackPointExtension>
            <ns3:hr>147</ns3:hr>
            <ns3:cad>91</ns3:cad>
          </ns3:TrackPointExtension>
        </extensions>
      </trkpt>
      <trkpt lat="45.79846772365272045135498046875" lon="126.65012776851654052734375">
        <ele>136.8000030517578125</ele>
        <time>2026-10-04T21:12:22.000Z</time>
        <extensions>
          <ns3:TrackPointExtension>
            <ns3:hr>147</ns3:hr>
            <ns3:cad>92</ns3:cad>
          </ns3:TrackPointExtension>
        </extensions>
      </trkpt>
      <trkpt lat="45.7984921149909496307373046875" lon="126.65011368691921234130859375">
        <ele>136.8000030517578125</ele>
        <time>2026-10-04T21:12:23.000Z</time>
        <extensions>
          <ns3:TrackPointExtension>
            <ns3:hr>147</ns3:hr>
            <ns3:cad>92</ns3:cad>
          </ns3:TrackPointExtension>
        </extensions>
      </trkpt>
      <trkpt lat="45.79851977527141571044921875" lon="126.6500987671315670013427734375">
        <ele>136.8000030517578125</ele>
        <time>2026-10-04T21:12:24.000Z</time>
        <extensions>
          <ns3:TrackPointExtension>
            <ns3:hr>147</ns3:hr>
            <ns3:cad>92</ns3:cad>
          </ns3:TrackPointExtension>
        </extensions>
      </trkpt>
      <trkpt lat="45.7985414005815982818603515625" lon="126.6500903852283954620361328125">
        <ele>136.8000030517578125</ele>
        <time>2026-10-04T21:12:25.000Z</time>
        <extensions>
          <ns3:TrackPointExtension>
            <ns3:hr>148</ns3:hr>
            <ns3:cad>92</ns3:cad>
          </ns3:TrackPointExtension>
        </extensions>
      </trkpt>
      <trkpt lat="45.7985665462911128997802734375" lon="126.65007739327847957611083984375">
        <ele>136.8000030517578125</ele>
        <time>2026-10-04T21:12:26.000Z</time>
        <extensions>
          <ns3:TrackPointExtension>
            <ns3:hr>148</ns3:hr>
            <ns3:cad>91</ns3:cad>
          </ns3:TrackPointExtension>
        </extensions>
      </trkpt>
      <trkpt lat="45.798591189086437225341796875" lon="126.65006599389016628265380859375">
        <ele>136.8000030517578125</ele>
        <time>2026-10-04T21:12:27.000Z</time>
        <extensions>
          <ns3:TrackPointExtension>
            <ns3:hr>148</ns3:hr>
            <ns3:cad>91</ns3:cad>
          </ns3:TrackPointExtension>
        </extensions>
      </trkpt>
      <trkpt lat="45.7986101321876049041748046875" lon="126.65004570968449115753173828125">
        <ele>137</ele>
        <time>2026-10-04T21:12:28.000Z</time>
        <extensions>
          <ns3:TrackPointExtension>
            <ns3:hr>148</ns3:hr>
            <ns3:cad>91</ns3:cad>
          </ns3:TrackPointExtension>
        </extensions>
      </trkpt>
      <trkpt lat="45.798619352281093597412109375" lon="126.6500219888985157012939453125">
        <ele>137</ele>
        <time>2026-10-04T21:12:29.000Z</time>
        <extensions>
          <ns3:TrackPointExtension>
            <ns3:hr>148</ns3:hr>
            <ns3:cad>90</ns3:cad>
          </ns3:TrackPointExtension>
        </extensions>
      </trkpt>
      <trkpt lat="45.79862161539494991302490234375" lon="126.64998200722038745880126953125">
        <ele>137</ele>
        <time>2026-10-04T21:12:30.000Z</time>
        <extensions>
          <ns3:TrackPointExtension>
            <ns3:hr>148</ns3:hr>
            <ns3:cad>90</ns3:cad>
          </ns3:TrackPointExtension>
        </extensions>
      </trkpt>
      <trkpt lat="45.7986399717628955841064453125" lon="126.6499599628150463104248046875">
        <ele>137</ele>
        <time>2026-10-04T21:12:31.000Z</time>
        <extensions>
          <ns3:TrackPointExtension>
            <ns3:hr>149</ns3:hr>
            <ns3:cad>90</ns3:cad>
          </ns3:TrackPointExtension>
        </extensions>
      </trkpt>
      <trkpt lat="45.79866000451147556304931640625" lon="126.64993708021938800811767578125">
        <ele>137.1999969482421875</ele>
        <time>2026-10-04T21:12:32.000Z</time>
        <extensions>
          <ns3:TrackPointExtension>
            <ns3:hr>148</ns3:hr>
            <ns3:cad>90</ns3:cad>
          </ns3:TrackPointExtension>
        </extensions>
      </trkpt>
      <trkpt lat="45.79868330620229244232177734375" lon="126.6499442048370838165283203125">
        <ele>137.1999969482421875</ele>
        <time>2026-10-04T21:12:33.000Z</time>
        <extensions>
          <ns3:TrackPointExtension>
            <ns3:hr>148</ns3:hr>
            <ns3:cad>88</ns3:cad>
          </ns3:TrackPointExtension>
        </extensions>
      </trkpt>
      <trkpt lat="45.79870493151247501373291015625" lon="126.64995233528316020965576171875">
        <ele>137.1999969482421875</ele>
        <time>2026-10-04T21:12:34.000Z</time>
        <extensions>
          <ns3:TrackPointExtension>
            <ns3:hr>148</ns3:hr>
            <ns3:cad>88</ns3:cad>
          </ns3:TrackPointExtension>
        </extensions>
      </trkpt>
      <trkpt lat="45.798727981746196746826171875" lon="126.64995610713958740234375">
        <ele>137.1999969482421875</ele>
        <time>2026-10-04T21:12:35.000Z</time>
        <extensions>
          <ns3:TrackPointExtension>
            <ns3:hr>148</ns3:hr>
            <ns3:cad>88</ns3:cad>
          </ns3:TrackPointExtension>
        </extensions>
      </trkpt>
      <trkpt lat="45.79874348826706409454345703125" lon="126.64993657730519771575927734375">
        <ele>137</ele>
        <time>2026-10-04T21:12:36.000Z</time>
        <extensions>
          <ns3:TrackPointExtension>
            <ns3:hr>147</ns3:hr>
            <ns3:cad>88</ns3:cad>
          </ns3:TrackPointExtension>
        </extensions>
      </trkpt>
      <trkpt lat="45.79877031035721302032470703125" lon="126.64992383681237697601318359375">
        <ele>137</ele>
        <time>2026-10-04T21:12:37.000Z</time>
        <extensions>
          <ns3:TrackPointExtension>
            <ns3:hr>147</ns3:hr>
            <ns3:cad>88</ns3:cad>
          </ns3:TrackPointExtension>
        </extensions>
      </trkpt>
      <trkpt lat="45.79878799617290496826171875" lon="126.64990673772990703582763671875">
        <ele>137</ele>
        <time>2026-10-04T21:12:38.000Z</time>
        <extensions>
          <ns3:TrackPointExtension>
            <ns3:hr>148</ns3:hr>
            <ns3:cad>89</ns3:cad>
          </ns3:TrackPointExtension>
        </extensions>
      </trkpt>
      <trkpt lat="45.79881624318659305572509765625" lon="126.64989332668483257293701171875">
        <ele>137</ele>
        <time>2026-10-04T21:12:39.000Z</time>
        <extensions>
          <ns3:TrackPointExtension>
            <ns3:hr>148</ns3:hr>
            <ns3:cad>89</ns3:cad>
          </ns3:TrackPointExtension>
        </extensions>
      </trkpt>
      <trkpt lat="45.79883501864969730377197265625" lon="126.6498742997646331787109375">
        <ele>137</ele>
        <time>2026-10-04T21:12:40.000Z</time>
        <extensions>
          <ns3:TrackPointExtension>
            <ns3:hr>148</ns3:hr>
            <ns3:cad>89</ns3:cad>
          </ns3:TrackPointExtension>
        </extensions>
      </trkpt>
      <trkpt lat="45.79886200837790966033935546875" lon="126.64985912851989269256591796875">
        <ele>137</ele>
        <time>2026-10-04T21:12:41.000Z</time>
        <extensions>
          <ns3:TrackPointExtension>
            <ns3:hr>148</ns3:hr>
            <ns3:cad>90</ns3:cad>
          </ns3:TrackPointExtension>
        </extensions>
      </trkpt>
      <trkpt lat="45.79888463951647281646728515625" lon="126.64983817376196384429931640625">
        <ele>137</ele>
        <time>2026-10-04T21:12:42.000Z</time>
        <extensions>
          <ns3:TrackPointExtension>
            <ns3:hr>147</ns3:hr>
            <ns3:cad>91</ns3:cad>
          </ns3:TrackPointExtension>
        </extensions>
      </trkpt>
      <trkpt lat="45.7989122159779071807861328125" lon="126.64982476271688938140869140625">
        <ele>137</ele>
        <time>2026-10-04T21:12:43.000Z</time>
        <extensions>
          <ns3:TrackPointExtension>
            <ns3:hr>147</ns3:hr>
            <ns3:cad>91</ns3:cad>
          </ns3:TrackPointExtension>
        </extensions>
      </trkpt>
      <trkpt lat="45.79893794842064380645751953125" lon="126.6498043946921825408935546875">
        <ele>137</ele>
        <time>2026-10-04T21:12:44.000Z</time>
        <extensions>
          <ns3:TrackPointExtension>
            <ns3:hr>147</ns3:hr>
            <ns3:cad>92</ns3:cad>
          </ns3:TrackPointExtension>
        </extensions>
      </trkpt>
      <trkpt lat="45.79896208830177783966064453125" lon="126.64979358203709125518798828125">
        <ele>137</ele>
        <time>2026-10-04T21:12:45.000Z</time>
        <extensions>
          <ns3:TrackPointExtension>
            <ns3:hr>146</ns3:hr>
            <ns3:cad>92</ns3:cad>
          </ns3:TrackPointExtension>
        </extensions>
      </trkpt>
      <trkpt lat="45.79898924566805362701416015625" lon="126.64977732114493846893310546875">
        <ele>137</ele>
        <time>2026-10-04T21:12:46.000Z</time>
        <extensions>
          <ns3:TrackPointExtension>
            <ns3:hr>145</ns3:hr>
            <ns3:cad>92</ns3:cad>
          </ns3:TrackPointExtension>
        </extensions>
      </trkpt>
      <trkpt lat="45.799012295901775360107421875" lon="126.64976231753826141357421875">
        <ele>137</ele>
        <time>2026-10-04T21:12:47.000Z</time>
        <extensions>
          <ns3:TrackPointExtension>
            <ns3:hr>145</ns3:hr>
            <ns3:cad>92</ns3:cad>
          </ns3:TrackPointExtension>
        </extensions>
      </trkpt>
      <trkpt lat="45.79904146492481231689453125" lon="126.6497504152357578277587890625">
        <ele>137</ele>
        <time>2026-10-04T21:12:48.000Z</time>
        <extensions>
          <ns3:TrackPointExtension>
            <ns3:hr>145</ns3:hr>
            <ns3:cad>92</ns3:cad>
          </ns3:TrackPointExtension>
        </extensions>
      </trkpt>
      <trkpt lat="45.7990630902349948883056640625" lon="126.64974194951355457305908203125">
        <ele>137</ele>
        <time>2026-10-04T21:12:49.000Z</time>
        <extensions>
          <ns3:TrackPointExtension>
            <ns3:hr>145</ns3:hr>
            <ns3:cad>92</ns3:cad>
          </ns3:TrackPointExtension>
        </extensions>
      </trkpt>
      <trkpt lat="45.79909267835319042205810546875" lon="126.649727784097194671630859375">
        <ele>137</ele>
        <time>2026-10-04T21:12:50.000Z</time>
        <extensions>
          <ns3:TrackPointExtension>
            <ns3:hr>145</ns3:hr>
            <ns3:cad>92</ns3:cad>
          </ns3:TrackPointExtension>
        </extensions>
      </trkpt>
      <trkpt lat="45.79911229200661182403564453125" lon="126.649709679186344146728515625">
        <ele>137</ele>
        <time>2026-10-04T21:12:51.000Z</time>
        <extensions>
          <ns3:TrackPointExtension>
            <ns3:hr>146</ns3:hr>
            <ns3:cad>93</ns3:cad>
          </ns3:TrackPointExtension>
        </extensions>
      </trkpt>
      <trkpt lat="45.79914112575352191925048828125" lon="126.6496919095516204833984375">
        <ele>137</ele>
        <time>2026-10-04T21:12:52.000Z</time>
        <extensions>
          <ns3:TrackPointExtension>
            <ns3:hr>146</ns3:hr>
            <ns3:cad>92</ns3:cad>
          </ns3:TrackPointExtension>
        </extensions>
      </trkpt>
      <trkpt lat="45.79915721900761127471923828125" lon="126.6496699489653110504150390625">
        <ele>137</ele>
        <time>2026-10-04T21:12:53.000Z</time>
        <extensions>
          <ns3:TrackPointExtension>
            <ns3:hr>146</ns3:hr>
            <ns3:cad>92</ns3:cad>
          </ns3:TrackPointExtension>
        </extensions>
      </trkpt>
      <trkpt lat="45.7991864718496799468994140625" lon="126.649653352797031402587890625">
        <ele>137</ele>
        <time>2026-10-04T21:12:54.000Z</time>
        <extensions>
          <ns3:TrackPointExtension>
            <ns3:hr>146</ns3:hr>
            <ns3:cad>92</ns3:cad>
          </ns3:TrackPointExtension>
        </extensions>
      </trkpt>
      <trkpt lat="45.79920667223632335662841796875" lon="126.649636588990688323974609375">
        <ele>137</ele>
        <time>2026-10-04T21:12:55.000Z</time>
        <extensions>
          <ns3:TrackPointExtension>
            <ns3:hr>145</ns3:hr>
            <ns3:cad>92</ns3:cad>
          </ns3:TrackPointExtension>
        </extensions>
      </trkpt>
      <trkpt lat="45.79923500306904315948486328125" lon="126.64961747825145721435546875">
        <ele>137</ele>
        <time>2026-10-04T21:12:56.000Z</time>
        <extensions>
          <ns3:TrackPointExtension>
            <ns3:hr>145</ns3:hr>
            <ns3:cad>92</ns3:cad>
          </ns3:TrackPointExtension>
        </extensions>
      </trkpt>
      <trkpt lat="45.799257047474384307861328125" lon="126.64960197173058986663818359375">
        <ele>137</ele>
        <time>2026-10-04T21:12:57.000Z</time>
        <extensions>
          <ns3:TrackPointExtension>
            <ns3:hr>145</ns3:hr>
            <ns3:cad>92</ns3:cad>
          </ns3:TrackPointExtension>
        </extensions>
      </trkpt>
      <trkpt lat="45.7992826960980892181396484375" lon="126.6495841182768344879150390625">
        <ele>137</ele>
        <time>2026-10-04T21:12:58.000Z</time>
        <extensions>
          <ns3:TrackPointExtension>
            <ns3:hr>145</ns3:hr>
            <ns3:cad>92</ns3:cad>
          </ns3:TrackPointExtension>
        </extensions>
      </trkpt>
      <trkpt lat="45.799303986132144927978515625" lon="126.649566181004047393798828125">
        <ele>137</ele>
        <time>2026-10-04T21:12:59.000Z</time>
        <extensions>
          <ns3:TrackPointExtension>
            <ns3:hr>146</ns3:hr>
            <ns3:cad>92</ns3:cad>
          </ns3:TrackPointExtension>
        </extensions>
      </trkpt>
      <trkpt lat="45.79933114349842071533203125" lon="126.64955201558768749237060546875">
        <ele>137</ele>
        <time>2026-10-04T21:13:00.000Z</time>
        <extensions>
          <ns3:TrackPointExtension>
            <ns3:hr>146</ns3:hr>
            <ns3:cad>92</ns3:cad>
          </ns3:TrackPointExtension>
        </extensions>
      </trkpt>
      <trkpt lat="45.79935234971344470977783203125" lon="126.64953709580004215240478515625">
        <ele>137</ele>
        <time>2026-10-04T21:13:01.000Z</time>
        <extensions>
          <ns3:TrackPointExtension>
            <ns3:hr>146</ns3:hr>
            <ns3:cad>92</ns3:cad>
          </ns3:TrackPointExtension>
        </extensions>
      </trkpt>
      <trkpt lat="45.7993785850703716278076171875" lon="126.6495267860591411590576171875">
        <ele>137</ele>
        <time>2026-10-04T21:13:02.000Z</time>
        <extensions>
          <ns3:TrackPointExtension>
            <ns3:hr>145</ns3:hr>
            <ns3:cad>92</ns3:cad>
          </ns3:TrackPointExtension>
        </extensions>
      </trkpt>
      <trkpt lat="45.7994023896753787994384765625" lon="126.64951412938535213470458984375">
        <ele>137</ele>
        <time>2026-10-04T21:13:03.000Z</time>
        <extensions>
          <ns3:TrackPointExtension>
            <ns3:hr>146</ns3:hr>
            <ns3:cad>92</ns3:cad>
          </ns3:TrackPointExtension>
        </extensions>
      </trkpt>
      <trkpt lat="45.79942828975617885589599609375" lon="126.6495049931108951568603515625">
        <ele>137</ele>
        <time>2026-10-04T21:13:04.000Z</time>
        <extensions>
          <ns3:TrackPointExtension>
            <ns3:hr>146</ns3:hr>
            <ns3:cad>92</ns3:cad>
          </ns3:TrackPointExtension>
        </extensions>
      </trkpt>
      <trkpt lat="45.7994498312473297119140625" lon="126.64948965422809123992919921875">
        <ele>137</ele>
        <time>2026-10-04T21:13:05.000Z</time>
        <extensions>
          <ns3:TrackPointExtension>
            <ns3:hr>145</ns3:hr>
            <ns3:cad>92</ns3:cad>
          </ns3:TrackPointExtension>
        </extensions>
      </trkpt>
      <trkpt lat="45.7994748093187808990478515625" lon="126.6494764946401119232177734375">
        <ele>137</ele>
        <time>2026-10-04T21:13:06.000Z</time>
        <extensions>
          <ns3:TrackPointExtension>
            <ns3:hr>146</ns3:hr>
            <ns3:cad>92</ns3:cad>
          </ns3:TrackPointExtension>
        </extensions>
      </trkpt>
      <trkpt lat="45.79950012266635894775390625" lon="126.64946149103343486785888671875">
        <ele>137</ele>
        <time>2026-10-04T21:13:07.000Z</time>
        <extensions>
          <ns3:TrackPointExtension>
            <ns3:hr>146</ns3:hr>
            <ns3:cad>92</ns3:cad>
          </ns3:TrackPointExtension>
        </extensions>
      </trkpt>
      <trkpt lat="45.79952417872846126556396484375" lon="126.6494433023035526275634765625">
        <ele>137</ele>
        <time>2026-10-04T21:13:08.000Z</time>
        <extensions>
          <ns3:TrackPointExtension>
            <ns3:hr>145</ns3:hr>
            <ns3:cad>92</ns3:cad>
          </ns3:TrackPointExtension>
        </extensions>
      </trkpt>
      <trkpt lat="45.79955234192311763763427734375" lon="126.649432070553302764892578125">
        <ele>137</ele>
        <time>2026-10-04T21:13:09.000Z</time>
        <extensions>
          <ns3:TrackPointExtension>
            <ns3:hr>146</ns3:hr>
            <ns3:cad>92</ns3:cad>
          </ns3:TrackPointExtension>
        </extensions>
      </trkpt>
      <trkpt lat="45.79957664944231510162353515625" lon="126.64941740222275257110595703125">
        <ele>137.1999969482421875</ele>
        <time>2026-10-04T21:13:10.000Z</time>
        <extensions>
          <ns3:TrackPointExtension>
            <ns3:hr>146</ns3:hr>
            <ns3:cad>92</ns3:cad>
          </ns3:TrackPointExtension>
        </extensions>
      </trkpt>
      <trkpt lat="45.79960162751376628875732421875" lon="126.649402566254138946533203125">
        <ele>137.1999969482421875</ele>
        <time>2026-10-04T21:13:11.000Z</time>
        <extensions>
          <ns3:TrackPointExtension>
            <ns3:hr>146</ns3:hr>
            <ns3:cad>91</ns3:cad>
          </ns3:TrackPointExtension>
        </extensions>
      </trkpt>
      <trkpt lat="45.79962484538555145263671875" lon="126.64938236586749553680419921875">
        <ele>137.1999969482421875</ele>
        <time>2026-10-04T21:13:12.000Z</time>
        <extensions>
          <ns3:TrackPointExtension>
            <ns3:hr>146</ns3:hr>
            <ns3:cad>91</ns3:cad>
          </ns3:TrackPointExtension>
        </extensions>
      </trkpt>
      <trkpt lat="45.79965175129473209381103515625" lon="126.64937113411724567413330078125">
        <ele>137</ele>
        <time>2026-10-04T21:13:13.000Z</time>
        <extensions>
          <ns3:TrackPointExtension>
            <ns3:hr>146</ns3:hr>
            <ns3:cad>91</ns3:cad>
          </ns3:TrackPointExtension>
        </extensions>
      </trkpt>
      <trkpt lat="45.79967237077653408050537109375" lon="126.64935604669153690338134765625">
        <ele>137</ele>
        <time>2026-10-04T21:13:14.000Z</time>
        <extensions>
          <ns3:TrackPointExtension>
            <ns3:hr>146</ns3:hr>
            <ns3:cad>91</ns3:cad>
          </ns3:TrackPointExtension>
        </extensions>
      </trkpt>
      <trkpt lat="45.79970321618020534515380859375" lon="126.6493403725326061248779296875">
        <ele>136.8000030517578125</ele>
        <time>2026-10-04T21:13:15.000Z</time>
        <extensions>
          <ns3:TrackPointExtension>
            <ns3:hr>147</ns3:hr>
            <ns3:cad>92</ns3:cad>
          </ns3:TrackPointExtension>
        </extensions>
      </trkpt>
      <trkpt lat="45.7997219078242778778076171875" lon="126.64932318963110446929931640625">
        <ele>136.8000030517578125</ele>
        <time>2026-10-04T21:13:16.000Z</time>
        <extensions>
          <ns3:TrackPointExtension>
            <ns3:hr>147</ns3:hr>
            <ns3:cad>92</ns3:cad>
          </ns3:TrackPointExtension>
        </extensions>
      </trkpt>
      <trkpt lat="45.7997514121234416961669921875" lon="126.64930743165314197540283203125">
        <ele>136.8000030517578125</ele>
        <time>2026-10-04T21:13:17.000Z</time>
        <extensions>
          <ns3:TrackPointExtension>
            <ns3:hr>147</ns3:hr>
            <ns3:cad>93</ns3:cad>
          </ns3:TrackPointExtension>
        </extensions>
      </trkpt>
      <trkpt lat="45.7997708581387996673583984375" lon="126.64928899146616458892822265625">
        <ele>136.600006103515625</ele>
        <time>2026-10-04T21:13:18.000Z</time>
        <extensions>
          <ns3:TrackPointExtension>
            <ns3:hr>146</ns3:hr>
            <ns3:cad>92</ns3:cad>
          </ns3:TrackPointExtension>
        </extensions>
      </trkpt>
      <trkpt lat="45.79980296082794666290283203125" lon="126.64927407167851924896240234375">
        <ele>136.600006103515625</ele>
        <time>2026-10-04T21:13:19.000Z</time>
        <extensions>
          <ns3:TrackPointExtension>
            <ns3:hr>147</ns3:hr>
            <ns3:cad>92</ns3:cad>
          </ns3:TrackPointExtension>
        </extensions>
      </trkpt>
      <trkpt lat="45.7998211495578289031982421875" lon="126.64925529621541500091552734375">
        <ele>136.600006103515625</ele>
        <time>2026-10-04T21:13:20.000Z</time>
        <extensions>
          <ns3:TrackPointExtension>
            <ns3:hr>146</ns3:hr>
            <ns3:cad>92</ns3:cad>
          </ns3:TrackPointExtension>
        </extensions>
      </trkpt>
      <trkpt lat="45.79984880983829498291015625" lon="126.64924557320773601531982421875">
        <ele>136.600006103515625</ele>
        <time>2026-10-04T21:13:21.000Z</time>
        <extensions>
          <ns3:TrackPointExtension>
            <ns3:hr>146</ns3:hr>
            <ns3:cad>92</ns3:cad>
          </ns3:TrackPointExtension>
        </extensions>
      </trkpt>
      <trkpt lat="45.79986766912043094635009765625" lon="126.64923031814396381378173828125">
        <ele>136.600006103515625</ele>
        <time>2026-10-04T21:13:22.000Z</time>
        <extensions>
          <ns3:TrackPointExtension>
            <ns3:hr>146</ns3:hr>
            <ns3:cad>92</ns3:cad>
          </ns3:TrackPointExtension>
        </extensions>
      </trkpt>
      <trkpt lat="45.799892731010913848876953125" lon="126.64921673946082592010498046875">
        <ele>136.600006103515625</ele>
        <time>2026-10-04T21:13:23.000Z</time>
        <extensions>
          <ns3:TrackPointExtension>
            <ns3:hr>145</ns3:hr>
            <ns3:cad>92</ns3:cad>
          </ns3:TrackPointExtension>
        </extensions>
      </trkpt>
      <trkpt lat="45.79991326667368412017822265625" lon="126.64919896982610225677490234375">
        <ele>136.600006103515625</ele>
        <time>2026-10-04T21:13:24.000Z</time>
        <extensions>
          <ns3:TrackPointExtension>
            <ns3:hr>145</ns3:hr>
            <ns3:cad>92</ns3:cad>
          </ns3:TrackPointExtension>
        </extensions>
      </trkpt>
      <trkpt lat="45.79993858002126216888427734375" lon="126.649185307323932647705078125">
        <ele>136.600006103515625</ele>
        <time>2026-10-04T21:13:25.000Z</time>
        <extensions>
          <ns3:TrackPointExtension>
            <ns3:hr>145</ns3:hr>
            <ns3:cad>92</ns3:cad>
          </ns3:TrackPointExtension>
        </extensions>
      </trkpt>
      <trkpt lat="45.79996414482593536376953125" lon="126.64916913025081157684326171875">
        <ele>136.600006103515625</ele>
        <time>2026-10-04T21:13:26.000Z</time>
        <extensions>
          <ns3:TrackPointExtension>
            <ns3:hr>145</ns3:hr>
            <ns3:cad>92</ns3:cad>
          </ns3:TrackPointExtension>
        </extensions>
      </trkpt>
      <trkpt lat="45.7999891228973865509033203125" lon="126.649153791368007659912109375">
        <ele>136.600006103515625</ele>
        <time>2026-10-04T21:13:27.000Z</time>
        <extensions>
          <ns3:TrackPointExtension>
            <ns3:hr>144</ns3:hr>
            <ns3:cad>92</ns3:cad>
          </ns3:TrackPointExtension>
        </extensions>
      </trkpt>
      <trkpt lat="45.800015442073345184326171875" lon="126.6491355188190937042236328125">
        <ele>136.600006103515625</ele>
        <time>2026-10-04T21:13:28.000Z</time>
        <extensions>
          <ns3:TrackPointExtension>
            <ns3:hr>144</ns3:hr>
            <ns3:cad>92</ns3:cad>
          </ns3:TrackPointExtension>
        </extensions>
      </trkpt>
      <trkpt lat="45.80003933049738407135009765625" lon="126.64911783300340175628662109375">
        <ele>136.600006103515625</ele>
        <time>2026-10-04T21:13:29.000Z</time>
        <extensions>
          <ns3:TrackPointExtension>
            <ns3:hr>144</ns3:hr>
            <ns3:cad>92</ns3:cad>
          </ns3:TrackPointExtension>
        </extensions>
      </trkpt>
      <trkpt lat="45.800071097910404205322265625" lon="126.6491026617586612701416015625">
        <ele>136.399993896484375</ele>
        <time>2026-10-04T21:13:30.000Z</time>
        <extensions>
          <ns3:TrackPointExtension>
            <ns3:hr>144</ns3:hr>
            <ns3:cad>92</ns3:cad>
          </ns3:TrackPointExtension>
        </extensions>
      </trkpt>
      <trkpt lat="45.8000923879444599151611328125" lon="126.64908296428620815277099609375">
        <ele>136.399993896484375</ele>
        <time>2026-10-04T21:13:31.000Z</time>
        <extensions>
          <ns3:TrackPointExtension>
            <ns3:hr>144</ns3:hr>
            <ns3:cad>92</ns3:cad>
          </ns3:TrackPointExtension>
        </extensions>
      </trkpt>
      <trkpt lat="45.80012247897684574127197265625" lon="126.6490641050040721893310546875">
        <ele>136.399993896484375</ele>
        <time>2026-10-04T21:13:32.000Z</time>
        <extensions>
          <ns3:TrackPointExtension>
            <ns3:hr>144</ns3:hr>
            <ns3:cad>92</ns3:cad>
          </ns3:TrackPointExtension>
        </extensions>
      </trkpt>
      <trkpt lat="45.8001430146396160125732421875" lon="126.6490463353693485260009765625">
        <ele>136.399993896484375</ele>
        <time>2026-10-04T21:13:33.000Z</time>
        <extensions>
          <ns3:TrackPointExtension>
            <ns3:hr>144</ns3:hr>
            <ns3:cad>92</ns3:cad>
          </ns3:TrackPointExtension>
        </extensions>
      </trkpt>
      <trkpt lat="45.80017444677650928497314453125" lon="126.649032421410083770751953125">
        <ele>136.399993896484375</ele>
        <time>2026-10-04T21:13:34.000Z</time>
        <extensions>
          <ns3:TrackPointExtension>
            <ns3:hr>144</ns3:hr>
            <ns3:cad>92</ns3:cad>
          </ns3:TrackPointExtension>
        </extensions>
      </trkpt>
      <trkpt lat="45.800194479525089263916015625" lon="126.64901825599372386932373046875">
        <ele>136.399993896484375</ele>
        <time>2026-10-04T21:13:35.000Z</time>
        <extensions>
          <ns3:TrackPointExtension>
            <ns3:hr>144</ns3:hr>
            <ns3:cad>92</ns3:cad>
          </ns3:TrackPointExtension>
        </extensions>
      </trkpt>
      <trkpt lat="45.8002244867384433746337890625" lon="126.6490057669579982757568359375">
        <ele>136.1999969482421875</ele>
        <time>2026-10-04T21:13:36.000Z</time>
        <extensions>
          <ns3:TrackPointExtension>
            <ns3:hr>145</ns3:hr>
            <ns3:cad>92</ns3:cad>
          </ns3:TrackPointExtension>
        </extensions>
      </trkpt>
      <trkpt lat="45.8002446033060550689697265625" lon="126.64898757822811603546142578125">
        <ele>136.1999969482421875</ele>
        <time>2026-10-04T21:13:37.000Z</time>
        <extensions>
          <ns3:TrackPointExtension>
            <ns3:hr>145</ns3:hr>
            <ns3:cad>92</ns3:cad>
          </ns3:TrackPointExtension>
        </extensions>
      </trkpt>
      <trkpt lat="45.8002774603664875030517578125" lon="126.648976765573024749755859375">
        <ele>136.1999969482421875</ele>
        <time>2026-10-04T21:13:38.000Z</time>
        <extensions>
          <ns3:TrackPointExtension>
            <ns3:hr>145</ns3:hr>
            <ns3:cad>92</ns3:cad>
          </ns3:TrackPointExtension>
        </extensions>
      </trkpt>
      <trkpt lat="45.80029732547700405120849609375" lon="126.6489578224718570709228515625">
        <ele>136.1999969482421875</ele>
        <time>2026-10-04T21:13:39.000Z</time>
        <extensions>
          <ns3:TrackPointExtension>
            <ns3:hr>145</ns3:hr>
            <ns3:cad>92</ns3:cad>
          </ns3:TrackPointExtension>
        </extensions>
      </trkpt>
      <trkpt lat="45.800327919423580169677734375" lon="126.64894960820674896240234375">
        <ele>136</ele>
        <time>2026-10-04T21:13:40.000Z</time>
        <extensions>
          <ns3:TrackPointExtension>
            <ns3:hr>145</ns3:hr>
            <ns3:cad>90</ns3:cad>
          </ns3:TrackPointExtension>
        </extensions>
      </trkpt>
      <trkpt lat="45.8003456890583038330078125" lon="126.64893443696200847625732421875">
        <ele>136</ele>
        <time>2026-10-04T21:13:41.000Z</time>
        <extensions>
          <ns3:TrackPointExtension>
            <ns3:hr>146</ns3:hr>
            <ns3:cad>90</ns3:cad>
          </ns3:TrackPointExtension>
        </extensions>
      </trkpt>
      <trkpt lat="45.80037578009068965911865234375" lon="126.64891968481242656707763671875">
        <ele>136</ele>
        <time>2026-10-04T21:13:42.000Z</time>
        <extensions>
          <ns3:TrackPointExtension>
            <ns3:hr>146</ns3:hr>
            <ns3:cad>90</ns3:cad>
          </ns3:TrackPointExtension>
        </extensions>
      </trkpt>
      <trkpt lat="45.80039623193442821502685546875" lon="126.64890057407319545745849609375">
        <ele>136</ele>
        <time>2026-10-04T21:13:43.000Z</time>
        <extensions>
          <ns3:TrackPointExtension>
            <ns3:hr>146</ns3:hr>
            <ns3:cad>90</ns3:cad>
          </ns3:TrackPointExtension>
        </extensions>
      </trkpt>
      <trkpt lat="45.80042548477649688720703125" lon="126.648883558809757232666015625">
        <ele>135.8000030517578125</ele>
        <time>2026-10-04T21:13:44.000Z</time>
        <extensions>
          <ns3:TrackPointExtension>
            <ns3:hr>146</ns3:hr>
            <ns3:cad>90</ns3:cad>
          </ns3:TrackPointExtension>
        </extensions>
      </trkpt>
      <trkpt lat="45.80044568516314029693603515625" lon="126.648866124451160430908203125">
        <ele>135.8000030517578125</ele>
        <time>2026-10-04T21:13:45.000Z</time>
        <extensions>
          <ns3:TrackPointExtension>
            <ns3:hr>146</ns3:hr>
            <ns3:cad>90</ns3:cad>
          </ns3:TrackPointExtension>
        </extensions>
      </trkpt>
      <trkpt lat="45.80047510564327239990234375" lon="126.6488528810441493988037109375">
        <ele>135.8000030517578125</ele>
        <time>2026-10-04T21:13:46.000Z</time>
        <extensions>
          <ns3:TrackPointExtension>
            <ns3:hr>146</ns3:hr>
            <ns3:cad>91</ns3:cad>
          </ns3:TrackPointExtension>
        </extensions>
      </trkpt>
      <trkpt lat="45.80049455165863037109375" lon="126.64883502759039402008056640625">
        <ele>135.8000030517578125</ele>
        <time>2026-10-04T21:13:47.000Z</time>
        <extensions>
          <ns3:TrackPointExtension>
            <ns3:hr>146</ns3:hr>
            <ns3:cad>92</ns3:cad>
          </ns3:TrackPointExtension>
        </extensions>
      </trkpt>
      <trkpt lat="45.8005228824913501739501953125" lon="126.6488201916217803955078125">
        <ele>135.8000030517578125</ele>
        <time>2026-10-04T21:13:48.000Z</time>
        <extensions>
          <ns3:TrackPointExtension>
            <ns3:hr>147</ns3:hr>
            <ns3:cad>92</ns3:cad>
          </ns3:TrackPointExtension>
        </extensions>
      </trkpt>
      <trkpt lat="45.8005426637828350067138671875" lon="126.64880250580608844757080078125">
        <ele>135.8000030517578125</ele>
        <time>2026-10-04T21:13:49.000Z</time>
        <extensions>
          <ns3:TrackPointExtension>
            <ns3:hr>147</ns3:hr>
            <ns3:cad>92</ns3:cad>
          </ns3:TrackPointExtension>
        </extensions>
      </trkpt>
      <trkpt lat="45.8005691505968570709228515625" lon="126.64878741838037967681884765625">
        <ele>135.8000030517578125</ele>
        <time>2026-10-04T21:13:50.000Z</time>
        <extensions>
          <ns3:TrackPointExtension>
            <ns3:hr>147</ns3:hr>
            <ns3:cad>92</ns3:cad>
          </ns3:TrackPointExtension>
        </extensions>
      </trkpt>
      <trkpt lat="45.8005896024405956268310546875" lon="126.64876713417470455169677734375">
        <ele>135.8000030517578125</ele>
        <time>2026-10-04T21:13:51.000Z</time>
        <extensions>
          <ns3:TrackPointExtension>
            <ns3:hr>147</ns3:hr>
            <ns3:cad>92</ns3:cad>
          </ns3:TrackPointExtension>
        </extensions>
      </trkpt>
      <trkpt lat="45.80061567015945911407470703125" lon="126.64875355549156665802001953125">
        <ele>135.600006103515625</ele>
        <time>2026-10-04T21:13:52.000Z</time>
        <extensions>
          <ns3:TrackPointExtension>
            <ns3:hr>147</ns3:hr>
            <ns3:cad>92</ns3:cad>
          </ns3:TrackPointExtension>
        </extensions>
      </trkpt>
      <trkpt lat="45.80063897185027599334716796875" lon="126.64873327128589153289794921875">
        <ele>135.600006103515625</ele>
        <time>2026-10-04T21:13:53.000Z</time>
        <extensions>
          <ns3:TrackPointExtension>
            <ns3:hr>147</ns3:hr>
            <ns3:cad>92</ns3:cad>
          </ns3:TrackPointExtension>
        </extensions>
      </trkpt>
      <trkpt lat="45.80066227354109287261962890625" lon="126.648720614612102508544921875">
        <ele>135.600006103515625</ele>
        <time>2026-10-04T21:13:54.000Z</time>
        <extensions>
          <ns3:TrackPointExtension>
            <ns3:hr>146</ns3:hr>
            <ns3:cad>92</ns3:cad>
          </ns3:TrackPointExtension>
        </extensions>
      </trkpt>
      <trkpt lat="45.8006863296031951904296875" lon="126.64870552718639373779296875">
        <ele>135.399993896484375</ele>
        <time>2026-10-04T21:13:55.000Z</time>
        <extensions>
          <ns3:TrackPointExtension>
            <ns3:hr>146</ns3:hr>
            <ns3:cad>92</ns3:cad>
          </ns3:TrackPointExtension>
        </extensions>
      </trkpt>
      <trkpt lat="45.80071139149367809295654296875" lon="126.64869354106485843658447265625">
        <ele>135.399993896484375</ele>
        <time>2026-10-04T21:13:56.000Z</time>
        <extensions>
          <ns3:TrackPointExtension>
            <ns3:hr>146</ns3:hr>
            <ns3:cad>92</ns3:cad>
          </ns3:TrackPointExtension>
        </extensions>
      </trkpt>
      <trkpt lat="45.80073955468833446502685546875" lon="126.64868247695267200469970703125">
        <ele>135.399993896484375</ele>
        <time>2026-10-04T21:13:57.000Z</time>
        <extensions>
          <ns3:TrackPointExtension>
            <ns3:hr>145</ns3:hr>
            <ns3:cad>92</ns3:cad>
          </ns3:TrackPointExtension>
        </extensions>
      </trkpt>
      <trkpt lat="45.80076319165527820587158203125" lon="126.64866571314632892608642578125">
        <ele>135.399993896484375</ele>
        <time>2026-10-04T21:13:58.000Z</time>
        <extensions>
          <ns3:TrackPointExtension>
            <ns3:hr>145</ns3:hr>
            <ns3:cad>92</ns3:cad>
          </ns3:TrackPointExtension>
        </extensions>
      </trkpt>
      <trkpt lat="45.8007947914302349090576171875" lon="126.64865590631961822509765625">
        <ele>135.399993896484375</ele>
        <time>2026-10-04T21:13:59.000Z</time>
        <extensions>
          <ns3:TrackPointExtension>
            <ns3:hr>145</ns3:hr>
            <ns3:cad>92</ns3:cad>
          </ns3:TrackPointExtension>
        </extensions>
      </trkpt>
      <trkpt lat="45.80081784166395664215087890625" lon="126.64863939397037029266357421875">
        <ele>135.399993896484375</ele>
        <time>2026-10-04T21:14:00.000Z</time>
        <extensions>
          <ns3:TrackPointExtension>
            <ns3:hr>145</ns3:hr>
            <ns3:cad>92</ns3:cad>
          </ns3:TrackPointExtension>
        </extensions>
      </trkpt>
      <trkpt lat="45.8008497767150402069091796875" lon="126.64862883277237415313720703125">
        <ele>135.1999969482421875</ele>
        <time>2026-10-04T21:14:01.000Z</time>
        <extensions>
          <ns3:TrackPointExtension>
            <ns3:hr>145</ns3:hr>
            <ns3:cad>92</ns3:cad>
          </ns3:TrackPointExtension>
        </extensions>
      </trkpt>
      <trkpt lat="45.8008719049394130706787109375" lon="126.6486134938895702362060546875">
        <ele>135.1999969482421875</ele>
        <time>2026-10-04T21:14:02.000Z</time>
        <extensions>
          <ns3:TrackPointExtension>
            <ns3:hr>144</ns3:hr>
            <ns3:cad>92</ns3:cad>
          </ns3:TrackPointExtension>
        </extensions>
      </trkpt>
      <trkpt lat="45.80090451054275035858154296875" lon="126.64859957993030548095703125">
        <ele>135.1999969482421875</ele>
        <time>2026-10-04T21:14:03.000Z</time>
        <extensions>
          <ns3:TrackPointExtension>
            <ns3:hr>144</ns3:hr>
            <ns3:cad>92</ns3:cad>
          </ns3:TrackPointExtension>
        </extensions>
      </trkpt>
      <trkpt lat="45.80092311836779117584228515625" lon="126.64858256466686725616455078125">
        <ele>135</ele>
        <time>2026-10-04T21:14:04.000Z</time>
        <extensions>
          <ns3:TrackPointExtension>
            <ns3:hr>143</ns3:hr>
            <ns3:cad>92</ns3:cad>
          </ns3:TrackPointExtension>
        </extensions>
      </trkpt>
      <trkpt lat="45.8009523712098598480224609375" lon="126.6485662199556827545166015625">
        <ele>135</ele>
        <time>2026-10-04T21:14:05.000Z</time>
        <extensions>
          <ns3:TrackPointExtension>
            <ns3:hr>143</ns3:hr>
            <ns3:cad>93</ns3:cad>
          </ns3:TrackPointExtension>
        </extensions>
      </trkpt>
      <trkpt lat="45.80097374506294727325439453125" lon="126.64854995906352996826171875">
        <ele>134.8000030517578125</ele>
        <time>2026-10-04T21:14:06.000Z</time>
        <extensions>
          <ns3:TrackPointExtension>
            <ns3:hr>143</ns3:hr>
            <ns3:cad>93</ns3:cad>
          </ns3:TrackPointExtension>
        </extensions>
      </trkpt>
      <trkpt lat="45.8010028302669525146484375" lon="126.64853797294199466705322265625">
        <ele>134.8000030517578125</ele>
        <time>2026-10-04T21:14:07.000Z</time>
        <extensions>
          <ns3:TrackPointExtension>
            <ns3:hr>143</ns3:hr>
            <ns3:cad>93</ns3:cad>
          </ns3:TrackPointExtension>
        </extensions>
      </trkpt>
      <trkpt lat="45.80102495849132537841796875" lon="126.64852053858339786529541015625">
        <ele>134.8000030517578125</ele>
        <time>2026-10-04T21:14:08.000Z</time>
        <extensions>
          <ns3:TrackPointExtension>
            <ns3:hr>143</ns3:hr>
            <ns3:cad>93</ns3:cad>
          </ns3:TrackPointExtension>
        </extensions>
      </trkpt>
      <trkpt lat="45.80105102621018886566162109375" lon="126.6485058702528476715087890625">
        <ele>134.600006103515625</ele>
        <time>2026-10-04T21:14:09.000Z</time>
        <extensions>
          <ns3:TrackPointExtension>
            <ns3:hr>143</ns3:hr>
            <ns3:cad>93</ns3:cad>
          </ns3:TrackPointExtension>
        </extensions>
      </trkpt>
      <trkpt lat="45.80107365734875202178955078125" lon="126.6484877653419971466064453125">
        <ele>134.600006103515625</ele>
        <time>2026-10-04T21:14:10.000Z</time>
        <extensions>
          <ns3:TrackPointExtension>
            <ns3:hr>143</ns3:hr>
            <ns3:cad>93</ns3:cad>
          </ns3:TrackPointExtension>
        </extensions>
      </trkpt>
      <trkpt lat="45.80110198818147182464599609375" lon="126.648474521934986114501953125">
        <ele>134.600006103515625</ele>
        <time>2026-10-04T21:14:11.000Z</time>
        <extensions>
          <ns3:TrackPointExtension>
            <ns3:hr>143</ns3:hr>
            <ns3:cad>93</ns3:cad>
          </ns3:TrackPointExtension>
        </extensions>
      </trkpt>
      <trkpt lat="45.80112964846193790435791015625" lon="126.648457087576389312744140625">
        <ele>134.600006103515625</ele>
        <time>2026-10-04T21:14:12.000Z</time>
        <extensions>
          <ns3:TrackPointExtension>
            <ns3:hr>143</ns3:hr>
            <ns3:cad>93</ns3:cad>
          </ns3:TrackPointExtension>
        </extensions>
      </trkpt>
      <trkpt lat="45.8011555485427379608154296875" lon="126.6484420001506805419921875">
        <ele>134.8000030517578125</ele>
        <time>2026-10-04T21:14:13.000Z</time>
        <extensions>
          <ns3:TrackPointExtension>
            <ns3:hr>144</ns3:hr>
            <ns3:cad>92</ns3:cad>
          </ns3:TrackPointExtension>
        </extensions>
      </trkpt>
      <trkpt lat="45.8011820353567600250244140625" lon="126.6484290920197963714599609375">
        <ele>134.8000030517578125</ele>
        <time>2026-10-04T21:14:14.000Z</time>
        <extensions>
          <ns3:TrackPointExtension>
            <ns3:hr>143</ns3:hr>
            <ns3:cad>92</ns3:cad>
          </ns3:TrackPointExtension>
        </extensions>
      </trkpt>
      <trkpt lat="45.80120198428630828857421875" lon="126.6484109871089458465576171875">
        <ele>134.600006103515625</ele>
        <time>2026-10-04T21:14:15.000Z</time>
        <extensions>
          <ns3:TrackPointExtension>
            <ns3:hr>144</ns3:hr>
            <ns3:cad>93</ns3:cad>
          </ns3:TrackPointExtension>
        </extensions>
      </trkpt>
      <trkpt lat="45.8012329973280429840087890625" lon="126.64839581586420536041259765625">
        <ele>134.600006103515625</ele>
        <time>2026-10-04T21:14:16.000Z</time>
        <extensions>
          <ns3:TrackPointExtension>
            <ns3:hr>144</ns3:hr>
            <ns3:cad>93</ns3:cad>
          </ns3:TrackPointExtension>
        </extensions>
      </trkpt>
      <trkpt lat="45.80125587992370128631591796875" lon="126.6483781300485134124755859375">
        <ele>134.399993896484375</ele>
        <time>2026-10-04T21:14:17.000Z</time>
        <extensions>
          <ns3:TrackPointExtension>
            <ns3:hr>144</ns3:hr>
            <ns3:cad>93</ns3:cad>
          </ns3:TrackPointExtension>
        </extensions>
      </trkpt>
      <trkpt lat="45.80128672532737255096435546875" lon="126.64836379699409008026123046875">
        <ele>134.1999969482421875</ele>
        <time>2026-10-04T21:14:18.000Z</time>
        <extensions>
          <ns3:TrackPointExtension>
            <ns3:hr>145</ns3:hr>
            <ns3:cad>92</ns3:cad>
          </ns3:TrackPointExtension>
        </extensions>
      </trkpt>
      <trkpt lat="45.80130768008530139923095703125" lon="126.6483439318835735321044921875">
        <ele>134.1999969482421875</ele>
        <time>2026-10-04T21:14:19.000Z</time>
        <extensions>
          <ns3:TrackPointExtension>
            <ns3:hr>145</ns3:hr>
            <ns3:cad>92</ns3:cad>
          </ns3:TrackPointExtension>
        </extensions>
      </trkpt>
      <trkpt lat="45.80133073031902313232421875" lon="126.64831769652664661407470703125">
        <ele>134.1999969482421875</ele>
        <time>2026-10-04T21:14:20.000Z</time>
        <extensions>
          <ns3:TrackPointExtension>
            <ns3:hr>145</ns3:hr>
            <ns3:cad>92</ns3:cad>
          </ns3:TrackPointExtension>
        </extensions>
      </trkpt>
      <trkpt lat="45.8013486675918102264404296875" lon="126.64828869514167308807373046875">
        <ele>134</ele>
        <time>2026-10-04T21:14:21.000Z</time>
        <extensions>
          <ns3:TrackPointExtension>
            <ns3:hr>145</ns3:hr>
            <ns3:cad>92</ns3:cad>
          </ns3:TrackPointExtension>
        </extensions>
      </trkpt>
      <trkpt lat="45.801363922655582427978515625" lon="126.6482638008892536163330078125">
        <ele>134</ele>
        <time>2026-10-04T21:14:22.000Z</time>
        <extensions>
          <ns3:TrackPointExtension>
            <ns3:hr>144</ns3:hr>
            <ns3:cad>91</ns3:cad>
          </ns3:TrackPointExtension>
        </extensions>
      </trkpt>
      <trkpt lat="45.801372639834880828857421875" lon="126.64825617335736751556396484375">
        <ele>133.8000030517578125</ele>
        <time>2026-10-04T21:14:23.000Z</time>
        <extensions>
          <ns3:TrackPointExtension>
            <ns3:hr>144</ns3:hr>
            <ns3:cad>90</ns3:cad>
          </ns3:TrackPointExtension>
        </extensions>
      </trkpt>
      <trkpt lat="45.80138311721384525299072265625" lon="126.6482550837099552154541015625">
        <ele>133.600006103515625</ele>
        <time>2026-10-04T21:14:24.000Z</time>
        <extensions>
          <ns3:TrackPointExtension>
            <ns3:hr>144</ns3:hr>
            <ns3:cad>90</ns3:cad>
          </ns3:TrackPointExtension>
        </extensions>
      </trkpt>
      <trkpt lat="45.80139183439314365386962890625" lon="126.6482483781874179840087890625">
        <ele>133.399993896484375</ele>
        <time>2026-10-04T21:14:25.000Z</time>
        <extensions>
          <ns3:TrackPointExtension>
            <ns3:hr>144</ns3:hr>
            <ns3:cad>90</ns3:cad>
          </ns3:TrackPointExtension>
        </extensions>
      </trkpt>
      <trkpt lat="45.8013925887644290924072265625" lon="126.648247539997100830078125">
        <ele>133</ele>
        <time>2026-10-04T21:14:26.000Z</time>
        <extensions>
          <ns3:TrackPointExtension>
            <ns3:hr>144</ns3:hr>
            <ns3:cad>86</ns3:cad>
          </ns3:TrackPointExtension>
        </extensions>
      </trkpt>
      <trkpt lat="45.8013942651450634002685546875" lon="126.6482487134635448455810546875">
        <ele>132.600006103515625</ele>
        <time>2026-10-04T21:14:27.000Z</time>
        <extensions>
          <ns3:TrackPointExtension>
            <ns3:hr>144</ns3:hr>
            <ns3:cad>86</ns3:cad>
          </ns3:TrackPointExtension>
        </extensions>
      </trkpt>
      <trkpt lat="45.80139585770666599273681640625" lon="126.6482433490455150604248046875">
        <ele>132.1999969482421875</ele>
        <time>2026-10-04T21:14:28.000Z</time>
        <extensions>
          <ns3:TrackPointExtension>
            <ns3:hr>144</ns3:hr>
            <ns3:cad>86</ns3:cad>
          </ns3:TrackPointExtension>
        </extensions>
      </trkpt>
      <trkpt lat="45.8014083467423915863037109375" lon="126.64824016392230987548828125">
        <ele>131.600006103515625</ele>
        <time>2026-10-04T21:14:29.000Z</time>
        <extensions>
          <ns3:TrackPointExtension>
            <ns3:hr>145</ns3:hr>
            <ns3:cad>86</ns3:cad>
          </ns3:TrackPointExtension>
        </extensions>
      </trkpt>
      <trkpt lat="45.8014220930635929107666015625" lon="126.64824225939810276031494140625">
        <ele>131.1999969482421875</ele>
        <time>2026-10-04T21:14:30.000Z</time>
        <extensions>
          <ns3:TrackPointExtension>
            <ns3:hr>144</ns3:hr>
            <ns3:cad>86</ns3:cad>
          </ns3:TrackPointExtension>
        </extensions>
      </trkpt>
      <trkpt lat="45.80143324099481105804443359375" lon="126.6482435166835784912109375">
        <ele>131</ele>
        <time>2026-10-04T21:14:31.000Z</time>
        <extensions>
          <ns3:TrackPointExtension>
            <ns3:hr>144</ns3:hr>
            <ns3:cad>86</ns3:cad>
          </ns3:TrackPointExtension>
        </extensions>
      </trkpt>
      <trkpt lat="45.80144229345023632049560546875" lon="126.648242175579071044921875">
        <ele>130.8000030517578125</ele>
        <time>2026-10-04T21:14:32.000Z</time>
        <extensions>
          <ns3:TrackPointExtension>
            <ns3:hr>144</ns3:hr>
            <ns3:cad>86</ns3:cad>
          </ns3:TrackPointExtension>
        </extensions>
      </trkpt>
      <trkpt lat="45.80144899897277355194091796875" lon="126.6482393257319927215576171875">
        <ele>130.600006103515625</ele>
        <time>2026-10-04T21:14:33.000Z</time>
        <extensions>
          <ns3:TrackPointExtension>
            <ns3:hr>144</ns3:hr>
            <ns3:cad>86</ns3:cad>
          </ns3:TrackPointExtension>
        </extensions>
      </trkpt>
      <trkpt lat="45.80145151354372501373291015625" lon="126.64823303930461406707763671875">
        <ele>130.1999969482421875</ele>
        <time>2026-10-04T21:14:34.000Z</time>
        <extensions>
          <ns3:TrackPointExtension>
            <ns3:hr>144</ns3:hr>
            <ns3:cad>81</ns3:cad>
          </ns3:TrackPointExtension>
        </extensions>
      </trkpt>
      <trkpt lat="45.80145805142819881439208984375" lon="126.64822683669626712799072265625">
        <ele>129.8000030517578125</ele>
        <time>2026-10-04T21:14:35.000Z</time>
        <extensions>
          <ns3:TrackPointExtension>
            <ns3:hr>143</ns3:hr>
            <ns3:cad>81</ns3:cad>
          </ns3:TrackPointExtension>
        </extensions>
      </trkpt>
      <trkpt lat="45.8014532737433910369873046875" lon="126.64822901599109172821044921875">
        <ele>129.399993896484375</ele>
        <time>2026-10-04T21:14:36.000Z</time>
        <extensions>
          <ns3:TrackPointExtension>
            <ns3:hr>142</ns3:hr>
            <ns3:cad>81</ns3:cad>
          </ns3:TrackPointExtension>
        </extensions>
      </trkpt>
      <trkpt lat="45.80144204199314117431640625" lon="126.64822080172598361968994140625">
        <ele>129</ele>
        <time>2026-10-04T21:14:37.000Z</time>
        <extensions>
          <ns3:TrackPointExtension>
            <ns3:hr>141</ns3:hr>
            <ns3:cad>81</ns3:cad>
          </ns3:TrackPointExtension>
        </extensions>
      </trkpt>
      <trkpt lat="45.80142796039581298828125" lon="126.64822113700211048126220703125">
        <ele>128.8000030517578125</ele>
        <time>2026-10-04T21:14:38.000Z</time>
        <extensions>
          <ns3:TrackPointExtension>
            <ns3:hr>140</ns3:hr>
            <ns3:cad>81</ns3:cad>
          </ns3:TrackPointExtension>
        </extensions>
      </trkpt>
      <trkpt lat="45.8013805188238620758056640625" lon="126.64822482503950595855712890625">
        <ele>128.399993896484375</ele>
        <time>2026-10-04T21:14:39.000Z</time>
        <extensions>
          <ns3:TrackPointExtension>
            <ns3:hr>139</ns3:hr>
            <ns3:cad>81</ns3:cad>
          </ns3:TrackPointExtension>
        </extensions>
      </trkpt>
      <trkpt lat="45.80136249773204326629638671875" lon="126.64822675287723541259765625">
        <ele>128.1999969482421875</ele>
        <time>2026-10-04T21:14:40.000Z</time>
        <extensions>
          <ns3:TrackPointExtension>
            <ns3:hr>139</ns3:hr>
            <ns3:cad>80</ns3:cad>
          </ns3:TrackPointExtension>
        </extensions>
      </trkpt>
      <trkpt lat="45.801345147192478179931640625" lon="126.64823404513299465179443359375">
        <ele>127.8000030517578125</ele>
        <time>2026-10-04T21:14:41.000Z</time>
        <extensions>
          <ns3:TrackPointExtension>
            <ns3:hr>138</ns3:hr>
            <ns3:cad>80</ns3:cad>
          </ns3:TrackPointExtension>
        </extensions>
      </trkpt>
      <trkpt lat="45.8013319037854671478271484375" lon="126.6482379846274852752685546875">
        <ele>127.59999847412109375</ele>
        <time>2026-10-04T21:14:42.000Z</time>
        <extensions>
          <ns3:TrackPointExtension>
            <ns3:hr>138</ns3:hr>
            <ns3:cad>80</ns3:cad>
          </ns3:TrackPointExtension>
        </extensions>
      </trkpt>
      <trkpt lat="45.801320336759090423583984375" lon="126.648247539997100830078125">
        <ele>127.1999969482421875</ele>
        <time>2026-10-04T21:14:43.000Z</time>
        <extensions>
          <ns3:TrackPointExtension>
            <ns3:hr>137</ns3:hr>
            <ns3:cad>80</ns3:cad>
          </ns3:TrackPointExtension>
        </extensions>
      </trkpt>
      <trkpt lat="45.80130650661885738372802734375" lon="126.64825382642447948455810546875">
        <ele>126.8000030517578125</ele>
        <time>2026-10-04T21:14:44.000Z</time>
        <extensions>
          <ns3:TrackPointExtension>
            <ns3:hr>137</ns3:hr>
            <ns3:cad>80</ns3:cad>
          </ns3:TrackPointExtension>
        </extensions>
      </trkpt>
      <trkpt lat="45.801294855773448944091796875" lon="126.64826572872698307037353515625">
        <ele>126.40000152587890625</ele>
        <time>2026-10-04T21:14:45.000Z</time>
        <extensions>
          <ns3:TrackPointExtension>
            <ns3:hr>137</ns3:hr>
            <ns3:cad>80</ns3:cad>
          </ns3:TrackPointExtension>
        </extensions>
      </trkpt>
      <trkpt lat="45.80128915607929229736328125" lon="126.64827503263950347900390625">
        <ele>126</ele>
        <time>2026-10-04T21:14:46.000Z</time>
        <extensions>
          <ns3:TrackPointExtension>
            <ns3:hr>137</ns3:hr>
            <ns3:cad>79</ns3:cad>
          </ns3:TrackPointExtension>
        </extensions>
      </trkpt>
      <trkpt lat="45.8012883178889751434326171875" lon="126.6482802294194698333740234375">
        <ele>125.59999847412109375</ele>
        <time>2026-10-04T21:14:47.000Z</time>
        <extensions>
          <ns3:TrackPointExtension>
            <ns3:hr>137</ns3:hr>
            <ns3:cad>79</ns3:cad>
          </ns3:TrackPointExtension>
        </extensions>
      </trkpt>
      <trkpt lat="45.8012956939637660980224609375" lon="126.648286767303943634033203125">
        <ele>125.40000152587890625</ele>
        <time>2026-10-04T21:14:48.000Z</time>
        <extensions>
          <ns3:TrackPointExtension>
            <ns3:hr>136</ns3:hr>
            <ns3:cad>79</ns3:cad>
          </ns3:TrackPointExtension>
        </extensions>
      </trkpt>
      <trkpt lat="45.8012978732585906982421875" lon="126.64828266017138957977294921875">
        <ele>125.40000152587890625</ele>
        <time>2026-10-04T21:14:49.000Z</time>
        <extensions>
          <ns3:TrackPointExtension>
            <ns3:hr>136</ns3:hr>
            <ns3:cad>79</ns3:cad>
          </ns3:TrackPointExtension>
        </extensions>
      </trkpt>
      <trkpt lat="45.8013030700385570526123046875" lon="126.64827696047723293304443359375">
        <ele>125</ele>
        <time>2026-10-04T21:14:50.000Z</time>
        <extensions>
          <ns3:TrackPointExtension>
            <ns3:hr>135</ns3:hr>
            <ns3:cad>79</ns3:cad>
          </ns3:TrackPointExtension>
        </extensions>
      </trkpt>
      <trkpt lat="45.80131002701818943023681640625" lon="126.6482757031917572021484375">
        <ele>124.8000030517578125</ele>
        <time>2026-10-04T21:14:51.000Z</time>
        <extensions>
          <ns3:TrackPointExtension>
            <ns3:hr>135</ns3:hr>
            <ns3:cad>79</ns3:cad>
          </ns3:TrackPointExtension>
        </extensions>
      </trkpt>
      <trkpt lat="45.801321677863597869873046875" lon="126.64827167987823486328125">
        <ele>124.40000152587890625</ele>
        <time>2026-10-04T21:14:52.000Z</time>
        <extensions>
          <ns3:TrackPointExtension>
            <ns3:hr>134</ns3:hr>
            <ns3:cad>81</ns3:cad>
          </ns3:TrackPointExtension>
        </extensions>
      </trkpt>
      <trkpt lat="45.801329724490642547607421875" lon="126.64826572872698307037353515625">
        <ele>124</ele>
        <time>2026-10-04T21:14:53.000Z</time>
        <extensions>
          <ns3:TrackPointExtension>
            <ns3:hr>133</ns3:hr>
            <ns3:cad>81</ns3:cad>
          </ns3:TrackPointExtension>
        </extensions>
      </trkpt>
      <trkpt lat="45.80133735202252864837646484375" lon="126.64825986139476299285888671875">
        <ele>123.40000152587890625</ele>
        <time>2026-10-04T21:14:54.000Z</time>
        <extensions>
          <ns3:TrackPointExtension>
            <ns3:hr>132</ns3:hr>
            <ns3:cad>81</ns3:cad>
          </ns3:TrackPointExtension>
        </extensions>
      </trkpt>
      <trkpt lat="45.80133869312703609466552734375" lon="126.64825432933866977691650390625">
        <ele>123</ele>
        <time>2026-10-04T21:14:55.000Z</time>
        <extensions>
          <ns3:TrackPointExtension>
            <ns3:hr>132</ns3:hr>
            <ns3:cad>81</ns3:cad>
          </ns3:TrackPointExtension>
        </extensions>
      </trkpt>
      <trkpt lat="45.80134573392570018768310546875" lon="126.64824728854000568389892578125">
        <ele>122.8000030517578125</ele>
        <time>2026-10-04T21:14:56.000Z</time>
        <extensions>
          <ns3:TrackPointExtension>
            <ns3:hr>131</ns3:hr>
            <ns3:cad>79</ns3:cad>
          </ns3:TrackPointExtension>
        </extensions>
      </trkpt>
      <trkpt lat="45.8013536967337131500244140625" lon="126.648239828646183013916015625">
        <ele>122.40000152587890625</ele>
        <time>2026-10-04T21:14:57.000Z</time>
        <extensions>
          <ns3:TrackPointExtension>
            <ns3:hr>131</ns3:hr>
            <ns3:cad>79</ns3:cad>
          </ns3:TrackPointExtension>
        </extensions>
      </trkpt>
      <trkpt lat="45.80136283300817012786865234375" lon="126.64823479950428009033203125">
        <ele>122.1999969482421875</ele>
        <time>2026-10-04T21:14:58.000Z</time>
        <extensions>
          <ns3:TrackPointExtension>
            <ns3:hr>130</ns3:hr>
            <ns3:cad>86</ns3:cad>
          </ns3:TrackPointExtension>
        </extensions>
      </trkpt>
      <trkpt lat="45.8013731427490711212158203125" lon="126.64823086000978946685791015625">
        <ele>121.8000030517578125</ele>
        <time>2026-10-04T21:14:59.000Z</time>
        <extensions>
          <ns3:TrackPointExtension>
            <ns3:hr>130</ns3:hr>
            <ns3:cad>86</ns3:cad>
          </ns3:TrackPointExtension>
        </extensions>
      </trkpt>
      <trkpt lat="45.80138462595641613006591796875" lon="126.64822532795369625091552734375">
        <ele>121.59999847412109375</ele>
        <time>2026-10-04T21:15:00.000Z</time>
        <extensions>
          <ns3:TrackPointExtension>
            <ns3:hr>130</ns3:hr>
            <ns3:cad>86</ns3:cad>
          </ns3:TrackPointExtension>
        </extensions>
      </trkpt>
      <trkpt lat="45.801397450268268585205078125" lon="126.64821744896471500396728515625">
        <ele>121.1999969482421875</ele>
        <time>2026-10-04T21:15:01.000Z</time>
        <extensions>
          <ns3:TrackPointExtension>
            <ns3:hr>129</ns3:hr>
            <ns3:cad>86</ns3:cad>
          </ns3:TrackPointExtension>
        </extensions>
      </trkpt>
      <trkpt lat="45.80140507780015468597412109375" lon="126.6482068039476871490478515625">
        <ele>120.8000030517578125</ele>
        <time>2026-10-04T21:15:02.000Z</time>
        <extensions>
          <ns3:TrackPointExtension>
            <ns3:hr>129</ns3:hr>
            <ns3:cad>79</ns3:cad>
          </ns3:TrackPointExtension>
        </extensions>
      </trkpt>
      <trkpt lat="45.8014080114662647247314453125" lon="126.648208983242511749267578125">
        <ele>120.40000152587890625</ele>
        <time>2026-10-04T21:15:03.000Z</time>
        <extensions>
          <ns3:TrackPointExtension>
            <ns3:hr>129</ns3:hr>
            <ns3:cad>77</ns3:cad>
          </ns3:TrackPointExtension>
        </extensions>
      </trkpt>
      <trkpt lat="45.80140608362853527069091796875" lon="126.64821225218474864959716796875">
        <ele>120.1999969482421875</ele>
        <time>2026-10-04T21:15:04.000Z</time>
        <extensions>
          <ns3:TrackPointExtension>
            <ns3:hr>128</ns3:hr>
            <ns3:cad>77</ns3:cad>
          </ns3:TrackPointExtension>
        </extensions>
      </trkpt>
      <trkpt lat="45.801400132477283477783203125" lon="126.64821141399443149566650390625">
        <ele>120</ele>
        <time>2026-10-04T21:15:05.000Z</time>
        <extensions>
          <ns3:TrackPointExtension>
            <ns3:hr>127</ns3:hr>
            <ns3:cad>77</ns3:cad>
          </ns3:TrackPointExtension>
        </extensions>
      </trkpt>
      <trkpt lat="45.8013929240405559539794921875" lon="126.6482141800224781036376953125">
        <ele>119.8000030517578125</ele>
        <time>2026-10-04T21:15:06.000Z</time>
        <extensions>
          <ns3:TrackPointExtension>
            <ns3:hr>125</ns3:hr>
            <ns3:cad>77</ns3:cad>
          </ns3:TrackPointExtension>
        </extensions>
      </trkpt>
      <trkpt lat="45.8013837039470672607421875" lon="126.648215353488922119140625">
        <ele>119.59999847412109375</ele>
        <time>2026-10-04T21:15:07.000Z</time>
        <extensions>
          <ns3:TrackPointExtension>
            <ns3:hr>124</ns3:hr>
            <ns3:cad>78</ns3:cad>
          </ns3:TrackPointExtension>
        </extensions>
      </trkpt>
      <trkpt lat="45.8013778366148471832275390625" lon="126.64821644313633441925048828125">
        <ele>119.1999969482421875</ele>
        <time>2026-10-04T21:15:08.000Z</time>
        <extensions>
          <ns3:TrackPointExtension>
            <ns3:hr>124</ns3:hr>
            <ns3:cad>78</ns3:cad>
          </ns3:TrackPointExtension>
        </extensions>
      </trkpt>
      <trkpt lat="45.80137498676776885986328125" lon="126.64822465740144252777099609375">
        <ele>119</ele>
        <time>2026-10-04T21:15:09.000Z</time>
        <extensions>
          <ns3:TrackPointExtension>
            <ns3:hr>123</ns3:hr>
            <ns3:cad>78</ns3:cad>
          </ns3:TrackPointExtension>
        </extensions>
      </trkpt>
      <trkpt lat="45.8013676106929779052734375" lon="126.648231111466884613037109375">
        <ele>118.59999847412109375</ele>
        <time>2026-10-04T21:15:10.000Z</time>
        <extensions>
          <ns3:TrackPointExtension>
            <ns3:hr>123</ns3:hr>
            <ns3:cad>78</ns3:cad>
          </ns3:TrackPointExtension>
        </extensions>
      </trkpt>
      <trkpt lat="45.8013600669801235198974609375" lon="126.64823521859943866729736328125">
        <ele>118.1999969482421875</ele>
        <time>2026-10-04T21:15:11.000Z</time>
        <extensions>
          <ns3:TrackPointExtension>
            <ns3:hr>122</ns3:hr>
            <ns3:cad>77</ns3:cad>
          </ns3:TrackPointExtension>
        </extensions>
      </trkpt>
      <trkpt lat="45.80135327763855457305908203125" lon="126.64824460633099079132080078125">
        <ele>117.8000030517578125</ele>
        <time>2026-10-04T21:15:12.000Z</time>
        <extensions>
          <ns3:TrackPointExtension>
            <ns3:hr>122</ns3:hr>
            <ns3:cad>77</ns3:cad>
          </ns3:TrackPointExtension>
        </extensions>
      </trkpt>
      <trkpt lat="45.80134590156376361846923828125" lon="126.6482515633106231689453125">
        <ele>117.40000152587890625</ele>
        <time>2026-10-04T21:15:13.000Z</time>
        <extensions>
          <ns3:TrackPointExtension>
            <ns3:hr>122</ns3:hr>
            <ns3:cad>77</ns3:cad>
          </ns3:TrackPointExtension>
        </extensions>
      </trkpt>
      <trkpt lat="45.80134036950767040252685546875" lon="126.64825567044317722320556640625">
        <ele>117.1999969482421875</ele>
        <time>2026-10-04T21:15:14.000Z</time>
        <extensions>
          <ns3:TrackPointExtension>
            <ns3:hr>122</ns3:hr>
            <ns3:cad>75</ns3:cad>
          </ns3:TrackPointExtension>
        </extensions>
      </trkpt>
      <trkpt lat="45.801330395042896270751953125" lon="126.64826832711696624755859375">
        <ele>116.8000030517578125</ele>
        <time>2026-10-04T21:15:15.000Z</time>
        <extensions>
          <ns3:TrackPointExtension>
            <ns3:hr>121</ns3:hr>
            <ns3:cad>75</ns3:cad>
          </ns3:TrackPointExtension>
        </extensions>
      </trkpt>
      <trkpt lat="45.8013205043971538543701171875" lon="126.6482792235910892486572265625">
        <ele>116.59999847412109375</ele>
        <time>2026-10-04T21:15:16.000Z</time>
        <extensions>
          <ns3:TrackPointExtension>
            <ns3:hr>121</ns3:hr>
            <ns3:cad>80</ns3:cad>
          </ns3:TrackPointExtension>
        </extensions>
      </trkpt>
      <trkpt lat="45.8013050816953182220458984375" lon="126.648301519453525543212890625">
        <ele>116.59999847412109375</ele>
        <time>2026-10-04T21:15:17.000Z</time>
        <extensions>
          <ns3:TrackPointExtension>
            <ns3:hr>121</ns3:hr>
            <ns3:cad>80</ns3:cad>
          </ns3:TrackPointExtension>
        </extensions>
      </trkpt>
      <trkpt lat="45.8012802712619304656982421875" lon="126.6483159363269805908203125">
        <ele>116.40000152587890625</ele>
        <time>2026-10-04T21:15:18.000Z</time>
        <extensions>
          <ns3:TrackPointExtension>
            <ns3:hr>120</ns3:hr>
            <ns3:cad>80</ns3:cad>
          </ns3:TrackPointExtension>
        </extensions>
      </trkpt>
      <trkpt lat="45.8012685365974903106689453125" lon="126.648316271603107452392578125">
        <ele>116.40000152587890625</ele>
        <time>2026-10-04T21:15:19.000Z</time>
        <extensions>
          <ns3:TrackPointExtension>
            <ns3:hr>120</ns3:hr>
            <ns3:cad>80</ns3:cad>
          </ns3:TrackPointExtension>
        </extensions>
      </trkpt>
      <trkpt lat="45.80124816857278347015380859375" lon="126.6482979990541934967041015625">
        <ele>116.59999847412109375</ele>
        <time>2026-10-04T21:15:20.000Z</time>
        <extensions>
          <ns3:TrackPointExtension>
            <ns3:hr>119</ns3:hr>
            <ns3:cad>81</ns3:cad>
          </ns3:TrackPointExtension>
        </extensions>
      </trkpt>
      <trkpt lat="45.801227800548076629638671875" lon="126.64828768931329250335693359375">
        <ele>116.59999847412109375</ele>
        <time>2026-10-04T21:15:21.000Z</time>
        <extensions>
          <ns3:TrackPointExtension>
            <ns3:hr>119</ns3:hr>
            <ns3:cad>81</ns3:cad>
          </ns3:TrackPointExtension>
        </extensions>
      </trkpt>
      <trkpt lat="45.80120458267629146575927734375" lon="126.64826572872698307037353515625">
        <ele>116.59999847412109375</ele>
        <time>2026-10-04T21:15:22.000Z</time>
        <extensions>
          <ns3:TrackPointExtension>
            <ns3:hr>119</ns3:hr>
            <ns3:cad>81</ns3:cad>
          </ns3:TrackPointExtension>
        </extensions>
      </trkpt>
      <trkpt lat="45.80118463374674320220947265625" lon="126.64823572151362895965576171875">
        <ele>116.59999847412109375</ele>
        <time>2026-10-04T21:15:23.000Z</time>
        <extensions>
          <ns3:TrackPointExtension>
            <ns3:hr>119</ns3:hr>
            <ns3:cad>81</ns3:cad>
          </ns3:TrackPointExtension>
        </extensions>
      </trkpt>
      <trkpt lat="45.80116443336009979248046875" lon="126.64821627549827098846435546875">
        <ele>116.40000152587890625</ele>
        <time>2026-10-04T21:15:24.000Z</time>
        <extensions>
          <ns3:TrackPointExtension>
            <ns3:hr>119</ns3:hr>
            <ns3:cad>85</ns3:cad>
          </ns3:TrackPointExtension>
        </extensions>
      </trkpt>
      <trkpt lat="45.8011461608111858367919921875" lon="126.6481836698949337005615234375">
        <ele>116.40000152587890625</ele>
        <time>2026-10-04T21:15:25.000Z</time>
        <extensions>
          <ns3:TrackPointExtension>
            <ns3:hr>118</ns3:hr>
            <ns3:cad>86</ns3:cad>
          </ns3:TrackPointExtension>
        </extensions>
      </trkpt>
      <trkpt lat="45.80112528987228870391845703125" lon="126.64816464297473430633544921875">
        <ele>116.40000152587890625</ele>
        <time>2026-10-04T21:15:26.000Z</time>
        <extensions>
          <ns3:TrackPointExtension>
            <ns3:hr>119</ns3:hr>
            <ns3:cad>86</ns3:cad>
          </ns3:TrackPointExtension>
        </extensions>
      </trkpt>
      <trkpt lat="45.80109830014407634735107421875" lon="126.6481357254087924957275390625">
        <ele>116.40000152587890625</ele>
        <time>2026-10-04T21:15:27.000Z</time>
        <extensions>
          <ns3:TrackPointExtension>
            <ns3:hr>120</ns3:hr>
            <ns3:cad>88</ns3:cad>
          </ns3:TrackPointExtension>
        </extensions>
      </trkpt>
      <trkpt lat="45.80107432790100574493408203125" lon="126.64812809787690639495849609375">
        <ele>116.40000152587890625</ele>
        <time>2026-10-04T21:15:28.000Z</time>
        <extensions>
          <ns3:TrackPointExtension>
            <ns3:hr>122</ns3:hr>
            <ns3:cad>88</ns3:cad>
          </ns3:TrackPointExtension>
        </extensions>
      </trkpt>
      <trkpt lat="45.80104465596377849578857421875" lon="126.64811803959310054779052734375">
        <ele>116.40000152587890625</ele>
        <time>2026-10-04T21:15:29.000Z</time>
        <extensions>
          <ns3:TrackPointExtension>
            <ns3:hr>124</ns3:hr>
            <ns3:cad>88</ns3:cad>
          </ns3:TrackPointExtension>
        </extensions>
      </trkpt>
      <trkpt lat="45.80102252773940563201904296875" lon="126.648127846419811248779296875">
        <ele>116.40000152587890625</ele>
        <time>2026-10-04T21:15:30.000Z</time>
        <extensions>
          <ns3:TrackPointExtension>
            <ns3:hr>125</ns3:hr>
            <ns3:cad>88</ns3:cad>
          </ns3:TrackPointExtension>
        </extensions>
      </trkpt>
      <trkpt lat="45.800992436707019805908203125" lon="126.6481286846101284027099609375">
        <ele>116.40000152587890625</ele>
        <time>2026-10-04T21:15:31.000Z</time>
        <extensions>
          <ns3:TrackPointExtension>
            <ns3:hr>126</ns3:hr>
            <ns3:cad>88</ns3:cad>
          </ns3:TrackPointExtension>
        </extensions>
      </trkpt>
      <trkpt lat="45.80096720717847347259521484375" lon="126.6481441073119640350341796875">
        <ele>116.59999847412109375</ele>
        <time>2026-10-04T21:15:32.000Z</time>
        <extensions>
          <ns3:TrackPointExtension>
            <ns3:hr>126</ns3:hr>
            <ns3:cad>88</ns3:cad>
          </ns3:TrackPointExtension>
        </extensions>
      </trkpt>
      <trkpt lat="45.800942815840244293212890625" lon="126.64815575815737247467041015625">
        <ele>116.59999847412109375</ele>
        <time>2026-10-04T21:15:33.000Z</time>
        <extensions>
          <ns3:TrackPointExtension>
            <ns3:hr>126</ns3:hr>
            <ns3:cad>88</ns3:cad>
          </ns3:TrackPointExtension>
        </extensions>
      </trkpt>
      <trkpt lat="45.80092697404325008392333984375" lon="126.64816766045987606048583984375">
        <ele>116.59999847412109375</ele>
        <time>2026-10-04T21:15:34.000Z</time>
        <extensions>
          <ns3:TrackPointExtension>
            <ns3:hr>127</ns3:hr>
            <ns3:cad>88</ns3:cad>
          </ns3:TrackPointExtension>
        </extensions>
      </trkpt>
      <trkpt lat="45.80089881084859371185302734375" lon="126.64818174205720424652099609375">
        <ele>116.59999847412109375</ele>
        <time>2026-10-04T21:15:35.000Z</time>
        <extensions>
          <ns3:TrackPointExtension>
            <ns3:hr>127</ns3:hr>
            <ns3:cad>88</ns3:cad>
          </ns3:TrackPointExtension>
        </extensions>
      </trkpt>
      <trkpt lat="45.80087685026228427886962890625" lon="126.648196913301944732666015625">
        <ele>116.59999847412109375</ele>
        <time>2026-10-04T21:15:36.000Z</time>
        <extensions>
          <ns3:TrackPointExtension>
            <ns3:hr>128</ns3:hr>
            <ns3:cad>88</ns3:cad>
          </ns3:TrackPointExtension>
        </extensions>
      </trkpt>
      <trkpt lat="45.80084659159183502197265625" lon="126.64820403791964054107666015625">
        <ele>116.59999847412109375</ele>
        <time>2026-10-04T21:15:37.000Z</time>
        <extensions>
          <ns3:TrackPointExtension>
            <ns3:hr>128</ns3:hr>
            <ns3:cad>88</ns3:cad>
          </ns3:TrackPointExtension>
        </extensions>
      </trkpt>
      <trkpt lat="45.8008185960352420806884765625" lon="126.6482158564031124114990234375">
        <ele>116.59999847412109375</ele>
        <time>2026-10-04T21:15:38.000Z</time>
        <extensions>
          <ns3:TrackPointExtension>
            <ns3:hr>128</ns3:hr>
            <ns3:cad>88</ns3:cad>
          </ns3:TrackPointExtension>
        </extensions>
      </trkpt>
      <trkpt lat="45.80078498460352420806884765625" lon="126.64822482503950595855712890625">
        <ele>116.59999847412109375</ele>
        <time>2026-10-04T21:15:39.000Z</time>
        <extensions>
          <ns3:TrackPointExtension>
            <ns3:hr>128</ns3:hr>
            <ns3:cad>88</ns3:cad>
          </ns3:TrackPointExtension>
        </extensions>
      </trkpt>
      <trkpt lat="45.8007565699517726898193359375" lon="126.64823069237172603607177734375">
        <ele>116.59999847412109375</ele>
        <time>2026-10-04T21:15:40.000Z</time>
        <extensions>
          <ns3:TrackPointExtension>
            <ns3:hr>128</ns3:hr>
            <ns3:cad>89</ns3:cad>
          </ns3:TrackPointExtension>
        </extensions>
      </trkpt>
      <trkpt lat="45.80073066987097263336181640625" lon="126.6482403315603733062744140625">
        <ele>116.59999847412109375</ele>
        <time>2026-10-04T21:15:41.000Z</time>
        <extensions>
          <ns3:TrackPointExtension>
            <ns3:hr>128</ns3:hr>
            <ns3:cad>89</ns3:cad>
          </ns3:TrackPointExtension>
        </extensions>
      </trkpt>
      <trkpt lat="45.800706781446933746337890625" lon="126.648253239691257476806640625">
        <ele>116.8000030517578125</ele>
        <time>2026-10-04T21:15:42.000Z</time>
        <extensions>
          <ns3:TrackPointExtension>
            <ns3:hr>129</ns3:hr>
            <ns3:cad>89</ns3:cad>
          </ns3:TrackPointExtension>
        </extensions>
      </trkpt>
      <trkpt lat="45.80068205483257770538330078125" lon="126.64826505817472934722900390625">
        <ele>116.8000030517578125</ele>
        <time>2026-10-04T21:15:43.000Z</time>
        <extensions>
          <ns3:TrackPointExtension>
            <ns3:hr>129</ns3:hr>
            <ns3:cad>89</ns3:cad>
          </ns3:TrackPointExtension>
        </extensions>
      </trkpt>
      <trkpt lat="45.80065841786563396453857421875" lon="126.64827595464885234832763671875">
        <ele>116.8000030517578125</ele>
        <time>2026-10-04T21:15:44.000Z</time>
        <extensions>
          <ns3:TrackPointExtension>
            <ns3:hr>129</ns3:hr>
            <ns3:cad>89</ns3:cad>
          </ns3:TrackPointExtension>
        </extensions>
      </trkpt>
      <trkpt lat="45.8006362058222293853759765625" lon="126.64829120971262454986572265625">
        <ele>116.8000030517578125</ele>
        <time>2026-10-04T21:15:45.000Z</time>
        <extensions>
          <ns3:TrackPointExtension>
            <ns3:hr>129</ns3:hr>
            <ns3:cad>88</ns3:cad>
          </ns3:TrackPointExtension>
        </extensions>
      </trkpt>
      <trkpt lat="45.8006117306649684906005859375" lon="126.648306548595428466796875">
        <ele>116.8000030517578125</ele>
        <time>2026-10-04T21:15:46.000Z</time>
        <extensions>
          <ns3:TrackPointExtension>
            <ns3:hr>129</ns3:hr>
            <ns3:cad>88</ns3:cad>
          </ns3:TrackPointExtension>
        </extensions>
      </trkpt>
      <trkpt lat="45.80059102736413478851318359375" lon="126.6483266651630401611328125">
        <ele>116.8000030517578125</ele>
        <time>2026-10-04T21:15:47.000Z</time>
        <extensions>
          <ns3:TrackPointExtension>
            <ns3:hr>130</ns3:hr>
            <ns3:cad>88</ns3:cad>
          </ns3:TrackPointExtension>
        </extensions>
      </trkpt>
      <trkpt lat="45.8005656301975250244140625" lon="126.64834351278841495513916015625">
        <ele>116.8000030517578125</ele>
        <time>2026-10-04T21:15:48.000Z</time>
        <extensions>
          <ns3:TrackPointExtension>
            <ns3:hr>130</ns3:hr>
            <ns3:cad>88</ns3:cad>
          </ns3:TrackPointExtension>
        </extensions>
      </trkpt>
      <trkpt lat="45.8005470223724842071533203125" lon="126.6483674012124538421630859375">
        <ele>116.8000030517578125</ele>
        <time>2026-10-04T21:15:49.000Z</time>
        <extensions>
          <ns3:TrackPointExtension>
            <ns3:hr>130</ns3:hr>
            <ns3:cad>88</ns3:cad>
          </ns3:TrackPointExtension>
        </extensions>
      </trkpt>
      <trkpt lat="45.80051827244460582733154296875" lon="126.6483848355710506439208984375">
        <ele>116.8000030517578125</ele>
        <time>2026-10-04T21:15:50.000Z</time>
        <extensions>
          <ns3:TrackPointExtension>
            <ns3:hr>131</ns3:hr>
            <ns3:cad>89</ns3:cad>
          </ns3:TrackPointExtension>
        </extensions>
      </trkpt>
      <trkpt lat="45.80049882642924785614013671875" lon="126.6484069637954235076904296875">
        <ele>117</ele>
        <time>2026-10-04T21:15:51.000Z</time>
        <extensions>
          <ns3:TrackPointExtension>
            <ns3:hr>131</ns3:hr>
            <ns3:cad>89</ns3:cad>
          </ns3:TrackPointExtension>
        </extensions>
      </trkpt>
      <trkpt lat="45.8004709146916866302490234375" lon="126.64842666126787662506103515625">
        <ele>117</ele>
        <time>2026-10-04T21:15:52.000Z</time>
        <extensions>
          <ns3:TrackPointExtension>
            <ns3:hr>132</ns3:hr>
            <ns3:cad>89</ns3:cad>
          </ns3:TrackPointExtension>
        </extensions>
      </trkpt>
      <trkpt lat="45.8004534803330898284912109375" lon="126.64844795130193233489990234375">
        <ele>117</ele>
        <time>2026-10-04T21:15:53.000Z</time>
        <extensions>
          <ns3:TrackPointExtension>
            <ns3:hr>133</ns3:hr>
            <ns3:cad>89</ns3:cad>
          </ns3:TrackPointExtension>
        </extensions>
      </trkpt>
      <trkpt lat="45.8004246465861797332763671875" lon="126.64846857078373432159423828125">
        <ele>117</ele>
        <time>2026-10-04T21:15:54.000Z</time>
        <extensions>
          <ns3:TrackPointExtension>
            <ns3:hr>134</ns3:hr>
            <ns3:cad>89</ns3:cad>
          </ns3:TrackPointExtension>
        </extensions>
      </trkpt>
      <trkpt lat="45.8004033565521240234375" lon="126.64849019609391689300537109375">
        <ele>117.1999969482421875</ele>
        <time>2026-10-04T21:15:55.000Z</time>
        <extensions>
          <ns3:TrackPointExtension>
            <ns3:hr>134</ns3:hr>
            <ns3:cad>89</ns3:cad>
          </ns3:TrackPointExtension>
        </extensions>
      </trkpt>
      <trkpt lat="45.8003726787865161895751953125" lon="126.648506037890911102294921875">
        <ele>117.1999969482421875</ele>
        <time>2026-10-04T21:15:56.000Z</time>
        <extensions>
          <ns3:TrackPointExtension>
            <ns3:hr>135</ns3:hr>
            <ns3:cad>90</ns3:cad>
          </ns3:TrackPointExtension>
        </extensions>
      </trkpt>
      <trkpt lat="45.800354070961475372314453125" lon="126.6485293395817279815673828125">
        <ele>117.1999969482421875</ele>
        <time>2026-10-04T21:15:57.000Z</time>
        <extensions>
          <ns3:TrackPointExtension>
            <ns3:hr>136</ns3:hr>
            <ns3:cad>89</ns3:cad>
          </ns3:TrackPointExtension>
        </extensions>
      </trkpt>
      <trkpt lat="45.800326578319072723388671875" lon="126.6485400684177875518798828125">
        <ele>117.1999969482421875</ele>
        <time>2026-10-04T21:15:58.000Z</time>
        <extensions>
          <ns3:TrackPointExtension>
            <ns3:hr>137</ns3:hr>
            <ns3:cad>89</ns3:cad>
          </ns3:TrackPointExtension>
        </extensions>
      </trkpt>
      <trkpt lat="45.80030604265630245208740234375" lon="126.64855406619608402252197265625">
        <ele>117.1999969482421875</ele>
        <time>2026-10-04T21:15:59.000Z</time>
        <extensions>
          <ns3:TrackPointExtension>
            <ns3:hr>137</ns3:hr>
            <ns3:cad>89</ns3:cad>
          </ns3:TrackPointExtension>
        </extensions>
      </trkpt>
      <trkpt lat="45.8002754487097263336181640625" lon="126.648566722869873046875">
        <ele>117.1999969482421875</ele>
        <time>2026-10-04T21:16:00.000Z</time>
        <extensions>
          <ns3:TrackPointExtension>
            <ns3:hr>137</ns3:hr>
            <ns3:cad>89</ns3:cad>
          </ns3:TrackPointExtension>
        </extensions>
      </trkpt>
      <trkpt lat="45.8002539910376071929931640625" lon="126.648578457534313201904296875">
        <ele>117.40000152587890625</ele>
        <time>2026-10-04T21:16:01.000Z</time>
        <extensions>
          <ns3:TrackPointExtension>
            <ns3:hr>137</ns3:hr>
            <ns3:cad>89</ns3:cad>
          </ns3:TrackPointExtension>
        </extensions>
      </trkpt>
      <trkpt lat="45.8002207987010478973388671875" lon="126.64858709089457988739013671875">
        <ele>117.40000152587890625</ele>
        <time>2026-10-04T21:16:02.000Z</time>
        <extensions>
          <ns3:TrackPointExtension>
            <ns3:hr>137</ns3:hr>
            <ns3:cad>89</ns3:cad>
          </ns3:TrackPointExtension>
        </extensions>
      </trkpt>
      <trkpt lat="45.8001993410289287567138671875" lon="126.6485987417399883270263671875">
        <ele>117.40000152587890625</ele>
        <time>2026-10-04T21:16:03.000Z</time>
        <extensions>
          <ns3:TrackPointExtension>
            <ns3:hr>138</ns3:hr>
            <ns3:cad>89</ns3:cad>
          </ns3:TrackPointExtension>
        </extensions>
      </trkpt>
      <trkpt lat="45.8001715131103992462158203125" lon="126.648614667356014251708984375">
        <ele>117.40000152587890625</ele>
        <time>2026-10-04T21:16:04.000Z</time>
        <extensions>
          <ns3:TrackPointExtension>
            <ns3:hr>138</ns3:hr>
            <ns3:cad>88</ns3:cad>
          </ns3:TrackPointExtension>
        </extensions>
      </trkpt>
      <trkpt lat="45.8001517318189144134521484375" lon="126.64863604120910167694091796875">
        <ele>117.59999847412109375</ele>
        <time>2026-10-04T21:16:05.000Z</time>
        <extensions>
          <ns3:TrackPointExtension>
            <ns3:hr>139</ns3:hr>
            <ns3:cad>88</ns3:cad>
          </ns3:TrackPointExtension>
        </extensions>
      </trkpt>
      <trkpt lat="45.80012700520455837249755859375" lon="126.648653559386730194091796875">
        <ele>117.59999847412109375</ele>
        <time>2026-10-04T21:16:06.000Z</time>
        <extensions>
          <ns3:TrackPointExtension>
            <ns3:hr>139</ns3:hr>
            <ns3:cad>88</ns3:cad>
          </ns3:TrackPointExtension>
        </extensions>
      </trkpt>
      <trkpt lat="45.80010705627501010894775390625" lon="126.648667640984058380126953125">
        <ele>117.59999847412109375</ele>
        <time>2026-10-04T21:16:07.000Z</time>
        <extensions>
          <ns3:TrackPointExtension>
            <ns3:hr>139</ns3:hr>
            <ns3:cad>88</ns3:cad>
          </ns3:TrackPointExtension>
        </extensions>
      </trkpt>
      <trkpt lat="45.80008358694612979888916015625" lon="126.64868130348622798919677734375">
        <ele>117.59999847412109375</ele>
        <time>2026-10-04T21:16:08.000Z</time>
        <extensions>
          <ns3:TrackPointExtension>
            <ns3:hr>139</ns3:hr>
            <ns3:cad>88</ns3:cad>
          </ns3:TrackPointExtension>
        </extensions>
      </trkpt>
      <trkpt lat="45.8000545017421245574951171875" lon="126.64867870509624481201171875">
        <ele>117.59999847412109375</ele>
        <time>2026-10-04T21:16:09.000Z</time>
        <extensions>
          <ns3:TrackPointExtension>
            <ns3:hr>138</ns3:hr>
            <ns3:cad>88</ns3:cad>
          </ns3:TrackPointExtension>
        </extensions>
      </trkpt>
      <trkpt lat="45.80003296025097370147705078125" lon="126.648682393133640289306640625">
        <ele>117.59999847412109375</ele>
        <time>2026-10-04T21:16:10.000Z</time>
        <extensions>
          <ns3:TrackPointExtension>
            <ns3:hr>139</ns3:hr>
            <ns3:cad>88</ns3:cad>
          </ns3:TrackPointExtension>
        </extensions>
      </trkpt>
      <trkpt lat="45.80000303685665130615234375" lon="126.6486780345439910888671875">
        <ele>117.59999847412109375</ele>
        <time>2026-10-04T21:16:11.000Z</time>
        <extensions>
          <ns3:TrackPointExtension>
            <ns3:hr>139</ns3:hr>
            <ns3:cad>87</ns3:cad>
          </ns3:TrackPointExtension>
        </extensions>
      </trkpt>
      <trkpt lat="45.7999809086322784423828125" lon="126.64867476560175418853759765625">
        <ele>117.59999847412109375</ele>
        <time>2026-10-04T21:16:12.000Z</time>
        <extensions>
          <ns3:TrackPointExtension>
            <ns3:hr>139</ns3:hr>
            <ns3:cad>87</ns3:cad>
          </ns3:TrackPointExtension>
        </extensions>
      </trkpt>
      <trkpt lat="45.7999488897621631622314453125" lon="126.64868406951427459716796875">
        <ele>117.59999847412109375</ele>
        <time>2026-10-04T21:16:13.000Z</time>
        <extensions>
          <ns3:TrackPointExtension>
            <ns3:hr>139</ns3:hr>
            <ns3:cad>87</ns3:cad>
          </ns3:TrackPointExtension>
        </extensions>
      </trkpt>
      <trkpt lat="45.7999217323958873748779296875" lon="126.6486879251897335052490234375">
        <ele>117.59999847412109375</ele>
        <time>2026-10-04T21:16:14.000Z</time>
        <extensions>
          <ns3:TrackPointExtension>
            <ns3:hr>139</ns3:hr>
            <ns3:cad>86</ns3:cad>
          </ns3:TrackPointExtension>
        </extensions>
      </trkpt>
      <trkpt lat="45.79990404658019542694091796875" lon="126.64869706146419048309326171875">
        <ele>117.8000030517578125</ele>
        <time>2026-10-04T21:16:15.000Z</time>
        <extensions>
          <ns3:TrackPointExtension>
            <ns3:hr>139</ns3:hr>
            <ns3:cad>85</ns3:cad>
          </ns3:TrackPointExtension>
        </extensions>
      </trkpt>
      <trkpt lat="45.79988962970674037933349609375" lon="126.64870913140475749969482421875">
        <ele>117.8000030517578125</ele>
        <time>2026-10-04T21:16:16.000Z</time>
        <extensions>
          <ns3:TrackPointExtension>
            <ns3:hr>139</ns3:hr>
            <ns3:cad>85</ns3:cad>
          </ns3:TrackPointExtension>
        </extensions>
      </trkpt>
      <trkpt lat="45.799891054630279541015625" lon="126.6487100534141063690185546875">
        <ele>117.8000030517578125</ele>
        <time>2026-10-04T21:16:17.000Z</time>
        <extensions>
          <ns3:TrackPointExtension>
            <ns3:hr>139</ns3:hr>
            <ns3:cad>84</ns3:cad>
          </ns3:TrackPointExtension>
        </extensions>
      </trkpt>
    </trkseg>
  </trk>
</gpx>
