<gpx xmlns:ns3="http://www.garmin.com/xmlschemas/TrackPointExtension/v1" xmlns="http://www.topografix.com/GPX/1/1" xmlns:xsi="http://www.w3.org/2001/XMLSchema-instance" xmlns:ns2="http://www.garmin.com/xmlschemas/GpxExtensions/v3" creator="Garmin Connect" version="1.1" xsi:schemaLocation="http://www.topografix.com/GPX/1/1 http://www.topografix.com/GPX/11.xsd">
  <extensions>
<distance>5153.84</distance>
<average_hr>136.0</average_hr>
<average_speed>3.11299991607666</average_speed>
<start_time>2026-10-04T21:57:38+00:00</start_time>
<end_time>2026-10-04T22:25:13.637000+00:00</end_time>
<moving_time>1649.107</moving_time>
<elapsed_time>1897.632</elapsed_time>
</extensions>
<metadata>
    <link href="connect.garmin.com">
      <text>Garmin Connect</text>
    </link>
    <time>2026-10-04T21:57:38.000Z</time>
  </metadata>
  <trk>
    <name>哈尔滨市 跑步</name>
    <type>running</type>
    <trkseg>
      <trkpt lat="45.80132192932069301605224609375" lon="126.64832063019275665283203125">
        <ele>128</ele>
        <time>2026-10-04T21:57:38.000Z</time>
        <extensions>
          <ns3:TrackPointExtension>
            <ns3:hr>116</ns3:hr>
            <ns3:cad>0</ns3:cad>
          </ns3:TrackPointExtension>
        </extensions>
      </trkpt>
      <trkpt lat="45.801325030624866485595703125" lon="126.64830462075769901275634765625">
        <ele>128</ele>
        <time>2026-10-04T21:57:39.000Z</time>
        <extensions>
          <ns3:TrackPointExtension>
            <ns3:hr>116</ns3:hr>
            <ns3:cad>0</ns3:cad>
          </ns3:TrackPointExtension>
        </extensions>
      </trkpt>
      <trkpt lat="45.80131036229431629180908203125" lon="126.64832088164985179901123046875">
        <ele>128.1999969482421875</ele>
        <time>2026-10-04T21:57:40.000Z</time>
        <extensions>
          <ns3:TrackPointExtension>
            <ns3:hr>116</ns3:hr>
            <ns3:cad>0</ns3:cad>
          </ns3:TrackPointExtension>
        </extensions>
      </trkpt>
      <trkpt lat="45.8012893237173557281494140625" lon="126.64834250696003437042236328125">
        <ele>128.1999969482421875</ele>
        <time>2026-10-04T21:57:41.000Z</time>
        <extensions>
          <ns3:TrackPointExtension>
            <ns3:hr>115</ns3:hr>
            <ns3:cad>0</ns3:cad>
          </ns3:TrackPointExtension>
        </extensions>
      </trkpt>
      <trkpt lat="45.80126409418880939483642578125" lon="126.64835273288190364837646484375">
        <ele>128.1999969482421875</ele>
        <time>2026-10-04T21:57:42.000Z</time>
        <extensions>
          <ns3:TrackPointExtension>
            <ns3:hr>115</ns3:hr>
            <ns3:cad>0</ns3:cad>
          </ns3:TrackPointExtension>
        </extensions>
      </trkpt>
      <trkpt lat="45.80124733038246631622314453125" lon="126.64837318472564220428466796875">
        <ele>128.1999969482421875</ele>
        <time>2026-10-04T21:57:43.000Z</time>
        <extensions>
          <ns3:TrackPointExtension>
            <ns3:hr>114</ns3:hr>
            <ns3:cad>0</ns3:cad>
          </ns3:TrackPointExtension>
        </extensions>
      </trkpt>
      <trkpt lat="45.80121866427361965179443359375" lon="126.64839573204517364501953125">
        <ele>128.1999969482421875</ele>
        <time>2026-10-04T21:57:44.000Z</time>
        <extensions>
          <ns3:TrackPointExtension>
            <ns3:hr>114</ns3:hr>
            <ns3:cad>85</ns3:cad>
          </ns3:TrackPointExtension>
        </extensions>
      </trkpt>
      <trkpt lat="45.80119469203054904937744140625" lon="126.64841358549892902374267578125">
        <ele>128.399993896484375</ele>
        <time>2026-10-04T21:57:45.000Z</time>
        <extensions>
          <ns3:TrackPointExtension>
            <ns3:hr>115</ns3:hr>
            <ns3:cad>86</ns3:cad>
          </ns3:TrackPointExtension>
        </extensions>
      </trkpt>
      <trkpt lat="45.80116711556911468505859375" lon="126.648426242172718048095703125">
        <ele>128.399993896484375</ele>
        <time>2026-10-04T21:57:46.000Z</time>
        <extensions>
          <ns3:TrackPointExtension>
            <ns3:hr>115</ns3:hr>
            <ns3:cad>87</ns3:cad>
          </ns3:TrackPointExtension>
        </extensions>
      </trkpt>
      <trkpt lat="45.80115060321986675262451171875" lon="126.64845365099608898162841796875">
        <ele>128.399993896484375</ele>
        <time>2026-10-04T21:57:47.000Z</time>
        <extensions>
          <ns3:TrackPointExtension>
            <ns3:hr>116</ns3:hr>
            <ns3:cad>88</ns3:cad>
          </ns3:TrackPointExtension>
        </extensions>
      </trkpt>
      <trkpt lat="45.801124870777130126953125" lon="126.64846505038440227508544921875">
        <ele>128.399993896484375</ele>
        <time>2026-10-04T21:57:48.000Z</time>
        <extensions>
          <ns3:TrackPointExtension>
            <ns3:hr>117</ns3:hr>
            <ns3:cad>88</ns3:cad>
          </ns3:TrackPointExtension>
        </extensions>
      </trkpt>
      <trkpt lat="45.80110416747629642486572265625" lon="126.6484822332859039306640625">
        <ele>128.399993896484375</ele>
        <time>2026-10-04T21:57:49.000Z</time>
        <extensions>
          <ns3:TrackPointExtension>
            <ns3:hr>119</ns3:hr>
            <ns3:cad>88</ns3:cad>
          </ns3:TrackPointExtension>
        </extensions>
      </trkpt>
      <trkpt lat="45.801082290709018707275390625" lon="126.64849153719842433929443359375">
        <ele>128.399993896484375</ele>
        <time>2026-10-04T21:57:50.000Z</time>
        <extensions>
          <ns3:TrackPointExtension>
            <ns3:hr>120</ns3:hr>
            <ns3:cad>89</ns3:cad>
          </ns3:TrackPointExtension>
        </extensions>
      </trkpt>
      <trkpt lat="45.80106787383556365966796875" lon="126.6485098935663700103759765625">
        <ele>128.600006103515625</ele>
        <time>2026-10-04T21:57:51.000Z</time>
        <extensions>
          <ns3:TrackPointExtension>
            <ns3:hr>125</ns3:hr>
            <ns3:cad>89</ns3:cad>
          </ns3:TrackPointExtension>
        </extensions>
      </trkpt>
      <trkpt lat="45.8010516129434108734130859375" lon="126.648524142801761627197265625">
        <ele>128.600006103515625</ele>
        <time>2026-10-04T21:57:52.000Z</time>
        <extensions>
          <ns3:TrackPointExtension>
            <ns3:hr>131</ns3:hr>
            <ns3:cad>89</ns3:cad>
          </ns3:TrackPointExtension>
        </extensions>
      </trkpt>
      <trkpt lat="45.8010422252118587493896484375" lon="126.64852942340075969696044921875">
        <ele>128.600006103515625</ele>
        <time>2026-10-04T21:57:53.000Z</time>
        <extensions>
          <ns3:TrackPointExtension>
            <ns3:hr>137</ns3:hr>
            <ns3:cad>89</ns3:cad>
          </ns3:TrackPointExtension>
        </extensions>
      </trkpt>
      <trkpt lat="45.801050774753093719482421875" lon="126.64851911365985870361328125">
        <ele>128.399993896484375</ele>
        <time>2026-10-04T21:58:20.000Z</time>
        <extensions>
          <ns3:TrackPointExtension>
            <ns3:hr>124</ns3:hr>
            <ns3:cad>0</ns3:cad>
          </ns3:TrackPointExtension>
        </extensions>
      </trkpt>
      <trkpt lat="45.801030658185482025146484375" lon="126.6485259868204593658447265625">
        <ele>128.399993896484375</ele>
        <time>2026-10-04T21:58:21.000Z</time>
        <extensions>
          <ns3:TrackPointExtension>
            <ns3:hr>125</ns3:hr>
            <ns3:cad>0</ns3:cad>
          </ns3:TrackPointExtension>
        </extensions>
      </trkpt>
      <trkpt lat="45.80101900734007358551025390625" lon="126.64853864349424839019775390625">
        <ele>128.600006103515625</ele>
        <time>2026-10-04T21:58:22.000Z</time>
        <extensions>
          <ns3:TrackPointExtension>
            <ns3:hr>125</ns3:hr>
            <ns3:cad>0</ns3:cad>
          </ns3:TrackPointExtension>
        </extensions>
      </trkpt>
      <trkpt lat="45.8009894192218780517578125" lon="126.64855121634900569915771484375">
        <ele>128.600006103515625</ele>
        <time>2026-10-04T21:58:23.000Z</time>
        <extensions>
          <ns3:TrackPointExtension>
            <ns3:hr>125</ns3:hr>
            <ns3:cad>0</ns3:cad>
          </ns3:TrackPointExtension>
        </extensions>
      </trkpt>
      <trkpt lat="45.8009704761207103729248046875" lon="126.6485685668885707855224609375">
        <ele>128.600006103515625</ele>
        <time>2026-10-04T21:58:24.000Z</time>
        <extensions>
          <ns3:TrackPointExtension>
            <ns3:hr>125</ns3:hr>
            <ns3:cad>0</ns3:cad>
          </ns3:TrackPointExtension>
        </extensions>
      </trkpt>
      <trkpt lat="45.80094273202121257781982421875" lon="126.64857854135334491729736328125">
        <ele>128.600006103515625</ele>
        <time>2026-10-04T21:58:25.000Z</time>
        <extensions>
          <ns3:TrackPointExtension>
            <ns3:hr>125</ns3:hr>
            <ns3:cad>90</ns3:cad>
          </ns3:TrackPointExtension>
        </extensions>
      </trkpt>
      <trkpt lat="45.80092177726328372955322265625" lon="126.64858893491327762603759765625">
        <ele>128.8000030517578125</ele>
        <time>2026-10-04T21:58:26.000Z</time>
        <extensions>
          <ns3:TrackPointExtension>
            <ns3:hr>125</ns3:hr>
            <ns3:cad>93</ns3:cad>
          </ns3:TrackPointExtension>
        </extensions>
      </trkpt>
      <trkpt lat="45.8008947037160396575927734375" lon="126.6486002504825592041015625">
        <ele>128.8000030517578125</ele>
        <time>2026-10-04T21:58:27.000Z</time>
        <extensions>
          <ns3:TrackPointExtension>
            <ns3:hr>126</ns3:hr>
            <ns3:cad>93</ns3:cad>
          </ns3:TrackPointExtension>
        </extensions>
      </trkpt>
      <trkpt lat="45.80087953247129917144775390625" lon="126.64862615056335926055908203125">
        <ele>128.8000030517578125</ele>
        <time>2026-10-04T21:58:28.000Z</time>
        <extensions>
          <ns3:TrackPointExtension>
            <ns3:hr>126</ns3:hr>
            <ns3:cad>91</ns3:cad>
          </ns3:TrackPointExtension>
        </extensions>
      </trkpt>
      <trkpt lat="45.80084986053407192230224609375" lon="126.6486366279423236846923828125">
        <ele>129</ele>
        <time>2026-10-04T21:58:29.000Z</time>
        <extensions>
          <ns3:TrackPointExtension>
            <ns3:hr>127</ns3:hr>
            <ns3:cad>91</ns3:cad>
          </ns3:TrackPointExtension>
        </extensions>
      </trkpt>
      <trkpt lat="45.800828151404857635498046875" lon="126.64865179918706417083740234375">
        <ele>129</ele>
        <time>2026-10-04T21:58:30.000Z</time>
        <extensions>
          <ns3:TrackPointExtension>
            <ns3:hr>127</ns3:hr>
            <ns3:cad>92</ns3:cad>
          </ns3:TrackPointExtension>
        </extensions>
      </trkpt>
      <trkpt lat="45.80080308951437473297119140625" lon="126.6486621089279651641845703125">
        <ele>129</ele>
        <time>2026-10-04T21:58:31.000Z</time>
        <extensions>
          <ns3:TrackPointExtension>
            <ns3:hr>127</ns3:hr>
            <ns3:cad>92</ns3:cad>
          </ns3:TrackPointExtension>
        </extensions>
      </trkpt>
      <trkpt lat="45.800777859985828399658203125" lon="126.64867728017270565032958984375">
        <ele>129</ele>
        <time>2026-10-04T21:58:32.000Z</time>
        <extensions>
          <ns3:TrackPointExtension>
            <ns3:hr>127</ns3:hr>
            <ns3:cad>92</ns3:cad>
          </ns3:TrackPointExtension>
        </extensions>
      </trkpt>
      <trkpt lat="45.8007545582950115203857421875" lon="126.64868943393230438232421875">
        <ele>129.1999969482421875</ele>
        <time>2026-10-04T21:58:33.000Z</time>
        <extensions>
          <ns3:TrackPointExtension>
            <ns3:hr>126</ns3:hr>
            <ns3:cad>92</ns3:cad>
          </ns3:TrackPointExtension>
        </extensions>
      </trkpt>
      <trkpt lat="45.800727903842926025390625" lon="126.648703515529632568359375">
        <ele>129.1999969482421875</ele>
        <time>2026-10-04T21:58:34.000Z</time>
        <extensions>
          <ns3:TrackPointExtension>
            <ns3:hr>125</ns3:hr>
            <ns3:cad>93</ns3:cad>
          </ns3:TrackPointExtension>
        </extensions>
      </trkpt>
      <trkpt lat="45.8007072843611240386962890625" lon="126.64872187189757823944091796875">
        <ele>129.1999969482421875</ele>
        <time>2026-10-04T21:58:35.000Z</time>
        <extensions>
          <ns3:TrackPointExtension>
            <ns3:hr>125</ns3:hr>
            <ns3:cad>93</ns3:cad>
          </ns3:TrackPointExtension>
        </extensions>
      </trkpt>
      <trkpt lat="45.80067694187164306640625" lon="126.64873762987554073333740234375">
        <ele>129.1999969482421875</ele>
        <time>2026-10-04T21:58:36.000Z</time>
        <extensions>
          <ns3:TrackPointExtension>
            <ns3:hr>125</ns3:hr>
            <ns3:cad>93</ns3:cad>
          </ns3:TrackPointExtension>
        </extensions>
      </trkpt>
      <trkpt lat="45.80065657384693622589111328125" lon="126.64875783026218414306640625">
        <ele>129.399993896484375</ele>
        <time>2026-10-04T21:58:37.000Z</time>
        <extensions>
          <ns3:TrackPointExtension>
            <ns3:hr>125</ns3:hr>
            <ns3:cad>93</ns3:cad>
          </ns3:TrackPointExtension>
        </extensions>
      </trkpt>
      <trkpt lat="45.80062438733875751495361328125" lon="126.64876981638371944427490234375">
        <ele>129.399993896484375</ele>
        <time>2026-10-04T21:58:38.000Z</time>
        <extensions>
          <ns3:TrackPointExtension>
            <ns3:hr>125</ns3:hr>
            <ns3:cad>93</ns3:cad>
          </ns3:TrackPointExtension>
        </extensions>
      </trkpt>
      <trkpt lat="45.8006073720753192901611328125" lon="126.6487888433039188385009765625">
        <ele>129.399993896484375</ele>
        <time>2026-10-04T21:58:39.000Z</time>
        <extensions>
          <ns3:TrackPointExtension>
            <ns3:hr>125</ns3:hr>
            <ns3:cad>92</ns3:cad>
          </ns3:TrackPointExtension>
        </extensions>
      </trkpt>
      <trkpt lat="45.80057862214744091033935546875" lon="126.64879806339740753173828125">
        <ele>129.399993896484375</ele>
        <time>2026-10-04T21:58:40.000Z</time>
        <extensions>
          <ns3:TrackPointExtension>
            <ns3:hr>125</ns3:hr>
            <ns3:cad>92</ns3:cad>
          </ns3:TrackPointExtension>
        </extensions>
      </trkpt>
      <trkpt lat="45.80056152306497097015380859375" lon="126.64881725795567035675048828125">
        <ele>129.600006103515625</ele>
        <time>2026-10-04T21:58:41.000Z</time>
        <extensions>
          <ns3:TrackPointExtension>
            <ns3:hr>125</ns3:hr>
            <ns3:cad>92</ns3:cad>
          </ns3:TrackPointExtension>
        </extensions>
      </trkpt>
      <trkpt lat="45.8005346171557903289794921875" lon="126.648828573524951934814453125">
        <ele>129.600006103515625</ele>
        <time>2026-10-04T21:58:42.000Z</time>
        <extensions>
          <ns3:TrackPointExtension>
            <ns3:hr>126</ns3:hr>
            <ns3:cad>92</ns3:cad>
          </ns3:TrackPointExtension>
        </extensions>
      </trkpt>
      <trkpt lat="45.8005161769688129425048828125" lon="126.64884525351226329803466796875">
        <ele>129.600006103515625</ele>
        <time>2026-10-04T21:58:43.000Z</time>
        <extensions>
          <ns3:TrackPointExtension>
            <ns3:hr>125</ns3:hr>
            <ns3:cad>92</ns3:cad>
          </ns3:TrackPointExtension>
        </extensions>
      </trkpt>
      <trkpt lat="45.8004883490502834320068359375" lon="126.64885279722511768341064453125">
        <ele>129.600006103515625</ele>
        <time>2026-10-04T21:58:44.000Z</time>
        <extensions>
          <ns3:TrackPointExtension>
            <ns3:hr>126</ns3:hr>
            <ns3:cad>92</ns3:cad>
          </ns3:TrackPointExtension>
        </extensions>
      </trkpt>
      <trkpt lat="45.800469405949115753173828125" lon="126.6488770209252834320068359375">
        <ele>129.600006103515625</ele>
        <time>2026-10-04T21:58:45.000Z</time>
        <extensions>
          <ns3:TrackPointExtension>
            <ns3:hr>126</ns3:hr>
            <ns3:cad>92</ns3:cad>
          </ns3:TrackPointExtension>
        </extensions>
      </trkpt>
      <trkpt lat="45.80044501461088657379150390625" lon="126.64888917468488216400146484375">
        <ele>129.600006103515625</ele>
        <time>2026-10-04T21:58:46.000Z</time>
        <extensions>
          <ns3:TrackPointExtension>
            <ns3:hr>126</ns3:hr>
            <ns3:cad>92</ns3:cad>
          </ns3:TrackPointExtension>
        </extensions>
      </trkpt>
      <trkpt lat="45.8004256524145603179931640625" lon="126.64890442974865436553955078125">
        <ele>129.8000030517578125</ele>
        <time>2026-10-04T21:58:47.000Z</time>
        <extensions>
          <ns3:TrackPointExtension>
            <ns3:hr>125</ns3:hr>
            <ns3:cad>93</ns3:cad>
          </ns3:TrackPointExtension>
        </extensions>
      </trkpt>
      <trkpt lat="45.8004025183618068695068359375" lon="126.64891717024147510528564453125">
        <ele>129.8000030517578125</ele>
        <time>2026-10-04T21:58:48.000Z</time>
        <extensions>
          <ns3:TrackPointExtension>
            <ns3:hr>126</ns3:hr>
            <ns3:cad>92</ns3:cad>
          </ns3:TrackPointExtension>
        </extensions>
      </trkpt>
      <trkpt lat="45.8003783784806728363037109375" lon="126.648931838572025299072265625">
        <ele>130</ele>
        <time>2026-10-04T21:58:49.000Z</time>
        <extensions>
          <ns3:TrackPointExtension>
            <ns3:hr>126</ns3:hr>
            <ns3:cad>92</ns3:cad>
          </ns3:TrackPointExtension>
        </extensions>
      </trkpt>
      <trkpt lat="45.80035029910504817962646484375" lon="126.64894198067486286163330078125">
        <ele>130</ele>
        <time>2026-10-04T21:58:50.000Z</time>
        <extensions>
          <ns3:TrackPointExtension>
            <ns3:hr>127</ns3:hr>
            <ns3:cad>92</ns3:cad>
          </ns3:TrackPointExtension>
        </extensions>
      </trkpt>
      <trkpt lat="45.8003223873674869537353515625" lon="126.6489588283002376556396484375">
        <ele>130</ele>
        <time>2026-10-04T21:58:51.000Z</time>
        <extensions>
          <ns3:TrackPointExtension>
            <ns3:hr>128</ns3:hr>
            <ns3:cad>92</ns3:cad>
          </ns3:TrackPointExtension>
        </extensions>
      </trkpt>
      <trkpt lat="45.8002982474863529205322265625" lon="126.64897508919239044189453125">
        <ele>130</ele>
        <time>2026-10-04T21:58:52.000Z</time>
        <extensions>
          <ns3:TrackPointExtension>
            <ns3:hr>128</ns3:hr>
            <ns3:cad>92</ns3:cad>
          </ns3:TrackPointExtension>
        </extensions>
      </trkpt>
      <trkpt lat="45.8002684079110622406005859375" lon="126.64899294264614582061767578125">
        <ele>130</ele>
        <time>2026-10-04T21:58:53.000Z</time>
        <extensions>
          <ns3:TrackPointExtension>
            <ns3:hr>129</ns3:hr>
            <ns3:cad>92</ns3:cad>
          </ns3:TrackPointExtension>
        </extensions>
      </trkpt>
      <trkpt lat="45.8002479560673236846923828125" lon="126.64900903590023517608642578125">
        <ele>130</ele>
        <time>2026-10-04T21:58:54.000Z</time>
        <extensions>
          <ns3:TrackPointExtension>
            <ns3:hr>130</ns3:hr>
            <ns3:cad>92</ns3:cad>
          </ns3:TrackPointExtension>
        </extensions>
      </trkpt>
      <trkpt lat="45.8002211339771747589111328125" lon="126.64902479387819766998291015625">
        <ele>130</ele>
        <time>2026-10-04T21:58:55.000Z</time>
        <extensions>
          <ns3:TrackPointExtension>
            <ns3:hr>130</ns3:hr>
            <ns3:cad>92</ns3:cad>
          </ns3:TrackPointExtension>
        </extensions>
      </trkpt>
      <trkpt lat="45.800201855599880218505859375" lon="126.64904155768454074859619140625">
        <ele>130</ele>
        <time>2026-10-04T21:58:56.000Z</time>
        <extensions>
          <ns3:TrackPointExtension>
            <ns3:hr>130</ns3:hr>
            <ns3:cad>92</ns3:cad>
          </ns3:TrackPointExtension>
        </extensions>
      </trkpt>
      <trkpt lat="45.800171010196208953857421875" lon="126.64905496872961521148681640625">
        <ele>130.1999969482421875</ele>
        <time>2026-10-04T21:58:57.000Z</time>
        <extensions>
          <ns3:TrackPointExtension>
            <ns3:hr>131</ns3:hr>
            <ns3:cad>92</ns3:cad>
          </ns3:TrackPointExtension>
        </extensions>
      </trkpt>
      <trkpt lat="45.8001477085053920745849609375" lon="126.64907424710690975189208984375">
        <ele>130.1999969482421875</ele>
        <time>2026-10-04T21:58:58.000Z</time>
        <extensions>
          <ns3:TrackPointExtension>
            <ns3:hr>131</ns3:hr>
            <ns3:cad>92</ns3:cad>
          </ns3:TrackPointExtension>
        </extensions>
      </trkpt>
      <trkpt lat="45.80011560581624507904052734375" lon="126.64909201674163341522216796875">
        <ele>130.1999969482421875</ele>
        <time>2026-10-04T21:58:59.000Z</time>
        <extensions>
          <ns3:TrackPointExtension>
            <ns3:hr>131</ns3:hr>
            <ns3:cad>92</ns3:cad>
          </ns3:TrackPointExtension>
        </extensions>
      </trkpt>
      <trkpt lat="45.80009649507701396942138671875" lon="126.64911062456667423248291015625">
        <ele>130.1999969482421875</ele>
        <time>2026-10-04T21:59:00.000Z</time>
        <extensions>
          <ns3:TrackPointExtension>
            <ns3:hr>131</ns3:hr>
            <ns3:cad>92</ns3:cad>
          </ns3:TrackPointExtension>
        </extensions>
      </trkpt>
      <trkpt lat="45.8000709302723407745361328125" lon="126.64912587963044643402099609375">
        <ele>130.399993896484375</ele>
        <time>2026-10-04T21:59:01.000Z</time>
        <extensions>
          <ns3:TrackPointExtension>
            <ns3:hr>131</ns3:hr>
            <ns3:cad>92</ns3:cad>
          </ns3:TrackPointExtension>
        </extensions>
      </trkpt>
      <trkpt lat="45.80005072988569736480712890625" lon="126.64914297871291637420654296875">
        <ele>130.399993896484375</ele>
        <time>2026-10-04T21:59:02.000Z</time>
        <extensions>
          <ns3:TrackPointExtension>
            <ns3:hr>131</ns3:hr>
            <ns3:cad>92</ns3:cad>
          </ns3:TrackPointExtension>
        </extensions>
      </trkpt>
      <trkpt lat="45.80002583563327789306640625" lon="126.64915488101541996002197265625">
        <ele>130.399993896484375</ele>
        <time>2026-10-04T21:59:03.000Z</time>
        <extensions>
          <ns3:TrackPointExtension>
            <ns3:hr>131</ns3:hr>
            <ns3:cad>91</ns3:cad>
          </ns3:TrackPointExtension>
        </extensions>
      </trkpt>
      <trkpt lat="45.80000630579888820648193359375" lon="126.64917399175465106964111328125">
        <ele>130.399993896484375</ele>
        <time>2026-10-04T21:59:04.000Z</time>
        <extensions>
          <ns3:TrackPointExtension>
            <ns3:hr>131</ns3:hr>
            <ns3:cad>91</ns3:cad>
          </ns3:TrackPointExtension>
        </extensions>
      </trkpt>
      <trkpt lat="45.799976885318756103515625" lon="126.64918472059071063995361328125">
        <ele>130.399993896484375</ele>
        <time>2026-10-04T21:59:05.000Z</time>
        <extensions>
          <ns3:TrackPointExtension>
            <ns3:hr>132</ns3:hr>
            <ns3:cad>91</ns3:cad>
          </ns3:TrackPointExtension>
        </extensions>
      </trkpt>
      <trkpt lat="45.79995802603662014007568359375" lon="126.6492032445967197418212890625">
        <ele>130.399993896484375</ele>
        <time>2026-10-04T21:59:06.000Z</time>
        <extensions>
          <ns3:TrackPointExtension>
            <ns3:hr>132</ns3:hr>
            <ns3:cad>91</ns3:cad>
          </ns3:TrackPointExtension>
        </extensions>
      </trkpt>
      <trkpt lat="45.799931623041629791259765625" lon="126.64920986630022525787353515625">
        <ele>130.399993896484375</ele>
        <time>2026-10-04T21:59:07.000Z</time>
        <extensions>
          <ns3:TrackPointExtension>
            <ns3:hr>132</ns3:hr>
            <ns3:cad>91</ns3:cad>
          </ns3:TrackPointExtension>
        </extensions>
      </trkpt>
      <trkpt lat="45.79991410486400127410888671875" lon="126.64922914467751979827880859375">
        <ele>130.399993896484375</ele>
        <time>2026-10-04T21:59:08.000Z</time>
        <extensions>
          <ns3:TrackPointExtension>
            <ns3:hr>132</ns3:hr>
            <ns3:cad>91</ns3:cad>
          </ns3:TrackPointExtension>
        </extensions>
      </trkpt>
      <trkpt lat="45.79988543875515460968017578125" lon="126.6492414660751819610595703125">
        <ele>130.600006103515625</ele>
        <time>2026-10-04T21:59:09.000Z</time>
        <extensions>
          <ns3:TrackPointExtension>
            <ns3:hr>132</ns3:hr>
            <ns3:cad>92</ns3:cad>
          </ns3:TrackPointExtension>
        </extensions>
      </trkpt>
      <trkpt lat="45.79986624419689178466796875" lon="126.64925881661474704742431640625">
        <ele>130.600006103515625</ele>
        <time>2026-10-04T21:59:10.000Z</time>
        <extensions>
          <ns3:TrackPointExtension>
            <ns3:hr>132</ns3:hr>
            <ns3:cad>92</ns3:cad>
          </ns3:TrackPointExtension>
        </extensions>
      </trkpt>
      <trkpt lat="45.7998379133641719818115234375" lon="126.64926954545080661773681640625">
        <ele>130.600006103515625</ele>
        <time>2026-10-04T21:59:11.000Z</time>
        <extensions>
          <ns3:TrackPointExtension>
            <ns3:hr>132</ns3:hr>
            <ns3:cad>92</ns3:cad>
          </ns3:TrackPointExtension>
        </extensions>
      </trkpt>
      <trkpt lat="45.7998188026249408721923828125" lon="126.64929267950356006622314453125">
        <ele>130.600006103515625</ele>
        <time>2026-10-04T21:59:12.000Z</time>
        <extensions>
          <ns3:TrackPointExtension>
            <ns3:hr>132</ns3:hr>
            <ns3:cad>91</ns3:cad>
          </ns3:TrackPointExtension>
        </extensions>
      </trkpt>
      <trkpt lat="45.7997892983257770538330078125" lon="126.6493021510541439056396484375">
        <ele>130.600006103515625</ele>
        <time>2026-10-04T21:59:13.000Z</time>
        <extensions>
          <ns3:TrackPointExtension>
            <ns3:hr>133</ns3:hr>
            <ns3:cad>90</ns3:cad>
          </ns3:TrackPointExtension>
        </extensions>
      </trkpt>
      <trkpt lat="45.799770019948482513427734375" lon="126.649321429431438446044921875">
        <ele>130.600006103515625</ele>
        <time>2026-10-04T21:59:14.000Z</time>
        <extensions>
          <ns3:TrackPointExtension>
            <ns3:hr>133</ns3:hr>
            <ns3:cad>89</ns3:cad>
          </ns3:TrackPointExtension>
        </extensions>
      </trkpt>
      <trkpt lat="45.79974395222961902618408203125" lon="126.64933006279170513153076171875">
        <ele>130.600006103515625</ele>
        <time>2026-10-04T21:59:15.000Z</time>
        <extensions>
          <ns3:TrackPointExtension>
            <ns3:hr>133</ns3:hr>
            <ns3:cad>89</ns3:cad>
          </ns3:TrackPointExtension>
        </extensions>
      </trkpt>
      <trkpt lat="45.79972534440457820892333984375" lon="126.649347580969333648681640625">
        <ele>130.8000030517578125</ele>
        <time>2026-10-04T21:59:16.000Z</time>
        <extensions>
          <ns3:TrackPointExtension>
            <ns3:hr>132</ns3:hr>
            <ns3:cad>89</ns3:cad>
          </ns3:TrackPointExtension>
        </extensions>
      </trkpt>
      <trkpt lat="45.7996950857341289520263671875" lon="126.64935554377734661102294921875">
        <ele>130.8000030517578125</ele>
        <time>2026-10-04T21:59:17.000Z</time>
        <extensions>
          <ns3:TrackPointExtension>
            <ns3:hr>132</ns3:hr>
            <ns3:cad>89</ns3:cad>
          </ns3:TrackPointExtension>
        </extensions>
      </trkpt>
      <trkpt lat="45.7996756397187709808349609375" lon="126.6493752412497997283935546875">
        <ele>130.8000030517578125</ele>
        <time>2026-10-04T21:59:18.000Z</time>
        <extensions>
          <ns3:TrackPointExtension>
            <ns3:hr>132</ns3:hr>
            <ns3:cad>90</ns3:cad>
          </ns3:TrackPointExtension>
        </extensions>
      </trkpt>
      <trkpt lat="45.7996461354196071624755859375" lon="126.64938588626682758331298828125">
        <ele>130.8000030517578125</ele>
        <time>2026-10-04T21:59:19.000Z</time>
        <extensions>
          <ns3:TrackPointExtension>
            <ns3:hr>132</ns3:hr>
            <ns3:cad>90</ns3:cad>
          </ns3:TrackPointExtension>
        </extensions>
      </trkpt>
      <trkpt lat="45.79962878488004207611083984375" lon="126.64940617047250270843505859375">
        <ele>130.8000030517578125</ele>
        <time>2026-10-04T21:59:20.000Z</time>
        <extensions>
          <ns3:TrackPointExtension>
            <ns3:hr>132</ns3:hr>
            <ns3:cad>90</ns3:cad>
          </ns3:TrackPointExtension>
        </extensions>
      </trkpt>
      <trkpt lat="45.79959726892411708831787109375" lon="126.6494198329746723175048828125">
        <ele>131</ele>
        <time>2026-10-04T21:59:21.000Z</time>
        <extensions>
          <ns3:TrackPointExtension>
            <ns3:hr>132</ns3:hr>
            <ns3:cad>89</ns3:cad>
          </ns3:TrackPointExtension>
        </extensions>
      </trkpt>
      <trkpt lat="45.7995777390897274017333984375" lon="126.649442128837108612060546875">
        <ele>131</ele>
        <time>2026-10-04T21:59:22.000Z</time>
        <extensions>
          <ns3:TrackPointExtension>
            <ns3:hr>132</ns3:hr>
            <ns3:cad>89</ns3:cad>
          </ns3:TrackPointExtension>
        </extensions>
      </trkpt>
      <trkpt lat="45.7995609752833843231201171875" lon="126.6494530253112316131591796875">
        <ele>131</ele>
        <time>2026-10-04T21:59:23.000Z</time>
        <extensions>
          <ns3:TrackPointExtension>
            <ns3:hr>133</ns3:hr>
            <ns3:cad>89</ns3:cad>
          </ns3:TrackPointExtension>
        </extensions>
      </trkpt>
      <trkpt lat="45.79957027919590473175048828125" lon="126.64944824762642383575439453125">
        <ele>130.600006103515625</ele>
        <time>2026-10-04T21:59:43.000Z</time>
        <extensions>
          <ns3:TrackPointExtension>
            <ns3:hr>129</ns3:hr>
            <ns3:cad>0</ns3:cad>
          </ns3:TrackPointExtension>
        </extensions>
      </trkpt>
      <trkpt lat="45.79955116845667362213134765625" lon="126.64945394732058048248291015625">
        <ele>130.8000030517578125</ele>
        <time>2026-10-04T21:59:44.000Z</time>
        <extensions>
          <ns3:TrackPointExtension>
            <ns3:hr>128</ns3:hr>
            <ns3:cad>0</ns3:cad>
          </ns3:TrackPointExtension>
        </extensions>
      </trkpt>
      <trkpt lat="45.799537338316440582275390625" lon="126.64946836419403553009033203125">
        <ele>130.8000030517578125</ele>
        <time>2026-10-04T21:59:45.000Z</time>
        <extensions>
          <ns3:TrackPointExtension>
            <ns3:hr>128</ns3:hr>
            <ns3:cad>0</ns3:cad>
          </ns3:TrackPointExtension>
        </extensions>
      </trkpt>
      <trkpt lat="45.7995080016553401947021484375" lon="126.6494791768491268157958984375">
        <ele>130.8000030517578125</ele>
        <time>2026-10-04T21:59:46.000Z</time>
        <extensions>
          <ns3:TrackPointExtension>
            <ns3:hr>127</ns3:hr>
            <ns3:cad>0</ns3:cad>
          </ns3:TrackPointExtension>
        </extensions>
      </trkpt>
      <trkpt lat="45.7994888909161090850830078125" lon="126.6494939289987087249755859375">
        <ele>131</ele>
        <time>2026-10-04T21:59:47.000Z</time>
        <extensions>
          <ns3:TrackPointExtension>
            <ns3:hr>127</ns3:hr>
            <ns3:cad>0</ns3:cad>
          </ns3:TrackPointExtension>
        </extensions>
      </trkpt>
      <trkpt lat="45.799460895359516143798828125" lon="126.64950474165380001068115234375">
        <ele>131</ele>
        <time>2026-10-04T21:59:48.000Z</time>
        <extensions>
          <ns3:TrackPointExtension>
            <ns3:hr>127</ns3:hr>
            <ns3:cad>0</ns3:cad>
          </ns3:TrackPointExtension>
        </extensions>
      </trkpt>
      <trkpt lat="45.79944186843931674957275390625" lon="126.64952200837433338165283203125">
        <ele>131</ele>
        <time>2026-10-04T21:59:49.000Z</time>
        <extensions>
          <ns3:TrackPointExtension>
            <ns3:hr>126</ns3:hr>
            <ns3:cad>0</ns3:cad>
          </ns3:TrackPointExtension>
        </extensions>
      </trkpt>
      <trkpt lat="45.79941772855818271636962890625" lon="126.64953491650521755218505859375">
        <ele>131</ele>
        <time>2026-10-04T21:59:50.000Z</time>
        <extensions>
          <ns3:TrackPointExtension>
            <ns3:hr>127</ns3:hr>
            <ns3:cad>0</ns3:cad>
          </ns3:TrackPointExtension>
        </extensions>
      </trkpt>
      <trkpt lat="45.79939375631511211395263671875" lon="126.64955453015863895416259765625">
        <ele>131</ele>
        <time>2026-10-04T21:59:51.000Z</time>
        <extensions>
          <ns3:TrackPointExtension>
            <ns3:hr>126</ns3:hr>
            <ns3:cad>90</ns3:cad>
          </ns3:TrackPointExtension>
        </extensions>
      </trkpt>
      <trkpt lat="45.79936995171010494232177734375" lon="126.649572886526584625244140625">
        <ele>131</ele>
        <time>2026-10-04T21:59:52.000Z</time>
        <extensions>
          <ns3:TrackPointExtension>
            <ns3:hr>126</ns3:hr>
            <ns3:cad>92</ns3:cad>
          </ns3:TrackPointExtension>
        </extensions>
      </trkpt>
      <trkpt lat="45.7993443869054317474365234375" lon="126.64959258399903774261474609375">
        <ele>131</ele>
        <time>2026-10-04T21:59:53.000Z</time>
        <extensions>
          <ns3:TrackPointExtension>
            <ns3:hr>126</ns3:hr>
            <ns3:cad>92</ns3:cad>
          </ns3:TrackPointExtension>
        </extensions>
      </trkpt>
      <trkpt lat="45.799317061901092529296875" lon="126.64960046298801898956298828125">
        <ele>131</ele>
        <time>2026-10-04T21:59:54.000Z</time>
        <extensions>
          <ns3:TrackPointExtension>
            <ns3:hr>126</ns3:hr>
            <ns3:cad>92</ns3:cad>
          </ns3:TrackPointExtension>
        </extensions>
      </trkpt>
      <trkpt lat="45.79929091036319732666015625" lon="126.6496196575462818145751953125">
        <ele>131.1999969482421875</ele>
        <time>2026-10-04T21:59:55.000Z</time>
        <extensions>
          <ns3:TrackPointExtension>
            <ns3:hr>126</ns3:hr>
            <ns3:cad>92</ns3:cad>
          </ns3:TrackPointExtension>
        </extensions>
      </trkpt>
      <trkpt lat="45.799267105758190155029296875" lon="126.64963767863810062408447265625">
        <ele>131.1999969482421875</ele>
        <time>2026-10-04T21:59:56.000Z</time>
        <extensions>
          <ns3:TrackPointExtension>
            <ns3:hr>126</ns3:hr>
            <ns3:cad>92</ns3:cad>
          </ns3:TrackPointExtension>
        </extensions>
      </trkpt>
      <trkpt lat="45.7992381043732166290283203125" lon="126.6496565379202365875244140625">
        <ele>131.1999969482421875</ele>
        <time>2026-10-04T21:59:57.000Z</time>
        <extensions>
          <ns3:TrackPointExtension>
            <ns3:hr>126</ns3:hr>
            <ns3:cad>92</ns3:cad>
          </ns3:TrackPointExtension>
        </extensions>
      </trkpt>
      <trkpt lat="45.79921823926270008087158203125" lon="126.64967640303075313568115234375">
        <ele>131</ele>
        <time>2026-10-04T21:59:58.000Z</time>
        <extensions>
          <ns3:TrackPointExtension>
            <ns3:hr>126</ns3:hr>
            <ns3:cad>92</ns3:cad>
          </ns3:TrackPointExtension>
        </extensions>
      </trkpt>
      <trkpt lat="45.79918672330677509307861328125" lon="126.64969584904611110687255859375">
        <ele>131</ele>
        <time>2026-10-04T21:59:59.000Z</time>
        <extensions>
          <ns3:TrackPointExtension>
            <ns3:hr>126</ns3:hr>
            <ns3:cad>92</ns3:cad>
          </ns3:TrackPointExtension>
        </extensions>
      </trkpt>
      <trkpt lat="45.799165852367877960205078125" lon="126.649716384708881378173828125">
        <ele>131</ele>
        <time>2026-10-04T22:00:00.000Z</time>
        <extensions>
          <ns3:TrackPointExtension>
            <ns3:hr>125</ns3:hr>
            <ns3:cad>92</ns3:cad>
          </ns3:TrackPointExtension>
        </extensions>
      </trkpt>
      <trkpt lat="45.79913106746971607208251953125" lon="126.64972476661205291748046875">
        <ele>131</ele>
        <time>2026-10-04T22:00:01.000Z</time>
        <extensions>
          <ns3:TrackPointExtension>
            <ns3:hr>125</ns3:hr>
            <ns3:cad>93</ns3:cad>
          </ns3:TrackPointExtension>
        </extensions>
      </trkpt>
      <trkpt lat="45.7991093583405017852783203125" lon="126.64974630810320377349853515625">
        <ele>131</ele>
        <time>2026-10-04T22:00:02.000Z</time>
        <extensions>
          <ns3:TrackPointExtension>
            <ns3:hr>125</ns3:hr>
            <ns3:cad>93</ns3:cad>
          </ns3:TrackPointExtension>
        </extensions>
      </trkpt>
      <trkpt lat="45.79907608218491077423095703125" lon="126.64976491592824459075927734375">
        <ele>131</ele>
        <time>2026-10-04T22:00:03.000Z</time>
        <extensions>
          <ns3:TrackPointExtension>
            <ns3:hr>125</ns3:hr>
            <ns3:cad>93</ns3:cad>
          </ns3:TrackPointExtension>
        </extensions>
      </trkpt>
      <trkpt lat="45.799057222902774810791015625" lon="126.64978603832423686981201171875">
        <ele>131</ele>
        <time>2026-10-04T22:00:04.000Z</time>
        <extensions>
          <ns3:TrackPointExtension>
            <ns3:hr>124</ns3:hr>
            <ns3:cad>92</ns3:cad>
          </ns3:TrackPointExtension>
        </extensions>
      </trkpt>
      <trkpt lat="45.799026377499103546142578125" lon="126.6498000361025333404541015625">
        <ele>131</ele>
        <time>2026-10-04T22:00:05.000Z</time>
        <extensions>
          <ns3:TrackPointExtension>
            <ns3:hr>124</ns3:hr>
            <ns3:cad>92</ns3:cad>
          </ns3:TrackPointExtension>
        </extensions>
      </trkpt>
      <trkpt lat="45.7990084402263164520263671875" lon="126.64982023648917675018310546875">
        <ele>131</ele>
        <time>2026-10-04T22:00:06.000Z</time>
        <extensions>
          <ns3:TrackPointExtension>
            <ns3:hr>124</ns3:hr>
            <ns3:cad>92</ns3:cad>
          </ns3:TrackPointExtension>
        </extensions>
      </trkpt>
      <trkpt lat="45.79897818155586719512939453125" lon="126.64983297698199748992919921875">
        <ele>131</ele>
        <time>2026-10-04T22:00:07.000Z</time>
        <extensions>
          <ns3:TrackPointExtension>
            <ns3:hr>123</ns3:hr>
            <ns3:cad>93</ns3:cad>
          </ns3:TrackPointExtension>
        </extensions>
      </trkpt>
      <trkpt lat="45.79895538277924060821533203125" lon="126.64984907023608684539794921875">
        <ele>131.1999969482421875</ele>
        <time>2026-10-04T22:00:08.000Z</time>
        <extensions>
          <ns3:TrackPointExtension>
            <ns3:hr>123</ns3:hr>
            <ns3:cad>93</ns3:cad>
          </ns3:TrackPointExtension>
        </extensions>
      </trkpt>
      <trkpt lat="45.798925794661045074462890625" lon="126.64985946379601955413818359375">
        <ele>131.1999969482421875</ele>
        <time>2026-10-04T22:00:09.000Z</time>
        <extensions>
          <ns3:TrackPointExtension>
            <ns3:hr>123</ns3:hr>
            <ns3:cad>93</ns3:cad>
          </ns3:TrackPointExtension>
        </extensions>
      </trkpt>
      <trkpt lat="45.7989008165895938873291015625" lon="126.64988092146813869476318359375">
        <ele>131</ele>
        <time>2026-10-04T22:00:10.000Z</time>
        <extensions>
          <ns3:TrackPointExtension>
            <ns3:hr>123</ns3:hr>
            <ns3:cad>93</ns3:cad>
          </ns3:TrackPointExtension>
        </extensions>
      </trkpt>
      <trkpt lat="45.79887441359460353851318359375" lon="126.64989366196095943450927734375">
        <ele>131</ele>
        <time>2026-10-04T22:00:11.000Z</time>
        <extensions>
          <ns3:TrackPointExtension>
            <ns3:hr>124</ns3:hr>
            <ns3:cad>93</ns3:cad>
          </ns3:TrackPointExtension>
        </extensions>
      </trkpt>
      <trkpt lat="45.79885144717991352081298828125" lon="126.64991260506212711334228515625">
        <ele>131</ele>
        <time>2026-10-04T22:00:12.000Z</time>
        <extensions>
          <ns3:TrackPointExtension>
            <ns3:hr>124</ns3:hr>
            <ns3:cad>93</ns3:cad>
          </ns3:TrackPointExtension>
        </extensions>
      </trkpt>
      <trkpt lat="45.7988275587558746337890625" lon="126.64993138052523136138916015625">
        <ele>131</ele>
        <time>2026-10-04T22:00:13.000Z</time>
        <extensions>
          <ns3:TrackPointExtension>
            <ns3:hr>124</ns3:hr>
            <ns3:cad>92</ns3:cad>
          </ns3:TrackPointExtension>
        </extensions>
      </trkpt>
      <trkpt lat="45.7988012395799160003662109375" lon="126.6499499045312404632568359375">
        <ele>131</ele>
        <time>2026-10-04T22:00:14.000Z</time>
        <extensions>
          <ns3:TrackPointExtension>
            <ns3:hr>124</ns3:hr>
            <ns3:cad>92</ns3:cad>
          </ns3:TrackPointExtension>
        </extensions>
      </trkpt>
      <trkpt lat="45.79877718351781368255615234375" lon="126.6499639861285686492919921875">
        <ele>131</ele>
        <time>2026-10-04T22:00:15.000Z</time>
        <extensions>
          <ns3:TrackPointExtension>
            <ns3:hr>124</ns3:hr>
            <ns3:cad>92</ns3:cad>
          </ns3:TrackPointExtension>
        </extensions>
      </trkpt>
      <trkpt lat="45.79875069670379161834716796875" lon="126.6499790735542774200439453125">
        <ele>131</ele>
        <time>2026-10-04T22:00:16.000Z</time>
        <extensions>
          <ns3:TrackPointExtension>
            <ns3:hr>124</ns3:hr>
            <ns3:cad>92</ns3:cad>
          </ns3:TrackPointExtension>
        </extensions>
      </trkpt>
      <trkpt lat="45.79872605390846729278564453125" lon="126.649973876774311065673828125">
        <ele>131</ele>
        <time>2026-10-04T22:00:17.000Z</time>
        <extensions>
          <ns3:TrackPointExtension>
            <ns3:hr>124</ns3:hr>
            <ns3:cad>92</ns3:cad>
          </ns3:TrackPointExtension>
        </extensions>
      </trkpt>
      <trkpt lat="45.79870392568409442901611328125" lon="126.6499601304531097412109375">
        <ele>131</ele>
        <time>2026-10-04T22:00:18.000Z</time>
        <extensions>
          <ns3:TrackPointExtension>
            <ns3:hr>124</ns3:hr>
            <ns3:cad>92</ns3:cad>
          </ns3:TrackPointExtension>
        </extensions>
      </trkpt>
      <trkpt lat="45.79867844469845294952392578125" lon="126.64994244463741779327392578125">
        <ele>131</ele>
        <time>2026-10-04T22:00:19.000Z</time>
        <extensions>
          <ns3:TrackPointExtension>
            <ns3:hr>125</ns3:hr>
            <ns3:cad>90</ns3:cad>
          </ns3:TrackPointExtension>
        </extensions>
      </trkpt>
      <trkpt lat="45.79865547828376293182373046875" lon="126.64994328282773494720458984375">
        <ele>131</ele>
        <time>2026-10-04T22:00:20.000Z</time>
        <extensions>
          <ns3:TrackPointExtension>
            <ns3:hr>125</ns3:hr>
            <ns3:cad>90</ns3:cad>
          </ns3:TrackPointExtension>
        </extensions>
      </trkpt>
      <trkpt lat="45.7986285723745822906494140625" lon="126.649964489042758941650390625">
        <ele>131</ele>
        <time>2026-10-04T22:00:21.000Z</time>
        <extensions>
          <ns3:TrackPointExtension>
            <ns3:hr>125</ns3:hr>
            <ns3:cad>89</ns3:cad>
          </ns3:TrackPointExtension>
        </extensions>
      </trkpt>
      <trkpt lat="45.79861591570079326629638671875" lon="126.6499790735542774200439453125">
        <ele>131</ele>
        <time>2026-10-04T22:00:22.000Z</time>
        <extensions>
          <ns3:TrackPointExtension>
            <ns3:hr>126</ns3:hr>
            <ns3:cad>89</ns3:cad>
          </ns3:TrackPointExtension>
        </extensions>
      </trkpt>
      <trkpt lat="45.79860619269311428070068359375" lon="126.65001234970986843109130859375">
        <ele>131</ele>
        <time>2026-10-04T22:00:23.000Z</time>
        <extensions>
          <ns3:TrackPointExtension>
            <ns3:hr>126</ns3:hr>
            <ns3:cad>87</ns3:cad>
          </ns3:TrackPointExtension>
        </extensions>
      </trkpt>
      <trkpt lat="45.79859345220029354095458984375" lon="126.65003950707614421844482421875">
        <ele>131.1999969482421875</ele>
        <time>2026-10-04T22:00:24.000Z</time>
        <extensions>
          <ns3:TrackPointExtension>
            <ns3:hr>126</ns3:hr>
            <ns3:cad>87</ns3:cad>
          </ns3:TrackPointExtension>
        </extensions>
      </trkpt>
      <trkpt lat="45.7985665462911128997802734375" lon="126.65005375631153583526611328125">
        <ele>131.1999969482421875</ele>
        <time>2026-10-04T22:00:25.000Z</time>
        <extensions>
          <ns3:TrackPointExtension>
            <ns3:hr>126</ns3:hr>
            <ns3:cad>87</ns3:cad>
          </ns3:TrackPointExtension>
        </extensions>
      </trkpt>
      <trkpt lat="45.79854802228510379791259765625" lon="126.650071106851100921630859375">
        <ele>131.1999969482421875</ele>
        <time>2026-10-04T22:00:26.000Z</time>
        <extensions>
          <ns3:TrackPointExtension>
            <ns3:hr>127</ns3:hr>
            <ns3:cad>88</ns3:cad>
          </ns3:TrackPointExtension>
        </extensions>
      </trkpt>
      <trkpt lat="45.79852044582366943359375" lon="126.65008124895393848419189453125">
        <ele>131.1999969482421875</ele>
        <time>2026-10-04T22:00:27.000Z</time>
        <extensions>
          <ns3:TrackPointExtension>
            <ns3:hr>127</ns3:hr>
            <ns3:cad>88</ns3:cad>
          </ns3:TrackPointExtension>
        </extensions>
      </trkpt>
      <trkpt lat="45.79850192181766033172607421875" lon="126.650098599493503570556640625">
        <ele>131.1999969482421875</ele>
        <time>2026-10-04T22:00:28.000Z</time>
        <extensions>
          <ns3:TrackPointExtension>
            <ns3:hr>127</ns3:hr>
            <ns3:cad>88</ns3:cad>
          </ns3:TrackPointExtension>
        </extensions>
      </trkpt>
      <trkpt lat="45.79847283661365509033203125" lon="126.65010974742472171783447265625">
        <ele>131.1999969482421875</ele>
        <time>2026-10-04T22:00:29.000Z</time>
        <extensions>
          <ns3:TrackPointExtension>
            <ns3:hr>127</ns3:hr>
            <ns3:cad>89</ns3:cad>
          </ns3:TrackPointExtension>
        </extensions>
      </trkpt>
      <trkpt lat="45.79845464788377285003662109375" lon="126.65013053454458713531494140625">
        <ele>131.1999969482421875</ele>
        <time>2026-10-04T22:00:30.000Z</time>
        <extensions>
          <ns3:TrackPointExtension>
            <ns3:hr>127</ns3:hr>
            <ns3:cad>90</ns3:cad>
          </ns3:TrackPointExtension>
        </extensions>
      </trkpt>
      <trkpt lat="45.7984253950417041778564453125" lon="126.65014143101871013641357421875">
        <ele>131.1999969482421875</ele>
        <time>2026-10-04T22:00:31.000Z</time>
        <extensions>
          <ns3:TrackPointExtension>
            <ns3:hr>127</ns3:hr>
            <ns3:cad>90</ns3:cad>
          </ns3:TrackPointExtension>
        </extensions>
      </trkpt>
      <trkpt lat="45.79840368591248989105224609375" lon="126.6501617990434169769287109375">
        <ele>131.1999969482421875</ele>
        <time>2026-10-04T22:00:32.000Z</time>
        <extensions>
          <ns3:TrackPointExtension>
            <ns3:hr>127</ns3:hr>
            <ns3:cad>91</ns3:cad>
          </ns3:TrackPointExtension>
        </extensions>
      </trkpt>
      <trkpt lat="45.7983774505555629730224609375" lon="126.6501701809465885162353515625">
        <ele>131.1999969482421875</ele>
        <time>2026-10-04T22:00:33.000Z</time>
        <extensions>
          <ns3:TrackPointExtension>
            <ns3:hr>127</ns3:hr>
            <ns3:cad>91</ns3:cad>
          </ns3:TrackPointExtension>
        </extensions>
      </trkpt>
      <trkpt lat="45.7983529753983020782470703125" lon="126.65018820203840732574462890625">
        <ele>131.1999969482421875</ele>
        <time>2026-10-04T22:00:34.000Z</time>
        <extensions>
          <ns3:TrackPointExtension>
            <ns3:hr>127</ns3:hr>
            <ns3:cad>92</ns3:cad>
          </ns3:TrackPointExtension>
        </extensions>
      </trkpt>
      <trkpt lat="45.79832858406007289886474609375" lon="126.65020622313022613525390625">
        <ele>131.1999969482421875</ele>
        <time>2026-10-04T22:00:35.000Z</time>
        <extensions>
          <ns3:TrackPointExtension>
            <ns3:hr>128</ns3:hr>
            <ns3:cad>92</ns3:cad>
          </ns3:TrackPointExtension>
        </extensions>
      </trkpt>
      <trkpt lat="45.79830176196992397308349609375" lon="126.650226004421710968017578125">
        <ele>131.1999969482421875</ele>
        <time>2026-10-04T22:00:36.000Z</time>
        <extensions>
          <ns3:TrackPointExtension>
            <ns3:hr>128</ns3:hr>
            <ns3:cad>92</ns3:cad>
          </ns3:TrackPointExtension>
        </extensions>
      </trkpt>
      <trkpt lat="45.79827561043202877044677734375" lon="126.65024251677095890045166015625">
        <ele>131.1999969482421875</ele>
        <time>2026-10-04T22:00:37.000Z</time>
        <extensions>
          <ns3:TrackPointExtension>
            <ns3:hr>129</ns3:hr>
            <ns3:cad>92</ns3:cad>
          </ns3:TrackPointExtension>
        </extensions>
      </trkpt>
      <trkpt lat="45.7982480339705944061279296875" lon="126.65026246570050716400146484375">
        <ele>131.1999969482421875</ele>
        <time>2026-10-04T22:00:38.000Z</time>
        <extensions>
          <ns3:TrackPointExtension>
            <ns3:hr>129</ns3:hr>
            <ns3:cad>92</ns3:cad>
          </ns3:TrackPointExtension>
        </extensions>
      </trkpt>
      <trkpt lat="45.79822733066976070404052734375" lon="126.65028124116361141204833984375">
        <ele>131.1999969482421875</ele>
        <time>2026-10-04T22:00:39.000Z</time>
        <extensions>
          <ns3:TrackPointExtension>
            <ns3:hr>129</ns3:hr>
            <ns3:cad>91</ns3:cad>
          </ns3:TrackPointExtension>
        </extensions>
      </trkpt>
      <trkpt lat="45.798195898532867431640625" lon="126.6502995975315570831298828125">
        <ele>131</ele>
        <time>2026-10-04T22:00:40.000Z</time>
        <extensions>
          <ns3:TrackPointExtension>
            <ns3:hr>129</ns3:hr>
            <ns3:cad>91</ns3:cad>
          </ns3:TrackPointExtension>
        </extensions>
      </trkpt>
      <trkpt lat="45.7981749437749385833740234375" lon="126.6503195464611053466796875">
        <ele>131</ele>
        <time>2026-10-04T22:00:41.000Z</time>
        <extensions>
          <ns3:TrackPointExtension>
            <ns3:hr>130</ns3:hr>
            <ns3:cad>91</ns3:cad>
          </ns3:TrackPointExtension>
        </extensions>
      </trkpt>
      <trkpt lat="45.79814233817160129547119140625" lon="126.650339663028717041015625">
        <ele>131.1999969482421875</ele>
        <time>2026-10-04T22:00:42.000Z</time>
        <extensions>
          <ns3:TrackPointExtension>
            <ns3:hr>130</ns3:hr>
            <ns3:cad>92</ns3:cad>
          </ns3:TrackPointExtension>
        </extensions>
      </trkpt>
      <trkpt lat="45.798120461404323577880859375" lon="126.6503582708537578582763671875">
        <ele>131.1999969482421875</ele>
        <time>2026-10-04T22:00:43.000Z</time>
        <extensions>
          <ns3:TrackPointExtension>
            <ns3:hr>130</ns3:hr>
            <ns3:cad>92</ns3:cad>
          </ns3:TrackPointExtension>
        </extensions>
      </trkpt>
      <trkpt lat="45.798086933791637420654296875" lon="126.6503716818988323211669921875">
        <ele>131.1999969482421875</ele>
        <time>2026-10-04T22:00:44.000Z</time>
        <extensions>
          <ns3:TrackPointExtension>
            <ns3:hr>130</ns3:hr>
            <ns3:cad>92</ns3:cad>
          </ns3:TrackPointExtension>
        </extensions>
      </trkpt>
      <trkpt lat="45.79806505702435970306396484375" lon="126.65039188228547573089599609375">
        <ele>131.1999969482421875</ele>
        <time>2026-10-04T22:00:45.000Z</time>
        <extensions>
          <ns3:TrackPointExtension>
            <ns3:hr>131</ns3:hr>
            <ns3:cad>93</ns3:cad>
          </ns3:TrackPointExtension>
        </extensions>
      </trkpt>
      <trkpt lat="45.79803605563938617706298828125" lon="126.6504045389592647552490234375">
        <ele>131.1999969482421875</ele>
        <time>2026-10-04T22:00:46.000Z</time>
        <extensions>
          <ns3:TrackPointExtension>
            <ns3:hr>131</ns3:hr>
            <ns3:cad>93</ns3:cad>
          </ns3:TrackPointExtension>
        </extensions>
      </trkpt>
      <trkpt lat="45.79801174812018871307373046875" lon="126.6504266671836376190185546875">
        <ele>131</ele>
        <time>2026-10-04T22:00:47.000Z</time>
        <extensions>
          <ns3:TrackPointExtension>
            <ns3:hr>131</ns3:hr>
            <ns3:cad>93</ns3:cad>
          </ns3:TrackPointExtension>
        </extensions>
      </trkpt>
      <trkpt lat="45.79798199236392974853515625" lon="126.65044150315225124359130859375">
        <ele>131</ele>
        <time>2026-10-04T22:00:48.000Z</time>
        <extensions>
          <ns3:TrackPointExtension>
            <ns3:hr>131</ns3:hr>
            <ns3:cad>93</ns3:cad>
          </ns3:TrackPointExtension>
        </extensions>
      </trkpt>
      <trkpt lat="45.79795776866376399993896484375" lon="126.65046027861535549163818359375">
        <ele>131</ele>
        <time>2026-10-04T22:00:49.000Z</time>
        <extensions>
          <ns3:TrackPointExtension>
            <ns3:hr>131</ns3:hr>
            <ns3:cad>93</ns3:cad>
          </ns3:TrackPointExtension>
        </extensions>
      </trkpt>
      <trkpt lat="45.79793212004005908966064453125" lon="126.6504769586026668548583984375">
        <ele>131</ele>
        <time>2026-10-04T22:00:50.000Z</time>
        <extensions>
          <ns3:TrackPointExtension>
            <ns3:hr>132</ns3:hr>
            <ns3:cad>93</ns3:cad>
          </ns3:TrackPointExtension>
        </extensions>
      </trkpt>
      <trkpt lat="45.79790689051151275634765625" lon="126.6504974104464054107666015625">
        <ele>131</ele>
        <time>2026-10-04T22:00:51.000Z</time>
        <extensions>
          <ns3:TrackPointExtension>
            <ns3:hr>132</ns3:hr>
            <ns3:cad>92</ns3:cad>
          </ns3:TrackPointExtension>
        </extensions>
      </trkpt>
      <trkpt lat="45.79788166098296642303466796875" lon="126.65051124058663845062255859375">
        <ele>131</ele>
        <time>2026-10-04T22:00:52.000Z</time>
        <extensions>
          <ns3:TrackPointExtension>
            <ns3:hr>132</ns3:hr>
            <ns3:cad>93</ns3:cad>
          </ns3:TrackPointExtension>
        </extensions>
      </trkpt>
      <trkpt lat="45.79785450361669063568115234375" lon="126.65052800439298152923583984375">
        <ele>131</ele>
        <time>2026-10-04T22:00:53.000Z</time>
        <extensions>
          <ns3:TrackPointExtension>
            <ns3:hr>132</ns3:hr>
            <ns3:cad>92</ns3:cad>
          </ns3:TrackPointExtension>
        </extensions>
      </trkpt>
      <trkpt lat="45.79783036373555660247802734375" lon="126.65054745040833950042724609375">
        <ele>131</ele>
        <time>2026-10-04T22:00:54.000Z</time>
        <extensions>
          <ns3:TrackPointExtension>
            <ns3:hr>133</ns3:hr>
            <ns3:cad>92</ns3:cad>
          </ns3:TrackPointExtension>
        </extensions>
      </trkpt>
      <trkpt lat="45.79780437983572483062744140625" lon="126.650559939444065093994140625">
        <ele>131</ele>
        <time>2026-10-04T22:00:55.000Z</time>
        <extensions>
          <ns3:TrackPointExtension>
            <ns3:hr>133</ns3:hr>
            <ns3:cad>92</ns3:cad>
          </ns3:TrackPointExtension>
        </extensions>
      </trkpt>
      <trkpt lat="45.79778325743973255157470703125" lon="126.650575697422027587890625">
        <ele>131</ele>
        <time>2026-10-04T22:00:56.000Z</time>
        <extensions>
          <ns3:TrackPointExtension>
            <ns3:hr>133</ns3:hr>
            <ns3:cad>92</ns3:cad>
          </ns3:TrackPointExtension>
        </extensions>
      </trkpt>
      <trkpt lat="45.79775400459766387939453125" lon="126.65059648454189300537109375">
        <ele>131</ele>
        <time>2026-10-04T22:00:57.000Z</time>
        <extensions>
          <ns3:TrackPointExtension>
            <ns3:hr>133</ns3:hr>
            <ns3:cad>92</ns3:cad>
          </ns3:TrackPointExtension>
        </extensions>
      </trkpt>
      <trkpt lat="45.7977276854217052459716796875" lon="126.6506167687475681304931640625">
        <ele>131</ele>
        <time>2026-10-04T22:00:58.000Z</time>
        <extensions>
          <ns3:TrackPointExtension>
            <ns3:hr>132</ns3:hr>
            <ns3:cad>92</ns3:cad>
          </ns3:TrackPointExtension>
        </extensions>
      </trkpt>
      <trkpt lat="45.7976944930851459503173828125" lon="126.65062858723104000091552734375">
        <ele>130.8000030517578125</ele>
        <time>2026-10-04T22:00:59.000Z</time>
        <extensions>
          <ns3:TrackPointExtension>
            <ns3:hr>133</ns3:hr>
            <ns3:cad>92</ns3:cad>
          </ns3:TrackPointExtension>
        </extensions>
      </trkpt>
      <trkpt lat="45.7976740412414073944091796875" lon="126.650648452341556549072265625">
        <ele>130.8000030517578125</ele>
        <time>2026-10-04T22:01:00.000Z</time>
        <extensions>
          <ns3:TrackPointExtension>
            <ns3:hr>133</ns3:hr>
            <ns3:cad>92</ns3:cad>
          </ns3:TrackPointExtension>
        </extensions>
      </trkpt>
      <trkpt lat="45.79763975925743579864501953125" lon="126.6506623663008213043212890625">
        <ele>130.8000030517578125</ele>
        <time>2026-10-04T22:01:01.000Z</time>
        <extensions>
          <ns3:TrackPointExtension>
            <ns3:hr>133</ns3:hr>
            <ns3:cad>92</ns3:cad>
          </ns3:TrackPointExtension>
        </extensions>
      </trkpt>
      <trkpt lat="45.79761528410017490386962890625" lon="126.650682985782623291015625">
        <ele>130.600006103515625</ele>
        <time>2026-10-04T22:01:02.000Z</time>
        <extensions>
          <ns3:TrackPointExtension>
            <ns3:hr>133</ns3:hr>
            <ns3:cad>92</ns3:cad>
          </ns3:TrackPointExtension>
        </extensions>
      </trkpt>
      <trkpt lat="45.79758502542972564697265625" lon="126.6506942175328731536865234375">
        <ele>130.600006103515625</ele>
        <time>2026-10-04T22:01:03.000Z</time>
        <extensions>
          <ns3:TrackPointExtension>
            <ns3:hr>133</ns3:hr>
            <ns3:cad>92</ns3:cad>
          </ns3:TrackPointExtension>
        </extensions>
      </trkpt>
      <trkpt lat="45.79755552113056182861328125" lon="126.6507150046527385711669921875">
        <ele>130.600006103515625</ele>
        <time>2026-10-04T22:01:04.000Z</time>
        <extensions>
          <ns3:TrackPointExtension>
            <ns3:hr>133</ns3:hr>
            <ns3:cad>92</ns3:cad>
          </ns3:TrackPointExtension>
        </extensions>
      </trkpt>
      <trkpt lat="45.79752827994525432586669921875" lon="126.65072833187878131866455078125">
        <ele>130.600006103515625</ele>
        <time>2026-10-04T22:01:05.000Z</time>
        <extensions>
          <ns3:TrackPointExtension>
            <ns3:hr>133</ns3:hr>
            <ns3:cad>92</ns3:cad>
          </ns3:TrackPointExtension>
        </extensions>
      </trkpt>
      <trkpt lat="45.7975000329315662384033203125" lon="126.65074677206575870513916015625">
        <ele>130.600006103515625</ele>
        <time>2026-10-04T22:01:06.000Z</time>
        <extensions>
          <ns3:TrackPointExtension>
            <ns3:hr>134</ns3:hr>
            <ns3:cad>93</ns3:cad>
          </ns3:TrackPointExtension>
        </extensions>
      </trkpt>
      <trkpt lat="45.79747899435460567474365234375" lon="126.65076076984405517578125">
        <ele>130.600006103515625</ele>
        <time>2026-10-04T22:01:07.000Z</time>
        <extensions>
          <ns3:TrackPointExtension>
            <ns3:hr>134</ns3:hr>
            <ns3:cad>94</ns3:cad>
          </ns3:TrackPointExtension>
        </extensions>
      </trkpt>
      <trkpt lat="45.797449909150600433349609375" lon="126.6507797129452228546142578125">
        <ele>130.600006103515625</ele>
        <time>2026-10-04T22:01:08.000Z</time>
        <extensions>
          <ns3:TrackPointExtension>
            <ns3:hr>133</ns3:hr>
            <ns3:cad>93</ns3:cad>
          </ns3:TrackPointExtension>
        </extensions>
      </trkpt>
      <trkpt lat="45.797431804239749908447265625" lon="126.65079991333186626434326171875">
        <ele>130.600006103515625</ele>
        <time>2026-10-04T22:01:09.000Z</time>
        <extensions>
          <ns3:TrackPointExtension>
            <ns3:hr>133</ns3:hr>
            <ns3:cad>93</ns3:cad>
          </ns3:TrackPointExtension>
        </extensions>
      </trkpt>
      <trkpt lat="45.797401964664459228515625" lon="126.65081248618662357330322265625">
        <ele>130.600006103515625</ele>
        <time>2026-10-04T22:01:10.000Z</time>
        <extensions>
          <ns3:TrackPointExtension>
            <ns3:hr>133</ns3:hr>
            <ns3:cad>93</ns3:cad>
          </ns3:TrackPointExtension>
        </extensions>
      </trkpt>
      <trkpt lat="45.79737975262105464935302734375" lon="126.6508313454687595367431640625">
        <ele>130.600006103515625</ele>
        <time>2026-10-04T22:01:11.000Z</time>
        <extensions>
          <ns3:TrackPointExtension>
            <ns3:hr>134</ns3:hr>
            <ns3:cad>94</ns3:cad>
          </ns3:TrackPointExtension>
        </extensions>
      </trkpt>
      <trkpt lat="45.797345638275146484375" lon="126.6508424095809459686279296875">
        <ele>130.399993896484375</ele>
        <time>2026-10-04T22:01:12.000Z</time>
        <extensions>
          <ns3:TrackPointExtension>
            <ns3:hr>134</ns3:hr>
            <ns3:cad>94</ns3:cad>
          </ns3:TrackPointExtension>
        </extensions>
      </trkpt>
      <trkpt lat="45.7973233424127101898193359375" lon="126.6508613526821136474609375">
        <ele>130.600006103515625</ele>
        <time>2026-10-04T22:01:13.000Z</time>
        <extensions>
          <ns3:TrackPointExtension>
            <ns3:hr>134</ns3:hr>
            <ns3:cad>93</ns3:cad>
          </ns3:TrackPointExtension>
        </extensions>
      </trkpt>
      <trkpt lat="45.797289311885833740234375" lon="126.65087752975523471832275390625">
        <ele>130.600006103515625</ele>
        <time>2026-10-04T22:01:14.000Z</time>
        <extensions>
          <ns3:TrackPointExtension>
            <ns3:hr>134</ns3:hr>
            <ns3:cad>93</ns3:cad>
          </ns3:TrackPointExtension>
        </extensions>
      </trkpt>
      <trkpt lat="45.7972696982324123382568359375" lon="126.6509004123508930206298828125">
        <ele>130.600006103515625</ele>
        <time>2026-10-04T22:01:15.000Z</time>
        <extensions>
          <ns3:TrackPointExtension>
            <ns3:hr>134</ns3:hr>
            <ns3:cad>93</ns3:cad>
          </ns3:TrackPointExtension>
        </extensions>
      </trkpt>
      <trkpt lat="45.797237344086170196533203125" lon="126.65091424249112606048583984375">
        <ele>130.600006103515625</ele>
        <time>2026-10-04T22:01:16.000Z</time>
        <extensions>
          <ns3:TrackPointExtension>
            <ns3:hr>134</ns3:hr>
            <ns3:cad>92</ns3:cad>
          </ns3:TrackPointExtension>
        </extensions>
      </trkpt>
      <trkpt lat="45.79721496440470218658447265625" lon="126.650935448706150054931640625">
        <ele>130.600006103515625</ele>
        <time>2026-10-04T22:01:17.000Z</time>
        <extensions>
          <ns3:TrackPointExtension>
            <ns3:hr>134</ns3:hr>
            <ns3:cad>92</ns3:cad>
          </ns3:TrackPointExtension>
        </extensions>
      </trkpt>
      <trkpt lat="45.79718596301972866058349609375" lon="126.6509446687996387481689453125">
        <ele>130.600006103515625</ele>
        <time>2026-10-04T22:01:18.000Z</time>
        <extensions>
          <ns3:TrackPointExtension>
            <ns3:hr>134</ns3:hr>
            <ns3:cad>92</ns3:cad>
          </ns3:TrackPointExtension>
        </extensions>
      </trkpt>
      <trkpt lat="45.79715813510119915008544921875" lon="126.65096386335790157318115234375">
        <ele>130.399993896484375</ele>
        <time>2026-10-04T22:01:19.000Z</time>
        <extensions>
          <ns3:TrackPointExtension>
            <ns3:hr>135</ns3:hr>
            <ns3:cad>92</ns3:cad>
          </ns3:TrackPointExtension>
        </extensions>
      </trkpt>
      <trkpt lat="45.79713231883943080902099609375" lon="126.65097811259329319000244140625">
        <ele>130.399993896484375</ele>
        <time>2026-10-04T22:01:20.000Z</time>
        <extensions>
          <ns3:TrackPointExtension>
            <ns3:hr>135</ns3:hr>
            <ns3:cad>93</ns3:cad>
          </ns3:TrackPointExtension>
        </extensions>
      </trkpt>
      <trkpt lat="45.79710356891155242919921875" lon="126.65099806152284145355224609375">
        <ele>130.399993896484375</ele>
        <time>2026-10-04T22:01:21.000Z</time>
        <extensions>
          <ns3:TrackPointExtension>
            <ns3:hr>135</ns3:hr>
            <ns3:cad>93</ns3:cad>
          </ns3:TrackPointExtension>
        </extensions>
      </trkpt>
      <trkpt lat="45.79707900993525981903076171875" lon="126.65101499296724796295166015625">
        <ele>130.399993896484375</ele>
        <time>2026-10-04T22:01:22.000Z</time>
        <extensions>
          <ns3:TrackPointExtension>
            <ns3:hr>135</ns3:hr>
            <ns3:cad>92</ns3:cad>
          </ns3:TrackPointExtension>
        </extensions>
      </trkpt>
      <trkpt lat="45.79705000855028629302978515625" lon="126.65103242732584476470947265625">
        <ele>130.399993896484375</ele>
        <time>2026-10-04T22:01:23.000Z</time>
        <extensions>
          <ns3:TrackPointExtension>
            <ns3:hr>135</ns3:hr>
            <ns3:cad>92</ns3:cad>
          </ns3:TrackPointExtension>
        </extensions>
      </trkpt>
      <trkpt lat="45.797026790678501129150390625" lon="126.65105036459863185882568359375">
        <ele>130.399993896484375</ele>
        <time>2026-10-04T22:01:24.000Z</time>
        <extensions>
          <ns3:TrackPointExtension>
            <ns3:hr>135</ns3:hr>
            <ns3:cad>92</ns3:cad>
          </ns3:TrackPointExtension>
        </extensions>
      </trkpt>
      <trkpt lat="45.7969954423606395721435546875" lon="126.6510707326233386993408203125">
        <ele>130.399993896484375</ele>
        <time>2026-10-04T22:01:25.000Z</time>
        <extensions>
          <ns3:TrackPointExtension>
            <ns3:hr>136</ns3:hr>
            <ns3:cad>93</ns3:cad>
          </ns3:TrackPointExtension>
        </extensions>
      </trkpt>
      <trkpt lat="45.79697591252624988555908203125" lon="126.6510885022580623626708984375">
        <ele>130.399993896484375</ele>
        <time>2026-10-04T22:01:26.000Z</time>
        <extensions>
          <ns3:TrackPointExtension>
            <ns3:hr>136</ns3:hr>
            <ns3:cad>93</ns3:cad>
          </ns3:TrackPointExtension>
        </extensions>
      </trkpt>
      <trkpt lat="45.79694506712257862091064453125" lon="126.6511109657585620880126953125">
        <ele>130.1999969482421875</ele>
        <time>2026-10-04T22:01:27.000Z</time>
        <extensions>
          <ns3:TrackPointExtension>
            <ns3:hr>136</ns3:hr>
            <ns3:cad>93</ns3:cad>
          </ns3:TrackPointExtension>
        </extensions>
      </trkpt>
      <trkpt lat="45.79692461527884006500244140625" lon="126.65113250724971294403076171875">
        <ele>130.1999969482421875</ele>
        <time>2026-10-04T22:01:28.000Z</time>
        <extensions>
          <ns3:TrackPointExtension>
            <ns3:hr>136</ns3:hr>
            <ns3:cad>92</ns3:cad>
          </ns3:TrackPointExtension>
        </extensions>
      </trkpt>
      <trkpt lat="45.7968891598284244537353515625" lon="126.65114407427608966827392578125">
        <ele>130.1999969482421875</ele>
        <time>2026-10-04T22:01:29.000Z</time>
        <extensions>
          <ns3:TrackPointExtension>
            <ns3:hr>136</ns3:hr>
            <ns3:cad>92</ns3:cad>
          </ns3:TrackPointExtension>
        </extensions>
      </trkpt>
      <trkpt lat="45.79686560668051242828369140625" lon="126.65116335265338420867919921875">
        <ele>130.1999969482421875</ele>
        <time>2026-10-04T22:01:30.000Z</time>
        <extensions>
          <ns3:TrackPointExtension>
            <ns3:hr>136</ns3:hr>
            <ns3:cad>92</ns3:cad>
          </ns3:TrackPointExtension>
        </extensions>
      </trkpt>
      <trkpt lat="45.79683207906782627105712890625" lon="126.6511756740510463714599609375">
        <ele>130.1999969482421875</ele>
        <time>2026-10-04T22:01:31.000Z</time>
        <extensions>
          <ns3:TrackPointExtension>
            <ns3:hr>136</ns3:hr>
            <ns3:cad>92</ns3:cad>
          </ns3:TrackPointExtension>
        </extensions>
      </trkpt>
      <trkpt lat="45.7968096993863582611083984375" lon="126.6511900909245014190673828125">
        <ele>130.1999969482421875</ele>
        <time>2026-10-04T22:01:32.000Z</time>
        <extensions>
          <ns3:TrackPointExtension>
            <ns3:hr>136</ns3:hr>
            <ns3:cad>92</ns3:cad>
          </ns3:TrackPointExtension>
        </extensions>
      </trkpt>
      <trkpt lat="45.79677776433527469635009765625" lon="126.651200987398624420166015625">
        <ele>130.1999969482421875</ele>
        <time>2026-10-04T22:01:33.000Z</time>
        <extensions>
          <ns3:TrackPointExtension>
            <ns3:hr>136</ns3:hr>
            <ns3:cad>92</ns3:cad>
          </ns3:TrackPointExtension>
        </extensions>
      </trkpt>
      <trkpt lat="45.7967590726912021636962890625" lon="126.65122210979461669921875">
        <ele>130.1999969482421875</ele>
        <time>2026-10-04T22:01:34.000Z</time>
        <extensions>
          <ns3:TrackPointExtension>
            <ns3:hr>136</ns3:hr>
            <ns3:cad>92</ns3:cad>
          </ns3:TrackPointExtension>
        </extensions>
      </trkpt>
      <trkpt lat="45.79673074185848236083984375" lon="126.65123485028743743896484375">
        <ele>130.1999969482421875</ele>
        <time>2026-10-04T22:01:35.000Z</time>
        <extensions>
          <ns3:TrackPointExtension>
            <ns3:hr>136</ns3:hr>
            <ns3:cad>92</ns3:cad>
          </ns3:TrackPointExtension>
        </extensions>
      </trkpt>
      <trkpt lat="45.79670584760606288909912109375" lon="126.65125153027474880218505859375">
        <ele>130.1999969482421875</ele>
        <time>2026-10-04T22:01:36.000Z</time>
        <extensions>
          <ns3:TrackPointExtension>
            <ns3:hr>136</ns3:hr>
            <ns3:cad>92</ns3:cad>
          </ns3:TrackPointExtension>
        </extensions>
      </trkpt>
      <trkpt lat="45.79667952843010425567626953125" lon="126.65126661770045757293701171875">
        <ele>130</ele>
        <time>2026-10-04T22:01:37.000Z</time>
        <extensions>
          <ns3:TrackPointExtension>
            <ns3:hr>137</ns3:hr>
            <ns3:cad>92</ns3:cad>
          </ns3:TrackPointExtension>
        </extensions>
      </trkpt>
      <trkpt lat="45.79665538854897022247314453125" lon="126.65128447115421295166015625">
        <ele>130</ele>
        <time>2026-10-04T22:01:38.000Z</time>
        <extensions>
          <ns3:TrackPointExtension>
            <ns3:hr>136</ns3:hr>
            <ns3:cad>92</ns3:cad>
          </ns3:TrackPointExtension>
        </extensions>
      </trkpt>
      <trkpt lat="45.796630494296550750732421875" lon="126.65129964239895343780517578125">
        <ele>130</ele>
        <time>2026-10-04T22:01:39.000Z</time>
        <extensions>
          <ns3:TrackPointExtension>
            <ns3:hr>136</ns3:hr>
            <ns3:cad>92</ns3:cad>
          </ns3:TrackPointExtension>
        </extensions>
      </trkpt>
      <trkpt lat="45.7966024987399578094482421875" lon="126.65131808258593082427978515625">
        <ele>130</ele>
        <time>2026-10-04T22:01:40.000Z</time>
        <extensions>
          <ns3:TrackPointExtension>
            <ns3:hr>135</ns3:hr>
            <ns3:cad>92</ns3:cad>
          </ns3:TrackPointExtension>
        </extensions>
      </trkpt>
      <trkpt lat="45.79657861031591892242431640625" lon="126.65133685804903507232666015625">
        <ele>130</ele>
        <time>2026-10-04T22:01:41.000Z</time>
        <extensions>
          <ns3:TrackPointExtension>
            <ns3:hr>135</ns3:hr>
            <ns3:cad>93</ns3:cad>
          </ns3:TrackPointExtension>
        </extensions>
      </trkpt>
      <trkpt lat="45.79654742963612079620361328125" lon="126.6513520292937755584716796875">
        <ele>130</ele>
        <time>2026-10-04T22:01:42.000Z</time>
        <extensions>
          <ns3:TrackPointExtension>
            <ns3:hr>135</ns3:hr>
            <ns3:cad>93</ns3:cad>
          </ns3:TrackPointExtension>
        </extensions>
      </trkpt>
      <trkpt lat="45.7965237088501453399658203125" lon="126.65137164294719696044921875">
        <ele>129.8000030517578125</ele>
        <time>2026-10-04T22:01:43.000Z</time>
        <extensions>
          <ns3:TrackPointExtension>
            <ns3:hr>135</ns3:hr>
            <ns3:cad>93</ns3:cad>
          </ns3:TrackPointExtension>
        </extensions>
      </trkpt>
      <trkpt lat="45.79649194143712520599365234375" lon="126.6513872332870960235595703125">
        <ele>129.8000030517578125</ele>
        <time>2026-10-04T22:01:44.000Z</time>
        <extensions>
          <ns3:TrackPointExtension>
            <ns3:hr>134</ns3:hr>
            <ns3:cad>93</ns3:cad>
          </ns3:TrackPointExtension>
        </extensions>
      </trkpt>
      <trkpt lat="45.79646528698503971099853515625" lon="126.65140894241631031036376953125">
        <ele>129.8000030517578125</ele>
        <time>2026-10-04T22:01:45.000Z</time>
        <extensions>
          <ns3:TrackPointExtension>
            <ns3:hr>135</ns3:hr>
            <ns3:cad>93</ns3:cad>
          </ns3:TrackPointExtension>
        </extensions>
      </trkpt>
      <trkpt lat="45.79643561504781246185302734375" lon="126.65142252109944820404052734375">
        <ele>129.8000030517578125</ele>
        <time>2026-10-04T22:01:46.000Z</time>
        <extensions>
          <ns3:TrackPointExtension>
            <ns3:hr>135</ns3:hr>
            <ns3:cad>92</ns3:cad>
          </ns3:TrackPointExtension>
        </extensions>
      </trkpt>
      <trkpt lat="45.7964130677282810211181640625" lon="126.65144481696188449859619140625">
        <ele>129.8000030517578125</ele>
        <time>2026-10-04T22:01:47.000Z</time>
        <extensions>
          <ns3:TrackPointExtension>
            <ns3:hr>136</ns3:hr>
            <ns3:cad>92</ns3:cad>
          </ns3:TrackPointExtension>
        </extensions>
      </trkpt>
      <trkpt lat="45.79638431780040264129638671875" lon="126.65145789273083209991455078125">
        <ele>129.600006103515625</ele>
        <time>2026-10-04T22:01:48.000Z</time>
        <extensions>
          <ns3:TrackPointExtension>
            <ns3:hr>136</ns3:hr>
            <ns3:cad>92</ns3:cad>
          </ns3:TrackPointExtension>
        </extensions>
      </trkpt>
      <trkpt lat="45.7963590882718563079833984375" lon="126.65146929211914539337158203125">
        <ele>129.600006103515625</ele>
        <time>2026-10-04T22:01:49.000Z</time>
        <extensions>
          <ns3:TrackPointExtension>
            <ns3:hr>136</ns3:hr>
            <ns3:cad>92</ns3:cad>
          </ns3:TrackPointExtension>
        </extensions>
      </trkpt>
      <trkpt lat="45.79632748849689960479736328125" lon="126.65147088468074798583984375">
        <ele>129.600006103515625</ele>
        <time>2026-10-04T22:01:50.000Z</time>
        <extensions>
          <ns3:TrackPointExtension>
            <ns3:hr>137</ns3:hr>
            <ns3:cad>91</ns3:cad>
          </ns3:TrackPointExtension>
        </extensions>
      </trkpt>
      <trkpt lat="45.796302258968353271484375" lon="126.65149192325770854949951171875">
        <ele>129.600006103515625</ele>
        <time>2026-10-04T22:01:51.000Z</time>
        <extensions>
          <ns3:TrackPointExtension>
            <ns3:hr>137</ns3:hr>
            <ns3:cad>91</ns3:cad>
          </ns3:TrackPointExtension>
        </extensions>
      </trkpt>
      <trkpt lat="45.79627216793596744537353515625" lon="126.6515024006366729736328125">
        <ele>129.399993896484375</ele>
        <time>2026-10-04T22:01:52.000Z</time>
        <extensions>
          <ns3:TrackPointExtension>
            <ns3:hr>137</ns3:hr>
            <ns3:cad>91</ns3:cad>
          </ns3:TrackPointExtension>
        </extensions>
      </trkpt>
      <trkpt lat="45.79624501056969165802001953125" lon="126.65151874534785747528076171875">
        <ele>129.399993896484375</ele>
        <time>2026-10-04T22:01:53.000Z</time>
        <extensions>
          <ns3:TrackPointExtension>
            <ns3:hr>137</ns3:hr>
            <ns3:cad>91</ns3:cad>
          </ns3:TrackPointExtension>
        </extensions>
      </trkpt>
      <trkpt lat="45.79621852375566959381103515625" lon="126.65153031237423419952392578125">
        <ele>129.399993896484375</ele>
        <time>2026-10-04T22:01:54.000Z</time>
        <extensions>
          <ns3:TrackPointExtension>
            <ns3:hr>137</ns3:hr>
            <ns3:cad>91</ns3:cad>
          </ns3:TrackPointExtension>
        </extensions>
      </trkpt>
      <trkpt lat="45.7961882650852203369140625" lon="126.6515434719622135162353515625">
        <ele>129.399993896484375</ele>
        <time>2026-10-04T22:01:55.000Z</time>
        <extensions>
          <ns3:TrackPointExtension>
            <ns3:hr>137</ns3:hr>
            <ns3:cad>91</ns3:cad>
          </ns3:TrackPointExtension>
        </extensions>
      </trkpt>
      <trkpt lat="45.7961646281182765960693359375" lon="126.65156266652047634124755859375">
        <ele>129.1999969482421875</ele>
        <time>2026-10-04T22:01:56.000Z</time>
        <extensions>
          <ns3:TrackPointExtension>
            <ns3:hr>137</ns3:hr>
            <ns3:cad>91</ns3:cad>
          </ns3:TrackPointExtension>
        </extensions>
      </trkpt>
      <trkpt lat="45.796132273972034454345703125" lon="126.65157456882297992706298828125">
        <ele>129.1999969482421875</ele>
        <time>2026-10-04T22:01:57.000Z</time>
        <extensions>
          <ns3:TrackPointExtension>
            <ns3:hr>137</ns3:hr>
            <ns3:cad>94</ns3:cad>
          </ns3:TrackPointExtension>
        </extensions>
      </trkpt>
      <trkpt lat="45.796112827956676483154296875" lon="126.65159451775252819061279296875">
        <ele>129.1999969482421875</ele>
        <time>2026-10-04T22:01:58.000Z</time>
        <extensions>
          <ns3:TrackPointExtension>
            <ns3:hr>137</ns3:hr>
            <ns3:cad>94</ns3:cad>
          </ns3:TrackPointExtension>
        </extensions>
      </trkpt>
      <trkpt lat="45.79608030617237091064453125" lon="126.65160373784601688385009765625">
        <ele>129.1999969482421875</ele>
        <time>2026-10-04T22:01:59.000Z</time>
        <extensions>
          <ns3:TrackPointExtension>
            <ns3:hr>137</ns3:hr>
            <ns3:cad>92</ns3:cad>
          </ns3:TrackPointExtension>
        </extensions>
      </trkpt>
      <trkpt lat="45.7960610277950763702392578125" lon="126.6516231000423431396484375">
        <ele>129</ele>
        <time>2026-10-04T22:02:00.000Z</time>
        <extensions>
          <ns3:TrackPointExtension>
            <ns3:hr>137</ns3:hr>
            <ns3:cad>92</ns3:cad>
          </ns3:TrackPointExtension>
        </extensions>
      </trkpt>
      <trkpt lat="45.796029679477214813232421875" lon="126.651634164154529571533203125">
        <ele>129</ele>
        <time>2026-10-04T22:02:01.000Z</time>
        <extensions>
          <ns3:TrackPointExtension>
            <ns3:hr>137</ns3:hr>
            <ns3:cad>93</ns3:cad>
          </ns3:TrackPointExtension>
        </extensions>
      </trkpt>
      <trkpt lat="45.79600914381444454193115234375" lon="126.65165486745536327362060546875">
        <ele>129</ele>
        <time>2026-10-04T22:02:02.000Z</time>
        <extensions>
          <ns3:TrackPointExtension>
            <ns3:hr>137</ns3:hr>
            <ns3:cad>93</ns3:cad>
          </ns3:TrackPointExtension>
        </extensions>
      </trkpt>
      <trkpt lat="45.79597762785851955413818359375" lon="126.65166400372982025146484375">
        <ele>128.8000030517578125</ele>
        <time>2026-10-04T22:02:03.000Z</time>
        <extensions>
          <ns3:TrackPointExtension>
            <ns3:hr>137</ns3:hr>
            <ns3:cad>93</ns3:cad>
          </ns3:TrackPointExtension>
        </extensions>
      </trkpt>
      <trkpt lat="45.795953571796417236328125" lon="126.65168286301195621490478515625">
        <ele>128.8000030517578125</ele>
        <time>2026-10-04T22:02:04.000Z</time>
        <extensions>
          <ns3:TrackPointExtension>
            <ns3:hr>137</ns3:hr>
            <ns3:cad>92</ns3:cad>
          </ns3:TrackPointExtension>
        </extensions>
      </trkpt>
      <trkpt lat="45.79592398367822170257568359375" lon="126.65169342420995235443115234375">
        <ele>128.8000030517578125</ele>
        <time>2026-10-04T22:02:05.000Z</time>
        <extensions>
          <ns3:TrackPointExtension>
            <ns3:hr>136</ns3:hr>
            <ns3:cad>93</ns3:cad>
          </ns3:TrackPointExtension>
        </extensions>
      </trkpt>
      <trkpt lat="45.79589900560677051544189453125" lon="126.65171370841562747955322265625">
        <ele>128.600006103515625</ele>
        <time>2026-10-04T22:02:06.000Z</time>
        <extensions>
          <ns3:TrackPointExtension>
            <ns3:hr>137</ns3:hr>
            <ns3:cad>92</ns3:cad>
          </ns3:TrackPointExtension>
        </extensions>
      </trkpt>
      <trkpt lat="45.79587151296436786651611328125" lon="126.65172510780394077301025390625">
        <ele>128.600006103515625</ele>
        <time>2026-10-04T22:02:07.000Z</time>
        <extensions>
          <ns3:TrackPointExtension>
            <ns3:hr>137</ns3:hr>
            <ns3:cad>92</ns3:cad>
          </ns3:TrackPointExtension>
        </extensions>
      </trkpt>
      <trkpt lat="45.79584267921745777130126953125" lon="126.65173650719225406646728515625">
        <ele>128.600006103515625</ele>
        <time>2026-10-04T22:02:08.000Z</time>
        <extensions>
          <ns3:TrackPointExtension>
            <ns3:hr>136</ns3:hr>
            <ns3:cad>92</ns3:cad>
          </ns3:TrackPointExtension>
        </extensions>
      </trkpt>
      <trkpt lat="45.79581703059375286102294921875" lon="126.6517510078847408294677734375">
        <ele>128.399993896484375</ele>
        <time>2026-10-04T22:02:09.000Z</time>
        <extensions>
          <ns3:TrackPointExtension>
            <ns3:hr>136</ns3:hr>
            <ns3:cad>92</ns3:cad>
          </ns3:TrackPointExtension>
        </extensions>
      </trkpt>
      <trkpt lat="45.7957859337329864501953125" lon="126.65176450274884700775146484375">
        <ele>128.399993896484375</ele>
        <time>2026-10-04T22:02:10.000Z</time>
        <extensions>
          <ns3:TrackPointExtension>
            <ns3:hr>136</ns3:hr>
            <ns3:cad>92</ns3:cad>
          </ns3:TrackPointExtension>
        </extensions>
      </trkpt>
      <trkpt lat="45.79576288349926471710205078125" lon="126.65178528986871242523193359375">
        <ele>128.399993896484375</ele>
        <time>2026-10-04T22:02:11.000Z</time>
        <extensions>
          <ns3:TrackPointExtension>
            <ns3:hr>136</ns3:hr>
            <ns3:cad>92</ns3:cad>
          </ns3:TrackPointExtension>
        </extensions>
      </trkpt>
      <trkpt lat="45.795728601515293121337890625" lon="126.6517999581992626190185546875">
        <ele>128.399993896484375</ele>
        <time>2026-10-04T22:02:12.000Z</time>
        <extensions>
          <ns3:TrackPointExtension>
            <ns3:hr>137</ns3:hr>
            <ns3:cad>92</ns3:cad>
          </ns3:TrackPointExtension>
        </extensions>
      </trkpt>
      <trkpt lat="45.795704461634159088134765625" lon="126.65181781165301799774169921875">
        <ele>128.399993896484375</ele>
        <time>2026-10-04T22:02:13.000Z</time>
        <extensions>
          <ns3:TrackPointExtension>
            <ns3:hr>136</ns3:hr>
            <ns3:cad>93</ns3:cad>
          </ns3:TrackPointExtension>
        </extensions>
      </trkpt>
      <trkpt lat="45.7956680841743946075439453125" lon="126.651827953755855560302734375">
        <ele>128.1999969482421875</ele>
        <time>2026-10-04T22:02:14.000Z</time>
        <extensions>
          <ns3:TrackPointExtension>
            <ns3:hr>136</ns3:hr>
            <ns3:cad>93</ns3:cad>
          </ns3:TrackPointExtension>
        </extensions>
      </trkpt>
      <trkpt lat="45.7956462912261486053466796875" lon="126.6518458910286426544189453125">
        <ele>128.1999969482421875</ele>
        <time>2026-10-04T22:02:15.000Z</time>
        <extensions>
          <ns3:TrackPointExtension>
            <ns3:hr>136</ns3:hr>
            <ns3:cad>93</ns3:cad>
          </ns3:TrackPointExtension>
        </extensions>
      </trkpt>
      <trkpt lat="45.7956134341657161712646484375" lon="126.651859469711780548095703125">
        <ele>128.1999969482421875</ele>
        <time>2026-10-04T22:02:16.000Z</time>
        <extensions>
          <ns3:TrackPointExtension>
            <ns3:hr>136</ns3:hr>
            <ns3:cad>92</ns3:cad>
          </ns3:TrackPointExtension>
        </extensions>
      </trkpt>
      <trkpt lat="45.7955901324748992919921875" lon="126.65187933482229709625244140625">
        <ele>128.1999969482421875</ele>
        <time>2026-10-04T22:02:17.000Z</time>
        <extensions>
          <ns3:TrackPointExtension>
            <ns3:hr>135</ns3:hr>
            <ns3:cad>92</ns3:cad>
          </ns3:TrackPointExtension>
        </extensions>
      </trkpt>
      <trkpt lat="45.7955594547092914581298828125" lon="126.65188796818256378173828125">
        <ele>128.1999969482421875</ele>
        <time>2026-10-04T22:02:18.000Z</time>
        <extensions>
          <ns3:TrackPointExtension>
            <ns3:hr>135</ns3:hr>
            <ns3:cad>93</ns3:cad>
          </ns3:TrackPointExtension>
        </extensions>
      </trkpt>
      <trkpt lat="45.7955329678952693939208984375" lon="126.651904396712779998779296875">
        <ele>128.1999969482421875</ele>
        <time>2026-10-04T22:02:19.000Z</time>
        <extensions>
          <ns3:TrackPointExtension>
            <ns3:hr>135</ns3:hr>
            <ns3:cad>93</ns3:cad>
          </ns3:TrackPointExtension>
        </extensions>
      </trkpt>
      <trkpt lat="45.7955027930438518524169921875" lon="126.6519156284630298614501953125">
        <ele>128</ele>
        <time>2026-10-04T22:02:20.000Z</time>
        <extensions>
          <ns3:TrackPointExtension>
            <ns3:hr>135</ns3:hr>
            <ns3:cad>93</ns3:cad>
          </ns3:TrackPointExtension>
        </extensions>
      </trkpt>
      <trkpt lat="45.7954786531627178192138671875" lon="126.65193700231611728668212890625">
        <ele>128</ele>
        <time>2026-10-04T22:02:21.000Z</time>
        <extensions>
          <ns3:TrackPointExtension>
            <ns3:hr>136</ns3:hr>
            <ns3:cad>92</ns3:cad>
          </ns3:TrackPointExtension>
        </extensions>
      </trkpt>
      <trkpt lat="45.79545023851096630096435546875" lon="126.65195762179791927337646484375">
        <ele>127.8000030517578125</ele>
        <time>2026-10-04T22:02:22.000Z</time>
        <extensions>
          <ns3:TrackPointExtension>
            <ns3:hr>136</ns3:hr>
            <ns3:cad>92</ns3:cad>
          </ns3:TrackPointExtension>
        </extensions>
      </trkpt>
      <trkpt lat="45.79542182385921478271484375" lon="126.65197136811912059783935546875">
        <ele>127.8000030517578125</ele>
        <time>2026-10-04T22:02:23.000Z</time>
        <extensions>
          <ns3:TrackPointExtension>
            <ns3:hr>136</ns3:hr>
            <ns3:cad>92</ns3:cad>
          </ns3:TrackPointExtension>
        </extensions>
      </trkpt>
      <trkpt lat="45.795394666492938995361328125" lon="126.65197069756686687469482421875">
        <ele>127.59999847412109375</ele>
        <time>2026-10-04T22:02:24.000Z</time>
        <extensions>
          <ns3:TrackPointExtension>
            <ns3:hr>136</ns3:hr>
            <ns3:cad>92</ns3:cad>
          </ns3:TrackPointExtension>
        </extensions>
      </trkpt>
      <trkpt lat="45.7953730411827564239501953125" lon="126.65197187103331089019775390625">
        <ele>127.8000030517578125</ele>
        <time>2026-10-04T22:02:25.000Z</time>
        <extensions>
          <ns3:TrackPointExtension>
            <ns3:hr>136</ns3:hr>
            <ns3:cad>91</ns3:cad>
          </ns3:TrackPointExtension>
        </extensions>
      </trkpt>
      <trkpt lat="45.79536683857440948486328125" lon="126.6519585438072681427001953125">
        <ele>127.8000030517578125</ele>
        <time>2026-10-04T22:02:26.000Z</time>
        <extensions>
          <ns3:TrackPointExtension>
            <ns3:hr>136</ns3:hr>
            <ns3:cad>89</ns3:cad>
          </ns3:TrackPointExtension>
        </extensions>
      </trkpt>
      <trkpt lat="45.79537446610629558563232421875" lon="126.65194538421928882598876953125">
        <ele>127.8000030517578125</ele>
        <time>2026-10-04T22:02:27.000Z</time>
        <extensions>
          <ns3:TrackPointExtension>
            <ns3:hr>137</ns3:hr>
            <ns3:cad>89</ns3:cad>
          </ns3:TrackPointExtension>
        </extensions>
      </trkpt>
      <trkpt lat="45.79538435675203800201416015625" lon="126.65193733759224414825439453125">
        <ele>127.8000030517578125</ele>
        <time>2026-10-04T22:02:28.000Z</time>
        <extensions>
          <ns3:TrackPointExtension>
            <ns3:hr>136</ns3:hr>
            <ns3:cad>91</ns3:cad>
          </ns3:TrackPointExtension>
        </extensions>
      </trkpt>
      <trkpt lat="45.7953931577503681182861328125" lon="126.6519300453364849090576171875">
        <ele>127.59999847412109375</ele>
        <time>2026-10-04T22:02:29.000Z</time>
        <extensions>
          <ns3:TrackPointExtension>
            <ns3:hr>136</ns3:hr>
            <ns3:cad>91</ns3:cad>
          </ns3:TrackPointExtension>
        </extensions>
      </trkpt>
      <trkpt lat="45.7954050600528717041015625" lon="126.65193096734583377838134765625">
        <ele>127.59999847412109375</ele>
        <time>2026-10-04T22:02:30.000Z</time>
        <extensions>
          <ns3:TrackPointExtension>
            <ns3:hr>136</ns3:hr>
            <ns3:cad>91</ns3:cad>
          </ns3:TrackPointExtension>
        </extensions>
      </trkpt>
      <trkpt lat="45.79541855491697788238525390625" lon="126.65192929096519947052001953125">
        <ele>127.1999969482421875</ele>
        <time>2026-10-04T22:02:31.000Z</time>
        <extensions>
          <ns3:TrackPointExtension>
            <ns3:hr>136</ns3:hr>
            <ns3:cad>85</ns3:cad>
          </ns3:TrackPointExtension>
        </extensions>
      </trkpt>
      <trkpt lat="45.79542978666722774505615234375" lon="126.6519261896610260009765625">
        <ele>126.8000030517578125</ele>
        <time>2026-10-04T22:02:32.000Z</time>
        <extensions>
          <ns3:TrackPointExtension>
            <ns3:hr>137</ns3:hr>
            <ns3:cad>84</ns3:cad>
          </ns3:TrackPointExtension>
        </extensions>
      </trkpt>
      <trkpt lat="45.79544085077941417694091796875" lon="126.65192392654716968536376953125">
        <ele>126.40000152587890625</ele>
        <time>2026-10-04T22:02:33.000Z</time>
        <extensions>
          <ns3:TrackPointExtension>
            <ns3:hr>136</ns3:hr>
            <ns3:cad>83</ns3:cad>
          </ns3:TrackPointExtension>
        </extensions>
      </trkpt>
      <trkpt lat="45.79545342363417148590087890625" lon="126.65191587992012500762939453125">
        <ele>126</ele>
        <time>2026-10-04T22:02:34.000Z</time>
        <extensions>
          <ns3:TrackPointExtension>
            <ns3:hr>136</ns3:hr>
            <ns3:cad>83</ns3:cad>
          </ns3:TrackPointExtension>
        </extensions>
      </trkpt>
      <trkpt lat="45.795463733375072479248046875" lon="126.65191219188272953033447265625">
        <ele>125.59999847412109375</ele>
        <time>2026-10-04T22:02:35.000Z</time>
        <extensions>
          <ns3:TrackPointExtension>
            <ns3:hr>136</ns3:hr>
            <ns3:cad>84</ns3:cad>
          </ns3:TrackPointExtension>
        </extensions>
      </trkpt>
      <trkpt lat="45.7954694330692291259765625" lon="126.65190984494984149932861328125">
        <ele>125.1999969482421875</ele>
        <time>2026-10-04T22:02:36.000Z</time>
        <extensions>
          <ns3:TrackPointExtension>
            <ns3:hr>136</ns3:hr>
            <ns3:cad>84</ns3:cad>
          </ns3:TrackPointExtension>
        </extensions>
      </trkpt>
      <trkpt lat="45.79547823406755924224853515625" lon="126.65190582163631916046142578125">
        <ele>124.8000030517578125</ele>
        <time>2026-10-04T22:02:37.000Z</time>
        <extensions>
          <ns3:TrackPointExtension>
            <ns3:hr>136</ns3:hr>
            <ns3:cad>84</ns3:cad>
          </ns3:TrackPointExtension>
        </extensions>
      </trkpt>
      <trkpt lat="45.795481838285923004150390625" lon="126.6519008763134479522705078125">
        <ele>124.59999847412109375</ele>
        <time>2026-10-04T22:02:38.000Z</time>
        <extensions>
          <ns3:TrackPointExtension>
            <ns3:hr>135</ns3:hr>
            <ns3:cad>94</ns3:cad>
          </ns3:TrackPointExtension>
        </extensions>
      </trkpt>
      <trkpt lat="45.7954823412001132965087890625" lon="126.65189375169575214385986328125">
        <ele>124.1999969482421875</ele>
        <time>2026-10-04T22:02:39.000Z</time>
        <extensions>
          <ns3:TrackPointExtension>
            <ns3:hr>135</ns3:hr>
            <ns3:cad>94</ns3:cad>
          </ns3:TrackPointExtension>
        </extensions>
      </trkpt>
      <trkpt lat="45.79549348913133144378662109375" lon="126.6518924944102764129638671875">
        <ele>123.8000030517578125</ele>
        <time>2026-10-04T22:02:40.000Z</time>
        <extensions>
          <ns3:TrackPointExtension>
            <ns3:hr>135</ns3:hr>
            <ns3:cad>94</ns3:cad>
          </ns3:TrackPointExtension>
        </extensions>
      </trkpt>
      <trkpt lat="45.7954908907413482666015625" lon="126.65186609141528606414794921875">
        <ele>123.40000152587890625</ele>
        <time>2026-10-04T22:02:41.000Z</time>
        <extensions>
          <ns3:TrackPointExtension>
            <ns3:hr>134</ns3:hr>
            <ns3:cad>94</ns3:cad>
          </ns3:TrackPointExtension>
        </extensions>
      </trkpt>
      <trkpt lat="45.79548158682882785797119140625" lon="126.65186625905334949493408203125">
        <ele>123.40000152587890625</ele>
        <time>2026-10-04T22:02:42.000Z</time>
        <extensions>
          <ns3:TrackPointExtension>
            <ns3:hr>134</ns3:hr>
            <ns3:cad>94</ns3:cad>
          </ns3:TrackPointExtension>
        </extensions>
      </trkpt>
      <trkpt lat="45.7954736240208148956298828125" lon="126.65186760015785694122314453125">
        <ele>123.1999969482421875</ele>
        <time>2026-10-04T22:02:43.000Z</time>
        <extensions>
          <ns3:TrackPointExtension>
            <ns3:hr>133</ns3:hr>
            <ns3:cad>94</ns3:cad>
          </ns3:TrackPointExtension>
        </extensions>
      </trkpt>
      <trkpt lat="45.795463733375072479248046875" lon="126.6518653370440006256103515625">
        <ele>123.1999969482421875</ele>
        <time>2026-10-04T22:02:44.000Z</time>
        <extensions>
          <ns3:TrackPointExtension>
            <ns3:hr>132</ns3:hr>
            <ns3:cad>0</ns3:cad>
          </ns3:TrackPointExtension>
        </extensions>
      </trkpt>
      <trkpt lat="45.79545878805220127105712890625" lon="126.6518666781485080718994140625">
        <ele>123</ele>
        <time>2026-10-04T22:02:45.000Z</time>
        <extensions>
          <ns3:TrackPointExtension>
            <ns3:hr>132</ns3:hr>
            <ns3:cad>0</ns3:cad>
          </ns3:TrackPointExtension>
        </extensions>
      </trkpt>
      <trkpt lat="45.795453675091266632080078125" lon="126.65186827071011066436767578125">
        <ele>122.8000030517578125</ele>
        <time>2026-10-04T22:02:46.000Z</time>
        <extensions>
          <ns3:TrackPointExtension>
            <ns3:hr>132</ns3:hr>
            <ns3:cad>0</ns3:cad>
          </ns3:TrackPointExtension>
        </extensions>
      </trkpt>
      <trkpt lat="45.7954414375126361846923828125" lon="126.6518636606633663177490234375">
        <ele>122.40000152587890625</ele>
        <time>2026-10-04T22:02:47.000Z</time>
        <extensions>
          <ns3:TrackPointExtension>
            <ns3:hr>131</ns3:hr>
            <ns3:cad>80</ns3:cad>
          </ns3:TrackPointExtension>
        </extensions>
      </trkpt>
      <trkpt lat="45.795428194105625152587890625" lon="126.651865504682064056396484375">
        <ele>121.8000030517578125</ele>
        <time>2026-10-04T22:02:48.000Z</time>
        <extensions>
          <ns3:TrackPointExtension>
            <ns3:hr>130</ns3:hr>
            <ns3:cad>80</ns3:cad>
          </ns3:TrackPointExtension>
        </extensions>
      </trkpt>
      <trkpt lat="45.79541889019310474395751953125" lon="126.65186676196753978729248046875">
        <ele>121.59999847412109375</ele>
        <time>2026-10-04T22:02:49.000Z</time>
        <extensions>
          <ns3:TrackPointExtension>
            <ns3:hr>130</ns3:hr>
            <ns3:cad>77</ns3:cad>
          </ns3:TrackPointExtension>
        </extensions>
      </trkpt>
      <trkpt lat="45.79540397040545940399169921875" lon="126.651864163577556610107421875">
        <ele>121.1999969482421875</ele>
        <time>2026-10-04T22:02:50.000Z</time>
        <extensions>
          <ns3:TrackPointExtension>
            <ns3:hr>130</ns3:hr>
            <ns3:cad>77</ns3:cad>
          </ns3:TrackPointExtension>
        </extensions>
      </trkpt>
      <trkpt lat="45.7953928224742412567138671875" lon="126.65186407975852489471435546875">
        <ele>121</ele>
        <time>2026-10-04T22:02:51.000Z</time>
        <extensions>
          <ns3:TrackPointExtension>
            <ns3:hr>130</ns3:hr>
            <ns3:cad>77</ns3:cad>
          </ns3:TrackPointExtension>
        </extensions>
      </trkpt>
      <trkpt lat="45.795378573238849639892578125" lon="126.6518656723201274871826171875">
        <ele>120.59999847412109375</ele>
        <time>2026-10-04T22:02:52.000Z</time>
        <extensions>
          <ns3:TrackPointExtension>
            <ns3:hr>129</ns3:hr>
            <ns3:cad>77</ns3:cad>
          </ns3:TrackPointExtension>
        </extensions>
      </trkpt>
      <trkpt lat="45.7953656651079654693603515625" lon="126.65186089463531970977783203125">
        <ele>120.40000152587890625</ele>
        <time>2026-10-04T22:02:53.000Z</time>
        <extensions>
          <ns3:TrackPointExtension>
            <ns3:hr>129</ns3:hr>
            <ns3:cad>77</ns3:cad>
          </ns3:TrackPointExtension>
        </extensions>
      </trkpt>
      <trkpt lat="45.79536340199410915374755859375" lon="126.65186575613915920257568359375">
        <ele>120.1999969482421875</ele>
        <time>2026-10-04T22:02:54.000Z</time>
        <extensions>
          <ns3:TrackPointExtension>
            <ns3:hr>129</ns3:hr>
            <ns3:cad>77</ns3:cad>
          </ns3:TrackPointExtension>
        </extensions>
      </trkpt>
      <trkpt lat="45.79535250551998615264892578125" lon="126.65186307393014430999755859375">
        <ele>119.8000030517578125</ele>
        <time>2026-10-04T22:02:55.000Z</time>
        <extensions>
          <ns3:TrackPointExtension>
            <ns3:hr>128</ns3:hr>
            <ns3:cad>77</ns3:cad>
          </ns3:TrackPointExtension>
        </extensions>
      </trkpt>
      <trkpt lat="45.79533825628459453582763671875" lon="126.65187321603298187255859375">
        <ele>119.40000152587890625</ele>
        <time>2026-10-04T22:02:56.000Z</time>
        <extensions>
          <ns3:TrackPointExtension>
            <ns3:hr>128</ns3:hr>
            <ns3:cad>77</ns3:cad>
          </ns3:TrackPointExtension>
        </extensions>
      </trkpt>
      <trkpt lat="45.795328281819820404052734375" lon="126.651887632906436920166015625">
        <ele>119.1999969482421875</ele>
        <time>2026-10-04T22:02:57.000Z</time>
        <extensions>
          <ns3:TrackPointExtension>
            <ns3:hr>127</ns3:hr>
            <ns3:cad>77</ns3:cad>
          </ns3:TrackPointExtension>
        </extensions>
      </trkpt>
      <trkpt lat="45.7953435368835926055908203125" lon="126.651915796101093292236328125">
        <ele>119</ele>
        <time>2026-10-04T22:02:58.000Z</time>
        <extensions>
          <ns3:TrackPointExtension>
            <ns3:hr>127</ns3:hr>
            <ns3:cad>77</ns3:cad>
          </ns3:TrackPointExtension>
        </extensions>
      </trkpt>
      <trkpt lat="45.79535879194736480712890625" lon="126.651915796101093292236328125">
        <ele>118.8000030517578125</ele>
        <time>2026-10-04T22:02:59.000Z</time>
        <extensions>
          <ns3:TrackPointExtension>
            <ns3:hr>126</ns3:hr>
            <ns3:cad>74</ns3:cad>
          </ns3:TrackPointExtension>
        </extensions>
      </trkpt>
      <trkpt lat="45.79537245444953441619873046875" lon="126.65190272033214569091796875">
        <ele>118.8000030517578125</ele>
        <time>2026-10-04T22:03:00.000Z</time>
        <extensions>
          <ns3:TrackPointExtension>
            <ns3:hr>126</ns3:hr>
            <ns3:cad>74</ns3:cad>
          </ns3:TrackPointExtension>
        </extensions>
      </trkpt>
      <trkpt lat="45.79539692960679531097412109375" lon="126.65189794264733791351318359375">
        <ele>118.8000030517578125</ele>
        <time>2026-10-04T22:03:01.000Z</time>
        <extensions>
          <ns3:TrackPointExtension>
            <ns3:hr>126</ns3:hr>
            <ns3:cad>81</ns3:cad>
          </ns3:TrackPointExtension>
        </extensions>
      </trkpt>
      <trkpt lat="45.79542190767824649810791015625" lon="126.65188453160226345062255859375">
        <ele>118.8000030517578125</ele>
        <time>2026-10-04T22:03:02.000Z</time>
        <extensions>
          <ns3:TrackPointExtension>
            <ns3:hr>125</ns3:hr>
            <ns3:cad>81</ns3:cad>
          </ns3:TrackPointExtension>
        </extensions>
      </trkpt>
      <trkpt lat="45.79544940032064914703369140625" lon="126.65186843834817409515380859375">
        <ele>118.8000030517578125</ele>
        <time>2026-10-04T22:03:03.000Z</time>
        <extensions>
          <ns3:TrackPointExtension>
            <ns3:hr>125</ns3:hr>
            <ns3:cad>81</ns3:cad>
          </ns3:TrackPointExtension>
        </extensions>
      </trkpt>
      <trkpt lat="45.79547069035470485687255859375" lon="126.65185301564633846282958984375">
        <ele>118.8000030517578125</ele>
        <time>2026-10-04T22:03:04.000Z</time>
        <extensions>
          <ns3:TrackPointExtension>
            <ns3:hr>125</ns3:hr>
            <ns3:cad>82</ns3:cad>
          </ns3:TrackPointExtension>
        </extensions>
      </trkpt>
      <trkpt lat="45.795506648719310760498046875" lon="126.65183164179325103759765625">
        <ele>118.8000030517578125</ele>
        <time>2026-10-04T22:03:05.000Z</time>
        <extensions>
          <ns3:TrackPointExtension>
            <ns3:hr>126</ns3:hr>
            <ns3:cad>85</ns3:cad>
          </ns3:TrackPointExtension>
        </extensions>
      </trkpt>
      <trkpt lat="45.79552953131496906280517578125" lon="126.65181647054851055145263671875">
        <ele>118.8000030517578125</ele>
        <time>2026-10-04T22:03:06.000Z</time>
        <extensions>
          <ns3:TrackPointExtension>
            <ns3:hr>126</ns3:hr>
            <ns3:cad>86</ns3:cad>
          </ns3:TrackPointExtension>
        </extensions>
      </trkpt>
      <trkpt lat="45.79555417411029338836669921875" lon="126.65180238895118236541748046875">
        <ele>118.8000030517578125</ele>
        <time>2026-10-04T22:03:07.000Z</time>
        <extensions>
          <ns3:TrackPointExtension>
            <ns3:hr>126</ns3:hr>
            <ns3:cad>87</ns3:cad>
          </ns3:TrackPointExtension>
        </extensions>
      </trkpt>
      <trkpt lat="45.7955767214298248291015625" lon="126.65179618634283542633056640625">
        <ele>118.8000030517578125</ele>
        <time>2026-10-04T22:03:08.000Z</time>
        <extensions>
          <ns3:TrackPointExtension>
            <ns3:hr>127</ns3:hr>
            <ns3:cad>88</ns3:cad>
          </ns3:TrackPointExtension>
        </extensions>
      </trkpt>
      <trkpt lat="45.79559792764484882354736328125" lon="126.65178336203098297119140625">
        <ele>118.8000030517578125</ele>
        <time>2026-10-04T22:03:09.000Z</time>
        <extensions>
          <ns3:TrackPointExtension>
            <ns3:hr>127</ns3:hr>
            <ns3:cad>88</ns3:cad>
          </ns3:TrackPointExtension>
        </extensions>
      </trkpt>
      <trkpt lat="45.79562776722013950347900390625" lon="126.651776991784572601318359375">
        <ele>118.8000030517578125</ele>
        <time>2026-10-04T22:03:10.000Z</time>
        <extensions>
          <ns3:TrackPointExtension>
            <ns3:hr>126</ns3:hr>
            <ns3:cad>88</ns3:cad>
          </ns3:TrackPointExtension>
        </extensions>
      </trkpt>
      <trkpt lat="45.7956489734351634979248046875" lon="126.65176726877689361572265625">
        <ele>118.59999847412109375</ele>
        <time>2026-10-04T22:03:11.000Z</time>
        <extensions>
          <ns3:TrackPointExtension>
            <ns3:hr>123</ns3:hr>
            <ns3:cad>88</ns3:cad>
          </ns3:TrackPointExtension>
        </extensions>
      </trkpt>
      <trkpt lat="45.7956791482865810394287109375" lon="126.6517652571201324462890625">
        <ele>118.59999847412109375</ele>
        <time>2026-10-04T22:03:12.000Z</time>
        <extensions>
          <ns3:TrackPointExtension>
            <ns3:hr>122</ns3:hr>
            <ns3:cad>87</ns3:cad>
          </ns3:TrackPointExtension>
        </extensions>
      </trkpt>
      <trkpt lat="45.79570136032998561859130859375" lon="126.65175209753215312957763671875">
        <ele>118.59999847412109375</ele>
        <time>2026-10-04T22:03:13.000Z</time>
        <extensions>
          <ns3:TrackPointExtension>
            <ns3:hr>122</ns3:hr>
            <ns3:cad>87</ns3:cad>
          </ns3:TrackPointExtension>
        </extensions>
      </trkpt>
      <trkpt lat="45.7957317866384983062744140625" lon="126.65173952467739582061767578125">
        <ele>118.59999847412109375</ele>
        <time>2026-10-04T22:03:14.000Z</time>
        <extensions>
          <ns3:TrackPointExtension>
            <ns3:hr>122</ns3:hr>
            <ns3:cad>0</ns3:cad>
          </ns3:TrackPointExtension>
        </extensions>
      </trkpt>
      <trkpt lat="45.7957537472248077392578125" lon="126.6517248563468456268310546875">
        <ele>118.59999847412109375</ele>
        <time>2026-10-04T22:03:15.000Z</time>
        <extensions>
          <ns3:TrackPointExtension>
            <ns3:hr>122</ns3:hr>
            <ns3:cad>0</ns3:cad>
          </ns3:TrackPointExtension>
        </extensions>
      </trkpt>
      <trkpt lat="45.79578182660043239593505859375" lon="126.651707924902439117431640625">
        <ele>118.8000030517578125</ele>
        <time>2026-10-04T22:03:16.000Z</time>
        <extensions>
          <ns3:TrackPointExtension>
            <ns3:hr>121</ns3:hr>
            <ns3:cad>87</ns3:cad>
          </ns3:TrackPointExtension>
        </extensions>
      </trkpt>
      <trkpt lat="45.79580311663448810577392578125" lon="126.651694513857364654541015625">
        <ele>118.8000030517578125</ele>
        <time>2026-10-04T22:03:17.000Z</time>
        <extensions>
          <ns3:TrackPointExtension>
            <ns3:hr>121</ns3:hr>
            <ns3:cad>88</ns3:cad>
          </ns3:TrackPointExtension>
        </extensions>
      </trkpt>
      <trkpt lat="45.79583731479942798614501953125" lon="126.6516869701445102691650390625">
        <ele>118.8000030517578125</ele>
        <time>2026-10-04T22:03:18.000Z</time>
        <extensions>
          <ns3:TrackPointExtension>
            <ns3:hr>121</ns3:hr>
            <ns3:cad>88</ns3:cad>
          </ns3:TrackPointExtension>
        </extensions>
      </trkpt>
      <trkpt lat="45.795859359204769134521484375" lon="126.6516767442226409912109375">
        <ele>118.8000030517578125</ele>
        <time>2026-10-04T22:03:19.000Z</time>
        <extensions>
          <ns3:TrackPointExtension>
            <ns3:hr>122</ns3:hr>
            <ns3:cad>88</ns3:cad>
          </ns3:TrackPointExtension>
        </extensions>
      </trkpt>
      <trkpt lat="45.79589464701712131500244140625" lon="126.6516671888530254364013671875">
        <ele>119</ele>
        <time>2026-10-04T22:03:20.000Z</time>
        <extensions>
          <ns3:TrackPointExtension>
            <ns3:hr>121</ns3:hr>
            <ns3:cad>90</ns3:cad>
          </ns3:TrackPointExtension>
        </extensions>
      </trkpt>
      <trkpt lat="45.795911662280559539794921875" lon="126.651644892990589141845703125">
        <ele>119</ele>
        <time>2026-10-04T22:03:21.000Z</time>
        <extensions>
          <ns3:TrackPointExtension>
            <ns3:hr>122</ns3:hr>
            <ns3:cad>90</ns3:cad>
          </ns3:TrackPointExtension>
        </extensions>
      </trkpt>
      <trkpt lat="45.7959299348294734954833984375" lon="126.65160407312214374542236328125">
        <ele>119</ele>
        <time>2026-10-04T22:03:22.000Z</time>
        <extensions>
          <ns3:TrackPointExtension>
            <ns3:hr>122</ns3:hr>
            <ns3:cad>90</ns3:cad>
          </ns3:TrackPointExtension>
        </extensions>
      </trkpt>
      <trkpt lat="45.79592498950660228729248046875" lon="126.6515775024890899658203125">
        <ele>119</ele>
        <time>2026-10-04T22:03:23.000Z</time>
        <extensions>
          <ns3:TrackPointExtension>
            <ns3:hr>122</ns3:hr>
            <ns3:cad>90</ns3:cad>
          </ns3:TrackPointExtension>
        </extensions>
      </trkpt>
      <trkpt lat="45.7959215529263019561767578125" lon="126.65153433568775653839111328125">
        <ele>119</ele>
        <time>2026-10-04T22:03:24.000Z</time>
        <extensions>
          <ns3:TrackPointExtension>
            <ns3:hr>123</ns3:hr>
            <ns3:cad>89</ns3:cad>
          </ns3:TrackPointExtension>
        </extensions>
      </trkpt>
      <trkpt lat="45.7959081418812274932861328125" lon="126.6515050828456878662109375">
        <ele>119</ele>
        <time>2026-10-04T22:03:25.000Z</time>
        <extensions>
          <ns3:TrackPointExtension>
            <ns3:hr>124</ns3:hr>
            <ns3:cad>89</ns3:cad>
          </ns3:TrackPointExtension>
        </extensions>
      </trkpt>
      <trkpt lat="45.7958997599780559539794921875" lon="126.6514596529304981231689453125">
        <ele>119</ele>
        <time>2026-10-04T22:03:26.000Z</time>
        <extensions>
          <ns3:TrackPointExtension>
            <ns3:hr>125</ns3:hr>
            <ns3:cad>89</ns3:cad>
          </ns3:TrackPointExtension>
        </extensions>
      </trkpt>
      <trkpt lat="45.7958856783807277679443359375" lon="126.6514358483254909515380859375">
        <ele>119</ele>
        <time>2026-10-04T22:03:27.000Z</time>
        <extensions>
          <ns3:TrackPointExtension>
            <ns3:hr>125</ns3:hr>
            <ns3:cad>90</ns3:cad>
          </ns3:TrackPointExtension>
        </extensions>
      </trkpt>
      <trkpt lat="45.7958779670298099517822265625" lon="126.65139234624803066253662109375">
        <ele>119.1999969482421875</ele>
        <time>2026-10-04T22:03:28.000Z</time>
        <extensions>
          <ns3:TrackPointExtension>
            <ns3:hr>125</ns3:hr>
            <ns3:cad>90</ns3:cad>
          </ns3:TrackPointExtension>
        </extensions>
      </trkpt>
      <trkpt lat="45.79586748965084552764892578125" lon="126.6513669490814208984375">
        <ele>119.1999969482421875</ele>
        <time>2026-10-04T22:03:29.000Z</time>
        <extensions>
          <ns3:TrackPointExtension>
            <ns3:hr>125</ns3:hr>
            <ns3:cad>90</ns3:cad>
          </ns3:TrackPointExtension>
        </extensions>
      </trkpt>
      <trkpt lat="45.79586346633732318878173828125" lon="126.65132193826138973236083984375">
        <ele>119.1999969482421875</ele>
        <time>2026-10-04T22:03:30.000Z</time>
        <extensions>
          <ns3:TrackPointExtension>
            <ns3:hr>126</ns3:hr>
            <ns3:cad>90</ns3:cad>
          </ns3:TrackPointExtension>
        </extensions>
      </trkpt>
      <trkpt lat="45.79585189931094646453857421875" lon="126.65128924883902072906494140625">
        <ele>119.1999969482421875</ele>
        <time>2026-10-04T22:03:31.000Z</time>
        <extensions>
          <ns3:TrackPointExtension>
            <ns3:hr>126</ns3:hr>
            <ns3:cad>90</ns3:cad>
          </ns3:TrackPointExtension>
        </extensions>
      </trkpt>
      <trkpt lat="45.79584770835936069488525390625" lon="126.651246584951877593994140625">
        <ele>119.1999969482421875</ele>
        <time>2026-10-04T22:03:32.000Z</time>
        <extensions>
          <ns3:TrackPointExtension>
            <ns3:hr>126</ns3:hr>
            <ns3:cad>90</ns3:cad>
          </ns3:TrackPointExtension>
        </extensions>
      </trkpt>
      <trkpt lat="45.7958315312862396240234375" lon="126.6512222774326801300048828125">
        <ele>119.1999969482421875</ele>
        <time>2026-10-04T22:03:33.000Z</time>
        <extensions>
          <ns3:TrackPointExtension>
            <ns3:hr>126</ns3:hr>
            <ns3:cad>89</ns3:cad>
          </ns3:TrackPointExtension>
        </extensions>
      </trkpt>
      <trkpt lat="45.7958196289837360382080078125" lon="126.65117978118360042572021484375">
        <ele>119.1999969482421875</ele>
        <time>2026-10-04T22:03:34.000Z</time>
        <extensions>
          <ns3:TrackPointExtension>
            <ns3:hr>126</ns3:hr>
            <ns3:cad>89</ns3:cad>
          </ns3:TrackPointExtension>
        </extensions>
      </trkpt>
      <trkpt lat="45.7958001829683780670166015625" lon="126.65115346200764179229736328125">
        <ele>119.1999969482421875</ele>
        <time>2026-10-04T22:03:35.000Z</time>
        <extensions>
          <ns3:TrackPointExtension>
            <ns3:hr>126</ns3:hr>
            <ns3:cad>90</ns3:cad>
          </ns3:TrackPointExtension>
        </extensions>
      </trkpt>
      <trkpt lat="45.7957844249904155731201171875" lon="126.65111322887241840362548828125">
        <ele>119.1999969482421875</ele>
        <time>2026-10-04T22:03:36.000Z</time>
        <extensions>
          <ns3:TrackPointExtension>
            <ns3:hr>126</ns3:hr>
            <ns3:cad>90</ns3:cad>
          </ns3:TrackPointExtension>
        </extensions>
      </trkpt>
      <trkpt lat="45.7957673259079456329345703125" lon="126.65108355693519115447998046875">
        <ele>119.1999969482421875</ele>
        <time>2026-10-04T22:03:37.000Z</time>
        <extensions>
          <ns3:TrackPointExtension>
            <ns3:hr>126</ns3:hr>
            <ns3:cad>90</ns3:cad>
          </ns3:TrackPointExtension>
        </extensions>
      </trkpt>
      <trkpt lat="45.79575265757739543914794921875" lon="126.651042066514492034912109375">
        <ele>119.1999969482421875</ele>
        <time>2026-10-04T22:03:38.000Z</time>
        <extensions>
          <ns3:TrackPointExtension>
            <ns3:hr>125</ns3:hr>
            <ns3:cad>91</ns3:cad>
          </ns3:TrackPointExtension>
        </extensions>
      </trkpt>
      <trkpt lat="45.7957324571907520294189453125" lon="126.65101449005305767059326171875">
        <ele>119.40000152587890625</ele>
        <time>2026-10-04T22:03:39.000Z</time>
        <extensions>
          <ns3:TrackPointExtension>
            <ns3:hr>126</ns3:hr>
            <ns3:cad>92</ns3:cad>
          </ns3:TrackPointExtension>
        </extensions>
      </trkpt>
      <trkpt lat="45.79571879468858242034912109375" lon="126.650976352393627166748046875">
        <ele>119.40000152587890625</ele>
        <time>2026-10-04T22:03:40.000Z</time>
        <extensions>
          <ns3:TrackPointExtension>
            <ns3:hr>126</ns3:hr>
            <ns3:cad>92</ns3:cad>
          </ns3:TrackPointExtension>
        </extensions>
      </trkpt>
      <trkpt lat="45.79570052213966846466064453125" lon="126.65094508789479732513427734375">
        <ele>119.40000152587890625</ele>
        <time>2026-10-04T22:03:41.000Z</time>
        <extensions>
          <ns3:TrackPointExtension>
            <ns3:hr>126</ns3:hr>
            <ns3:cad>91</ns3:cad>
          </ns3:TrackPointExtension>
        </extensions>
      </trkpt>
      <trkpt lat="45.795683674514293670654296875" lon="126.6509118117392063140869140625">
        <ele>119.40000152587890625</ele>
        <time>2026-10-04T22:03:42.000Z</time>
        <extensions>
          <ns3:TrackPointExtension>
            <ns3:hr>127</ns3:hr>
            <ns3:cad>91</ns3:cad>
          </ns3:TrackPointExtension>
        </extensions>
      </trkpt>
      <trkpt lat="45.79566313885152339935302734375" lon="126.65087836794555187225341796875">
        <ele>119.59999847412109375</ele>
        <time>2026-10-04T22:03:43.000Z</time>
        <extensions>
          <ns3:TrackPointExtension>
            <ns3:hr>127</ns3:hr>
            <ns3:cad>91</ns3:cad>
          </ns3:TrackPointExtension>
        </extensions>
      </trkpt>
      <trkpt lat="45.79564654268324375152587890625" lon="126.6508471034467220306396484375">
        <ele>119.59999847412109375</ele>
        <time>2026-10-04T22:03:44.000Z</time>
        <extensions>
          <ns3:TrackPointExtension>
            <ns3:hr>127</ns3:hr>
            <ns3:cad>91</ns3:cad>
          </ns3:TrackPointExtension>
        </extensions>
      </trkpt>
      <trkpt lat="45.795625336468219757080078125" lon="126.6508157551288604736328125">
        <ele>119.59999847412109375</ele>
        <time>2026-10-04T22:03:45.000Z</time>
        <extensions>
          <ns3:TrackPointExtension>
            <ns3:hr>128</ns3:hr>
            <ns3:cad>92</ns3:cad>
          </ns3:TrackPointExtension>
        </extensions>
      </trkpt>
      <trkpt lat="45.79561083577573299407958984375" lon="126.6507891006767749786376953125">
        <ele>119.59999847412109375</ele>
        <time>2026-10-04T22:03:46.000Z</time>
        <extensions>
          <ns3:TrackPointExtension>
            <ns3:hr>128</ns3:hr>
            <ns3:cad>92</ns3:cad>
          </ns3:TrackPointExtension>
        </extensions>
      </trkpt>
      <trkpt lat="45.79559692181646823883056640625" lon="126.6507508791983127593994140625">
        <ele>119.59999847412109375</ele>
        <time>2026-10-04T22:03:47.000Z</time>
        <extensions>
          <ns3:TrackPointExtension>
            <ns3:hr>129</ns3:hr>
            <ns3:cad>92</ns3:cad>
          </ns3:TrackPointExtension>
        </extensions>
      </trkpt>
      <trkpt lat="45.79558468423783779144287109375" lon="126.6507183574140071868896484375">
        <ele>119.59999847412109375</ele>
        <time>2026-10-04T22:03:48.000Z</time>
        <extensions>
          <ns3:TrackPointExtension>
            <ns3:hr>129</ns3:hr>
            <ns3:cad>92</ns3:cad>
          </ns3:TrackPointExtension>
        </extensions>
      </trkpt>
      <trkpt lat="45.7955711893737316131591796875" lon="126.6506764478981494903564453125">
        <ele>119.59999847412109375</ele>
        <time>2026-10-04T22:03:49.000Z</time>
        <extensions>
          <ns3:TrackPointExtension>
            <ns3:hr>130</ns3:hr>
            <ns3:cad>92</ns3:cad>
          </ns3:TrackPointExtension>
        </extensions>
      </trkpt>
      <trkpt lat="45.79555802978575229644775390625" lon="126.6506415791809558868408203125">
        <ele>119.59999847412109375</ele>
        <time>2026-10-04T22:03:50.000Z</time>
        <extensions>
          <ns3:TrackPointExtension>
            <ns3:hr>130</ns3:hr>
            <ns3:cad>92</ns3:cad>
          </ns3:TrackPointExtension>
        </extensions>
      </trkpt>
      <trkpt lat="45.795547552406787872314453125" lon="126.65059790946543216705322265625">
        <ele>119.59999847412109375</ele>
        <time>2026-10-04T22:03:51.000Z</time>
        <extensions>
          <ns3:TrackPointExtension>
            <ns3:hr>131</ns3:hr>
            <ns3:cad>91</ns3:cad>
          </ns3:TrackPointExtension>
        </extensions>
      </trkpt>
      <trkpt lat="45.79553472809493541717529296875" lon="126.650564633309841156005859375">
        <ele>119.59999847412109375</ele>
        <time>2026-10-04T22:03:52.000Z</time>
        <extensions>
          <ns3:TrackPointExtension>
            <ns3:hr>131</ns3:hr>
            <ns3:cad>91</ns3:cad>
          </ns3:TrackPointExtension>
        </extensions>
      </trkpt>
      <trkpt lat="45.79552131704986095428466796875" lon="126.65052465163171291351318359375">
        <ele>119.40000152587890625</ele>
        <time>2026-10-04T22:03:53.000Z</time>
        <extensions>
          <ns3:TrackPointExtension>
            <ns3:hr>131</ns3:hr>
            <ns3:cad>91</ns3:cad>
          </ns3:TrackPointExtension>
        </extensions>
      </trkpt>
      <trkpt lat="45.79550773836672306060791015625" lon="126.65048743598163127899169921875">
        <ele>119.40000152587890625</ele>
        <time>2026-10-04T22:03:54.000Z</time>
        <extensions>
          <ns3:TrackPointExtension>
            <ns3:hr>130</ns3:hr>
            <ns3:cad>90</ns3:cad>
          </ns3:TrackPointExtension>
        </extensions>
      </trkpt>
      <trkpt lat="45.7954970933496952056884765625" lon="126.6504442691802978515625">
        <ele>119.40000152587890625</ele>
        <time>2026-10-04T22:03:55.000Z</time>
        <extensions>
          <ns3:TrackPointExtension>
            <ns3:hr>131</ns3:hr>
            <ns3:cad>90</ns3:cad>
          </ns3:TrackPointExtension>
        </extensions>
      </trkpt>
      <trkpt lat="45.79549080692231655120849609375" lon="126.65040411986410617828369140625">
        <ele>119.40000152587890625</ele>
        <time>2026-10-04T22:03:56.000Z</time>
        <extensions>
          <ns3:TrackPointExtension>
            <ns3:hr>131</ns3:hr>
            <ns3:cad>90</ns3:cad>
          </ns3:TrackPointExtension>
        </extensions>
      </trkpt>
      <trkpt lat="45.79548845998942852020263671875" lon="126.65035634301602840423583984375">
        <ele>119.40000152587890625</ele>
        <time>2026-10-04T22:03:57.000Z</time>
        <extensions>
          <ns3:TrackPointExtension>
            <ns3:hr>131</ns3:hr>
            <ns3:cad>89</ns3:cad>
          </ns3:TrackPointExtension>
        </extensions>
      </trkpt>
      <trkpt lat="45.79547991044819355010986328125" lon="126.65031753480434417724609375">
        <ele>119.40000152587890625</ele>
        <time>2026-10-04T22:03:58.000Z</time>
        <extensions>
          <ns3:TrackPointExtension>
            <ns3:hr>131</ns3:hr>
            <ns3:cad>89</ns3:cad>
          </ns3:TrackPointExtension>
        </extensions>
      </trkpt>
      <trkpt lat="45.7954662479460239410400390625" lon="126.6502744518220424652099609375">
        <ele>119.59999847412109375</ele>
        <time>2026-10-04T22:03:59.000Z</time>
        <extensions>
          <ns3:TrackPointExtension>
            <ns3:hr>132</ns3:hr>
            <ns3:cad>88</ns3:cad>
          </ns3:TrackPointExtension>
        </extensions>
      </trkpt>
      <trkpt lat="45.79546079970896244049072265625" lon="126.6502335481345653533935546875">
        <ele>119.59999847412109375</ele>
        <time>2026-10-04T22:04:00.000Z</time>
        <extensions>
          <ns3:TrackPointExtension>
            <ns3:hr>132</ns3:hr>
            <ns3:cad>88</ns3:cad>
          </ns3:TrackPointExtension>
        </extensions>
      </trkpt>
      <trkpt lat="45.795455016195774078369140625" lon="126.65019658394157886505126953125">
        <ele>119.59999847412109375</ele>
        <time>2026-10-04T22:04:01.000Z</time>
        <extensions>
          <ns3:TrackPointExtension>
            <ns3:hr>132</ns3:hr>
            <ns3:cad>88</ns3:cad>
          </ns3:TrackPointExtension>
        </extensions>
      </trkpt>
      <trkpt lat="45.795457027852535247802734375" lon="126.65015794336795806884765625">
        <ele>119.8000030517578125</ele>
        <time>2026-10-04T22:04:02.000Z</time>
        <extensions>
          <ns3:TrackPointExtension>
            <ns3:hr>132</ns3:hr>
            <ns3:cad>89</ns3:cad>
          </ns3:TrackPointExtension>
        </extensions>
      </trkpt>
      <trkpt lat="45.79545526765286922454833984375" lon="126.650118716061115264892578125">
        <ele>119.8000030517578125</ele>
        <time>2026-10-04T22:04:03.000Z</time>
        <extensions>
          <ns3:TrackPointExtension>
            <ns3:hr>132</ns3:hr>
            <ns3:cad>89</ns3:cad>
          </ns3:TrackPointExtension>
        </extensions>
      </trkpt>
      <trkpt lat="45.7954531721770763397216796875" lon="126.65008091367781162261962890625">
        <ele>119.8000030517578125</ele>
        <time>2026-10-04T22:04:04.000Z</time>
        <extensions>
          <ns3:TrackPointExtension>
            <ns3:hr>133</ns3:hr>
            <ns3:cad>89</ns3:cad>
          </ns3:TrackPointExtension>
        </extensions>
      </trkpt>
      <trkpt lat="45.7954437844455242156982421875" lon="126.6500404290854930877685546875">
        <ele>119.8000030517578125</ele>
        <time>2026-10-04T22:04:05.000Z</time>
        <extensions>
          <ns3:TrackPointExtension>
            <ns3:hr>132</ns3:hr>
            <ns3:cad>88</ns3:cad>
          </ns3:TrackPointExtension>
        </extensions>
      </trkpt>
      <trkpt lat="45.79543464817106723785400390625" lon="126.65000237524509429931640625">
        <ele>120</ele>
        <time>2026-10-04T22:04:06.000Z</time>
        <extensions>
          <ns3:TrackPointExtension>
            <ns3:hr>132</ns3:hr>
            <ns3:cad>89</ns3:cad>
          </ns3:TrackPointExtension>
        </extensions>
      </trkpt>
      <trkpt lat="45.795418135821819305419921875" lon="126.6499690152704715728759765625">
        <ele>120</ele>
        <time>2026-10-04T22:04:07.000Z</time>
        <extensions>
          <ns3:TrackPointExtension>
            <ns3:hr>133</ns3:hr>
            <ns3:cad>89</ns3:cad>
          </ns3:TrackPointExtension>
        </extensions>
      </trkpt>
      <trkpt lat="45.79541184939444065093994140625" lon="126.64993397891521453857421875">
        <ele>120</ele>
        <time>2026-10-04T22:04:08.000Z</time>
        <extensions>
          <ns3:TrackPointExtension>
            <ns3:hr>133</ns3:hr>
            <ns3:cad>89</ns3:cad>
          </ns3:TrackPointExtension>
        </extensions>
      </trkpt>
      <trkpt lat="45.79540665261447429656982421875" lon="126.64989047683775424957275390625">
        <ele>120</ele>
        <time>2026-10-04T22:04:09.000Z</time>
        <extensions>
          <ns3:TrackPointExtension>
            <ns3:hr>133</ns3:hr>
            <ns3:cad>90</ns3:cad>
          </ns3:TrackPointExtension>
        </extensions>
      </trkpt>
      <trkpt lat="45.795405395328998565673828125" lon="126.6498550213873386383056640625">
        <ele>120</ele>
        <time>2026-10-04T22:04:10.000Z</time>
        <extensions>
          <ns3:TrackPointExtension>
            <ns3:hr>133</ns3:hr>
            <ns3:cad>90</ns3:cad>
          </ns3:TrackPointExtension>
        </extensions>
      </trkpt>
      <trkpt lat="45.79539910890161991119384765625" lon="126.64981001056730747222900390625">
        <ele>120</ele>
        <time>2026-10-04T22:04:11.000Z</time>
        <extensions>
          <ns3:TrackPointExtension>
            <ns3:hr>133</ns3:hr>
            <ns3:cad>90</ns3:cad>
          </ns3:TrackPointExtension>
        </extensions>
      </trkpt>
      <trkpt lat="45.795396678149700164794921875" lon="126.64976944215595722198486328125">
        <ele>120</ele>
        <time>2026-10-04T22:04:12.000Z</time>
        <extensions>
          <ns3:TrackPointExtension>
            <ns3:hr>133</ns3:hr>
            <ns3:cad>90</ns3:cad>
          </ns3:TrackPointExtension>
        </extensions>
      </trkpt>
      <trkpt lat="45.795391984283924102783203125" lon="126.6497205756604671478271484375">
        <ele>120</ele>
        <time>2026-10-04T22:04:13.000Z</time>
        <extensions>
          <ns3:TrackPointExtension>
            <ns3:hr>133</ns3:hr>
            <ns3:cad>91</ns3:cad>
          </ns3:TrackPointExtension>
        </extensions>
      </trkpt>
      <trkpt lat="45.7953834347426891326904296875" lon="126.6496897302567958831787109375">
        <ele>120.1999969482421875</ele>
        <time>2026-10-04T22:04:14.000Z</time>
        <extensions>
          <ns3:TrackPointExtension>
            <ns3:hr>134</ns3:hr>
            <ns3:cad>91</ns3:cad>
          </ns3:TrackPointExtension>
        </extensions>
      </trkpt>
      <trkpt lat="45.79537899233400821685791015625" lon="126.649642288684844970703125">
        <ele>120</ele>
        <time>2026-10-04T22:04:15.000Z</time>
        <extensions>
          <ns3:TrackPointExtension>
            <ns3:hr>135</ns3:hr>
            <ns3:cad>91</ns3:cad>
          </ns3:TrackPointExtension>
        </extensions>
      </trkpt>
      <trkpt lat="45.79537245444953441619873046875" lon="126.64960272610187530517578125">
        <ele>120.1999969482421875</ele>
        <time>2026-10-04T22:04:16.000Z</time>
        <extensions>
          <ns3:TrackPointExtension>
            <ns3:hr>135</ns3:hr>
            <ns3:cad>92</ns3:cad>
          </ns3:TrackPointExtension>
        </extensions>
      </trkpt>
      <trkpt lat="45.79536407254636287689208984375" lon="126.64956073276698589324951171875">
        <ele>120.1999969482421875</ele>
        <time>2026-10-04T22:04:17.000Z</time>
        <extensions>
          <ns3:TrackPointExtension>
            <ns3:hr>135</ns3:hr>
            <ns3:cad>92</ns3:cad>
          </ns3:TrackPointExtension>
        </extensions>
      </trkpt>
      <trkpt lat="45.79535652883350849151611328125" lon="126.6495207510888576507568359375">
        <ele>120.1999969482421875</ele>
        <time>2026-10-04T22:04:18.000Z</time>
        <extensions>
          <ns3:TrackPointExtension>
            <ns3:hr>135</ns3:hr>
            <ns3:cad>92</ns3:cad>
          </ns3:TrackPointExtension>
        </extensions>
      </trkpt>
      <trkpt lat="45.79535451717674732208251953125" lon="126.6494701243937015533447265625">
        <ele>120.1999969482421875</ele>
        <time>2026-10-04T22:04:19.000Z</time>
        <extensions>
          <ns3:TrackPointExtension>
            <ns3:hr>135</ns3:hr>
            <ns3:cad>92</ns3:cad>
          </ns3:TrackPointExtension>
        </extensions>
      </trkpt>
      <trkpt lat="45.795349068939685821533203125" lon="126.64943374693393707275390625">
        <ele>120.1999969482421875</ele>
        <time>2026-10-04T22:04:20.000Z</time>
        <extensions>
          <ns3:TrackPointExtension>
            <ns3:hr>136</ns3:hr>
            <ns3:cad>92</ns3:cad>
          </ns3:TrackPointExtension>
        </extensions>
      </trkpt>
      <trkpt lat="45.79534563235938549041748046875" lon="126.6493886522948741912841796875">
        <ele>120.1999969482421875</ele>
        <time>2026-10-04T22:04:21.000Z</time>
        <extensions>
          <ns3:TrackPointExtension>
            <ns3:hr>136</ns3:hr>
            <ns3:cad>92</ns3:cad>
          </ns3:TrackPointExtension>
        </extensions>
      </trkpt>
      <trkpt lat="45.795335657894611358642578125" lon="126.64935437031090259552001953125">
        <ele>120</ele>
        <time>2026-10-04T22:04:22.000Z</time>
        <extensions>
          <ns3:TrackPointExtension>
            <ns3:hr>136</ns3:hr>
            <ns3:cad>92</ns3:cad>
          </ns3:TrackPointExtension>
        </extensions>
      </trkpt>
      <trkpt lat="45.795334316790103912353515625" lon="126.64930894039571285247802734375">
        <ele>120</ele>
        <time>2026-10-04T22:04:23.000Z</time>
        <extensions>
          <ns3:TrackPointExtension>
            <ns3:hr>137</ns3:hr>
            <ns3:cad>92</ns3:cad>
          </ns3:TrackPointExtension>
        </extensions>
      </trkpt>
      <trkpt lat="45.795326940715312957763671875" lon="126.6492733173072338104248046875">
        <ele>120</ele>
        <time>2026-10-04T22:04:24.000Z</time>
        <extensions>
          <ns3:TrackPointExtension>
            <ns3:hr>137</ns3:hr>
            <ns3:cad>92</ns3:cad>
          </ns3:TrackPointExtension>
        </extensions>
      </trkpt>
      <trkpt lat="45.795318894088268280029296875" lon="126.64922847412526607513427734375">
        <ele>120</ele>
        <time>2026-10-04T22:04:25.000Z</time>
        <extensions>
          <ns3:TrackPointExtension>
            <ns3:hr>137</ns3:hr>
            <ns3:cad>93</ns3:cad>
          </ns3:TrackPointExtension>
        </extensions>
      </trkpt>
      <trkpt lat="45.79530774615705013275146484375" lon="126.64918907918035984039306640625">
        <ele>120</ele>
        <time>2026-10-04T22:04:26.000Z</time>
        <extensions>
          <ns3:TrackPointExtension>
            <ns3:hr>137</ns3:hr>
            <ns3:cad>93</ns3:cad>
          </ns3:TrackPointExtension>
        </extensions>
      </trkpt>
      <trkpt lat="45.7952964305877685546875" lon="126.64915219880640506744384765625">
        <ele>120</ele>
        <time>2026-10-04T22:04:27.000Z</time>
        <extensions>
          <ns3:TrackPointExtension>
            <ns3:hr>137</ns3:hr>
            <ns3:cad>93</ns3:cad>
          </ns3:TrackPointExtension>
        </extensions>
      </trkpt>
      <trkpt lat="45.795284695923328399658203125" lon="126.649112217128276824951171875">
        <ele>120</ele>
        <time>2026-10-04T22:04:28.000Z</time>
        <extensions>
          <ns3:TrackPointExtension>
            <ns3:hr>136</ns3:hr>
            <ns3:cad>92</ns3:cad>
          </ns3:TrackPointExtension>
        </extensions>
      </trkpt>
      <trkpt lat="45.795277655124664306640625" lon="126.64907223545014858245849609375">
        <ele>119.8000030517578125</ele>
        <time>2026-10-04T22:04:29.000Z</time>
        <extensions>
          <ns3:TrackPointExtension>
            <ns3:hr>137</ns3:hr>
            <ns3:cad>92</ns3:cad>
          </ns3:TrackPointExtension>
        </extensions>
      </trkpt>
      <trkpt lat="45.79526499845087528228759765625" lon="126.649029068648815155029296875">
        <ele>119.8000030517578125</ele>
        <time>2026-10-04T22:04:30.000Z</time>
        <extensions>
          <ns3:TrackPointExtension>
            <ns3:hr>137</ns3:hr>
            <ns3:cad>91</ns3:cad>
          </ns3:TrackPointExtension>
        </extensions>
      </trkpt>
      <trkpt lat="45.79525259323418140411376953125" lon="126.64899411611258983612060546875">
        <ele>119.8000030517578125</ele>
        <time>2026-10-04T22:04:31.000Z</time>
        <extensions>
          <ns3:TrackPointExtension>
            <ns3:hr>137</ns3:hr>
            <ns3:cad>91</ns3:cad>
          </ns3:TrackPointExtension>
        </extensions>
      </trkpt>
      <trkpt lat="45.79523675143718719482421875" lon="126.6489504463970661163330078125">
        <ele>119.8000030517578125</ele>
        <time>2026-10-04T22:04:32.000Z</time>
        <extensions>
          <ns3:TrackPointExtension>
            <ns3:hr>137</ns3:hr>
            <ns3:cad>92</ns3:cad>
          </ns3:TrackPointExtension>
        </extensions>
      </trkpt>
      <trkpt lat="45.7952218316495418548583984375" lon="126.64891767315566539764404296875">
        <ele>119.8000030517578125</ele>
        <time>2026-10-04T22:04:33.000Z</time>
        <extensions>
          <ns3:TrackPointExtension>
            <ns3:hr>136</ns3:hr>
            <ns3:cad>92</ns3:cad>
          </ns3:TrackPointExtension>
        </extensions>
      </trkpt>
      <trkpt lat="45.7952087558805942535400390625" lon="126.6488740034401416778564453125">
        <ele>119.8000030517578125</ele>
        <time>2026-10-04T22:04:34.000Z</time>
        <extensions>
          <ns3:TrackPointExtension>
            <ns3:hr>137</ns3:hr>
            <ns3:cad>92</ns3:cad>
          </ns3:TrackPointExtension>
        </extensions>
      </trkpt>
      <trkpt lat="45.7951966859400272369384765625" lon="126.64883821271359920501708984375">
        <ele>119.8000030517578125</ele>
        <time>2026-10-04T22:04:35.000Z</time>
        <extensions>
          <ns3:TrackPointExtension>
            <ns3:hr>137</ns3:hr>
            <ns3:cad>93</ns3:cad>
          </ns3:TrackPointExtension>
        </extensions>
      </trkpt>
      <trkpt lat="45.79518486745655536651611328125" lon="126.64879512973129749298095703125">
        <ele>119.8000030517578125</ele>
        <time>2026-10-04T22:04:36.000Z</time>
        <extensions>
          <ns3:TrackPointExtension>
            <ns3:hr>137</ns3:hr>
            <ns3:cad>93</ns3:cad>
          </ns3:TrackPointExtension>
        </extensions>
      </trkpt>
      <trkpt lat="45.795173384249210357666015625" lon="126.64875942282378673553466796875">
        <ele>119.8000030517578125</ele>
        <time>2026-10-04T22:04:37.000Z</time>
        <extensions>
          <ns3:TrackPointExtension>
            <ns3:hr>137</ns3:hr>
            <ns3:cad>92</ns3:cad>
          </ns3:TrackPointExtension>
        </extensions>
      </trkpt>
      <trkpt lat="45.7951651699841022491455078125" lon="126.64871298708021640777587890625">
        <ele>119.8000030517578125</ele>
        <time>2026-10-04T22:04:38.000Z</time>
        <extensions>
          <ns3:TrackPointExtension>
            <ns3:hr>136</ns3:hr>
            <ns3:cad>92</ns3:cad>
          </ns3:TrackPointExtension>
        </extensions>
      </trkpt>
      <trkpt lat="45.7951561175286769866943359375" lon="126.6486835666000843048095703125">
        <ele>119.8000030517578125</ele>
        <time>2026-10-04T22:04:39.000Z</time>
        <extensions>
          <ns3:TrackPointExtension>
            <ns3:hr>137</ns3:hr>
            <ns3:cad>92</ns3:cad>
          </ns3:TrackPointExtension>
        </extensions>
      </trkpt>
      <trkpt lat="45.795154273509979248046875" lon="126.64863671176135540008544921875">
        <ele>119.8000030517578125</ele>
        <time>2026-10-04T22:04:40.000Z</time>
        <extensions>
          <ns3:TrackPointExtension>
            <ns3:hr>137</ns3:hr>
            <ns3:cad>92</ns3:cad>
          </ns3:TrackPointExtension>
        </extensions>
      </trkpt>
      <trkpt lat="45.7951467297971248626708984375" lon="126.648600585758686065673828125">
        <ele>119.8000030517578125</ele>
        <time>2026-10-04T22:04:41.000Z</time>
        <extensions>
          <ns3:TrackPointExtension>
            <ns3:hr>137</ns3:hr>
            <ns3:cad>92</ns3:cad>
          </ns3:TrackPointExtension>
        </extensions>
      </trkpt>
      <trkpt lat="45.7951360009610652923583984375" lon="126.64856362156569957733154296875">
        <ele>119.8000030517578125</ele>
        <time>2026-10-04T22:04:42.000Z</time>
        <extensions>
          <ns3:TrackPointExtension>
            <ns3:hr>136</ns3:hr>
            <ns3:cad>92</ns3:cad>
          </ns3:TrackPointExtension>
        </extensions>
      </trkpt>
      <trkpt lat="45.79512284137308597564697265625" lon="126.64852581918239593505859375">
        <ele>119.8000030517578125</ele>
        <time>2026-10-04T22:04:43.000Z</time>
        <extensions>
          <ns3:TrackPointExtension>
            <ns3:hr>137</ns3:hr>
            <ns3:cad>92</ns3:cad>
          </ns3:TrackPointExtension>
        </extensions>
      </trkpt>
      <trkpt lat="45.79511663876473903656005859375" lon="126.64848382584750652313232421875">
        <ele>119.8000030517578125</ele>
        <time>2026-10-04T22:04:44.000Z</time>
        <extensions>
          <ns3:TrackPointExtension>
            <ns3:hr>137</ns3:hr>
            <ns3:cad>93</ns3:cad>
          </ns3:TrackPointExtension>
        </extensions>
      </trkpt>
      <trkpt lat="45.79510507173836231231689453125" lon="126.6484458558261394500732421875">
        <ele>119.8000030517578125</ele>
        <time>2026-10-04T22:04:45.000Z</time>
        <extensions>
          <ns3:TrackPointExtension>
            <ns3:hr>137</ns3:hr>
            <ns3:cad>93</ns3:cad>
          </ns3:TrackPointExtension>
        </extensions>
      </trkpt>
      <trkpt lat="45.79510054551064968109130859375" lon="126.64840520359575748443603515625">
        <ele>119.8000030517578125</ele>
        <time>2026-10-04T22:04:46.000Z</time>
        <extensions>
          <ns3:TrackPointExtension>
            <ns3:hr>137</ns3:hr>
            <ns3:cad>93</ns3:cad>
          </ns3:TrackPointExtension>
        </extensions>
      </trkpt>
      <trkpt lat="45.7950885593891143798828125" lon="126.6483811475336551666259765625">
        <ele>119.8000030517578125</ele>
        <time>2026-10-04T22:04:47.000Z</time>
        <extensions>
          <ns3:TrackPointExtension>
            <ns3:hr>137</ns3:hr>
            <ns3:cad>93</ns3:cad>
          </ns3:TrackPointExtension>
        </extensions>
      </trkpt>
      <trkpt lat="45.7950722984969615936279296875" lon="126.64834569208323955535888671875">
        <ele>119.8000030517578125</ele>
        <time>2026-10-04T22:04:48.000Z</time>
        <extensions>
          <ns3:TrackPointExtension>
            <ns3:hr>136</ns3:hr>
            <ns3:cad>93</ns3:cad>
          </ns3:TrackPointExtension>
        </extensions>
      </trkpt>
      <trkpt lat="45.7950538583099842071533203125" lon="126.64833010174334049224853515625">
        <ele>120</ele>
        <time>2026-10-04T22:04:49.000Z</time>
        <extensions>
          <ns3:TrackPointExtension>
            <ns3:hr>137</ns3:hr>
            <ns3:cad>93</ns3:cad>
          </ns3:TrackPointExtension>
        </extensions>
      </trkpt>
      <trkpt lat="45.7950364239513874053955078125" lon="126.64829757995903491973876953125">
        <ele>119.8000030517578125</ele>
        <time>2026-10-04T22:04:50.000Z</time>
        <extensions>
          <ns3:TrackPointExtension>
            <ns3:hr>137</ns3:hr>
            <ns3:cad>90</ns3:cad>
          </ns3:TrackPointExtension>
        </extensions>
      </trkpt>
      <trkpt lat="45.79502041451632976531982421875" lon="126.64827394299209117889404296875">
        <ele>119.8000030517578125</ele>
        <time>2026-10-04T22:04:51.000Z</time>
        <extensions>
          <ns3:TrackPointExtension>
            <ns3:hr>137</ns3:hr>
            <ns3:cad>89</ns3:cad>
          </ns3:TrackPointExtension>
        </extensions>
      </trkpt>
      <trkpt lat="45.795008428394794464111328125" lon="126.64823052473366260528564453125">
        <ele>119.8000030517578125</ele>
        <time>2026-10-04T22:04:52.000Z</time>
        <extensions>
          <ns3:TrackPointExtension>
            <ns3:hr>137</ns3:hr>
            <ns3:cad>88</ns3:cad>
          </ns3:TrackPointExtension>
        </extensions>
      </trkpt>
      <trkpt lat="45.79499174840748310089111328125" lon="126.648196913301944732666015625">
        <ele>119.8000030517578125</ele>
        <time>2026-10-04T22:04:53.000Z</time>
        <extensions>
          <ns3:TrackPointExtension>
            <ns3:hr>137</ns3:hr>
            <ns3:cad>88</ns3:cad>
          </ns3:TrackPointExtension>
        </extensions>
      </trkpt>
      <trkpt lat="45.7949794270098209381103515625" lon="126.648156680166721343994140625">
        <ele>119.59999847412109375</ele>
        <time>2026-10-04T22:04:54.000Z</time>
        <extensions>
          <ns3:TrackPointExtension>
            <ns3:hr>137</ns3:hr>
            <ns3:cad>90</ns3:cad>
          </ns3:TrackPointExtension>
        </extensions>
      </trkpt>
      <trkpt lat="45.794966183602809906005859375" lon="126.6481260024011135101318359375">
        <ele>119.8000030517578125</ele>
        <time>2026-10-04T22:04:55.000Z</time>
        <extensions>
          <ns3:TrackPointExtension>
            <ns3:hr>137</ns3:hr>
            <ns3:cad>90</ns3:cad>
          </ns3:TrackPointExtension>
        </extensions>
      </trkpt>
      <trkpt lat="45.7949569635093212127685546875" lon="126.648084931075572967529296875">
        <ele>119.8000030517578125</ele>
        <time>2026-10-04T22:04:56.000Z</time>
        <extensions>
          <ns3:TrackPointExtension>
            <ns3:hr>137</ns3:hr>
            <ns3:cad>90</ns3:cad>
          </ns3:TrackPointExtension>
        </extensions>
      </trkpt>
      <trkpt lat="45.79494598321616649627685546875" lon="126.64805081672966480255126953125">
        <ele>119.8000030517578125</ele>
        <time>2026-10-04T22:04:57.000Z</time>
        <extensions>
          <ns3:TrackPointExtension>
            <ns3:hr>136</ns3:hr>
            <ns3:cad>90</ns3:cad>
          </ns3:TrackPointExtension>
        </extensions>
      </trkpt>
      <trkpt lat="45.79493877477943897247314453125" lon="126.64800924248993396759033203125">
        <ele>119.8000030517578125</ele>
        <time>2026-10-04T22:04:58.000Z</time>
        <extensions>
          <ns3:TrackPointExtension>
            <ns3:hr>137</ns3:hr>
            <ns3:cad>91</ns3:cad>
          </ns3:TrackPointExtension>
        </extensions>
      </trkpt>
      <trkpt lat="45.7949251122772693634033203125" lon="126.64797638542950153350830078125">
        <ele>120</ele>
        <time>2026-10-04T22:04:59.000Z</time>
        <extensions>
          <ns3:TrackPointExtension>
            <ns3:hr>137</ns3:hr>
            <ns3:cad>91</ns3:cad>
          </ns3:TrackPointExtension>
        </extensions>
      </trkpt>
      <trkpt lat="45.7949160598218441009521484375" lon="126.64793816395103931427001953125">
        <ele>120</ele>
        <time>2026-10-04T22:05:00.000Z</time>
        <extensions>
          <ns3:TrackPointExtension>
            <ns3:hr>136</ns3:hr>
            <ns3:cad>91</ns3:cad>
          </ns3:TrackPointExtension>
        </extensions>
      </trkpt>
      <trkpt lat="45.79490692354738712310791015625" lon="126.64789960719645023345947265625">
        <ele>120</ele>
        <time>2026-10-04T22:05:01.000Z</time>
        <extensions>
          <ns3:TrackPointExtension>
            <ns3:hr>136</ns3:hr>
            <ns3:cad>90</ns3:cad>
          </ns3:TrackPointExtension>
        </extensions>
      </trkpt>
      <trkpt lat="45.79490541480481624603271484375" lon="126.64786054752767086029052734375">
        <ele>119.8000030517578125</ele>
        <time>2026-10-04T22:05:02.000Z</time>
        <extensions>
          <ns3:TrackPointExtension>
            <ns3:hr>136</ns3:hr>
            <ns3:cad>90</ns3:cad>
          </ns3:TrackPointExtension>
        </extensions>
      </trkpt>
      <trkpt lat="45.7948962785303592681884765625" lon="126.6478188894689083099365234375">
        <ele>119.8000030517578125</ele>
        <time>2026-10-04T22:05:03.000Z</time>
        <extensions>
          <ns3:TrackPointExtension>
            <ns3:hr>136</ns3:hr>
            <ns3:cad>90</ns3:cad>
          </ns3:TrackPointExtension>
        </extensions>
      </trkpt>
      <trkpt lat="45.79488672316074371337890625" lon="126.647778488695621490478515625">
        <ele>119.8000030517578125</ele>
        <time>2026-10-04T22:05:04.000Z</time>
        <extensions>
          <ns3:TrackPointExtension>
            <ns3:hr>136</ns3:hr>
            <ns3:cad>90</ns3:cad>
          </ns3:TrackPointExtension>
        </extensions>
      </trkpt>
      <trkpt lat="45.79487272538244724273681640625" lon="126.6477406024932861328125">
        <ele>119.8000030517578125</ele>
        <time>2026-10-04T22:05:05.000Z</time>
        <extensions>
          <ns3:TrackPointExtension>
            <ns3:hr>136</ns3:hr>
            <ns3:cad>90</ns3:cad>
          </ns3:TrackPointExtension>
        </extensions>
      </trkpt>
      <trkpt lat="45.794862248003482818603515625" lon="126.64770682342350482940673828125">
        <ele>119.8000030517578125</ele>
        <time>2026-10-04T22:05:06.000Z</time>
        <extensions>
          <ns3:TrackPointExtension>
            <ns3:hr>135</ns3:hr>
            <ns3:cad>90</ns3:cad>
          </ns3:TrackPointExtension>
        </extensions>
      </trkpt>
      <trkpt lat="45.79485126771032810211181640625" lon="126.64768670685589313507080078125">
        <ele>120</ele>
        <time>2026-10-04T22:05:07.000Z</time>
        <extensions>
          <ns3:TrackPointExtension>
            <ns3:hr>135</ns3:hr>
            <ns3:cad>90</ns3:cad>
          </ns3:TrackPointExtension>
        </extensions>
      </trkpt>
      <trkpt lat="45.79484540037810802459716796875" lon="126.647674553096294403076171875">
        <ele>120</ele>
        <time>2026-10-04T22:05:08.000Z</time>
        <extensions>
          <ns3:TrackPointExtension>
            <ns3:hr>135</ns3:hr>
            <ns3:cad>90</ns3:cad>
          </ns3:TrackPointExtension>
        </extensions>
      </trkpt>
      <trkpt lat="45.7948355935513973236083984375" lon="126.64764882065355777740478515625">
        <ele>119.8000030517578125</ele>
        <time>2026-10-04T22:05:09.000Z</time>
        <extensions>
          <ns3:TrackPointExtension>
            <ns3:hr>135</ns3:hr>
            <ns3:cad>90</ns3:cad>
          </ns3:TrackPointExtension>
        </extensions>
      </trkpt>
      <trkpt lat="45.79482779838144779205322265625" lon="126.6476212441921234130859375">
        <ele>119.59999847412109375</ele>
        <time>2026-10-04T22:05:10.000Z</time>
        <extensions>
          <ns3:TrackPointExtension>
            <ns3:hr>135</ns3:hr>
            <ns3:cad>89</ns3:cad>
          </ns3:TrackPointExtension>
        </extensions>
      </trkpt>
      <trkpt lat="45.7948174886405467987060546875" lon="126.64757790975272655487060546875">
        <ele>119.40000152587890625</ele>
        <time>2026-10-04T22:05:11.000Z</time>
        <extensions>
          <ns3:TrackPointExtension>
            <ns3:hr>135</ns3:hr>
            <ns3:cad>89</ns3:cad>
          </ns3:TrackPointExtension>
        </extensions>
      </trkpt>
      <trkpt lat="45.79480567015707492828369140625" lon="126.64754890836775302886962890625">
        <ele>119.40000152587890625</ele>
        <time>2026-10-04T22:05:12.000Z</time>
        <extensions>
          <ns3:TrackPointExtension>
            <ns3:hr>135</ns3:hr>
            <ns3:cad>89</ns3:cad>
          </ns3:TrackPointExtension>
        </extensions>
      </trkpt>
      <trkpt lat="45.79479477368295192718505859375" lon="126.6475059092044830322265625">
        <ele>119.1999969482421875</ele>
        <time>2026-10-04T22:05:13.000Z</time>
        <extensions>
          <ns3:TrackPointExtension>
            <ns3:hr>134</ns3:hr>
            <ns3:cad>87</ns3:cad>
          </ns3:TrackPointExtension>
        </extensions>
      </trkpt>
      <trkpt lat="45.79478203319013118743896484375" lon="126.64746961556375026702880859375">
        <ele>119.1999969482421875</ele>
        <time>2026-10-04T22:05:14.000Z</time>
        <extensions>
          <ns3:TrackPointExtension>
            <ns3:hr>135</ns3:hr>
            <ns3:cad>87</ns3:cad>
          </ns3:TrackPointExtension>
        </extensions>
      </trkpt>
      <trkpt lat="45.79476946033537387847900390625" lon="126.6474279575049877166748046875">
        <ele>119.1999969482421875</ele>
        <time>2026-10-04T22:05:15.000Z</time>
        <extensions>
          <ns3:TrackPointExtension>
            <ns3:hr>135</ns3:hr>
            <ns3:cad>87</ns3:cad>
          </ns3:TrackPointExtension>
        </extensions>
      </trkpt>
      <trkpt lat="45.79475789330899715423583984375" lon="126.64740054868161678314208984375">
        <ele>119.40000152587890625</ele>
        <time>2026-10-04T22:05:16.000Z</time>
        <extensions>
          <ns3:TrackPointExtension>
            <ns3:hr>134</ns3:hr>
            <ns3:cad>90</ns3:cad>
          </ns3:TrackPointExtension>
        </extensions>
      </trkpt>
      <trkpt lat="45.79474347643554210662841796875" lon="126.64735511876642704010009765625">
        <ele>119.40000152587890625</ele>
        <time>2026-10-04T22:05:17.000Z</time>
        <extensions>
          <ns3:TrackPointExtension>
            <ns3:hr>135</ns3:hr>
            <ns3:cad>90</ns3:cad>
          </ns3:TrackPointExtension>
        </extensions>
      </trkpt>
      <trkpt lat="45.794728137552738189697265625" lon="126.6473277099430561065673828125">
        <ele>119.40000152587890625</ele>
        <time>2026-10-04T22:05:18.000Z</time>
        <extensions>
          <ns3:TrackPointExtension>
            <ns3:hr>135</ns3:hr>
            <ns3:cad>91</ns3:cad>
          </ns3:TrackPointExtension>
        </extensions>
      </trkpt>
      <trkpt lat="45.7947157323360443115234375" lon="126.64728420786559581756591796875">
        <ele>119.40000152587890625</ele>
        <time>2026-10-04T22:05:19.000Z</time>
        <extensions>
          <ns3:TrackPointExtension>
            <ns3:hr>135</ns3:hr>
            <ns3:cad>91</ns3:cad>
          </ns3:TrackPointExtension>
        </extensions>
      </trkpt>
      <trkpt lat="45.79469972290098667144775390625" lon="126.64725269190967082977294921875">
        <ele>119.40000152587890625</ele>
        <time>2026-10-04T22:05:20.000Z</time>
        <extensions>
          <ns3:TrackPointExtension>
            <ns3:hr>135</ns3:hr>
            <ns3:cad>92</ns3:cad>
          </ns3:TrackPointExtension>
        </extensions>
      </trkpt>
      <trkpt lat="45.79469368793070316314697265625" lon="126.64720273576676845550537109375">
        <ele>119.40000152587890625</ele>
        <time>2026-10-04T22:05:21.000Z</time>
        <extensions>
          <ns3:TrackPointExtension>
            <ns3:hr>135</ns3:hr>
            <ns3:cad>92</ns3:cad>
          </ns3:TrackPointExtension>
        </extensions>
      </trkpt>
      <trkpt lat="45.794682539999485015869140625" lon="126.647172309458255767822265625">
        <ele>119.40000152587890625</ele>
        <time>2026-10-04T22:05:22.000Z</time>
        <extensions>
          <ns3:TrackPointExtension>
            <ns3:hr>135</ns3:hr>
            <ns3:cad>92</ns3:cad>
          </ns3:TrackPointExtension>
        </extensions>
      </trkpt>
      <trkpt lat="45.794676840305328369140625" lon="126.647130064666271209716796875">
        <ele>119.40000152587890625</ele>
        <time>2026-10-04T22:05:23.000Z</time>
        <extensions>
          <ns3:TrackPointExtension>
            <ns3:hr>135</ns3:hr>
            <ns3:cad>91</ns3:cad>
          </ns3:TrackPointExtension>
        </extensions>
      </trkpt>
      <trkpt lat="45.794669799506664276123046875" lon="126.64710533805191516876220703125">
        <ele>119.40000152587890625</ele>
        <time>2026-10-04T22:05:24.000Z</time>
        <extensions>
          <ns3:TrackPointExtension>
            <ns3:hr>135</ns3:hr>
            <ns3:cad>91</ns3:cad>
          </ns3:TrackPointExtension>
        </extensions>
      </trkpt>
      <trkpt lat="45.7946599088609218597412109375" lon="126.64706669747829437255859375">
        <ele>119.40000152587890625</ele>
        <time>2026-10-04T22:05:25.000Z</time>
        <extensions>
          <ns3:TrackPointExtension>
            <ns3:hr>135</ns3:hr>
            <ns3:cad>90</ns3:cad>
          </ns3:TrackPointExtension>
        </extensions>
      </trkpt>
      <trkpt lat="45.79464775510132312774658203125" lon="126.64703459478914737701416015625">
        <ele>119.40000152587890625</ele>
        <time>2026-10-04T22:05:26.000Z</time>
        <extensions>
          <ns3:TrackPointExtension>
            <ns3:hr>135</ns3:hr>
            <ns3:cad>90</ns3:cad>
          </ns3:TrackPointExtension>
        </extensions>
      </trkpt>
      <trkpt lat="45.7946312427520751953125" lon="126.64699285291135311126708984375">
        <ele>119.40000152587890625</ele>
        <time>2026-10-04T22:05:27.000Z</time>
        <extensions>
          <ns3:TrackPointExtension>
            <ns3:hr>135</ns3:hr>
            <ns3:cad>90</ns3:cad>
          </ns3:TrackPointExtension>
        </extensions>
      </trkpt>
      <trkpt lat="45.794613473117351531982421875" lon="126.64696653373539447784423828125">
        <ele>119.40000152587890625</ele>
        <time>2026-10-04T22:05:28.000Z</time>
        <extensions>
          <ns3:TrackPointExtension>
            <ns3:hr>135</ns3:hr>
            <ns3:cad>90</ns3:cad>
          </ns3:TrackPointExtension>
        </extensions>
      </trkpt>
      <trkpt lat="45.7946045882999897003173828125" lon="126.64691649377346038818359375">
        <ele>119.40000152587890625</ele>
        <time>2026-10-04T22:05:29.000Z</time>
        <extensions>
          <ns3:TrackPointExtension>
            <ns3:hr>135</ns3:hr>
            <ns3:cad>89</ns3:cad>
          </ns3:TrackPointExtension>
        </extensions>
      </trkpt>
      <trkpt lat="45.7945898361504077911376953125" lon="126.64688170887529850006103515625">
        <ele>119.40000152587890625</ele>
        <time>2026-10-04T22:05:30.000Z</time>
        <extensions>
          <ns3:TrackPointExtension>
            <ns3:hr>135</ns3:hr>
            <ns3:cad>89</ns3:cad>
          </ns3:TrackPointExtension>
        </extensions>
      </trkpt>
      <trkpt lat="45.794577263295650482177734375" lon="126.64682856760919094085693359375">
        <ele>119.59999847412109375</ele>
        <time>2026-10-04T22:05:31.000Z</time>
        <extensions>
          <ns3:TrackPointExtension>
            <ns3:hr>135</ns3:hr>
            <ns3:cad>90</ns3:cad>
          </ns3:TrackPointExtension>
        </extensions>
      </trkpt>
      <trkpt lat="45.79455974511802196502685546875" lon="126.64679554291069507598876953125">
        <ele>119.59999847412109375</ele>
        <time>2026-10-04T22:05:32.000Z</time>
        <extensions>
          <ns3:TrackPointExtension>
            <ns3:hr>136</ns3:hr>
            <ns3:cad>90</ns3:cad>
          </ns3:TrackPointExtension>
        </extensions>
      </trkpt>
      <trkpt lat="45.79454717226326465606689453125" lon="126.6467517055571079254150390625">
        <ele>119.59999847412109375</ele>
        <time>2026-10-04T22:05:33.000Z</time>
        <extensions>
          <ns3:TrackPointExtension>
            <ns3:hr>135</ns3:hr>
            <ns3:cad>90</ns3:cad>
          </ns3:TrackPointExtension>
        </extensions>
      </trkpt>
      <trkpt lat="45.7945311628282070159912109375" lon="126.6467208601534366607666015625">
        <ele>119.59999847412109375</ele>
        <time>2026-10-04T22:05:34.000Z</time>
        <extensions>
          <ns3:TrackPointExtension>
            <ns3:hr>135</ns3:hr>
            <ns3:cad>91</ns3:cad>
          </ns3:TrackPointExtension>
        </extensions>
      </trkpt>
      <trkpt lat="45.7945204339921474456787109375" lon="126.64668171666562557220458984375">
        <ele>119.59999847412109375</ele>
        <time>2026-10-04T22:05:35.000Z</time>
        <extensions>
          <ns3:TrackPointExtension>
            <ns3:hr>136</ns3:hr>
            <ns3:cad>92</ns3:cad>
          </ns3:TrackPointExtension>
        </extensions>
      </trkpt>
      <trkpt lat="45.794502831995487213134765625" lon="126.64665254764258861541748046875">
        <ele>119.59999847412109375</ele>
        <time>2026-10-04T22:05:36.000Z</time>
        <extensions>
          <ns3:TrackPointExtension>
            <ns3:hr>136</ns3:hr>
            <ns3:cad>92</ns3:cad>
          </ns3:TrackPointExtension>
        </extensions>
      </trkpt>
      <trkpt lat="45.794496797025203704833984375" lon="126.64661382324993610382080078125">
        <ele>119.59999847412109375</ele>
        <time>2026-10-04T22:05:37.000Z</time>
        <extensions>
          <ns3:TrackPointExtension>
            <ns3:hr>135</ns3:hr>
            <ns3:cad>92</ns3:cad>
          </ns3:TrackPointExtension>
        </extensions>
      </trkpt>
      <trkpt lat="45.7944791950285434722900390625" lon="126.64658121764659881591796875">
        <ele>119.8000030517578125</ele>
        <time>2026-10-04T22:05:38.000Z</time>
        <extensions>
          <ns3:TrackPointExtension>
            <ns3:hr>136</ns3:hr>
            <ns3:cad>92</ns3:cad>
          </ns3:TrackPointExtension>
        </extensions>
      </trkpt>
      <trkpt lat="45.79447424970567226409912109375" lon="126.6465431638062000274658203125">
        <ele>119.8000030517578125</ele>
        <time>2026-10-04T22:05:39.000Z</time>
        <extensions>
          <ns3:TrackPointExtension>
            <ns3:hr>136</ns3:hr>
            <ns3:cad>92</ns3:cad>
          </ns3:TrackPointExtension>
        </extensions>
      </trkpt>
      <trkpt lat="45.79446452669799327850341796875" lon="126.64649932645261287689208984375">
        <ele>119.8000030517578125</ele>
        <time>2026-10-04T22:05:40.000Z</time>
        <extensions>
          <ns3:TrackPointExtension>
            <ns3:hr>136</ns3:hr>
            <ns3:cad>92</ns3:cad>
          </ns3:TrackPointExtension>
        </extensions>
      </trkpt>
      <trkpt lat="45.79445932991802692413330078125" lon="126.64646185934543609619140625">
        <ele>119.8000030517578125</ele>
        <time>2026-10-04T22:05:41.000Z</time>
        <extensions>
          <ns3:TrackPointExtension>
            <ns3:hr>136</ns3:hr>
            <ns3:cad>92</ns3:cad>
          </ns3:TrackPointExtension>
        </extensions>
      </trkpt>
      <trkpt lat="45.794453211128711700439453125" lon="126.64641869254410266876220703125">
        <ele>119.8000030517578125</ele>
        <time>2026-10-04T22:05:42.000Z</time>
        <extensions>
          <ns3:TrackPointExtension>
            <ns3:hr>136</ns3:hr>
            <ns3:cad>92</ns3:cad>
          </ns3:TrackPointExtension>
        </extensions>
      </trkpt>
      <trkpt lat="45.79444424249231815338134765625" lon="126.64638918824493885040283203125">
        <ele>119.8000030517578125</ele>
        <time>2026-10-04T22:05:43.000Z</time>
        <extensions>
          <ns3:TrackPointExtension>
            <ns3:hr>136</ns3:hr>
            <ns3:cad>92</ns3:cad>
          </ns3:TrackPointExtension>
        </extensions>
      </trkpt>
      <trkpt lat="45.794431753456592559814453125" lon="126.64634576998651027679443359375">
        <ele>120</ele>
        <time>2026-10-04T22:05:44.000Z</time>
        <extensions>
          <ns3:TrackPointExtension>
            <ns3:hr>136</ns3:hr>
            <ns3:cad>92</ns3:cad>
          </ns3:TrackPointExtension>
        </extensions>
      </trkpt>
      <trkpt lat="45.79441624693572521209716796875" lon="126.646316349506378173828125">
        <ele>120</ele>
        <time>2026-10-04T22:05:45.000Z</time>
        <extensions>
          <ns3:TrackPointExtension>
            <ns3:hr>136</ns3:hr>
            <ns3:cad>92</ns3:cad>
          </ns3:TrackPointExtension>
        </extensions>
      </trkpt>
      <trkpt lat="45.79439722001552581787109375" lon="126.64627569727599620819091796875">
        <ele>120</ele>
        <time>2026-10-04T22:05:46.000Z</time>
        <extensions>
          <ns3:TrackPointExtension>
            <ns3:hr>136</ns3:hr>
            <ns3:cad>92</ns3:cad>
          </ns3:TrackPointExtension>
        </extensions>
      </trkpt>
      <trkpt lat="45.794379450380802154541015625" lon="126.64624518714845180511474609375">
        <ele>120</ele>
        <time>2026-10-04T22:05:47.000Z</time>
        <extensions>
          <ns3:TrackPointExtension>
            <ns3:hr>137</ns3:hr>
            <ns3:cad>92</ns3:cad>
          </ns3:TrackPointExtension>
        </extensions>
      </trkpt>
      <trkpt lat="45.79436679370701313018798828125" lon="126.64619875140488147735595703125">
        <ele>120</ele>
        <time>2026-10-04T22:05:48.000Z</time>
        <extensions>
          <ns3:TrackPointExtension>
            <ns3:hr>137</ns3:hr>
            <ns3:cad>91</ns3:cad>
          </ns3:TrackPointExtension>
        </extensions>
      </trkpt>
      <trkpt lat="45.794355981051921844482421875" lon="126.6461602784693241119384765625">
        <ele>120</ele>
        <time>2026-10-04T22:05:49.000Z</time>
        <extensions>
          <ns3:TrackPointExtension>
            <ns3:hr>138</ns3:hr>
            <ns3:cad>92</ns3:cad>
          </ns3:TrackPointExtension>
        </extensions>
      </trkpt>
      <trkpt lat="45.79434617422521114349365234375" lon="126.6461136750876903533935546875">
        <ele>120</ele>
        <time>2026-10-04T22:05:50.000Z</time>
        <extensions>
          <ns3:TrackPointExtension>
            <ns3:hr>138</ns3:hr>
            <ns3:cad>92</ns3:cad>
          </ns3:TrackPointExtension>
        </extensions>
      </trkpt>
      <trkpt lat="45.7943306677043437957763671875" lon="126.646077632904052734375">
        <ele>120</ele>
        <time>2026-10-04T22:05:51.000Z</time>
        <extensions>
          <ns3:TrackPointExtension>
            <ns3:hr>139</ns3:hr>
            <ns3:cad>92</ns3:cad>
          </ns3:TrackPointExtension>
        </extensions>
      </trkpt>
      <trkpt lat="45.79431801103055477142333984375" lon="126.646029017865657806396484375">
        <ele>120.1999969482421875</ele>
        <time>2026-10-04T22:05:52.000Z</time>
        <extensions>
          <ns3:TrackPointExtension>
            <ns3:hr>139</ns3:hr>
            <ns3:cad>92</ns3:cad>
          </ns3:TrackPointExtension>
        </extensions>
      </trkpt>
      <trkpt lat="45.7943035103380680084228515625" lon="126.6459956578910350799560546875">
        <ele>120.1999969482421875</ele>
        <time>2026-10-04T22:05:53.000Z</time>
        <extensions>
          <ns3:TrackPointExtension>
            <ns3:hr>139</ns3:hr>
            <ns3:cad>92</ns3:cad>
          </ns3:TrackPointExtension>
        </extensions>
      </trkpt>
      <trkpt lat="45.79429219476878643035888671875" lon="126.64595282636582851409912109375">
        <ele>120.1999969482421875</ele>
        <time>2026-10-04T22:05:54.000Z</time>
        <extensions>
          <ns3:TrackPointExtension>
            <ns3:hr>140</ns3:hr>
            <ns3:cad>92</ns3:cad>
          </ns3:TrackPointExtension>
        </extensions>
      </trkpt>
      <trkpt lat="45.7942758500576019287109375" lon="126.64592097513377666473388671875">
        <ele>120.1999969482421875</ele>
        <time>2026-10-04T22:05:55.000Z</time>
        <extensions>
          <ns3:TrackPointExtension>
            <ns3:hr>140</ns3:hr>
            <ns3:cad>92</ns3:cad>
          </ns3:TrackPointExtension>
        </extensions>
      </trkpt>
      <trkpt lat="45.79426051117479801177978515625" lon="126.6458712704479694366455078125">
        <ele>120.1999969482421875</ele>
        <time>2026-10-04T22:05:56.000Z</time>
        <extensions>
          <ns3:TrackPointExtension>
            <ns3:hr>140</ns3:hr>
            <ns3:cad>92</ns3:cad>
          </ns3:TrackPointExtension>
        </extensions>
      </trkpt>
      <trkpt lat="45.7942498661577701568603515625" lon="126.64583824574947357177734375">
        <ele>120.1999969482421875</ele>
        <time>2026-10-04T22:05:57.000Z</time>
        <extensions>
          <ns3:TrackPointExtension>
            <ns3:hr>140</ns3:hr>
            <ns3:cad>92</ns3:cad>
          </ns3:TrackPointExtension>
        </extensions>
      </trkpt>
      <trkpt lat="45.794237293303012847900390625" lon="126.64579725824296474456787109375">
        <ele>120.1999969482421875</ele>
        <time>2026-10-04T22:05:58.000Z</time>
        <extensions>
          <ns3:TrackPointExtension>
            <ns3:hr>139</ns3:hr>
            <ns3:cad>92</ns3:cad>
          </ns3:TrackPointExtension>
        </extensions>
      </trkpt>
      <trkpt lat="45.79422849230468273162841796875" lon="126.6457683406770229339599609375">
        <ele>120.1999969482421875</ele>
        <time>2026-10-04T22:05:59.000Z</time>
        <extensions>
          <ns3:TrackPointExtension>
            <ns3:hr>140</ns3:hr>
            <ns3:cad>91</ns3:cad>
          </ns3:TrackPointExtension>
        </extensions>
      </trkpt>
      <trkpt lat="45.7942235469818115234375" lon="126.64572827517986297607421875">
        <ele>120.1999969482421875</ele>
        <time>2026-10-04T22:06:00.000Z</time>
        <extensions>
          <ns3:TrackPointExtension>
            <ns3:hr>140</ns3:hr>
            <ns3:cad>91</ns3:cad>
          </ns3:TrackPointExtension>
        </extensions>
      </trkpt>
      <trkpt lat="45.79420468769967555999755859375" lon="126.645697765052318572998046875">
        <ele>120.1999969482421875</ele>
        <time>2026-10-04T22:06:01.000Z</time>
        <extensions>
          <ns3:TrackPointExtension>
            <ns3:hr>140</ns3:hr>
            <ns3:cad>92</ns3:cad>
          </ns3:TrackPointExtension>
        </extensions>
      </trkpt>
      <trkpt lat="45.7941918633878231048583984375" lon="126.645654849708080291748046875">
        <ele>120.1999969482421875</ele>
        <time>2026-10-04T22:06:02.000Z</time>
        <extensions>
          <ns3:TrackPointExtension>
            <ns3:hr>140</ns3:hr>
            <ns3:cad>92</ns3:cad>
          </ns3:TrackPointExtension>
        </extensions>
      </trkpt>
      <trkpt lat="45.7941766083240509033203125" lon="126.64562366902828216552734375">
        <ele>120.1999969482421875</ele>
        <time>2026-10-04T22:06:03.000Z</time>
        <extensions>
          <ns3:TrackPointExtension>
            <ns3:hr>140</ns3:hr>
            <ns3:cad>92</ns3:cad>
          </ns3:TrackPointExtension>
        </extensions>
      </trkpt>
      <trkpt lat="45.79417166300117969512939453125" lon="126.64558620192110538482666015625">
        <ele>120.1999969482421875</ele>
        <time>2026-10-04T22:06:04.000Z</time>
        <extensions>
          <ns3:TrackPointExtension>
            <ns3:hr>140</ns3:hr>
            <ns3:cad>92</ns3:cad>
          </ns3:TrackPointExtension>
        </extensions>
      </trkpt>
      <trkpt lat="45.79416093416512012481689453125" lon="126.64554446004331111907958984375">
        <ele>120.40000152587890625</ele>
        <time>2026-10-04T22:06:05.000Z</time>
        <extensions>
          <ns3:TrackPointExtension>
            <ns3:hr>140</ns3:hr>
            <ns3:cad>92</ns3:cad>
          </ns3:TrackPointExtension>
        </extensions>
      </trkpt>
      <trkpt lat="45.7941516302525997161865234375" lon="126.6455105133354663848876953125">
        <ele>120.40000152587890625</ele>
        <time>2026-10-04T22:06:06.000Z</time>
        <extensions>
          <ns3:TrackPointExtension>
            <ns3:hr>139</ns3:hr>
            <ns3:cad>92</ns3:cad>
          </ns3:TrackPointExtension>
        </extensions>
      </trkpt>
      <trkpt lat="45.79413981176912784576416015625" lon="126.6454702802002429962158203125">
        <ele>120.40000152587890625</ele>
        <time>2026-10-04T22:06:07.000Z</time>
        <extensions>
          <ns3:TrackPointExtension>
            <ns3:hr>138</ns3:hr>
            <ns3:cad>92</ns3:cad>
          </ns3:TrackPointExtension>
        </extensions>
      </trkpt>
      <trkpt lat="45.79412790946662425994873046875" lon="126.645437590777873992919921875">
        <ele>120.40000152587890625</ele>
        <time>2026-10-04T22:06:08.000Z</time>
        <extensions>
          <ns3:TrackPointExtension>
            <ns3:hr>137</ns3:hr>
            <ns3:cad>92</ns3:cad>
          </ns3:TrackPointExtension>
        </extensions>
      </trkpt>
      <trkpt lat="45.79411198385059833526611328125" lon="126.64539844729006290435791015625">
        <ele>120.40000152587890625</ele>
        <time>2026-10-04T22:06:09.000Z</time>
        <extensions>
          <ns3:TrackPointExtension>
            <ns3:hr>137</ns3:hr>
            <ns3:cad>92</ns3:cad>
          </ns3:TrackPointExtension>
        </extensions>
      </trkpt>
      <trkpt lat="45.79410376958549022674560546875" lon="126.6453639976680278778076171875">
        <ele>120.40000152587890625</ele>
        <time>2026-10-04T22:06:10.000Z</time>
        <extensions>
          <ns3:TrackPointExtension>
            <ns3:hr>137</ns3:hr>
            <ns3:cad>92</ns3:cad>
          </ns3:TrackPointExtension>
        </extensions>
      </trkpt>
      <trkpt lat="45.7940939627587795257568359375" lon="126.64531923830509185791015625">
        <ele>120.40000152587890625</ele>
        <time>2026-10-04T22:06:11.000Z</time>
        <extensions>
          <ns3:TrackPointExtension>
            <ns3:hr>136</ns3:hr>
            <ns3:cad>92</ns3:cad>
          </ns3:TrackPointExtension>
        </extensions>
      </trkpt>
      <trkpt lat="45.79407979734241962432861328125" lon="126.64529099129140377044677734375">
        <ele>120.40000152587890625</ele>
        <time>2026-10-04T22:06:12.000Z</time>
        <extensions>
          <ns3:TrackPointExtension>
            <ns3:hr>135</ns3:hr>
            <ns3:cad>92</ns3:cad>
          </ns3:TrackPointExtension>
        </extensions>
      </trkpt>
      <trkpt lat="45.79406839795410633087158203125" lon="126.64524371735751628875732421875">
        <ele>120.40000152587890625</ele>
        <time>2026-10-04T22:06:13.000Z</time>
        <extensions>
          <ns3:TrackPointExtension>
            <ns3:hr>135</ns3:hr>
            <ns3:cad>92</ns3:cad>
          </ns3:TrackPointExtension>
        </extensions>
      </trkpt>
      <trkpt lat="45.79405657947063446044921875" lon="126.64521203376352787017822265625">
        <ele>120.40000152587890625</ele>
        <time>2026-10-04T22:06:14.000Z</time>
        <extensions>
          <ns3:TrackPointExtension>
            <ns3:hr>134</ns3:hr>
            <ns3:cad>92</ns3:cad>
          </ns3:TrackPointExtension>
        </extensions>
      </trkpt>
      <trkpt lat="45.79404652118682861328125" lon="126.6451668553054332733154296875">
        <ele>120.40000152587890625</ele>
        <time>2026-10-04T22:06:15.000Z</time>
        <extensions>
          <ns3:TrackPointExtension>
            <ns3:hr>133</ns3:hr>
            <ns3:cad>92</ns3:cad>
          </ns3:TrackPointExtension>
        </extensions>
      </trkpt>
      <trkpt lat="45.79402816481888294219970703125" lon="126.6451376862823963165283203125">
        <ele>120.40000152587890625</ele>
        <time>2026-10-04T22:06:16.000Z</time>
        <extensions>
          <ns3:TrackPointExtension>
            <ns3:hr>133</ns3:hr>
            <ns3:cad>92</ns3:cad>
          </ns3:TrackPointExtension>
        </extensions>
      </trkpt>
      <trkpt lat="45.7940181903541088104248046875" lon="126.64508915506303310394287109375">
        <ele>120.59999847412109375</ele>
        <time>2026-10-04T22:06:17.000Z</time>
        <extensions>
          <ns3:TrackPointExtension>
            <ns3:hr>133</ns3:hr>
            <ns3:cad>91</ns3:cad>
          </ns3:TrackPointExtension>
        </extensions>
      </trkpt>
      <trkpt lat="45.7940020971000194549560546875" lon="126.64505680091679096221923828125">
        <ele>120.59999847412109375</ele>
        <time>2026-10-04T22:06:18.000Z</time>
        <extensions>
          <ns3:TrackPointExtension>
            <ns3:hr>133</ns3:hr>
            <ns3:cad>91</ns3:cad>
          </ns3:TrackPointExtension>
        </extensions>
      </trkpt>
      <trkpt lat="45.79398977570235729217529296875" lon="126.6450079344213008880615234375">
        <ele>120.59999847412109375</ele>
        <time>2026-10-04T22:06:19.000Z</time>
        <extensions>
          <ns3:TrackPointExtension>
            <ns3:hr>133</ns3:hr>
            <ns3:cad>92</ns3:cad>
          </ns3:TrackPointExtension>
        </extensions>
      </trkpt>
      <trkpt lat="45.79397602938115596771240234375" lon="126.64497499354183673858642578125">
        <ele>120.59999847412109375</ele>
        <time>2026-10-04T22:06:20.000Z</time>
        <extensions>
          <ns3:TrackPointExtension>
            <ns3:hr>134</ns3:hr>
            <ns3:cad>92</ns3:cad>
          </ns3:TrackPointExtension>
        </extensions>
      </trkpt>
      <trkpt lat="45.793966390192508697509765625" lon="126.6449314914643764495849609375">
        <ele>120.59999847412109375</ele>
        <time>2026-10-04T22:06:21.000Z</time>
        <extensions>
          <ns3:TrackPointExtension>
            <ns3:hr>134</ns3:hr>
            <ns3:cad>92</ns3:cad>
          </ns3:TrackPointExtension>
        </extensions>
      </trkpt>
      <trkpt lat="45.79395390115678310394287109375" lon="126.64489855058491230010986328125">
        <ele>120.59999847412109375</ele>
        <time>2026-10-04T22:06:22.000Z</time>
        <extensions>
          <ns3:TrackPointExtension>
            <ns3:hr>134</ns3:hr>
            <ns3:cad>92</ns3:cad>
          </ns3:TrackPointExtension>
        </extensions>
      </trkpt>
      <trkpt lat="45.7939447648823261260986328125" lon="126.644853539764881134033203125">
        <ele>120.59999847412109375</ele>
        <time>2026-10-04T22:06:23.000Z</time>
        <extensions>
          <ns3:TrackPointExtension>
            <ns3:hr>135</ns3:hr>
            <ns3:cad>92</ns3:cad>
          </ns3:TrackPointExtension>
        </extensions>
      </trkpt>
      <trkpt lat="45.79393160529434680938720703125" lon="126.64481959305703639984130859375">
        <ele>120.59999847412109375</ele>
        <time>2026-10-04T22:06:24.000Z</time>
        <extensions>
          <ns3:TrackPointExtension>
            <ns3:hr>135</ns3:hr>
            <ns3:cad>92</ns3:cad>
          </ns3:TrackPointExtension>
        </extensions>
      </trkpt>
      <trkpt lat="45.79391953535377979278564453125" lon="126.6447775997221469879150390625">
        <ele>120.59999847412109375</ele>
        <time>2026-10-04T22:06:25.000Z</time>
        <extensions>
          <ns3:TrackPointExtension>
            <ns3:hr>135</ns3:hr>
            <ns3:cad>92</ns3:cad>
          </ns3:TrackPointExtension>
        </extensions>
      </trkpt>
      <trkpt lat="45.793904364109039306640625" lon="126.64473879151046276092529296875">
        <ele>120.59999847412109375</ele>
        <time>2026-10-04T22:06:26.000Z</time>
        <extensions>
          <ns3:TrackPointExtension>
            <ns3:hr>136</ns3:hr>
            <ns3:cad>92</ns3:cad>
          </ns3:TrackPointExtension>
        </extensions>
      </trkpt>
      <trkpt lat="45.7938954792916774749755859375" lon="126.64469872601330280303955078125">
        <ele>120.59999847412109375</ele>
        <time>2026-10-04T22:06:27.000Z</time>
        <extensions>
          <ns3:TrackPointExtension>
            <ns3:hr>137</ns3:hr>
            <ns3:cad>92</ns3:cad>
          </ns3:TrackPointExtension>
        </extensions>
      </trkpt>
      <trkpt lat="45.793880559504032135009765625" lon="126.64466033689677715301513671875">
        <ele>120.8000030517578125</ele>
        <time>2026-10-04T22:06:28.000Z</time>
        <extensions>
          <ns3:TrackPointExtension>
            <ns3:hr>137</ns3:hr>
            <ns3:cad>92</ns3:cad>
          </ns3:TrackPointExtension>
        </extensions>
      </trkpt>
      <trkpt lat="45.79387075267732143402099609375" lon="126.6446210257709026336669921875">
        <ele>120.8000030517578125</ele>
        <time>2026-10-04T22:06:29.000Z</time>
        <extensions>
          <ns3:TrackPointExtension>
            <ns3:hr>137</ns3:hr>
            <ns3:cad>92</ns3:cad>
          </ns3:TrackPointExtension>
        </extensions>
      </trkpt>
      <trkpt lat="45.793857760727405548095703125" lon="126.6445823013782501220703125">
        <ele>120.8000030517578125</ele>
        <time>2026-10-04T22:06:30.000Z</time>
        <extensions>
          <ns3:TrackPointExtension>
            <ns3:hr>138</ns3:hr>
            <ns3:cad>92</ns3:cad>
          </ns3:TrackPointExtension>
        </extensions>
      </trkpt>
      <trkpt lat="45.79384711571037769317626953125" lon="126.6445449180901050567626953125">
        <ele>120.8000030517578125</ele>
        <time>2026-10-04T22:06:31.000Z</time>
        <extensions>
          <ns3:TrackPointExtension>
            <ns3:hr>137</ns3:hr>
            <ns3:cad>92</ns3:cad>
          </ns3:TrackPointExtension>
        </extensions>
      </trkpt>
      <trkpt lat="45.7938337884843349456787109375" lon="126.64450711570680141448974609375">
        <ele>120.8000030517578125</ele>
        <time>2026-10-04T22:06:32.000Z</time>
        <extensions>
          <ns3:TrackPointExtension>
            <ns3:hr>137</ns3:hr>
            <ns3:cad>92</ns3:cad>
          </ns3:TrackPointExtension>
        </extensions>
      </trkpt>
      <trkpt lat="45.79382582567632198333740234375" lon="126.6444681398570537567138671875">
        <ele>121</ele>
        <time>2026-10-04T22:06:33.000Z</time>
        <extensions>
          <ns3:TrackPointExtension>
            <ns3:hr>138</ns3:hr>
            <ns3:cad>92</ns3:cad>
          </ns3:TrackPointExtension>
        </extensions>
      </trkpt>
      <trkpt lat="45.793818533420562744140625" lon="126.64442933164536952972412109375">
        <ele>121</ele>
        <time>2026-10-04T22:06:34.000Z</time>
        <extensions>
          <ns3:TrackPointExtension>
            <ns3:hr>138</ns3:hr>
            <ns3:cad>91</ns3:cad>
          </ns3:TrackPointExtension>
        </extensions>
      </trkpt>
      <trkpt lat="45.79380637966096401214599609375" lon="126.64439882151782512664794921875">
        <ele>121</ele>
        <time>2026-10-04T22:06:35.000Z</time>
        <extensions>
          <ns3:TrackPointExtension>
            <ns3:hr>139</ns3:hr>
            <ns3:cad>92</ns3:cad>
          </ns3:TrackPointExtension>
        </extensions>
      </trkpt>
      <trkpt lat="45.79378978349268436431884765625" lon="126.644360683858394622802734375">
        <ele>121.1999969482421875</ele>
        <time>2026-10-04T22:06:36.000Z</time>
        <extensions>
          <ns3:TrackPointExtension>
            <ns3:hr>139</ns3:hr>
            <ns3:cad>91</ns3:cad>
          </ns3:TrackPointExtension>
        </extensions>
      </trkpt>
      <trkpt lat="45.79377637244760990142822265625" lon="126.6443263180553913116455078125">
        <ele>121.1999969482421875</ele>
        <time>2026-10-04T22:06:37.000Z</time>
        <extensions>
          <ns3:TrackPointExtension>
            <ns3:hr>140</ns3:hr>
            <ns3:cad>91</ns3:cad>
          </ns3:TrackPointExtension>
        </extensions>
      </trkpt>
      <trkpt lat="45.793759860098361968994140625" lon="126.6442847438156604766845703125">
        <ele>121.1999969482421875</ele>
        <time>2026-10-04T22:06:38.000Z</time>
        <extensions>
          <ns3:TrackPointExtension>
            <ns3:hr>140</ns3:hr>
            <ns3:cad>91</ns3:cad>
          </ns3:TrackPointExtension>
        </extensions>
      </trkpt>
      <trkpt lat="45.79374619759619235992431640625" lon="126.644254736602306365966796875">
        <ele>121.1999969482421875</ele>
        <time>2026-10-04T22:06:39.000Z</time>
        <extensions>
          <ns3:TrackPointExtension>
            <ns3:hr>140</ns3:hr>
            <ns3:cad>92</ns3:cad>
          </ns3:TrackPointExtension>
        </extensions>
      </trkpt>
      <trkpt lat="45.79373337328433990478515625" lon="126.644213162362575531005859375">
        <ele>121.1999969482421875</ele>
        <time>2026-10-04T22:06:40.000Z</time>
        <extensions>
          <ns3:TrackPointExtension>
            <ns3:hr>140</ns3:hr>
            <ns3:cad>92</ns3:cad>
          </ns3:TrackPointExtension>
        </extensions>
      </trkpt>
      <trkpt lat="45.79371535219252109527587890625" lon="126.64418273605406284332275390625">
        <ele>121.40000152587890625</ele>
        <time>2026-10-04T22:06:41.000Z</time>
        <extensions>
          <ns3:TrackPointExtension>
            <ns3:hr>140</ns3:hr>
            <ns3:cad>92</ns3:cad>
          </ns3:TrackPointExtension>
        </extensions>
      </trkpt>
      <trkpt lat="45.793701522052288055419921875" lon="126.64413772523403167724609375">
        <ele>121.40000152587890625</ele>
        <time>2026-10-04T22:06:42.000Z</time>
        <extensions>
          <ns3:TrackPointExtension>
            <ns3:hr>141</ns3:hr>
            <ns3:cad>91</ns3:cad>
          </ns3:TrackPointExtension>
        </extensions>
      </trkpt>
      <trkpt lat="45.7936849258840084075927734375" lon="126.6441047005355358123779296875">
        <ele>121.59999847412109375</ele>
        <time>2026-10-04T22:06:43.000Z</time>
        <extensions>
          <ns3:TrackPointExtension>
            <ns3:hr>141</ns3:hr>
            <ns3:cad>92</ns3:cad>
          </ns3:TrackPointExtension>
        </extensions>
      </trkpt>
      <trkpt lat="45.79367168247699737548828125" lon="126.64406396448612213134765625">
        <ele>121.59999847412109375</ele>
        <time>2026-10-04T22:06:44.000Z</time>
        <extensions>
          <ns3:TrackPointExtension>
            <ns3:hr>141</ns3:hr>
            <ns3:cad>91</ns3:cad>
          </ns3:TrackPointExtension>
        </extensions>
      </trkpt>
      <trkpt lat="45.7936611212790012359619140625" lon="126.644031107425689697265625">
        <ele>121.59999847412109375</ele>
        <time>2026-10-04T22:06:45.000Z</time>
        <extensions>
          <ns3:TrackPointExtension>
            <ns3:hr>141</ns3:hr>
            <ns3:cad>91</ns3:cad>
          </ns3:TrackPointExtension>
        </extensions>
      </trkpt>
      <trkpt lat="45.793651901185512542724609375" lon="126.64399179629981517791748046875">
        <ele>121.59999847412109375</ele>
        <time>2026-10-04T22:06:46.000Z</time>
        <extensions>
          <ns3:TrackPointExtension>
            <ns3:hr>142</ns3:hr>
            <ns3:cad>91</ns3:cad>
          </ns3:TrackPointExtension>
        </extensions>
      </trkpt>
      <trkpt lat="45.79363438300788402557373046875" lon="126.64396204054355621337890625">
        <ele>121.59999847412109375</ele>
        <time>2026-10-04T22:06:47.000Z</time>
        <extensions>
          <ns3:TrackPointExtension>
            <ns3:hr>142</ns3:hr>
            <ns3:cad>91</ns3:cad>
          </ns3:TrackPointExtension>
        </extensions>
      </trkpt>
      <trkpt lat="45.79362348653376102447509765625" lon="126.6439216397702693939208984375">
        <ele>121.40000152587890625</ele>
        <time>2026-10-04T22:06:48.000Z</time>
        <extensions>
          <ns3:TrackPointExtension>
            <ns3:hr>142</ns3:hr>
            <ns3:cad>91</ns3:cad>
          </ns3:TrackPointExtension>
        </extensions>
      </trkpt>
      <trkpt lat="45.7936081476509571075439453125" lon="126.6438881121575832366943359375">
        <ele>121.40000152587890625</ele>
        <time>2026-10-04T22:06:49.000Z</time>
        <extensions>
          <ns3:TrackPointExtension>
            <ns3:hr>141</ns3:hr>
            <ns3:cad>91</ns3:cad>
          </ns3:TrackPointExtension>
        </extensions>
      </trkpt>
      <trkpt lat="45.7936011068522930145263671875" lon="126.64385114796459674835205078125">
        <ele>121.59999847412109375</ele>
        <time>2026-10-04T22:06:50.000Z</time>
        <extensions>
          <ns3:TrackPointExtension>
            <ns3:hr>142</ns3:hr>
            <ns3:cad>94</ns3:cad>
          </ns3:TrackPointExtension>
        </extensions>
      </trkpt>
      <trkpt lat="45.7935866899788379669189453125" lon="126.6438098251819610595703125">
        <ele>121.59999847412109375</ele>
        <time>2026-10-04T22:06:51.000Z</time>
        <extensions>
          <ns3:TrackPointExtension>
            <ns3:hr>142</ns3:hr>
            <ns3:cad>94</ns3:cad>
          </ns3:TrackPointExtension>
        </extensions>
      </trkpt>
      <trkpt lat="45.79357721842825412750244140625" lon="126.64377805776894092559814453125">
        <ele>121.59999847412109375</ele>
        <time>2026-10-04T22:06:52.000Z</time>
        <extensions>
          <ns3:TrackPointExtension>
            <ns3:hr>142</ns3:hr>
            <ns3:cad>93</ns3:cad>
          </ns3:TrackPointExtension>
        </extensions>
      </trkpt>
      <trkpt lat="45.793568082153797149658203125" lon="126.64373531006276607513427734375">
        <ele>121.59999847412109375</ele>
        <time>2026-10-04T22:06:53.000Z</time>
        <extensions>
          <ns3:TrackPointExtension>
            <ns3:hr>142</ns3:hr>
            <ns3:cad>92</ns3:cad>
          </ns3:TrackPointExtension>
        </extensions>
      </trkpt>
      <trkpt lat="45.79355693422257900238037109375" lon="126.64370111189782619476318359375">
        <ele>121.59999847412109375</ele>
        <time>2026-10-04T22:06:54.000Z</time>
        <extensions>
          <ns3:TrackPointExtension>
            <ns3:hr>142</ns3:hr>
            <ns3:cad>93</ns3:cad>
          </ns3:TrackPointExtension>
        </extensions>
      </trkpt>
      <trkpt lat="45.7935431040823459625244140625" lon="126.64365031756460666656494140625">
        <ele>121.59999847412109375</ele>
        <time>2026-10-04T22:06:55.000Z</time>
        <extensions>
          <ns3:TrackPointExtension>
            <ns3:hr>142</ns3:hr>
            <ns3:cad>92</ns3:cad>
          </ns3:TrackPointExtension>
        </extensions>
      </trkpt>
      <trkpt lat="45.7935270108282566070556640625" lon="126.64362031035125255584716796875">
        <ele>121.59999847412109375</ele>
        <time>2026-10-04T22:06:56.000Z</time>
        <extensions>
          <ns3:TrackPointExtension>
            <ns3:hr>142</ns3:hr>
            <ns3:cad>92</ns3:cad>
          </ns3:TrackPointExtension>
        </extensions>
      </trkpt>
      <trkpt lat="45.7935102470219135284423828125" lon="126.6435706056654453277587890625">
        <ele>121.59999847412109375</ele>
        <time>2026-10-04T22:06:57.000Z</time>
        <extensions>
          <ns3:TrackPointExtension>
            <ns3:hr>141</ns3:hr>
            <ns3:cad>92</ns3:cad>
          </ns3:TrackPointExtension>
        </extensions>
      </trkpt>
      <trkpt lat="45.7934944890439510345458984375" lon="126.64354227483272552490234375">
        <ele>121.59999847412109375</ele>
        <time>2026-10-04T22:06:58.000Z</time>
        <extensions>
          <ns3:TrackPointExtension>
            <ns3:hr>141</ns3:hr>
            <ns3:cad>93</ns3:cad>
          </ns3:TrackPointExtension>
        </extensions>
      </trkpt>
      <trkpt lat="45.7934765517711639404296875" lon="126.64349541999399662017822265625">
        <ele>121.59999847412109375</ele>
        <time>2026-10-04T22:06:59.000Z</time>
        <extensions>
          <ns3:TrackPointExtension>
            <ns3:hr>141</ns3:hr>
            <ns3:cad>93</ns3:cad>
          </ns3:TrackPointExtension>
        </extensions>
      </trkpt>
      <trkpt lat="45.793459117412567138671875" lon="126.643464155495166778564453125">
        <ele>121.59999847412109375</ele>
        <time>2026-10-04T22:07:00.000Z</time>
        <extensions>
          <ns3:TrackPointExtension>
            <ns3:hr>142</ns3:hr>
            <ns3:cad>93</ns3:cad>
          </ns3:TrackPointExtension>
        </extensions>
      </trkpt>
      <trkpt lat="45.79345040023326873779296875" lon="126.64341528899967670440673828125">
        <ele>121.59999847412109375</ele>
        <time>2026-10-04T22:07:01.000Z</time>
        <extensions>
          <ns3:TrackPointExtension>
            <ns3:hr>142</ns3:hr>
            <ns3:cad>93</ns3:cad>
          </ns3:TrackPointExtension>
        </extensions>
      </trkpt>
      <trkpt lat="45.793436653912067413330078125" lon="126.64338544942438602447509765625">
        <ele>121.59999847412109375</ele>
        <time>2026-10-04T22:07:02.000Z</time>
        <extensions>
          <ns3:TrackPointExtension>
            <ns3:hr>142</ns3:hr>
            <ns3:cad>93</ns3:cad>
          </ns3:TrackPointExtension>
        </extensions>
      </trkpt>
      <trkpt lat="45.7934270985424518585205078125" lon="126.6433402709662914276123046875">
        <ele>121.59999847412109375</ele>
        <time>2026-10-04T22:07:03.000Z</time>
        <extensions>
          <ns3:TrackPointExtension>
            <ns3:hr>142</ns3:hr>
            <ns3:cad>93</ns3:cad>
          </ns3:TrackPointExtension>
        </extensions>
      </trkpt>
      <trkpt lat="45.79340941272675991058349609375" lon="126.64330615662038326263427734375">
        <ele>121.59999847412109375</ele>
        <time>2026-10-04T22:07:04.000Z</time>
        <extensions>
          <ns3:TrackPointExtension>
            <ns3:hr>142</ns3:hr>
            <ns3:cad>93</ns3:cad>
          </ns3:TrackPointExtension>
        </extensions>
      </trkpt>
      <trkpt lat="45.793401114642620086669921875" lon="126.64326374419033527374267578125">
        <ele>121.59999847412109375</ele>
        <time>2026-10-04T22:07:05.000Z</time>
        <extensions>
          <ns3:TrackPointExtension>
            <ns3:hr>142</ns3:hr>
            <ns3:cad>93</ns3:cad>
          </ns3:TrackPointExtension>
        </extensions>
      </trkpt>
      <trkpt lat="45.79338493756949901580810546875" lon="126.64322870783507823944091796875">
        <ele>121.59999847412109375</ele>
        <time>2026-10-04T22:07:06.000Z</time>
        <extensions>
          <ns3:TrackPointExtension>
            <ns3:hr>143</ns3:hr>
            <ns3:cad>93</ns3:cad>
          </ns3:TrackPointExtension>
        </extensions>
      </trkpt>
      <trkpt lat="45.79337638802826404571533203125" lon="126.643187887966632843017578125">
        <ele>121.59999847412109375</ele>
        <time>2026-10-04T22:07:07.000Z</time>
        <extensions>
          <ns3:TrackPointExtension>
            <ns3:hr>142</ns3:hr>
            <ns3:cad>92</ns3:cad>
          </ns3:TrackPointExtension>
        </extensions>
      </trkpt>
      <trkpt lat="45.79336188733577728271484375" lon="126.643151678144931793212890625">
        <ele>121.59999847412109375</ele>
        <time>2026-10-04T22:07:08.000Z</time>
        <extensions>
          <ns3:TrackPointExtension>
            <ns3:hr>142</ns3:hr>
            <ns3:cad>92</ns3:cad>
          </ns3:TrackPointExtension>
        </extensions>
      </trkpt>
      <trkpt lat="45.79335224814713001251220703125" lon="126.64311823435127735137939453125">
        <ele>121.59999847412109375</ele>
        <time>2026-10-04T22:07:09.000Z</time>
        <extensions>
          <ns3:TrackPointExtension>
            <ns3:hr>142</ns3:hr>
            <ns3:cad>91</ns3:cad>
          </ns3:TrackPointExtension>
        </extensions>
      </trkpt>
      <trkpt lat="45.79333640635013580322265625" lon="126.6430787555873394012451171875">
        <ele>121.59999847412109375</ele>
        <time>2026-10-04T22:07:10.000Z</time>
        <extensions>
          <ns3:TrackPointExtension>
            <ns3:hr>143</ns3:hr>
            <ns3:cad>91</ns3:cad>
          </ns3:TrackPointExtension>
        </extensions>
      </trkpt>
      <trkpt lat="45.7933271862566471099853515625" lon="126.64304614998400211334228515625">
        <ele>121.8000030517578125</ele>
        <time>2026-10-04T22:07:11.000Z</time>
        <extensions>
          <ns3:TrackPointExtension>
            <ns3:hr>143</ns3:hr>
            <ns3:cad>92</ns3:cad>
          </ns3:TrackPointExtension>
        </extensions>
      </trkpt>
      <trkpt lat="45.7933147810399532318115234375" lon="126.643006168305873870849609375">
        <ele>121.8000030517578125</ele>
        <time>2026-10-04T22:07:12.000Z</time>
        <extensions>
          <ns3:TrackPointExtension>
            <ns3:hr>143</ns3:hr>
            <ns3:cad>92</ns3:cad>
          </ns3:TrackPointExtension>
        </extensions>
      </trkpt>
      <trkpt lat="45.7932993583381175994873046875" lon="126.6429761610925197601318359375">
        <ele>121.8000030517578125</ele>
        <time>2026-10-04T22:07:13.000Z</time>
        <extensions>
          <ns3:TrackPointExtension>
            <ns3:hr>143</ns3:hr>
            <ns3:cad>92</ns3:cad>
          </ns3:TrackPointExtension>
        </extensions>
      </trkpt>
      <trkpt lat="45.79328737221658229827880859375" lon="126.64293383248150348663330078125">
        <ele>121.8000030517578125</ele>
        <time>2026-10-04T22:07:14.000Z</time>
        <extensions>
          <ns3:TrackPointExtension>
            <ns3:hr>142</ns3:hr>
            <ns3:cad>92</ns3:cad>
          </ns3:TrackPointExtension>
        </extensions>
      </trkpt>
      <trkpt lat="45.793270356953144073486328125" lon="126.642906256020069122314453125">
        <ele>121.8000030517578125</ele>
        <time>2026-10-04T22:07:15.000Z</time>
        <extensions>
          <ns3:TrackPointExtension>
            <ns3:hr>143</ns3:hr>
            <ns3:cad>92</ns3:cad>
          </ns3:TrackPointExtension>
        </extensions>
      </trkpt>
      <trkpt lat="45.79325652681291103363037109375" lon="126.64285697042942047119140625">
        <ele>122</ele>
        <time>2026-10-04T22:07:16.000Z</time>
        <extensions>
          <ns3:TrackPointExtension>
            <ns3:hr>143</ns3:hr>
            <ns3:cad>92</ns3:cad>
          </ns3:TrackPointExtension>
        </extensions>
      </trkpt>
      <trkpt lat="45.7932405173778533935546875" lon="126.64282553829252719879150390625">
        <ele>122</ele>
        <time>2026-10-04T22:07:17.000Z</time>
        <extensions>
          <ns3:TrackPointExtension>
            <ns3:hr>142</ns3:hr>
            <ns3:cad>92</ns3:cad>
          </ns3:TrackPointExtension>
        </extensions>
      </trkpt>
      <trkpt lat="45.7932289503514766693115234375" lon="126.6427771747112274169921875">
        <ele>122</ele>
        <time>2026-10-04T22:07:18.000Z</time>
        <extensions>
          <ns3:TrackPointExtension>
            <ns3:hr>143</ns3:hr>
            <ns3:cad>92</ns3:cad>
          </ns3:TrackPointExtension>
        </extensions>
      </trkpt>
      <trkpt lat="45.79321034252643585205078125" lon="126.642747335135936737060546875">
        <ele>122</ele>
        <time>2026-10-04T22:07:19.000Z</time>
        <extensions>
          <ns3:TrackPointExtension>
            <ns3:hr>143</ns3:hr>
            <ns3:cad>92</ns3:cad>
          </ns3:TrackPointExtension>
        </extensions>
      </trkpt>
      <trkpt lat="45.79319668002426624298095703125" lon="126.6427045874297618865966796875">
        <ele>122.1999969482421875</ele>
        <time>2026-10-04T22:07:20.000Z</time>
        <extensions>
          <ns3:TrackPointExtension>
            <ns3:hr>143</ns3:hr>
            <ns3:cad>92</ns3:cad>
          </ns3:TrackPointExtension>
        </extensions>
      </trkpt>
      <trkpt lat="45.7931826822459697723388671875" lon="126.6426700539886951446533203125">
        <ele>122.1999969482421875</ele>
        <time>2026-10-04T22:07:21.000Z</time>
        <extensions>
          <ns3:TrackPointExtension>
            <ns3:hr>142</ns3:hr>
            <ns3:cad>92</ns3:cad>
          </ns3:TrackPointExtension>
        </extensions>
      </trkpt>
      <trkpt lat="45.793177150189876556396484375" lon="126.6426294855773448944091796875">
        <ele>122</ele>
        <time>2026-10-04T22:07:22.000Z</time>
        <extensions>
          <ns3:TrackPointExtension>
            <ns3:hr>143</ns3:hr>
            <ns3:cad>92</ns3:cad>
          </ns3:TrackPointExtension>
        </extensions>
      </trkpt>
      <trkpt lat="45.7931578718125820159912109375" lon="126.64259855635464191436767578125">
        <ele>122</ele>
        <time>2026-10-04T22:07:23.000Z</time>
        <extensions>
          <ns3:TrackPointExtension>
            <ns3:hr>143</ns3:hr>
            <ns3:cad>92</ns3:cad>
          </ns3:TrackPointExtension>
        </extensions>
      </trkpt>
      <trkpt lat="45.79314957372844219207763671875" lon="126.64255396462976932525634765625">
        <ele>122</ele>
        <time>2026-10-04T22:07:24.000Z</time>
        <extensions>
          <ns3:TrackPointExtension>
            <ns3:hr>142</ns3:hr>
            <ns3:cad>91</ns3:cad>
          </ns3:TrackPointExtension>
        </extensions>
      </trkpt>
      <trkpt lat="45.79313381575047969818115234375" lon="126.64252127520740032196044921875">
        <ele>121.8000030517578125</ele>
        <time>2026-10-04T22:07:25.000Z</time>
        <extensions>
          <ns3:TrackPointExtension>
            <ns3:hr>142</ns3:hr>
            <ns3:cad>91</ns3:cad>
          </ns3:TrackPointExtension>
        </extensions>
      </trkpt>
      <trkpt lat="45.7931216619908809661865234375" lon="126.6424759291112422943115234375">
        <ele>121.8000030517578125</ele>
        <time>2026-10-04T22:07:26.000Z</time>
        <extensions>
          <ns3:TrackPointExtension>
            <ns3:hr>142</ns3:hr>
            <ns3:cad>91</ns3:cad>
          </ns3:TrackPointExtension>
        </extensions>
      </trkpt>
      <trkpt lat="45.79310498200356960296630859375" lon="126.642444916069507598876953125">
        <ele>121.8000030517578125</ele>
        <time>2026-10-04T22:07:27.000Z</time>
        <extensions>
          <ns3:TrackPointExtension>
            <ns3:hr>142</ns3:hr>
            <ns3:cad>91</ns3:cad>
          </ns3:TrackPointExtension>
        </extensions>
      </trkpt>
      <trkpt lat="45.7930965162813663482666015625" lon="126.64240493439137935638427734375">
        <ele>122</ele>
        <time>2026-10-04T22:07:28.000Z</time>
        <extensions>
          <ns3:TrackPointExtension>
            <ns3:hr>143</ns3:hr>
            <ns3:cad>92</ns3:cad>
          </ns3:TrackPointExtension>
        </extensions>
      </trkpt>
      <trkpt lat="45.79307598061859607696533203125" lon="126.64237107150256633758544921875">
        <ele>122</ele>
        <time>2026-10-04T22:07:29.000Z</time>
        <extensions>
          <ns3:TrackPointExtension>
            <ns3:hr>142</ns3:hr>
            <ns3:cad>92</ns3:cad>
          </ns3:TrackPointExtension>
        </extensions>
      </trkpt>
      <trkpt lat="45.79306324012577533721923828125" lon="126.6423381306231021881103515625">
        <ele>122.1999969482421875</ele>
        <time>2026-10-04T22:07:30.000Z</time>
        <extensions>
          <ns3:TrackPointExtension>
            <ns3:hr>142</ns3:hr>
            <ns3:cad>93</ns3:cad>
          </ns3:TrackPointExtension>
        </extensions>
      </trkpt>
      <trkpt lat="45.79304899089038372039794921875" lon="126.642300747334957122802734375">
        <ele>122.1999969482421875</ele>
        <time>2026-10-04T22:07:31.000Z</time>
        <extensions>
          <ns3:TrackPointExtension>
            <ns3:hr>143</ns3:hr>
            <ns3:cad>93</ns3:cad>
          </ns3:TrackPointExtension>
        </extensions>
      </trkpt>
      <trkpt lat="45.793039016425609588623046875" lon="126.642262525856494903564453125">
        <ele>122.1999969482421875</ele>
        <time>2026-10-04T22:07:32.000Z</time>
        <extensions>
          <ns3:TrackPointExtension>
            <ns3:hr>142</ns3:hr>
            <ns3:cad>93</ns3:cad>
          </ns3:TrackPointExtension>
        </extensions>
      </trkpt>
      <trkpt lat="45.793024264276027679443359375" lon="126.64222287945449352264404296875">
        <ele>122.1999969482421875</ele>
        <time>2026-10-04T22:07:33.000Z</time>
        <extensions>
          <ns3:TrackPointExtension>
            <ns3:hr>143</ns3:hr>
            <ns3:cad>92</ns3:cad>
          </ns3:TrackPointExtension>
        </extensions>
      </trkpt>
      <trkpt lat="45.793013870716094970703125" lon="126.642188765108585357666015625">
        <ele>122.40000152587890625</ele>
        <time>2026-10-04T22:07:34.000Z</time>
        <extensions>
          <ns3:TrackPointExtension>
            <ns3:hr>143</ns3:hr>
            <ns3:cad>92</ns3:cad>
          </ns3:TrackPointExtension>
        </extensions>
      </trkpt>
      <trkpt lat="45.7929982803761959075927734375" lon="126.6421517170965671539306640625">
        <ele>122.40000152587890625</ele>
        <time>2026-10-04T22:07:35.000Z</time>
        <extensions>
          <ns3:TrackPointExtension>
            <ns3:hr>143</ns3:hr>
            <ns3:cad>92</ns3:cad>
          </ns3:TrackPointExtension>
        </extensions>
      </trkpt>
      <trkpt lat="45.79298746772110462188720703125" lon="126.642124392092227935791015625">
        <ele>122.40000152587890625</ele>
        <time>2026-10-04T22:07:36.000Z</time>
        <extensions>
          <ns3:TrackPointExtension>
            <ns3:hr>143</ns3:hr>
            <ns3:cad>92</ns3:cad>
          </ns3:TrackPointExtension>
        </extensions>
      </trkpt>
      <trkpt lat="45.7929722964763641357421875" lon="126.64208047091960906982421875">
        <ele>122.40000152587890625</ele>
        <time>2026-10-04T22:07:37.000Z</time>
        <extensions>
          <ns3:TrackPointExtension>
            <ns3:hr>143</ns3:hr>
            <ns3:cad>92</ns3:cad>
          </ns3:TrackPointExtension>
        </extensions>
      </trkpt>
      <trkpt lat="45.79296165145933628082275390625" lon="126.642050631344318389892578125">
        <ele>122.40000152587890625</ele>
        <time>2026-10-04T22:07:38.000Z</time>
        <extensions>
          <ns3:TrackPointExtension>
            <ns3:hr>143</ns3:hr>
            <ns3:cad>92</ns3:cad>
          </ns3:TrackPointExtension>
        </extensions>
      </trkpt>
      <trkpt lat="45.792947821319103240966796875" lon="126.6420041956007480621337890625">
        <ele>122.40000152587890625</ele>
        <time>2026-10-04T22:07:39.000Z</time>
        <extensions>
          <ns3:TrackPointExtension>
            <ns3:hr>143</ns3:hr>
            <ns3:cad>92</ns3:cad>
          </ns3:TrackPointExtension>
        </extensions>
      </trkpt>
      <trkpt lat="45.7929293811321258544921875" lon="126.64197175763547420501708984375">
        <ele>122.40000152587890625</ele>
        <time>2026-10-04T22:07:40.000Z</time>
        <extensions>
          <ns3:TrackPointExtension>
            <ns3:hr>143</ns3:hr>
            <ns3:cad>92</ns3:cad>
          </ns3:TrackPointExtension>
        </extensions>
      </trkpt>
      <trkpt lat="45.79291773028671741485595703125" lon="126.6419250704348087310791015625">
        <ele>122.59999847412109375</ele>
        <time>2026-10-04T22:07:41.000Z</time>
        <extensions>
          <ns3:TrackPointExtension>
            <ns3:hr>143</ns3:hr>
            <ns3:cad>92</ns3:cad>
          </ns3:TrackPointExtension>
        </extensions>
      </trkpt>
      <trkpt lat="45.79290096648037433624267578125" lon="126.64189280010759830474853515625">
        <ele>122.59999847412109375</ele>
        <time>2026-10-04T22:07:42.000Z</time>
        <extensions>
          <ns3:TrackPointExtension>
            <ns3:hr>143</ns3:hr>
            <ns3:cad>92</ns3:cad>
          </ns3:TrackPointExtension>
        </extensions>
      </trkpt>
      <trkpt lat="45.792892165482044219970703125" lon="126.6418509744107723236083984375">
        <ele>122.59999847412109375</ele>
        <time>2026-10-04T22:07:43.000Z</time>
        <extensions>
          <ns3:TrackPointExtension>
            <ns3:hr>143</ns3:hr>
            <ns3:cad>92</ns3:cad>
          </ns3:TrackPointExtension>
        </extensions>
      </trkpt>
      <trkpt lat="45.79287632368505001068115234375" lon="126.6418191231787204742431640625">
        <ele>122.59999847412109375</ele>
        <time>2026-10-04T22:07:44.000Z</time>
        <extensions>
          <ns3:TrackPointExtension>
            <ns3:hr>142</ns3:hr>
            <ns3:cad>92</ns3:cad>
          </ns3:TrackPointExtension>
        </extensions>
      </trkpt>
      <trkpt lat="45.79286324791610240936279296875" lon="126.64177461527287960052490234375">
        <ele>122.40000152587890625</ele>
        <time>2026-10-04T22:07:45.000Z</time>
        <extensions>
          <ns3:TrackPointExtension>
            <ns3:hr>143</ns3:hr>
            <ns3:cad>92</ns3:cad>
          </ns3:TrackPointExtension>
        </extensions>
      </trkpt>
      <trkpt lat="45.7928489148616790771484375" lon="126.64174611680209636688232421875">
        <ele>122.40000152587890625</ele>
        <time>2026-10-04T22:07:46.000Z</time>
        <extensions>
          <ns3:TrackPointExtension>
            <ns3:hr>143</ns3:hr>
            <ns3:cad>92</ns3:cad>
          </ns3:TrackPointExtension>
        </extensions>
      </trkpt>
      <trkpt lat="45.7928346656262874603271484375" lon="126.64170756004750728607177734375">
        <ele>122.40000152587890625</ele>
        <time>2026-10-04T22:07:47.000Z</time>
        <extensions>
          <ns3:TrackPointExtension>
            <ns3:hr>142</ns3:hr>
            <ns3:cad>92</ns3:cad>
          </ns3:TrackPointExtension>
        </extensions>
      </trkpt>
      <trkpt lat="45.79281412996351718902587890625" lon="126.6416840068995952606201171875">
        <ele>122.40000152587890625</ele>
        <time>2026-10-04T22:07:48.000Z</time>
        <extensions>
          <ns3:TrackPointExtension>
            <ns3:hr>142</ns3:hr>
            <ns3:cad>92</ns3:cad>
          </ns3:TrackPointExtension>
        </extensions>
      </trkpt>
      <trkpt lat="45.79280138947069644927978515625" lon="126.6416387446224689483642578125">
        <ele>122.40000152587890625</ele>
        <time>2026-10-04T22:07:49.000Z</time>
        <extensions>
          <ns3:TrackPointExtension>
            <ns3:hr>142</ns3:hr>
            <ns3:cad>92</ns3:cad>
          </ns3:TrackPointExtension>
        </extensions>
      </trkpt>
      <trkpt lat="45.7927883975207805633544921875" lon="126.6416099108755588531494140625">
        <ele>122.59999847412109375</ele>
        <time>2026-10-04T22:07:50.000Z</time>
        <extensions>
          <ns3:TrackPointExtension>
            <ns3:hr>142</ns3:hr>
            <ns3:cad>92</ns3:cad>
          </ns3:TrackPointExtension>
        </extensions>
      </trkpt>
      <trkpt lat="45.792777836322784423828125" lon="126.641570515930652618408203125">
        <ele>122.59999847412109375</ele>
        <time>2026-10-04T22:07:51.000Z</time>
        <extensions>
          <ns3:TrackPointExtension>
            <ns3:hr>142</ns3:hr>
            <ns3:cad>92</ns3:cad>
          </ns3:TrackPointExtension>
        </extensions>
      </trkpt>
      <trkpt lat="45.79275378026068210601806640625" lon="126.64154461584985256195068359375">
        <ele>122.40000152587890625</ele>
        <time>2026-10-04T22:07:52.000Z</time>
        <extensions>
          <ns3:TrackPointExtension>
            <ns3:hr>141</ns3:hr>
            <ns3:cad>91</ns3:cad>
          </ns3:TrackPointExtension>
        </extensions>
      </trkpt>
      <trkpt lat="45.79274405725300312042236328125" lon="126.64150823839008808135986328125">
        <ele>122.59999847412109375</ele>
        <time>2026-10-04T22:07:53.000Z</time>
        <extensions>
          <ns3:TrackPointExtension>
            <ns3:hr>141</ns3:hr>
            <ns3:cad>91</ns3:cad>
          </ns3:TrackPointExtension>
        </extensions>
      </trkpt>
      <trkpt lat="45.7927324064075946807861328125" lon="126.641471274197101593017578125">
        <ele>122.40000152587890625</ele>
        <time>2026-10-04T22:07:54.000Z</time>
        <extensions>
          <ns3:TrackPointExtension>
            <ns3:hr>141</ns3:hr>
            <ns3:cad>91</ns3:cad>
          </ns3:TrackPointExtension>
        </extensions>
      </trkpt>
      <trkpt lat="45.79272192902863025665283203125" lon="126.641438417136669158935546875">
        <ele>122.40000152587890625</ele>
        <time>2026-10-04T22:07:55.000Z</time>
        <extensions>
          <ns3:TrackPointExtension>
            <ns3:hr>141</ns3:hr>
            <ns3:cad>92</ns3:cad>
          </ns3:TrackPointExtension>
        </extensions>
      </trkpt>
      <trkpt lat="45.79270684160292148590087890625" lon="126.6413993574678897857666015625">
        <ele>122.40000152587890625</ele>
        <time>2026-10-04T22:07:56.000Z</time>
        <extensions>
          <ns3:TrackPointExtension>
            <ns3:hr>141</ns3:hr>
            <ns3:cad>92</ns3:cad>
          </ns3:TrackPointExtension>
        </extensions>
      </trkpt>
      <trkpt lat="45.7926933467388153076171875" lon="126.64136423729360103607177734375">
        <ele>122.40000152587890625</ele>
        <time>2026-10-04T22:07:57.000Z</time>
        <extensions>
          <ns3:TrackPointExtension>
            <ns3:hr>141</ns3:hr>
            <ns3:cad>92</ns3:cad>
          </ns3:TrackPointExtension>
        </extensions>
      </trkpt>
      <trkpt lat="45.792676918208599090576171875" lon="126.6413249261677265167236328125">
        <ele>122.40000152587890625</ele>
        <time>2026-10-04T22:07:58.000Z</time>
        <extensions>
          <ns3:TrackPointExtension>
            <ns3:hr>141</ns3:hr>
            <ns3:cad>92</ns3:cad>
          </ns3:TrackPointExtension>
        </extensions>
      </trkpt>
      <trkpt lat="45.79266409389674663543701171875" lon="126.64129449985921382904052734375">
        <ele>122.40000152587890625</ele>
        <time>2026-10-04T22:07:59.000Z</time>
        <extensions>
          <ns3:TrackPointExtension>
            <ns3:hr>141</ns3:hr>
            <ns3:cad>92</ns3:cad>
          </ns3:TrackPointExtension>
        </extensions>
      </trkpt>
      <trkpt lat="45.7926505990326404571533203125" lon="126.64125300943851470947265625">
        <ele>122.40000152587890625</ele>
        <time>2026-10-04T22:08:00.000Z</time>
        <extensions>
          <ns3:TrackPointExtension>
            <ns3:hr>140</ns3:hr>
            <ns3:cad>92</ns3:cad>
          </ns3:TrackPointExtension>
        </extensions>
      </trkpt>
      <trkpt lat="45.7926408760249614715576171875" lon="126.64122308604419231414794921875">
        <ele>122.40000152587890625</ele>
        <time>2026-10-04T22:08:01.000Z</time>
        <extensions>
          <ns3:TrackPointExtension>
            <ns3:hr>140</ns3:hr>
            <ns3:cad>91</ns3:cad>
          </ns3:TrackPointExtension>
        </extensions>
      </trkpt>
      <trkpt lat="45.7926274649798870086669921875" lon="126.6411831043660640716552734375">
        <ele>122.40000152587890625</ele>
        <time>2026-10-04T22:08:02.000Z</time>
        <extensions>
          <ns3:TrackPointExtension>
            <ns3:hr>140</ns3:hr>
            <ns3:cad>91</ns3:cad>
          </ns3:TrackPointExtension>
        </extensions>
      </trkpt>
      <trkpt lat="45.792616568505764007568359375" lon="126.6411522589623928070068359375">
        <ele>122.1999969482421875</ele>
        <time>2026-10-04T22:08:03.000Z</time>
        <extensions>
          <ns3:TrackPointExtension>
            <ns3:hr>140</ns3:hr>
            <ns3:cad>91</ns3:cad>
          </ns3:TrackPointExtension>
        </extensions>
      </trkpt>
      <trkpt lat="45.7926026545464992523193359375" lon="126.641112864017486572265625">
        <ele>122.1999969482421875</ele>
        <time>2026-10-04T22:08:04.000Z</time>
        <extensions>
          <ns3:TrackPointExtension>
            <ns3:hr>140</ns3:hr>
            <ns3:cad>90</ns3:cad>
          </ns3:TrackPointExtension>
        </extensions>
      </trkpt>
      <trkpt lat="45.7925848849117755889892578125" lon="126.64108629338443279266357421875">
        <ele>122.1999969482421875</ele>
        <time>2026-10-04T22:08:05.000Z</time>
        <extensions>
          <ns3:TrackPointExtension>
            <ns3:hr>140</ns3:hr>
            <ns3:cad>90</ns3:cad>
          </ns3:TrackPointExtension>
        </extensions>
      </trkpt>
      <trkpt lat="45.792568959295749664306640625" lon="126.64104555733501911163330078125">
        <ele>122.1999969482421875</ele>
        <time>2026-10-04T22:08:06.000Z</time>
        <extensions>
          <ns3:TrackPointExtension>
            <ns3:hr>140</ns3:hr>
            <ns3:cad>90</ns3:cad>
          </ns3:TrackPointExtension>
        </extensions>
      </trkpt>
      <trkpt lat="45.79255227930843830108642578125" lon="126.64101873524487018585205078125">
        <ele>122.1999969482421875</ele>
        <time>2026-10-04T22:08:07.000Z</time>
        <extensions>
          <ns3:TrackPointExtension>
            <ns3:hr>140</ns3:hr>
            <ns3:cad>90</ns3:cad>
          </ns3:TrackPointExtension>
        </extensions>
      </trkpt>
      <trkpt lat="45.79253870062530040740966796875" lon="126.6409800946712493896484375">
        <ele>122.1999969482421875</ele>
        <time>2026-10-04T22:08:08.000Z</time>
        <extensions>
          <ns3:TrackPointExtension>
            <ns3:hr>140</ns3:hr>
            <ns3:cad>90</ns3:cad>
          </ns3:TrackPointExtension>
        </extensions>
      </trkpt>
      <trkpt lat="45.7925248704850673675537109375" lon="126.64094698615372180938720703125">
        <ele>122.1999969482421875</ele>
        <time>2026-10-04T22:08:09.000Z</time>
        <extensions>
          <ns3:TrackPointExtension>
            <ns3:hr>140</ns3:hr>
            <ns3:cad>90</ns3:cad>
          </ns3:TrackPointExtension>
        </extensions>
      </trkpt>
      <trkpt lat="45.79250986687839031219482421875" lon="126.64090960286557674407958984375">
        <ele>122.1999969482421875</ele>
        <time>2026-10-04T22:08:10.000Z</time>
        <extensions>
          <ns3:TrackPointExtension>
            <ns3:hr>140</ns3:hr>
            <ns3:cad>90</ns3:cad>
          </ns3:TrackPointExtension>
        </extensions>
      </trkpt>
      <trkpt lat="45.79249612055718898773193359375" lon="126.64087657816708087921142578125">
        <ele>122.1999969482421875</ele>
        <time>2026-10-04T22:08:11.000Z</time>
        <extensions>
          <ns3:TrackPointExtension>
            <ns3:hr>140</ns3:hr>
            <ns3:cad>90</ns3:cad>
          </ns3:TrackPointExtension>
        </extensions>
      </trkpt>
      <trkpt lat="45.79248614609241485595703125" lon="126.640838943421840667724609375">
        <ele>122</ele>
        <time>2026-10-04T22:08:12.000Z</time>
        <extensions>
          <ns3:TrackPointExtension>
            <ns3:hr>140</ns3:hr>
            <ns3:cad>91</ns3:cad>
          </ns3:TrackPointExtension>
        </extensions>
      </trkpt>
      <trkpt lat="45.7924745790660381317138671875" lon="126.64080902002751827239990234375">
        <ele>122</ele>
        <time>2026-10-04T22:08:13.000Z</time>
        <extensions>
          <ns3:TrackPointExtension>
            <ns3:hr>140</ns3:hr>
            <ns3:cad>92</ns3:cad>
          </ns3:TrackPointExtension>
        </extensions>
      </trkpt>
      <trkpt lat="45.7924640178680419921875" lon="126.6407770849764347076416015625">
        <ele>121.8000030517578125</ele>
        <time>2026-10-04T22:08:14.000Z</time>
        <extensions>
          <ns3:TrackPointExtension>
            <ns3:hr>140</ns3:hr>
            <ns3:cad>92</ns3:cad>
          </ns3:TrackPointExtension>
        </extensions>
      </trkpt>
      <trkpt lat="45.7924537919461727142333984375" lon="126.640748418867588043212890625">
        <ele>121.8000030517578125</ele>
        <time>2026-10-04T22:08:15.000Z</time>
        <extensions>
          <ns3:TrackPointExtension>
            <ns3:hr>140</ns3:hr>
            <ns3:cad>92</ns3:cad>
          </ns3:TrackPointExtension>
        </extensions>
      </trkpt>
      <trkpt lat="45.7924447394907474517822265625" lon="126.6407130472362041473388671875">
        <ele>121.59999847412109375</ele>
        <time>2026-10-04T22:08:16.000Z</time>
        <extensions>
          <ns3:TrackPointExtension>
            <ns3:hr>139</ns3:hr>
            <ns3:cad>91</ns3:cad>
          </ns3:TrackPointExtension>
        </extensions>
      </trkpt>
      <trkpt lat="45.7924313284456729888916015625" lon="126.6406805254518985748291015625">
        <ele>121.59999847412109375</ele>
        <time>2026-10-04T22:08:17.000Z</time>
        <extensions>
          <ns3:TrackPointExtension>
            <ns3:hr>139</ns3:hr>
            <ns3:cad>90</ns3:cad>
          </ns3:TrackPointExtension>
        </extensions>
      </trkpt>
      <trkpt lat="45.7924197614192962646484375" lon="126.6406446509063243865966796875">
        <ele>121.40000152587890625</ele>
        <time>2026-10-04T22:08:18.000Z</time>
        <extensions>
          <ns3:TrackPointExtension>
            <ns3:hr>139</ns3:hr>
            <ns3:cad>90</ns3:cad>
          </ns3:TrackPointExtension>
        </extensions>
      </trkpt>
      <trkpt lat="45.7924078591167926788330078125" lon="126.6406144760549068450927734375">
        <ele>121.40000152587890625</ele>
        <time>2026-10-04T22:08:19.000Z</time>
        <extensions>
          <ns3:TrackPointExtension>
            <ns3:hr>138</ns3:hr>
            <ns3:cad>89</ns3:cad>
          </ns3:TrackPointExtension>
        </extensions>
      </trkpt>
      <trkpt lat="45.7923929393291473388671875" lon="126.64058069698512554168701171875">
        <ele>121.40000152587890625</ele>
        <time>2026-10-04T22:08:20.000Z</time>
        <extensions>
          <ns3:TrackPointExtension>
            <ns3:hr>139</ns3:hr>
            <ns3:cad>89</ns3:cad>
          </ns3:TrackPointExtension>
        </extensions>
      </trkpt>
      <trkpt lat="45.79237877391278743743896484375" lon="126.6405477561056613922119140625">
        <ele>121.40000152587890625</ele>
        <time>2026-10-04T22:08:21.000Z</time>
        <extensions>
          <ns3:TrackPointExtension>
            <ns3:hr>138</ns3:hr>
            <ns3:cad>90</ns3:cad>
          </ns3:TrackPointExtension>
        </extensions>
      </trkpt>
      <trkpt lat="45.7923585735261440277099609375" lon="126.64052269421517848968505859375">
        <ele>121.40000152587890625</ele>
        <time>2026-10-04T22:08:22.000Z</time>
        <extensions>
          <ns3:TrackPointExtension>
            <ns3:hr>138</ns3:hr>
            <ns3:cad>90</ns3:cad>
          </ns3:TrackPointExtension>
        </extensions>
      </trkpt>
      <trkpt lat="45.79234407283365726470947265625" lon="126.640496291220188140869140625">
        <ele>121.1999969482421875</ele>
        <time>2026-10-04T22:08:23.000Z</time>
        <extensions>
          <ns3:TrackPointExtension>
            <ns3:hr>138</ns3:hr>
            <ns3:cad>90</ns3:cad>
          </ns3:TrackPointExtension>
        </extensions>
      </trkpt>
      <trkpt lat="45.79233250580728054046630859375" lon="126.64045295678079128265380859375">
        <ele>121.1999969482421875</ele>
        <time>2026-10-04T22:08:24.000Z</time>
        <extensions>
          <ns3:TrackPointExtension>
            <ns3:hr>138</ns3:hr>
            <ns3:cad>92</ns3:cad>
          </ns3:TrackPointExtension>
        </extensions>
      </trkpt>
      <trkpt lat="45.7923146523535251617431640625" lon="126.64042060263454914093017578125">
        <ele>121.1999969482421875</ele>
        <time>2026-10-04T22:08:25.000Z</time>
        <extensions>
          <ns3:TrackPointExtension>
            <ns3:hr>138</ns3:hr>
            <ns3:cad>92</ns3:cad>
          </ns3:TrackPointExtension>
        </extensions>
      </trkpt>
      <trkpt lat="45.792298056185245513916015625" lon="126.640376262366771697998046875">
        <ele>121.1999969482421875</ele>
        <time>2026-10-04T22:08:26.000Z</time>
        <extensions>
          <ns3:TrackPointExtension>
            <ns3:hr>138</ns3:hr>
            <ns3:cad>92</ns3:cad>
          </ns3:TrackPointExtension>
        </extensions>
      </trkpt>
      <trkpt lat="45.7922831363976001739501953125" lon="126.64034650661051273345947265625">
        <ele>121.40000152587890625</ele>
        <time>2026-10-04T22:08:27.000Z</time>
        <extensions>
          <ns3:TrackPointExtension>
            <ns3:hr>138</ns3:hr>
            <ns3:cad>92</ns3:cad>
          </ns3:TrackPointExtension>
        </extensions>
      </trkpt>
      <trkpt lat="45.79226595349609851837158203125" lon="126.6403040103614330291748046875">
        <ele>121.59999847412109375</ele>
        <time>2026-10-04T22:08:28.000Z</time>
        <extensions>
          <ns3:TrackPointExtension>
            <ns3:hr>137</ns3:hr>
            <ns3:cad>92</ns3:cad>
          </ns3:TrackPointExtension>
        </extensions>
      </trkpt>
      <trkpt lat="45.79224851913750171661376953125" lon="126.64027542807161808013916015625">
        <ele>121.59999847412109375</ele>
        <time>2026-10-04T22:08:29.000Z</time>
        <extensions>
          <ns3:TrackPointExtension>
            <ns3:hr>138</ns3:hr>
            <ns3:cad>92</ns3:cad>
          </ns3:TrackPointExtension>
        </extensions>
      </trkpt>
      <trkpt lat="45.79223267734050750732421875" lon="126.64023377001285552978515625">
        <ele>121.59999847412109375</ele>
        <time>2026-10-04T22:08:30.000Z</time>
        <extensions>
          <ns3:TrackPointExtension>
            <ns3:hr>138</ns3:hr>
            <ns3:cad>92</ns3:cad>
          </ns3:TrackPointExtension>
        </extensions>
      </trkpt>
      <trkpt lat="45.79221499152481555938720703125" lon="126.64020552299916744232177734375">
        <ele>121.8000030517578125</ele>
        <time>2026-10-04T22:08:31.000Z</time>
        <extensions>
          <ns3:TrackPointExtension>
            <ns3:hr>138</ns3:hr>
            <ns3:cad>92</ns3:cad>
          </ns3:TrackPointExtension>
        </extensions>
      </trkpt>
      <trkpt lat="45.7921973057091236114501953125" lon="126.640165708959102630615234375">
        <ele>121.8000030517578125</ele>
        <time>2026-10-04T22:08:32.000Z</time>
        <extensions>
          <ns3:TrackPointExtension>
            <ns3:hr>137</ns3:hr>
            <ns3:cad>92</ns3:cad>
          </ns3:TrackPointExtension>
        </extensions>
      </trkpt>
      <trkpt lat="45.792182050645351409912109375" lon="126.64013545028865337371826171875">
        <ele>121.8000030517578125</ele>
        <time>2026-10-04T22:08:33.000Z</time>
        <extensions>
          <ns3:TrackPointExtension>
            <ns3:hr>138</ns3:hr>
            <ns3:cad>91</ns3:cad>
          </ns3:TrackPointExtension>
        </extensions>
      </trkpt>
      <trkpt lat="45.792167298495769500732421875" lon="126.64009320549666881561279296875">
        <ele>122</ele>
        <time>2026-10-04T22:08:34.000Z</time>
        <extensions>
          <ns3:TrackPointExtension>
            <ns3:hr>139</ns3:hr>
            <ns3:cad>91</ns3:cad>
          </ns3:TrackPointExtension>
        </extensions>
      </trkpt>
      <trkpt lat="45.792150199413299560546875" lon="126.64006252773106098175048828125">
        <ele>122</ele>
        <time>2026-10-04T22:08:35.000Z</time>
        <extensions>
          <ns3:TrackPointExtension>
            <ns3:hr>139</ns3:hr>
            <ns3:cad>90</ns3:cad>
          </ns3:TrackPointExtension>
        </extensions>
      </trkpt>
      <trkpt lat="45.792133770883083343505859375" lon="126.6400230489671230316162109375">
        <ele>122</ele>
        <time>2026-10-04T22:08:36.000Z</time>
        <extensions>
          <ns3:TrackPointExtension>
            <ns3:hr>139</ns3:hr>
            <ns3:cad>90</ns3:cad>
          </ns3:TrackPointExtension>
        </extensions>
      </trkpt>
      <trkpt lat="45.79211390577256679534912109375" lon="126.6399905271828174591064453125">
        <ele>122</ele>
        <time>2026-10-04T22:08:37.000Z</time>
        <extensions>
          <ns3:TrackPointExtension>
            <ns3:hr>139</ns3:hr>
            <ns3:cad>91</ns3:cad>
          </ns3:TrackPointExtension>
        </extensions>
      </trkpt>
      <trkpt lat="45.7920997403562068939208984375" lon="126.63995658047497272491455078125">
        <ele>122</ele>
        <time>2026-10-04T22:08:38.000Z</time>
        <extensions>
          <ns3:TrackPointExtension>
            <ns3:hr>139</ns3:hr>
            <ns3:cad>91</ns3:cad>
          </ns3:TrackPointExtension>
        </extensions>
      </trkpt>
      <trkpt lat="45.79208071343600749969482421875" lon="126.63992531597614288330078125">
        <ele>122</ele>
        <time>2026-10-04T22:08:39.000Z</time>
        <extensions>
          <ns3:TrackPointExtension>
            <ns3:hr>140</ns3:hr>
            <ns3:cad>90</ns3:cad>
          </ns3:TrackPointExtension>
        </extensions>
      </trkpt>
      <trkpt lat="45.79206378199160099029541015625" lon="126.6398976556956768035888671875">
        <ele>122</ele>
        <time>2026-10-04T22:08:40.000Z</time>
        <extensions>
          <ns3:TrackPointExtension>
            <ns3:hr>140</ns3:hr>
            <ns3:cad>90</ns3:cad>
          </ns3:TrackPointExtension>
        </extensions>
      </trkpt>
      <trkpt lat="45.79204433597624301910400390625" lon="126.63986873812973499298095703125">
        <ele>122</ele>
        <time>2026-10-04T22:08:41.000Z</time>
        <extensions>
          <ns3:TrackPointExtension>
            <ns3:hr>141</ns3:hr>
            <ns3:cad>90</ns3:cad>
          </ns3:TrackPointExtension>
        </extensions>
      </trkpt>
      <trkpt lat="45.79202882945537567138671875" lon="126.63983973674476146697998046875">
        <ele>122.1999969482421875</ele>
        <time>2026-10-04T22:08:42.000Z</time>
        <extensions>
          <ns3:TrackPointExtension>
            <ns3:hr>141</ns3:hr>
            <ns3:cad>90</ns3:cad>
          </ns3:TrackPointExtension>
        </extensions>
      </trkpt>
      <trkpt lat="45.79201399348676204681396484375" lon="126.6398104839026927947998046875">
        <ele>122.1999969482421875</ele>
        <time>2026-10-04T22:08:43.000Z</time>
        <extensions>
          <ns3:TrackPointExtension>
            <ns3:hr>140</ns3:hr>
            <ns3:cad>90</ns3:cad>
          </ns3:TrackPointExtension>
        </extensions>
      </trkpt>
      <trkpt lat="45.7919988222420215606689453125" lon="126.63977955467998981475830078125">
        <ele>122.1999969482421875</ele>
        <time>2026-10-04T22:08:44.000Z</time>
        <extensions>
          <ns3:TrackPointExtension>
            <ns3:hr>140</ns3:hr>
            <ns3:cad>90</ns3:cad>
          </ns3:TrackPointExtension>
        </extensions>
      </trkpt>
      <trkpt lat="45.79198432154953479766845703125" lon="126.6397462785243988037109375">
        <ele>122.1999969482421875</ele>
        <time>2026-10-04T22:08:45.000Z</time>
        <extensions>
          <ns3:TrackPointExtension>
            <ns3:hr>140</ns3:hr>
            <ns3:cad>90</ns3:cad>
          </ns3:TrackPointExtension>
        </extensions>
      </trkpt>
      <trkpt lat="45.79197384417057037353515625" lon="126.63971451111137866973876953125">
        <ele>122.40000152587890625</ele>
        <time>2026-10-04T22:08:46.000Z</time>
        <extensions>
          <ns3:TrackPointExtension>
            <ns3:hr>140</ns3:hr>
            <ns3:cad>89</ns3:cad>
          </ns3:TrackPointExtension>
        </extensions>
      </trkpt>
      <trkpt lat="45.79197443090379238128662109375" lon="126.6396860964596271514892578125">
        <ele>122.40000152587890625</ele>
        <time>2026-10-04T22:08:47.000Z</time>
        <extensions>
          <ns3:TrackPointExtension>
            <ns3:hr>140</ns3:hr>
            <ns3:cad>89</ns3:cad>
          </ns3:TrackPointExtension>
        </extensions>
      </trkpt>
      <trkpt lat="45.79198013059794902801513671875" lon="126.63965843617916107177734375">
        <ele>122.40000152587890625</ele>
        <time>2026-10-04T22:08:48.000Z</time>
        <extensions>
          <ns3:TrackPointExtension>
            <ns3:hr>140</ns3:hr>
            <ns3:cad>91</ns3:cad>
          </ns3:TrackPointExtension>
        </extensions>
      </trkpt>
      <trkpt lat="45.7919763587415218353271484375" lon="126.63963873870670795440673828125">
        <ele>122.1999969482421875</ele>
        <time>2026-10-04T22:08:49.000Z</time>
        <extensions>
          <ns3:TrackPointExtension>
            <ns3:hr>140</ns3:hr>
            <ns3:cad>91</ns3:cad>
          </ns3:TrackPointExtension>
        </extensions>
      </trkpt>
      <trkpt lat="45.79196604900062084197998046875" lon="126.639623232185840606689453125">
        <ele>122.1999969482421875</ele>
        <time>2026-10-04T22:08:50.000Z</time>
        <extensions>
          <ns3:TrackPointExtension>
            <ns3:hr>139</ns3:hr>
            <ns3:cad>89</ns3:cad>
          </ns3:TrackPointExtension>
        </extensions>
      </trkpt>
      <trkpt lat="45.7919475249946117401123046875" lon="126.63959003984928131103515625">
        <ele>121.8000030517578125</ele>
        <time>2026-10-04T22:08:51.000Z</time>
        <extensions>
          <ns3:TrackPointExtension>
            <ns3:hr>139</ns3:hr>
            <ns3:cad>0</ns3:cad>
          </ns3:TrackPointExtension>
        </extensions>
      </trkpt>
      <trkpt lat="45.7919277437031269073486328125" lon="126.63957796990871429443359375">
        <ele>121.59999847412109375</ele>
        <time>2026-10-04T22:08:52.000Z</time>
        <extensions>
          <ns3:TrackPointExtension>
            <ns3:hr>139</ns3:hr>
            <ns3:cad>0</ns3:cad>
          </ns3:TrackPointExtension>
        </extensions>
      </trkpt>
      <trkpt lat="45.791907794773578643798828125" lon="126.639547459781169891357421875">
        <ele>121.40000152587890625</ele>
        <time>2026-10-04T22:08:53.000Z</time>
        <extensions>
          <ns3:TrackPointExtension>
            <ns3:hr>139</ns3:hr>
            <ns3:cad>0</ns3:cad>
          </ns3:TrackPointExtension>
        </extensions>
      </trkpt>
      <trkpt lat="45.791889019310474395751953125" lon="126.6395291872322559356689453125">
        <ele>121.40000152587890625</ele>
        <time>2026-10-04T22:08:54.000Z</time>
        <extensions>
          <ns3:TrackPointExtension>
            <ns3:hr>139</ns3:hr>
            <ns3:cad>83</ns3:cad>
          </ns3:TrackPointExtension>
        </extensions>
      </trkpt>
      <trkpt lat="45.7918672263622283935546875" lon="126.6394953243434429168701171875">
        <ele>121.40000152587890625</ele>
        <time>2026-10-04T22:08:55.000Z</time>
        <extensions>
          <ns3:TrackPointExtension>
            <ns3:hr>139</ns3:hr>
            <ns3:cad>83</ns3:cad>
          </ns3:TrackPointExtension>
        </extensions>
      </trkpt>
      <trkpt lat="45.7918479479849338531494140625" lon="126.639474369585514068603515625">
        <ele>121.40000152587890625</ele>
        <time>2026-10-04T22:08:56.000Z</time>
        <extensions>
          <ns3:TrackPointExtension>
            <ns3:hr>139</ns3:hr>
            <ns3:cad>89</ns3:cad>
          </ns3:TrackPointExtension>
        </extensions>
      </trkpt>
      <trkpt lat="45.79183302819728851318359375" lon="126.6394312866032123565673828125">
        <ele>121.40000152587890625</ele>
        <time>2026-10-04T22:08:57.000Z</time>
        <extensions>
          <ns3:TrackPointExtension>
            <ns3:hr>139</ns3:hr>
            <ns3:cad>89</ns3:cad>
          </ns3:TrackPointExtension>
        </extensions>
      </trkpt>
      <trkpt lat="45.79181693494319915771484375" lon="126.639404632151126861572265625">
        <ele>121.40000152587890625</ele>
        <time>2026-10-04T22:08:58.000Z</time>
        <extensions>
          <ns3:TrackPointExtension>
            <ns3:hr>138</ns3:hr>
            <ns3:cad>90</ns3:cad>
          </ns3:TrackPointExtension>
        </extensions>
      </trkpt>
      <trkpt lat="45.791805870831012725830078125" lon="126.63936012424528598785400390625">
        <ele>121.40000152587890625</ele>
        <time>2026-10-04T22:08:59.000Z</time>
        <extensions>
          <ns3:TrackPointExtension>
            <ns3:hr>138</ns3:hr>
            <ns3:cad>90</ns3:cad>
          </ns3:TrackPointExtension>
        </extensions>
      </trkpt>
      <trkpt lat="45.79178868792951107025146484375" lon="126.63933346979320049285888671875">
        <ele>121.40000152587890625</ele>
        <time>2026-10-04T22:09:00.000Z</time>
        <extensions>
          <ns3:TrackPointExtension>
            <ns3:hr>138</ns3:hr>
            <ns3:cad>90</ns3:cad>
          </ns3:TrackPointExtension>
        </extensions>
      </trkpt>
      <trkpt lat="45.79177075065672397613525390625" lon="126.6392961703240871429443359375">
        <ele>121.59999847412109375</ele>
        <time>2026-10-04T22:09:01.000Z</time>
        <extensions>
          <ns3:TrackPointExtension>
            <ns3:hr>138</ns3:hr>
            <ns3:cad>90</ns3:cad>
          </ns3:TrackPointExtension>
        </extensions>
      </trkpt>
      <trkpt lat="45.79174979589879512786865234375" lon="126.6392723657190799713134765625">
        <ele>121.59999847412109375</ele>
        <time>2026-10-04T22:09:02.000Z</time>
        <extensions>
          <ns3:TrackPointExtension>
            <ns3:hr>139</ns3:hr>
            <ns3:cad>91</ns3:cad>
          </ns3:TrackPointExtension>
        </extensions>
      </trkpt>
      <trkpt lat="45.7917292602360248565673828125" lon="126.6392385028302669525146484375">
        <ele>121.59999847412109375</ele>
        <time>2026-10-04T22:09:03.000Z</time>
        <extensions>
          <ns3:TrackPointExtension>
            <ns3:hr>138</ns3:hr>
            <ns3:cad>91</ns3:cad>
          </ns3:TrackPointExtension>
        </extensions>
      </trkpt>
      <trkpt lat="45.79170956276357173919677734375" lon="126.63921444676816463470458984375">
        <ele>121.59999847412109375</ele>
        <time>2026-10-04T22:09:04.000Z</time>
        <extensions>
          <ns3:TrackPointExtension>
            <ns3:hr>138</ns3:hr>
            <ns3:cad>91</ns3:cad>
          </ns3:TrackPointExtension>
        </extensions>
      </trkpt>
      <trkpt lat="45.791689194738864898681640625" lon="126.6391805000603199005126953125">
        <ele>121.59999847412109375</ele>
        <time>2026-10-04T22:09:05.000Z</time>
        <extensions>
          <ns3:TrackPointExtension>
            <ns3:hr>138</ns3:hr>
            <ns3:cad>92</ns3:cad>
          </ns3:TrackPointExtension>
        </extensions>
      </trkpt>
      <trkpt lat="45.79166932962834835052490234375" lon="126.6391499899327754974365234375">
        <ele>121.59999847412109375</ele>
        <time>2026-10-04T22:09:06.000Z</time>
        <extensions>
          <ns3:TrackPointExtension>
            <ns3:hr>138</ns3:hr>
            <ns3:cad>92</ns3:cad>
          </ns3:TrackPointExtension>
        </extensions>
      </trkpt>
      <trkpt lat="45.79164753668010234832763671875" lon="126.639123000204563140869140625">
        <ele>121.59999847412109375</ele>
        <time>2026-10-04T22:09:07.000Z</time>
        <extensions>
          <ns3:TrackPointExtension>
            <ns3:hr>138</ns3:hr>
            <ns3:cad>92</ns3:cad>
          </ns3:TrackPointExtension>
        </extensions>
      </trkpt>
      <trkpt lat="45.7916258275508880615234375" lon="126.63909039460122585296630859375">
        <ele>121.40000152587890625</ele>
        <time>2026-10-04T22:09:08.000Z</time>
        <extensions>
          <ns3:TrackPointExtension>
            <ns3:hr>138</ns3:hr>
            <ns3:cad>92</ns3:cad>
          </ns3:TrackPointExtension>
        </extensions>
      </trkpt>
      <trkpt lat="45.79161065630614757537841796875" lon="126.63906700909137725830078125">
        <ele>121.40000152587890625</ele>
        <time>2026-10-04T22:09:09.000Z</time>
        <extensions>
          <ns3:TrackPointExtension>
            <ns3:hr>137</ns3:hr>
            <ns3:cad>92</ns3:cad>
          </ns3:TrackPointExtension>
        </extensions>
      </trkpt>
      <trkpt lat="45.79159204848110675811767578125" lon="126.6390329785645008087158203125">
        <ele>121.40000152587890625</ele>
        <time>2026-10-04T22:09:10.000Z</time>
        <extensions>
          <ns3:TrackPointExtension>
            <ns3:hr>137</ns3:hr>
            <ns3:cad>92</ns3:cad>
          </ns3:TrackPointExtension>
        </extensions>
      </trkpt>
      <trkpt lat="45.79157914035022258758544921875" lon="126.63900691084563732147216796875">
        <ele>121.1999969482421875</ele>
        <time>2026-10-04T22:09:11.000Z</time>
        <extensions>
          <ns3:TrackPointExtension>
            <ns3:hr>137</ns3:hr>
            <ns3:cad>92</ns3:cad>
          </ns3:TrackPointExtension>
        </extensions>
      </trkpt>
      <trkpt lat="45.7915587723255157470703125" lon="126.63896935991942882537841796875">
        <ele>121.40000152587890625</ele>
        <time>2026-10-04T22:09:12.000Z</time>
        <extensions>
          <ns3:TrackPointExtension>
            <ns3:hr>138</ns3:hr>
            <ns3:cad>92</ns3:cad>
          </ns3:TrackPointExtension>
        </extensions>
      </trkpt>
      <trkpt lat="45.79154125414788722991943359375" lon="126.63894773460924625396728515625">
        <ele>121.59999847412109375</ele>
        <time>2026-10-04T22:09:13.000Z</time>
        <extensions>
          <ns3:TrackPointExtension>
            <ns3:hr>137</ns3:hr>
            <ns3:cad>92</ns3:cad>
          </ns3:TrackPointExtension>
        </extensions>
      </trkpt>
      <trkpt lat="45.79152499325573444366455078125" lon="126.6389112733304500579833984375">
        <ele>121.59999847412109375</ele>
        <time>2026-10-04T22:09:14.000Z</time>
        <extensions>
          <ns3:TrackPointExtension>
            <ns3:hr>137</ns3:hr>
            <ns3:cad>93</ns3:cad>
          </ns3:TrackPointExtension>
        </extensions>
      </trkpt>
      <trkpt lat="45.79150772653520107269287109375" lon="126.6388908214867115020751953125">
        <ele>121.8000030517578125</ele>
        <time>2026-10-04T22:09:15.000Z</time>
        <extensions>
          <ns3:TrackPointExtension>
            <ns3:hr>137</ns3:hr>
            <ns3:cad>93</ns3:cad>
          </ns3:TrackPointExtension>
        </extensions>
      </trkpt>
      <trkpt lat="45.79149012453854084014892578125" lon="126.6388526000082492828369140625">
        <ele>121.8000030517578125</ele>
        <time>2026-10-04T22:09:16.000Z</time>
        <extensions>
          <ns3:TrackPointExtension>
            <ns3:hr>137</ns3:hr>
            <ns3:cad>93</ns3:cad>
          </ns3:TrackPointExtension>
        </extensions>
      </trkpt>
      <trkpt lat="45.791473276913166046142578125" lon="126.63882334716618061065673828125">
        <ele>121.8000030517578125</ele>
        <time>2026-10-04T22:09:17.000Z</time>
        <extensions>
          <ns3:TrackPointExtension>
            <ns3:hr>137</ns3:hr>
            <ns3:cad>92</ns3:cad>
          </ns3:TrackPointExtension>
        </extensions>
      </trkpt>
      <trkpt lat="45.79145173542201519012451171875" lon="126.63878579623997211456298828125">
        <ele>121.8000030517578125</ele>
        <time>2026-10-04T22:09:18.000Z</time>
        <extensions>
          <ns3:TrackPointExtension>
            <ns3:hr>137</ns3:hr>
            <ns3:cad>92</ns3:cad>
          </ns3:TrackPointExtension>
        </extensions>
      </trkpt>
      <trkpt lat="45.791430361568927764892578125" lon="126.63876132108271121978759765625">
        <ele>121.8000030517578125</ele>
        <time>2026-10-04T22:09:19.000Z</time>
        <extensions>
          <ns3:TrackPointExtension>
            <ns3:hr>137</ns3:hr>
            <ns3:cad>91</ns3:cad>
          </ns3:TrackPointExtension>
        </extensions>
      </trkpt>
      <trkpt lat="45.79140965826809406280517578125" lon="126.63872343488037586212158203125">
        <ele>121.8000030517578125</ele>
        <time>2026-10-04T22:09:20.000Z</time>
        <extensions>
          <ns3:TrackPointExtension>
            <ns3:hr>137</ns3:hr>
            <ns3:cad>91</ns3:cad>
          </ns3:TrackPointExtension>
        </extensions>
      </trkpt>
      <trkpt lat="45.79139004461467266082763671875" lon="126.63870113901793956756591796875">
        <ele>121.8000030517578125</ele>
        <time>2026-10-04T22:09:21.000Z</time>
        <extensions>
          <ns3:TrackPointExtension>
            <ns3:hr>137</ns3:hr>
            <ns3:cad>92</ns3:cad>
          </ns3:TrackPointExtension>
        </extensions>
      </trkpt>
      <trkpt lat="45.7913721911609172821044921875" lon="126.638661660254001617431640625">
        <ele>121.8000030517578125</ele>
        <time>2026-10-04T22:09:22.000Z</time>
        <extensions>
          <ns3:TrackPointExtension>
            <ns3:hr>138</ns3:hr>
            <ns3:cad>92</ns3:cad>
          </ns3:TrackPointExtension>
        </extensions>
      </trkpt>
      <trkpt lat="45.79135148786008358001708984375" lon="126.63863861002027988433837890625">
        <ele>121.8000030517578125</ele>
        <time>2026-10-04T22:09:23.000Z</time>
        <extensions>
          <ns3:TrackPointExtension>
            <ns3:hr>138</ns3:hr>
            <ns3:cad>92</ns3:cad>
          </ns3:TrackPointExtension>
        </extensions>
      </trkpt>
      <trkpt lat="45.79133321531116962432861328125" lon="126.6386028192937374114990234375">
        <ele>121.8000030517578125</ele>
        <time>2026-10-04T22:09:24.000Z</time>
        <extensions>
          <ns3:TrackPointExtension>
            <ns3:hr>138</ns3:hr>
            <ns3:cad>92</ns3:cad>
          </ns3:TrackPointExtension>
        </extensions>
      </trkpt>
      <trkpt lat="45.79131226055324077606201171875" lon="126.6385773383080959320068359375">
        <ele>121.8000030517578125</ele>
        <time>2026-10-04T22:09:25.000Z</time>
        <extensions>
          <ns3:TrackPointExtension>
            <ns3:hr>138</ns3:hr>
            <ns3:cad>92</ns3:cad>
          </ns3:TrackPointExtension>
        </extensions>
      </trkpt>
      <trkpt lat="45.7912954129278659820556640625" lon="126.6385381110012531280517578125">
        <ele>121.8000030517578125</ele>
        <time>2026-10-04T22:09:26.000Z</time>
        <extensions>
          <ns3:TrackPointExtension>
            <ns3:hr>138</ns3:hr>
            <ns3:cad>92</ns3:cad>
          </ns3:TrackPointExtension>
        </extensions>
      </trkpt>
      <trkpt lat="45.7912771403789520263671875" lon="126.63850667886435985565185546875">
        <ele>122</ele>
        <time>2026-10-04T22:09:27.000Z</time>
        <extensions>
          <ns3:TrackPointExtension>
            <ns3:hr>138</ns3:hr>
            <ns3:cad>92</ns3:cad>
          </ns3:TrackPointExtension>
        </extensions>
      </trkpt>
      <trkpt lat="45.7912623882293701171875" lon="126.63846326060593128204345703125">
        <ele>122</ele>
        <time>2026-10-04T22:09:28.000Z</time>
        <extensions>
          <ns3:TrackPointExtension>
            <ns3:hr>137</ns3:hr>
            <ns3:cad>92</ns3:cad>
          </ns3:TrackPointExtension>
        </extensions>
      </trkpt>
      <trkpt lat="45.7912441156804561614990234375" lon="126.63843224756419658660888671875">
        <ele>122</ele>
        <time>2026-10-04T22:09:29.000Z</time>
        <extensions>
          <ns3:TrackPointExtension>
            <ns3:hr>137</ns3:hr>
            <ns3:cad>92</ns3:cad>
          </ns3:TrackPointExtension>
        </extensions>
      </trkpt>
      <trkpt lat="45.79122927971184253692626953125" lon="126.6383962891995906829833984375">
        <ele>122</ele>
        <time>2026-10-04T22:09:30.000Z</time>
        <extensions>
          <ns3:TrackPointExtension>
            <ns3:hr>137</ns3:hr>
            <ns3:cad>92</ns3:cad>
          </ns3:TrackPointExtension>
        </extensions>
      </trkpt>
      <trkpt lat="45.791208408772945404052734375" lon="126.63836653344333171844482421875">
        <ele>122</ele>
        <time>2026-10-04T22:09:31.000Z</time>
        <extensions>
          <ns3:TrackPointExtension>
            <ns3:hr>137</ns3:hr>
            <ns3:cad>92</ns3:cad>
          </ns3:TrackPointExtension>
        </extensions>
      </trkpt>
      <trkpt lat="45.79119022004306316375732421875" lon="126.63833971135318279266357421875">
        <ele>122</ele>
        <time>2026-10-04T22:09:32.000Z</time>
        <extensions>
          <ns3:TrackPointExtension>
            <ns3:hr>137</ns3:hr>
            <ns3:cad>92</ns3:cad>
          </ns3:TrackPointExtension>
        </extensions>
      </trkpt>
      <trkpt lat="45.79116825945675373077392578125" lon="126.63831355981528759002685546875">
        <ele>122</ele>
        <time>2026-10-04T22:09:33.000Z</time>
        <extensions>
          <ns3:TrackPointExtension>
            <ns3:hr>137</ns3:hr>
            <ns3:cad>92</ns3:cad>
          </ns3:TrackPointExtension>
        </extensions>
      </trkpt>
      <trkpt lat="45.79114998690783977508544921875" lon="126.63829914294183254241943359375">
        <ele>121.8000030517578125</ele>
        <time>2026-10-04T22:09:34.000Z</time>
        <extensions>
          <ns3:TrackPointExtension>
            <ns3:hr>137</ns3:hr>
            <ns3:cad>92</ns3:cad>
          </ns3:TrackPointExtension>
        </extensions>
      </trkpt>
      <trkpt lat="45.791127271950244903564453125" lon="126.63826863281428813934326171875">
        <ele>121.8000030517578125</ele>
        <time>2026-10-04T22:09:35.000Z</time>
        <extensions>
          <ns3:TrackPointExtension>
            <ns3:hr>136</ns3:hr>
            <ns3:cad>91</ns3:cad>
          </ns3:TrackPointExtension>
        </extensions>
      </trkpt>
      <trkpt lat="45.79111008904874324798583984375" lon="126.638239882886409759521484375">
        <ele>121.8000030517578125</ele>
        <time>2026-10-04T22:09:36.000Z</time>
        <extensions>
          <ns3:TrackPointExtension>
            <ns3:hr>137</ns3:hr>
            <ns3:cad>91</ns3:cad>
          </ns3:TrackPointExtension>
        </extensions>
      </trkpt>
      <trkpt lat="45.7910908944904804229736328125" lon="126.6381988115608692169189453125">
        <ele>121.8000030517578125</ele>
        <time>2026-10-04T22:09:37.000Z</time>
        <extensions>
          <ns3:TrackPointExtension>
            <ns3:hr>137</ns3:hr>
            <ns3:cad>91</ns3:cad>
          </ns3:TrackPointExtension>
        </extensions>
      </trkpt>
      <trkpt lat="45.7910744659602642059326171875" lon="126.63816905580461025238037109375">
        <ele>121.8000030517578125</ele>
        <time>2026-10-04T22:09:38.000Z</time>
        <extensions>
          <ns3:TrackPointExtension>
            <ns3:hr>136</ns3:hr>
            <ns3:cad>91</ns3:cad>
          </ns3:TrackPointExtension>
        </extensions>
      </trkpt>
      <trkpt lat="45.79105761833488941192626953125" lon="126.6381270624697208404541015625">
        <ele>121.8000030517578125</ele>
        <time>2026-10-04T22:09:39.000Z</time>
        <extensions>
          <ns3:TrackPointExtension>
            <ns3:hr>137</ns3:hr>
            <ns3:cad>90</ns3:cad>
          </ns3:TrackPointExtension>
        </extensions>
      </trkpt>
      <trkpt lat="45.79103909432888031005859375" lon="126.63809713907539844512939453125">
        <ele>121.8000030517578125</ele>
        <time>2026-10-04T22:09:40.000Z</time>
        <extensions>
          <ns3:TrackPointExtension>
            <ns3:hr>136</ns3:hr>
            <ns3:cad>90</ns3:cad>
          </ns3:TrackPointExtension>
        </extensions>
      </trkpt>
      <trkpt lat="45.79101956449449062347412109375" lon="126.638060845434665679931640625">
        <ele>122</ele>
        <time>2026-10-04T22:09:41.000Z</time>
        <extensions>
          <ns3:TrackPointExtension>
            <ns3:hr>136</ns3:hr>
            <ns3:cad>90</ns3:cad>
          </ns3:TrackPointExtension>
        </extensions>
      </trkpt>
      <trkpt lat="45.79100313596427440643310546875" lon="126.63803310133516788482666015625">
        <ele>122</ele>
        <time>2026-10-04T22:09:42.000Z</time>
        <extensions>
          <ns3:TrackPointExtension>
            <ns3:hr>136</ns3:hr>
            <ns3:cad>92</ns3:cad>
          </ns3:TrackPointExtension>
        </extensions>
      </trkpt>
      <trkpt lat="45.79098385758697986602783203125" lon="126.63799387402832508087158203125">
        <ele>122</ele>
        <time>2026-10-04T22:09:43.000Z</time>
        <extensions>
          <ns3:TrackPointExtension>
            <ns3:hr>137</ns3:hr>
            <ns3:cad>92</ns3:cad>
          </ns3:TrackPointExtension>
        </extensions>
      </trkpt>
      <trkpt lat="45.7909671775996685028076171875" lon="126.6379688121378421783447265625">
        <ele>121.8000030517578125</ele>
        <time>2026-10-04T22:09:44.000Z</time>
        <extensions>
          <ns3:TrackPointExtension>
            <ns3:hr>136</ns3:hr>
            <ns3:cad>92</ns3:cad>
          </ns3:TrackPointExtension>
        </extensions>
      </trkpt>
      <trkpt lat="45.7909467257559299468994140625" lon="126.63792463950812816619873046875">
        <ele>121.8000030517578125</ele>
        <time>2026-10-04T22:09:45.000Z</time>
        <extensions>
          <ns3:TrackPointExtension>
            <ns3:hr>137</ns3:hr>
            <ns3:cad>91</ns3:cad>
          </ns3:TrackPointExtension>
        </extensions>
      </trkpt>
      <trkpt lat="45.79092937521636486053466796875" lon="126.63790100254118442535400390625">
        <ele>121.8000030517578125</ele>
        <time>2026-10-04T22:09:46.000Z</time>
        <extensions>
          <ns3:TrackPointExtension>
            <ns3:hr>137</ns3:hr>
            <ns3:cad>91</ns3:cad>
          </ns3:TrackPointExtension>
        </extensions>
      </trkpt>
      <trkpt lat="45.79090959392488002777099609375" lon="126.6378635354340076446533203125">
        <ele>121.8000030517578125</ele>
        <time>2026-10-04T22:09:47.000Z</time>
        <extensions>
          <ns3:TrackPointExtension>
            <ns3:hr>137</ns3:hr>
            <ns3:cad>91</ns3:cad>
          </ns3:TrackPointExtension>
        </extensions>
      </trkpt>
      <trkpt lat="45.790889561176300048828125" lon="126.6378393955528736114501953125">
        <ele>121.8000030517578125</ele>
        <time>2026-10-04T22:09:48.000Z</time>
        <extensions>
          <ns3:TrackPointExtension>
            <ns3:hr>136</ns3:hr>
            <ns3:cad>90</ns3:cad>
          </ns3:TrackPointExtension>
        </extensions>
      </trkpt>
      <trkpt lat="45.79087204299867153167724609375" lon="126.6378005035221576690673828125">
        <ele>121.8000030517578125</ele>
        <time>2026-10-04T22:09:49.000Z</time>
        <extensions>
          <ns3:TrackPointExtension>
            <ns3:hr>136</ns3:hr>
            <ns3:cad>90</ns3:cad>
          </ns3:TrackPointExtension>
        </extensions>
      </trkpt>
      <trkpt lat="45.7908545248210430145263671875" lon="126.637773849070072174072265625">
        <ele>122</ele>
        <time>2026-10-04T22:09:50.000Z</time>
        <extensions>
          <ns3:TrackPointExtension>
            <ns3:hr>136</ns3:hr>
            <ns3:cad>89</ns3:cad>
          </ns3:TrackPointExtension>
        </extensions>
      </trkpt>
      <trkpt lat="45.7908488251268863677978515625" lon="126.637725569307804107666015625">
        <ele>122</ele>
        <time>2026-10-04T22:09:51.000Z</time>
        <extensions>
          <ns3:TrackPointExtension>
            <ns3:hr>137</ns3:hr>
            <ns3:cad>89</ns3:cad>
          </ns3:TrackPointExtension>
        </extensions>
      </trkpt>
      <trkpt lat="45.7908394373953342437744140625" lon="126.63769179023802280426025390625">
        <ele>122</ele>
        <time>2026-10-04T22:09:52.000Z</time>
        <extensions>
          <ns3:TrackPointExtension>
            <ns3:hr>137</ns3:hr>
            <ns3:cad>89</ns3:cad>
          </ns3:TrackPointExtension>
        </extensions>
      </trkpt>
      <trkpt lat="45.79083113931119441986083984375" lon="126.63764786906540393829345703125">
        <ele>122</ele>
        <time>2026-10-04T22:09:53.000Z</time>
        <extensions>
          <ns3:TrackPointExtension>
            <ns3:hr>138</ns3:hr>
            <ns3:cad>90</ns3:cad>
          </ns3:TrackPointExtension>
        </extensions>
      </trkpt>
      <trkpt lat="45.79081839881837368011474609375" lon="126.63761819712817668914794921875">
        <ele>122</ele>
        <time>2026-10-04T22:09:54.000Z</time>
        <extensions>
          <ns3:TrackPointExtension>
            <ns3:hr>138</ns3:hr>
            <ns3:cad>91</ns3:cad>
          </ns3:TrackPointExtension>
        </extensions>
      </trkpt>
      <trkpt lat="45.7908072508871555328369140625" lon="126.63757570087909698486328125">
        <ele>122</ele>
        <time>2026-10-04T22:09:55.000Z</time>
        <extensions>
          <ns3:TrackPointExtension>
            <ns3:hr>138</ns3:hr>
            <ns3:cad>91</ns3:cad>
          </ns3:TrackPointExtension>
        </extensions>
      </trkpt>
      <trkpt lat="45.79079090617597103118896484375" lon="126.63754996843636035919189453125">
        <ele>122.1999969482421875</ele>
        <time>2026-10-04T22:09:56.000Z</time>
        <extensions>
          <ns3:TrackPointExtension>
            <ns3:hr>139</ns3:hr>
            <ns3:cad>91</ns3:cad>
          </ns3:TrackPointExtension>
        </extensions>
      </trkpt>
      <trkpt lat="45.7907764054834842681884765625" lon="126.63750638253986835479736328125">
        <ele>122.1999969482421875</ele>
        <time>2026-10-04T22:09:57.000Z</time>
        <extensions>
          <ns3:TrackPointExtension>
            <ns3:hr>138</ns3:hr>
            <ns3:cad>91</ns3:cad>
          </ns3:TrackPointExtension>
        </extensions>
      </trkpt>
      <trkpt lat="45.79075821675360202789306640625" lon="126.6374799795448780059814453125">
        <ele>122.1999969482421875</ele>
        <time>2026-10-04T22:09:58.000Z</time>
        <extensions>
          <ns3:TrackPointExtension>
            <ns3:hr>139</ns3:hr>
            <ns3:cad>91</ns3:cad>
          </ns3:TrackPointExtension>
        </extensions>
      </trkpt>
      <trkpt lat="45.7907422073185443878173828125" lon="126.63744200952351093292236328125">
        <ele>122.40000152587890625</ele>
        <time>2026-10-04T22:09:59.000Z</time>
        <extensions>
          <ns3:TrackPointExtension>
            <ns3:hr>139</ns3:hr>
            <ns3:cad>92</ns3:cad>
          </ns3:TrackPointExtension>
        </extensions>
      </trkpt>
      <trkpt lat="45.7907234318554401397705078125" lon="126.6374129243195056915283203125">
        <ele>122.40000152587890625</ele>
        <time>2026-10-04T22:10:00.000Z</time>
        <extensions>
          <ns3:TrackPointExtension>
            <ns3:hr>139</ns3:hr>
            <ns3:cad>92</ns3:cad>
          </ns3:TrackPointExtension>
        </extensions>
      </trkpt>
      <trkpt lat="45.79070826061069965362548828125" lon="126.637373864650726318359375">
        <ele>122.40000152587890625</ele>
        <time>2026-10-04T22:10:01.000Z</time>
        <extensions>
          <ns3:TrackPointExtension>
            <ns3:hr>140</ns3:hr>
            <ns3:cad>92</ns3:cad>
          </ns3:TrackPointExtension>
        </extensions>
      </trkpt>
      <trkpt lat="45.7906882278621196746826171875" lon="126.63734192959964275360107421875">
        <ele>122.40000152587890625</ele>
        <time>2026-10-04T22:10:02.000Z</time>
        <extensions>
          <ns3:TrackPointExtension>
            <ns3:hr>140</ns3:hr>
            <ns3:cad>92</ns3:cad>
          </ns3:TrackPointExtension>
        </extensions>
      </trkpt>
      <trkpt lat="45.79067037440836429595947265625" lon="126.63730722852051258087158203125">
        <ele>122.40000152587890625</ele>
        <time>2026-10-04T22:10:03.000Z</time>
        <extensions>
          <ns3:TrackPointExtension>
            <ns3:hr>140</ns3:hr>
            <ns3:cad>92</ns3:cad>
          </ns3:TrackPointExtension>
        </extensions>
      </trkpt>
      <trkpt lat="45.790652520954608917236328125" lon="126.63727554492652416229248046875">
        <ele>122.40000152587890625</ele>
        <time>2026-10-04T22:10:04.000Z</time>
        <extensions>
          <ns3:TrackPointExtension>
            <ns3:hr>139</ns3:hr>
            <ns3:cad>92</ns3:cad>
          </ns3:TrackPointExtension>
        </extensions>
      </trkpt>
      <trkpt lat="45.79063550569117069244384765625" lon="126.63724469952285289764404296875">
        <ele>122.1999969482421875</ele>
        <time>2026-10-04T22:10:05.000Z</time>
        <extensions>
          <ns3:TrackPointExtension>
            <ns3:hr>140</ns3:hr>
            <ns3:cad>92</ns3:cad>
          </ns3:TrackPointExtension>
        </extensions>
      </trkpt>
      <trkpt lat="45.79061857424676418304443359375" lon="126.63721318356692790985107421875">
        <ele>122.1999969482421875</ele>
        <time>2026-10-04T22:10:06.000Z</time>
        <extensions>
          <ns3:TrackPointExtension>
            <ns3:hr>140</ns3:hr>
            <ns3:cad>92</ns3:cad>
          </ns3:TrackPointExtension>
        </extensions>
      </trkpt>
      <trkpt lat="45.79059912823140621185302734375" lon="126.63718082942068576812744140625">
        <ele>122</ele>
        <time>2026-10-04T22:10:07.000Z</time>
        <extensions>
          <ns3:TrackPointExtension>
            <ns3:hr>139</ns3:hr>
            <ns3:cad>92</ns3:cad>
          </ns3:TrackPointExtension>
        </extensions>
      </trkpt>
      <trkpt lat="45.7905802689492702484130859375" lon="126.6371480561792850494384765625">
        <ele>122</ele>
        <time>2026-10-04T22:10:08.000Z</time>
        <extensions>
          <ns3:TrackPointExtension>
            <ns3:hr>140</ns3:hr>
            <ns3:cad>92</ns3:cad>
          </ns3:TrackPointExtension>
        </extensions>
      </trkpt>
      <trkpt lat="45.79056124202907085418701171875" lon="126.63712031207978725433349609375">
        <ele>122</ele>
        <time>2026-10-04T22:10:09.000Z</time>
        <extensions>
          <ns3:TrackPointExtension>
            <ns3:hr>140</ns3:hr>
            <ns3:cad>92</ns3:cad>
          </ns3:TrackPointExtension>
        </extensions>
      </trkpt>
      <trkpt lat="45.79054447822272777557373046875" lon="126.6370903886854648590087890625">
        <ele>122.1999969482421875</ele>
        <time>2026-10-04T22:10:10.000Z</time>
        <extensions>
          <ns3:TrackPointExtension>
            <ns3:hr>141</ns3:hr>
            <ns3:cad>92</ns3:cad>
          </ns3:TrackPointExtension>
        </extensions>
      </trkpt>
      <trkpt lat="45.790527798235416412353515625" lon="126.63706365041434764862060546875">
        <ele>122.1999969482421875</ele>
        <time>2026-10-04T22:10:11.000Z</time>
        <extensions>
          <ns3:TrackPointExtension>
            <ns3:hr>141</ns3:hr>
            <ns3:cad>91</ns3:cad>
          </ns3:TrackPointExtension>
        </extensions>
      </trkpt>
      <trkpt lat="45.79051044769585132598876953125" lon="126.6370297037065029144287109375">
        <ele>122.1999969482421875</ele>
        <time>2026-10-04T22:10:12.000Z</time>
        <extensions>
          <ns3:TrackPointExtension>
            <ns3:hr>141</ns3:hr>
            <ns3:cad>90</ns3:cad>
          </ns3:TrackPointExtension>
        </extensions>
      </trkpt>
      <trkpt lat="45.79049267806112766265869140625" lon="126.63700095377862453460693359375">
        <ele>122.1999969482421875</ele>
        <time>2026-10-04T22:10:13.000Z</time>
        <extensions>
          <ns3:TrackPointExtension>
            <ns3:hr>141</ns3:hr>
            <ns3:cad>90</ns3:cad>
          </ns3:TrackPointExtension>
        </extensions>
      </trkpt>
      <trkpt lat="45.79047071747481822967529296875" lon="126.636966504156589508056640625">
        <ele>122.1999969482421875</ele>
        <time>2026-10-04T22:10:14.000Z</time>
        <extensions>
          <ns3:TrackPointExtension>
            <ns3:hr>140</ns3:hr>
            <ns3:cad>90</ns3:cad>
          </ns3:TrackPointExtension>
        </extensions>
      </trkpt>
      <trkpt lat="45.7904501818120479583740234375" lon="126.63693306036293506622314453125">
        <ele>122.1999969482421875</ele>
        <time>2026-10-04T22:10:15.000Z</time>
        <extensions>
          <ns3:TrackPointExtension>
            <ns3:hr>141</ns3:hr>
            <ns3:cad>90</ns3:cad>
          </ns3:TrackPointExtension>
        </extensions>
      </trkpt>
      <trkpt lat="45.7904349267482757568359375" lon="126.63690405897796154022216796875">
        <ele>122.1999969482421875</ele>
        <time>2026-10-04T22:10:16.000Z</time>
        <extensions>
          <ns3:TrackPointExtension>
            <ns3:hr>141</ns3:hr>
            <ns3:cad>90</ns3:cad>
          </ns3:TrackPointExtension>
        </extensions>
      </trkpt>
      <trkpt lat="45.7904702983796596527099609375" lon="126.63692467845976352691650390625">
        <ele>118.8000030517578125</ele>
        <time>2026-10-04T22:11:24.000Z</time>
        <extensions>
          <ns3:TrackPointExtension>
            <ns3:hr>113</ns3:hr>
            <ns3:cad>41</ns3:cad>
          </ns3:TrackPointExtension>
        </extensions>
      </trkpt>
      <trkpt lat="45.79045680351555347442626953125" lon="126.63690741173923015594482421875">
        <ele>118.8000030517578125</ele>
        <time>2026-10-04T22:11:25.000Z</time>
        <extensions>
          <ns3:TrackPointExtension>
            <ns3:hr>113</ns3:hr>
            <ns3:cad>41</ns3:cad>
          </ns3:TrackPointExtension>
        </extensions>
      </trkpt>
      <trkpt lat="45.7904411293566226959228515625" lon="126.63687841035425662994384765625">
        <ele>118.8000030517578125</ele>
        <time>2026-10-04T22:11:26.000Z</time>
        <extensions>
          <ns3:TrackPointExtension>
            <ns3:hr>112</ns3:hr>
            <ns3:cad>41</ns3:cad>
          </ns3:TrackPointExtension>
        </extensions>
      </trkpt>
      <trkpt lat="45.79042528755962848663330078125" lon="126.6368603892624378204345703125">
        <ele>119</ele>
        <time>2026-10-04T22:11:27.000Z</time>
        <extensions>
          <ns3:TrackPointExtension>
            <ns3:hr>112</ns3:hr>
            <ns3:cad>41</ns3:cad>
          </ns3:TrackPointExtension>
        </extensions>
      </trkpt>
      <trkpt lat="45.79040986485779285430908203125" lon="126.63681487552821636199951171875">
        <ele>119</ele>
        <time>2026-10-04T22:11:28.000Z</time>
        <extensions>
          <ns3:TrackPointExtension>
            <ns3:hr>111</ns3:hr>
            <ns3:cad>41</ns3:cad>
          </ns3:TrackPointExtension>
        </extensions>
      </trkpt>
      <trkpt lat="45.79038773663341999053955078125" lon="126.6367946751415729522705078125">
        <ele>119.1999969482421875</ele>
        <time>2026-10-04T22:11:29.000Z</time>
        <extensions>
          <ns3:TrackPointExtension>
            <ns3:hr>111</ns3:hr>
            <ns3:cad>91</ns3:cad>
          </ns3:TrackPointExtension>
        </extensions>
      </trkpt>
      <trkpt lat="45.7903589867055416107177734375" lon="126.63675351999700069427490234375">
        <ele>119.40000152587890625</ele>
        <time>2026-10-04T22:11:30.000Z</time>
        <extensions>
          <ns3:TrackPointExtension>
            <ns3:hr>111</ns3:hr>
            <ns3:cad>93</ns3:cad>
          </ns3:TrackPointExtension>
        </extensions>
      </trkpt>
      <trkpt lat="45.790337361395359039306640625" lon="126.63673155941069126129150390625">
        <ele>119.59999847412109375</ele>
        <time>2026-10-04T22:11:31.000Z</time>
        <extensions>
          <ns3:TrackPointExtension>
            <ns3:hr>112</ns3:hr>
            <ns3:cad>92</ns3:cad>
          </ns3:TrackPointExtension>
        </extensions>
      </trkpt>
      <trkpt lat="45.79031732864677906036376953125" lon="126.63669518195092678070068359375">
        <ele>119.59999847412109375</ele>
        <time>2026-10-04T22:11:32.000Z</time>
        <extensions>
          <ns3:TrackPointExtension>
            <ns3:hr>112</ns3:hr>
            <ns3:cad>93</ns3:cad>
          </ns3:TrackPointExtension>
        </extensions>
      </trkpt>
      <trkpt lat="45.79029838554561138153076171875" lon="126.63666953332722187042236328125">
        <ele>119.59999847412109375</ele>
        <time>2026-10-04T22:11:33.000Z</time>
        <extensions>
          <ns3:TrackPointExtension>
            <ns3:hr>113</ns3:hr>
            <ns3:cad>92</ns3:cad>
          </ns3:TrackPointExtension>
        </extensions>
      </trkpt>
      <trkpt lat="45.7902820408344268798828125" lon="126.636634580790996551513671875">
        <ele>119.59999847412109375</ele>
        <time>2026-10-04T22:11:34.000Z</time>
        <extensions>
          <ns3:TrackPointExtension>
            <ns3:hr>114</ns3:hr>
            <ns3:cad>92</ns3:cad>
          </ns3:TrackPointExtension>
        </extensions>
      </trkpt>
      <trkpt lat="45.79026116989552974700927734375" lon="126.63660750724375247955322265625">
        <ele>119.59999847412109375</ele>
        <time>2026-10-04T22:11:35.000Z</time>
        <extensions>
          <ns3:TrackPointExtension>
            <ns3:hr>114</ns3:hr>
            <ns3:cad>92</ns3:cad>
          </ns3:TrackPointExtension>
        </extensions>
      </trkpt>
      <trkpt lat="45.79024205915629863739013671875" lon="126.63657951168715953826904296875">
        <ele>119.8000030517578125</ele>
        <time>2026-10-04T22:11:36.000Z</time>
        <extensions>
          <ns3:TrackPointExtension>
            <ns3:hr>114</ns3:hr>
            <ns3:cad>92</ns3:cad>
          </ns3:TrackPointExtension>
        </extensions>
      </trkpt>
      <trkpt lat="45.7902208529412746429443359375" lon="126.63654841482639312744140625">
        <ele>119.8000030517578125</ele>
        <time>2026-10-04T22:11:37.000Z</time>
        <extensions>
          <ns3:TrackPointExtension>
            <ns3:hr>115</ns3:hr>
            <ns3:cad>92</ns3:cad>
          </ns3:TrackPointExtension>
        </extensions>
      </trkpt>
      <trkpt lat="45.79020249657332897186279296875" lon="126.6365214250981807708740234375">
        <ele>119.8000030517578125</ele>
        <time>2026-10-04T22:11:38.000Z</time>
        <extensions>
          <ns3:TrackPointExtension>
            <ns3:hr>115</ns3:hr>
            <ns3:cad>92</ns3:cad>
          </ns3:TrackPointExtension>
        </extensions>
      </trkpt>
      <trkpt lat="45.7901806198060512542724609375" lon="126.63648244924843311309814453125">
        <ele>120</ele>
        <time>2026-10-04T22:11:39.000Z</time>
        <extensions>
          <ns3:TrackPointExtension>
            <ns3:hr>115</ns3:hr>
            <ns3:cad>92</ns3:cad>
          </ns3:TrackPointExtension>
        </extensions>
      </trkpt>
      <trkpt lat="45.79015941359102725982666015625" lon="126.6364578902721405029296875">
        <ele>120</ele>
        <time>2026-10-04T22:11:40.000Z</time>
        <extensions>
          <ns3:TrackPointExtension>
            <ns3:hr>115</ns3:hr>
            <ns3:cad>92</ns3:cad>
          </ns3:TrackPointExtension>
        </extensions>
      </trkpt>
      <trkpt lat="45.7901356928050518035888671875" lon="126.63641975261270999908447265625">
        <ele>120</ele>
        <time>2026-10-04T22:11:41.000Z</time>
        <extensions>
          <ns3:TrackPointExtension>
            <ns3:hr>115</ns3:hr>
            <ns3:cad>92</ns3:cad>
          </ns3:TrackPointExtension>
        </extensions>
      </trkpt>
      <trkpt lat="45.7901155762374401092529296875" lon="126.636397875845432281494140625">
        <ele>120.1999969482421875</ele>
        <time>2026-10-04T22:11:42.000Z</time>
        <extensions>
          <ns3:TrackPointExtension>
            <ns3:hr>115</ns3:hr>
            <ns3:cad>93</ns3:cad>
          </ns3:TrackPointExtension>
        </extensions>
      </trkpt>
      <trkpt lat="45.7900944538414478302001953125" lon="126.63636124692857265472412109375">
        <ele>120.1999969482421875</ele>
        <time>2026-10-04T22:11:43.000Z</time>
        <extensions>
          <ns3:TrackPointExtension>
            <ns3:hr>116</ns3:hr>
            <ns3:cad>93</ns3:cad>
          </ns3:TrackPointExtension>
        </extensions>
      </trkpt>
      <trkpt lat="45.79007945023477077484130859375" lon="126.6363398730754852294921875">
        <ele>120.40000152587890625</ele>
        <time>2026-10-04T22:11:44.000Z</time>
        <extensions>
          <ns3:TrackPointExtension>
            <ns3:hr>116</ns3:hr>
            <ns3:cad>94</ns3:cad>
          </ns3:TrackPointExtension>
        </extensions>
      </trkpt>
      <trkpt lat="45.79006268642842769622802734375" lon="126.636297293007373809814453125">
        <ele>120.59999847412109375</ele>
        <time>2026-10-04T22:11:45.000Z</time>
        <extensions>
          <ns3:TrackPointExtension>
            <ns3:hr>116</ns3:hr>
            <ns3:cad>94</ns3:cad>
          </ns3:TrackPointExtension>
        </extensions>
      </trkpt>
      <trkpt lat="45.79004525206983089447021484375" lon="126.63627189584076404571533203125">
        <ele>120.59999847412109375</ele>
        <time>2026-10-04T22:11:46.000Z</time>
        <extensions>
          <ns3:TrackPointExtension>
            <ns3:hr>117</ns3:hr>
            <ns3:cad>93</ns3:cad>
          </ns3:TrackPointExtension>
        </extensions>
      </trkpt>
      <trkpt lat="45.79002681188285350799560546875" lon="126.63623300381004810333251953125">
        <ele>120.59999847412109375</ele>
        <time>2026-10-04T22:11:47.000Z</time>
        <extensions>
          <ns3:TrackPointExtension>
            <ns3:hr>117</ns3:hr>
            <ns3:cad>93</ns3:cad>
          </ns3:TrackPointExtension>
        </extensions>
      </trkpt>
      <trkpt lat="45.79000736586749553680419921875" lon="126.63620769046247005462646484375">
        <ele>120.8000030517578125</ele>
        <time>2026-10-04T22:11:48.000Z</time>
        <extensions>
          <ns3:TrackPointExtension>
            <ns3:hr>117</ns3:hr>
            <ns3:cad>93</ns3:cad>
          </ns3:TrackPointExtension>
        </extensions>
      </trkpt>
      <trkpt lat="45.78998875804245471954345703125" lon="126.63617156445980072021484375">
        <ele>120.8000030517578125</ele>
        <time>2026-10-04T22:11:49.000Z</time>
        <extensions>
          <ns3:TrackPointExtension>
            <ns3:hr>117</ns3:hr>
            <ns3:cad>93</ns3:cad>
          </ns3:TrackPointExtension>
        </extensions>
      </trkpt>
      <trkpt lat="45.7899683900177478790283203125" lon="126.6361398808658123016357421875">
        <ele>120.8000030517578125</ele>
        <time>2026-10-04T22:11:50.000Z</time>
        <extensions>
          <ns3:TrackPointExtension>
            <ns3:hr>118</ns3:hr>
            <ns3:cad>93</ns3:cad>
          </ns3:TrackPointExtension>
        </extensions>
      </trkpt>
      <trkpt lat="45.78995154239237308502197265625" lon="126.63611180149018764495849609375">
        <ele>121</ele>
        <time>2026-10-04T22:11:51.000Z</time>
        <extensions>
          <ns3:TrackPointExtension>
            <ns3:hr>118</ns3:hr>
            <ns3:cad>93</ns3:cad>
          </ns3:TrackPointExtension>
        </extensions>
      </trkpt>
      <trkpt lat="45.7899301685392856597900390625" lon="126.63607609458267688751220703125">
        <ele>121</ele>
        <time>2026-10-04T22:11:52.000Z</time>
        <extensions>
          <ns3:TrackPointExtension>
            <ns3:hr>118</ns3:hr>
            <ns3:cad>92</ns3:cad>
          </ns3:TrackPointExtension>
        </extensions>
      </trkpt>
      <trkpt lat="45.7899093814194202423095703125" lon="126.636051870882511138916015625">
        <ele>121</ele>
        <time>2026-10-04T22:11:53.000Z</time>
        <extensions>
          <ns3:TrackPointExtension>
            <ns3:hr>119</ns3:hr>
            <ns3:cad>92</ns3:cad>
          </ns3:TrackPointExtension>
        </extensions>
      </trkpt>
      <trkpt lat="45.78988800756633281707763671875" lon="126.6360141523182392120361328125">
        <ele>121</ele>
        <time>2026-10-04T22:11:54.000Z</time>
        <extensions>
          <ns3:TrackPointExtension>
            <ns3:hr>120</ns3:hr>
            <ns3:cad>91</ns3:cad>
          </ns3:TrackPointExtension>
        </extensions>
      </trkpt>
      <trkpt lat="45.7898689806461334228515625" lon="126.6359916888177394866943359375">
        <ele>121</ele>
        <time>2026-10-04T22:11:55.000Z</time>
        <extensions>
          <ns3:TrackPointExtension>
            <ns3:hr>121</ns3:hr>
            <ns3:cad>92</ns3:cad>
          </ns3:TrackPointExtension>
        </extensions>
      </trkpt>
      <trkpt lat="45.78985129483044147491455078125" lon="126.6359501145780086517333984375">
        <ele>121</ele>
        <time>2026-10-04T22:11:56.000Z</time>
        <extensions>
          <ns3:TrackPointExtension>
            <ns3:hr>122</ns3:hr>
            <ns3:cad>92</ns3:cad>
          </ns3:TrackPointExtension>
        </extensions>
      </trkpt>
      <trkpt lat="45.7898352853953838348388671875" lon="126.6359239630401134490966796875">
        <ele>121</ele>
        <time>2026-10-04T22:11:57.000Z</time>
        <extensions>
          <ns3:TrackPointExtension>
            <ns3:hr>123</ns3:hr>
            <ns3:cad>94</ns3:cad>
          </ns3:TrackPointExtension>
        </extensions>
      </trkpt>
      <trkpt lat="45.78981759957969188690185546875" lon="126.6358812153339385986328125">
        <ele>121</ele>
        <time>2026-10-04T22:11:58.000Z</time>
        <extensions>
          <ns3:TrackPointExtension>
            <ns3:hr>125</ns3:hr>
            <ns3:cad>94</ns3:cad>
          </ns3:TrackPointExtension>
        </extensions>
      </trkpt>
      <trkpt lat="45.78979832120239734649658203125" lon="126.635857410728931427001953125">
        <ele>121</ele>
        <time>2026-10-04T22:11:59.000Z</time>
        <extensions>
          <ns3:TrackPointExtension>
            <ns3:hr>126</ns3:hr>
            <ns3:cad>93</ns3:cad>
          </ns3:TrackPointExtension>
        </extensions>
      </trkpt>
      <trkpt lat="45.78977937810122966766357421875" lon="126.63581809960305690765380859375">
        <ele>121</ele>
        <time>2026-10-04T22:12:00.000Z</time>
        <extensions>
          <ns3:TrackPointExtension>
            <ns3:hr>127</ns3:hr>
            <ns3:cad>93</ns3:cad>
          </ns3:TrackPointExtension>
        </extensions>
      </trkpt>
      <trkpt lat="45.7897611893713474273681640625" lon="126.63579161278903484344482421875">
        <ele>121</ele>
        <time>2026-10-04T22:12:01.000Z</time>
        <extensions>
          <ns3:TrackPointExtension>
            <ns3:hr>128</ns3:hr>
            <ns3:cad>92</ns3:cad>
          </ns3:TrackPointExtension>
        </extensions>
      </trkpt>
      <trkpt lat="45.7897455990314483642578125" lon="126.635752804577350616455078125">
        <ele>121.1999969482421875</ele>
        <time>2026-10-04T22:12:02.000Z</time>
        <extensions>
          <ns3:TrackPointExtension>
            <ns3:hr>129</ns3:hr>
            <ns3:cad>93</ns3:cad>
          </ns3:TrackPointExtension>
        </extensions>
      </trkpt>
      <trkpt lat="45.78972724266350269317626953125" lon="126.6357244737446308135986328125">
        <ele>121.1999969482421875</ele>
        <time>2026-10-04T22:12:03.000Z</time>
        <extensions>
          <ns3:TrackPointExtension>
            <ns3:hr>130</ns3:hr>
            <ns3:cad>92</ns3:cad>
          </ns3:TrackPointExtension>
        </extensions>
      </trkpt>
      <trkpt lat="45.7897105626761913299560546875" lon="126.63569102995097637176513671875">
        <ele>121.40000152587890625</ele>
        <time>2026-10-04T22:12:04.000Z</time>
        <extensions>
          <ns3:TrackPointExtension>
            <ns3:hr>131</ns3:hr>
            <ns3:cad>92</ns3:cad>
          </ns3:TrackPointExtension>
        </extensions>
      </trkpt>
      <trkpt lat="45.78969321213662624359130859375" lon="126.6356567479670047760009765625">
        <ele>121.40000152587890625</ele>
        <time>2026-10-04T22:12:05.000Z</time>
        <extensions>
          <ns3:TrackPointExtension>
            <ns3:hr>131</ns3:hr>
            <ns3:cad>92</ns3:cad>
          </ns3:TrackPointExtension>
        </extensions>
      </trkpt>
      <trkpt lat="45.78967292793095111846923828125" lon="126.635631434619426727294921875">
        <ele>121.40000152587890625</ele>
        <time>2026-10-04T22:12:06.000Z</time>
        <extensions>
          <ns3:TrackPointExtension>
            <ns3:hr>131</ns3:hr>
            <ns3:cad>92</ns3:cad>
          </ns3:TrackPointExtension>
        </extensions>
      </trkpt>
      <trkpt lat="45.78965448774397373199462890625" lon="126.63559581153094768524169921875">
        <ele>121.40000152587890625</ele>
        <time>2026-10-04T22:12:07.000Z</time>
        <extensions>
          <ns3:TrackPointExtension>
            <ns3:hr>130</ns3:hr>
            <ns3:cad>92</ns3:cad>
          </ns3:TrackPointExtension>
        </extensions>
      </trkpt>
      <trkpt lat="45.78963353298604488372802734375" lon="126.63556806743144989013671875">
        <ele>121.40000152587890625</ele>
        <time>2026-10-04T22:12:08.000Z</time>
        <extensions>
          <ns3:TrackPointExtension>
            <ns3:hr>130</ns3:hr>
            <ns3:cad>92</ns3:cad>
          </ns3:TrackPointExtension>
        </extensions>
      </trkpt>
      <trkpt lat="45.78961743973195552825927734375" lon="126.63552288897335529327392578125">
        <ele>121.40000152587890625</ele>
        <time>2026-10-04T22:12:09.000Z</time>
        <extensions>
          <ns3:TrackPointExtension>
            <ns3:hr>130</ns3:hr>
            <ns3:cad>92</ns3:cad>
          </ns3:TrackPointExtension>
        </extensions>
      </trkpt>
      <trkpt lat="45.789601095020771026611328125" lon="126.63549170829355716705322265625">
        <ele>121.40000152587890625</ele>
        <time>2026-10-04T22:12:10.000Z</time>
        <extensions>
          <ns3:TrackPointExtension>
            <ns3:hr>131</ns3:hr>
            <ns3:cad>93</ns3:cad>
          </ns3:TrackPointExtension>
        </extensions>
      </trkpt>
      <trkpt lat="45.789586342871189117431640625" lon="126.6354428417980670928955078125">
        <ele>121.40000152587890625</ele>
        <time>2026-10-04T22:12:11.000Z</time>
        <extensions>
          <ns3:TrackPointExtension>
            <ns3:hr>130</ns3:hr>
            <ns3:cad>93</ns3:cad>
          </ns3:TrackPointExtension>
        </extensions>
      </trkpt>
      <trkpt lat="45.7895690761506557464599609375" lon="126.63541409187018871307373046875">
        <ele>121.40000152587890625</ele>
        <time>2026-10-04T22:12:12.000Z</time>
        <extensions>
          <ns3:TrackPointExtension>
            <ns3:hr>131</ns3:hr>
            <ns3:cad>93</ns3:cad>
          </ns3:TrackPointExtension>
        </extensions>
      </trkpt>
      <trkpt lat="45.78955457545816898345947265625" lon="126.635367237031459808349609375">
        <ele>121.59999847412109375</ele>
        <time>2026-10-04T22:12:13.000Z</time>
        <extensions>
          <ns3:TrackPointExtension>
            <ns3:hr>131</ns3:hr>
            <ns3:cad>93</ns3:cad>
          </ns3:TrackPointExtension>
        </extensions>
      </trkpt>
      <trkpt lat="45.78953973948955535888671875" lon="126.63533530198037624359130859375">
        <ele>121.8000030517578125</ele>
        <time>2026-10-04T22:12:14.000Z</time>
        <extensions>
          <ns3:TrackPointExtension>
            <ns3:hr>131</ns3:hr>
            <ns3:cad>93</ns3:cad>
          </ns3:TrackPointExtension>
        </extensions>
      </trkpt>
      <trkpt lat="45.78952490352094173431396484375" lon="126.63529423065483570098876953125">
        <ele>122</ele>
        <time>2026-10-04T22:12:15.000Z</time>
        <extensions>
          <ns3:TrackPointExtension>
            <ns3:hr>132</ns3:hr>
            <ns3:cad>92</ns3:cad>
          </ns3:TrackPointExtension>
        </extensions>
      </trkpt>
      <trkpt lat="45.78950545750558376312255859375" lon="126.63526539690792560577392578125">
        <ele>122.1999969482421875</ele>
        <time>2026-10-04T22:12:16.000Z</time>
        <extensions>
          <ns3:TrackPointExtension>
            <ns3:hr>133</ns3:hr>
            <ns3:cad>93</ns3:cad>
          </ns3:TrackPointExtension>
        </extensions>
      </trkpt>
      <trkpt lat="45.789491795003414154052734375" lon="126.63522969000041484832763671875">
        <ele>122.1999969482421875</ele>
        <time>2026-10-04T22:12:17.000Z</time>
        <extensions>
          <ns3:TrackPointExtension>
            <ns3:hr>134</ns3:hr>
            <ns3:cad>93</ns3:cad>
          </ns3:TrackPointExtension>
        </extensions>
      </trkpt>
      <trkpt lat="45.78947268426418304443359375" lon="126.63520169444382190704345703125">
        <ele>122.40000152587890625</ele>
        <time>2026-10-04T22:12:18.000Z</time>
        <extensions>
          <ns3:TrackPointExtension>
            <ns3:hr>134</ns3:hr>
            <ns3:cad>93</ns3:cad>
          </ns3:TrackPointExtension>
        </extensions>
      </trkpt>
      <trkpt lat="45.78945868648588657379150390625" lon="126.63516866974532604217529296875">
        <ele>122.40000152587890625</ele>
        <time>2026-10-04T22:12:19.000Z</time>
        <extensions>
          <ns3:TrackPointExtension>
            <ns3:hr>135</ns3:hr>
            <ns3:cad>93</ns3:cad>
          </ns3:TrackPointExtension>
        </extensions>
      </trkpt>
      <trkpt lat="45.7894371449947357177734375" lon="126.63514151237905025482177734375">
        <ele>122.59999847412109375</ele>
        <time>2026-10-04T22:12:20.000Z</time>
        <extensions>
          <ns3:TrackPointExtension>
            <ns3:hr>134</ns3:hr>
            <ns3:cad>92</ns3:cad>
          </ns3:TrackPointExtension>
        </extensions>
      </trkpt>
      <trkpt lat="45.7894210517406463623046875" lon="126.6351119242608547210693359375">
        <ele>122.59999847412109375</ele>
        <time>2026-10-04T22:12:21.000Z</time>
        <extensions>
          <ns3:TrackPointExtension>
            <ns3:hr>135</ns3:hr>
            <ns3:cad>92</ns3:cad>
          </ns3:TrackPointExtension>
        </extensions>
      </trkpt>
      <trkpt lat="45.78940286301076412200927734375" lon="126.63508350960910320281982421875">
        <ele>122.59999847412109375</ele>
        <time>2026-10-04T22:12:22.000Z</time>
        <extensions>
          <ns3:TrackPointExtension>
            <ns3:hr>135</ns3:hr>
            <ns3:cad>92</ns3:cad>
          </ns3:TrackPointExtension>
        </extensions>
      </trkpt>
      <trkpt lat="45.78938894905149936676025390625" lon="126.63505534641444683074951171875">
        <ele>122.8000030517578125</ele>
        <time>2026-10-04T22:12:23.000Z</time>
        <extensions>
          <ns3:TrackPointExtension>
            <ns3:hr>135</ns3:hr>
            <ns3:cad>92</ns3:cad>
          </ns3:TrackPointExtension>
        </extensions>
      </trkpt>
      <trkpt lat="45.78937151469290256500244140625" lon="126.635017208755016326904296875">
        <ele>122.8000030517578125</ele>
        <time>2026-10-04T22:12:24.000Z</time>
        <extensions>
          <ns3:TrackPointExtension>
            <ns3:hr>136</ns3:hr>
            <ns3:cad>92</ns3:cad>
          </ns3:TrackPointExtension>
        </extensions>
      </trkpt>
      <trkpt lat="45.78935257159173488616943359375" lon="126.634990386664867401123046875">
        <ele>122.8000030517578125</ele>
        <time>2026-10-04T22:12:25.000Z</time>
        <extensions>
          <ns3:TrackPointExtension>
            <ns3:hr>136</ns3:hr>
            <ns3:cad>92</ns3:cad>
          </ns3:TrackPointExtension>
        </extensions>
      </trkpt>
      <trkpt lat="45.7893320359289646148681640625" lon="126.63495006971061229705810546875">
        <ele>122.8000030517578125</ele>
        <time>2026-10-04T22:12:26.000Z</time>
        <extensions>
          <ns3:TrackPointExtension>
            <ns3:hr>136</ns3:hr>
            <ns3:cad>92</ns3:cad>
          </ns3:TrackPointExtension>
        </extensions>
      </trkpt>
      <trkpt lat="45.789312422275543212890625" lon="126.63492961786687374114990234375">
        <ele>122.59999847412109375</ele>
        <time>2026-10-04T22:12:27.000Z</time>
        <extensions>
          <ns3:TrackPointExtension>
            <ns3:hr>136</ns3:hr>
            <ns3:cad>92</ns3:cad>
          </ns3:TrackPointExtension>
        </extensions>
      </trkpt>
      <trkpt lat="45.78929440118372440338134765625" lon="126.6348889656364917755126953125">
        <ele>122.59999847412109375</ele>
        <time>2026-10-04T22:12:28.000Z</time>
        <extensions>
          <ns3:TrackPointExtension>
            <ns3:hr>136</ns3:hr>
            <ns3:cad>92</ns3:cad>
          </ns3:TrackPointExtension>
        </extensions>
      </trkpt>
      <trkpt lat="45.789276547729969024658203125" lon="126.634860299527645111083984375">
        <ele>122.59999847412109375</ele>
        <time>2026-10-04T22:12:29.000Z</time>
        <extensions>
          <ns3:TrackPointExtension>
            <ns3:hr>136</ns3:hr>
            <ns3:cad>93</ns3:cad>
          </ns3:TrackPointExtension>
        </extensions>
      </trkpt>
      <trkpt lat="45.789263136684894561767578125" lon="126.63481093011796474456787109375">
        <ele>122.59999847412109375</ele>
        <time>2026-10-04T22:12:30.000Z</time>
        <extensions>
          <ns3:TrackPointExtension>
            <ns3:hr>136</ns3:hr>
            <ns3:cad>93</ns3:cad>
          </ns3:TrackPointExtension>
        </extensions>
      </trkpt>
      <trkpt lat="45.78924662433564662933349609375" lon="126.63477958180010318756103515625">
        <ele>122.40000152587890625</ele>
        <time>2026-10-04T22:12:31.000Z</time>
        <extensions>
          <ns3:TrackPointExtension>
            <ns3:hr>136</ns3:hr>
            <ns3:cad>93</ns3:cad>
          </ns3:TrackPointExtension>
        </extensions>
      </trkpt>
      <trkpt lat="45.789234638214111328125" lon="126.6347333975136280059814453125">
        <ele>122.40000152587890625</ele>
        <time>2026-10-04T22:12:32.000Z</time>
        <extensions>
          <ns3:TrackPointExtension>
            <ns3:hr>135</ns3:hr>
            <ns3:cad>92</ns3:cad>
          </ns3:TrackPointExtension>
        </extensions>
      </trkpt>
      <trkpt lat="45.7892180420458316802978515625" lon="126.6347092576324939727783203125">
        <ele>122.1999969482421875</ele>
        <time>2026-10-04T22:12:33.000Z</time>
        <extensions>
          <ns3:TrackPointExtension>
            <ns3:hr>135</ns3:hr>
            <ns3:cad>91</ns3:cad>
          </ns3:TrackPointExtension>
        </extensions>
      </trkpt>
      <trkpt lat="45.7892039604485034942626953125" lon="126.6346715390682220458984375">
        <ele>122.1999969482421875</ele>
        <time>2026-10-04T22:12:34.000Z</time>
        <extensions>
          <ns3:TrackPointExtension>
            <ns3:hr>135</ns3:hr>
            <ns3:cad>91</ns3:cad>
          </ns3:TrackPointExtension>
        </extensions>
      </trkpt>
      <trkpt lat="45.7891848497092723846435546875" lon="126.63464932702481746673583984375">
        <ele>122.1999969482421875</ele>
        <time>2026-10-04T22:12:35.000Z</time>
        <extensions>
          <ns3:TrackPointExtension>
            <ns3:hr>134</ns3:hr>
            <ns3:cad>90</ns3:cad>
          </ns3:TrackPointExtension>
        </extensions>
      </trkpt>
      <trkpt lat="45.78916615806519985198974609375" lon="126.63461026735603809356689453125">
        <ele>122.40000152587890625</ele>
        <time>2026-10-04T22:12:36.000Z</time>
        <extensions>
          <ns3:TrackPointExtension>
            <ns3:hr>134</ns3:hr>
            <ns3:cad>90</ns3:cad>
          </ns3:TrackPointExtension>
        </extensions>
      </trkpt>
      <trkpt lat="45.7891483046114444732666015625" lon="126.63459048606455326080322265625">
        <ele>122.40000152587890625</ele>
        <time>2026-10-04T22:12:37.000Z</time>
        <extensions>
          <ns3:TrackPointExtension>
            <ns3:hr>134</ns3:hr>
            <ns3:cad>91</ns3:cad>
          </ns3:TrackPointExtension>
        </extensions>
      </trkpt>
      <trkpt lat="45.7891291938722133636474609375" lon="126.6345573775470256805419921875">
        <ele>122.40000152587890625</ele>
        <time>2026-10-04T22:12:38.000Z</time>
        <extensions>
          <ns3:TrackPointExtension>
            <ns3:hr>134</ns3:hr>
            <ns3:cad>92</ns3:cad>
          </ns3:TrackPointExtension>
        </extensions>
      </trkpt>
      <trkpt lat="45.78911326825618743896484375" lon="126.6345312260091304779052734375">
        <ele>122.40000152587890625</ele>
        <time>2026-10-04T22:12:39.000Z</time>
        <extensions>
          <ns3:TrackPointExtension>
            <ns3:hr>134</ns3:hr>
            <ns3:cad>92</ns3:cad>
          </ns3:TrackPointExtension>
        </extensions>
      </trkpt>
      <trkpt lat="45.78909608535468578338623046875" lon="126.63449325598776340484619140625">
        <ele>122.40000152587890625</ele>
        <time>2026-10-04T22:12:40.000Z</time>
        <extensions>
          <ns3:TrackPointExtension>
            <ns3:hr>133</ns3:hr>
            <ns3:cad>92</ns3:cad>
          </ns3:TrackPointExtension>
        </extensions>
      </trkpt>
      <trkpt lat="45.78907345421612262725830078125" lon="126.634459309279918670654296875">
        <ele>122.40000152587890625</ele>
        <time>2026-10-04T22:12:41.000Z</time>
        <extensions>
          <ns3:TrackPointExtension>
            <ns3:hr>133</ns3:hr>
            <ns3:cad>92</ns3:cad>
          </ns3:TrackPointExtension>
        </extensions>
      </trkpt>
      <trkpt lat="45.789052583277225494384765625" lon="126.63442569784820079803466796875">
        <ele>122.40000152587890625</ele>
        <time>2026-10-04T22:12:42.000Z</time>
        <extensions>
          <ns3:TrackPointExtension>
            <ns3:hr>133</ns3:hr>
            <ns3:cad>92</ns3:cad>
          </ns3:TrackPointExtension>
        </extensions>
      </trkpt>
      <trkpt lat="45.78903020359575748443603515625" lon="126.63439183495938777923583984375">
        <ele>122.40000152587890625</ele>
        <time>2026-10-04T22:12:43.000Z</time>
        <extensions>
          <ns3:TrackPointExtension>
            <ns3:hr>133</ns3:hr>
            <ns3:cad>92</ns3:cad>
          </ns3:TrackPointExtension>
        </extensions>
      </trkpt>
      <trkpt lat="45.7890118472278118133544921875" lon="126.634362079203128814697265625">
        <ele>122.40000152587890625</ele>
        <time>2026-10-04T22:12:44.000Z</time>
        <extensions>
          <ns3:TrackPointExtension>
            <ns3:hr>134</ns3:hr>
            <ns3:cad>91</ns3:cad>
          </ns3:TrackPointExtension>
        </extensions>
      </trkpt>
      <trkpt lat="45.78898980282247066497802734375" lon="126.63432880304753780364990234375">
        <ele>122.1999969482421875</ele>
        <time>2026-10-04T22:12:45.000Z</time>
        <extensions>
          <ns3:TrackPointExtension>
            <ns3:hr>134</ns3:hr>
            <ns3:cad>90</ns3:cad>
          </ns3:TrackPointExtension>
        </extensions>
      </trkpt>
      <trkpt lat="45.78896767459809780120849609375" lon="126.6343065910041332244873046875">
        <ele>122</ele>
        <time>2026-10-04T22:12:46.000Z</time>
        <extensions>
          <ns3:TrackPointExtension>
            <ns3:hr>134</ns3:hr>
            <ns3:cad>90</ns3:cad>
          </ns3:TrackPointExtension>
        </extensions>
      </trkpt>
      <trkpt lat="45.788943283259868621826171875" lon="126.6342764161527156829833984375">
        <ele>122</ele>
        <time>2026-10-04T22:12:47.000Z</time>
        <extensions>
          <ns3:TrackPointExtension>
            <ns3:hr>135</ns3:hr>
            <ns3:cad>90</ns3:cad>
          </ns3:TrackPointExtension>
        </extensions>
      </trkpt>
      <trkpt lat="45.78892140649259090423583984375" lon="126.63425537757575511932373046875">
        <ele>122</ele>
        <time>2026-10-04T22:12:48.000Z</time>
        <extensions>
          <ns3:TrackPointExtension>
            <ns3:hr>135</ns3:hr>
            <ns3:cad>90</ns3:cad>
          </ns3:TrackPointExtension>
        </extensions>
      </trkpt>
      <trkpt lat="45.78889793716371059417724609375" lon="126.6342231072485446929931640625">
        <ele>122</ele>
        <time>2026-10-04T22:12:49.000Z</time>
        <extensions>
          <ns3:TrackPointExtension>
            <ns3:hr>136</ns3:hr>
            <ns3:cad>93</ns3:cad>
          </ns3:TrackPointExtension>
        </extensions>
      </trkpt>
      <trkpt lat="45.78888050280511379241943359375" lon="126.634199805557727813720703125">
        <ele>122.1999969482421875</ele>
        <time>2026-10-04T22:12:50.000Z</time>
        <extensions>
          <ns3:TrackPointExtension>
            <ns3:hr>136</ns3:hr>
            <ns3:cad>93</ns3:cad>
          </ns3:TrackPointExtension>
        </extensions>
      </trkpt>
      <trkpt lat="45.78885569237172603607177734375" lon="126.63416124880313873291015625">
        <ele>122.1999969482421875</ele>
        <time>2026-10-04T22:12:51.000Z</time>
        <extensions>
          <ns3:TrackPointExtension>
            <ns3:hr>136</ns3:hr>
            <ns3:cad>93</ns3:cad>
          </ns3:TrackPointExtension>
        </extensions>
      </trkpt>
      <trkpt lat="45.78883968293666839599609375" lon="126.63413442671298980712890625">
        <ele>122.40000152587890625</ele>
        <time>2026-10-04T22:12:52.000Z</time>
        <extensions>
          <ns3:TrackPointExtension>
            <ns3:hr>137</ns3:hr>
            <ns3:cad>93</ns3:cad>
          </ns3:TrackPointExtension>
        </extensions>
      </trkpt>
      <trkpt lat="45.78881260938942432403564453125" lon="126.63410400040447711944580078125">
        <ele>122.59999847412109375</ele>
        <time>2026-10-04T22:12:53.000Z</time>
        <extensions>
          <ns3:TrackPointExtension>
            <ns3:hr>137</ns3:hr>
            <ns3:cad>93</ns3:cad>
          </ns3:TrackPointExtension>
        </extensions>
      </trkpt>
      <trkpt lat="45.788793079555034637451171875" lon="126.63407600484788417816162109375">
        <ele>122.59999847412109375</ele>
        <time>2026-10-04T22:12:54.000Z</time>
        <extensions>
          <ns3:TrackPointExtension>
            <ns3:hr>138</ns3:hr>
            <ns3:cad>92</ns3:cad>
          </ns3:TrackPointExtension>
        </extensions>
      </trkpt>
      <trkpt lat="45.7887660898268222808837890625" lon="126.6340420581400394439697265625">
        <ele>122.59999847412109375</ele>
        <time>2026-10-04T22:12:55.000Z</time>
        <extensions>
          <ns3:TrackPointExtension>
            <ns3:hr>138</ns3:hr>
            <ns3:cad>92</ns3:cad>
          </ns3:TrackPointExtension>
        </extensions>
      </trkpt>
      <trkpt lat="45.788752846419811248779296875" lon="126.63401112891733646392822265625">
        <ele>122.59999847412109375</ele>
        <time>2026-10-04T22:12:56.000Z</time>
        <extensions>
          <ns3:TrackPointExtension>
            <ns3:hr>139</ns3:hr>
            <ns3:cad>92</ns3:cad>
          </ns3:TrackPointExtension>
        </extensions>
      </trkpt>
      <trkpt lat="45.78873239457607269287109375" lon="126.6339729912579059600830078125">
        <ele>122.59999847412109375</ele>
        <time>2026-10-04T22:12:57.000Z</time>
        <extensions>
          <ns3:TrackPointExtension>
            <ns3:hr>139</ns3:hr>
            <ns3:cad>93</ns3:cad>
          </ns3:TrackPointExtension>
        </extensions>
      </trkpt>
      <trkpt lat="45.78871202655136585235595703125" lon="126.63394105620682239532470703125">
        <ele>122.59999847412109375</ele>
        <time>2026-10-04T22:12:58.000Z</time>
        <extensions>
          <ns3:TrackPointExtension>
            <ns3:hr>139</ns3:hr>
            <ns3:cad>93</ns3:cad>
          </ns3:TrackPointExtension>
        </extensions>
      </trkpt>
      <trkpt lat="45.7886913232505321502685546875" lon="126.6339089535176753997802734375">
        <ele>122.59999847412109375</ele>
        <time>2026-10-04T22:12:59.000Z</time>
        <extensions>
          <ns3:TrackPointExtension>
            <ns3:hr>139</ns3:hr>
            <ns3:cad>93</ns3:cad>
          </ns3:TrackPointExtension>
        </extensions>
      </trkpt>
      <trkpt lat="45.78867447562515735626220703125" lon="126.63387618027627468109130859375">
        <ele>122.59999847412109375</ele>
        <time>2026-10-04T22:13:00.000Z</time>
        <extensions>
          <ns3:TrackPointExtension>
            <ns3:hr>139</ns3:hr>
            <ns3:cad>93</ns3:cad>
          </ns3:TrackPointExtension>
        </extensions>
      </trkpt>
      <trkpt lat="45.7886628247797489166259765625" lon="126.63384801708161830902099609375">
        <ele>122.59999847412109375</ele>
        <time>2026-10-04T22:13:01.000Z</time>
        <extensions>
          <ns3:TrackPointExtension>
            <ns3:hr>139</ns3:hr>
            <ns3:cad>93</ns3:cad>
          </ns3:TrackPointExtension>
        </extensions>
      </trkpt>
      <trkpt lat="45.7886423729360103607177734375" lon="126.633812226355075836181640625">
        <ele>122.59999847412109375</ele>
        <time>2026-10-04T22:13:02.000Z</time>
        <extensions>
          <ns3:TrackPointExtension>
            <ns3:hr>140</ns3:hr>
            <ns3:cad>92</ns3:cad>
          </ns3:TrackPointExtension>
        </extensions>
      </trkpt>
      <trkpt lat="45.788627453148365020751953125" lon="126.633787415921688079833984375">
        <ele>122.59999847412109375</ele>
        <time>2026-10-04T22:13:03.000Z</time>
        <extensions>
          <ns3:TrackPointExtension>
            <ns3:hr>140</ns3:hr>
            <ns3:cad>92</ns3:cad>
          </ns3:TrackPointExtension>
        </extensions>
      </trkpt>
      <trkpt lat="45.7886081747710704803466796875" lon="126.6337520442903041839599609375">
        <ele>122.8000030517578125</ele>
        <time>2026-10-04T22:13:04.000Z</time>
        <extensions>
          <ns3:TrackPointExtension>
            <ns3:hr>140</ns3:hr>
            <ns3:cad>92</ns3:cad>
          </ns3:TrackPointExtension>
        </extensions>
      </trkpt>
      <trkpt lat="45.78859015367925167083740234375" lon="126.63372513838112354278564453125">
        <ele>122.8000030517578125</ele>
        <time>2026-10-04T22:13:05.000Z</time>
        <extensions>
          <ns3:TrackPointExtension>
            <ns3:hr>140</ns3:hr>
            <ns3:cad>92</ns3:cad>
          </ns3:TrackPointExtension>
        </extensions>
      </trkpt>
      <trkpt lat="45.78856609761714935302734375" lon="126.63368322886526584625244140625">
        <ele>122.8000030517578125</ele>
        <time>2026-10-04T22:13:06.000Z</time>
        <extensions>
          <ns3:TrackPointExtension>
            <ns3:hr>140</ns3:hr>
            <ns3:cad>91</ns3:cad>
          </ns3:TrackPointExtension>
        </extensions>
      </trkpt>
      <trkpt lat="45.78854707069694995880126953125" lon="126.63365573622286319732666015625">
        <ele>122.8000030517578125</ele>
        <time>2026-10-04T22:13:07.000Z</time>
        <extensions>
          <ns3:TrackPointExtension>
            <ns3:hr>140</ns3:hr>
            <ns3:cad>91</ns3:cad>
          </ns3:TrackPointExtension>
        </extensions>
      </trkpt>
      <trkpt lat="45.78852075152099132537841796875" lon="126.633615754544734954833984375">
        <ele>122.8000030517578125</ele>
        <time>2026-10-04T22:13:08.000Z</time>
        <extensions>
          <ns3:TrackPointExtension>
            <ns3:hr>140</ns3:hr>
            <ns3:cad>91</ns3:cad>
          </ns3:TrackPointExtension>
        </extensions>
      </trkpt>
      <trkpt lat="45.78850214369595050811767578125" lon="126.6335907764732837677001953125">
        <ele>122.59999847412109375</ele>
        <time>2026-10-04T22:13:09.000Z</time>
        <extensions>
          <ns3:TrackPointExtension>
            <ns3:hr>141</ns3:hr>
            <ns3:cad>91</ns3:cad>
          </ns3:TrackPointExtension>
        </extensions>
      </trkpt>
      <trkpt lat="45.78847666271030902862548828125" lon="126.63355397991836071014404296875">
        <ele>122.59999847412109375</ele>
        <time>2026-10-04T22:13:10.000Z</time>
        <extensions>
          <ns3:TrackPointExtension>
            <ns3:hr>141</ns3:hr>
            <ns3:cad>92</ns3:cad>
          </ns3:TrackPointExtension>
        </extensions>
      </trkpt>
      <trkpt lat="45.7884606532752513885498046875" lon="126.63353034295141696929931640625">
        <ele>122.59999847412109375</ele>
        <time>2026-10-04T22:13:11.000Z</time>
        <extensions>
          <ns3:TrackPointExtension>
            <ns3:hr>141</ns3:hr>
            <ns3:cad>93</ns3:cad>
          </ns3:TrackPointExtension>
        </extensions>
      </trkpt>
      <trkpt lat="45.78843626193702220916748046875" lon="126.6334952227771282196044921875">
        <ele>122.59999847412109375</ele>
        <time>2026-10-04T22:13:12.000Z</time>
        <extensions>
          <ns3:TrackPointExtension>
            <ns3:hr>141</ns3:hr>
            <ns3:cad>93</ns3:cad>
          </ns3:TrackPointExtension>
        </extensions>
      </trkpt>
      <trkpt lat="45.7884143851697444915771484375" lon="126.63348424248397350311279296875">
        <ele>122.59999847412109375</ele>
        <time>2026-10-04T22:13:13.000Z</time>
        <extensions>
          <ns3:TrackPointExtension>
            <ns3:hr>141</ns3:hr>
            <ns3:cad>93</ns3:cad>
          </ns3:TrackPointExtension>
        </extensions>
      </trkpt>
      <trkpt lat="45.7883872278034687042236328125" lon="126.63345607928931713104248046875">
        <ele>122.8000030517578125</ele>
        <time>2026-10-04T22:13:14.000Z</time>
        <extensions>
          <ns3:TrackPointExtension>
            <ns3:hr>142</ns3:hr>
            <ns3:cad>92</ns3:cad>
          </ns3:TrackPointExtension>
        </extensions>
      </trkpt>
      <trkpt lat="45.7883656024932861328125" lon="126.63343646563589572906494140625">
        <ele>123</ele>
        <time>2026-10-04T22:13:15.000Z</time>
        <extensions>
          <ns3:TrackPointExtension>
            <ns3:hr>142</ns3:hr>
            <ns3:cad>92</ns3:cad>
          </ns3:TrackPointExtension>
        </extensions>
      </trkpt>
      <trkpt lat="45.78834070824086666107177734375" lon="126.63340729661285877227783203125">
        <ele>123</ele>
        <time>2026-10-04T22:13:16.000Z</time>
        <extensions>
          <ns3:TrackPointExtension>
            <ns3:hr>142</ns3:hr>
            <ns3:cad>92</ns3:cad>
          </ns3:TrackPointExtension>
        </extensions>
      </trkpt>
      <trkpt lat="45.78831799328327178955078125" lon="126.63338868878781795501708984375">
        <ele>123</ele>
        <time>2026-10-04T22:13:17.000Z</time>
        <extensions>
          <ns3:TrackPointExtension>
            <ns3:hr>142</ns3:hr>
            <ns3:cad>92</ns3:cad>
          </ns3:TrackPointExtension>
        </extensions>
      </trkpt>
      <trkpt lat="45.78829527832567691802978515625" lon="126.63335834629833698272705078125">
        <ele>123</ele>
        <time>2026-10-04T22:13:18.000Z</time>
        <extensions>
          <ns3:TrackPointExtension>
            <ns3:hr>142</ns3:hr>
            <ns3:cad>91</ns3:cad>
          </ns3:TrackPointExtension>
        </extensions>
      </trkpt>
      <trkpt lat="45.78827398829162120819091796875" lon="126.6333473660051822662353515625">
        <ele>123</ele>
        <time>2026-10-04T22:13:19.000Z</time>
        <extensions>
          <ns3:TrackPointExtension>
            <ns3:hr>143</ns3:hr>
            <ns3:cad>91</ns3:cad>
          </ns3:TrackPointExtension>
        </extensions>
      </trkpt>
      <trkpt lat="45.788251273334026336669921875" lon="126.63332046009600162506103515625">
        <ele>123</ele>
        <time>2026-10-04T22:13:20.000Z</time>
        <extensions>
          <ns3:TrackPointExtension>
            <ns3:hr>143</ns3:hr>
            <ns3:cad>91</ns3:cad>
          </ns3:TrackPointExtension>
        </extensions>
      </trkpt>
      <trkpt lat="45.78822788782417774200439453125" lon="126.6333037801086902618408203125">
        <ele>123</ele>
        <time>2026-10-04T22:13:21.000Z</time>
        <extensions>
          <ns3:TrackPointExtension>
            <ns3:hr>143</ns3:hr>
            <ns3:cad>92</ns3:cad>
          </ns3:TrackPointExtension>
        </extensions>
      </trkpt>
      <trkpt lat="45.7882055081427097320556640625" lon="126.63327737711369991302490234375">
        <ele>123</ele>
        <time>2026-10-04T22:13:22.000Z</time>
        <extensions>
          <ns3:TrackPointExtension>
            <ns3:hr>142</ns3:hr>
            <ns3:cad>92</ns3:cad>
          </ns3:TrackPointExtension>
        </extensions>
      </trkpt>
      <trkpt lat="45.7881810329854488372802734375" lon="126.63325809873640537261962890625">
        <ele>123</ele>
        <time>2026-10-04T22:13:23.000Z</time>
        <extensions>
          <ns3:TrackPointExtension>
            <ns3:hr>143</ns3:hr>
            <ns3:cad>92</ns3:cad>
          </ns3:TrackPointExtension>
        </extensions>
      </trkpt>
      <trkpt lat="45.7881542108952999114990234375" lon="126.63323982618749141693115234375">
        <ele>123</ele>
        <time>2026-10-04T22:13:24.000Z</time>
        <extensions>
          <ns3:TrackPointExtension>
            <ns3:hr>143</ns3:hr>
            <ns3:cad>92</ns3:cad>
          </ns3:TrackPointExtension>
        </extensions>
      </trkpt>
      <trkpt lat="45.78813015483319759368896484375" lon="126.63321685977280139923095703125">
        <ele>123</ele>
        <time>2026-10-04T22:13:25.000Z</time>
        <extensions>
          <ns3:TrackPointExtension>
            <ns3:hr>142</ns3:hr>
            <ns3:cad>92</ns3:cad>
          </ns3:TrackPointExtension>
        </extensions>
      </trkpt>
      <trkpt lat="45.78810534439980983734130859375" lon="126.63319691084325313568115234375">
        <ele>123</ele>
        <time>2026-10-04T22:13:26.000Z</time>
        <extensions>
          <ns3:TrackPointExtension>
            <ns3:hr>142</ns3:hr>
            <ns3:cad>92</ns3:cad>
          </ns3:TrackPointExtension>
        </extensions>
      </trkpt>
      <trkpt lat="45.78808128833770751953125" lon="126.63317159749567508697509765625">
        <ele>123</ele>
        <time>2026-10-04T22:13:27.000Z</time>
        <extensions>
          <ns3:TrackPointExtension>
            <ns3:hr>142</ns3:hr>
            <ns3:cad>92</ns3:cad>
          </ns3:TrackPointExtension>
        </extensions>
      </trkpt>
      <trkpt lat="45.78806184232234954833984375" lon="126.633152067661285400390625">
        <ele>123</ele>
        <time>2026-10-04T22:13:28.000Z</time>
        <extensions>
          <ns3:TrackPointExtension>
            <ns3:hr>143</ns3:hr>
            <ns3:cad>92</ns3:cad>
          </ns3:TrackPointExtension>
        </extensions>
      </trkpt>
      <trkpt lat="45.788035690784454345703125" lon="126.63312633521854877471923828125">
        <ele>123</ele>
        <time>2026-10-04T22:13:29.000Z</time>
        <extensions>
          <ns3:TrackPointExtension>
            <ns3:hr>142</ns3:hr>
            <ns3:cad>92</ns3:cad>
          </ns3:TrackPointExtension>
        </extensions>
      </trkpt>
      <trkpt lat="45.7880137301981449127197265625" lon="126.63311309181153774261474609375">
        <ele>123.1999969482421875</ele>
        <time>2026-10-04T22:13:30.000Z</time>
        <extensions>
          <ns3:TrackPointExtension>
            <ns3:hr>142</ns3:hr>
            <ns3:cad>91</ns3:cad>
          </ns3:TrackPointExtension>
        </extensions>
      </trkpt>
      <trkpt lat="45.78798783011734485626220703125" lon="126.63308995775878429412841796875">
        <ele>123.1999969482421875</ele>
        <time>2026-10-04T22:13:31.000Z</time>
        <extensions>
          <ns3:TrackPointExtension>
            <ns3:hr>142</ns3:hr>
            <ns3:cad>91</ns3:cad>
          </ns3:TrackPointExtension>
        </extensions>
      </trkpt>
      <trkpt lat="45.7879631035029888153076171875" lon="126.6330721043050289154052734375">
        <ele>123.40000152587890625</ele>
        <time>2026-10-04T22:13:32.000Z</time>
        <extensions>
          <ns3:TrackPointExtension>
            <ns3:hr>143</ns3:hr>
            <ns3:cad>91</ns3:cad>
          </ns3:TrackPointExtension>
        </extensions>
      </trkpt>
      <trkpt lat="45.78793602995574474334716796875" lon="126.6330434381961822509765625">
        <ele>123.40000152587890625</ele>
        <time>2026-10-04T22:13:33.000Z</time>
        <extensions>
          <ns3:TrackPointExtension>
            <ns3:hr>142</ns3:hr>
            <ns3:cad>91</ns3:cad>
          </ns3:TrackPointExtension>
        </extensions>
      </trkpt>
      <trkpt lat="45.78791205771267414093017578125" lon="126.63303078152239322662353515625">
        <ele>123.40000152587890625</ele>
        <time>2026-10-04T22:13:34.000Z</time>
        <extensions>
          <ns3:TrackPointExtension>
            <ns3:hr>142</ns3:hr>
            <ns3:cad>92</ns3:cad>
          </ns3:TrackPointExtension>
        </extensions>
      </trkpt>
      <trkpt lat="45.7878843136131763458251953125" lon="126.63300513289868831634521484375">
        <ele>123.40000152587890625</ele>
        <time>2026-10-04T22:13:35.000Z</time>
        <extensions>
          <ns3:TrackPointExtension>
            <ns3:hr>142</ns3:hr>
            <ns3:cad>92</ns3:cad>
          </ns3:TrackPointExtension>
        </extensions>
      </trkpt>
      <trkpt lat="45.78786076046526432037353515625" lon="126.63299256004393100738525390625">
        <ele>123.40000152587890625</ele>
        <time>2026-10-04T22:13:36.000Z</time>
        <extensions>
          <ns3:TrackPointExtension>
            <ns3:hr>142</ns3:hr>
            <ns3:cad>92</ns3:cad>
          </ns3:TrackPointExtension>
        </extensions>
      </trkpt>
      <trkpt lat="45.78783460892736911773681640625" lon="126.6329631395637989044189453125">
        <ele>123.40000152587890625</ele>
        <time>2026-10-04T22:13:37.000Z</time>
        <extensions>
          <ns3:TrackPointExtension>
            <ns3:hr>142</ns3:hr>
            <ns3:cad>92</ns3:cad>
          </ns3:TrackPointExtension>
        </extensions>
      </trkpt>
      <trkpt lat="45.787811391055583953857421875" lon="126.63294394500553607940673828125">
        <ele>123.59999847412109375</ele>
        <time>2026-10-04T22:13:38.000Z</time>
        <extensions>
          <ns3:TrackPointExtension>
            <ns3:hr>143</ns3:hr>
            <ns3:cad>92</ns3:cad>
          </ns3:TrackPointExtension>
        </extensions>
      </trkpt>
      <trkpt lat="45.7877830602228641510009765625" lon="126.63291762582957744598388671875">
        <ele>123.59999847412109375</ele>
        <time>2026-10-04T22:13:39.000Z</time>
        <extensions>
          <ns3:TrackPointExtension>
            <ns3:hr>143</ns3:hr>
            <ns3:cad>91</ns3:cad>
          </ns3:TrackPointExtension>
        </extensions>
      </trkpt>
      <trkpt lat="45.787759087979793548583984375" lon="126.6328984312713146209716796875">
        <ele>123.59999847412109375</ele>
        <time>2026-10-04T22:13:40.000Z</time>
        <extensions>
          <ns3:TrackPointExtension>
            <ns3:hr>143</ns3:hr>
            <ns3:cad>91</ns3:cad>
          </ns3:TrackPointExtension>
        </extensions>
      </trkpt>
      <trkpt lat="45.78773536719381809234619140625" lon="126.63286834023892879486083984375">
        <ele>123.59999847412109375</ele>
        <time>2026-10-04T22:13:41.000Z</time>
        <extensions>
          <ns3:TrackPointExtension>
            <ns3:hr>143</ns3:hr>
            <ns3:cad>92</ns3:cad>
          </ns3:TrackPointExtension>
        </extensions>
      </trkpt>
      <trkpt lat="45.78771675936877727508544921875" lon="126.63284361362457275390625">
        <ele>123.59999847412109375</ele>
        <time>2026-10-04T22:13:42.000Z</time>
        <extensions>
          <ns3:TrackPointExtension>
            <ns3:hr>143</ns3:hr>
            <ns3:cad>92</ns3:cad>
          </ns3:TrackPointExtension>
        </extensions>
      </trkpt>
      <trkpt lat="45.78769714571535587310791015625" lon="126.6328032128512859344482421875">
        <ele>123.59999847412109375</ele>
        <time>2026-10-04T22:13:43.000Z</time>
        <extensions>
          <ns3:TrackPointExtension>
            <ns3:hr>142</ns3:hr>
            <ns3:cad>91</ns3:cad>
          </ns3:TrackPointExtension>
        </extensions>
      </trkpt>
      <trkpt lat="45.7876784540712833404541015625" lon="126.63277949206531047821044921875">
        <ele>123.40000152587890625</ele>
        <time>2026-10-04T22:13:44.000Z</time>
        <extensions>
          <ns3:TrackPointExtension>
            <ns3:hr>142</ns3:hr>
            <ns3:cad>91</ns3:cad>
          </ns3:TrackPointExtension>
        </extensions>
      </trkpt>
      <trkpt lat="45.78765708021819591522216796875" lon="126.632740013301372528076171875">
        <ele>123.40000152587890625</ele>
        <time>2026-10-04T22:13:45.000Z</time>
        <extensions>
          <ns3:TrackPointExtension>
            <ns3:hr>142</ns3:hr>
            <ns3:cad>91</ns3:cad>
          </ns3:TrackPointExtension>
        </extensions>
      </trkpt>
      <trkpt lat="45.78763478435575962066650390625" lon="126.6327163763344287872314453125">
        <ele>123.1999969482421875</ele>
        <time>2026-10-04T22:13:46.000Z</time>
        <extensions>
          <ns3:TrackPointExtension>
            <ns3:hr>142</ns3:hr>
            <ns3:cad>91</ns3:cad>
          </ns3:TrackPointExtension>
        </extensions>
      </trkpt>
      <trkpt lat="45.787612237036228179931640625" lon="126.63268268108367919921875">
        <ele>123.1999969482421875</ele>
        <time>2026-10-04T22:13:47.000Z</time>
        <extensions>
          <ns3:TrackPointExtension>
            <ns3:hr>142</ns3:hr>
            <ns3:cad>90</ns3:cad>
          </ns3:TrackPointExtension>
        </extensions>
      </trkpt>
      <trkpt lat="45.787590444087982177734375" lon="126.63265778683125972747802734375">
        <ele>123.40000152587890625</ele>
        <time>2026-10-04T22:13:48.000Z</time>
        <extensions>
          <ns3:TrackPointExtension>
            <ns3:hr>142</ns3:hr>
            <ns3:cad>90</ns3:cad>
          </ns3:TrackPointExtension>
        </extensions>
      </trkpt>
      <trkpt lat="45.7875721715390682220458984375" lon="126.63262492977082729339599609375">
        <ele>123.40000152587890625</ele>
        <time>2026-10-04T22:13:49.000Z</time>
        <extensions>
          <ns3:TrackPointExtension>
            <ns3:hr>142</ns3:hr>
            <ns3:cad>90</ns3:cad>
          </ns3:TrackPointExtension>
        </extensions>
      </trkpt>
      <trkpt lat="45.78755632974207401275634765625" lon="126.63260498084127902984619140625">
        <ele>123.40000152587890625</ele>
        <time>2026-10-04T22:13:50.000Z</time>
        <extensions>
          <ns3:TrackPointExtension>
            <ns3:hr>142</ns3:hr>
            <ns3:cad>90</ns3:cad>
          </ns3:TrackPointExtension>
        </extensions>
      </trkpt>
      <trkpt lat="45.78753923065960407257080078125" lon="126.63257606327533721923828125">
        <ele>123.40000152587890625</ele>
        <time>2026-10-04T22:13:51.000Z</time>
        <extensions>
          <ns3:TrackPointExtension>
            <ns3:hr>141</ns3:hr>
            <ns3:cad>90</ns3:cad>
          </ns3:TrackPointExtension>
        </extensions>
      </trkpt>
      <trkpt lat="45.787523053586483001708984375" lon="126.63255251012742519378662109375">
        <ele>123.59999847412109375</ele>
        <time>2026-10-04T22:13:52.000Z</time>
        <extensions>
          <ns3:TrackPointExtension>
            <ns3:hr>142</ns3:hr>
            <ns3:cad>90</ns3:cad>
          </ns3:TrackPointExtension>
        </extensions>
      </trkpt>
      <trkpt lat="45.78751123510301113128662109375" lon="126.63251998834311962127685546875">
        <ele>123.59999847412109375</ele>
        <time>2026-10-04T22:13:53.000Z</time>
        <extensions>
          <ns3:TrackPointExtension>
            <ns3:hr>142</ns3:hr>
            <ns3:cad>90</ns3:cad>
          </ns3:TrackPointExtension>
        </extensions>
      </trkpt>
      <trkpt lat="45.787493884563446044921875" lon="126.6324954293668270111083984375">
        <ele>123.8000030517578125</ele>
        <time>2026-10-04T22:13:54.000Z</time>
        <extensions>
          <ns3:TrackPointExtension>
            <ns3:hr>142</ns3:hr>
            <ns3:cad>90</ns3:cad>
          </ns3:TrackPointExtension>
        </extensions>
      </trkpt>
      <trkpt lat="45.78747854568064212799072265625" lon="126.63246198557317256927490234375">
        <ele>123.8000030517578125</ele>
        <time>2026-10-04T22:13:55.000Z</time>
        <extensions>
          <ns3:TrackPointExtension>
            <ns3:hr>141</ns3:hr>
            <ns3:cad>90</ns3:cad>
          </ns3:TrackPointExtension>
        </extensions>
      </trkpt>
      <trkpt lat="45.787455327808856964111328125" lon="126.632435582578182220458984375">
        <ele>123.8000030517578125</ele>
        <time>2026-10-04T22:13:56.000Z</time>
        <extensions>
          <ns3:TrackPointExtension>
            <ns3:hr>142</ns3:hr>
            <ns3:cad>91</ns3:cad>
          </ns3:TrackPointExtension>
        </extensions>
      </trkpt>
      <trkpt lat="45.787435211241245269775390625" lon="126.63240968249738216400146484375">
        <ele>124</ele>
        <time>2026-10-04T22:13:57.000Z</time>
        <extensions>
          <ns3:TrackPointExtension>
            <ns3:hr>142</ns3:hr>
            <ns3:cad>91</ns3:cad>
          </ns3:TrackPointExtension>
        </extensions>
      </trkpt>
      <trkpt lat="45.78740998171269893646240234375" lon="126.63238671608269214630126953125">
        <ele>124</ele>
        <time>2026-10-04T22:13:58.000Z</time>
        <extensions>
          <ns3:TrackPointExtension>
            <ns3:hr>142</ns3:hr>
            <ns3:cad>92</ns3:cad>
          </ns3:TrackPointExtension>
        </extensions>
      </trkpt>
      <trkpt lat="45.78739170916378498077392578125" lon="126.6323613189160823822021484375">
        <ele>124</ele>
        <time>2026-10-04T22:13:59.000Z</time>
        <extensions>
          <ns3:TrackPointExtension>
            <ns3:hr>141</ns3:hr>
            <ns3:cad>92</ns3:cad>
          </ns3:TrackPointExtension>
        </extensions>
      </trkpt>
      <trkpt lat="45.787370838224887847900390625" lon="126.63232921622693538665771484375">
        <ele>124</ele>
        <time>2026-10-04T22:14:00.000Z</time>
        <extensions>
          <ns3:TrackPointExtension>
            <ns3:hr>141</ns3:hr>
            <ns3:cad>92</ns3:cad>
          </ns3:TrackPointExtension>
        </extensions>
      </trkpt>
      <trkpt lat="45.78735264949500560760498046875" lon="126.6323026455938816070556640625">
        <ele>124</ele>
        <time>2026-10-04T22:14:01.000Z</time>
        <extensions>
          <ns3:TrackPointExtension>
            <ns3:hr>141</ns3:hr>
            <ns3:cad>92</ns3:cad>
          </ns3:TrackPointExtension>
        </extensions>
      </trkpt>
      <trkpt lat="45.787329263985157012939453125" lon="126.6322701238095760345458984375">
        <ele>124</ele>
        <time>2026-10-04T22:14:02.000Z</time>
        <extensions>
          <ns3:TrackPointExtension>
            <ns3:hr>141</ns3:hr>
            <ns3:cad>92</ns3:cad>
          </ns3:TrackPointExtension>
        </extensions>
      </trkpt>
      <trkpt lat="45.7873099856078624725341796875" lon="126.6322476603090763092041015625">
        <ele>124</ele>
        <time>2026-10-04T22:14:03.000Z</time>
        <extensions>
          <ns3:TrackPointExtension>
            <ns3:hr>141</ns3:hr>
            <ns3:cad>92</ns3:cad>
          </ns3:TrackPointExtension>
        </extensions>
      </trkpt>
      <trkpt lat="45.78728391788899898529052734375" lon="126.63221505470573902130126953125">
        <ele>124.1999969482421875</ele>
        <time>2026-10-04T22:14:04.000Z</time>
        <extensions>
          <ns3:TrackPointExtension>
            <ns3:hr>141</ns3:hr>
            <ns3:cad>92</ns3:cad>
          </ns3:TrackPointExtension>
        </extensions>
      </trkpt>
      <trkpt lat="45.78725994564592838287353515625" lon="126.63219711743295192718505859375">
        <ele>124.1999969482421875</ele>
        <time>2026-10-04T22:14:05.000Z</time>
        <extensions>
          <ns3:TrackPointExtension>
            <ns3:hr>141</ns3:hr>
            <ns3:cad>92</ns3:cad>
          </ns3:TrackPointExtension>
        </extensions>
      </trkpt>
      <trkpt lat="45.78723329119384288787841796875" lon="126.6321678645908832550048828125">
        <ele>124.1999969482421875</ele>
        <time>2026-10-04T22:14:06.000Z</time>
        <extensions>
          <ns3:TrackPointExtension>
            <ns3:hr>141</ns3:hr>
            <ns3:cad>92</ns3:cad>
          </ns3:TrackPointExtension>
        </extensions>
      </trkpt>
      <trkpt lat="45.7872094027698040008544921875" lon="126.6321477480232715606689453125">
        <ele>124.1999969482421875</ele>
        <time>2026-10-04T22:14:07.000Z</time>
        <extensions>
          <ns3:TrackPointExtension>
            <ns3:hr>141</ns3:hr>
            <ns3:cad>92</ns3:cad>
          </ns3:TrackPointExtension>
        </extensions>
      </trkpt>
      <trkpt lat="45.78718341886997222900390625" lon="126.63211950100958347320556640625">
        <ele>124.1999969482421875</ele>
        <time>2026-10-04T22:14:08.000Z</time>
        <extensions>
          <ns3:TrackPointExtension>
            <ns3:hr>141</ns3:hr>
            <ns3:cad>92</ns3:cad>
          </ns3:TrackPointExtension>
        </extensions>
      </trkpt>
      <trkpt lat="45.7871591113507747650146484375" lon="126.63210340775549411773681640625">
        <ele>124.1999969482421875</ele>
        <time>2026-10-04T22:14:09.000Z</time>
        <extensions>
          <ns3:TrackPointExtension>
            <ns3:hr>140</ns3:hr>
            <ns3:cad>92</ns3:cad>
          </ns3:TrackPointExtension>
        </extensions>
      </trkpt>
      <trkpt lat="45.7871282659471035003662109375" lon="126.63206971250474452972412109375">
        <ele>124.1999969482421875</ele>
        <time>2026-10-04T22:14:10.000Z</time>
        <extensions>
          <ns3:TrackPointExtension>
            <ns3:hr>141</ns3:hr>
            <ns3:cad>92</ns3:cad>
          </ns3:TrackPointExtension>
        </extensions>
      </trkpt>
      <trkpt lat="45.7871064729988574981689453125" lon="126.63204406388103961944580078125">
        <ele>124.1999969482421875</ele>
        <time>2026-10-04T22:14:11.000Z</time>
        <extensions>
          <ns3:TrackPointExtension>
            <ns3:hr>140</ns3:hr>
            <ns3:cad>92</ns3:cad>
          </ns3:TrackPointExtension>
        </extensions>
      </trkpt>
      <trkpt lat="45.78708141110837459564208984375" lon="126.63202512077987194061279296875">
        <ele>124.1999969482421875</ele>
        <time>2026-10-04T22:14:12.000Z</time>
        <extensions>
          <ns3:TrackPointExtension>
            <ns3:hr>140</ns3:hr>
            <ns3:cad>92</ns3:cad>
          </ns3:TrackPointExtension>
        </extensions>
      </trkpt>
      <trkpt lat="45.78705525957047939300537109375" lon="126.632008440792560577392578125">
        <ele>124.1999969482421875</ele>
        <time>2026-10-04T22:14:13.000Z</time>
        <extensions>
          <ns3:TrackPointExtension>
            <ns3:hr>140</ns3:hr>
            <ns3:cad>92</ns3:cad>
          </ns3:TrackPointExtension>
        </extensions>
      </trkpt>
      <trkpt lat="45.78703514300286769866943359375" lon="126.6319821216166019439697265625">
        <ele>124.1999969482421875</ele>
        <time>2026-10-04T22:14:14.000Z</time>
        <extensions>
          <ns3:TrackPointExtension>
            <ns3:hr>140</ns3:hr>
            <ns3:cad>47</ns3:cad>
          </ns3:TrackPointExtension>
        </extensions>
      </trkpt>
      <trkpt lat="45.7870139367878437042236328125" lon="126.6319666989147663116455078125">
        <ele>124.1999969482421875</ele>
        <time>2026-10-04T22:14:15.000Z</time>
        <extensions>
          <ns3:TrackPointExtension>
            <ns3:hr>139</ns3:hr>
            <ns3:cad>47</ns3:cad>
          </ns3:TrackPointExtension>
        </extensions>
      </trkpt>
      <trkpt lat="45.78699373640120029449462890625" lon="126.63193878717720508575439453125">
        <ele>124.1999969482421875</ele>
        <time>2026-10-04T22:14:16.000Z</time>
        <extensions>
          <ns3:TrackPointExtension>
            <ns3:hr>139</ns3:hr>
            <ns3:cad>91</ns3:cad>
          </ns3:TrackPointExtension>
        </extensions>
      </trkpt>
      <trkpt lat="45.7869695127010345458984375" lon="126.6319174133241176605224609375">
        <ele>124.1999969482421875</ele>
        <time>2026-10-04T22:14:17.000Z</time>
        <extensions>
          <ns3:TrackPointExtension>
            <ns3:hr>139</ns3:hr>
            <ns3:cad>91</ns3:cad>
          </ns3:TrackPointExtension>
        </extensions>
      </trkpt>
      <trkpt lat="45.7869480550289154052734375" lon="126.63189637474715709686279296875">
        <ele>124.40000152587890625</ele>
        <time>2026-10-04T22:14:18.000Z</time>
        <extensions>
          <ns3:TrackPointExtension>
            <ns3:hr>139</ns3:hr>
            <ns3:cad>91</ns3:cad>
          </ns3:TrackPointExtension>
        </extensions>
      </trkpt>
      <trkpt lat="45.7869190536439418792724609375" lon="126.63187609054148197174072265625">
        <ele>124.40000152587890625</ele>
        <time>2026-10-04T22:14:19.000Z</time>
        <extensions>
          <ns3:TrackPointExtension>
            <ns3:hr>139</ns3:hr>
            <ns3:cad>92</ns3:cad>
          </ns3:TrackPointExtension>
        </extensions>
      </trkpt>
      <trkpt lat="45.78690052963793277740478515625" lon="126.63185161538422107696533203125">
        <ele>124.40000152587890625</ele>
        <time>2026-10-04T22:14:20.000Z</time>
        <extensions>
          <ns3:TrackPointExtension>
            <ns3:hr>138</ns3:hr>
            <ns3:cad>92</ns3:cad>
          </ns3:TrackPointExtension>
        </extensions>
      </trkpt>
      <trkpt lat="45.78687571920454502105712890625" lon="126.6318252123892307281494140625">
        <ele>124.40000152587890625</ele>
        <time>2026-10-04T22:14:21.000Z</time>
        <extensions>
          <ns3:TrackPointExtension>
            <ns3:hr>139</ns3:hr>
            <ns3:cad>92</ns3:cad>
          </ns3:TrackPointExtension>
        </extensions>
      </trkpt>
      <trkpt lat="45.7868556864559650421142578125" lon="126.63180652074515819549560546875">
        <ele>124.40000152587890625</ele>
        <time>2026-10-04T22:14:22.000Z</time>
        <extensions>
          <ns3:TrackPointExtension>
            <ns3:hr>139</ns3:hr>
            <ns3:cad>92</ns3:cad>
          </ns3:TrackPointExtension>
        </extensions>
      </trkpt>
      <trkpt lat="45.7868335582315921783447265625" lon="126.63178212940692901611328125">
        <ele>124.40000152587890625</ele>
        <time>2026-10-04T22:14:23.000Z</time>
        <extensions>
          <ns3:TrackPointExtension>
            <ns3:hr>138</ns3:hr>
            <ns3:cad>92</ns3:cad>
          </ns3:TrackPointExtension>
        </extensions>
      </trkpt>
      <trkpt lat="45.7868117652833461761474609375" lon="126.63176796399056911468505859375">
        <ele>124.40000152587890625</ele>
        <time>2026-10-04T22:14:24.000Z</time>
        <extensions>
          <ns3:TrackPointExtension>
            <ns3:hr>139</ns3:hr>
            <ns3:cad>92</ns3:cad>
          </ns3:TrackPointExtension>
        </extensions>
      </trkpt>
      <trkpt lat="45.7867898046970367431640625" lon="126.63174432702362537384033203125">
        <ele>124.40000152587890625</ele>
        <time>2026-10-04T22:14:25.000Z</time>
        <extensions>
          <ns3:TrackPointExtension>
            <ns3:hr>139</ns3:hr>
            <ns3:cad>92</ns3:cad>
          </ns3:TrackPointExtension>
        </extensions>
      </trkpt>
      <trkpt lat="45.78676767647266387939453125" lon="126.6317237913608551025390625">
        <ele>124.40000152587890625</ele>
        <time>2026-10-04T22:14:26.000Z</time>
        <extensions>
          <ns3:TrackPointExtension>
            <ns3:hr>139</ns3:hr>
            <ns3:cad>92</ns3:cad>
          </ns3:TrackPointExtension>
        </extensions>
      </trkpt>
      <trkpt lat="45.78674294985830783843994140625" lon="126.6316974721848964691162109375">
        <ele>124.40000152587890625</ele>
        <time>2026-10-04T22:14:27.000Z</time>
        <extensions>
          <ns3:TrackPointExtension>
            <ns3:hr>139</ns3:hr>
            <ns3:cad>92</ns3:cad>
          </ns3:TrackPointExtension>
        </extensions>
      </trkpt>
      <trkpt lat="45.78672233037650585174560546875" lon="126.63167995400726795196533203125">
        <ele>124.40000152587890625</ele>
        <time>2026-10-04T22:14:28.000Z</time>
        <extensions>
          <ns3:TrackPointExtension>
            <ns3:hr>139</ns3:hr>
            <ns3:cad>92</ns3:cad>
          </ns3:TrackPointExtension>
        </extensions>
      </trkpt>
      <trkpt lat="45.78669953159987926483154296875" lon="126.63165145553648471832275390625">
        <ele>124.40000152587890625</ele>
        <time>2026-10-04T22:14:29.000Z</time>
        <extensions>
          <ns3:TrackPointExtension>
            <ns3:hr>139</ns3:hr>
            <ns3:cad>92</ns3:cad>
          </ns3:TrackPointExtension>
        </extensions>
      </trkpt>
      <trkpt lat="45.78667907975614070892333984375" lon="126.63163661956787109375">
        <ele>124.40000152587890625</ele>
        <time>2026-10-04T22:14:30.000Z</time>
        <extensions>
          <ns3:TrackPointExtension>
            <ns3:hr>139</ns3:hr>
            <ns3:cad>92</ns3:cad>
          </ns3:TrackPointExtension>
        </extensions>
      </trkpt>
      <trkpt lat="45.7866556942462921142578125" lon="126.6316029243171215057373046875">
        <ele>124.40000152587890625</ele>
        <time>2026-10-04T22:14:31.000Z</time>
        <extensions>
          <ns3:TrackPointExtension>
            <ns3:hr>139</ns3:hr>
            <ns3:cad>91</ns3:cad>
          </ns3:TrackPointExtension>
        </extensions>
      </trkpt>
      <trkpt lat="45.78663532622158527374267578125" lon="126.63158322684466838836669921875">
        <ele>124.40000152587890625</ele>
        <time>2026-10-04T22:14:32.000Z</time>
        <extensions>
          <ns3:TrackPointExtension>
            <ns3:hr>139</ns3:hr>
            <ns3:cad>91</ns3:cad>
          </ns3:TrackPointExtension>
        </extensions>
      </trkpt>
      <trkpt lat="45.7866119407117366790771484375" lon="126.6315482743084430694580078125">
        <ele>124.40000152587890625</ele>
        <time>2026-10-04T22:14:33.000Z</time>
        <extensions>
          <ns3:TrackPointExtension>
            <ns3:hr>140</ns3:hr>
            <ns3:cad>92</ns3:cad>
          </ns3:TrackPointExtension>
        </extensions>
      </trkpt>
      <trkpt lat="45.7865894772112369537353515625" lon="126.63153042085468769073486328125">
        <ele>124.40000152587890625</ele>
        <time>2026-10-04T22:14:34.000Z</time>
        <extensions>
          <ns3:TrackPointExtension>
            <ns3:hr>139</ns3:hr>
            <ns3:cad>92</ns3:cad>
          </ns3:TrackPointExtension>
        </extensions>
      </trkpt>
      <trkpt lat="45.7865623198449611663818359375" lon="126.63150326348841190338134765625">
        <ele>124.40000152587890625</ele>
        <time>2026-10-04T22:14:35.000Z</time>
        <extensions>
          <ns3:TrackPointExtension>
            <ns3:hr>139</ns3:hr>
            <ns3:cad>92</ns3:cad>
          </ns3:TrackPointExtension>
        </extensions>
      </trkpt>
      <trkpt lat="45.78653943724930286407470703125" lon="126.631488092243671417236328125">
        <ele>124.40000152587890625</ele>
        <time>2026-10-04T22:14:36.000Z</time>
        <extensions>
          <ns3:TrackPointExtension>
            <ns3:hr>140</ns3:hr>
            <ns3:cad>91</ns3:cad>
          </ns3:TrackPointExtension>
        </extensions>
      </trkpt>
      <trkpt lat="45.7865187339484691619873046875" lon="126.63145850412547588348388671875">
        <ele>124.40000152587890625</ele>
        <time>2026-10-04T22:14:37.000Z</time>
        <extensions>
          <ns3:TrackPointExtension>
            <ns3:hr>140</ns3:hr>
            <ns3:cad>92</ns3:cad>
          </ns3:TrackPointExtension>
        </extensions>
      </trkpt>
      <trkpt lat="45.78649568371474742889404296875" lon="126.63144014775753021240234375">
        <ele>124.1999969482421875</ele>
        <time>2026-10-04T22:14:38.000Z</time>
        <extensions>
          <ns3:TrackPointExtension>
            <ns3:hr>140</ns3:hr>
            <ns3:cad>92</ns3:cad>
          </ns3:TrackPointExtension>
        </extensions>
      </trkpt>
      <trkpt lat="45.78647171147167682647705078125" lon="126.63141198456287384033203125">
        <ele>124.1999969482421875</ele>
        <time>2026-10-04T22:14:39.000Z</time>
        <extensions>
          <ns3:TrackPointExtension>
            <ns3:hr>139</ns3:hr>
            <ns3:cad>92</ns3:cad>
          </ns3:TrackPointExtension>
        </extensions>
      </trkpt>
      <trkpt lat="45.786447823047637939453125" lon="126.63139144890010356903076171875">
        <ele>124.1999969482421875</ele>
        <time>2026-10-04T22:14:40.000Z</time>
        <extensions>
          <ns3:TrackPointExtension>
            <ns3:hr>139</ns3:hr>
            <ns3:cad>92</ns3:cad>
          </ns3:TrackPointExtension>
        </extensions>
      </trkpt>
      <trkpt lat="45.78642326407134532928466796875" lon="126.63136295042932033538818359375">
        <ele>124.1999969482421875</ele>
        <time>2026-10-04T22:14:41.000Z</time>
        <extensions>
          <ns3:TrackPointExtension>
            <ns3:hr>139</ns3:hr>
            <ns3:cad>92</ns3:cad>
          </ns3:TrackPointExtension>
        </extensions>
      </trkpt>
      <trkpt lat="45.78639686107635498046875" lon="126.631343252956867218017578125">
        <ele>124.1999969482421875</ele>
        <time>2026-10-04T22:14:42.000Z</time>
        <extensions>
          <ns3:TrackPointExtension>
            <ns3:hr>139</ns3:hr>
            <ns3:cad>92</ns3:cad>
          </ns3:TrackPointExtension>
        </extensions>
      </trkpt>
      <trkpt lat="45.78637548722326755523681640625" lon="126.6313202865421772003173828125">
        <ele>124.1999969482421875</ele>
        <time>2026-10-04T22:14:43.000Z</time>
        <extensions>
          <ns3:TrackPointExtension>
            <ns3:hr>140</ns3:hr>
            <ns3:cad>92</ns3:cad>
          </ns3:TrackPointExtension>
        </extensions>
      </trkpt>
      <trkpt lat="45.78635327517986297607421875" lon="126.63129773922264575958251953125">
        <ele>124.1999969482421875</ele>
        <time>2026-10-04T22:14:44.000Z</time>
        <extensions>
          <ns3:TrackPointExtension>
            <ns3:hr>140</ns3:hr>
            <ns3:cad>92</ns3:cad>
          </ns3:TrackPointExtension>
        </extensions>
      </trkpt>
      <trkpt lat="45.7863343320786952972412109375" lon="126.63127250969409942626953125">
        <ele>124.1999969482421875</ele>
        <time>2026-10-04T22:14:45.000Z</time>
        <extensions>
          <ns3:TrackPointExtension>
            <ns3:hr>140</ns3:hr>
            <ns3:cad>92</ns3:cad>
          </ns3:TrackPointExtension>
        </extensions>
      </trkpt>
      <trkpt lat="45.78630910255014896392822265625" lon="126.63124895654618740081787109375">
        <ele>124.1999969482421875</ele>
        <time>2026-10-04T22:14:46.000Z</time>
        <extensions>
          <ns3:TrackPointExtension>
            <ns3:hr>139</ns3:hr>
            <ns3:cad>92</ns3:cad>
          </ns3:TrackPointExtension>
        </extensions>
      </trkpt>
      <trkpt lat="45.78628546558320522308349609375" lon="126.6312264092266559600830078125">
        <ele>124.1999969482421875</ele>
        <time>2026-10-04T22:14:47.000Z</time>
        <extensions>
          <ns3:TrackPointExtension>
            <ns3:hr>139</ns3:hr>
            <ns3:cad>92</ns3:cad>
          </ns3:TrackPointExtension>
        </extensions>
      </trkpt>
      <trkpt lat="45.7862609066069126129150390625" lon="126.631196402013301849365234375">
        <ele>124.1999969482421875</ele>
        <time>2026-10-04T22:14:48.000Z</time>
        <extensions>
          <ns3:TrackPointExtension>
            <ns3:hr>139</ns3:hr>
            <ns3:cad>92</ns3:cad>
          </ns3:TrackPointExtension>
        </extensions>
      </trkpt>
      <trkpt lat="45.78624422661960124969482421875" lon="126.6311747767031192779541015625">
        <ele>124.1999969482421875</ele>
        <time>2026-10-04T22:14:49.000Z</time>
        <extensions>
          <ns3:TrackPointExtension>
            <ns3:hr>139</ns3:hr>
            <ns3:cad>92</ns3:cad>
          </ns3:TrackPointExtension>
        </extensions>
      </trkpt>
      <trkpt lat="45.78622008673846721649169921875" lon="126.6311442665755748748779296875">
        <ele>124</ele>
        <time>2026-10-04T22:14:50.000Z</time>
        <extensions>
          <ns3:TrackPointExtension>
            <ns3:hr>139</ns3:hr>
            <ns3:cad>92</ns3:cad>
          </ns3:TrackPointExtension>
        </extensions>
      </trkpt>
      <trkpt lat="45.786201059818267822265625" lon="126.63112523965537548065185546875">
        <ele>124</ele>
        <time>2026-10-04T22:14:51.000Z</time>
        <extensions>
          <ns3:TrackPointExtension>
            <ns3:hr>139</ns3:hr>
            <ns3:cad>92</ns3:cad>
          </ns3:TrackPointExtension>
        </extensions>
      </trkpt>
      <trkpt lat="45.78618052415549755096435546875" lon="126.631095819175243377685546875">
        <ele>124</ele>
        <time>2026-10-04T22:14:52.000Z</time>
        <extensions>
          <ns3:TrackPointExtension>
            <ns3:hr>140</ns3:hr>
            <ns3:cad>92</ns3:cad>
          </ns3:TrackPointExtension>
        </extensions>
      </trkpt>
      <trkpt lat="45.7861620001494884490966796875" lon="126.6310691647231578826904296875">
        <ele>124</ele>
        <time>2026-10-04T22:14:53.000Z</time>
        <extensions>
          <ns3:TrackPointExtension>
            <ns3:hr>139</ns3:hr>
            <ns3:cad>92</ns3:cad>
          </ns3:TrackPointExtension>
        </extensions>
      </trkpt>
      <trkpt lat="45.78613861463963985443115234375" lon="126.631037481129169464111328125">
        <ele>124</ele>
        <time>2026-10-04T22:14:54.000Z</time>
        <extensions>
          <ns3:TrackPointExtension>
            <ns3:hr>139</ns3:hr>
            <ns3:cad>92</ns3:cad>
          </ns3:TrackPointExtension>
        </extensions>
      </trkpt>
      <trkpt lat="45.78612151555716991424560546875" lon="126.63101577199995517730712890625">
        <ele>124</ele>
        <time>2026-10-04T22:14:55.000Z</time>
        <extensions>
          <ns3:TrackPointExtension>
            <ns3:hr>139</ns3:hr>
            <ns3:cad>92</ns3:cad>
          </ns3:TrackPointExtension>
        </extensions>
      </trkpt>
      <trkpt lat="45.7861013151705265045166015625" lon="126.63098190911114215850830078125">
        <ele>124</ele>
        <time>2026-10-04T22:14:56.000Z</time>
        <extensions>
          <ns3:TrackPointExtension>
            <ns3:hr>138</ns3:hr>
            <ns3:cad>92</ns3:cad>
          </ns3:TrackPointExtension>
        </extensions>
      </trkpt>
      <trkpt lat="45.78608094714581966400146484375" lon="126.63096128962934017181396484375">
        <ele>124</ele>
        <time>2026-10-04T22:14:57.000Z</time>
        <extensions>
          <ns3:TrackPointExtension>
            <ns3:hr>138</ns3:hr>
            <ns3:cad>92</ns3:cad>
          </ns3:TrackPointExtension>
        </extensions>
      </trkpt>
      <trkpt lat="45.78606099821627140045166015625" lon="126.63092524744570255279541015625">
        <ele>124</ele>
        <time>2026-10-04T22:14:58.000Z</time>
        <extensions>
          <ns3:TrackPointExtension>
            <ns3:hr>138</ns3:hr>
            <ns3:cad>92</ns3:cad>
          </ns3:TrackPointExtension>
        </extensions>
      </trkpt>
      <trkpt lat="45.7860416360199451446533203125" lon="126.6309011913836002349853515625">
        <ele>124</ele>
        <time>2026-10-04T22:14:59.000Z</time>
        <extensions>
          <ns3:TrackPointExtension>
            <ns3:hr>138</ns3:hr>
            <ns3:cad>92</ns3:cad>
          </ns3:TrackPointExtension>
        </extensions>
      </trkpt>
      <trkpt lat="45.78602202236652374267578125" lon="126.63087554275989532470703125">
        <ele>124</ele>
        <time>2026-10-04T22:15:00.000Z</time>
        <extensions>
          <ns3:TrackPointExtension>
            <ns3:hr>137</ns3:hr>
            <ns3:cad>91</ns3:cad>
          </ns3:TrackPointExtension>
        </extensions>
      </trkpt>
      <trkpt lat="45.78600450418889522552490234375" lon="126.6308532468974590301513671875">
        <ele>124</ele>
        <time>2026-10-04T22:15:01.000Z</time>
        <extensions>
          <ns3:TrackPointExtension>
            <ns3:hr>138</ns3:hr>
            <ns3:cad>91</ns3:cad>
          </ns3:TrackPointExtension>
        </extensions>
      </trkpt>
      <trkpt lat="45.785988159477710723876953125" lon="126.63082399405539035797119140625">
        <ele>124</ele>
        <time>2026-10-04T22:15:02.000Z</time>
        <extensions>
          <ns3:TrackPointExtension>
            <ns3:hr>138</ns3:hr>
            <ns3:cad>91</ns3:cad>
          </ns3:TrackPointExtension>
        </extensions>
      </trkpt>
      <trkpt lat="45.78596770763397216796875" lon="126.6307945735752582550048828125">
        <ele>124</ele>
        <time>2026-10-04T22:15:03.000Z</time>
        <extensions>
          <ns3:TrackPointExtension>
            <ns3:hr>137</ns3:hr>
            <ns3:cad>92</ns3:cad>
          </ns3:TrackPointExtension>
        </extensions>
      </trkpt>
      <trkpt lat="45.7859449088573455810546875" lon="126.63075626827776432037353515625">
        <ele>124</ele>
        <time>2026-10-04T22:15:04.000Z</time>
        <extensions>
          <ns3:TrackPointExtension>
            <ns3:hr>138</ns3:hr>
            <ns3:cad>92</ns3:cad>
          </ns3:TrackPointExtension>
        </extensions>
      </trkpt>
      <trkpt lat="45.7859232835471630096435546875" lon="126.6307340562343597412109375">
        <ele>124</ele>
        <time>2026-10-04T22:15:05.000Z</time>
        <extensions>
          <ns3:TrackPointExtension>
            <ns3:hr>138</ns3:hr>
            <ns3:cad>92</ns3:cad>
          </ns3:TrackPointExtension>
        </extensions>
      </trkpt>
      <trkpt lat="45.785904340445995330810546875" lon="126.63070061244070529937744140625">
        <ele>124</ele>
        <time>2026-10-04T22:15:06.000Z</time>
        <extensions>
          <ns3:TrackPointExtension>
            <ns3:hr>138</ns3:hr>
            <ns3:cad>91</ns3:cad>
          </ns3:TrackPointExtension>
        </extensions>
      </trkpt>
      <trkpt lat="45.78587994910776615142822265625" lon="126.63067747838795185089111328125">
        <ele>124.1999969482421875</ele>
        <time>2026-10-04T22:15:07.000Z</time>
        <extensions>
          <ns3:TrackPointExtension>
            <ns3:hr>137</ns3:hr>
            <ns3:cad>91</ns3:cad>
          </ns3:TrackPointExtension>
        </extensions>
      </trkpt>
      <trkpt lat="45.78586167655885219573974609375" lon="126.630639843642711639404296875">
        <ele>124</ele>
        <time>2026-10-04T22:15:08.000Z</time>
        <extensions>
          <ns3:TrackPointExtension>
            <ns3:hr>137</ns3:hr>
            <ns3:cad>91</ns3:cad>
          </ns3:TrackPointExtension>
        </extensions>
      </trkpt>
      <trkpt lat="45.78583921305835247039794921875" lon="126.63061176426708698272705078125">
        <ele>124</ele>
        <time>2026-10-04T22:15:09.000Z</time>
        <extensions>
          <ns3:TrackPointExtension>
            <ns3:hr>137</ns3:hr>
            <ns3:cad>91</ns3:cad>
          </ns3:TrackPointExtension>
        </extensions>
      </trkpt>
      <trkpt lat="45.78582244925200939178466796875" lon="126.63057471625506877899169921875">
        <ele>124</ele>
        <time>2026-10-04T22:15:10.000Z</time>
        <extensions>
          <ns3:TrackPointExtension>
            <ns3:hr>137</ns3:hr>
            <ns3:cad>91</ns3:cad>
          </ns3:TrackPointExtension>
        </extensions>
      </trkpt>
      <trkpt lat="45.7858019135892391204833984375" lon="126.63054705597460269927978515625">
        <ele>124.1999969482421875</ele>
        <time>2026-10-04T22:15:11.000Z</time>
        <extensions>
          <ns3:TrackPointExtension>
            <ns3:hr>138</ns3:hr>
            <ns3:cad>90</ns3:cad>
          </ns3:TrackPointExtension>
        </extensions>
      </trkpt>
      <trkpt lat="45.78578464686870574951171875" lon="126.63051000796258449554443359375">
        <ele>124.1999969482421875</ele>
        <time>2026-10-04T22:15:12.000Z</time>
        <extensions>
          <ns3:TrackPointExtension>
            <ns3:hr>137</ns3:hr>
            <ns3:cad>90</ns3:cad>
          </ns3:TrackPointExtension>
        </extensions>
      </trkpt>
      <trkpt lat="45.78576746396720409393310546875" lon="126.63048268295824527740478515625">
        <ele>124.1999969482421875</ele>
        <time>2026-10-04T22:15:13.000Z</time>
        <extensions>
          <ns3:TrackPointExtension>
            <ns3:hr>137</ns3:hr>
            <ns3:cad>90</ns3:cad>
          </ns3:TrackPointExtension>
        </extensions>
      </trkpt>
      <trkpt lat="45.78574852086603641510009765625" lon="126.630450747907161712646484375">
        <ele>124.1999969482421875</ele>
        <time>2026-10-04T22:15:14.000Z</time>
        <extensions>
          <ns3:TrackPointExtension>
            <ns3:hr>137</ns3:hr>
            <ns3:cad>90</ns3:cad>
          </ns3:TrackPointExtension>
        </extensions>
      </trkpt>
      <trkpt lat="45.78573192469775676727294921875" lon="126.63041881285607814788818359375">
        <ele>124.40000152587890625</ele>
        <time>2026-10-04T22:15:15.000Z</time>
        <extensions>
          <ns3:TrackPointExtension>
            <ns3:hr>137</ns3:hr>
            <ns3:cad>90</ns3:cad>
          </ns3:TrackPointExtension>
        </extensions>
      </trkpt>
      <trkpt lat="45.785721279680728912353515625" lon="126.6303888894617557525634765625">
        <ele>124.1999969482421875</ele>
        <time>2026-10-04T22:15:16.000Z</time>
        <extensions>
          <ns3:TrackPointExtension>
            <ns3:hr>137</ns3:hr>
            <ns3:cad>92</ns3:cad>
          </ns3:TrackPointExtension>
        </extensions>
      </trkpt>
      <trkpt lat="45.78570359386503696441650390625" lon="126.6303543560206890106201171875">
        <ele>124.1999969482421875</ele>
        <time>2026-10-04T22:15:17.000Z</time>
        <extensions>
          <ns3:TrackPointExtension>
            <ns3:hr>137</ns3:hr>
            <ns3:cad>92</ns3:cad>
          </ns3:TrackPointExtension>
        </extensions>
      </trkpt>
      <trkpt lat="45.785687081515789031982421875" lon="126.63032610900700092315673828125">
        <ele>124.1999969482421875</ele>
        <time>2026-10-04T22:15:18.000Z</time>
        <extensions>
          <ns3:TrackPointExtension>
            <ns3:hr>137</ns3:hr>
            <ns3:cad>92</ns3:cad>
          </ns3:TrackPointExtension>
        </extensions>
      </trkpt>
      <trkpt lat="45.78566730022430419921875" lon="126.63029559887945652008056640625">
        <ele>124</ele>
        <time>2026-10-04T22:15:19.000Z</time>
        <extensions>
          <ns3:TrackPointExtension>
            <ns3:hr>137</ns3:hr>
            <ns3:cad>90</ns3:cad>
          </ns3:TrackPointExtension>
        </extensions>
      </trkpt>
      <trkpt lat="45.78565045259892940521240234375" lon="126.63027313537895679473876953125">
        <ele>124</ele>
        <time>2026-10-04T22:15:20.000Z</time>
        <extensions>
          <ns3:TrackPointExtension>
            <ns3:hr>137</ns3:hr>
            <ns3:cad>90</ns3:cad>
          </ns3:TrackPointExtension>
        </extensions>
      </trkpt>
      <trkpt lat="45.7856322638690471649169921875" lon="126.63024078123271465301513671875">
        <ele>124</ele>
        <time>2026-10-04T22:15:21.000Z</time>
        <extensions>
          <ns3:TrackPointExtension>
            <ns3:hr>137</ns3:hr>
            <ns3:cad>90</ns3:cad>
          </ns3:TrackPointExtension>
        </extensions>
      </trkpt>
      <trkpt lat="45.78561390750110149383544921875" lon="126.63021446205675601959228515625">
        <ele>124.1999969482421875</ele>
        <time>2026-10-04T22:15:22.000Z</time>
        <extensions>
          <ns3:TrackPointExtension>
            <ns3:hr>138</ns3:hr>
            <ns3:cad>90</ns3:cad>
          </ns3:TrackPointExtension>
        </extensions>
      </trkpt>
      <trkpt lat="45.7855960540473461151123046875" lon="126.630181856453418731689453125">
        <ele>124.1999969482421875</ele>
        <time>2026-10-04T22:15:23.000Z</time>
        <extensions>
          <ns3:TrackPointExtension>
            <ns3:hr>138</ns3:hr>
            <ns3:cad>90</ns3:cad>
          </ns3:TrackPointExtension>
        </extensions>
      </trkpt>
      <trkpt lat="45.78558306209743022918701171875" lon="126.630156040191650390625">
        <ele>124.1999969482421875</ele>
        <time>2026-10-04T22:15:24.000Z</time>
        <extensions>
          <ns3:TrackPointExtension>
            <ns3:hr>138</ns3:hr>
            <ns3:cad>90</ns3:cad>
          </ns3:TrackPointExtension>
        </extensions>
      </trkpt>
      <trkpt lat="45.78556629829108715057373046875" lon="126.63011421449482440948486328125">
        <ele>124.40000152587890625</ele>
        <time>2026-10-04T22:15:25.000Z</time>
        <extensions>
          <ns3:TrackPointExtension>
            <ns3:hr>138</ns3:hr>
            <ns3:cad>90</ns3:cad>
          </ns3:TrackPointExtension>
        </extensions>
      </trkpt>
      <trkpt lat="45.7855524681508541107177734375" lon="126.63008806295692920684814453125">
        <ele>124.40000152587890625</ele>
        <time>2026-10-04T22:15:26.000Z</time>
        <extensions>
          <ns3:TrackPointExtension>
            <ns3:hr>138</ns3:hr>
            <ns3:cad>90</ns3:cad>
          </ns3:TrackPointExtension>
        </extensions>
      </trkpt>
      <trkpt lat="45.78553612343966960906982421875" lon="126.63005185313522815704345703125">
        <ele>124.40000152587890625</ele>
        <time>2026-10-04T22:15:27.000Z</time>
        <extensions>
          <ns3:TrackPointExtension>
            <ns3:hr>139</ns3:hr>
            <ns3:cad>90</ns3:cad>
          </ns3:TrackPointExtension>
        </extensions>
      </trkpt>
      <trkpt lat="45.78551919199526309967041015625" lon="126.63002519868314266204833984375">
        <ele>124.40000152587890625</ele>
        <time>2026-10-04T22:15:28.000Z</time>
        <extensions>
          <ns3:TrackPointExtension>
            <ns3:hr>139</ns3:hr>
            <ns3:cad>90</ns3:cad>
          </ns3:TrackPointExtension>
        </extensions>
      </trkpt>
      <trkpt lat="45.78550008125603199005126953125" lon="126.6299830377101898193359375">
        <ele>124.40000152587890625</ele>
        <time>2026-10-04T22:15:29.000Z</time>
        <extensions>
          <ns3:TrackPointExtension>
            <ns3:hr>140</ns3:hr>
            <ns3:cad>90</ns3:cad>
          </ns3:TrackPointExtension>
        </extensions>
      </trkpt>
      <trkpt lat="45.78548130579292774200439453125" lon="126.62995026446878910064697265625">
        <ele>124.8000030517578125</ele>
        <time>2026-10-04T22:15:30.000Z</time>
        <extensions>
          <ns3:TrackPointExtension>
            <ns3:hr>140</ns3:hr>
            <ns3:cad>90</ns3:cad>
          </ns3:TrackPointExtension>
        </extensions>
      </trkpt>
      <trkpt lat="45.7854579202830791473388671875" lon="126.62991791032254695892333984375">
        <ele>124.8000030517578125</ele>
        <time>2026-10-04T22:15:31.000Z</time>
        <extensions>
          <ns3:TrackPointExtension>
            <ns3:hr>140</ns3:hr>
            <ns3:cad>90</ns3:cad>
          </ns3:TrackPointExtension>
        </extensions>
      </trkpt>
      <trkpt lat="45.7854408212006092071533203125" lon="126.6298987157642841339111328125">
        <ele>124.59999847412109375</ele>
        <time>2026-10-04T22:15:32.000Z</time>
        <extensions>
          <ns3:TrackPointExtension>
            <ns3:hr>140</ns3:hr>
            <ns3:cad>91</ns3:cad>
          </ns3:TrackPointExtension>
        </extensions>
      </trkpt>
      <trkpt lat="45.78542246483266353607177734375" lon="126.6298651881515979766845703125">
        <ele>124.8000030517578125</ele>
        <time>2026-10-04T22:15:33.000Z</time>
        <extensions>
          <ns3:TrackPointExtension>
            <ns3:hr>140</ns3:hr>
            <ns3:cad>91</ns3:cad>
          </ns3:TrackPointExtension>
        </extensions>
      </trkpt>
      <trkpt lat="45.78541106544435024261474609375" lon="126.62984557449817657470703125">
        <ele>124.8000030517578125</ele>
        <time>2026-10-04T22:15:34.000Z</time>
        <extensions>
          <ns3:TrackPointExtension>
            <ns3:hr>140</ns3:hr>
            <ns3:cad>91</ns3:cad>
          </ns3:TrackPointExtension>
        </extensions>
      </trkpt>
      <trkpt lat="45.78539815731346607208251953125" lon="126.62981078960001468658447265625">
        <ele>124.59999847412109375</ele>
        <time>2026-10-04T22:15:35.000Z</time>
        <extensions>
          <ns3:TrackPointExtension>
            <ns3:hr>140</ns3:hr>
            <ns3:cad>90</ns3:cad>
          </ns3:TrackPointExtension>
        </extensions>
      </trkpt>
      <trkpt lat="45.7853838242590427398681640625" lon="126.62978732027113437652587890625">
        <ele>124.8000030517578125</ele>
        <time>2026-10-04T22:15:36.000Z</time>
        <extensions>
          <ns3:TrackPointExtension>
            <ns3:hr>140</ns3:hr>
            <ns3:cad>90</ns3:cad>
          </ns3:TrackPointExtension>
        </extensions>
      </trkpt>
      <trkpt lat="45.78536697663366794586181640625" lon="126.62975572049617767333984375">
        <ele>125</ele>
        <time>2026-10-04T22:15:37.000Z</time>
        <extensions>
          <ns3:TrackPointExtension>
            <ns3:hr>140</ns3:hr>
            <ns3:cad>91</ns3:cad>
          </ns3:TrackPointExtension>
        </extensions>
      </trkpt>
      <trkpt lat="45.78535155393183231353759765625" lon="126.62973753176629543304443359375">
        <ele>125.1999969482421875</ele>
        <time>2026-10-04T22:15:38.000Z</time>
        <extensions>
          <ns3:TrackPointExtension>
            <ns3:hr>140</ns3:hr>
            <ns3:cad>91</ns3:cad>
          </ns3:TrackPointExtension>
        </extensions>
      </trkpt>
      <trkpt lat="45.78532791696488857269287109375" lon="126.62970936857163906097412109375">
        <ele>125.40000152587890625</ele>
        <time>2026-10-04T22:15:39.000Z</time>
        <extensions>
          <ns3:TrackPointExtension>
            <ns3:hr>141</ns3:hr>
            <ns3:cad>90</ns3:cad>
          </ns3:TrackPointExtension>
        </extensions>
      </trkpt>
      <trkpt lat="45.785304196178913116455078125" lon="126.62969495169818401336669921875">
        <ele>125.59999847412109375</ele>
        <time>2026-10-04T22:15:40.000Z</time>
        <extensions>
          <ns3:TrackPointExtension>
            <ns3:hr>140</ns3:hr>
            <ns3:cad>89</ns3:cad>
          </ns3:TrackPointExtension>
        </extensions>
      </trkpt>
      <trkpt lat="45.78527930192649364471435546875" lon="126.629676260054111480712890625">
        <ele>125.59999847412109375</ele>
        <time>2026-10-04T22:15:41.000Z</time>
        <extensions>
          <ns3:TrackPointExtension>
            <ns3:hr>140</ns3:hr>
            <ns3:cad>89</ns3:cad>
          </ns3:TrackPointExtension>
        </extensions>
      </trkpt>
      <trkpt lat="45.785262621939182281494140625" lon="126.62964952178299427032470703125">
        <ele>125.8000030517578125</ele>
        <time>2026-10-04T22:15:42.000Z</time>
        <extensions>
          <ns3:TrackPointExtension>
            <ns3:hr>140</ns3:hr>
            <ns3:cad>89</ns3:cad>
          </ns3:TrackPointExtension>
        </extensions>
      </trkpt>
      <trkpt lat="45.78524476848542690277099609375" lon="126.6296241246163845062255859375">
        <ele>125.8000030517578125</ele>
        <time>2026-10-04T22:15:43.000Z</time>
        <extensions>
          <ns3:TrackPointExtension>
            <ns3:hr>140</ns3:hr>
            <ns3:cad>89</ns3:cad>
          </ns3:TrackPointExtension>
        </extensions>
      </trkpt>
      <trkpt lat="45.785233788192272186279296875" lon="126.6295967996120452880859375">
        <ele>125.8000030517578125</ele>
        <time>2026-10-04T22:15:44.000Z</time>
        <extensions>
          <ns3:TrackPointExtension>
            <ns3:hr>140</ns3:hr>
            <ns3:cad>89</ns3:cad>
          </ns3:TrackPointExtension>
        </extensions>
      </trkpt>
      <trkpt lat="45.78521744348108768463134765625" lon="126.62955799140036106109619140625">
        <ele>125.8000030517578125</ele>
        <time>2026-10-04T22:15:45.000Z</time>
        <extensions>
          <ns3:TrackPointExtension>
            <ns3:hr>140</ns3:hr>
            <ns3:cad>88</ns3:cad>
          </ns3:TrackPointExtension>
        </extensions>
      </trkpt>
      <trkpt lat="45.7852064631879329681396484375" lon="126.62952697835862636566162109375">
        <ele>126</ele>
        <time>2026-10-04T22:15:46.000Z</time>
        <extensions>
          <ns3:TrackPointExtension>
            <ns3:hr>140</ns3:hr>
            <ns3:cad>88</ns3:cad>
          </ns3:TrackPointExtension>
        </extensions>
      </trkpt>
      <trkpt lat="45.7851866818964481353759765625" lon="126.62949244491755962371826171875">
        <ele>126</ele>
        <time>2026-10-04T22:15:47.000Z</time>
        <extensions>
          <ns3:TrackPointExtension>
            <ns3:hr>140</ns3:hr>
            <ns3:cad>88</ns3:cad>
          </ns3:TrackPointExtension>
        </extensions>
      </trkpt>
      <trkpt lat="45.78516966663300991058349609375" lon="126.629466712474822998046875">
        <ele>126</ele>
        <time>2026-10-04T22:15:48.000Z</time>
        <extensions>
          <ns3:TrackPointExtension>
            <ns3:hr>140</ns3:hr>
            <ns3:cad>88</ns3:cad>
          </ns3:TrackPointExtension>
        </extensions>
      </trkpt>
      <trkpt lat="45.78515307046473026275634765625" lon="126.6294310055673122406005859375">
        <ele>125.8000030517578125</ele>
        <time>2026-10-04T22:15:49.000Z</time>
        <extensions>
          <ns3:TrackPointExtension>
            <ns3:hr>140</ns3:hr>
            <ns3:cad>90</ns3:cad>
          </ns3:TrackPointExtension>
        </extensions>
      </trkpt>
      <trkpt lat="45.78514133580029010772705078125" lon="126.62940041162073612213134765625">
        <ele>125.8000030517578125</ele>
        <time>2026-10-04T22:15:50.000Z</time>
        <extensions>
          <ns3:TrackPointExtension>
            <ns3:hr>140</ns3:hr>
            <ns3:cad>91</ns3:cad>
          </ns3:TrackPointExtension>
        </extensions>
      </trkpt>
      <trkpt lat="45.78512792475521564483642578125" lon="126.62935473024845123291015625">
        <ele>125.8000030517578125</ele>
        <time>2026-10-04T22:15:51.000Z</time>
        <extensions>
          <ns3:TrackPointExtension>
            <ns3:hr>140</ns3:hr>
            <ns3:cad>91</ns3:cad>
          </ns3:TrackPointExtension>
        </extensions>
      </trkpt>
      <trkpt lat="45.7851172797381877899169921875" lon="126.6293247230350971221923828125">
        <ele>125.8000030517578125</ele>
        <time>2026-10-04T22:15:52.000Z</time>
        <extensions>
          <ns3:TrackPointExtension>
            <ns3:hr>140</ns3:hr>
            <ns3:cad>91</ns3:cad>
          </ns3:TrackPointExtension>
        </extensions>
      </trkpt>
      <trkpt lat="45.78510026447474956512451171875" lon="126.62928239442408084869384765625">
        <ele>125.8000030517578125</ele>
        <time>2026-10-04T22:15:53.000Z</time>
        <extensions>
          <ns3:TrackPointExtension>
            <ns3:hr>140</ns3:hr>
            <ns3:cad>91</ns3:cad>
          </ns3:TrackPointExtension>
        </extensions>
      </trkpt>
      <trkpt lat="45.78509121201932430267333984375" lon="126.62925724871456623077392578125">
        <ele>126</ele>
        <time>2026-10-04T22:15:54.000Z</time>
        <extensions>
          <ns3:TrackPointExtension>
            <ns3:hr>140</ns3:hr>
            <ns3:cad>91</ns3:cad>
          </ns3:TrackPointExtension>
        </extensions>
      </trkpt>
      <trkpt lat="45.7850790582597255706787109375" lon="126.62922590039670467376708984375">
        <ele>126.1999969482421875</ele>
        <time>2026-10-04T22:15:55.000Z</time>
        <extensions>
          <ns3:TrackPointExtension>
            <ns3:hr>140</ns3:hr>
            <ns3:cad>91</ns3:cad>
          </ns3:TrackPointExtension>
        </extensions>
      </trkpt>
      <trkpt lat="45.78506673686206340789794921875" lon="126.62918902002274990081787109375">
        <ele>126.40000152587890625</ele>
        <time>2026-10-04T22:15:56.000Z</time>
        <extensions>
          <ns3:TrackPointExtension>
            <ns3:hr>141</ns3:hr>
            <ns3:cad>91</ns3:cad>
          </ns3:TrackPointExtension>
        </extensions>
      </trkpt>
      <trkpt lat="45.78505131416022777557373046875" lon="126.6291507147252559661865234375">
        <ele>126.59999847412109375</ele>
        <time>2026-10-04T22:15:57.000Z</time>
        <extensions>
          <ns3:TrackPointExtension>
            <ns3:hr>141</ns3:hr>
            <ns3:cad>90</ns3:cad>
          </ns3:TrackPointExtension>
        </extensions>
      </trkpt>
      <trkpt lat="45.78504058532416820526123046875" lon="126.6291155107319355010986328125">
        <ele>126.8000030517578125</ele>
        <time>2026-10-04T22:15:58.000Z</time>
        <extensions>
          <ns3:TrackPointExtension>
            <ns3:hr>141</ns3:hr>
            <ns3:cad>89</ns3:cad>
          </ns3:TrackPointExtension>
        </extensions>
      </trkpt>
      <trkpt lat="45.785026252269744873046875" lon="126.6290803067386150360107421875">
        <ele>126.8000030517578125</ele>
        <time>2026-10-04T22:15:59.000Z</time>
        <extensions>
          <ns3:TrackPointExtension>
            <ns3:hr>140</ns3:hr>
            <ns3:cad>89</ns3:cad>
          </ns3:TrackPointExtension>
        </extensions>
      </trkpt>
      <trkpt lat="45.78501996584236621856689453125" lon="126.6290461085736751556396484375">
        <ele>126.8000030517578125</ele>
        <time>2026-10-04T22:16:00.000Z</time>
        <extensions>
          <ns3:TrackPointExtension>
            <ns3:hr>141</ns3:hr>
            <ns3:cad>88</ns3:cad>
          </ns3:TrackPointExtension>
        </extensions>
      </trkpt>
      <trkpt lat="45.785009153187274932861328125" lon="126.6290102340281009674072265625">
        <ele>126.59999847412109375</ele>
        <time>2026-10-04T22:16:01.000Z</time>
        <extensions>
          <ns3:TrackPointExtension>
            <ns3:hr>141</ns3:hr>
            <ns3:cad>88</ns3:cad>
          </ns3:TrackPointExtension>
        </extensions>
      </trkpt>
      <trkpt lat="45.78500278294086456298828125" lon="126.62897427566349506378173828125">
        <ele>126.59999847412109375</ele>
        <time>2026-10-04T22:16:02.000Z</time>
        <extensions>
          <ns3:TrackPointExtension>
            <ns3:hr>141</ns3:hr>
            <ns3:cad>88</ns3:cad>
          </ns3:TrackPointExtension>
        </extensions>
      </trkpt>
      <trkpt lat="45.784991048276424407958984375" lon="126.62894007749855518341064453125">
        <ele>126.59999847412109375</ele>
        <time>2026-10-04T22:16:03.000Z</time>
        <extensions>
          <ns3:TrackPointExtension>
            <ns3:hr>141</ns3:hr>
            <ns3:cad>88</ns3:cad>
          </ns3:TrackPointExtension>
        </extensions>
      </trkpt>
      <trkpt lat="45.78497864305973052978515625" lon="126.62890688516199588775634765625">
        <ele>126.59999847412109375</ele>
        <time>2026-10-04T22:16:04.000Z</time>
        <extensions>
          <ns3:TrackPointExtension>
            <ns3:hr>141</ns3:hr>
            <ns3:cad>89</ns3:cad>
          </ns3:TrackPointExtension>
        </extensions>
      </trkpt>
      <trkpt lat="45.78496120870113372802734375" lon="126.62887972779572010040283203125">
        <ele>126.59999847412109375</ele>
        <time>2026-10-04T22:16:05.000Z</time>
        <extensions>
          <ns3:TrackPointExtension>
            <ns3:hr>141</ns3:hr>
            <ns3:cad>89</ns3:cad>
          </ns3:TrackPointExtension>
        </extensions>
      </trkpt>
      <trkpt lat="45.78495659865438938140869140625" lon="126.62884335033595561981201171875">
        <ele>126.59999847412109375</ele>
        <time>2026-10-04T22:16:06.000Z</time>
        <extensions>
          <ns3:TrackPointExtension>
            <ns3:hr>142</ns3:hr>
            <ns3:cad>89</ns3:cad>
          </ns3:TrackPointExtension>
        </extensions>
      </trkpt>
      <trkpt lat="45.78495240770280361175537109375" lon="126.62880797870457172393798828125">
        <ele>126.59999847412109375</ele>
        <time>2026-10-04T22:16:07.000Z</time>
        <extensions>
          <ns3:TrackPointExtension>
            <ns3:hr>142</ns3:hr>
            <ns3:cad>89</ns3:cad>
          </ns3:TrackPointExtension>
        </extensions>
      </trkpt>
      <trkpt lat="45.78495182096958160400390625" lon="126.62878073751926422119140625">
        <ele>126.8000030517578125</ele>
        <time>2026-10-04T22:16:08.000Z</time>
        <extensions>
          <ns3:TrackPointExtension>
            <ns3:hr>142</ns3:hr>
            <ns3:cad>89</ns3:cad>
          </ns3:TrackPointExtension>
        </extensions>
      </trkpt>
      <trkpt lat="45.78498459421098232269287109375" lon="126.62878735922276973724365234375">
        <ele>123.8000030517578125</ele>
        <time>2026-10-04T22:18:15.000Z</time>
        <extensions>
          <ns3:TrackPointExtension>
            <ns3:hr>107</ns3:hr>
            <ns3:cad>54</ns3:cad>
          </ns3:TrackPointExtension>
        </extensions>
      </trkpt>
      <trkpt lat="45.7849868573248386383056640625" lon="126.62875735200941562652587890625">
        <ele>123.8000030517578125</ele>
        <time>2026-10-04T22:18:16.000Z</time>
        <extensions>
          <ns3:TrackPointExtension>
            <ns3:hr>107</ns3:hr>
            <ns3:cad>54</ns3:cad>
          </ns3:TrackPointExtension>
        </extensions>
      </trkpt>
      <trkpt lat="45.784989707171916961669921875" lon="126.628726758062839508056640625">
        <ele>123.59999847412109375</ele>
        <time>2026-10-04T22:18:17.000Z</time>
        <extensions>
          <ns3:TrackPointExtension>
            <ns3:hr>107</ns3:hr>
            <ns3:cad>54</ns3:cad>
          </ns3:TrackPointExtension>
        </extensions>
      </trkpt>
      <trkpt lat="45.784995071589946746826171875" lon="126.6286890394985675811767578125">
        <ele>123.59999847412109375</ele>
        <time>2026-10-04T22:18:18.000Z</time>
        <extensions>
          <ns3:TrackPointExtension>
            <ns3:hr>107</ns3:hr>
            <ns3:cad>48</ns3:cad>
          </ns3:TrackPointExtension>
        </extensions>
      </trkpt>
      <trkpt lat="45.78499783761799335479736328125" lon="126.62865475751459598541259765625">
        <ele>123.40000152587890625</ele>
        <time>2026-10-04T22:18:19.000Z</time>
        <extensions>
          <ns3:TrackPointExtension>
            <ns3:hr>107</ns3:hr>
            <ns3:cad>48</ns3:cad>
          </ns3:TrackPointExtension>
        </extensions>
      </trkpt>
      <trkpt lat="45.78498878516256809234619140625" lon="126.62861268036067485809326171875">
        <ele>123.40000152587890625</ele>
        <time>2026-10-04T22:18:20.000Z</time>
        <extensions>
          <ns3:TrackPointExtension>
            <ns3:hr>107</ns3:hr>
            <ns3:cad>48</ns3:cad>
          </ns3:TrackPointExtension>
        </extensions>
      </trkpt>
      <trkpt lat="45.78498275019228458404541015625" lon="126.6285748779773712158203125">
        <ele>123.59999847412109375</ele>
        <time>2026-10-04T22:18:21.000Z</time>
        <extensions>
          <ns3:TrackPointExtension>
            <ns3:hr>109</ns3:hr>
            <ns3:cad>48</ns3:cad>
          </ns3:TrackPointExtension>
        </extensions>
      </trkpt>
      <trkpt lat="45.78495408408343791961669921875" lon="126.62854663096368312835693359375">
        <ele>123.59999847412109375</ele>
        <time>2026-10-04T22:18:22.000Z</time>
        <extensions>
          <ns3:TrackPointExtension>
            <ns3:hr>110</ns3:hr>
            <ns3:cad>91</ns3:cad>
          </ns3:TrackPointExtension>
        </extensions>
      </trkpt>
      <trkpt lat="45.78493304550647735595703125" lon="126.62850849330425262451171875">
        <ele>123.8000030517578125</ele>
        <time>2026-10-04T22:18:23.000Z</time>
        <extensions>
          <ns3:TrackPointExtension>
            <ns3:hr>111</ns3:hr>
            <ns3:cad>93</ns3:cad>
          </ns3:TrackPointExtension>
        </extensions>
      </trkpt>
      <trkpt lat="45.78490748070180416107177734375" lon="126.62849633954465389251708984375">
        <ele>124</ele>
        <time>2026-10-04T22:18:24.000Z</time>
        <extensions>
          <ns3:TrackPointExtension>
            <ns3:hr>112</ns3:hr>
            <ns3:cad>93</ns3:cad>
          </ns3:TrackPointExtension>
        </extensions>
      </trkpt>
      <trkpt lat="45.7848792336881160736083984375" lon="126.6284737922251224517822265625">
        <ele>124</ele>
        <time>2026-10-04T22:18:25.000Z</time>
        <extensions>
          <ns3:TrackPointExtension>
            <ns3:hr>113</ns3:hr>
            <ns3:cad>93</ns3:cad>
          </ns3:TrackPointExtension>
        </extensions>
      </trkpt>
      <trkpt lat="45.78485182486474514007568359375" lon="126.6284620575606822967529296875">
        <ele>124.1999969482421875</ele>
        <time>2026-10-04T22:18:26.000Z</time>
        <extensions>
          <ns3:TrackPointExtension>
            <ns3:hr>113</ns3:hr>
            <ns3:cad>93</ns3:cad>
          </ns3:TrackPointExtension>
        </extensions>
      </trkpt>
      <trkpt lat="45.78482181765139102935791015625" lon="126.62844805978238582611083984375">
        <ele>124.1999969482421875</ele>
        <time>2026-10-04T22:18:27.000Z</time>
        <extensions>
          <ns3:TrackPointExtension>
            <ns3:hr>114</ns3:hr>
            <ns3:cad>93</ns3:cad>
          </ns3:TrackPointExtension>
        </extensions>
      </trkpt>
      <trkpt lat="45.78479290008544921875" lon="126.62844638340175151824951171875">
        <ele>124.40000152587890625</ele>
        <time>2026-10-04T22:18:28.000Z</time>
        <extensions>
          <ns3:TrackPointExtension>
            <ns3:hr>115</ns3:hr>
            <ns3:cad>92</ns3:cad>
          </ns3:TrackPointExtension>
        </extensions>
      </trkpt>
      <trkpt lat="45.7847635634243488311767578125" lon="126.6284439526498317718505859375">
        <ele>124.40000152587890625</ele>
        <time>2026-10-04T22:18:29.000Z</time>
        <extensions>
          <ns3:TrackPointExtension>
            <ns3:hr>115</ns3:hr>
            <ns3:cad>92</ns3:cad>
          </ns3:TrackPointExtension>
        </extensions>
      </trkpt>
      <trkpt lat="45.7847325503826141357421875" lon="126.6284519992768764495849609375">
        <ele>124.40000152587890625</ele>
        <time>2026-10-04T22:18:30.000Z</time>
        <extensions>
          <ns3:TrackPointExtension>
            <ns3:hr>116</ns3:hr>
            <ns3:cad>92</ns3:cad>
          </ns3:TrackPointExtension>
        </extensions>
      </trkpt>
      <trkpt lat="45.78470849432051181793212890625" lon="126.6284613870084285736083984375">
        <ele>124.40000152587890625</ele>
        <time>2026-10-04T22:18:31.000Z</time>
        <extensions>
          <ns3:TrackPointExtension>
            <ns3:hr>117</ns3:hr>
            <ns3:cad>92</ns3:cad>
          </ns3:TrackPointExtension>
        </extensions>
      </trkpt>
      <trkpt lat="45.78467899002134799957275390625" lon="126.62847471423447132110595703125">
        <ele>124.40000152587890625</ele>
        <time>2026-10-04T22:18:32.000Z</time>
        <extensions>
          <ns3:TrackPointExtension>
            <ns3:hr>117</ns3:hr>
            <ns3:cad>92</ns3:cad>
          </ns3:TrackPointExtension>
        </extensions>
      </trkpt>
      <trkpt lat="45.78465501777827739715576171875" lon="126.62848963402211666107177734375">
        <ele>124.40000152587890625</ele>
        <time>2026-10-04T22:18:33.000Z</time>
        <extensions>
          <ns3:TrackPointExtension>
            <ns3:hr>118</ns3:hr>
            <ns3:cad>92</ns3:cad>
          </ns3:TrackPointExtension>
        </extensions>
      </trkpt>
      <trkpt lat="45.7846214063465595245361328125" lon="126.628504805266857147216796875">
        <ele>124.40000152587890625</ele>
        <time>2026-10-04T22:18:34.000Z</time>
        <extensions>
          <ns3:TrackPointExtension>
            <ns3:hr>118</ns3:hr>
            <ns3:cad>92</ns3:cad>
          </ns3:TrackPointExtension>
        </extensions>
      </trkpt>
      <trkpt lat="45.78459852375090122222900390625" lon="126.628527604043483734130859375">
        <ele>124.40000152587890625</ele>
        <time>2026-10-04T22:18:35.000Z</time>
        <extensions>
          <ns3:TrackPointExtension>
            <ns3:hr>119</ns3:hr>
            <ns3:cad>92</ns3:cad>
          </ns3:TrackPointExtension>
        </extensions>
      </trkpt>
      <trkpt lat="45.7845697738230228424072265625" lon="126.6285509057343006134033203125">
        <ele>124.40000152587890625</ele>
        <time>2026-10-04T22:18:36.000Z</time>
        <extensions>
          <ns3:TrackPointExtension>
            <ns3:hr>119</ns3:hr>
            <ns3:cad>92</ns3:cad>
          </ns3:TrackPointExtension>
        </extensions>
      </trkpt>
      <trkpt lat="45.78455024398863315582275390625" lon="126.62857420742511749267578125">
        <ele>124.40000152587890625</ele>
        <time>2026-10-04T22:18:37.000Z</time>
        <extensions>
          <ns3:TrackPointExtension>
            <ns3:hr>119</ns3:hr>
            <ns3:cad>92</ns3:cad>
          </ns3:TrackPointExtension>
        </extensions>
      </trkpt>
      <trkpt lat="45.784522332251071929931640625" lon="126.62859742529690265655517578125">
        <ele>124.40000152587890625</ele>
        <time>2026-10-04T22:18:38.000Z</time>
        <extensions>
          <ns3:TrackPointExtension>
            <ns3:hr>120</ns3:hr>
            <ns3:cad>92</ns3:cad>
          </ns3:TrackPointExtension>
        </extensions>
      </trkpt>
      <trkpt lat="45.784501545131206512451171875" lon="126.62861888296902179718017578125">
        <ele>124.40000152587890625</ele>
        <time>2026-10-04T22:18:39.000Z</time>
        <extensions>
          <ns3:TrackPointExtension>
            <ns3:hr>120</ns3:hr>
            <ns3:cad>92</ns3:cad>
          </ns3:TrackPointExtension>
        </extensions>
      </trkpt>
      <trkpt lat="45.78446994535624980926513671875" lon="126.62864302285015583038330078125">
        <ele>124.40000152587890625</ele>
        <time>2026-10-04T22:18:40.000Z</time>
        <extensions>
          <ns3:TrackPointExtension>
            <ns3:hr>121</ns3:hr>
            <ns3:cad>92</ns3:cad>
          </ns3:TrackPointExtension>
        </extensions>
      </trkpt>
      <trkpt lat="45.78444882296025753021240234375" lon="126.62867085076868534088134765625">
        <ele>124.40000152587890625</ele>
        <time>2026-10-04T22:18:41.000Z</time>
        <extensions>
          <ns3:TrackPointExtension>
            <ns3:hr>122</ns3:hr>
            <ns3:cad>91</ns3:cad>
          </ns3:TrackPointExtension>
        </extensions>
      </trkpt>
      <trkpt lat="45.78442049212753772735595703125" lon="126.628688536584377288818359375">
        <ele>124.40000152587890625</ele>
        <time>2026-10-04T22:18:42.000Z</time>
        <extensions>
          <ns3:TrackPointExtension>
            <ns3:hr>122</ns3:hr>
            <ns3:cad>92</ns3:cad>
          </ns3:TrackPointExtension>
        </extensions>
      </trkpt>
      <trkpt lat="45.78440037555992603302001953125" lon="126.6287128441035747528076171875">
        <ele>124.1999969482421875</ele>
        <time>2026-10-04T22:18:43.000Z</time>
        <extensions>
          <ns3:TrackPointExtension>
            <ns3:hr>123</ns3:hr>
            <ns3:cad>93</ns3:cad>
          </ns3:TrackPointExtension>
        </extensions>
      </trkpt>
      <trkpt lat="45.784382522106170654296875" lon="126.62872885353863239288330078125">
        <ele>124.1999969482421875</ele>
        <time>2026-10-04T22:18:44.000Z</time>
        <extensions>
          <ns3:TrackPointExtension>
            <ns3:hr>124</ns3:hr>
            <ns3:cad>93</ns3:cad>
          </ns3:TrackPointExtension>
        </extensions>
      </trkpt>
      <trkpt lat="45.78436802141368389129638671875" lon="126.62873958237469196319580078125">
        <ele>124</ele>
        <time>2026-10-04T22:18:45.000Z</time>
        <extensions>
          <ns3:TrackPointExtension>
            <ns3:hr>125</ns3:hr>
            <ns3:cad>91</ns3:cad>
          </ns3:TrackPointExtension>
        </extensions>
      </trkpt>
      <trkpt lat="45.78435410745441913604736328125" lon="126.6287490539252758026123046875">
        <ele>123.8000030517578125</ele>
        <time>2026-10-04T22:18:46.000Z</time>
        <extensions>
          <ns3:TrackPointExtension>
            <ns3:hr>127</ns3:hr>
            <ns3:cad>90</ns3:cad>
          </ns3:TrackPointExtension>
        </extensions>
      </trkpt>
      <trkpt lat="45.784343965351581573486328125" lon="126.628758274018764495849609375">
        <ele>123.59999847412109375</ele>
        <time>2026-10-04T22:18:47.000Z</time>
        <extensions>
          <ns3:TrackPointExtension>
            <ns3:hr>127</ns3:hr>
            <ns3:cad>90</ns3:cad>
          </ns3:TrackPointExtension>
        </extensions>
      </trkpt>
      <trkpt lat="45.7843357510864734649658203125" lon="126.62876975722610950469970703125">
        <ele>123.40000152587890625</ele>
        <time>2026-10-04T22:18:48.000Z</time>
        <extensions>
          <ns3:TrackPointExtension>
            <ns3:hr>128</ns3:hr>
            <ns3:cad>90</ns3:cad>
          </ns3:TrackPointExtension>
        </extensions>
      </trkpt>
      <trkpt lat="45.78431337140500545501708984375" lon="126.62878534756600856781005859375">
        <ele>123</ele>
        <time>2026-10-04T22:18:49.000Z</time>
        <extensions>
          <ns3:TrackPointExtension>
            <ns3:hr>129</ns3:hr>
            <ns3:cad>89</ns3:cad>
          </ns3:TrackPointExtension>
        </extensions>
      </trkpt>
      <trkpt lat="45.78430130146443843841552734375" lon="126.628800518810749053955078125">
        <ele>122.8000030517578125</ele>
        <time>2026-10-04T22:18:50.000Z</time>
        <extensions>
          <ns3:TrackPointExtension>
            <ns3:hr>129</ns3:hr>
            <ns3:cad>89</ns3:cad>
          </ns3:TrackPointExtension>
        </extensions>
      </trkpt>
      <trkpt lat="45.7842712104320526123046875" lon="126.62881552241742610931396484375">
        <ele>122.59999847412109375</ele>
        <time>2026-10-04T22:18:51.000Z</time>
        <extensions>
          <ns3:TrackPointExtension>
            <ns3:hr>130</ns3:hr>
            <ns3:cad>89</ns3:cad>
          </ns3:TrackPointExtension>
        </extensions>
      </trkpt>
      <trkpt lat="45.78425738029181957244873046875" lon="126.62882792763411998748779296875">
        <ele>122.59999847412109375</ele>
        <time>2026-10-04T22:18:52.000Z</time>
        <extensions>
          <ns3:TrackPointExtension>
            <ns3:hr>130</ns3:hr>
            <ns3:cad>87</ns3:cad>
          </ns3:TrackPointExtension>
        </extensions>
      </trkpt>
      <trkpt lat="45.7842282950878143310546875" lon="126.62884066812694072723388671875">
        <ele>122.40000152587890625</ele>
        <time>2026-10-04T22:18:53.000Z</time>
        <extensions>
          <ns3:TrackPointExtension>
            <ns3:hr>130</ns3:hr>
            <ns3:cad>87</ns3:cad>
          </ns3:TrackPointExtension>
        </extensions>
      </trkpt>
      <trkpt lat="45.784209854900836944580078125" lon="126.62886120378971099853515625">
        <ele>122.40000152587890625</ele>
        <time>2026-10-04T22:18:54.000Z</time>
        <extensions>
          <ns3:TrackPointExtension>
            <ns3:hr>131</ns3:hr>
            <ns3:cad>88</ns3:cad>
          </ns3:TrackPointExtension>
        </extensions>
      </trkpt>
      <trkpt lat="45.78418060205876827239990234375" lon="126.62888308055698871612548828125">
        <ele>122.40000152587890625</ele>
        <time>2026-10-04T22:18:55.000Z</time>
        <extensions>
          <ns3:TrackPointExtension>
            <ns3:hr>131</ns3:hr>
            <ns3:cad>89</ns3:cad>
          </ns3:TrackPointExtension>
        </extensions>
      </trkpt>
      <trkpt lat="45.78416350297629833221435546875" lon="126.6289046220481395721435546875">
        <ele>122.1999969482421875</ele>
        <time>2026-10-04T22:18:56.000Z</time>
        <extensions>
          <ns3:TrackPointExtension>
            <ns3:hr>132</ns3:hr>
            <ns3:cad>89</ns3:cad>
          </ns3:TrackPointExtension>
        </extensions>
      </trkpt>
      <trkpt lat="45.78413902781903743743896484375" lon="126.6289280913770198822021484375">
        <ele>122.1999969482421875</ele>
        <time>2026-10-04T22:18:57.000Z</time>
        <extensions>
          <ns3:TrackPointExtension>
            <ns3:hr>132</ns3:hr>
            <ns3:cad>91</ns3:cad>
          </ns3:TrackPointExtension>
        </extensions>
      </trkpt>
      <trkpt lat="45.7841205038130283355712890625" lon="126.62894301116466522216796875">
        <ele>122.1999969482421875</ele>
        <time>2026-10-04T22:18:58.000Z</time>
        <extensions>
          <ns3:TrackPointExtension>
            <ns3:hr>132</ns3:hr>
            <ns3:cad>91</ns3:cad>
          </ns3:TrackPointExtension>
        </extensions>
      </trkpt>
      <trkpt lat="45.78409795649349689483642578125" lon="126.62895147688686847686767578125">
        <ele>122.1999969482421875</ele>
        <time>2026-10-04T22:18:59.000Z</time>
        <extensions>
          <ns3:TrackPointExtension>
            <ns3:hr>132</ns3:hr>
            <ns3:cad>92</ns3:cad>
          </ns3:TrackPointExtension>
        </extensions>
      </trkpt>
      <trkpt lat="45.7840809412300586700439453125" lon="126.6289612837135791778564453125">
        <ele>122.1999969482421875</ele>
        <time>2026-10-04T22:19:00.000Z</time>
        <extensions>
          <ns3:TrackPointExtension>
            <ns3:hr>131</ns3:hr>
            <ns3:cad>92</ns3:cad>
          </ns3:TrackPointExtension>
        </extensions>
      </trkpt>
      <trkpt lat="45.7840500958263874053955078125" lon="126.62897293455898761749267578125">
        <ele>122.1999969482421875</ele>
        <time>2026-10-04T22:19:01.000Z</time>
        <extensions>
          <ns3:TrackPointExtension>
            <ns3:hr>132</ns3:hr>
            <ns3:cad>92</ns3:cad>
          </ns3:TrackPointExtension>
        </extensions>
      </trkpt>
      <trkpt lat="45.78402671031653881072998046875" lon="126.62898592650890350341796875">
        <ele>122.1999969482421875</ele>
        <time>2026-10-04T22:19:02.000Z</time>
        <extensions>
          <ns3:TrackPointExtension>
            <ns3:hr>132</ns3:hr>
            <ns3:cad>92</ns3:cad>
          </ns3:TrackPointExtension>
        </extensions>
      </trkpt>
      <trkpt lat="45.78399620018899440765380859375" lon="126.62900662980973720550537109375">
        <ele>122</ele>
        <time>2026-10-04T22:19:03.000Z</time>
        <extensions>
          <ns3:TrackPointExtension>
            <ns3:hr>132</ns3:hr>
            <ns3:cad>92</ns3:cad>
          </ns3:TrackPointExtension>
        </extensions>
      </trkpt>
      <trkpt lat="45.7839669473469257354736328125" lon="126.629021130502223968505859375">
        <ele>122</ele>
        <time>2026-10-04T22:19:04.000Z</time>
        <extensions>
          <ns3:TrackPointExtension>
            <ns3:hr>132</ns3:hr>
            <ns3:cad>91</ns3:cad>
          </ns3:TrackPointExtension>
        </extensions>
      </trkpt>
      <trkpt lat="45.7839394547045230865478515625" lon="126.6290394030511379241943359375">
        <ele>122</ele>
        <time>2026-10-04T22:19:05.000Z</time>
        <extensions>
          <ns3:TrackPointExtension>
            <ns3:hr>132</ns3:hr>
            <ns3:cad>91</ns3:cad>
          </ns3:TrackPointExtension>
        </extensions>
      </trkpt>
      <trkpt lat="45.78391204588115215301513671875" lon="126.62905440665781497955322265625">
        <ele>122</ele>
        <time>2026-10-04T22:19:06.000Z</time>
        <extensions>
          <ns3:TrackPointExtension>
            <ns3:hr>131</ns3:hr>
            <ns3:cad>91</ns3:cad>
          </ns3:TrackPointExtension>
        </extensions>
      </trkpt>
      <trkpt lat="45.78387147746980190277099609375" lon="126.62906530313193798065185546875">
        <ele>122</ele>
        <time>2026-10-04T22:19:07.000Z</time>
        <extensions>
          <ns3:TrackPointExtension>
            <ns3:hr>131</ns3:hr>
            <ns3:cad>91</ns3:cad>
          </ns3:TrackPointExtension>
        </extensions>
      </trkpt>
      <trkpt lat="45.78384633176028728485107421875" lon="126.6290863417088985443115234375">
        <ele>122.1999969482421875</ele>
        <time>2026-10-04T22:19:08.000Z</time>
        <extensions>
          <ns3:TrackPointExtension>
            <ns3:hr>131</ns3:hr>
            <ns3:cad>92</ns3:cad>
          </ns3:TrackPointExtension>
        </extensions>
      </trkpt>
      <trkpt lat="45.78381456434726715087890625" lon="126.6291067935526371002197265625">
        <ele>122.1999969482421875</ele>
        <time>2026-10-04T22:19:09.000Z</time>
        <extensions>
          <ns3:TrackPointExtension>
            <ns3:hr>131</ns3:hr>
            <ns3:cad>92</ns3:cad>
          </ns3:TrackPointExtension>
        </extensions>
      </trkpt>
      <trkpt lat="45.78378832899034023284912109375" lon="126.62912632338702678680419921875">
        <ele>122.1999969482421875</ele>
        <time>2026-10-04T22:19:10.000Z</time>
        <extensions>
          <ns3:TrackPointExtension>
            <ns3:hr>132</ns3:hr>
            <ns3:cad>92</ns3:cad>
          </ns3:TrackPointExtension>
        </extensions>
      </trkpt>
      <trkpt lat="45.7837594114243984222412109375" lon="126.62914057262241840362548828125">
        <ele>122.1999969482421875</ele>
        <time>2026-10-04T22:19:11.000Z</time>
        <extensions>
          <ns3:TrackPointExtension>
            <ns3:hr>132</ns3:hr>
            <ns3:cad>91</ns3:cad>
          </ns3:TrackPointExtension>
        </extensions>
      </trkpt>
      <trkpt lat="45.78373686410486698150634765625" lon="126.6291641257703304290771484375">
        <ele>122</ele>
        <time>2026-10-04T22:19:12.000Z</time>
        <extensions>
          <ns3:TrackPointExtension>
            <ns3:hr>132</ns3:hr>
            <ns3:cad>91</ns3:cad>
          </ns3:TrackPointExtension>
        </extensions>
      </trkpt>
      <trkpt lat="45.7837097905576229095458984375" lon="126.62917896173894405364990234375">
        <ele>122.1999969482421875</ele>
        <time>2026-10-04T22:19:13.000Z</time>
        <extensions>
          <ns3:TrackPointExtension>
            <ns3:hr>133</ns3:hr>
            <ns3:cad>90</ns3:cad>
          </ns3:TrackPointExtension>
        </extensions>
      </trkpt>
      <trkpt lat="45.783685483038425445556640625" lon="126.62919891066849231719970703125">
        <ele>122.1999969482421875</ele>
        <time>2026-10-04T22:19:14.000Z</time>
        <extensions>
          <ns3:TrackPointExtension>
            <ns3:hr>132</ns3:hr>
            <ns3:cad>90</ns3:cad>
          </ns3:TrackPointExtension>
        </extensions>
      </trkpt>
      <trkpt lat="45.783658325672149658203125" lon="126.62921148352324962615966796875">
        <ele>122.1999969482421875</ele>
        <time>2026-10-04T22:19:15.000Z</time>
        <extensions>
          <ns3:TrackPointExtension>
            <ns3:hr>132</ns3:hr>
            <ns3:cad>90</ns3:cad>
          </ns3:TrackPointExtension>
        </extensions>
      </trkpt>
      <trkpt lat="45.7836320064961910247802734375" lon="126.6292258165776729583740234375">
        <ele>122.1999969482421875</ele>
        <time>2026-10-04T22:19:16.000Z</time>
        <extensions>
          <ns3:TrackPointExtension>
            <ns3:hr>132</ns3:hr>
            <ns3:cad>91</ns3:cad>
          </ns3:TrackPointExtension>
        </extensions>
      </trkpt>
      <trkpt lat="45.78360669314861297607421875" lon="126.62923537194728851318359375">
        <ele>122.40000152587890625</ele>
        <time>2026-10-04T22:19:17.000Z</time>
        <extensions>
          <ns3:TrackPointExtension>
            <ns3:hr>132</ns3:hr>
            <ns3:cad>92</ns3:cad>
          </ns3:TrackPointExtension>
        </extensions>
      </trkpt>
      <trkpt lat="45.7835776917636394500732421875" lon="126.62925775162875652313232421875">
        <ele>122.40000152587890625</ele>
        <time>2026-10-04T22:19:18.000Z</time>
        <extensions>
          <ns3:TrackPointExtension>
            <ns3:hr>132</ns3:hr>
            <ns3:cad>92</ns3:cad>
          </ns3:TrackPointExtension>
        </extensions>
      </trkpt>
      <trkpt lat="45.783552043139934539794921875" lon="126.62927501834928989410400390625">
        <ele>122.40000152587890625</ele>
        <time>2026-10-04T22:19:19.000Z</time>
        <extensions>
          <ns3:TrackPointExtension>
            <ns3:hr>132</ns3:hr>
            <ns3:cad>92</ns3:cad>
          </ns3:TrackPointExtension>
        </extensions>
      </trkpt>
      <trkpt lat="45.78351826407015323638916015625" lon="126.62930033169686794281005859375">
        <ele>122.40000152587890625</ele>
        <time>2026-10-04T22:19:20.000Z</time>
        <extensions>
          <ns3:TrackPointExtension>
            <ns3:hr>132</ns3:hr>
            <ns3:cad>92</ns3:cad>
          </ns3:TrackPointExtension>
        </extensions>
      </trkpt>
      <trkpt lat="45.7834932021796703338623046875" lon="126.629315502941608428955078125">
        <ele>122.40000152587890625</ele>
        <time>2026-10-04T22:19:21.000Z</time>
        <extensions>
          <ns3:TrackPointExtension>
            <ns3:hr>132</ns3:hr>
            <ns3:cad>92</ns3:cad>
          </ns3:TrackPointExtension>
        </extensions>
      </trkpt>
      <trkpt lat="45.783462189137935638427734375" lon="126.6293404810130596160888671875">
        <ele>122.40000152587890625</ele>
        <time>2026-10-04T22:19:22.000Z</time>
        <extensions>
          <ns3:TrackPointExtension>
            <ns3:hr>133</ns3:hr>
            <ns3:cad>92</ns3:cad>
          </ns3:TrackPointExtension>
        </extensions>
      </trkpt>
      <trkpt lat="45.78344081528484821319580078125" lon="126.62935531698167324066162109375">
        <ele>122.40000152587890625</ele>
        <time>2026-10-04T22:19:23.000Z</time>
        <extensions>
          <ns3:TrackPointExtension>
            <ns3:hr>133</ns3:hr>
            <ns3:cad>92</ns3:cad>
          </ns3:TrackPointExtension>
        </extensions>
      </trkpt>
      <trkpt lat="45.78340427018702030181884765625" lon="126.629378534853458404541015625">
        <ele>122.40000152587890625</ele>
        <time>2026-10-04T22:19:24.000Z</time>
        <extensions>
          <ns3:TrackPointExtension>
            <ns3:hr>133</ns3:hr>
            <ns3:cad>92</ns3:cad>
          </ns3:TrackPointExtension>
        </extensions>
      </trkpt>
      <trkpt lat="45.78338013030588626861572265625" lon="126.62939337082207202911376953125">
        <ele>122.40000152587890625</ele>
        <time>2026-10-04T22:19:25.000Z</time>
        <extensions>
          <ns3:TrackPointExtension>
            <ns3:hr>133</ns3:hr>
            <ns3:cad>92</ns3:cad>
          </ns3:TrackPointExtension>
        </extensions>
      </trkpt>
      <trkpt lat="45.7833426631987094879150390625" lon="126.62941985763609409332275390625">
        <ele>122.40000152587890625</ele>
        <time>2026-10-04T22:19:26.000Z</time>
        <extensions>
          <ns3:TrackPointExtension>
            <ns3:hr>133</ns3:hr>
            <ns3:cad>91</ns3:cad>
          </ns3:TrackPointExtension>
        </extensions>
      </trkpt>
      <trkpt lat="45.78331978060305118560791015625" lon="126.62943578325212001800537109375">
        <ele>122.40000152587890625</ele>
        <time>2026-10-04T22:19:27.000Z</time>
        <extensions>
          <ns3:TrackPointExtension>
            <ns3:hr>133</ns3:hr>
            <ns3:cad>91</ns3:cad>
          </ns3:TrackPointExtension>
        </extensions>
      </trkpt>
      <trkpt lat="45.7832786254584789276123046875" lon="126.6294595040380954742431640625">
        <ele>122.59999847412109375</ele>
        <time>2026-10-04T22:19:28.000Z</time>
        <extensions>
          <ns3:TrackPointExtension>
            <ns3:hr>132</ns3:hr>
            <ns3:cad>91</ns3:cad>
          </ns3:TrackPointExtension>
        </extensions>
      </trkpt>
      <trkpt lat="45.7832554914057254791259765625" lon="126.62946998141705989837646484375">
        <ele>122.59999847412109375</ele>
        <time>2026-10-04T22:19:29.000Z</time>
        <extensions>
          <ns3:TrackPointExtension>
            <ns3:hr>132</ns3:hr>
            <ns3:cad>90</ns3:cad>
          </ns3:TrackPointExtension>
        </extensions>
      </trkpt>
      <trkpt lat="45.78321970067918300628662109375" lon="126.62947417236864566802978515625">
        <ele>122.59999847412109375</ele>
        <time>2026-10-04T22:19:30.000Z</time>
        <extensions>
          <ns3:TrackPointExtension>
            <ns3:hr>132</ns3:hr>
            <ns3:cad>90</ns3:cad>
          </ns3:TrackPointExtension>
        </extensions>
      </trkpt>
      <trkpt lat="45.78319304622709751129150390625" lon="126.6294769383966922760009765625">
        <ele>122.59999847412109375</ele>
        <time>2026-10-04T22:19:31.000Z</time>
        <extensions>
          <ns3:TrackPointExtension>
            <ns3:hr>132</ns3:hr>
            <ns3:cad>90</ns3:cad>
          </ns3:TrackPointExtension>
        </extensions>
      </trkpt>
      <trkpt lat="45.78317753970623016357421875" lon="126.62948205135762691497802734375">
        <ele>122.59999847412109375</ele>
        <time>2026-10-04T22:19:32.000Z</time>
        <extensions>
          <ns3:TrackPointExtension>
            <ns3:hr>132</ns3:hr>
            <ns3:cad>89</ns3:cad>
          </ns3:TrackPointExtension>
        </extensions>
      </trkpt>
      <trkpt lat="45.78317007981240749359130859375" lon="126.6295007430016994476318359375">
        <ele>122.59999847412109375</ele>
        <time>2026-10-04T22:19:33.000Z</time>
        <extensions>
          <ns3:TrackPointExtension>
            <ns3:hr>132</ns3:hr>
            <ns3:cad>89</ns3:cad>
          </ns3:TrackPointExtension>
        </extensions>
      </trkpt>
      <trkpt lat="45.78317594714462757110595703125" lon="126.62950904108583927154541015625">
        <ele>122.59999847412109375</ele>
        <time>2026-10-04T22:19:34.000Z</time>
        <extensions>
          <ns3:TrackPointExtension>
            <ns3:hr>132</ns3:hr>
            <ns3:cad>89</ns3:cad>
          </ns3:TrackPointExtension>
        </extensions>
      </trkpt>
      <trkpt lat="45.78318248502910137176513671875" lon="126.6295312531292438507080078125">
        <ele>122.59999847412109375</ele>
        <time>2026-10-04T22:19:35.000Z</time>
        <extensions>
          <ns3:TrackPointExtension>
            <ns3:hr>132</ns3:hr>
            <ns3:cad>88</ns3:cad>
          </ns3:TrackPointExtension>
        </extensions>
      </trkpt>
      <trkpt lat="45.7831958122551441192626953125" lon="126.62954055704176425933837890625">
        <ele>122.59999847412109375</ele>
        <time>2026-10-04T22:19:36.000Z</time>
        <extensions>
          <ns3:TrackPointExtension>
            <ns3:hr>132</ns3:hr>
            <ns3:cad>88</ns3:cad>
          </ns3:TrackPointExtension>
        </extensions>
      </trkpt>
      <trkpt lat="45.78321106731891632080078125" lon="126.62956528365612030029296875">
        <ele>122.59999847412109375</ele>
        <time>2026-10-04T22:19:37.000Z</time>
        <extensions>
          <ns3:TrackPointExtension>
            <ns3:hr>132</ns3:hr>
            <ns3:cad>88</ns3:cad>
          </ns3:TrackPointExtension>
        </extensions>
      </trkpt>
      <trkpt lat="45.78322204761207103729248046875" lon="126.62959001027047634124755859375">
        <ele>122.59999847412109375</ele>
        <time>2026-10-04T22:19:38.000Z</time>
        <extensions>
          <ns3:TrackPointExtension>
            <ns3:hr>132</ns3:hr>
            <ns3:cad>88</ns3:cad>
          </ns3:TrackPointExtension>
        </extensions>
      </trkpt>
      <trkpt lat="45.78323780559003353118896484375" lon="126.62963560782372951507568359375">
        <ele>122.59999847412109375</ele>
        <time>2026-10-04T22:19:39.000Z</time>
        <extensions>
          <ns3:TrackPointExtension>
            <ns3:hr>132</ns3:hr>
            <ns3:cad>88</ns3:cad>
          </ns3:TrackPointExtension>
        </extensions>
      </trkpt>
      <trkpt lat="45.78325155191123485565185546875" lon="126.62966293282806873321533203125">
        <ele>122.8000030517578125</ele>
        <time>2026-10-04T22:19:40.000Z</time>
        <extensions>
          <ns3:TrackPointExtension>
            <ns3:hr>132</ns3:hr>
            <ns3:cad>89</ns3:cad>
          </ns3:TrackPointExtension>
        </extensions>
      </trkpt>
      <trkpt lat="45.78326596878468990325927734375" lon="126.62970584817230701446533203125">
        <ele>122.8000030517578125</ele>
        <time>2026-10-04T22:19:41.000Z</time>
        <extensions>
          <ns3:TrackPointExtension>
            <ns3:hr>132</ns3:hr>
            <ns3:cad>89</ns3:cad>
          </ns3:TrackPointExtension>
        </extensions>
      </trkpt>
      <trkpt lat="45.78328105621039867401123046875" lon="126.62973560392856597900390625">
        <ele>122.8000030517578125</ele>
        <time>2026-10-04T22:19:42.000Z</time>
        <extensions>
          <ns3:TrackPointExtension>
            <ns3:hr>133</ns3:hr>
            <ns3:cad>89</ns3:cad>
          </ns3:TrackPointExtension>
        </extensions>
      </trkpt>
      <trkpt lat="45.7832917012274265289306640625" lon="126.62978011183440685272216796875">
        <ele>122.8000030517578125</ele>
        <time>2026-10-04T22:19:43.000Z</time>
        <extensions>
          <ns3:TrackPointExtension>
            <ns3:hr>134</ns3:hr>
            <ns3:cad>91</ns3:cad>
          </ns3:TrackPointExtension>
        </extensions>
      </trkpt>
      <trkpt lat="45.78330754302442073822021484375" lon="126.62981581874191761016845703125">
        <ele>122.8000030517578125</ele>
        <time>2026-10-04T22:19:44.000Z</time>
        <extensions>
          <ns3:TrackPointExtension>
            <ns3:hr>134</ns3:hr>
            <ns3:cad>91</ns3:cad>
          </ns3:TrackPointExtension>
        </extensions>
      </trkpt>
      <trkpt lat="45.783320367336273193359375" lon="126.62986594252288341522216796875">
        <ele>122.8000030517578125</ele>
        <time>2026-10-04T22:19:45.000Z</time>
        <extensions>
          <ns3:TrackPointExtension>
            <ns3:hr>135</ns3:hr>
            <ns3:cad>91</ns3:cad>
          </ns3:TrackPointExtension>
        </extensions>
      </trkpt>
      <trkpt lat="45.78333201818168163299560546875" lon="126.62989293225109577178955078125">
        <ele>123</ele>
        <time>2026-10-04T22:19:46.000Z</time>
        <extensions>
          <ns3:TrackPointExtension>
            <ns3:hr>135</ns3:hr>
            <ns3:cad>92</ns3:cad>
          </ns3:TrackPointExtension>
        </extensions>
      </trkpt>
      <trkpt lat="45.78334744088351726531982421875" lon="126.62994070909917354583740234375">
        <ele>123</ele>
        <time>2026-10-04T22:19:47.000Z</time>
        <extensions>
          <ns3:TrackPointExtension>
            <ns3:hr>135</ns3:hr>
            <ns3:cad>92</ns3:cad>
          </ns3:TrackPointExtension>
        </extensions>
      </trkpt>
      <trkpt lat="45.78336470760405063629150390625" lon="126.62997700273990631103515625">
        <ele>123</ele>
        <time>2026-10-04T22:19:48.000Z</time>
        <extensions>
          <ns3:TrackPointExtension>
            <ns3:hr>135</ns3:hr>
            <ns3:cad>91</ns3:cad>
          </ns3:TrackPointExtension>
        </extensions>
      </trkpt>
      <trkpt lat="45.78337308950722217559814453125" lon="126.63000516593456268310546875">
        <ele>123</ele>
        <time>2026-10-04T22:19:49.000Z</time>
        <extensions>
          <ns3:TrackPointExtension>
            <ns3:hr>136</ns3:hr>
            <ns3:cad>91</ns3:cad>
          </ns3:TrackPointExtension>
        </extensions>
      </trkpt>
      <trkpt lat="45.78338432125747203826904296875" lon="126.63002603687345981597900390625">
        <ele>123</ele>
        <time>2026-10-04T22:19:50.000Z</time>
        <extensions>
          <ns3:TrackPointExtension>
            <ns3:hr>136</ns3:hr>
            <ns3:cad>91</ns3:cad>
          </ns3:TrackPointExtension>
        </extensions>
      </trkpt>
      <trkpt lat="45.783398151397705078125" lon="126.63006459362804889678955078125">
        <ele>123</ele>
        <time>2026-10-04T22:19:51.000Z</time>
        <extensions>
          <ns3:TrackPointExtension>
            <ns3:hr>136</ns3:hr>
            <ns3:cad>91</ns3:cad>
          </ns3:TrackPointExtension>
        </extensions>
      </trkpt>
      <trkpt lat="45.78341483138501644134521484375" lon="126.6300888173282146453857421875">
        <ele>123</ele>
        <time>2026-10-04T22:19:52.000Z</time>
        <extensions>
          <ns3:TrackPointExtension>
            <ns3:hr>137</ns3:hr>
            <ns3:cad>91</ns3:cad>
          </ns3:TrackPointExtension>
        </extensions>
      </trkpt>
      <trkpt lat="45.7834289968013763427734375" lon="126.63012812845408916473388671875">
        <ele>123.1999969482421875</ele>
        <time>2026-10-04T22:19:53.000Z</time>
        <extensions>
          <ns3:TrackPointExtension>
            <ns3:hr>137</ns3:hr>
            <ns3:cad>91</ns3:cad>
          </ns3:TrackPointExtension>
        </extensions>
      </trkpt>
      <trkpt lat="45.783441066741943359375" lon="126.63015495054423809051513671875">
        <ele>123.1999969482421875</ele>
        <time>2026-10-04T22:19:54.000Z</time>
        <extensions>
          <ns3:TrackPointExtension>
            <ns3:hr>137</ns3:hr>
            <ns3:cad>91</ns3:cad>
          </ns3:TrackPointExtension>
        </extensions>
      </trkpt>
      <trkpt lat="45.7834512926638126373291015625" lon="126.63019501604139804840087890625">
        <ele>123.40000152587890625</ele>
        <time>2026-10-04T22:19:55.000Z</time>
        <extensions>
          <ns3:TrackPointExtension>
            <ns3:hr>137</ns3:hr>
            <ns3:cad>91</ns3:cad>
          </ns3:TrackPointExtension>
        </extensions>
      </trkpt>
      <trkpt lat="45.78346721827983856201171875" lon="126.63022351451218128204345703125">
        <ele>123.40000152587890625</ele>
        <time>2026-10-04T22:19:56.000Z</time>
        <extensions>
          <ns3:TrackPointExtension>
            <ns3:hr>138</ns3:hr>
            <ns3:cad>91</ns3:cad>
          </ns3:TrackPointExtension>
        </extensions>
      </trkpt>
      <trkpt lat="45.78348021022975444793701171875" lon="126.63026726804673671722412109375">
        <ele>123.40000152587890625</ele>
        <time>2026-10-04T22:19:57.000Z</time>
        <extensions>
          <ns3:TrackPointExtension>
            <ns3:hr>138</ns3:hr>
            <ns3:cad>92</ns3:cad>
          </ns3:TrackPointExtension>
        </extensions>
      </trkpt>
      <trkpt lat="45.783500410616397857666015625" lon="126.63031093776226043701171875">
        <ele>123.1999969482421875</ele>
        <time>2026-10-04T22:19:58.000Z</time>
        <extensions>
          <ns3:TrackPointExtension>
            <ns3:hr>138</ns3:hr>
            <ns3:cad>91</ns3:cad>
          </ns3:TrackPointExtension>
        </extensions>
      </trkpt>
      <trkpt lat="45.7835079543292522430419921875" lon="126.6303563676774501800537109375">
        <ele>123.1999969482421875</ele>
        <time>2026-10-04T22:19:59.000Z</time>
        <extensions>
          <ns3:TrackPointExtension>
            <ns3:hr>138</ns3:hr>
            <ns3:cad>92</ns3:cad>
          </ns3:TrackPointExtension>
        </extensions>
      </trkpt>
      <trkpt lat="45.7835203595459461212158203125" lon="126.6304019652307033538818359375">
        <ele>123.1999969482421875</ele>
        <time>2026-10-04T22:20:00.000Z</time>
        <extensions>
          <ns3:TrackPointExtension>
            <ns3:hr>138</ns3:hr>
            <ns3:cad>92</ns3:cad>
          </ns3:TrackPointExtension>
        </extensions>
      </trkpt>
      <trkpt lat="45.78352580778300762176513671875" lon="126.63043976761400699615478515625">
        <ele>123</ele>
        <time>2026-10-04T22:20:01.000Z</time>
        <extensions>
          <ns3:TrackPointExtension>
            <ns3:hr>139</ns3:hr>
            <ns3:cad>92</ns3:cad>
          </ns3:TrackPointExtension>
        </extensions>
      </trkpt>
      <trkpt lat="45.783531256020069122314453125" lon="126.630482263863086700439453125">
        <ele>123</ele>
        <time>2026-10-04T22:20:02.000Z</time>
        <extensions>
          <ns3:TrackPointExtension>
            <ns3:hr>139</ns3:hr>
            <ns3:cad>92</ns3:cad>
          </ns3:TrackPointExtension>
        </extensions>
      </trkpt>
      <trkpt lat="45.78353754244744777679443359375" lon="126.63051453419029712677001953125">
        <ele>123.1999969482421875</ele>
        <time>2026-10-04T22:20:03.000Z</time>
        <extensions>
          <ns3:TrackPointExtension>
            <ns3:hr>140</ns3:hr>
            <ns3:cad>93</ns3:cad>
          </ns3:TrackPointExtension>
        </extensions>
      </trkpt>
      <trkpt lat="45.783547349274158477783203125" lon="126.630561389029026031494140625">
        <ele>123.1999969482421875</ele>
        <time>2026-10-04T22:20:04.000Z</time>
        <extensions>
          <ns3:TrackPointExtension>
            <ns3:hr>140</ns3:hr>
            <ns3:cad>93</ns3:cad>
          </ns3:TrackPointExtension>
        </extensions>
      </trkpt>
      <trkpt lat="45.78356243669986724853515625" lon="126.63058946840465068817138671875">
        <ele>123.1999969482421875</ele>
        <time>2026-10-04T22:20:05.000Z</time>
        <extensions>
          <ns3:TrackPointExtension>
            <ns3:hr>141</ns3:hr>
            <ns3:cad>93</ns3:cad>
          </ns3:TrackPointExtension>
        </extensions>
      </trkpt>
      <trkpt lat="45.78357844613492488861083984375" lon="126.63063540123403072357177734375">
        <ele>123.1999969482421875</ele>
        <time>2026-10-04T22:20:06.000Z</time>
        <extensions>
          <ns3:TrackPointExtension>
            <ns3:hr>141</ns3:hr>
            <ns3:cad>92</ns3:cad>
          </ns3:TrackPointExtension>
        </extensions>
      </trkpt>
      <trkpt lat="45.7835978083312511444091796875" lon="126.63066490553319454193115234375">
        <ele>123.1999969482421875</ele>
        <time>2026-10-04T22:20:07.000Z</time>
        <extensions>
          <ns3:TrackPointExtension>
            <ns3:hr>141</ns3:hr>
            <ns3:cad>92</ns3:cad>
          </ns3:TrackPointExtension>
        </extensions>
      </trkpt>
      <trkpt lat="45.78361205756664276123046875" lon="126.6307063959538936614990234375">
        <ele>123.40000152587890625</ele>
        <time>2026-10-04T22:20:08.000Z</time>
        <extensions>
          <ns3:TrackPointExtension>
            <ns3:hr>141</ns3:hr>
            <ns3:cad>91</ns3:cad>
          </ns3:TrackPointExtension>
        </extensions>
      </trkpt>
      <trkpt lat="45.7836306653916835784912109375" lon="126.6307421028614044189453125">
        <ele>123.40000152587890625</ele>
        <time>2026-10-04T22:20:09.000Z</time>
        <extensions>
          <ns3:TrackPointExtension>
            <ns3:hr>141</ns3:hr>
            <ns3:cad>91</ns3:cad>
          </ns3:TrackPointExtension>
        </extensions>
      </trkpt>
      <trkpt lat="45.78363745473325252532958984375" lon="126.63077940233051776885986328125">
        <ele>123.40000152587890625</ele>
        <time>2026-10-04T22:20:10.000Z</time>
        <extensions>
          <ns3:TrackPointExtension>
            <ns3:hr>141</ns3:hr>
            <ns3:cad>92</ns3:cad>
          </ns3:TrackPointExtension>
        </extensions>
      </trkpt>
      <trkpt lat="45.7836514525115489959716796875" lon="126.63081477396190166473388671875">
        <ele>123.40000152587890625</ele>
        <time>2026-10-04T22:20:11.000Z</time>
        <extensions>
          <ns3:TrackPointExtension>
            <ns3:hr>140</ns3:hr>
            <ns3:cad>93</ns3:cad>
          </ns3:TrackPointExtension>
        </extensions>
      </trkpt>
      <trkpt lat="45.78366595320403575897216796875" lon="126.63084645755589008331298828125">
        <ele>123.59999847412109375</ele>
        <time>2026-10-04T22:20:12.000Z</time>
        <extensions>
          <ns3:TrackPointExtension>
            <ns3:hr>141</ns3:hr>
            <ns3:cad>93</ns3:cad>
          </ns3:TrackPointExtension>
        </extensions>
      </trkpt>
      <trkpt lat="45.7836789451539516448974609375" lon="126.63088769651949405670166015625">
        <ele>123.59999847412109375</ele>
        <time>2026-10-04T22:20:13.000Z</time>
        <extensions>
          <ns3:TrackPointExtension>
            <ns3:hr>140</ns3:hr>
            <ns3:cad>93</ns3:cad>
          </ns3:TrackPointExtension>
        </extensions>
      </trkpt>
      <trkpt lat="45.7836940325796604156494140625" lon="126.63091887719929218292236328125">
        <ele>123.59999847412109375</ele>
        <time>2026-10-04T22:20:14.000Z</time>
        <extensions>
          <ns3:TrackPointExtension>
            <ns3:hr>139</ns3:hr>
            <ns3:cad>92</ns3:cad>
          </ns3:TrackPointExtension>
        </extensions>
      </trkpt>
      <trkpt lat="45.78370501287281513214111328125" lon="126.63096363656222820281982421875">
        <ele>123.8000030517578125</ele>
        <time>2026-10-04T22:20:15.000Z</time>
        <extensions>
          <ns3:TrackPointExtension>
            <ns3:hr>138</ns3:hr>
            <ns3:cad>92</ns3:cad>
          </ns3:TrackPointExtension>
        </extensions>
      </trkpt>
      <trkpt lat="45.78371725045144557952880859375" lon="126.63099012337625026702880859375">
        <ele>123.8000030517578125</ele>
        <time>2026-10-04T22:20:16.000Z</time>
        <extensions>
          <ns3:TrackPointExtension>
            <ns3:hr>138</ns3:hr>
            <ns3:cad>92</ns3:cad>
          </ns3:TrackPointExtension>
        </extensions>
      </trkpt>
      <trkpt lat="45.78372764401137828826904296875" lon="126.63103387691080570220947265625">
        <ele>123.59999847412109375</ele>
        <time>2026-10-04T22:20:17.000Z</time>
        <extensions>
          <ns3:TrackPointExtension>
            <ns3:hr>139</ns3:hr>
            <ns3:cad>93</ns3:cad>
          </ns3:TrackPointExtension>
        </extensions>
      </trkpt>
      <trkpt lat="45.7837416417896747589111328125" lon="126.6310668177902698516845703125">
        <ele>123.59999847412109375</ele>
        <time>2026-10-04T22:20:18.000Z</time>
        <extensions>
          <ns3:TrackPointExtension>
            <ns3:hr>139</ns3:hr>
            <ns3:cad>93</ns3:cad>
          </ns3:TrackPointExtension>
        </extensions>
      </trkpt>
      <trkpt lat="45.78375396318733692169189453125" lon="126.631109900772571563720703125">
        <ele>123.59999847412109375</ele>
        <time>2026-10-04T22:20:19.000Z</time>
        <extensions>
          <ns3:TrackPointExtension>
            <ns3:hr>139</ns3:hr>
            <ns3:cad>93</ns3:cad>
          </ns3:TrackPointExtension>
        </extensions>
      </trkpt>
      <trkpt lat="45.78376888297498226165771484375" lon="126.63113865070044994354248046875">
        <ele>123.59999847412109375</ele>
        <time>2026-10-04T22:20:20.000Z</time>
        <extensions>
          <ns3:TrackPointExtension>
            <ns3:hr>139</ns3:hr>
            <ns3:cad>92</ns3:cad>
          </ns3:TrackPointExtension>
        </extensions>
      </trkpt>
      <trkpt lat="45.78378665260970592498779296875" lon="126.6311784647405147552490234375">
        <ele>123.59999847412109375</ele>
        <time>2026-10-04T22:20:21.000Z</time>
        <extensions>
          <ns3:TrackPointExtension>
            <ns3:hr>139</ns3:hr>
            <ns3:cad>93</ns3:cad>
          </ns3:TrackPointExtension>
        </extensions>
      </trkpt>
      <trkpt lat="45.78380224294960498809814453125" lon="126.63121358491480350494384765625">
        <ele>123.59999847412109375</ele>
        <time>2026-10-04T22:20:22.000Z</time>
        <extensions>
          <ns3:TrackPointExtension>
            <ns3:hr>139</ns3:hr>
            <ns3:cad>93</ns3:cad>
          </ns3:TrackPointExtension>
        </extensions>
      </trkpt>
      <trkpt lat="45.78381364233791828155517578125" lon="126.6312512196600437164306640625">
        <ele>123.59999847412109375</ele>
        <time>2026-10-04T22:20:23.000Z</time>
        <extensions>
          <ns3:TrackPointExtension>
            <ns3:hr>139</ns3:hr>
            <ns3:cad>93</ns3:cad>
          </ns3:TrackPointExtension>
        </extensions>
      </trkpt>
      <trkpt lat="45.78382621519267559051513671875" lon="126.6312834061682224273681640625">
        <ele>123.59999847412109375</ele>
        <time>2026-10-04T22:20:24.000Z</time>
        <extensions>
          <ns3:TrackPointExtension>
            <ns3:hr>139</ns3:hr>
            <ns3:cad>93</ns3:cad>
          </ns3:TrackPointExtension>
        </extensions>
      </trkpt>
      <trkpt lat="45.78383493237197399139404296875" lon="126.6313152574002742767333984375">
        <ele>123.59999847412109375</ele>
        <time>2026-10-04T22:20:25.000Z</time>
        <extensions>
          <ns3:TrackPointExtension>
            <ns3:hr>139</ns3:hr>
            <ns3:cad>93</ns3:cad>
          </ns3:TrackPointExtension>
        </extensions>
      </trkpt>
      <trkpt lat="45.78384834341704845428466796875" lon="126.63135440088808536529541015625">
        <ele>123.59999847412109375</ele>
        <time>2026-10-04T22:20:26.000Z</time>
        <extensions>
          <ns3:TrackPointExtension>
            <ns3:hr>139</ns3:hr>
            <ns3:cad>93</ns3:cad>
          </ns3:TrackPointExtension>
        </extensions>
      </trkpt>
      <trkpt lat="45.7838594913482666015625" lon="126.63138273172080516815185546875">
        <ele>123.59999847412109375</ele>
        <time>2026-10-04T22:20:27.000Z</time>
        <extensions>
          <ns3:TrackPointExtension>
            <ns3:hr>139</ns3:hr>
            <ns3:cad>92</ns3:cad>
          </ns3:TrackPointExtension>
        </extensions>
      </trkpt>
      <trkpt lat="45.78386896289885044097900390625" lon="126.63142631761729717254638671875">
        <ele>123.40000152587890625</ele>
        <time>2026-10-04T22:20:28.000Z</time>
        <extensions>
          <ns3:TrackPointExtension>
            <ns3:hr>140</ns3:hr>
            <ns3:cad>91</ns3:cad>
          </ns3:TrackPointExtension>
        </extensions>
      </trkpt>
      <trkpt lat="45.78388304449617862701416015625" lon="126.631454564630985260009765625">
        <ele>123.59999847412109375</ele>
        <time>2026-10-04T22:20:29.000Z</time>
        <extensions>
          <ns3:TrackPointExtension>
            <ns3:hr>140</ns3:hr>
            <ns3:cad>91</ns3:cad>
          </ns3:TrackPointExtension>
        </extensions>
      </trkpt>
      <trkpt lat="45.7838992215692996978759765625" lon="126.6315026767551898956298828125">
        <ele>123.59999847412109375</ele>
        <time>2026-10-04T22:20:30.000Z</time>
        <extensions>
          <ns3:TrackPointExtension>
            <ns3:hr>140</ns3:hr>
            <ns3:cad>92</ns3:cad>
          </ns3:TrackPointExtension>
        </extensions>
      </trkpt>
      <trkpt lat="45.7839133031666278839111328125" lon="126.63153897039592266082763671875">
        <ele>123.8000030517578125</ele>
        <time>2026-10-04T22:20:31.000Z</time>
        <extensions>
          <ns3:TrackPointExtension>
            <ns3:hr>140</ns3:hr>
            <ns3:cad>94</ns3:cad>
          </ns3:TrackPointExtension>
        </extensions>
      </trkpt>
      <trkpt lat="45.78392780385911464691162109375" lon="126.6315854899585247039794921875">
        <ele>123.8000030517578125</ele>
        <time>2026-10-04T22:20:32.000Z</time>
        <extensions>
          <ns3:TrackPointExtension>
            <ns3:hr>139</ns3:hr>
            <ns3:cad>94</ns3:cad>
          </ns3:TrackPointExtension>
        </extensions>
      </trkpt>
      <trkpt lat="45.783943645656108856201171875" lon="126.63161792792379856109619140625">
        <ele>123.8000030517578125</ele>
        <time>2026-10-04T22:20:33.000Z</time>
        <extensions>
          <ns3:TrackPointExtension>
            <ns3:hr>140</ns3:hr>
            <ns3:cad>93</ns3:cad>
          </ns3:TrackPointExtension>
        </extensions>
      </trkpt>
      <trkpt lat="45.7839585654437541961669921875" lon="126.6316602565348148345947265625">
        <ele>123.8000030517578125</ele>
        <time>2026-10-04T22:20:34.000Z</time>
        <extensions>
          <ns3:TrackPointExtension>
            <ns3:hr>140</ns3:hr>
            <ns3:cad>93</ns3:cad>
          </ns3:TrackPointExtension>
        </extensions>
      </trkpt>
      <trkpt lat="45.78397147357463836669921875" lon="126.63169336505234241485595703125">
        <ele>123.8000030517578125</ele>
        <time>2026-10-04T22:20:35.000Z</time>
        <extensions>
          <ns3:TrackPointExtension>
            <ns3:hr>140</ns3:hr>
            <ns3:cad>93</ns3:cad>
          </ns3:TrackPointExtension>
        </extensions>
      </trkpt>
      <trkpt lat="45.78398111276328563690185546875" lon="126.63173007778823375701904296875">
        <ele>123.8000030517578125</ele>
        <time>2026-10-04T22:20:36.000Z</time>
        <extensions>
          <ns3:TrackPointExtension>
            <ns3:hr>140</ns3:hr>
            <ns3:cad>93</ns3:cad>
          </ns3:TrackPointExtension>
        </extensions>
      </trkpt>
      <trkpt lat="45.7839937694370746612548828125" lon="126.631776429712772369384765625">
        <ele>123.8000030517578125</ele>
        <time>2026-10-04T22:20:37.000Z</time>
        <extensions>
          <ns3:TrackPointExtension>
            <ns3:hr>140</ns3:hr>
            <ns3:cad>93</ns3:cad>
          </ns3:TrackPointExtension>
        </extensions>
      </trkpt>
      <trkpt lat="45.78400558792054653167724609375" lon="126.6318064369261264801025390625">
        <ele>123.59999847412109375</ele>
        <time>2026-10-04T22:20:38.000Z</time>
        <extensions>
          <ns3:TrackPointExtension>
            <ns3:hr>140</ns3:hr>
            <ns3:cad>93</ns3:cad>
          </ns3:TrackPointExtension>
        </extensions>
      </trkpt>
      <trkpt lat="45.78402520157396793365478515625" lon="126.631854213774204254150390625">
        <ele>123.59999847412109375</ele>
        <time>2026-10-04T22:20:39.000Z</time>
        <extensions>
          <ns3:TrackPointExtension>
            <ns3:hr>140</ns3:hr>
            <ns3:cad>93</ns3:cad>
          </ns3:TrackPointExtension>
        </extensions>
      </trkpt>
      <trkpt lat="45.78404263593256473541259765625" lon="126.63188162259757518768310546875">
        <ele>123.59999847412109375</ele>
        <time>2026-10-04T22:20:40.000Z</time>
        <extensions>
          <ns3:TrackPointExtension>
            <ns3:hr>141</ns3:hr>
            <ns3:cad>93</ns3:cad>
          </ns3:TrackPointExtension>
        </extensions>
      </trkpt>
      <trkpt lat="45.78405923210084438323974609375" lon="126.63192562758922576904296875">
        <ele>123.59999847412109375</ele>
        <time>2026-10-04T22:20:41.000Z</time>
        <extensions>
          <ns3:TrackPointExtension>
            <ns3:hr>140</ns3:hr>
            <ns3:cad>93</ns3:cad>
          </ns3:TrackPointExtension>
        </extensions>
      </trkpt>
      <trkpt lat="45.78407146967947483062744140625" lon="126.6319519467651844024658203125">
        <ele>123.59999847412109375</ele>
        <time>2026-10-04T22:20:42.000Z</time>
        <extensions>
          <ns3:TrackPointExtension>
            <ns3:hr>140</ns3:hr>
            <ns3:cad>92</ns3:cad>
          </ns3:TrackPointExtension>
        </extensions>
      </trkpt>
      <trkpt lat="45.78407783992588520050048828125" lon="126.631998717784881591796875">
        <ele>123.59999847412109375</ele>
        <time>2026-10-04T22:20:43.000Z</time>
        <extensions>
          <ns3:TrackPointExtension>
            <ns3:hr>140</ns3:hr>
            <ns3:cad>93</ns3:cad>
          </ns3:TrackPointExtension>
        </extensions>
      </trkpt>
      <trkpt lat="45.78408840112388134002685546875" lon="126.63203400559723377227783203125">
        <ele>123.59999847412109375</ele>
        <time>2026-10-04T22:20:44.000Z</time>
        <extensions>
          <ns3:TrackPointExtension>
            <ns3:hr>141</ns3:hr>
            <ns3:cad>93</ns3:cad>
          </ns3:TrackPointExtension>
        </extensions>
      </trkpt>
      <trkpt lat="45.78409678302705287933349609375" lon="126.63207256235182285308837890625">
        <ele>123.59999847412109375</ele>
        <time>2026-10-04T22:20:45.000Z</time>
        <extensions>
          <ns3:TrackPointExtension>
            <ns3:hr>140</ns3:hr>
            <ns3:cad>93</ns3:cad>
          </ns3:TrackPointExtension>
        </extensions>
      </trkpt>
      <trkpt lat="45.78410751186311244964599609375" lon="126.63210801780223846435546875">
        <ele>123.59999847412109375</ele>
        <time>2026-10-04T22:20:46.000Z</time>
        <extensions>
          <ns3:TrackPointExtension>
            <ns3:hr>140</ns3:hr>
            <ns3:cad>92</ns3:cad>
          </ns3:TrackPointExtension>
        </extensions>
      </trkpt>
      <trkpt lat="45.784124024212360382080078125" lon="126.6321447305381298065185546875">
        <ele>123.59999847412109375</ele>
        <time>2026-10-04T22:20:47.000Z</time>
        <extensions>
          <ns3:TrackPointExtension>
            <ns3:hr>141</ns3:hr>
            <ns3:cad>92</ns3:cad>
          </ns3:TrackPointExtension>
        </extensions>
      </trkpt>
      <trkpt lat="45.7841397821903228759765625" lon="126.632177419960498809814453125">
        <ele>123.59999847412109375</ele>
        <time>2026-10-04T22:20:48.000Z</time>
        <extensions>
          <ns3:TrackPointExtension>
            <ns3:hr>141</ns3:hr>
            <ns3:cad>93</ns3:cad>
          </ns3:TrackPointExtension>
        </extensions>
      </trkpt>
      <trkpt lat="45.78415411524474620819091796875" lon="126.632212288677692413330078125">
        <ele>123.59999847412109375</ele>
        <time>2026-10-04T22:20:49.000Z</time>
        <extensions>
          <ns3:TrackPointExtension>
            <ns3:hr>141</ns3:hr>
            <ns3:cad>94</ns3:cad>
          </ns3:TrackPointExtension>
        </extensions>
      </trkpt>
      <trkpt lat="45.78417129814624786376953125" lon="126.6322533600032329559326171875">
        <ele>123.59999847412109375</ele>
        <time>2026-10-04T22:20:50.000Z</time>
        <extensions>
          <ns3:TrackPointExtension>
            <ns3:hr>141</ns3:hr>
            <ns3:cad>93</ns3:cad>
          </ns3:TrackPointExtension>
        </extensions>
      </trkpt>
      <trkpt lat="45.7841845415532588958740234375" lon="126.6322805173695087432861328125">
        <ele>123.59999847412109375</ele>
        <time>2026-10-04T22:20:51.000Z</time>
        <extensions>
          <ns3:TrackPointExtension>
            <ns3:hr>141</ns3:hr>
            <ns3:cad>93</ns3:cad>
          </ns3:TrackPointExtension>
        </extensions>
      </trkpt>
      <trkpt lat="45.7841961085796356201171875" lon="126.63232284598052501678466796875">
        <ele>123.59999847412109375</ele>
        <time>2026-10-04T22:20:52.000Z</time>
        <extensions>
          <ns3:TrackPointExtension>
            <ns3:hr>141</ns3:hr>
            <ns3:cad>92</ns3:cad>
          </ns3:TrackPointExtension>
        </extensions>
      </trkpt>
      <trkpt lat="45.78420926816761493682861328125" lon="126.63235100917518138885498046875">
        <ele>123.59999847412109375</ele>
        <time>2026-10-04T22:20:53.000Z</time>
        <extensions>
          <ns3:TrackPointExtension>
            <ns3:hr>140</ns3:hr>
            <ns3:cad>92</ns3:cad>
          </ns3:TrackPointExtension>
        </extensions>
      </trkpt>
      <trkpt lat="45.7842251099646091461181640625" lon="126.63239258341491222381591796875">
        <ele>123.59999847412109375</ele>
        <time>2026-10-04T22:20:54.000Z</time>
        <extensions>
          <ns3:TrackPointExtension>
            <ns3:hr>140</ns3:hr>
            <ns3:cad>92</ns3:cad>
          </ns3:TrackPointExtension>
        </extensions>
      </trkpt>
      <trkpt lat="45.7842401973903179168701171875" lon="126.63242812268435955047607421875">
        <ele>123.8000030517578125</ele>
        <time>2026-10-04T22:20:55.000Z</time>
        <extensions>
          <ns3:TrackPointExtension>
            <ns3:hr>140</ns3:hr>
            <ns3:cad>92</ns3:cad>
          </ns3:TrackPointExtension>
        </extensions>
      </trkpt>
      <trkpt lat="45.78425285406410694122314453125" lon="126.6324692778289318084716796875">
        <ele>123.59999847412109375</ele>
        <time>2026-10-04T22:20:56.000Z</time>
        <extensions>
          <ns3:TrackPointExtension>
            <ns3:hr>140</ns3:hr>
            <ns3:cad>92</ns3:cad>
          </ns3:TrackPointExtension>
        </extensions>
      </trkpt>
      <trkpt lat="45.78426660038530826568603515625" lon="126.6325001232326030731201171875">
        <ele>123.59999847412109375</ele>
        <time>2026-10-04T22:20:57.000Z</time>
        <extensions>
          <ns3:TrackPointExtension>
            <ns3:hr>140</ns3:hr>
            <ns3:cad>93</ns3:cad>
          </ns3:TrackPointExtension>
        </extensions>
      </trkpt>
      <trkpt lat="45.78427858650684356689453125" lon="126.6325333155691623687744140625">
        <ele>123.59999847412109375</ele>
        <time>2026-10-04T22:20:58.000Z</time>
        <extensions>
          <ns3:TrackPointExtension>
            <ns3:hr>140</ns3:hr>
            <ns3:cad>93</ns3:cad>
          </ns3:TrackPointExtension>
        </extensions>
      </trkpt>
      <trkpt lat="45.78429090790450572967529296875" lon="126.6325789131224155426025390625">
        <ele>123.59999847412109375</ele>
        <time>2026-10-04T22:20:59.000Z</time>
        <extensions>
          <ns3:TrackPointExtension>
            <ns3:hr>140</ns3:hr>
            <ns3:cad>93</ns3:cad>
          </ns3:TrackPointExtension>
        </extensions>
      </trkpt>
      <trkpt lat="45.7842988707125186920166015625" lon="126.6326154582202434539794921875">
        <ele>123.59999847412109375</ele>
        <time>2026-10-04T22:21:00.000Z</time>
        <extensions>
          <ns3:TrackPointExtension>
            <ns3:hr>140</ns3:hr>
            <ns3:cad>92</ns3:cad>
          </ns3:TrackPointExtension>
        </extensions>
      </trkpt>
      <trkpt lat="45.784312784671783447265625" lon="126.63265979848802089691162109375">
        <ele>123.59999847412109375</ele>
        <time>2026-10-04T22:21:01.000Z</time>
        <extensions>
          <ns3:TrackPointExtension>
            <ns3:hr>139</ns3:hr>
            <ns3:cad>92</ns3:cad>
          </ns3:TrackPointExtension>
        </extensions>
      </trkpt>
      <trkpt lat="45.78432259149849414825439453125" lon="126.63269131444394588470458984375">
        <ele>123.8000030517578125</ele>
        <time>2026-10-04T22:21:02.000Z</time>
        <extensions>
          <ns3:TrackPointExtension>
            <ns3:hr>140</ns3:hr>
            <ns3:cad>92</ns3:cad>
          </ns3:TrackPointExtension>
        </extensions>
      </trkpt>
      <trkpt lat="45.7843391038477420806884765625" lon="126.63273565471172332763671875">
        <ele>123.8000030517578125</ele>
        <time>2026-10-04T22:21:03.000Z</time>
        <extensions>
          <ns3:TrackPointExtension>
            <ns3:hr>140</ns3:hr>
            <ns3:cad>92</ns3:cad>
          </ns3:TrackPointExtension>
        </extensions>
      </trkpt>
      <trkpt lat="45.784350670874118804931640625" lon="126.63276976905763149261474609375">
        <ele>123.8000030517578125</ele>
        <time>2026-10-04T22:21:04.000Z</time>
        <extensions>
          <ns3:TrackPointExtension>
            <ns3:hr>139</ns3:hr>
            <ns3:cad>93</ns3:cad>
          </ns3:TrackPointExtension>
        </extensions>
      </trkpt>
      <trkpt lat="45.78436617739498615264892578125" lon="126.6328136064112186431884765625">
        <ele>123.8000030517578125</ele>
        <time>2026-10-04T22:21:05.000Z</time>
        <extensions>
          <ns3:TrackPointExtension>
            <ns3:hr>139</ns3:hr>
            <ns3:cad>93</ns3:cad>
          </ns3:TrackPointExtension>
        </extensions>
      </trkpt>
      <trkpt lat="45.78437891788780689239501953125" lon="126.63284562528133392333984375">
        <ele>123.59999847412109375</ele>
        <time>2026-10-04T22:21:06.000Z</time>
        <extensions>
          <ns3:TrackPointExtension>
            <ns3:hr>139</ns3:hr>
            <ns3:cad>93</ns3:cad>
          </ns3:TrackPointExtension>
        </extensions>
      </trkpt>
      <trkpt lat="45.78439434058964252471923828125" lon="126.63288988173007965087890625">
        <ele>123.59999847412109375</ele>
        <time>2026-10-04T22:21:07.000Z</time>
        <extensions>
          <ns3:TrackPointExtension>
            <ns3:hr>140</ns3:hr>
            <ns3:cad>93</ns3:cad>
          </ns3:TrackPointExtension>
        </extensions>
      </trkpt>
      <trkpt lat="45.78441160731017589569091796875" lon="126.63291594944894313812255859375">
        <ele>123.40000152587890625</ele>
        <time>2026-10-04T22:21:08.000Z</time>
        <extensions>
          <ns3:TrackPointExtension>
            <ns3:hr>140</ns3:hr>
            <ns3:cad>94</ns3:cad>
          </ns3:TrackPointExtension>
        </extensions>
      </trkpt>
      <trkpt lat="45.78442837111651897430419921875" lon="126.63295735605061054229736328125">
        <ele>123.40000152587890625</ele>
        <time>2026-10-04T22:21:09.000Z</time>
        <extensions>
          <ns3:TrackPointExtension>
            <ns3:hr>140</ns3:hr>
            <ns3:cad>93</ns3:cad>
          </ns3:TrackPointExtension>
        </extensions>
      </trkpt>
      <trkpt lat="45.78444429673254489898681640625" lon="126.6329951584339141845703125">
        <ele>123.40000152587890625</ele>
        <time>2026-10-04T22:21:10.000Z</time>
        <extensions>
          <ns3:TrackPointExtension>
            <ns3:hr>139</ns3:hr>
            <ns3:cad>93</ns3:cad>
          </ns3:TrackPointExtension>
        </extensions>
      </trkpt>
      <trkpt lat="45.78445519320666790008544921875" lon="126.63303203880786895751953125">
        <ele>123.40000152587890625</ele>
        <time>2026-10-04T22:21:11.000Z</time>
        <extensions>
          <ns3:TrackPointExtension>
            <ns3:hr>140</ns3:hr>
            <ns3:cad>93</ns3:cad>
          </ns3:TrackPointExtension>
        </extensions>
      </trkpt>
      <trkpt lat="45.78446692787110805511474609375" lon="126.633070595562458038330078125">
        <ele>123.40000152587890625</ele>
        <time>2026-10-04T22:21:12.000Z</time>
        <extensions>
          <ns3:TrackPointExtension>
            <ns3:hr>139</ns3:hr>
            <ns3:cad>92</ns3:cad>
          </ns3:TrackPointExtension>
        </extensions>
      </trkpt>
      <trkpt lat="45.78447648324072360992431640625" lon="126.6331140138208866119384765625">
        <ele>123.40000152587890625</ele>
        <time>2026-10-04T22:21:13.000Z</time>
        <extensions>
          <ns3:TrackPointExtension>
            <ns3:hr>140</ns3:hr>
            <ns3:cad>92</ns3:cad>
          </ns3:TrackPointExtension>
        </extensions>
      </trkpt>
      <trkpt lat="45.78448218293488025665283203125" lon="126.63316036574542522430419921875">
        <ele>123.40000152587890625</ele>
        <time>2026-10-04T22:21:14.000Z</time>
        <extensions>
          <ns3:TrackPointExtension>
            <ns3:hr>140</ns3:hr>
            <ns3:cad>92</ns3:cad>
          </ns3:TrackPointExtension>
        </extensions>
      </trkpt>
      <trkpt lat="45.78448989428579807281494140625" lon="126.63319070823490619659423828125">
        <ele>123.40000152587890625</ele>
        <time>2026-10-04T22:21:15.000Z</time>
        <extensions>
          <ns3:TrackPointExtension>
            <ns3:hr>140</ns3:hr>
            <ns3:cad>93</ns3:cad>
          </ns3:TrackPointExtension>
        </extensions>
      </trkpt>
      <trkpt lat="45.7845023833215236663818359375" lon="126.6332244873046875">
        <ele>123.59999847412109375</ele>
        <time>2026-10-04T22:21:16.000Z</time>
        <extensions>
          <ns3:TrackPointExtension>
            <ns3:hr>139</ns3:hr>
            <ns3:cad>93</ns3:cad>
          </ns3:TrackPointExtension>
        </extensions>
      </trkpt>
      <trkpt lat="45.78450732864439487457275390625" lon="126.6332605294883251190185546875">
        <ele>123.59999847412109375</ele>
        <time>2026-10-04T22:21:17.000Z</time>
        <extensions>
          <ns3:TrackPointExtension>
            <ns3:hr>140</ns3:hr>
            <ns3:cad>92</ns3:cad>
          </ns3:TrackPointExtension>
        </extensions>
      </trkpt>
      <trkpt lat="45.7845194824039936065673828125" lon="126.63330294191837310791015625">
        <ele>123.59999847412109375</ele>
        <time>2026-10-04T22:21:18.000Z</time>
        <extensions>
          <ns3:TrackPointExtension>
            <ns3:hr>140</ns3:hr>
            <ns3:cad>92</ns3:cad>
          </ns3:TrackPointExtension>
        </extensions>
      </trkpt>
      <trkpt lat="45.78453339636325836181640625" lon="126.63333336822688579559326171875">
        <ele>123.59999847412109375</ele>
        <time>2026-10-04T22:21:19.000Z</time>
        <extensions>
          <ns3:TrackPointExtension>
            <ns3:hr>139</ns3:hr>
            <ns3:cad>92</ns3:cad>
          </ns3:TrackPointExtension>
        </extensions>
      </trkpt>
      <trkpt lat="45.7845461368560791015625" lon="126.633370332419872283935546875">
        <ele>123.59999847412109375</ele>
        <time>2026-10-04T22:21:20.000Z</time>
        <extensions>
          <ns3:TrackPointExtension>
            <ns3:hr>140</ns3:hr>
            <ns3:cad>90</ns3:cad>
          </ns3:TrackPointExtension>
        </extensions>
      </trkpt>
      <trkpt lat="45.78455996699631214141845703125" lon="126.6333956457674503326416015625">
        <ele>123.59999847412109375</ele>
        <time>2026-10-04T22:21:21.000Z</time>
        <extensions>
          <ns3:TrackPointExtension>
            <ns3:hr>139</ns3:hr>
            <ns3:cad>90</ns3:cad>
          </ns3:TrackPointExtension>
        </extensions>
      </trkpt>
      <trkpt lat="45.78457404859364032745361328125" lon="126.6334382258355617523193359375">
        <ele>123.59999847412109375</ele>
        <time>2026-10-04T22:21:22.000Z</time>
        <extensions>
          <ns3:TrackPointExtension>
            <ns3:hr>139</ns3:hr>
            <ns3:cad>90</ns3:cad>
          </ns3:TrackPointExtension>
        </extensions>
      </trkpt>
      <trkpt lat="45.7845865376293659210205078125" lon="126.63346513174474239349365234375">
        <ele>123.59999847412109375</ele>
        <time>2026-10-04T22:21:23.000Z</time>
        <extensions>
          <ns3:TrackPointExtension>
            <ns3:hr>139</ns3:hr>
            <ns3:cad>91</ns3:cad>
          </ns3:TrackPointExtension>
        </extensions>
      </trkpt>
      <trkpt lat="45.78459818847477436065673828125" lon="126.63350368849933147430419921875">
        <ele>123.59999847412109375</ele>
        <time>2026-10-04T22:21:24.000Z</time>
        <extensions>
          <ns3:TrackPointExtension>
            <ns3:hr>138</ns3:hr>
            <ns3:cad>92</ns3:cad>
          </ns3:TrackPointExtension>
        </extensions>
      </trkpt>
      <trkpt lat="45.7846153713762760162353515625" lon="126.63352481089532375335693359375">
        <ele>123.59999847412109375</ele>
        <time>2026-10-04T22:21:25.000Z</time>
        <extensions>
          <ns3:TrackPointExtension>
            <ns3:hr>137</ns3:hr>
            <ns3:cad>92</ns3:cad>
          </ns3:TrackPointExtension>
        </extensions>
      </trkpt>
      <trkpt lat="45.784631632268428802490234375" lon="126.63356781005859375">
        <ele>123.59999847412109375</ele>
        <time>2026-10-04T22:21:26.000Z</time>
        <extensions>
          <ns3:TrackPointExtension>
            <ns3:hr>137</ns3:hr>
            <ns3:cad>93</ns3:cad>
          </ns3:TrackPointExtension>
        </extensions>
      </trkpt>
      <trkpt lat="45.78464328311383724212646484375" lon="126.6335968114435672760009765625">
        <ele>123.59999847412109375</ele>
        <time>2026-10-04T22:21:27.000Z</time>
        <extensions>
          <ns3:TrackPointExtension>
            <ns3:hr>137</ns3:hr>
            <ns3:cad>93</ns3:cad>
          </ns3:TrackPointExtension>
        </extensions>
      </trkpt>
      <trkpt lat="45.78465367667376995086669921875" lon="126.63364165462553501129150390625">
        <ele>123.59999847412109375</ele>
        <time>2026-10-04T22:21:28.000Z</time>
        <extensions>
          <ns3:TrackPointExtension>
            <ns3:hr>136</ns3:hr>
            <ns3:cad>93</ns3:cad>
          </ns3:TrackPointExtension>
        </extensions>
      </trkpt>
      <trkpt lat="45.78466289676725864410400390625" lon="126.63367518223822116851806640625">
        <ele>123.40000152587890625</ele>
        <time>2026-10-04T22:21:29.000Z</time>
        <extensions>
          <ns3:TrackPointExtension>
            <ns3:hr>136</ns3:hr>
            <ns3:cad>92</ns3:cad>
          </ns3:TrackPointExtension>
        </extensions>
      </trkpt>
      <trkpt lat="45.7846773974597454071044921875" lon="126.63371558301150798797607421875">
        <ele>123.40000152587890625</ele>
        <time>2026-10-04T22:21:30.000Z</time>
        <extensions>
          <ns3:TrackPointExtension>
            <ns3:hr>136</ns3:hr>
            <ns3:cad>92</ns3:cad>
          </ns3:TrackPointExtension>
        </extensions>
      </trkpt>
      <trkpt lat="45.78469424508512020111083984375" lon="126.6337490268051624298095703125">
        <ele>123.40000152587890625</ele>
        <time>2026-10-04T22:21:31.000Z</time>
        <extensions>
          <ns3:TrackPointExtension>
            <ns3:hr>136</ns3:hr>
            <ns3:cad>92</ns3:cad>
          </ns3:TrackPointExtension>
        </extensions>
      </trkpt>
      <trkpt lat="45.7847005315124988555908203125" lon="126.63377593271434307098388671875">
        <ele>123.40000152587890625</ele>
        <time>2026-10-04T22:21:32.000Z</time>
        <extensions>
          <ns3:TrackPointExtension>
            <ns3:hr>136</ns3:hr>
            <ns3:cad>92</ns3:cad>
          </ns3:TrackPointExtension>
        </extensions>
      </trkpt>
      <trkpt lat="45.7847159542143344879150390625" lon="126.63381767459213733673095703125">
        <ele>123.40000152587890625</ele>
        <time>2026-10-04T22:21:33.000Z</time>
        <extensions>
          <ns3:TrackPointExtension>
            <ns3:hr>137</ns3:hr>
            <ns3:cad>92</ns3:cad>
          </ns3:TrackPointExtension>
        </extensions>
      </trkpt>
      <trkpt lat="45.7847263477742671966552734375" lon="126.63385354913771152496337890625">
        <ele>123.40000152587890625</ele>
        <time>2026-10-04T22:21:34.000Z</time>
        <extensions>
          <ns3:TrackPointExtension>
            <ns3:hr>136</ns3:hr>
            <ns3:cad>92</ns3:cad>
          </ns3:TrackPointExtension>
        </extensions>
      </trkpt>
      <trkpt lat="45.784740261733531951904296875" lon="126.63389445282518863677978515625">
        <ele>123.40000152587890625</ele>
        <time>2026-10-04T22:21:35.000Z</time>
        <extensions>
          <ns3:TrackPointExtension>
            <ns3:hr>137</ns3:hr>
            <ns3:cad>92</ns3:cad>
          </ns3:TrackPointExtension>
        </extensions>
      </trkpt>
      <trkpt lat="45.78475736081600189208984375" lon="126.633931584656238555908203125">
        <ele>123.40000152587890625</ele>
        <time>2026-10-04T22:21:36.000Z</time>
        <extensions>
          <ns3:TrackPointExtension>
            <ns3:hr>137</ns3:hr>
            <ns3:cad>92</ns3:cad>
          </ns3:TrackPointExtension>
        </extensions>
      </trkpt>
      <trkpt lat="45.78477353788912296295166015625" lon="126.63397022522985935211181640625">
        <ele>123.40000152587890625</ele>
        <time>2026-10-04T22:21:37.000Z</time>
        <extensions>
          <ns3:TrackPointExtension>
            <ns3:hr>137</ns3:hr>
            <ns3:cad>92</ns3:cad>
          </ns3:TrackPointExtension>
        </extensions>
      </trkpt>
      <trkpt lat="45.7847910560667514801025390625" lon="126.634004674851894378662109375">
        <ele>123.59999847412109375</ele>
        <time>2026-10-04T22:21:38.000Z</time>
        <extensions>
          <ns3:TrackPointExtension>
            <ns3:hr>136</ns3:hr>
            <ns3:cad>93</ns3:cad>
          </ns3:TrackPointExtension>
        </extensions>
      </trkpt>
      <trkpt lat="45.784804634749889373779296875" lon="126.6340504400432109832763671875">
        <ele>123.59999847412109375</ele>
        <time>2026-10-04T22:21:39.000Z</time>
        <extensions>
          <ns3:TrackPointExtension>
            <ns3:hr>137</ns3:hr>
            <ns3:cad>93</ns3:cad>
          </ns3:TrackPointExtension>
        </extensions>
      </trkpt>
      <trkpt lat="45.7848245836794376373291015625" lon="126.63408153690397739410400390625">
        <ele>123.59999847412109375</ele>
        <time>2026-10-04T22:21:40.000Z</time>
        <extensions>
          <ns3:TrackPointExtension>
            <ns3:hr>137</ns3:hr>
            <ns3:cad>93</ns3:cad>
          </ns3:TrackPointExtension>
        </extensions>
      </trkpt>
      <trkpt lat="45.7848326303064823150634765625" lon="126.6341205127537250518798828125">
        <ele>123.40000152587890625</ele>
        <time>2026-10-04T22:21:41.000Z</time>
        <extensions>
          <ns3:TrackPointExtension>
            <ns3:hr>137</ns3:hr>
            <ns3:cad>93</ns3:cad>
          </ns3:TrackPointExtension>
        </extensions>
      </trkpt>
      <trkpt lat="45.78484344296157360076904296875" lon="126.63415412418544292449951171875">
        <ele>123.40000152587890625</ele>
        <time>2026-10-04T22:21:42.000Z</time>
        <extensions>
          <ns3:TrackPointExtension>
            <ns3:hr>136</ns3:hr>
            <ns3:cad>93</ns3:cad>
          </ns3:TrackPointExtension>
        </extensions>
      </trkpt>
      <trkpt lat="45.784856937825679779052734375" lon="126.6341919265687465667724609375">
        <ele>123.40000152587890625</ele>
        <time>2026-10-04T22:21:43.000Z</time>
        <extensions>
          <ns3:TrackPointExtension>
            <ns3:hr>137</ns3:hr>
            <ns3:cad>93</ns3:cad>
          </ns3:TrackPointExtension>
        </extensions>
      </trkpt>
      <trkpt lat="45.784872360527515411376953125" lon="126.63423308171331882476806640625">
        <ele>123.40000152587890625</ele>
        <time>2026-10-04T22:21:44.000Z</time>
        <extensions>
          <ns3:TrackPointExtension>
            <ns3:hr>137</ns3:hr>
            <ns3:cad>93</ns3:cad>
          </ns3:TrackPointExtension>
        </extensions>
      </trkpt>
      <trkpt lat="45.78489440493285655975341796875" lon="126.6342700459063053131103515625">
        <ele>123.40000152587890625</ele>
        <time>2026-10-04T22:21:45.000Z</time>
        <extensions>
          <ns3:TrackPointExtension>
            <ns3:hr>138</ns3:hr>
            <ns3:cad>92</ns3:cad>
          </ns3:TrackPointExtension>
        </extensions>
      </trkpt>
      <trkpt lat="45.7849104143679141998291015625" lon="126.63430684246122837066650390625">
        <ele>123.40000152587890625</ele>
        <time>2026-10-04T22:21:46.000Z</time>
        <extensions>
          <ns3:TrackPointExtension>
            <ns3:hr>138</ns3:hr>
            <ns3:cad>92</ns3:cad>
          </ns3:TrackPointExtension>
        </extensions>
      </trkpt>
      <trkpt lat="45.78492089174687862396240234375" lon="126.63434539921581745147705078125">
        <ele>123.1999969482421875</ele>
        <time>2026-10-04T22:21:47.000Z</time>
        <extensions>
          <ns3:TrackPointExtension>
            <ns3:hr>138</ns3:hr>
            <ns3:cad>92</ns3:cad>
          </ns3:TrackPointExtension>
        </extensions>
      </trkpt>
      <trkpt lat="45.784933380782604217529296875" lon="126.634385548532009124755859375">
        <ele>123.1999969482421875</ele>
        <time>2026-10-04T22:21:48.000Z</time>
        <extensions>
          <ns3:TrackPointExtension>
            <ns3:hr>138</ns3:hr>
            <ns3:cad>93</ns3:cad>
          </ns3:TrackPointExtension>
        </extensions>
      </trkpt>
      <trkpt lat="45.784949474036693572998046875" lon="126.6344212554395198822021484375">
        <ele>123.1999969482421875</ele>
        <time>2026-10-04T22:21:49.000Z</time>
        <extensions>
          <ns3:TrackPointExtension>
            <ns3:hr>138</ns3:hr>
            <ns3:cad>93</ns3:cad>
          </ns3:TrackPointExtension>
        </extensions>
      </trkpt>
      <trkpt lat="45.78495810739696025848388671875" lon="126.63446157239377498626708984375">
        <ele>123.1999969482421875</ele>
        <time>2026-10-04T22:21:50.000Z</time>
        <extensions>
          <ns3:TrackPointExtension>
            <ns3:hr>138</ns3:hr>
            <ns3:cad>92</ns3:cad>
          </ns3:TrackPointExtension>
        </extensions>
      </trkpt>
      <trkpt lat="45.78496783040463924407958984375" lon="126.63449442945420742034912109375">
        <ele>123.40000152587890625</ele>
        <time>2026-10-04T22:21:51.000Z</time>
        <extensions>
          <ns3:TrackPointExtension>
            <ns3:hr>139</ns3:hr>
            <ns3:cad>92</ns3:cad>
          </ns3:TrackPointExtension>
        </extensions>
      </trkpt>
      <trkpt lat="45.78498409129679203033447265625" lon="126.63453181274235248565673828125">
        <ele>123.40000152587890625</ele>
        <time>2026-10-04T22:21:52.000Z</time>
        <extensions>
          <ns3:TrackPointExtension>
            <ns3:hr>139</ns3:hr>
            <ns3:cad>92</ns3:cad>
          </ns3:TrackPointExtension>
        </extensions>
      </trkpt>
      <trkpt lat="45.78499817289412021636962890625" lon="126.63456098176538944244384765625">
        <ele>123.40000152587890625</ele>
        <time>2026-10-04T22:21:53.000Z</time>
        <extensions>
          <ns3:TrackPointExtension>
            <ns3:hr>139</ns3:hr>
            <ns3:cad>92</ns3:cad>
          </ns3:TrackPointExtension>
        </extensions>
      </trkpt>
      <trkpt lat="45.78501745127141475677490234375" lon="126.63459551520645618438720703125">
        <ele>123.1999969482421875</ele>
        <time>2026-10-04T22:21:54.000Z</time>
        <extensions>
          <ns3:TrackPointExtension>
            <ns3:hr>139</ns3:hr>
            <ns3:cad>92</ns3:cad>
          </ns3:TrackPointExtension>
        </extensions>
      </trkpt>
      <trkpt lat="45.78502985648810863494873046875" lon="126.6346301324665546417236328125">
        <ele>123.1999969482421875</ele>
        <time>2026-10-04T22:21:55.000Z</time>
        <extensions>
          <ns3:TrackPointExtension>
            <ns3:hr>139</ns3:hr>
            <ns3:cad>92</ns3:cad>
          </ns3:TrackPointExtension>
        </extensions>
      </trkpt>
      <trkpt lat="45.78504796139895915985107421875" lon="126.634667180478572845458984375">
        <ele>123.1999969482421875</ele>
        <time>2026-10-04T22:21:56.000Z</time>
        <extensions>
          <ns3:TrackPointExtension>
            <ns3:hr>139</ns3:hr>
            <ns3:cad>92</ns3:cad>
          </ns3:TrackPointExtension>
        </extensions>
      </trkpt>
      <trkpt lat="45.7850616239011287689208984375" lon="126.63470984436571598052978515625">
        <ele>123.1999969482421875</ele>
        <time>2026-10-04T22:21:57.000Z</time>
        <extensions>
          <ns3:TrackPointExtension>
            <ns3:hr>140</ns3:hr>
            <ns3:cad>92</ns3:cad>
          </ns3:TrackPointExtension>
        </extensions>
      </trkpt>
      <trkpt lat="45.78507495112717151641845703125" lon="126.63474731147289276123046875">
        <ele>123.1999969482421875</ele>
        <time>2026-10-04T22:21:58.000Z</time>
        <extensions>
          <ns3:TrackPointExtension>
            <ns3:hr>140</ns3:hr>
            <ns3:cad>92</ns3:cad>
          </ns3:TrackPointExtension>
        </extensions>
      </trkpt>
      <trkpt lat="45.78508852981030941009521484375" lon="126.6347920708358287811279296875">
        <ele>123.1999969482421875</ele>
        <time>2026-10-04T22:21:59.000Z</time>
        <extensions>
          <ns3:TrackPointExtension>
            <ns3:hr>141</ns3:hr>
            <ns3:cad>92</ns3:cad>
          </ns3:TrackPointExtension>
        </extensions>
      </trkpt>
      <trkpt lat="45.78510277904570102691650390625" lon="126.6348343156278133392333984375">
        <ele>123.1999969482421875</ele>
        <time>2026-10-04T22:22:00.000Z</time>
        <extensions>
          <ns3:TrackPointExtension>
            <ns3:hr>141</ns3:hr>
            <ns3:cad>93</ns3:cad>
          </ns3:TrackPointExtension>
        </extensions>
      </trkpt>
      <trkpt lat="45.78511945903301239013671875" lon="126.63488133810460567474365234375">
        <ele>123.1999969482421875</ele>
        <time>2026-10-04T22:22:01.000Z</time>
        <extensions>
          <ns3:TrackPointExtension>
            <ns3:hr>141</ns3:hr>
            <ns3:cad>94</ns3:cad>
          </ns3:TrackPointExtension>
        </extensions>
      </trkpt>
      <trkpt lat="45.785138569772243499755859375" lon="126.63491494953632354736328125">
        <ele>123</ele>
        <time>2026-10-04T22:22:02.000Z</time>
        <extensions>
          <ns3:TrackPointExtension>
            <ns3:hr>141</ns3:hr>
            <ns3:cad>94</ns3:cad>
          </ns3:TrackPointExtension>
        </extensions>
      </trkpt>
      <trkpt lat="45.78515809960663318634033203125" lon="126.634956188499927520751953125">
        <ele>123</ele>
        <time>2026-10-04T22:22:03.000Z</time>
        <extensions>
          <ns3:TrackPointExtension>
            <ns3:hr>141</ns3:hr>
            <ns3:cad>94</ns3:cad>
          </ns3:TrackPointExtension>
        </extensions>
      </trkpt>
      <trkpt lat="45.7851772941648960113525390625" lon="126.634987704455852508544921875">
        <ele>123</ele>
        <time>2026-10-04T22:22:04.000Z</time>
        <extensions>
          <ns3:TrackPointExtension>
            <ns3:hr>142</ns3:hr>
            <ns3:cad>94</ns3:cad>
          </ns3:TrackPointExtension>
        </extensions>
      </trkpt>
      <trkpt lat="45.78519263304769992828369140625" lon="126.6350282728672027587890625">
        <ele>122.8000030517578125</ele>
        <time>2026-10-04T22:22:05.000Z</time>
        <extensions>
          <ns3:TrackPointExtension>
            <ns3:hr>142</ns3:hr>
            <ns3:cad>94</ns3:cad>
          </ns3:TrackPointExtension>
        </extensions>
      </trkpt>
      <trkpt lat="45.78520554117858409881591796875" lon="126.63506238721311092376708984375">
        <ele>122.8000030517578125</ele>
        <time>2026-10-04T22:22:06.000Z</time>
        <extensions>
          <ns3:TrackPointExtension>
            <ns3:hr>142</ns3:hr>
            <ns3:cad>94</ns3:cad>
          </ns3:TrackPointExtension>
        </extensions>
      </trkpt>
      <trkpt lat="45.78521409071981906890869140625" lon="126.63510161451995372772216796875">
        <ele>123</ele>
        <time>2026-10-04T22:22:07.000Z</time>
        <extensions>
          <ns3:TrackPointExtension>
            <ns3:hr>142</ns3:hr>
            <ns3:cad>93</ns3:cad>
          </ns3:TrackPointExtension>
        </extensions>
      </trkpt>
      <trkpt lat="45.7852242328226566314697265625" lon="126.6351414285600185394287109375">
        <ele>123</ele>
        <time>2026-10-04T22:22:08.000Z</time>
        <extensions>
          <ns3:TrackPointExtension>
            <ns3:hr>142</ns3:hr>
            <ns3:cad>93</ns3:cad>
          </ns3:TrackPointExtension>
        </extensions>
      </trkpt>
      <trkpt lat="45.78523504547774791717529296875" lon="126.63517705164849758148193359375">
        <ele>123</ele>
        <time>2026-10-04T22:22:09.000Z</time>
        <extensions>
          <ns3:TrackPointExtension>
            <ns3:hr>142</ns3:hr>
            <ns3:cad>92</ns3:cad>
          </ns3:TrackPointExtension>
        </extensions>
      </trkpt>
      <trkpt lat="45.78524074517190456390380859375" lon="126.63521929644048213958740234375">
        <ele>123</ele>
        <time>2026-10-04T22:22:10.000Z</time>
        <extensions>
          <ns3:TrackPointExtension>
            <ns3:hr>142</ns3:hr>
            <ns3:cad>92</ns3:cad>
          </ns3:TrackPointExtension>
        </extensions>
      </trkpt>
      <trkpt lat="45.78524610958993434906005859375" lon="126.6352591104805469512939453125">
        <ele>123</ele>
        <time>2026-10-04T22:22:11.000Z</time>
        <extensions>
          <ns3:TrackPointExtension>
            <ns3:hr>141</ns3:hr>
            <ns3:cad>93</ns3:cad>
          </ns3:TrackPointExtension>
        </extensions>
      </trkpt>
      <trkpt lat="45.78525583259761333465576171875" lon="126.63530361838638782501220703125">
        <ele>123</ele>
        <time>2026-10-04T22:22:12.000Z</time>
        <extensions>
          <ns3:TrackPointExtension>
            <ns3:hr>141</ns3:hr>
            <ns3:cad>94</ns3:cad>
          </ns3:TrackPointExtension>
        </extensions>
      </trkpt>
      <trkpt lat="45.78526119701564311981201171875" lon="126.63533597253262996673583984375">
        <ele>123</ele>
        <time>2026-10-04T22:22:13.000Z</time>
        <extensions>
          <ns3:TrackPointExtension>
            <ns3:hr>141</ns3:hr>
            <ns3:cad>93</ns3:cad>
          </ns3:TrackPointExtension>
        </extensions>
      </trkpt>
      <trkpt lat="45.78526874072849750518798828125" lon="126.6353660635650157928466796875">
        <ele>123</ele>
        <time>2026-10-04T22:22:14.000Z</time>
        <extensions>
          <ns3:TrackPointExtension>
            <ns3:hr>141</ns3:hr>
            <ns3:cad>93</ns3:cad>
          </ns3:TrackPointExtension>
        </extensions>
      </trkpt>
      <trkpt lat="45.7852751947939395904541015625" lon="126.635396070778369903564453125">
        <ele>123.1999969482421875</ele>
        <time>2026-10-04T22:22:15.000Z</time>
        <extensions>
          <ns3:TrackPointExtension>
            <ns3:hr>141</ns3:hr>
            <ns3:cad>92</ns3:cad>
          </ns3:TrackPointExtension>
        </extensions>
      </trkpt>
      <trkpt lat="45.78528617508709430694580078125" lon="126.63542867638170719146728515625">
        <ele>123.1999969482421875</ele>
        <time>2026-10-04T22:22:16.000Z</time>
        <extensions>
          <ns3:TrackPointExtension>
            <ns3:hr>140</ns3:hr>
            <ns3:cad>92</ns3:cad>
          </ns3:TrackPointExtension>
        </extensions>
      </trkpt>
      <trkpt lat="45.785294137895107269287109375" lon="126.635459102690219879150390625">
        <ele>123.1999969482421875</ele>
        <time>2026-10-04T22:22:17.000Z</time>
        <extensions>
          <ns3:TrackPointExtension>
            <ns3:hr>140</ns3:hr>
            <ns3:cad>92</ns3:cad>
          </ns3:TrackPointExtension>
        </extensions>
      </trkpt>
      <trkpt lat="45.78530595637857913970947265625" lon="126.6355031915009021759033203125">
        <ele>123.1999969482421875</ele>
        <time>2026-10-04T22:22:18.000Z</time>
        <extensions>
          <ns3:TrackPointExtension>
            <ns3:hr>140</ns3:hr>
            <ns3:cad>90</ns3:cad>
          </ns3:TrackPointExtension>
        </extensions>
      </trkpt>
      <trkpt lat="45.78531651757657527923583984375" lon="126.6355394013226032257080078125">
        <ele>123.1999969482421875</ele>
        <time>2026-10-04T22:22:19.000Z</time>
        <extensions>
          <ns3:TrackPointExtension>
            <ns3:hr>139</ns3:hr>
            <ns3:cad>88</ns3:cad>
          </ns3:TrackPointExtension>
        </extensions>
      </trkpt>
      <trkpt lat="45.78532875515520572662353515625" lon="126.635592877864837646484375">
        <ele>123.1999969482421875</ele>
        <time>2026-10-04T22:22:20.000Z</time>
        <extensions>
          <ns3:TrackPointExtension>
            <ns3:hr>139</ns3:hr>
            <ns3:cad>88</ns3:cad>
          </ns3:TrackPointExtension>
        </extensions>
      </trkpt>
      <trkpt lat="45.78534048981964588165283203125" lon="126.6356262378394603729248046875">
        <ele>123.1999969482421875</ele>
        <time>2026-10-04T22:22:21.000Z</time>
        <extensions>
          <ns3:TrackPointExtension>
            <ns3:hr>139</ns3:hr>
            <ns3:cad>90</ns3:cad>
          </ns3:TrackPointExtension>
        </extensions>
      </trkpt>
      <trkpt lat="45.785353817045688629150390625" lon="126.63566672243177890777587890625">
        <ele>123</ele>
        <time>2026-10-04T22:22:22.000Z</time>
        <extensions>
          <ns3:TrackPointExtension>
            <ns3:hr>139</ns3:hr>
            <ns3:cad>90</ns3:cad>
          </ns3:TrackPointExtension>
        </extensions>
      </trkpt>
      <trkpt lat="45.78537016175687313079833984375" lon="126.63569572381675243377685546875">
        <ele>123</ele>
        <time>2026-10-04T22:22:23.000Z</time>
        <extensions>
          <ns3:TrackPointExtension>
            <ns3:hr>139</ns3:hr>
            <ns3:cad>92</ns3:cad>
          </ns3:TrackPointExtension>
        </extensions>
      </trkpt>
      <trkpt lat="45.7853808067739009857177734375" lon="126.63574132137000560760498046875">
        <ele>123</ele>
        <time>2026-10-04T22:22:24.000Z</time>
        <extensions>
          <ns3:TrackPointExtension>
            <ns3:hr>139</ns3:hr>
            <ns3:cad>92</ns3:cad>
          </ns3:TrackPointExtension>
        </extensions>
      </trkpt>
      <trkpt lat="45.7853969000279903411865234375" lon="126.635768897831439971923828125">
        <ele>123</ele>
        <time>2026-10-04T22:22:25.000Z</time>
        <extensions>
          <ns3:TrackPointExtension>
            <ns3:hr>139</ns3:hr>
            <ns3:cad>92</ns3:cad>
          </ns3:TrackPointExtension>
        </extensions>
      </trkpt>
      <trkpt lat="45.78540486283600330352783203125" lon="126.63581038825213909149169921875">
        <ele>123.1999969482421875</ele>
        <time>2026-10-04T22:22:26.000Z</time>
        <extensions>
          <ns3:TrackPointExtension>
            <ns3:hr>139</ns3:hr>
            <ns3:cad>92</ns3:cad>
          </ns3:TrackPointExtension>
        </extensions>
      </trkpt>
      <trkpt lat="45.78541911207139492034912109375" lon="126.63584425114095211029052734375">
        <ele>123</ele>
        <time>2026-10-04T22:22:27.000Z</time>
        <extensions>
          <ns3:TrackPointExtension>
            <ns3:hr>139</ns3:hr>
            <ns3:cad>92</ns3:cad>
          </ns3:TrackPointExtension>
        </extensions>
      </trkpt>
      <trkpt lat="45.78542732633650302886962890625" lon="126.63588783703744411468505859375">
        <ele>123</ele>
        <time>2026-10-04T22:22:28.000Z</time>
        <extensions>
          <ns3:TrackPointExtension>
            <ns3:hr>139</ns3:hr>
            <ns3:cad>93</ns3:cad>
          </ns3:TrackPointExtension>
        </extensions>
      </trkpt>
      <trkpt lat="45.78543822281062602996826171875" lon="126.63592404685914516448974609375">
        <ele>123</ele>
        <time>2026-10-04T22:22:29.000Z</time>
        <extensions>
          <ns3:TrackPointExtension>
            <ns3:hr>138</ns3:hr>
            <ns3:cad>92</ns3:cad>
          </ns3:TrackPointExtension>
        </extensions>
      </trkpt>
      <trkpt lat="45.78544341959059238433837890625" lon="126.6359678842127323150634765625">
        <ele>123.1999969482421875</ele>
        <time>2026-10-04T22:22:30.000Z</time>
        <extensions>
          <ns3:TrackPointExtension>
            <ns3:hr>139</ns3:hr>
            <ns3:cad>92</ns3:cad>
          </ns3:TrackPointExtension>
        </extensions>
      </trkpt>
      <trkpt lat="45.78545364551246166229248046875" lon="126.636006273329257965087890625">
        <ele>123.1999969482421875</ele>
        <time>2026-10-04T22:22:31.000Z</time>
        <extensions>
          <ns3:TrackPointExtension>
            <ns3:hr>139</ns3:hr>
            <ns3:cad>92</ns3:cad>
          </ns3:TrackPointExtension>
        </extensions>
      </trkpt>
      <trkpt lat="45.78546068631112575531005859375" lon="126.636049188673496246337890625">
        <ele>123.1999969482421875</ele>
        <time>2026-10-04T22:22:32.000Z</time>
        <extensions>
          <ns3:TrackPointExtension>
            <ns3:hr>139</ns3:hr>
            <ns3:cad>93</ns3:cad>
          </ns3:TrackPointExtension>
        </extensions>
      </trkpt>
      <trkpt lat="45.78546470962464809417724609375" lon="126.63609118200838565826416015625">
        <ele>123.1999969482421875</ele>
        <time>2026-10-04T22:22:33.000Z</time>
        <extensions>
          <ns3:TrackPointExtension>
            <ns3:hr>139</ns3:hr>
            <ns3:cad>93</ns3:cad>
          </ns3:TrackPointExtension>
        </extensions>
      </trkpt>
      <trkpt lat="45.7854728400707244873046875" lon="126.636120937764644622802734375">
        <ele>123.1999969482421875</ele>
        <time>2026-10-04T22:22:34.000Z</time>
        <extensions>
          <ns3:TrackPointExtension>
            <ns3:hr>138</ns3:hr>
            <ns3:cad>93</ns3:cad>
          </ns3:TrackPointExtension>
        </extensions>
      </trkpt>
      <trkpt lat="45.7854934595525264739990234375" lon="126.63614214397966861724853515625">
        <ele>123.1999969482421875</ele>
        <time>2026-10-04T22:22:35.000Z</time>
        <extensions>
          <ns3:TrackPointExtension>
            <ns3:hr>139</ns3:hr>
            <ns3:cad>93</ns3:cad>
          </ns3:TrackPointExtension>
        </extensions>
      </trkpt>
      <trkpt lat="45.78550435602664947509765625" lon="126.63616955280303955078125">
        <ele>123.1999969482421875</ele>
        <time>2026-10-04T22:22:36.000Z</time>
        <extensions>
          <ns3:TrackPointExtension>
            <ns3:hr>139</ns3:hr>
            <ns3:cad>93</ns3:cad>
          </ns3:TrackPointExtension>
        </extensions>
      </trkpt>
      <trkpt lat="45.78551349230110645294189453125" lon="126.6362039186060428619384765625">
        <ele>123.40000152587890625</ele>
        <time>2026-10-04T22:22:37.000Z</time>
        <extensions>
          <ns3:TrackPointExtension>
            <ns3:hr>138</ns3:hr>
            <ns3:cad>92</ns3:cad>
          </ns3:TrackPointExtension>
        </extensions>
      </trkpt>
      <trkpt lat="45.78551885671913623809814453125" lon="126.636238284409046173095703125">
        <ele>123.40000152587890625</ele>
        <time>2026-10-04T22:22:38.000Z</time>
        <extensions>
          <ns3:TrackPointExtension>
            <ns3:hr>138</ns3:hr>
            <ns3:cad>91</ns3:cad>
          </ns3:TrackPointExtension>
        </extensions>
      </trkpt>
      <trkpt lat="45.78552941791713237762451171875" lon="126.63627072237432003021240234375">
        <ele>123.1999969482421875</ele>
        <time>2026-10-04T22:22:39.000Z</time>
        <extensions>
          <ns3:TrackPointExtension>
            <ns3:hr>138</ns3:hr>
            <ns3:cad>91</ns3:cad>
          </ns3:TrackPointExtension>
        </extensions>
      </trkpt>
      <trkpt lat="45.78554299660027027130126953125" lon="126.6363034956157207489013671875">
        <ele>123.40000152587890625</ele>
        <time>2026-10-04T22:22:40.000Z</time>
        <extensions>
          <ns3:TrackPointExtension>
            <ns3:hr>137</ns3:hr>
            <ns3:cad>88</ns3:cad>
          </ns3:TrackPointExtension>
        </extensions>
      </trkpt>
      <trkpt lat="45.78555741347372531890869140625" lon="126.63634113036096096038818359375">
        <ele>123.1999969482421875</ele>
        <time>2026-10-04T22:22:41.000Z</time>
        <extensions>
          <ns3:TrackPointExtension>
            <ns3:hr>137</ns3:hr>
            <ns3:cad>88</ns3:cad>
          </ns3:TrackPointExtension>
        </extensions>
      </trkpt>
      <trkpt lat="45.78557384200394153594970703125" lon="126.6363693773746490478515625">
        <ele>123.40000152587890625</ele>
        <time>2026-10-04T22:22:42.000Z</time>
        <extensions>
          <ns3:TrackPointExtension>
            <ns3:hr>136</ns3:hr>
            <ns3:cad>88</ns3:cad>
          </ns3:TrackPointExtension>
        </extensions>
      </trkpt>
      <trkpt lat="45.7855890132486820220947265625" lon="126.63640215061604976654052734375">
        <ele>123.40000152587890625</ele>
        <time>2026-10-04T22:22:43.000Z</time>
        <extensions>
          <ns3:TrackPointExtension>
            <ns3:hr>136</ns3:hr>
            <ns3:cad>89</ns3:cad>
          </ns3:TrackPointExtension>
        </extensions>
      </trkpt>
      <trkpt lat="45.7855943776667118072509765625" lon="126.63643986918032169342041015625">
        <ele>123.40000152587890625</ele>
        <time>2026-10-04T22:22:44.000Z</time>
        <extensions>
          <ns3:TrackPointExtension>
            <ns3:hr>136</ns3:hr>
            <ns3:cad>90</ns3:cad>
          </ns3:TrackPointExtension>
        </extensions>
      </trkpt>
      <trkpt lat="45.78559764660894870758056640625" lon="126.63647255860269069671630859375">
        <ele>123.40000152587890625</ele>
        <time>2026-10-04T22:22:45.000Z</time>
        <extensions>
          <ns3:TrackPointExtension>
            <ns3:hr>136</ns3:hr>
            <ns3:cad>91</ns3:cad>
          </ns3:TrackPointExtension>
        </extensions>
      </trkpt>
      <trkpt lat="45.78560468740761280059814453125" lon="126.6365009732544422149658203125">
        <ele>123.40000152587890625</ele>
        <time>2026-10-04T22:22:46.000Z</time>
        <extensions>
          <ns3:TrackPointExtension>
            <ns3:hr>137</ns3:hr>
            <ns3:cad>91</ns3:cad>
          </ns3:TrackPointExtension>
        </extensions>
      </trkpt>
      <trkpt lat="45.78560854308307170867919921875" lon="126.63654548116028308868408203125">
        <ele>123.40000152587890625</ele>
        <time>2026-10-04T22:22:47.000Z</time>
        <extensions>
          <ns3:TrackPointExtension>
            <ns3:hr>137</ns3:hr>
            <ns3:cad>91</ns3:cad>
          </ns3:TrackPointExtension>
        </extensions>
      </trkpt>
      <trkpt lat="45.78561692498624324798583984375" lon="126.63658152334392070770263671875">
        <ele>123.40000152587890625</ele>
        <time>2026-10-04T22:22:48.000Z</time>
        <extensions>
          <ns3:TrackPointExtension>
            <ns3:hr>137</ns3:hr>
            <ns3:cad>91</ns3:cad>
          </ns3:TrackPointExtension>
        </extensions>
      </trkpt>
      <trkpt lat="45.7856272347271442413330078125" lon="126.6366260312497615814208984375">
        <ele>123.40000152587890625</ele>
        <time>2026-10-04T22:22:49.000Z</time>
        <extensions>
          <ns3:TrackPointExtension>
            <ns3:hr>137</ns3:hr>
            <ns3:cad>91</ns3:cad>
          </ns3:TrackPointExtension>
        </extensions>
      </trkpt>
      <trkpt lat="45.78563871793448925018310546875" lon="126.63666551001369953155517578125">
        <ele>123.40000152587890625</ele>
        <time>2026-10-04T22:22:50.000Z</time>
        <extensions>
          <ns3:TrackPointExtension>
            <ns3:hr>137</ns3:hr>
            <ns3:cad>92</ns3:cad>
          </ns3:TrackPointExtension>
        </extensions>
      </trkpt>
      <trkpt lat="45.78564743511378765106201171875" lon="126.6367088444530963897705078125">
        <ele>123.40000152587890625</ele>
        <time>2026-10-04T22:22:51.000Z</time>
        <extensions>
          <ns3:TrackPointExtension>
            <ns3:hr>136</ns3:hr>
            <ns3:cad>92</ns3:cad>
          </ns3:TrackPointExtension>
        </extensions>
      </trkpt>
      <trkpt lat="45.78565581701695919036865234375" lon="126.63674949668347835540771484375">
        <ele>123.40000152587890625</ele>
        <time>2026-10-04T22:22:52.000Z</time>
        <extensions>
          <ns3:TrackPointExtension>
            <ns3:hr>137</ns3:hr>
            <ns3:cad>92</ns3:cad>
          </ns3:TrackPointExtension>
        </extensions>
      </trkpt>
      <trkpt lat="45.785662271082401275634765625" lon="126.63679811172187328338623046875">
        <ele>123.40000152587890625</ele>
        <time>2026-10-04T22:22:53.000Z</time>
        <extensions>
          <ns3:TrackPointExtension>
            <ns3:hr>137</ns3:hr>
            <ns3:cad>92</ns3:cad>
          </ns3:TrackPointExtension>
        </extensions>
      </trkpt>
      <trkpt lat="45.78566956333816051483154296875" lon="126.636832393705844879150390625">
        <ele>123.40000152587890625</ele>
        <time>2026-10-04T22:22:54.000Z</time>
        <extensions>
          <ns3:TrackPointExtension>
            <ns3:hr>138</ns3:hr>
            <ns3:cad>92</ns3:cad>
          </ns3:TrackPointExtension>
        </extensions>
      </trkpt>
      <trkpt lat="45.78567601740360260009765625" lon="126.63687656633555889129638671875">
        <ele>123.1999969482421875</ele>
        <time>2026-10-04T22:22:55.000Z</time>
        <extensions>
          <ns3:TrackPointExtension>
            <ns3:hr>138</ns3:hr>
            <ns3:cad>92</ns3:cad>
          </ns3:TrackPointExtension>
        </extensions>
      </trkpt>
      <trkpt lat="45.7856865786015987396240234375" lon="126.63691319525241851806640625">
        <ele>123.1999969482421875</ele>
        <time>2026-10-04T22:22:56.000Z</time>
        <extensions>
          <ns3:TrackPointExtension>
            <ns3:hr>138</ns3:hr>
            <ns3:cad>91</ns3:cad>
          </ns3:TrackPointExtension>
        </extensions>
      </trkpt>
      <trkpt lat="45.78569722361862659454345703125" lon="126.63695015944540500640869140625">
        <ele>123.1999969482421875</ele>
        <time>2026-10-04T22:22:57.000Z</time>
        <extensions>
          <ns3:TrackPointExtension>
            <ns3:hr>138</ns3:hr>
            <ns3:cad>91</ns3:cad>
          </ns3:TrackPointExtension>
        </extensions>
      </trkpt>
      <trkpt lat="45.7857063598930835723876953125" lon="126.63697865791618824005126953125">
        <ele>123.1999969482421875</ele>
        <time>2026-10-04T22:22:58.000Z</time>
        <extensions>
          <ns3:TrackPointExtension>
            <ns3:hr>138</ns3:hr>
            <ns3:cad>90</ns3:cad>
          </ns3:TrackPointExtension>
        </extensions>
      </trkpt>
      <trkpt lat="45.78571449033915996551513671875" lon="126.63702023215591907501220703125">
        <ele>123.1999969482421875</ele>
        <time>2026-10-04T22:22:59.000Z</time>
        <extensions>
          <ns3:TrackPointExtension>
            <ns3:hr>139</ns3:hr>
            <ns3:cad>90</ns3:cad>
          </ns3:TrackPointExtension>
        </extensions>
      </trkpt>
      <trkpt lat="45.78572253696620464324951171875" lon="126.63705342449247837066650390625">
        <ele>123.1999969482421875</ele>
        <time>2026-10-04T22:23:00.000Z</time>
        <extensions>
          <ns3:TrackPointExtension>
            <ns3:hr>138</ns3:hr>
            <ns3:cad>90</ns3:cad>
          </ns3:TrackPointExtension>
        </extensions>
      </trkpt>
      <trkpt lat="45.78572857193648815155029296875" lon="126.63709835149347782135009765625">
        <ele>123.40000152587890625</ele>
        <time>2026-10-04T22:23:01.000Z</time>
        <extensions>
          <ns3:TrackPointExtension>
            <ns3:hr>138</ns3:hr>
            <ns3:cad>91</ns3:cad>
          </ns3:TrackPointExtension>
        </extensions>
      </trkpt>
      <trkpt lat="45.78573594801127910614013671875" lon="126.63712936453521251678466796875">
        <ele>123.40000152587890625</ele>
        <time>2026-10-04T22:23:02.000Z</time>
        <extensions>
          <ns3:TrackPointExtension>
            <ns3:hr>138</ns3:hr>
            <ns3:cad>91</ns3:cad>
          </ns3:TrackPointExtension>
        </extensions>
      </trkpt>
      <trkpt lat="45.78573770821094512939453125" lon="126.6371789015829563140869140625">
        <ele>123.40000152587890625</ele>
        <time>2026-10-04T22:23:03.000Z</time>
        <extensions>
          <ns3:TrackPointExtension>
            <ns3:hr>139</ns3:hr>
            <ns3:cad>91</ns3:cad>
          </ns3:TrackPointExtension>
        </extensions>
      </trkpt>
      <trkpt lat="45.78574935905635356903076171875" lon="126.63720949552953243255615234375">
        <ele>123.1999969482421875</ele>
        <time>2026-10-04T22:23:04.000Z</time>
        <extensions>
          <ns3:TrackPointExtension>
            <ns3:hr>138</ns3:hr>
            <ns3:cad>90</ns3:cad>
          </ns3:TrackPointExtension>
        </extensions>
      </trkpt>
      <trkpt lat="45.7857652008533477783203125" lon="126.6372590325772762298583984375">
        <ele>123.1999969482421875</ele>
        <time>2026-10-04T22:23:05.000Z</time>
        <extensions>
          <ns3:TrackPointExtension>
            <ns3:hr>138</ns3:hr>
            <ns3:cad>89</ns3:cad>
          </ns3:TrackPointExtension>
        </extensions>
      </trkpt>
      <trkpt lat="45.7857834734022617340087890625" lon="126.63729147054255008697509765625">
        <ele>123</ele>
        <time>2026-10-04T22:23:06.000Z</time>
        <extensions>
          <ns3:TrackPointExtension>
            <ns3:hr>138</ns3:hr>
            <ns3:cad>89</ns3:cad>
          </ns3:TrackPointExtension>
        </extensions>
      </trkpt>
      <trkpt lat="45.78580786474049091339111328125" lon="126.6373327933251857757568359375">
        <ele>123</ele>
        <time>2026-10-04T22:23:07.000Z</time>
        <extensions>
          <ns3:TrackPointExtension>
            <ns3:hr>138</ns3:hr>
            <ns3:cad>89</ns3:cad>
          </ns3:TrackPointExtension>
        </extensions>
      </trkpt>
      <trkpt lat="45.785829238593578338623046875" lon="126.63735198788344860076904296875">
        <ele>123</ele>
        <time>2026-10-04T22:23:08.000Z</time>
        <extensions>
          <ns3:TrackPointExtension>
            <ns3:hr>138</ns3:hr>
            <ns3:cad>90</ns3:cad>
          </ns3:TrackPointExtension>
        </extensions>
      </trkpt>
      <trkpt lat="45.785846672952175140380859375" lon="126.63739171810448169708251953125">
        <ele>123</ele>
        <time>2026-10-04T22:23:09.000Z</time>
        <extensions>
          <ns3:TrackPointExtension>
            <ns3:hr>138</ns3:hr>
            <ns3:cad>90</ns3:cad>
          </ns3:TrackPointExtension>
        </extensions>
      </trkpt>
      <trkpt lat="45.78586201183497905731201171875" lon="126.63742013275623321533203125">
        <ele>123</ele>
        <time>2026-10-04T22:23:10.000Z</time>
        <extensions>
          <ns3:TrackPointExtension>
            <ns3:hr>139</ns3:hr>
            <ns3:cad>91</ns3:cad>
          </ns3:TrackPointExtension>
        </extensions>
      </trkpt>
      <trkpt lat="45.78587173484265804290771484375" lon="126.63746447302401065826416015625">
        <ele>122.8000030517578125</ele>
        <time>2026-10-04T22:23:11.000Z</time>
        <extensions>
          <ns3:TrackPointExtension>
            <ns3:hr>139</ns3:hr>
            <ns3:cad>91</ns3:cad>
          </ns3:TrackPointExtension>
        </extensions>
      </trkpt>
      <trkpt lat="45.78588145785033702850341796875" lon="126.63749917410314083099365234375">
        <ele>122.8000030517578125</ele>
        <time>2026-10-04T22:23:12.000Z</time>
        <extensions>
          <ns3:TrackPointExtension>
            <ns3:hr>139</ns3:hr>
            <ns3:cad>91</ns3:cad>
          </ns3:TrackPointExtension>
        </extensions>
      </trkpt>
      <trkpt lat="45.78589193522930145263671875" lon="126.63754217326641082763671875">
        <ele>122.8000030517578125</ele>
        <time>2026-10-04T22:23:13.000Z</time>
        <extensions>
          <ns3:TrackPointExtension>
            <ns3:hr>139</ns3:hr>
            <ns3:cad>91</ns3:cad>
          </ns3:TrackPointExtension>
        </extensions>
      </trkpt>
      <trkpt lat="45.78590727411210536956787109375" lon="126.6375792212784290313720703125">
        <ele>122.8000030517578125</ele>
        <time>2026-10-04T22:23:14.000Z</time>
        <extensions>
          <ns3:TrackPointExtension>
            <ns3:hr>138</ns3:hr>
            <ns3:cad>91</ns3:cad>
          </ns3:TrackPointExtension>
        </extensions>
      </trkpt>
      <trkpt lat="45.78592621721327304840087890625" lon="126.6376254893839359283447265625">
        <ele>122.8000030517578125</ele>
        <time>2026-10-04T22:23:15.000Z</time>
        <extensions>
          <ns3:TrackPointExtension>
            <ns3:hr>139</ns3:hr>
            <ns3:cad>92</ns3:cad>
          </ns3:TrackPointExtension>
        </extensions>
      </trkpt>
      <trkpt lat="45.78593879006803035736083984375" lon="126.6376657225191593170166015625">
        <ele>123</ele>
        <time>2026-10-04T22:23:16.000Z</time>
        <extensions>
          <ns3:TrackPointExtension>
            <ns3:hr>139</ns3:hr>
            <ns3:cad>92</ns3:cad>
          </ns3:TrackPointExtension>
        </extensions>
      </trkpt>
      <trkpt lat="45.78594557940959930419921875" lon="126.63770603947341442108154296875">
        <ele>123</ele>
        <time>2026-10-04T22:23:17.000Z</time>
        <extensions>
          <ns3:TrackPointExtension>
            <ns3:hr>139</ns3:hr>
            <ns3:cad>92</ns3:cad>
          </ns3:TrackPointExtension>
        </extensions>
      </trkpt>
      <trkpt lat="45.78595697879791259765625" lon="126.63775415159761905670166015625">
        <ele>123.1999969482421875</ele>
        <time>2026-10-04T22:23:18.000Z</time>
        <extensions>
          <ns3:TrackPointExtension>
            <ns3:hr>139</ns3:hr>
            <ns3:cad>92</ns3:cad>
          </ns3:TrackPointExtension>
        </extensions>
      </trkpt>
      <trkpt lat="45.78596770763397216796875" lon="126.6377860866487026214599609375">
        <ele>123.1999969482421875</ele>
        <time>2026-10-04T22:23:19.000Z</time>
        <extensions>
          <ns3:TrackPointExtension>
            <ns3:hr>139</ns3:hr>
            <ns3:cad>91</ns3:cad>
          </ns3:TrackPointExtension>
        </extensions>
      </trkpt>
      <trkpt lat="45.78597382642328739166259765625" lon="126.6378340311348438262939453125">
        <ele>123.1999969482421875</ele>
        <time>2026-10-04T22:23:20.000Z</time>
        <extensions>
          <ns3:TrackPointExtension>
            <ns3:hr>139</ns3:hr>
            <ns3:cad>92</ns3:cad>
          </ns3:TrackPointExtension>
        </extensions>
      </trkpt>
      <trkpt lat="45.78598086722195148468017578125" lon="126.637867055833339691162109375">
        <ele>123.1999969482421875</ele>
        <time>2026-10-04T22:23:21.000Z</time>
        <extensions>
          <ns3:TrackPointExtension>
            <ns3:hr>139</ns3:hr>
            <ns3:cad>92</ns3:cad>
          </ns3:TrackPointExtension>
        </extensions>
      </trkpt>
      <trkpt lat="45.78598916530609130859375" lon="126.63790569640696048736572265625">
        <ele>123.1999969482421875</ele>
        <time>2026-10-04T22:23:22.000Z</time>
        <extensions>
          <ns3:TrackPointExtension>
            <ns3:hr>139</ns3:hr>
            <ns3:cad>92</ns3:cad>
          </ns3:TrackPointExtension>
        </extensions>
      </trkpt>
      <trkpt lat="45.78600031323730945587158203125" lon="126.63793981075286865234375">
        <ele>123.1999969482421875</ele>
        <time>2026-10-04T22:23:23.000Z</time>
        <extensions>
          <ns3:TrackPointExtension>
            <ns3:hr>138</ns3:hr>
            <ns3:cad>92</ns3:cad>
          </ns3:TrackPointExtension>
        </extensions>
      </trkpt>
      <trkpt lat="45.78601263463497161865234375" lon="126.6379879228770732879638671875">
        <ele>123.1999969482421875</ele>
        <time>2026-10-04T22:23:24.000Z</time>
        <extensions>
          <ns3:TrackPointExtension>
            <ns3:hr>139</ns3:hr>
            <ns3:cad>91</ns3:cad>
          </ns3:TrackPointExtension>
        </extensions>
      </trkpt>
      <trkpt lat="45.78602696768939495086669921875" lon="126.63801449351012706756591796875">
        <ele>123.40000152587890625</ele>
        <time>2026-10-04T22:23:25.000Z</time>
        <extensions>
          <ns3:TrackPointExtension>
            <ns3:hr>139</ns3:hr>
            <ns3:cad>92</ns3:cad>
          </ns3:TrackPointExtension>
        </extensions>
      </trkpt>
      <trkpt lat="45.7860429771244525909423828125" lon="126.63805288262665271759033203125">
        <ele>123.40000152587890625</ele>
        <time>2026-10-04T22:23:26.000Z</time>
        <extensions>
          <ns3:TrackPointExtension>
            <ns3:hr>139</ns3:hr>
            <ns3:cad>92</ns3:cad>
          </ns3:TrackPointExtension>
        </extensions>
      </trkpt>
      <trkpt lat="45.7860602438449859619140625" lon="126.63808272220194339752197265625">
        <ele>123.40000152587890625</ele>
        <time>2026-10-04T22:23:27.000Z</time>
        <extensions>
          <ns3:TrackPointExtension>
            <ns3:hr>138</ns3:hr>
            <ns3:cad>92</ns3:cad>
          </ns3:TrackPointExtension>
        </extensions>
      </trkpt>
      <trkpt lat="45.78607189469039440155029296875" lon="126.6381173394620418548583984375">
        <ele>123.40000152587890625</ele>
        <time>2026-10-04T22:23:28.000Z</time>
        <extensions>
          <ns3:TrackPointExtension>
            <ns3:hr>138</ns3:hr>
            <ns3:cad>92</ns3:cad>
          </ns3:TrackPointExtension>
        </extensions>
      </trkpt>
      <trkpt lat="45.786077342927455902099609375" lon="126.63814726285636425018310546875">
        <ele>123.40000152587890625</ele>
        <time>2026-10-04T22:23:29.000Z</time>
        <extensions>
          <ns3:TrackPointExtension>
            <ns3:hr>138</ns3:hr>
            <ns3:cad>92</ns3:cad>
          </ns3:TrackPointExtension>
        </extensions>
      </trkpt>
      <trkpt lat="45.78608379699289798736572265625" lon="126.6381880827248096466064453125">
        <ele>123.40000152587890625</ele>
        <time>2026-10-04T22:23:30.000Z</time>
        <extensions>
          <ns3:TrackPointExtension>
            <ns3:hr>138</ns3:hr>
            <ns3:cad>92</ns3:cad>
          </ns3:TrackPointExtension>
        </extensions>
      </trkpt>
      <trkpt lat="45.78608932904899120330810546875" lon="126.63822085596621036529541015625">
        <ele>123.40000152587890625</ele>
        <time>2026-10-04T22:23:31.000Z</time>
        <extensions>
          <ns3:TrackPointExtension>
            <ns3:hr>139</ns3:hr>
            <ns3:cad>92</ns3:cad>
          </ns3:TrackPointExtension>
        </extensions>
      </trkpt>
      <trkpt lat="45.78609787859022617340087890625" lon="126.6382635198533535003662109375">
        <ele>123.40000152587890625</ele>
        <time>2026-10-04T22:23:32.000Z</time>
        <extensions>
          <ns3:TrackPointExtension>
            <ns3:hr>138</ns3:hr>
            <ns3:cad>92</ns3:cad>
          </ns3:TrackPointExtension>
        </extensions>
      </trkpt>
      <trkpt lat="45.78610575757920742034912109375" lon="126.63828891701996326446533203125">
        <ele>123.40000152587890625</ele>
        <time>2026-10-04T22:23:33.000Z</time>
        <extensions>
          <ns3:TrackPointExtension>
            <ns3:hr>139</ns3:hr>
            <ns3:cad>92</ns3:cad>
          </ns3:TrackPointExtension>
        </extensions>
      </trkpt>
      <trkpt lat="45.78611900098621845245361328125" lon="126.63832160644233226776123046875">
        <ele>123.40000152587890625</ele>
        <time>2026-10-04T22:23:34.000Z</time>
        <extensions>
          <ns3:TrackPointExtension>
            <ns3:hr>139</ns3:hr>
            <ns3:cad>92</ns3:cad>
          </ns3:TrackPointExtension>
        </extensions>
      </trkpt>
      <trkpt lat="45.786129646003246307373046875" lon="126.63834658451378345489501953125">
        <ele>123.40000152587890625</ele>
        <time>2026-10-04T22:23:35.000Z</time>
        <extensions>
          <ns3:TrackPointExtension>
            <ns3:hr>139</ns3:hr>
            <ns3:cad>91</ns3:cad>
          </ns3:TrackPointExtension>
        </extensions>
      </trkpt>
      <trkpt lat="45.78613936901092529296875" lon="126.6383785195648670196533203125">
        <ele>123.40000152587890625</ele>
        <time>2026-10-04T22:23:36.000Z</time>
        <extensions>
          <ns3:TrackPointExtension>
            <ns3:hr>139</ns3:hr>
            <ns3:cad>91</ns3:cad>
          </ns3:TrackPointExtension>
        </extensions>
      </trkpt>
      <trkpt lat="45.7861482538282871246337890625" lon="126.63840676657855510711669921875">
        <ele>123.40000152587890625</ele>
        <time>2026-10-04T22:23:37.000Z</time>
        <extensions>
          <ns3:TrackPointExtension>
            <ns3:hr>140</ns3:hr>
            <ns3:cad>90</ns3:cad>
          </ns3:TrackPointExtension>
        </extensions>
      </trkpt>
      <trkpt lat="45.78616627492010593414306640625" lon="126.63844180293381214141845703125">
        <ele>123.40000152587890625</ele>
        <time>2026-10-04T22:23:38.000Z</time>
        <extensions>
          <ns3:TrackPointExtension>
            <ns3:hr>140</ns3:hr>
            <ns3:cad>90</ns3:cad>
          </ns3:TrackPointExtension>
        </extensions>
      </trkpt>
      <trkpt lat="45.7861787639558315277099609375" lon="126.63847885094583034515380859375">
        <ele>123.40000152587890625</ele>
        <time>2026-10-04T22:23:39.000Z</time>
        <extensions>
          <ns3:TrackPointExtension>
            <ns3:hr>140</ns3:hr>
            <ns3:cad>88</ns3:cad>
          </ns3:TrackPointExtension>
        </extensions>
      </trkpt>
      <trkpt lat="45.7861970365047454833984375" lon="126.638524532318115234375">
        <ele>123.40000152587890625</ele>
        <time>2026-10-04T22:23:40.000Z</time>
        <extensions>
          <ns3:TrackPointExtension>
            <ns3:hr>139</ns3:hr>
            <ns3:cad>88</ns3:cad>
          </ns3:TrackPointExtension>
        </extensions>
      </trkpt>
      <trkpt lat="45.78621136955916881561279296875" lon="126.6385612450540065765380859375">
        <ele>123.40000152587890625</ele>
        <time>2026-10-04T22:23:41.000Z</time>
        <extensions>
          <ns3:TrackPointExtension>
            <ns3:hr>140</ns3:hr>
            <ns3:cad>89</ns3:cad>
          </ns3:TrackPointExtension>
        </extensions>
      </trkpt>
      <trkpt lat="45.78622377477586269378662109375" lon="126.6386132128536701202392578125">
        <ele>123.40000152587890625</ele>
        <time>2026-10-04T22:23:42.000Z</time>
        <extensions>
          <ns3:TrackPointExtension>
            <ns3:hr>140</ns3:hr>
            <ns3:cad>89</ns3:cad>
          </ns3:TrackPointExtension>
        </extensions>
      </trkpt>
      <trkpt lat="45.78624020330607891082763671875" lon="126.638648249208927154541015625">
        <ele>123.40000152587890625</ele>
        <time>2026-10-04T22:23:43.000Z</time>
        <extensions>
          <ns3:TrackPointExtension>
            <ns3:hr>139</ns3:hr>
            <ns3:cad>89</ns3:cad>
          </ns3:TrackPointExtension>
        </extensions>
      </trkpt>
      <trkpt lat="45.786257050931453704833984375" lon="126.63869124837219715118408203125">
        <ele>123.40000152587890625</ele>
        <time>2026-10-04T22:23:44.000Z</time>
        <extensions>
          <ns3:TrackPointExtension>
            <ns3:hr>140</ns3:hr>
            <ns3:cad>90</ns3:cad>
          </ns3:TrackPointExtension>
        </extensions>
      </trkpt>
      <trkpt lat="45.7862696237862110137939453125" lon="126.63872368633747100830078125">
        <ele>123.40000152587890625</ele>
        <time>2026-10-04T22:23:45.000Z</time>
        <extensions>
          <ns3:TrackPointExtension>
            <ns3:hr>140</ns3:hr>
            <ns3:cad>90</ns3:cad>
          </ns3:TrackPointExtension>
        </extensions>
      </trkpt>
      <trkpt lat="45.7862790115177631378173828125" lon="126.63877305574715137481689453125">
        <ele>123.1999969482421875</ele>
        <time>2026-10-04T22:23:46.000Z</time>
        <extensions>
          <ns3:TrackPointExtension>
            <ns3:hr>140</ns3:hr>
            <ns3:cad>90</ns3:cad>
          </ns3:TrackPointExtension>
        </extensions>
      </trkpt>
      <trkpt lat="45.786294601857662200927734375" lon="126.6388083435595035552978515625">
        <ele>123.1999969482421875</ele>
        <time>2026-10-04T22:23:47.000Z</time>
        <extensions>
          <ns3:TrackPointExtension>
            <ns3:hr>140</ns3:hr>
            <ns3:cad>90</ns3:cad>
          </ns3:TrackPointExtension>
        </extensions>
      </trkpt>
      <trkpt lat="45.786299295723438262939453125" lon="126.63885436020791530609130859375">
        <ele>123.1999969482421875</ele>
        <time>2026-10-04T22:23:48.000Z</time>
        <extensions>
          <ns3:TrackPointExtension>
            <ns3:hr>140</ns3:hr>
            <ns3:cad>90</ns3:cad>
          </ns3:TrackPointExtension>
        </extensions>
      </trkpt>
      <trkpt lat="45.78630927018821239471435546875" lon="126.63888906128704547882080078125">
        <ele>123.1999969482421875</ele>
        <time>2026-10-04T22:23:49.000Z</time>
        <extensions>
          <ns3:TrackPointExtension>
            <ns3:hr>140</ns3:hr>
            <ns3:cad>90</ns3:cad>
          </ns3:TrackPointExtension>
        </extensions>
      </trkpt>
      <trkpt lat="45.786317400634288787841796875" lon="126.63892610929906368255615234375">
        <ele>123.1999969482421875</ele>
        <time>2026-10-04T22:23:50.000Z</time>
        <extensions>
          <ns3:TrackPointExtension>
            <ns3:hr>140</ns3:hr>
            <ns3:cad>90</ns3:cad>
          </ns3:TrackPointExtension>
        </extensions>
      </trkpt>
      <trkpt lat="45.78633106313645839691162109375" lon="126.6389625705778598785400390625">
        <ele>123.1999969482421875</ele>
        <time>2026-10-04T22:23:51.000Z</time>
        <extensions>
          <ns3:TrackPointExtension>
            <ns3:hr>140</ns3:hr>
            <ns3:cad>90</ns3:cad>
          </ns3:TrackPointExtension>
        </extensions>
      </trkpt>
      <trkpt lat="45.78634179197251796722412109375" lon="126.63900355808436870574951171875">
        <ele>123.40000152587890625</ele>
        <time>2026-10-04T22:23:52.000Z</time>
        <extensions>
          <ns3:TrackPointExtension>
            <ns3:hr>140</ns3:hr>
            <ns3:cad>90</ns3:cad>
          </ns3:TrackPointExtension>
        </extensions>
      </trkpt>
      <trkpt lat="45.78635327517986297607421875" lon="126.63904228247702121734619140625">
        <ele>123.40000152587890625</ele>
        <time>2026-10-04T22:23:53.000Z</time>
        <extensions>
          <ns3:TrackPointExtension>
            <ns3:hr>140</ns3:hr>
            <ns3:cad>90</ns3:cad>
          </ns3:TrackPointExtension>
        </extensions>
      </trkpt>
      <trkpt lat="45.78636207617819309234619140625" lon="126.63907966576516628265380859375">
        <ele>123.40000152587890625</ele>
        <time>2026-10-04T22:23:54.000Z</time>
        <extensions>
          <ns3:TrackPointExtension>
            <ns3:hr>140</ns3:hr>
            <ns3:cad>90</ns3:cad>
          </ns3:TrackPointExtension>
        </extensions>
      </trkpt>
      <trkpt lat="45.7863749004900455474853515625" lon="126.6391178034245967864990234375">
        <ele>123.40000152587890625</ele>
        <time>2026-10-04T22:23:55.000Z</time>
        <extensions>
          <ns3:TrackPointExtension>
            <ns3:hr>141</ns3:hr>
            <ns3:cad>90</ns3:cad>
          </ns3:TrackPointExtension>
        </extensions>
      </trkpt>
      <trkpt lat="45.7863856293261051177978515625" lon="126.6391508281230926513671875">
        <ele>123.40000152587890625</ele>
        <time>2026-10-04T22:23:56.000Z</time>
        <extensions>
          <ns3:TrackPointExtension>
            <ns3:hr>141</ns3:hr>
            <ns3:cad>90</ns3:cad>
          </ns3:TrackPointExtension>
        </extensions>
      </trkpt>
      <trkpt lat="45.78639761544764041900634765625" lon="126.63918343372642993927001953125">
        <ele>123.40000152587890625</ele>
        <time>2026-10-04T22:23:57.000Z</time>
        <extensions>
          <ns3:TrackPointExtension>
            <ns3:hr>141</ns3:hr>
            <ns3:cad>90</ns3:cad>
          </ns3:TrackPointExtension>
        </extensions>
      </trkpt>
      <trkpt lat="45.78640448860824108123779296875" lon="126.63922199048101902008056640625">
        <ele>123.40000152587890625</ele>
        <time>2026-10-04T22:23:58.000Z</time>
        <extensions>
          <ns3:TrackPointExtension>
            <ns3:hr>141</ns3:hr>
            <ns3:cad>91</ns3:cad>
          </ns3:TrackPointExtension>
        </extensions>
      </trkpt>
      <trkpt lat="45.786414630711078643798828125" lon="126.63925652392208576202392578125">
        <ele>123.40000152587890625</ele>
        <time>2026-10-04T22:23:59.000Z</time>
        <extensions>
          <ns3:TrackPointExtension>
            <ns3:hr>141</ns3:hr>
            <ns3:cad>92</ns3:cad>
          </ns3:TrackPointExtension>
        </extensions>
      </trkpt>
      <trkpt lat="45.78642007894814014434814453125" lon="126.63929457776248455047607421875">
        <ele>123.40000152587890625</ele>
        <time>2026-10-04T22:24:00.000Z</time>
        <extensions>
          <ns3:TrackPointExtension>
            <ns3:hr>142</ns3:hr>
            <ns3:cad>93</ns3:cad>
          </ns3:TrackPointExtension>
        </extensions>
      </trkpt>
      <trkpt lat="45.78643240034580230712890625" lon="126.6393323801457881927490234375">
        <ele>123.40000152587890625</ele>
        <time>2026-10-04T22:24:01.000Z</time>
        <extensions>
          <ns3:TrackPointExtension>
            <ns3:hr>142</ns3:hr>
            <ns3:cad>93</ns3:cad>
          </ns3:TrackPointExtension>
        </extensions>
      </trkpt>
      <trkpt lat="45.78644203953444957733154296875" lon="126.63936766795814037322998046875">
        <ele>123.40000152587890625</ele>
        <time>2026-10-04T22:24:02.000Z</time>
        <extensions>
          <ns3:TrackPointExtension>
            <ns3:hr>142</ns3:hr>
            <ns3:cad>93</ns3:cad>
          </ns3:TrackPointExtension>
        </extensions>
      </trkpt>
      <trkpt lat="45.78645109198987483978271484375" lon="126.63940991275012493133544921875">
        <ele>123.59999847412109375</ele>
        <time>2026-10-04T22:24:03.000Z</time>
        <extensions>
          <ns3:TrackPointExtension>
            <ns3:hr>142</ns3:hr>
            <ns3:cad>92</ns3:cad>
          </ns3:TrackPointExtension>
        </extensions>
      </trkpt>
      <trkpt lat="45.78646458685398101806640625" lon="126.63944578729569911956787109375">
        <ele>123.40000152587890625</ele>
        <time>2026-10-04T22:24:04.000Z</time>
        <extensions>
          <ns3:TrackPointExtension>
            <ns3:hr>142</ns3:hr>
            <ns3:cad>92</ns3:cad>
          </ns3:TrackPointExtension>
        </extensions>
      </trkpt>
      <trkpt lat="45.7864798419177532196044921875" lon="126.6394879482686519622802734375">
        <ele>123.40000152587890625</ele>
        <time>2026-10-04T22:24:05.000Z</time>
        <extensions>
          <ns3:TrackPointExtension>
            <ns3:hr>143</ns3:hr>
            <ns3:cad>92</ns3:cad>
          </ns3:TrackPointExtension>
        </extensions>
      </trkpt>
      <trkpt lat="45.7864969410002231597900390625" lon="126.6395191289484500885009765625">
        <ele>123.59999847412109375</ele>
        <time>2026-10-04T22:24:06.000Z</time>
        <extensions>
          <ns3:TrackPointExtension>
            <ns3:hr>143</ns3:hr>
            <ns3:cad>92</ns3:cad>
          </ns3:TrackPointExtension>
        </extensions>
      </trkpt>
      <trkpt lat="45.78650926239788532257080078125" lon="126.63955894298851490020751953125">
        <ele>123.59999847412109375</ele>
        <time>2026-10-04T22:24:07.000Z</time>
        <extensions>
          <ns3:TrackPointExtension>
            <ns3:hr>143</ns3:hr>
            <ns3:cad>91</ns3:cad>
          </ns3:TrackPointExtension>
        </extensions>
      </trkpt>
      <trkpt lat="45.78652401454746723175048828125" lon="126.63959079422056674957275390625">
        <ele>123.40000152587890625</ele>
        <time>2026-10-04T22:24:08.000Z</time>
        <extensions>
          <ns3:TrackPointExtension>
            <ns3:hr>143</ns3:hr>
            <ns3:cad>91</ns3:cad>
          </ns3:TrackPointExtension>
        </extensions>
      </trkpt>
      <trkpt lat="45.7865361683070659637451171875" lon="126.6396327875554561614990234375">
        <ele>123.40000152587890625</ele>
        <time>2026-10-04T22:24:09.000Z</time>
        <extensions>
          <ns3:TrackPointExtension>
            <ns3:hr>143</ns3:hr>
            <ns3:cad>92</ns3:cad>
          </ns3:TrackPointExtension>
        </extensions>
      </trkpt>
      <trkpt lat="45.786547400057315826416015625" lon="126.6396683268249034881591796875">
        <ele>123.40000152587890625</ele>
        <time>2026-10-04T22:24:10.000Z</time>
        <extensions>
          <ns3:TrackPointExtension>
            <ns3:hr>143</ns3:hr>
            <ns3:cad>92</ns3:cad>
          </ns3:TrackPointExtension>
        </extensions>
      </trkpt>
      <trkpt lat="45.786555446684360504150390625" lon="126.63971484638750553131103515625">
        <ele>123.40000152587890625</ele>
        <time>2026-10-04T22:24:11.000Z</time>
        <extensions>
          <ns3:TrackPointExtension>
            <ns3:hr>143</ns3:hr>
            <ns3:cad>92</ns3:cad>
          </ns3:TrackPointExtension>
        </extensions>
      </trkpt>
      <trkpt lat="45.78656558878719806671142578125" lon="126.63974971510469913482666015625">
        <ele>123.40000152587890625</ele>
        <time>2026-10-04T22:24:12.000Z</time>
        <extensions>
          <ns3:TrackPointExtension>
            <ns3:hr>143</ns3:hr>
            <ns3:cad>92</ns3:cad>
          </ns3:TrackPointExtension>
        </extensions>
      </trkpt>
      <trkpt lat="45.7865764014422893524169921875" lon="126.63979212753474712371826171875">
        <ele>123.40000152587890625</ele>
        <time>2026-10-04T22:24:13.000Z</time>
        <extensions>
          <ns3:TrackPointExtension>
            <ns3:hr>144</ns3:hr>
            <ns3:cad>92</ns3:cad>
          </ns3:TrackPointExtension>
        </extensions>
      </trkpt>
      <trkpt lat="45.78659207560122013092041015625" lon="126.63981559686362743377685546875">
        <ele>123.40000152587890625</ele>
        <time>2026-10-04T22:24:14.000Z</time>
        <extensions>
          <ns3:TrackPointExtension>
            <ns3:hr>143</ns3:hr>
            <ns3:cad>93</ns3:cad>
          </ns3:TrackPointExtension>
        </extensions>
      </trkpt>
      <trkpt lat="45.7866020500659942626953125" lon="126.639857590198516845703125">
        <ele>123.40000152587890625</ele>
        <time>2026-10-04T22:24:15.000Z</time>
        <extensions>
          <ns3:TrackPointExtension>
            <ns3:hr>143</ns3:hr>
            <ns3:cad>93</ns3:cad>
          </ns3:TrackPointExtension>
        </extensions>
      </trkpt>
      <trkpt lat="45.7866162993013858795166015625" lon="126.6398979909718036651611328125">
        <ele>123.1999969482421875</ele>
        <time>2026-10-04T22:24:16.000Z</time>
        <extensions>
          <ns3:TrackPointExtension>
            <ns3:hr>144</ns3:hr>
            <ns3:cad>91</ns3:cad>
          </ns3:TrackPointExtension>
        </extensions>
      </trkpt>
      <trkpt lat="45.78662325628101825714111328125" lon="126.6399420797824859619140625">
        <ele>123.1999969482421875</ele>
        <time>2026-10-04T22:24:17.000Z</time>
        <extensions>
          <ns3:TrackPointExtension>
            <ns3:hr>144</ns3:hr>
            <ns3:cad>91</ns3:cad>
          </ns3:TrackPointExtension>
        </extensions>
      </trkpt>
      <trkpt lat="45.7866317220032215118408203125" lon="126.639985330402851104736328125">
        <ele>123</ele>
        <time>2026-10-04T22:24:18.000Z</time>
        <extensions>
          <ns3:TrackPointExtension>
            <ns3:hr>144</ns3:hr>
            <ns3:cad>91</ns3:cad>
          </ns3:TrackPointExtension>
        </extensions>
      </trkpt>
      <trkpt lat="45.78663968481123447418212890625" lon="126.64002187550067901611328125">
        <ele>122.8000030517578125</ele>
        <time>2026-10-04T22:24:19.000Z</time>
        <extensions>
          <ns3:TrackPointExtension>
            <ns3:hr>144</ns3:hr>
            <ns3:cad>92</ns3:cad>
          </ns3:TrackPointExtension>
        </extensions>
      </trkpt>
      <trkpt lat="45.78665175475180149078369140625" lon="126.640060432255268096923828125">
        <ele>122.8000030517578125</ele>
        <time>2026-10-04T22:24:20.000Z</time>
        <extensions>
          <ns3:TrackPointExtension>
            <ns3:hr>144</ns3:hr>
            <ns3:cad>92</ns3:cad>
          </ns3:TrackPointExtension>
        </extensions>
      </trkpt>
      <trkpt lat="45.78666013665497303009033203125" lon="126.64010058157145977020263671875">
        <ele>122.8000030517578125</ele>
        <time>2026-10-04T22:24:21.000Z</time>
        <extensions>
          <ns3:TrackPointExtension>
            <ns3:hr>144</ns3:hr>
            <ns3:cad>92</ns3:cad>
          </ns3:TrackPointExtension>
        </extensions>
      </trkpt>
      <trkpt lat="45.78667622990906238555908203125" lon="126.64013528265058994293212890625">
        <ele>123</ele>
        <time>2026-10-04T22:24:22.000Z</time>
        <extensions>
          <ns3:TrackPointExtension>
            <ns3:hr>144</ns3:hr>
            <ns3:cad>92</ns3:cad>
          </ns3:TrackPointExtension>
        </extensions>
      </trkpt>
      <trkpt lat="45.786687545478343963623046875" lon="126.640163026750087738037109375">
        <ele>123</ele>
        <time>2026-10-04T22:24:23.000Z</time>
        <extensions>
          <ns3:TrackPointExtension>
            <ns3:hr>145</ns3:hr>
            <ns3:cad>91</ns3:cad>
          </ns3:TrackPointExtension>
        </extensions>
      </trkpt>
      <trkpt lat="45.78669467009603977203369140625" lon="126.6401950456202030181884765625">
        <ele>123.1999969482421875</ele>
        <time>2026-10-04T22:24:24.000Z</time>
        <extensions>
          <ns3:TrackPointExtension>
            <ns3:hr>144</ns3:hr>
            <ns3:cad>92</ns3:cad>
          </ns3:TrackPointExtension>
        </extensions>
      </trkpt>
      <trkpt lat="45.78670338727533817291259765625" lon="126.6402292437851428985595703125">
        <ele>123.1999969482421875</ele>
        <time>2026-10-04T22:24:25.000Z</time>
        <extensions>
          <ns3:TrackPointExtension>
            <ns3:hr>144</ns3:hr>
            <ns3:cad>92</ns3:cad>
          </ns3:TrackPointExtension>
        </extensions>
      </trkpt>
      <trkpt lat="45.7867162115871906280517578125" lon="126.64026067592203617095947265625">
        <ele>123.1999969482421875</ele>
        <time>2026-10-04T22:24:26.000Z</time>
        <extensions>
          <ns3:TrackPointExtension>
            <ns3:hr>144</ns3:hr>
            <ns3:cad>92</ns3:cad>
          </ns3:TrackPointExtension>
        </extensions>
      </trkpt>
      <trkpt lat="45.7867306284606456756591796875" lon="126.64028867147862911224365234375">
        <ele>123.1999969482421875</ele>
        <time>2026-10-04T22:24:27.000Z</time>
        <extensions>
          <ns3:TrackPointExtension>
            <ns3:hr>143</ns3:hr>
            <ns3:cad>92</ns3:cad>
          </ns3:TrackPointExtension>
        </extensions>
      </trkpt>
      <trkpt lat="45.78675267286598682403564453125" lon="126.64032756350934505462646484375">
        <ele>123.1999969482421875</ele>
        <time>2026-10-04T22:24:28.000Z</time>
        <extensions>
          <ns3:TrackPointExtension>
            <ns3:hr>143</ns3:hr>
            <ns3:cad>92</ns3:cad>
          </ns3:TrackPointExtension>
        </extensions>
      </trkpt>
      <trkpt lat="45.78676658682525157928466796875" lon="126.64036226458847522735595703125">
        <ele>123.1999969482421875</ele>
        <time>2026-10-04T22:24:29.000Z</time>
        <extensions>
          <ns3:TrackPointExtension>
            <ns3:hr>143</ns3:hr>
            <ns3:cad>92</ns3:cad>
          </ns3:TrackPointExtension>
        </extensions>
      </trkpt>
      <trkpt lat="45.78678804449737071990966796875" lon="126.64040316827595233917236328125">
        <ele>123</ele>
        <time>2026-10-04T22:24:30.000Z</time>
        <extensions>
          <ns3:TrackPointExtension>
            <ns3:hr>143</ns3:hr>
            <ns3:cad>92</ns3:cad>
          </ns3:TrackPointExtension>
        </extensions>
      </trkpt>
      <trkpt lat="45.78680346719920635223388671875" lon="126.6404387913644313812255859375">
        <ele>123</ele>
        <time>2026-10-04T22:24:31.000Z</time>
        <extensions>
          <ns3:TrackPointExtension>
            <ns3:hr>143</ns3:hr>
            <ns3:cad>92</ns3:cad>
          </ns3:TrackPointExtension>
        </extensions>
      </trkpt>
      <trkpt lat="45.7868214882910251617431640625" lon="126.640474498271942138671875">
        <ele>123</ele>
        <time>2026-10-04T22:24:32.000Z</time>
        <extensions>
          <ns3:TrackPointExtension>
            <ns3:hr>142</ns3:hr>
            <ns3:cad>92</ns3:cad>
          </ns3:TrackPointExtension>
        </extensions>
      </trkpt>
      <trkpt lat="45.78684772364795207977294921875" lon="126.6404964588582515716552734375">
        <ele>123</ele>
        <time>2026-10-04T22:24:33.000Z</time>
        <extensions>
          <ns3:TrackPointExtension>
            <ns3:hr>142</ns3:hr>
            <ns3:cad>92</ns3:cad>
          </ns3:TrackPointExtension>
        </extensions>
      </trkpt>
      <trkpt lat="45.7868660800158977508544921875" lon="126.640539877116680145263671875">
        <ele>122.8000030517578125</ele>
        <time>2026-10-04T22:24:34.000Z</time>
        <extensions>
          <ns3:TrackPointExtension>
            <ns3:hr>142</ns3:hr>
            <ns3:cad>92</ns3:cad>
          </ns3:TrackPointExtension>
        </extensions>
      </trkpt>
      <trkpt lat="45.7868858613073825836181640625" lon="126.64057030342519283294677734375">
        <ele>122.8000030517578125</ele>
        <time>2026-10-04T22:24:35.000Z</time>
        <extensions>
          <ns3:TrackPointExtension>
            <ns3:hr>142</ns3:hr>
            <ns3:cad>92</ns3:cad>
          </ns3:TrackPointExtension>
        </extensions>
      </trkpt>
      <trkpt lat="45.78690757043659687042236328125" lon="126.6406111232936382293701171875">
        <ele>122.8000030517578125</ele>
        <time>2026-10-04T22:24:36.000Z</time>
        <extensions>
          <ns3:TrackPointExtension>
            <ns3:hr>142</ns3:hr>
            <ns3:cad>92</ns3:cad>
          </ns3:TrackPointExtension>
        </extensions>
      </trkpt>
      <trkpt lat="45.78693103976547718048095703125" lon="126.64064104668796062469482421875">
        <ele>122.8000030517578125</ele>
        <time>2026-10-04T22:24:37.000Z</time>
        <extensions>
          <ns3:TrackPointExtension>
            <ns3:hr>142</ns3:hr>
            <ns3:cad>92</ns3:cad>
          </ns3:TrackPointExtension>
        </extensions>
      </trkpt>
      <trkpt lat="45.7869505695998668670654296875" lon="126.640679351985454559326171875">
        <ele>122.8000030517578125</ele>
        <time>2026-10-04T22:24:38.000Z</time>
        <extensions>
          <ns3:TrackPointExtension>
            <ns3:hr>142</ns3:hr>
            <ns3:cad>92</ns3:cad>
          </ns3:TrackPointExtension>
        </extensions>
      </trkpt>
      <trkpt lat="45.7869693450629711151123046875" lon="126.6407157294452190399169921875">
        <ele>122.8000030517578125</ele>
        <time>2026-10-04T22:24:39.000Z</time>
        <extensions>
          <ns3:TrackPointExtension>
            <ns3:hr>143</ns3:hr>
            <ns3:cad>92</ns3:cad>
          </ns3:TrackPointExtension>
        </extensions>
      </trkpt>
      <trkpt lat="45.78698761761188507080078125" lon="126.640742383897304534912109375">
        <ele>123</ele>
        <time>2026-10-04T22:24:40.000Z</time>
        <extensions>
          <ns3:TrackPointExtension>
            <ns3:hr>143</ns3:hr>
            <ns3:cad>92</ns3:cad>
          </ns3:TrackPointExtension>
        </extensions>
      </trkpt>
      <trkpt lat="45.7870045490562915802001953125" lon="126.6407640092074871063232421875">
        <ele>122.8000030517578125</ele>
        <time>2026-10-04T22:24:41.000Z</time>
        <extensions>
          <ns3:TrackPointExtension>
            <ns3:hr>143</ns3:hr>
            <ns3:cad>93</ns3:cad>
          </ns3:TrackPointExtension>
        </extensions>
      </trkpt>
      <trkpt lat="45.7870226539671421051025390625" lon="126.64079569280147552490234375">
        <ele>122.8000030517578125</ele>
        <time>2026-10-04T22:24:42.000Z</time>
        <extensions>
          <ns3:TrackPointExtension>
            <ns3:hr>143</ns3:hr>
            <ns3:cad>93</ns3:cad>
          </ns3:TrackPointExtension>
        </extensions>
      </trkpt>
      <trkpt lat="45.7870407588779926300048828125" lon="126.64083148352801799774169921875">
        <ele>122.8000030517578125</ele>
        <time>2026-10-04T22:24:43.000Z</time>
        <extensions>
          <ns3:TrackPointExtension>
            <ns3:hr>142</ns3:hr>
            <ns3:cad>91</ns3:cad>
          </ns3:TrackPointExtension>
        </extensions>
      </trkpt>
      <trkpt lat="45.78705777414143085479736328125" lon="126.64086517877876758575439453125">
        <ele>122.8000030517578125</ele>
        <time>2026-10-04T22:24:44.000Z</time>
        <extensions>
          <ns3:TrackPointExtension>
            <ns3:hr>143</ns3:hr>
            <ns3:cad>91</ns3:cad>
          </ns3:TrackPointExtension>
        </extensions>
      </trkpt>
      <trkpt lat="45.7870773039758205413818359375" lon="126.64090256206691265106201171875">
        <ele>122.59999847412109375</ele>
        <time>2026-10-04T22:24:45.000Z</time>
        <extensions>
          <ns3:TrackPointExtension>
            <ns3:hr>143</ns3:hr>
            <ns3:cad>92</ns3:cad>
          </ns3:TrackPointExtension>
        </extensions>
      </trkpt>
      <trkpt lat="45.78709515742957592010498046875" lon="126.64092846214771270751953125">
        <ele>122.59999847412109375</ele>
        <time>2026-10-04T22:24:46.000Z</time>
        <extensions>
          <ns3:TrackPointExtension>
            <ns3:hr>142</ns3:hr>
            <ns3:cad>92</ns3:cad>
          </ns3:TrackPointExtension>
        </extensions>
      </trkpt>
      <trkpt lat="45.78711862675845623016357421875" lon="126.64096274413168430328369140625">
        <ele>122.8000030517578125</ele>
        <time>2026-10-04T22:24:47.000Z</time>
        <extensions>
          <ns3:TrackPointExtension>
            <ns3:hr>143</ns3:hr>
            <ns3:cad>92</ns3:cad>
          </ns3:TrackPointExtension>
        </extensions>
      </trkpt>
      <trkpt lat="45.7871279306709766387939453125" lon="126.64099015295505523681640625">
        <ele>122.8000030517578125</ele>
        <time>2026-10-04T22:24:48.000Z</time>
        <extensions>
          <ns3:TrackPointExtension>
            <ns3:hr>143</ns3:hr>
            <ns3:cad>92</ns3:cad>
          </ns3:TrackPointExtension>
        </extensions>
      </trkpt>
      <trkpt lat="45.78714528121054172515869140625" lon="126.64102728478610515594482421875">
        <ele>122.59999847412109375</ele>
        <time>2026-10-04T22:24:49.000Z</time>
        <extensions>
          <ns3:TrackPointExtension>
            <ns3:hr>143</ns3:hr>
            <ns3:cad>92</ns3:cad>
          </ns3:TrackPointExtension>
        </extensions>
      </trkpt>
      <trkpt lat="45.78716238029301166534423828125" lon="126.64105125702917575836181640625">
        <ele>122.59999847412109375</ele>
        <time>2026-10-04T22:24:50.000Z</time>
        <extensions>
          <ns3:TrackPointExtension>
            <ns3:hr>142</ns3:hr>
            <ns3:cad>92</ns3:cad>
          </ns3:TrackPointExtension>
        </extensions>
      </trkpt>
      <trkpt lat="45.78718333505094051361083984375" lon="126.641087718307971954345703125">
        <ele>122.8000030517578125</ele>
        <time>2026-10-04T22:24:51.000Z</time>
        <extensions>
          <ns3:TrackPointExtension>
            <ns3:hr>143</ns3:hr>
            <ns3:cad>92</ns3:cad>
          </ns3:TrackPointExtension>
        </extensions>
      </trkpt>
      <trkpt lat="45.7871975004673004150390625" lon="126.64111847989261150360107421875">
        <ele>122.8000030517578125</ele>
        <time>2026-10-04T22:24:52.000Z</time>
        <extensions>
          <ns3:TrackPointExtension>
            <ns3:hr>143</ns3:hr>
            <ns3:cad>92</ns3:cad>
          </ns3:TrackPointExtension>
        </extensions>
      </trkpt>
      <trkpt lat="45.7872144319117069244384765625" lon="126.64115636609494686126708984375">
        <ele>122.8000030517578125</ele>
        <time>2026-10-04T22:24:53.000Z</time>
        <extensions>
          <ns3:TrackPointExtension>
            <ns3:hr>142</ns3:hr>
            <ns3:cad>92</ns3:cad>
          </ns3:TrackPointExtension>
        </extensions>
      </trkpt>
      <trkpt lat="45.78723111189901828765869140625" lon="126.64117983542382717132568359375">
        <ele>122.8000030517578125</ele>
        <time>2026-10-04T22:24:54.000Z</time>
        <extensions>
          <ns3:TrackPointExtension>
            <ns3:hr>143</ns3:hr>
            <ns3:cad>92</ns3:cad>
          </ns3:TrackPointExtension>
        </extensions>
      </trkpt>
      <trkpt lat="45.787250138819217681884765625" lon="126.6412132792174816131591796875">
        <ele>122.8000030517578125</ele>
        <time>2026-10-04T22:24:55.000Z</time>
        <extensions>
          <ns3:TrackPointExtension>
            <ns3:hr>142</ns3:hr>
            <ns3:cad>91</ns3:cad>
          </ns3:TrackPointExtension>
        </extensions>
      </trkpt>
      <trkpt lat="45.787264220416545867919921875" lon="126.64124630391597747802734375">
        <ele>122.8000030517578125</ele>
        <time>2026-10-04T22:24:56.000Z</time>
        <extensions>
          <ns3:TrackPointExtension>
            <ns3:hr>143</ns3:hr>
            <ns3:cad>91</ns3:cad>
          </ns3:TrackPointExtension>
        </extensions>
      </trkpt>
      <trkpt lat="45.787284672260284423828125" lon="126.6412813402712345123291015625">
        <ele>122.8000030517578125</ele>
        <time>2026-10-04T22:24:57.000Z</time>
        <extensions>
          <ns3:TrackPointExtension>
            <ns3:hr>142</ns3:hr>
            <ns3:cad>92</ns3:cad>
          </ns3:TrackPointExtension>
        </extensions>
      </trkpt>
      <trkpt lat="45.78730235807597637176513671875" lon="126.6413064859807491302490234375">
        <ele>122.8000030517578125</ele>
        <time>2026-10-04T22:24:58.000Z</time>
        <extensions>
          <ns3:TrackPointExtension>
            <ns3:hr>142</ns3:hr>
            <ns3:cad>92</ns3:cad>
          </ns3:TrackPointExtension>
        </extensions>
      </trkpt>
      <trkpt lat="45.78731945715844631195068359375" lon="126.64135820232331752777099609375">
        <ele>122.8000030517578125</ele>
        <time>2026-10-04T22:24:59.000Z</time>
        <extensions>
          <ns3:TrackPointExtension>
            <ns3:hr>142</ns3:hr>
            <ns3:cad>92</ns3:cad>
          </ns3:TrackPointExtension>
        </extensions>
      </trkpt>
      <trkpt lat="45.7873448543250560760498046875" lon="126.64138552732765674591064453125">
        <ele>122.59999847412109375</ele>
        <time>2026-10-04T22:25:00.000Z</time>
        <extensions>
          <ns3:TrackPointExtension>
            <ns3:hr>143</ns3:hr>
            <ns3:cad>92</ns3:cad>
          </ns3:TrackPointExtension>
        </extensions>
      </trkpt>
      <trkpt lat="45.787364132702350616455078125" lon="126.64143011905252933502197265625">
        <ele>122.59999847412109375</ele>
        <time>2026-10-04T22:25:01.000Z</time>
        <extensions>
          <ns3:TrackPointExtension>
            <ns3:hr>142</ns3:hr>
            <ns3:cad>92</ns3:cad>
          </ns3:TrackPointExtension>
        </extensions>
      </trkpt>
      <trkpt lat="45.78738458454608917236328125" lon="126.64145811460912227630615234375">
        <ele>122.40000152587890625</ele>
        <time>2026-10-04T22:25:02.000Z</time>
        <extensions>
          <ns3:TrackPointExtension>
            <ns3:hr>143</ns3:hr>
            <ns3:cad>90</ns3:cad>
          </ns3:TrackPointExtension>
        </extensions>
      </trkpt>
      <trkpt lat="45.7874025218188762664794921875" lon="126.64149549789726734161376953125">
        <ele>122.40000152587890625</ele>
        <time>2026-10-04T22:25:03.000Z</time>
        <extensions>
          <ns3:TrackPointExtension>
            <ns3:hr>143</ns3:hr>
            <ns3:cad>90</ns3:cad>
          </ns3:TrackPointExtension>
        </extensions>
      </trkpt>
      <trkpt lat="45.78741668723523616790771484375" lon="126.641521565616130828857421875">
        <ele>122.40000152587890625</ele>
        <time>2026-10-04T22:25:04.000Z</time>
        <extensions>
          <ns3:TrackPointExtension>
            <ns3:hr>143</ns3:hr>
            <ns3:cad>91</ns3:cad>
          </ns3:TrackPointExtension>
        </extensions>
      </trkpt>
      <trkpt lat="45.787431858479976654052734375" lon="126.64155484177172183990478515625">
        <ele>122.40000152587890625</ele>
        <time>2026-10-04T22:25:05.000Z</time>
        <extensions>
          <ns3:TrackPointExtension>
            <ns3:hr>142</ns3:hr>
            <ns3:cad>91</ns3:cad>
          </ns3:TrackPointExtension>
        </extensions>
      </trkpt>
      <trkpt lat="45.7874467782676219940185546875" lon="126.6415861062705516815185546875">
        <ele>122.59999847412109375</ele>
        <time>2026-10-04T22:25:06.000Z</time>
        <extensions>
          <ns3:TrackPointExtension>
            <ns3:hr>143</ns3:hr>
            <ns3:cad>92</ns3:cad>
          </ns3:TrackPointExtension>
        </extensions>
      </trkpt>
      <trkpt lat="45.78746513463556766510009765625" lon="126.641618795692920684814453125">
        <ele>122.59999847412109375</ele>
        <time>2026-10-04T22:25:07.000Z</time>
        <extensions>
          <ns3:TrackPointExtension>
            <ns3:hr>142</ns3:hr>
            <ns3:cad>92</ns3:cad>
          </ns3:TrackPointExtension>
        </extensions>
      </trkpt>
      <trkpt lat="45.7874806411564350128173828125" lon="126.6416524909436702728271484375">
        <ele>122.59999847412109375</ele>
        <time>2026-10-04T22:25:08.000Z</time>
        <extensions>
          <ns3:TrackPointExtension>
            <ns3:hr>142</ns3:hr>
            <ns3:cad>91</ns3:cad>
          </ns3:TrackPointExtension>
        </extensions>
      </trkpt>
      <trkpt lat="45.7874953933060169219970703125" lon="126.641681827604770660400390625">
        <ele>122.59999847412109375</ele>
        <time>2026-10-04T22:25:09.000Z</time>
        <extensions>
          <ns3:TrackPointExtension>
            <ns3:hr>141</ns3:hr>
            <ns3:cad>91</ns3:cad>
          </ns3:TrackPointExtension>
        </extensions>
      </trkpt>
      <trkpt lat="45.7875155098736286163330078125" lon="126.6417185403406620025634765625">
        <ele>122.59999847412109375</ele>
        <time>2026-10-04T22:25:10.000Z</time>
        <extensions>
          <ns3:TrackPointExtension>
            <ns3:hr>141</ns3:hr>
            <ns3:cad>91</ns3:cad>
          </ns3:TrackPointExtension>
        </extensions>
      </trkpt>
      <trkpt lat="45.78752649016678333282470703125" lon="126.64175164885818958282470703125">
        <ele>122.59999847412109375</ele>
        <time>2026-10-04T22:25:11.000Z</time>
        <extensions>
          <ns3:TrackPointExtension>
            <ns3:hr>140</ns3:hr>
            <ns3:cad>92</ns3:cad>
          </ns3:TrackPointExtension>
        </extensions>
      </trkpt>
      <trkpt lat="45.78754744492471218109130859375" lon="126.64178953506052494049072265625">
        <ele>122.59999847412109375</ele>
        <time>2026-10-04T22:25:12.000Z</time>
        <extensions>
          <ns3:TrackPointExtension>
            <ns3:hr>140</ns3:hr>
            <ns3:cad>92</ns3:cad>
          </ns3:TrackPointExtension>
        </extensions>
      </trkpt>
      <trkpt lat="45.7875631190836429595947265625" lon="126.64182071574032306671142578125">
        <ele>122.59999847412109375</ele>
        <time>2026-10-04T22:25:13.000Z</time>
        <extensions>
          <ns3:TrackPointExtension>
            <ns3:hr>140</ns3:hr>
            <ns3:cad>92</ns3:cad>
          </ns3:TrackPointExtension>
        </extensions>
      </trkpt>
      <trkpt lat="45.78757979907095432281494140625" lon="126.641861535608768463134765625">
        <ele>122.59999847412109375</ele>
        <time>2026-10-04T22:25:14.000Z</time>
        <extensions>
          <ns3:TrackPointExtension>
            <ns3:hr>139</ns3:hr>
            <ns3:cad>92</ns3:cad>
          </ns3:TrackPointExtension>
        </extensions>
      </trkpt>
      <trkpt lat="45.7875946350395679473876953125" lon="126.6418912075459957122802734375">
        <ele>122.59999847412109375</ele>
        <time>2026-10-04T22:25:15.000Z</time>
        <extensions>
          <ns3:TrackPointExtension>
            <ns3:hr>140</ns3:hr>
            <ns3:cad>92</ns3:cad>
          </ns3:TrackPointExtension>
        </extensions>
      </trkpt>
      <trkpt lat="45.78761382959783077239990234375" lon="126.64192934520542621612548828125">
        <ele>122.59999847412109375</ele>
        <time>2026-10-04T22:25:16.000Z</time>
        <extensions>
          <ns3:TrackPointExtension>
            <ns3:hr>141</ns3:hr>
            <ns3:cad>92</ns3:cad>
          </ns3:TrackPointExtension>
        </extensions>
      </trkpt>
      <trkpt lat="45.78762858174741268157958984375" lon="126.64195499382913112640380859375">
        <ele>122.59999847412109375</ele>
        <time>2026-10-04T22:25:17.000Z</time>
        <extensions>
          <ns3:TrackPointExtension>
            <ns3:hr>141</ns3:hr>
            <ns3:cad>92</ns3:cad>
          </ns3:TrackPointExtension>
        </extensions>
      </trkpt>
      <trkpt lat="45.78764735721051692962646484375" lon="126.64199556224048137664794921875">
        <ele>122.40000152587890625</ele>
        <time>2026-10-04T22:25:18.000Z</time>
        <extensions>
          <ns3:TrackPointExtension>
            <ns3:hr>141</ns3:hr>
            <ns3:cad>92</ns3:cad>
          </ns3:TrackPointExtension>
        </extensions>
      </trkpt>
      <trkpt lat="45.78766294755041599273681640625" lon="126.64201903156936168670654296875">
        <ele>122.40000152587890625</ele>
        <time>2026-10-04T22:25:19.000Z</time>
        <extensions>
          <ns3:TrackPointExtension>
            <ns3:hr>142</ns3:hr>
            <ns3:cad>92</ns3:cad>
          </ns3:TrackPointExtension>
        </extensions>
      </trkpt>
      <trkpt lat="45.7876858301460742950439453125" lon="126.64205758832395076751708984375">
        <ele>122.40000152587890625</ele>
        <time>2026-10-04T22:25:20.000Z</time>
        <extensions>
          <ns3:TrackPointExtension>
            <ns3:hr>142</ns3:hr>
            <ns3:cad>91</ns3:cad>
          </ns3:TrackPointExtension>
        </extensions>
      </trkpt>
      <trkpt lat="45.787703432142734527587890625" lon="126.64208876900374889373779296875">
        <ele>122.40000152587890625</ele>
        <time>2026-10-04T22:25:21.000Z</time>
        <extensions>
          <ns3:TrackPointExtension>
            <ns3:hr>142</ns3:hr>
            <ns3:cad>90</ns3:cad>
          </ns3:TrackPointExtension>
        </extensions>
      </trkpt>
      <trkpt lat="45.7877230457961559295654296875" lon="126.64211525581777095794677734375">
        <ele>122.40000152587890625</ele>
        <time>2026-10-04T22:25:22.000Z</time>
        <extensions>
          <ns3:TrackPointExtension>
            <ns3:hr>143</ns3:hr>
            <ns3:cad>90</ns3:cad>
          </ns3:TrackPointExtension>
        </extensions>
      </trkpt>
      <trkpt lat="45.78773553483188152313232421875" lon="126.64213604293763637542724609375">
        <ele>122.40000152587890625</ele>
        <time>2026-10-04T22:25:23.000Z</time>
        <extensions>
          <ns3:TrackPointExtension>
            <ns3:hr>142</ns3:hr>
            <ns3:cad>90</ns3:cad>
          </ns3:TrackPointExtension>
        </extensions>
      </trkpt>
      <trkpt lat="45.78774726949632167816162109375" lon="126.6421674750745296478271484375">
        <ele>122.40000152587890625</ele>
        <time>2026-10-04T22:25:24.000Z</time>
        <extensions>
          <ns3:TrackPointExtension>
            <ns3:hr>142</ns3:hr>
            <ns3:cad>90</ns3:cad>
          </ns3:TrackPointExtension>
        </extensions>
      </trkpt>
      <trkpt lat="45.7877726666629314422607421875" lon="126.64219605736434459686279296875">
        <ele>122.40000152587890625</ele>
        <time>2026-10-04T22:25:25.000Z</time>
        <extensions>
          <ns3:TrackPointExtension>
            <ns3:hr>142</ns3:hr>
            <ns3:cad>90</ns3:cad>
          </ns3:TrackPointExtension>
        </extensions>
      </trkpt>
      <trkpt lat="45.78778691589832305908203125" lon="126.64222522638738155364990234375">
        <ele>122.40000152587890625</ele>
        <time>2026-10-04T22:25:26.000Z</time>
        <extensions>
          <ns3:TrackPointExtension>
            <ns3:hr>142</ns3:hr>
            <ns3:cad>91</ns3:cad>
          </ns3:TrackPointExtension>
        </extensions>
      </trkpt>
      <trkpt lat="45.78780460171401500701904296875" lon="126.6422633640468120574951171875">
        <ele>122.40000152587890625</ele>
        <time>2026-10-04T22:25:27.000Z</time>
        <extensions>
          <ns3:TrackPointExtension>
            <ns3:hr>142</ns3:hr>
            <ns3:cad>91</ns3:cad>
          </ns3:TrackPointExtension>
        </extensions>
      </trkpt>
      <trkpt lat="45.78782136552035808563232421875" lon="126.64229747839272022247314453125">
        <ele>122.40000152587890625</ele>
        <time>2026-10-04T22:25:28.000Z</time>
        <extensions>
          <ns3:TrackPointExtension>
            <ns3:hr>141</ns3:hr>
            <ns3:cad>89</ns3:cad>
          </ns3:TrackPointExtension>
        </extensions>
      </trkpt>
      <trkpt lat="45.7878373749554157257080078125" lon="126.6423344425857067108154296875">
        <ele>122.40000152587890625</ele>
        <time>2026-10-04T22:25:29.000Z</time>
        <extensions>
          <ns3:TrackPointExtension>
            <ns3:hr>141</ns3:hr>
            <ns3:cad>89</ns3:cad>
          </ns3:TrackPointExtension>
        </extensions>
      </trkpt>
      <trkpt lat="45.78785371966660022735595703125" lon="126.64236838929355144500732421875">
        <ele>122.40000152587890625</ele>
        <time>2026-10-04T22:25:30.000Z</time>
        <extensions>
          <ns3:TrackPointExtension>
            <ns3:hr>141</ns3:hr>
            <ns3:cad>89</ns3:cad>
          </ns3:TrackPointExtension>
        </extensions>
      </trkpt>
      <trkpt lat="45.787873081862926483154296875" lon="126.642398647964000701904296875">
        <ele>122.40000152587890625</ele>
        <time>2026-10-04T22:25:31.000Z</time>
        <extensions>
          <ns3:TrackPointExtension>
            <ns3:hr>140</ns3:hr>
            <ns3:cad>89</ns3:cad>
          </ns3:TrackPointExtension>
        </extensions>
      </trkpt>
      <trkpt lat="45.78789026476442813873291015625" lon="126.642430163919925689697265625">
        <ele>122.40000152587890625</ele>
        <time>2026-10-04T22:25:32.000Z</time>
        <extensions>
          <ns3:TrackPointExtension>
            <ns3:hr>140</ns3:hr>
            <ns3:cad>89</ns3:cad>
          </ns3:TrackPointExtension>
        </extensions>
      </trkpt>
      <trkpt lat="45.7879047654569149017333984375" lon="126.6424692235887050628662109375">
        <ele>122.40000152587890625</ele>
        <time>2026-10-04T22:25:33.000Z</time>
        <extensions>
          <ns3:TrackPointExtension>
            <ns3:hr>140</ns3:hr>
            <ns3:cad>89</ns3:cad>
          </ns3:TrackPointExtension>
        </extensions>
      </trkpt>
      <trkpt lat="45.7879198528826236724853515625" lon="126.64250417612493038177490234375">
        <ele>122.40000152587890625</ele>
        <time>2026-10-04T22:25:34.000Z</time>
        <extensions>
          <ns3:TrackPointExtension>
            <ns3:hr>140</ns3:hr>
            <ns3:cad>90</ns3:cad>
          </ns3:TrackPointExtension>
        </extensions>
      </trkpt>
      <trkpt lat="45.78793787397444248199462890625" lon="126.6425349377095699310302734375">
        <ele>122.40000152587890625</ele>
        <time>2026-10-04T22:25:35.000Z</time>
        <extensions>
          <ns3:TrackPointExtension>
            <ns3:hr>140</ns3:hr>
            <ns3:cad>91</ns3:cad>
          </ns3:TrackPointExtension>
        </extensions>
      </trkpt>
      <trkpt lat="45.7879550568759441375732421875" lon="126.64257156662642955780029296875">
        <ele>122.1999969482421875</ele>
        <time>2026-10-04T22:25:36.000Z</time>
        <extensions>
          <ns3:TrackPointExtension>
            <ns3:hr>140</ns3:hr>
            <ns3:cad>91</ns3:cad>
          </ns3:TrackPointExtension>
        </extensions>
      </trkpt>
      <trkpt lat="45.7879617623984813690185546875" lon="126.6426097042858600616455078125">
        <ele>122.40000152587890625</ele>
        <time>2026-10-04T22:25:37.000Z</time>
        <extensions>
          <ns3:TrackPointExtension>
            <ns3:hr>140</ns3:hr>
            <ns3:cad>91</ns3:cad>
          </ns3:TrackPointExtension>
        </extensions>
      </trkpt>
      <trkpt lat="45.7879684679210186004638671875" lon="126.64264599792659282684326171875">
        <ele>122.40000152587890625</ele>
        <time>2026-10-04T22:25:38.000Z</time>
        <extensions>
          <ns3:TrackPointExtension>
            <ns3:hr>139</ns3:hr>
            <ns3:cad>91</ns3:cad>
          </ns3:TrackPointExtension>
        </extensions>
      </trkpt>
      <trkpt lat="45.7879832200706005096435546875" lon="126.6426874883472919464111328125">
        <ele>122.40000152587890625</ele>
        <time>2026-10-04T22:25:39.000Z</time>
        <extensions>
          <ns3:TrackPointExtension>
            <ns3:hr>140</ns3:hr>
            <ns3:cad>91</ns3:cad>
          </ns3:TrackPointExtension>
        </extensions>
      </trkpt>
      <trkpt lat="45.7879994809627532958984375" lon="126.64272478781640529632568359375">
        <ele>122.1999969482421875</ele>
        <time>2026-10-04T22:25:40.000Z</time>
        <extensions>
          <ns3:TrackPointExtension>
            <ns3:hr>140</ns3:hr>
            <ns3:cad>91</ns3:cad>
          </ns3:TrackPointExtension>
        </extensions>
      </trkpt>
      <trkpt lat="45.78801716677844524383544921875" lon="126.64275798015296459197998046875">
        <ele>122.1999969482421875</ele>
        <time>2026-10-04T22:25:41.000Z</time>
        <extensions>
          <ns3:TrackPointExtension>
            <ns3:hr>140</ns3:hr>
            <ns3:cad>90</ns3:cad>
          </ns3:TrackPointExtension>
        </extensions>
      </trkpt>
      <trkpt lat="45.78803828917443752288818359375" lon="126.64279536344110965728759765625">
        <ele>122.1999969482421875</ele>
        <time>2026-10-04T22:25:42.000Z</time>
        <extensions>
          <ns3:TrackPointExtension>
            <ns3:hr>139</ns3:hr>
            <ns3:cad>90</ns3:cad>
          </ns3:TrackPointExtension>
        </extensions>
      </trkpt>
      <trkpt lat="45.788057148456573486328125" lon="126.64282470010221004486083984375">
        <ele>122</ele>
        <time>2026-10-04T22:25:43.000Z</time>
        <extensions>
          <ns3:TrackPointExtension>
            <ns3:hr>140</ns3:hr>
            <ns3:cad>90</ns3:cad>
          </ns3:TrackPointExtension>
        </extensions>
      </trkpt>
      <trkpt lat="45.78807030804455280303955078125" lon="126.6428656876087188720703125">
        <ele>122.1999969482421875</ele>
        <time>2026-10-04T22:25:44.000Z</time>
        <extensions>
          <ns3:TrackPointExtension>
            <ns3:hr>140</ns3:hr>
            <ns3:cad>90</ns3:cad>
          </ns3:TrackPointExtension>
        </extensions>
      </trkpt>
      <trkpt lat="45.78808992169797420501708984375" lon="126.64289561100304126739501953125">
        <ele>122</ele>
        <time>2026-10-04T22:25:45.000Z</time>
        <extensions>
          <ns3:TrackPointExtension>
            <ns3:hr>140</ns3:hr>
            <ns3:cad>90</ns3:cad>
          </ns3:TrackPointExtension>
        </extensions>
      </trkpt>
      <trkpt lat="45.7881072722375392913818359375" lon="126.64293475449085235595703125">
        <ele>122</ele>
        <time>2026-10-04T22:25:46.000Z</time>
        <extensions>
          <ns3:TrackPointExtension>
            <ns3:hr>140</ns3:hr>
            <ns3:cad>91</ns3:cad>
          </ns3:TrackPointExtension>
        </extensions>
      </trkpt>
      <trkpt lat="45.78812755644321441650390625" lon="126.642959229648113250732421875">
        <ele>122</ele>
        <time>2026-10-04T22:25:47.000Z</time>
        <extensions>
          <ns3:TrackPointExtension>
            <ns3:hr>140</ns3:hr>
            <ns3:cad>91</ns3:cad>
          </ns3:TrackPointExtension>
        </extensions>
      </trkpt>
      <trkpt lat="45.7881458289921283721923828125" lon="126.64300155825912952423095703125">
        <ele>122</ele>
        <time>2026-10-04T22:25:48.000Z</time>
        <extensions>
          <ns3:TrackPointExtension>
            <ns3:hr>140</ns3:hr>
            <ns3:cad>91</ns3:cad>
          </ns3:TrackPointExtension>
        </extensions>
      </trkpt>
      <trkpt lat="45.78817072324454784393310546875" lon="126.643026955425739288330078125">
        <ele>121.8000030517578125</ele>
        <time>2026-10-04T22:25:49.000Z</time>
        <extensions>
          <ns3:TrackPointExtension>
            <ns3:hr>141</ns3:hr>
            <ns3:cad>92</ns3:cad>
          </ns3:TrackPointExtension>
        </extensions>
      </trkpt>
      <trkpt lat="45.788193605840206146240234375" lon="126.6430626623332500457763671875">
        <ele>121.8000030517578125</ele>
        <time>2026-10-04T22:25:50.000Z</time>
        <extensions>
          <ns3:TrackPointExtension>
            <ns3:hr>141</ns3:hr>
            <ns3:cad>92</ns3:cad>
          </ns3:TrackPointExtension>
        </extensions>
      </trkpt>
      <trkpt lat="45.78820995055139064788818359375" lon="126.64308554492890834808349609375">
        <ele>121.8000030517578125</ele>
        <time>2026-10-04T22:25:51.000Z</time>
        <extensions>
          <ns3:TrackPointExtension>
            <ns3:hr>141</ns3:hr>
            <ns3:cad>92</ns3:cad>
          </ns3:TrackPointExtension>
        </extensions>
      </trkpt>
      <trkpt lat="45.78822906129062175750732421875" lon="126.64312846027314662933349609375">
        <ele>121.8000030517578125</ele>
        <time>2026-10-04T22:25:52.000Z</time>
        <extensions>
          <ns3:TrackPointExtension>
            <ns3:hr>141</ns3:hr>
            <ns3:cad>92</ns3:cad>
          </ns3:TrackPointExtension>
        </extensions>
      </trkpt>
      <trkpt lat="45.78824750147759914398193359375" lon="126.64315813221037387847900390625">
        <ele>121.8000030517578125</ele>
        <time>2026-10-04T22:25:53.000Z</time>
        <extensions>
          <ns3:TrackPointExtension>
            <ns3:hr>141</ns3:hr>
            <ns3:cad>92</ns3:cad>
          </ns3:TrackPointExtension>
        </extensions>
      </trkpt>
      <trkpt lat="45.7882675342261791229248046875" lon="126.64319870062172412872314453125">
        <ele>122</ele>
        <time>2026-10-04T22:25:54.000Z</time>
        <extensions>
          <ns3:TrackPointExtension>
            <ns3:hr>141</ns3:hr>
            <ns3:cad>92</ns3:cad>
          </ns3:TrackPointExtension>
        </extensions>
      </trkpt>
      <trkpt lat="45.78828656114637851715087890625" lon="126.64322820492088794708251953125">
        <ele>122</ele>
        <time>2026-10-04T22:25:55.000Z</time>
        <extensions>
          <ns3:TrackPointExtension>
            <ns3:hr>141</ns3:hr>
            <ns3:cad>93</ns3:cad>
          </ns3:TrackPointExtension>
        </extensions>
      </trkpt>
      <trkpt lat="45.78830885700881481170654296875" lon="126.64326122961938381195068359375">
        <ele>122</ele>
        <time>2026-10-04T22:25:56.000Z</time>
        <extensions>
          <ns3:TrackPointExtension>
            <ns3:hr>142</ns3:hr>
            <ns3:cad>93</ns3:cad>
          </ns3:TrackPointExtension>
        </extensions>
      </trkpt>
      <trkpt lat="45.78832427971065044403076171875" lon="126.64329492487013339996337890625">
        <ele>122</ele>
        <time>2026-10-04T22:25:57.000Z</time>
        <extensions>
          <ns3:TrackPointExtension>
            <ns3:hr>142</ns3:hr>
            <ns3:cad>93</ns3:cad>
          </ns3:TrackPointExtension>
        </extensions>
      </trkpt>
      <trkpt lat="45.78834213316440582275390625" lon="126.64333582855761051177978515625">
        <ele>122</ele>
        <time>2026-10-04T22:25:58.000Z</time>
        <extensions>
          <ns3:TrackPointExtension>
            <ns3:hr>142</ns3:hr>
            <ns3:cad>92</ns3:cad>
          </ns3:TrackPointExtension>
        </extensions>
      </trkpt>
      <trkpt lat="45.7883588969707489013671875" lon="126.64337120018899440765380859375">
        <ele>122.1999969482421875</ele>
        <time>2026-10-04T22:25:59.000Z</time>
        <extensions>
          <ns3:TrackPointExtension>
            <ns3:hr>142</ns3:hr>
            <ns3:cad>92</ns3:cad>
          </ns3:TrackPointExtension>
        </extensions>
      </trkpt>
      <trkpt lat="45.78837406821548938751220703125" lon="126.6434029676020145416259765625">
        <ele>122.1999969482421875</ele>
        <time>2026-10-04T22:26:00.000Z</time>
        <extensions>
          <ns3:TrackPointExtension>
            <ns3:hr>142</ns3:hr>
            <ns3:cad>92</ns3:cad>
          </ns3:TrackPointExtension>
        </extensions>
      </trkpt>
      <trkpt lat="45.7883882336318492889404296875" lon="126.6434385068714618682861328125">
        <ele>122.1999969482421875</ele>
        <time>2026-10-04T22:26:01.000Z</time>
        <extensions>
          <ns3:TrackPointExtension>
            <ns3:hr>142</ns3:hr>
            <ns3:cad>93</ns3:cad>
          </ns3:TrackPointExtension>
        </extensions>
      </trkpt>
      <trkpt lat="45.78840474598109722137451171875" lon="126.64346708916127681732177734375">
        <ele>122.1999969482421875</ele>
        <time>2026-10-04T22:26:02.000Z</time>
        <extensions>
          <ns3:TrackPointExtension>
            <ns3:hr>142</ns3:hr>
            <ns3:cad>93</ns3:cad>
          </ns3:TrackPointExtension>
        </extensions>
      </trkpt>
      <trkpt lat="45.78842419199645519256591796875" lon="126.6435072384774684906005859375">
        <ele>122.1999969482421875</ele>
        <time>2026-10-04T22:26:03.000Z</time>
        <extensions>
          <ns3:TrackPointExtension>
            <ns3:hr>142</ns3:hr>
            <ns3:cad>93</ns3:cad>
          </ns3:TrackPointExtension>
        </extensions>
      </trkpt>
      <trkpt lat="45.7884412072598934173583984375" lon="126.64353515021502971649169921875">
        <ele>122.1999969482421875</ele>
        <time>2026-10-04T22:26:04.000Z</time>
        <extensions>
          <ns3:TrackPointExtension>
            <ns3:hr>141</ns3:hr>
            <ns3:cad>93</ns3:cad>
          </ns3:TrackPointExtension>
        </extensions>
      </trkpt>
      <trkpt lat="45.78845906071364879608154296875" lon="126.64357580244541168212890625">
        <ele>122.1999969482421875</ele>
        <time>2026-10-04T22:26:05.000Z</time>
        <extensions>
          <ns3:TrackPointExtension>
            <ns3:hr>142</ns3:hr>
            <ns3:cad>93</ns3:cad>
          </ns3:TrackPointExtension>
        </extensions>
      </trkpt>
      <trkpt lat="45.78847968019545078277587890625" lon="126.64359633810818195343017578125">
        <ele>122.1999969482421875</ele>
        <time>2026-10-04T22:26:06.000Z</time>
        <extensions>
          <ns3:TrackPointExtension>
            <ns3:hr>143</ns3:hr>
            <ns3:cad>93</ns3:cad>
          </ns3:TrackPointExtension>
        </extensions>
      </trkpt>
      <trkpt lat="45.78850164078176021575927734375" lon="126.64363120682537555694580078125">
        <ele>122.1999969482421875</ele>
        <time>2026-10-04T22:26:07.000Z</time>
        <extensions>
          <ns3:TrackPointExtension>
            <ns3:hr>143</ns3:hr>
            <ns3:cad>93</ns3:cad>
          </ns3:TrackPointExtension>
        </extensions>
      </trkpt>
      <trkpt lat="45.7885220088064670562744140625" lon="126.643655598163604736328125">
        <ele>122.1999969482421875</ele>
        <time>2026-10-04T22:26:08.000Z</time>
        <extensions>
          <ns3:TrackPointExtension>
            <ns3:hr>143</ns3:hr>
            <ns3:cad>93</ns3:cad>
          </ns3:TrackPointExtension>
        </extensions>
      </trkpt>
      <trkpt lat="45.78853852115571498870849609375" lon="126.64369390346109867095947265625">
        <ele>122.1999969482421875</ele>
        <time>2026-10-04T22:26:09.000Z</time>
        <extensions>
          <ns3:TrackPointExtension>
            <ns3:hr>143</ns3:hr>
            <ns3:cad>93</ns3:cad>
          </ns3:TrackPointExtension>
        </extensions>
      </trkpt>
      <trkpt lat="45.78855327330529689788818359375" lon="126.643729694187641143798828125">
        <ele>122.1999969482421875</ele>
        <time>2026-10-04T22:26:10.000Z</time>
        <extensions>
          <ns3:TrackPointExtension>
            <ns3:hr>143</ns3:hr>
            <ns3:cad>92</ns3:cad>
          </ns3:TrackPointExtension>
        </extensions>
      </trkpt>
      <trkpt lat="45.78857020474970340728759765625" lon="126.6437667421996593475341796875">
        <ele>122.1999969482421875</ele>
        <time>2026-10-04T22:26:11.000Z</time>
        <extensions>
          <ns3:TrackPointExtension>
            <ns3:hr>142</ns3:hr>
            <ns3:cad>92</ns3:cad>
          </ns3:TrackPointExtension>
        </extensions>
      </trkpt>
      <trkpt lat="45.78859115950763225555419921875" lon="126.64379431866109371185302734375">
        <ele>122.1999969482421875</ele>
        <time>2026-10-04T22:26:12.000Z</time>
        <extensions>
          <ns3:TrackPointExtension>
            <ns3:hr>143</ns3:hr>
            <ns3:cad>92</ns3:cad>
          </ns3:TrackPointExtension>
        </extensions>
      </trkpt>
      <trkpt lat="45.788608677685260772705078125" lon="126.6438327915966510772705078125">
        <ele>122.1999969482421875</ele>
        <time>2026-10-04T22:26:13.000Z</time>
        <extensions>
          <ns3:TrackPointExtension>
            <ns3:hr>143</ns3:hr>
            <ns3:cad>92</ns3:cad>
          </ns3:TrackPointExtension>
        </extensions>
      </trkpt>
      <trkpt lat="45.7886286266148090362548828125" lon="126.64386757649481296539306640625">
        <ele>122.1999969482421875</ele>
        <time>2026-10-04T22:26:14.000Z</time>
        <extensions>
          <ns3:TrackPointExtension>
            <ns3:hr>143</ns3:hr>
            <ns3:cad>92</ns3:cad>
          </ns3:TrackPointExtension>
        </extensions>
      </trkpt>
      <trkpt lat="45.7886453904211521148681640625" lon="126.643896996974945068359375">
        <ele>122.1999969482421875</ele>
        <time>2026-10-04T22:26:15.000Z</time>
        <extensions>
          <ns3:TrackPointExtension>
            <ns3:hr>143</ns3:hr>
            <ns3:cad>92</ns3:cad>
          </ns3:TrackPointExtension>
        </extensions>
      </trkpt>
      <trkpt lat="45.78866357915103435516357421875" lon="126.6439323686063289642333984375">
        <ele>122.1999969482421875</ele>
        <time>2026-10-04T22:26:16.000Z</time>
        <extensions>
          <ns3:TrackPointExtension>
            <ns3:hr>143</ns3:hr>
            <ns3:cad>93</ns3:cad>
          </ns3:TrackPointExtension>
        </extensions>
      </trkpt>
      <trkpt lat="45.78867900185286998748779296875" lon="126.643968410789966583251953125">
        <ele>122.1999969482421875</ele>
        <time>2026-10-04T22:26:17.000Z</time>
        <extensions>
          <ns3:TrackPointExtension>
            <ns3:hr>143</ns3:hr>
            <ns3:cad>93</ns3:cad>
          </ns3:TrackPointExtension>
        </extensions>
      </trkpt>
      <trkpt lat="45.7886963523924350738525390625" lon="126.64400151930749416351318359375">
        <ele>122.40000152587890625</ele>
        <time>2026-10-04T22:26:18.000Z</time>
        <extensions>
          <ns3:TrackPointExtension>
            <ns3:hr>142</ns3:hr>
            <ns3:cad>93</ns3:cad>
          </ns3:TrackPointExtension>
        </extensions>
      </trkpt>
      <trkpt lat="45.788712613284587860107421875" lon="126.64402666501700878143310546875">
        <ele>122.40000152587890625</ele>
        <time>2026-10-04T22:26:19.000Z</time>
        <extensions>
          <ns3:TrackPointExtension>
            <ns3:hr>143</ns3:hr>
            <ns3:cad>92</ns3:cad>
          </ns3:TrackPointExtension>
        </extensions>
      </trkpt>
      <trkpt lat="45.7887302152812480926513671875" lon="126.6440631262958049774169921875">
        <ele>122.40000152587890625</ele>
        <time>2026-10-04T22:26:20.000Z</time>
        <extensions>
          <ns3:TrackPointExtension>
            <ns3:hr>143</ns3:hr>
            <ns3:cad>92</ns3:cad>
          </ns3:TrackPointExtension>
        </extensions>
      </trkpt>
      <trkpt lat="45.78874337486922740936279296875" lon="126.64409455843269824981689453125">
        <ele>122.40000152587890625</ele>
        <time>2026-10-04T22:26:21.000Z</time>
        <extensions>
          <ns3:TrackPointExtension>
            <ns3:hr>142</ns3:hr>
            <ns3:cad>91</ns3:cad>
          </ns3:TrackPointExtension>
        </extensions>
      </trkpt>
      <trkpt lat="45.78876131214201450347900390625" lon="126.6441295109689235687255859375">
        <ele>122.40000152587890625</ele>
        <time>2026-10-04T22:26:22.000Z</time>
        <extensions>
          <ns3:TrackPointExtension>
            <ns3:hr>143</ns3:hr>
            <ns3:cad>90</ns3:cad>
          </ns3:TrackPointExtension>
        </extensions>
      </trkpt>
      <trkpt lat="45.78877606429159641265869140625" lon="126.64415742270648479461669921875">
        <ele>122.40000152587890625</ele>
        <time>2026-10-04T22:26:23.000Z</time>
        <extensions>
          <ns3:TrackPointExtension>
            <ns3:hr>143</ns3:hr>
            <ns3:cad>90</ns3:cad>
          </ns3:TrackPointExtension>
        </extensions>
      </trkpt>
      <trkpt lat="45.788797438144683837890625" lon="126.64419673383235931396484375">
        <ele>122.1999969482421875</ele>
        <time>2026-10-04T22:26:24.000Z</time>
        <extensions>
          <ns3:TrackPointExtension>
            <ns3:hr>142</ns3:hr>
            <ns3:cad>90</ns3:cad>
          </ns3:TrackPointExtension>
        </extensions>
      </trkpt>
      <trkpt lat="45.78881294466555118560791015625" lon="126.64423084817826747894287109375">
        <ele>122.1999969482421875</ele>
        <time>2026-10-04T22:26:25.000Z</time>
        <extensions>
          <ns3:TrackPointExtension>
            <ns3:hr>142</ns3:hr>
            <ns3:cad>89</ns3:cad>
          </ns3:TrackPointExtension>
        </extensions>
      </trkpt>
      <trkpt lat="45.7888321392238140106201171875" lon="126.64424694143235683441162109375">
        <ele>122.1999969482421875</ele>
        <time>2026-10-04T22:26:26.000Z</time>
        <extensions>
          <ns3:TrackPointExtension>
            <ns3:hr>142</ns3:hr>
            <ns3:cad>89</ns3:cad>
          </ns3:TrackPointExtension>
        </extensions>
      </trkpt>
      <trkpt lat="45.7888509146869182586669921875" lon="126.64426781237125396728515625">
        <ele>122.1999969482421875</ele>
        <time>2026-10-04T22:26:27.000Z</time>
        <extensions>
          <ns3:TrackPointExtension>
            <ns3:hr>142</ns3:hr>
            <ns3:cad>89</ns3:cad>
          </ns3:TrackPointExtension>
        </extensions>
      </trkpt>
      <trkpt lat="45.788866169750690460205078125" lon="126.64428658783435821533203125">
        <ele>122.1999969482421875</ele>
        <time>2026-10-04T22:26:28.000Z</time>
        <extensions>
          <ns3:TrackPointExtension>
            <ns3:hr>142</ns3:hr>
            <ns3:cad>89</ns3:cad>
          </ns3:TrackPointExtension>
        </extensions>
      </trkpt>
      <trkpt lat="45.78888268209993839263916015625" lon="126.64432422257959842681884765625">
        <ele>122</ele>
        <time>2026-10-04T22:26:29.000Z</time>
        <extensions>
          <ns3:TrackPointExtension>
            <ns3:hr>142</ns3:hr>
            <ns3:cad>89</ns3:cad>
          </ns3:TrackPointExtension>
        </extensions>
      </trkpt>
      <trkpt lat="45.788901709020137786865234375" lon="126.644345931708812713623046875">
        <ele>122</ele>
        <time>2026-10-04T22:26:30.000Z</time>
        <extensions>
          <ns3:TrackPointExtension>
            <ns3:hr>142</ns3:hr>
            <ns3:cad>88</ns3:cad>
          </ns3:TrackPointExtension>
        </extensions>
      </trkpt>
      <trkpt lat="45.7889183051884174346923828125" lon="126.64438339881598949432373046875">
        <ele>122</ele>
        <time>2026-10-04T22:26:31.000Z</time>
        <extensions>
          <ns3:TrackPointExtension>
            <ns3:hr>142</ns3:hr>
            <ns3:cad>86</ns3:cad>
          </ns3:TrackPointExtension>
        </extensions>
      </trkpt>
      <trkpt lat="45.7889374159276485443115234375" lon="126.644404269754886627197265625">
        <ele>121.8000030517578125</ele>
        <time>2026-10-04T22:26:32.000Z</time>
        <extensions>
          <ns3:TrackPointExtension>
            <ns3:hr>141</ns3:hr>
            <ns3:cad>86</ns3:cad>
          </ns3:TrackPointExtension>
        </extensions>
      </trkpt>
      <trkpt lat="45.78895677812397480010986328125" lon="126.64444710128009319305419921875">
        <ele>121.8000030517578125</ele>
        <time>2026-10-04T22:26:33.000Z</time>
        <extensions>
          <ns3:TrackPointExtension>
            <ns3:hr>141</ns3:hr>
            <ns3:cad>86</ns3:cad>
          </ns3:TrackPointExtension>
        </extensions>
      </trkpt>
      <trkpt lat="45.788976810872554779052734375" lon="126.64447124116122722625732421875">
        <ele>121.8000030517578125</ele>
        <time>2026-10-04T22:26:34.000Z</time>
        <extensions>
          <ns3:TrackPointExtension>
            <ns3:hr>141</ns3:hr>
            <ns3:cad>87</ns3:cad>
          </ns3:TrackPointExtension>
        </extensions>
      </trkpt>
      <trkpt lat="45.78899282030761241912841796875" lon="126.64451122283935546875">
        <ele>121.8000030517578125</ele>
        <time>2026-10-04T22:26:35.000Z</time>
        <extensions>
          <ns3:TrackPointExtension>
            <ns3:hr>141</ns3:hr>
            <ns3:cad>89</ns3:cad>
          </ns3:TrackPointExtension>
        </extensions>
      </trkpt>
      <trkpt lat="45.7890118472278118133544921875" lon="126.64453846402466297149658203125">
        <ele>121.8000030517578125</ele>
        <time>2026-10-04T22:26:36.000Z</time>
        <extensions>
          <ns3:TrackPointExtension>
            <ns3:hr>141</ns3:hr>
            <ns3:cad>90</ns3:cad>
          </ns3:TrackPointExtension>
        </extensions>
      </trkpt>
      <trkpt lat="45.78902400098741054534912109375" lon="126.64458121173083782196044921875">
        <ele>121.8000030517578125</ele>
        <time>2026-10-04T22:26:37.000Z</time>
        <extensions>
          <ns3:TrackPointExtension>
            <ns3:hr>141</ns3:hr>
            <ns3:cad>90</ns3:cad>
          </ns3:TrackPointExtension>
        </extensions>
      </trkpt>
      <trkpt lat="45.78903841786086559295654296875" lon="126.64461188949644565582275390625">
        <ele>122</ele>
        <time>2026-10-04T22:26:38.000Z</time>
        <extensions>
          <ns3:TrackPointExtension>
            <ns3:hr>141</ns3:hr>
            <ns3:cad>91</ns3:cad>
          </ns3:TrackPointExtension>
        </extensions>
      </trkpt>
      <trkpt lat="45.78905166126787662506103515625" lon="126.64465212263166904449462890625">
        <ele>122</ele>
        <time>2026-10-04T22:26:39.000Z</time>
        <extensions>
          <ns3:TrackPointExtension>
            <ns3:hr>141</ns3:hr>
            <ns3:cad>91</ns3:cad>
          </ns3:TrackPointExtension>
        </extensions>
      </trkpt>
      <trkpt lat="45.78906523995101451873779296875" lon="126.6446813754737377166748046875">
        <ele>121.8000030517578125</ele>
        <time>2026-10-04T22:26:40.000Z</time>
        <extensions>
          <ns3:TrackPointExtension>
            <ns3:hr>141</ns3:hr>
            <ns3:cad>91</ns3:cad>
          </ns3:TrackPointExtension>
        </extensions>
      </trkpt>
      <trkpt lat="45.7890718616545200347900390625" lon="126.64472135715186595916748046875">
        <ele>122</ele>
        <time>2026-10-04T22:26:41.000Z</time>
        <extensions>
          <ns3:TrackPointExtension>
            <ns3:hr>141</ns3:hr>
            <ns3:cad>92</ns3:cad>
          </ns3:TrackPointExtension>
        </extensions>
      </trkpt>
      <trkpt lat="45.7890830934047698974609375" lon="126.64475371129810810089111328125">
        <ele>122</ele>
        <time>2026-10-04T22:26:42.000Z</time>
        <extensions>
          <ns3:TrackPointExtension>
            <ns3:hr>141</ns3:hr>
            <ns3:cad>92</ns3:cad>
          </ns3:TrackPointExtension>
        </extensions>
      </trkpt>
      <trkpt lat="45.78909256495535373687744140625" lon="126.64479495026171207427978515625">
        <ele>122</ele>
        <time>2026-10-04T22:26:43.000Z</time>
        <extensions>
          <ns3:TrackPointExtension>
            <ns3:hr>141</ns3:hr>
            <ns3:cad>92</ns3:cad>
          </ns3:TrackPointExtension>
        </extensions>
      </trkpt>
      <trkpt lat="45.789106227457523345947265625" lon="126.64482981897890567779541015625">
        <ele>122</ele>
        <time>2026-10-04T22:26:44.000Z</time>
        <extensions>
          <ns3:TrackPointExtension>
            <ns3:hr>141</ns3:hr>
            <ns3:cad>92</ns3:cad>
          </ns3:TrackPointExtension>
        </extensions>
      </trkpt>
      <trkpt lat="45.78911704011261463165283203125" lon="126.64487223140895366668701171875">
        <ele>122</ele>
        <time>2026-10-04T22:26:45.000Z</time>
        <extensions>
          <ns3:TrackPointExtension>
            <ns3:hr>141</ns3:hr>
            <ns3:cad>92</ns3:cad>
          </ns3:TrackPointExtension>
        </extensions>
      </trkpt>
      <trkpt lat="45.78912726603448390960693359375" lon="126.64491464383900165557861328125">
        <ele>122.1999969482421875</ele>
        <time>2026-10-04T22:26:46.000Z</time>
        <extensions>
          <ns3:TrackPointExtension>
            <ns3:hr>140</ns3:hr>
            <ns3:cad>92</ns3:cad>
          </ns3:TrackPointExtension>
        </extensions>
      </trkpt>
      <trkpt lat="45.78912978060543537139892578125" lon="126.64495169185101985931396484375">
        <ele>122.1999969482421875</ele>
        <time>2026-10-04T22:26:47.000Z</time>
        <extensions>
          <ns3:TrackPointExtension>
            <ns3:hr>140</ns3:hr>
            <ns3:cad>91</ns3:cad>
          </ns3:TrackPointExtension>
        </extensions>
      </trkpt>
      <trkpt lat="45.7891342230141162872314453125" lon="126.64499980397522449493408203125">
        <ele>122</ele>
        <time>2026-10-04T22:26:48.000Z</time>
        <extensions>
          <ns3:TrackPointExtension>
            <ns3:hr>140</ns3:hr>
            <ns3:cad>91</ns3:cad>
          </ns3:TrackPointExtension>
        </extensions>
      </trkpt>
      <trkpt lat="45.7891395874321460723876953125" lon="126.64504028856754302978515625">
        <ele>122.1999969482421875</ele>
        <time>2026-10-04T22:26:49.000Z</time>
        <extensions>
          <ns3:TrackPointExtension>
            <ns3:hr>140</ns3:hr>
            <ns3:cad>91</ns3:cad>
          </ns3:TrackPointExtension>
        </extensions>
      </trkpt>
      <trkpt lat="45.78914302401244640350341796875" lon="126.64509099908173084259033203125">
        <ele>122</ele>
        <time>2026-10-04T22:26:50.000Z</time>
        <extensions>
          <ns3:TrackPointExtension>
            <ns3:hr>140</ns3:hr>
            <ns3:cad>91</ns3:cad>
          </ns3:TrackPointExtension>
        </extensions>
      </trkpt>
      <trkpt lat="45.789155177772045135498046875" lon="126.6451229341328144073486328125">
        <ele>122</ele>
        <time>2026-10-04T22:26:51.000Z</time>
        <extensions>
          <ns3:TrackPointExtension>
            <ns3:hr>140</ns3:hr>
            <ns3:cad>91</ns3:cad>
          </ns3:TrackPointExtension>
        </extensions>
      </trkpt>
      <trkpt lat="45.789162553846836090087890625" lon="126.6451715491712093353271484375">
        <ele>122</ele>
        <time>2026-10-04T22:26:52.000Z</time>
        <extensions>
          <ns3:TrackPointExtension>
            <ns3:hr>140</ns3:hr>
            <ns3:cad>91</ns3:cad>
          </ns3:TrackPointExtension>
        </extensions>
      </trkpt>
      <trkpt lat="45.7891684211790561676025390625" lon="126.645201556384563446044921875">
        <ele>122.1999969482421875</ele>
        <time>2026-10-04T22:26:53.000Z</time>
        <extensions>
          <ns3:TrackPointExtension>
            <ns3:hr>140</ns3:hr>
            <ns3:cad>91</ns3:cad>
          </ns3:TrackPointExtension>
        </extensions>
      </trkpt>
      <trkpt lat="45.78917487524449825286865234375" lon="126.64525042288005352020263671875">
        <ele>122.1999969482421875</ele>
        <time>2026-10-04T22:26:54.000Z</time>
        <extensions>
          <ns3:TrackPointExtension>
            <ns3:hr>141</ns3:hr>
            <ns3:cad>91</ns3:cad>
          </ns3:TrackPointExtension>
        </extensions>
      </trkpt>
      <trkpt lat="45.7891804911196231842041015625" lon="126.64528168737888336181640625">
        <ele>122.1999969482421875</ele>
        <time>2026-10-04T22:26:55.000Z</time>
        <extensions>
          <ns3:TrackPointExtension>
            <ns3:hr>141</ns3:hr>
            <ns3:cad>92</ns3:cad>
          </ns3:TrackPointExtension>
        </extensions>
      </trkpt>
      <trkpt lat="45.78919298015534877777099609375" lon="126.645323596894741058349609375">
        <ele>122.1999969482421875</ele>
        <time>2026-10-04T22:26:56.000Z</time>
        <extensions>
          <ns3:TrackPointExtension>
            <ns3:hr>141</ns3:hr>
            <ns3:cad>93</ns3:cad>
          </ns3:TrackPointExtension>
        </extensions>
      </trkpt>
      <trkpt lat="45.78920789994299411773681640625" lon="126.64535435847938060760498046875">
        <ele>122.1999969482421875</ele>
        <time>2026-10-04T22:26:57.000Z</time>
        <extensions>
          <ns3:TrackPointExtension>
            <ns3:hr>141</ns3:hr>
            <ns3:cad>93</ns3:cad>
          </ns3:TrackPointExtension>
        </extensions>
      </trkpt>
      <trkpt lat="45.78922189772129058837890625" lon="126.64539291523396968841552734375">
        <ele>122.1999969482421875</ele>
        <time>2026-10-04T22:26:58.000Z</time>
        <extensions>
          <ns3:TrackPointExtension>
            <ns3:hr>141</ns3:hr>
            <ns3:cad>93</ns3:cad>
          </ns3:TrackPointExtension>
        </extensions>
      </trkpt>
      <trkpt lat="45.78923639841377735137939453125" lon="126.64542384445667266845703125">
        <ele>122.40000152587890625</ele>
        <time>2026-10-04T22:26:59.000Z</time>
        <extensions>
          <ns3:TrackPointExtension>
            <ns3:hr>141</ns3:hr>
            <ns3:cad>93</ns3:cad>
          </ns3:TrackPointExtension>
        </extensions>
      </trkpt>
      <trkpt lat="45.78924980945885181427001953125" lon="126.64546717889606952667236328125">
        <ele>122.1999969482421875</ele>
        <time>2026-10-04T22:27:00.000Z</time>
        <extensions>
          <ns3:TrackPointExtension>
            <ns3:hr>140</ns3:hr>
            <ns3:cad>93</ns3:cad>
          </ns3:TrackPointExtension>
        </extensions>
      </trkpt>
      <trkpt lat="45.78926146030426025390625" lon="126.645503975450992584228515625">
        <ele>122.1999969482421875</ele>
        <time>2026-10-04T22:27:01.000Z</time>
        <extensions>
          <ns3:TrackPointExtension>
            <ns3:hr>141</ns3:hr>
            <ns3:cad>93</ns3:cad>
          </ns3:TrackPointExtension>
        </extensions>
      </trkpt>
      <trkpt lat="45.78927696682512760162353515625" lon="126.64554814808070659637451171875">
        <ele>122.1999969482421875</ele>
        <time>2026-10-04T22:27:02.000Z</time>
        <extensions>
          <ns3:TrackPointExtension>
            <ns3:hr>141</ns3:hr>
            <ns3:cad>92</ns3:cad>
          </ns3:TrackPointExtension>
        </extensions>
      </trkpt>
      <trkpt lat="45.78928501345217227935791015625" lon="126.6455829329788684844970703125">
        <ele>122.40000152587890625</ele>
        <time>2026-10-04T22:27:03.000Z</time>
        <extensions>
          <ns3:TrackPointExtension>
            <ns3:hr>141</ns3:hr>
            <ns3:cad>92</ns3:cad>
          </ns3:TrackPointExtension>
        </extensions>
      </trkpt>
      <trkpt lat="45.7892981730401515960693359375" lon="126.64562392048537731170654296875">
        <ele>122.40000152587890625</ele>
        <time>2026-10-04T22:27:04.000Z</time>
        <extensions>
          <ns3:TrackPointExtension>
            <ns3:hr>141</ns3:hr>
            <ns3:cad>92</ns3:cad>
          </ns3:TrackPointExtension>
        </extensions>
      </trkpt>
      <trkpt lat="45.78931183554232120513916015625" lon="126.6456587053835391998291015625">
        <ele>122.40000152587890625</ele>
        <time>2026-10-04T22:27:05.000Z</time>
        <extensions>
          <ns3:TrackPointExtension>
            <ns3:hr>141</ns3:hr>
            <ns3:cad>92</ns3:cad>
          </ns3:TrackPointExtension>
        </extensions>
      </trkpt>
      <trkpt lat="45.789322145283222198486328125" lon="126.6457021236419677734375">
        <ele>122.40000152587890625</ele>
        <time>2026-10-04T22:27:06.000Z</time>
        <extensions>
          <ns3:TrackPointExtension>
            <ns3:hr>141</ns3:hr>
            <ns3:cad>92</ns3:cad>
          </ns3:TrackPointExtension>
        </extensions>
      </trkpt>
      <trkpt lat="45.78933396376669406890869140625" lon="126.6457368247210979461669921875">
        <ele>122.40000152587890625</ele>
        <time>2026-10-04T22:27:07.000Z</time>
        <extensions>
          <ns3:TrackPointExtension>
            <ns3:hr>141</ns3:hr>
            <ns3:cad>92</ns3:cad>
          </ns3:TrackPointExtension>
        </extensions>
      </trkpt>
      <trkpt lat="45.7893437705934047698974609375" lon="126.64576909504830837249755859375">
        <ele>122.1999969482421875</ele>
        <time>2026-10-04T22:27:08.000Z</time>
        <extensions>
          <ns3:TrackPointExtension>
            <ns3:hr>141</ns3:hr>
            <ns3:cad>91</ns3:cad>
          </ns3:TrackPointExtension>
        </extensions>
      </trkpt>
      <trkpt lat="45.78935441561043262481689453125" lon="126.645806729793548583984375">
        <ele>122.40000152587890625</ele>
        <time>2026-10-04T22:27:09.000Z</time>
        <extensions>
          <ns3:TrackPointExtension>
            <ns3:hr>141</ns3:hr>
            <ns3:cad>91</ns3:cad>
          </ns3:TrackPointExtension>
        </extensions>
      </trkpt>
      <trkpt lat="45.78936011530458927154541015625" lon="126.645839251577854156494140625">
        <ele>122.40000152587890625</ele>
        <time>2026-10-04T22:27:10.000Z</time>
        <extensions>
          <ns3:TrackPointExtension>
            <ns3:hr>141</ns3:hr>
            <ns3:cad>91</ns3:cad>
          </ns3:TrackPointExtension>
        </extensions>
      </trkpt>
      <trkpt lat="45.78936765901744365692138671875" lon="126.64587839506566524505615234375">
        <ele>122.40000152587890625</ele>
        <time>2026-10-04T22:27:11.000Z</time>
        <extensions>
          <ns3:TrackPointExtension>
            <ns3:hr>141</ns3:hr>
            <ns3:cad>91</ns3:cad>
          </ns3:TrackPointExtension>
        </extensions>
      </trkpt>
      <trkpt lat="45.78938090242445468902587890625" lon="126.645914018154144287109375">
        <ele>122.40000152587890625</ele>
        <time>2026-10-04T22:27:12.000Z</time>
        <extensions>
          <ns3:TrackPointExtension>
            <ns3:hr>141</ns3:hr>
            <ns3:cad>93</ns3:cad>
          </ns3:TrackPointExtension>
        </extensions>
      </trkpt>
      <trkpt lat="45.78939531929790973663330078125" lon="126.6459621302783489227294921875">
        <ele>122.40000152587890625</ele>
        <time>2026-10-04T22:27:13.000Z</time>
        <extensions>
          <ns3:TrackPointExtension>
            <ns3:hr>141</ns3:hr>
            <ns3:cad>93</ns3:cad>
          </ns3:TrackPointExtension>
        </extensions>
      </trkpt>
      <trkpt lat="45.7894078083336353302001953125" lon="126.64600211195647716522216796875">
        <ele>122.40000152587890625</ele>
        <time>2026-10-04T22:27:14.000Z</time>
        <extensions>
          <ns3:TrackPointExtension>
            <ns3:hr>142</ns3:hr>
            <ns3:cad>92</ns3:cad>
          </ns3:TrackPointExtension>
        </extensions>
      </trkpt>
      <trkpt lat="45.789416693150997161865234375" lon="126.64604670368134975433349609375">
        <ele>122.59999847412109375</ele>
        <time>2026-10-04T22:27:15.000Z</time>
        <extensions>
          <ns3:TrackPointExtension>
            <ns3:hr>142</ns3:hr>
            <ns3:cad>92</ns3:cad>
          </ns3:TrackPointExtension>
        </extensions>
      </trkpt>
      <trkpt lat="45.789425410330295562744140625" lon="126.6460824944078922271728515625">
        <ele>122.59999847412109375</ele>
        <time>2026-10-04T22:27:16.000Z</time>
        <extensions>
          <ns3:TrackPointExtension>
            <ns3:hr>142</ns3:hr>
            <ns3:cad>92</ns3:cad>
          </ns3:TrackPointExtension>
        </extensions>
      </trkpt>
      <trkpt lat="45.78943840228021144866943359375" lon="126.646120883524417877197265625">
        <ele>122.40000152587890625</ele>
        <time>2026-10-04T22:27:17.000Z</time>
        <extensions>
          <ns3:TrackPointExtension>
            <ns3:hr>142</ns3:hr>
            <ns3:cad>92</ns3:cad>
          </ns3:TrackPointExtension>
        </extensions>
      </trkpt>
      <trkpt lat="45.78945097513496875762939453125" lon="126.64615851826965808868408203125">
        <ele>122.40000152587890625</ele>
        <time>2026-10-04T22:27:18.000Z</time>
        <extensions>
          <ns3:TrackPointExtension>
            <ns3:hr>142</ns3:hr>
            <ns3:cad>92</ns3:cad>
          </ns3:TrackPointExtension>
        </extensions>
      </trkpt>
      <trkpt lat="45.78946405090391635894775390625" lon="126.64620445109903812408447265625">
        <ele>122.40000152587890625</ele>
        <time>2026-10-04T22:27:19.000Z</time>
        <extensions>
          <ns3:TrackPointExtension>
            <ns3:hr>142</ns3:hr>
            <ns3:cad>91</ns3:cad>
          </ns3:TrackPointExtension>
        </extensions>
      </trkpt>
      <trkpt lat="45.78948081471025943756103515625" lon="126.64624233730137348175048828125">
        <ele>122.1999969482421875</ele>
        <time>2026-10-04T22:27:20.000Z</time>
        <extensions>
          <ns3:TrackPointExtension>
            <ns3:hr>142</ns3:hr>
            <ns3:cad>92</ns3:cad>
          </ns3:TrackPointExtension>
        </extensions>
      </trkpt>
      <trkpt lat="45.78949707560241222381591796875" lon="126.6462762840092182159423828125">
        <ele>122.1999969482421875</ele>
        <time>2026-10-04T22:27:21.000Z</time>
        <extensions>
          <ns3:TrackPointExtension>
            <ns3:hr>142</ns3:hr>
            <ns3:cad>93</ns3:cad>
          </ns3:TrackPointExtension>
        </extensions>
      </trkpt>
      <trkpt lat="45.7895104028284549713134765625" lon="126.64632246829569339752197265625">
        <ele>122.40000152587890625</ele>
        <time>2026-10-04T22:27:22.000Z</time>
        <extensions>
          <ns3:TrackPointExtension>
            <ns3:hr>142</ns3:hr>
            <ns3:cad>93</ns3:cad>
          </ns3:TrackPointExtension>
        </extensions>
      </trkpt>
      <trkpt lat="45.78952507115900516510009765625" lon="126.64636169560253620147705078125">
        <ele>122.40000152587890625</ele>
        <time>2026-10-04T22:27:23.000Z</time>
        <extensions>
          <ns3:TrackPointExtension>
            <ns3:hr>143</ns3:hr>
            <ns3:cad>93</ns3:cad>
          </ns3:TrackPointExtension>
        </extensions>
      </trkpt>
      <trkpt lat="45.7895375601947307586669921875" lon="126.646397151052951812744140625">
        <ele>122.40000152587890625</ele>
        <time>2026-10-04T22:27:24.000Z</time>
        <extensions>
          <ns3:TrackPointExtension>
            <ns3:hr>143</ns3:hr>
            <ns3:cad>93</ns3:cad>
          </ns3:TrackPointExtension>
        </extensions>
      </trkpt>
      <trkpt lat="45.78955356962978839874267578125" lon="126.64643637835979461669921875">
        <ele>122.1999969482421875</ele>
        <time>2026-10-04T22:27:25.000Z</time>
        <extensions>
          <ns3:TrackPointExtension>
            <ns3:hr>144</ns3:hr>
            <ns3:cad>93</ns3:cad>
          </ns3:TrackPointExtension>
        </extensions>
      </trkpt>
      <trkpt lat="45.7895694114267826080322265625" lon="126.64647552184760570526123046875">
        <ele>122.40000152587890625</ele>
        <time>2026-10-04T22:27:26.000Z</time>
        <extensions>
          <ns3:TrackPointExtension>
            <ns3:hr>144</ns3:hr>
            <ns3:cad>92</ns3:cad>
          </ns3:TrackPointExtension>
        </extensions>
      </trkpt>
      <trkpt lat="45.789582990109920501708984375" lon="126.64650334976613521575927734375">
        <ele>122.1999969482421875</ele>
        <time>2026-10-04T22:27:27.000Z</time>
        <extensions>
          <ns3:TrackPointExtension>
            <ns3:hr>144</ns3:hr>
            <ns3:cad>92</ns3:cad>
          </ns3:TrackPointExtension>
        </extensions>
      </trkpt>
      <trkpt lat="45.7895965687930583953857421875" lon="126.6465461812913417816162109375">
        <ele>122.40000152587890625</ele>
        <time>2026-10-04T22:27:28.000Z</time>
        <extensions>
          <ns3:TrackPointExtension>
            <ns3:hr>144</ns3:hr>
            <ns3:cad>94</ns3:cad>
          </ns3:TrackPointExtension>
        </extensions>
      </trkpt>
      <trkpt lat="45.7896109856665134429931640625" lon="126.64657987654209136962890625">
        <ele>122.40000152587890625</ele>
        <time>2026-10-04T22:27:29.000Z</time>
        <extensions>
          <ns3:TrackPointExtension>
            <ns3:hr>144</ns3:hr>
            <ns3:cad>94</ns3:cad>
          </ns3:TrackPointExtension>
        </extensions>
      </trkpt>
      <trkpt lat="45.789631940424442291259765625" lon="126.64661684073507785797119140625">
        <ele>122.40000152587890625</ele>
        <time>2026-10-04T22:27:30.000Z</time>
        <extensions>
          <ns3:TrackPointExtension>
            <ns3:hr>145</ns3:hr>
            <ns3:cad>94</ns3:cad>
          </ns3:TrackPointExtension>
        </extensions>
      </trkpt>
      <trkpt lat="45.78964241780340671539306640625" lon="126.646645255386829376220703125">
        <ele>122.40000152587890625</ele>
        <time>2026-10-04T22:27:31.000Z</time>
        <extensions>
          <ns3:TrackPointExtension>
            <ns3:hr>144</ns3:hr>
            <ns3:cad>93</ns3:cad>
          </ns3:TrackPointExtension>
        </extensions>
      </trkpt>
      <trkpt lat="45.78965784050524234771728515625" lon="126.646684817969799041748046875">
        <ele>122.40000152587890625</ele>
        <time>2026-10-04T22:27:32.000Z</time>
        <extensions>
          <ns3:TrackPointExtension>
            <ns3:hr>144</ns3:hr>
            <ns3:cad>93</ns3:cad>
          </ns3:TrackPointExtension>
        </extensions>
      </trkpt>
      <trkpt lat="45.7896632887423038482666015625" lon="126.646718345582485198974609375">
        <ele>122.40000152587890625</ele>
        <time>2026-10-04T22:27:33.000Z</time>
        <extensions>
          <ns3:TrackPointExtension>
            <ns3:hr>145</ns3:hr>
            <ns3:cad>92</ns3:cad>
          </ns3:TrackPointExtension>
        </extensions>
      </trkpt>
      <trkpt lat="45.78967242501676082611083984375" lon="126.64675497449934482574462890625">
        <ele>122.40000152587890625</ele>
        <time>2026-10-04T22:27:34.000Z</time>
        <extensions>
          <ns3:TrackPointExtension>
            <ns3:hr>144</ns3:hr>
            <ns3:cad>92</ns3:cad>
          </ns3:TrackPointExtension>
        </extensions>
      </trkpt>
      <trkpt lat="45.7896827347576618194580078125" lon="126.64679017849266529083251953125">
        <ele>122.40000152587890625</ele>
        <time>2026-10-04T22:27:35.000Z</time>
        <extensions>
          <ns3:TrackPointExtension>
            <ns3:hr>144</ns3:hr>
            <ns3:cad>92</ns3:cad>
          </ns3:TrackPointExtension>
        </extensions>
      </trkpt>
      <trkpt lat="45.789690949022769927978515625" lon="126.6468217782676219940185546875">
        <ele>122.40000152587890625</ele>
        <time>2026-10-04T22:27:36.000Z</time>
        <extensions>
          <ns3:TrackPointExtension>
            <ns3:hr>144</ns3:hr>
            <ns3:cad>92</ns3:cad>
          </ns3:TrackPointExtension>
        </extensions>
      </trkpt>
      <trkpt lat="45.7897005043923854827880859375" lon="126.64685706607997417449951171875">
        <ele>122.1999969482421875</ele>
        <time>2026-10-04T22:27:37.000Z</time>
        <extensions>
          <ns3:TrackPointExtension>
            <ns3:hr>144</ns3:hr>
            <ns3:cad>92</ns3:cad>
          </ns3:TrackPointExtension>
        </extensions>
      </trkpt>
      <trkpt lat="45.78970494680106639862060546875" lon="126.64689771831035614013671875">
        <ele>122.1999969482421875</ele>
        <time>2026-10-04T22:27:38.000Z</time>
        <extensions>
          <ns3:TrackPointExtension>
            <ns3:hr>144</ns3:hr>
            <ns3:cad>92</ns3:cad>
          </ns3:TrackPointExtension>
        </extensions>
      </trkpt>
      <trkpt lat="45.78971676528453826904296875" lon="126.6469324193894863128662109375">
        <ele>122.1999969482421875</ele>
        <time>2026-10-04T22:27:39.000Z</time>
        <extensions>
          <ns3:TrackPointExtension>
            <ns3:hr>144</ns3:hr>
            <ns3:cad>92</ns3:cad>
          </ns3:TrackPointExtension>
        </extensions>
      </trkpt>
      <trkpt lat="45.78972615301609039306640625" lon="126.64697013795375823974609375">
        <ele>122</ele>
        <time>2026-10-04T22:27:40.000Z</time>
        <extensions>
          <ns3:TrackPointExtension>
            <ns3:hr>144</ns3:hr>
            <ns3:cad>92</ns3:cad>
          </ns3:TrackPointExtension>
        </extensions>
      </trkpt>
      <trkpt lat="45.78973931260406970977783203125" lon="126.64701716043055057525634765625">
        <ele>122</ele>
        <time>2026-10-04T22:27:41.000Z</time>
        <extensions>
          <ns3:TrackPointExtension>
            <ns3:hr>144</ns3:hr>
            <ns3:cad>91</ns3:cad>
          </ns3:TrackPointExtension>
        </extensions>
      </trkpt>
      <trkpt lat="45.78974937088787555694580078125" lon="126.64705655537545680999755859375">
        <ele>122</ele>
        <time>2026-10-04T22:27:42.000Z</time>
        <extensions>
          <ns3:TrackPointExtension>
            <ns3:hr>144</ns3:hr>
            <ns3:cad>91</ns3:cad>
          </ns3:TrackPointExtension>
        </extensions>
      </trkpt>
      <trkpt lat="45.78976362012326717376708984375" lon="126.64710165001451969146728515625">
        <ele>122</ele>
        <time>2026-10-04T22:27:43.000Z</time>
        <extensions>
          <ns3:TrackPointExtension>
            <ns3:hr>144</ns3:hr>
            <ns3:cad>91</ns3:cad>
          </ns3:TrackPointExtension>
        </extensions>
      </trkpt>
      <trkpt lat="45.78977216966450214385986328125" lon="126.6471332497894763946533203125">
        <ele>122</ele>
        <time>2026-10-04T22:27:44.000Z</time>
        <extensions>
          <ns3:TrackPointExtension>
            <ns3:hr>144</ns3:hr>
            <ns3:cad>92</ns3:cad>
          </ns3:TrackPointExtension>
        </extensions>
      </trkpt>
      <trkpt lat="45.78978541307151317596435546875" lon="126.6471785120666027069091796875">
        <ele>122.1999969482421875</ele>
        <time>2026-10-04T22:27:45.000Z</time>
        <extensions>
          <ns3:TrackPointExtension>
            <ns3:hr>144</ns3:hr>
            <ns3:cad>92</ns3:cad>
          </ns3:TrackPointExtension>
        </extensions>
      </trkpt>
      <trkpt lat="45.78979362733662128448486328125" lon="126.64721799083054065704345703125">
        <ele>122.1999969482421875</ele>
        <time>2026-10-04T22:27:46.000Z</time>
        <extensions>
          <ns3:TrackPointExtension>
            <ns3:hr>144</ns3:hr>
            <ns3:cad>92</ns3:cad>
          </ns3:TrackPointExtension>
        </extensions>
      </trkpt>
      <trkpt lat="45.78980569727718830108642578125" lon="126.6472633369266986846923828125">
        <ele>122.1999969482421875</ele>
        <time>2026-10-04T22:27:47.000Z</time>
        <extensions>
          <ns3:TrackPointExtension>
            <ns3:hr>142</ns3:hr>
            <ns3:cad>91</ns3:cad>
          </ns3:TrackPointExtension>
        </extensions>
      </trkpt>
      <trkpt lat="45.7898131571710109710693359375" lon="126.6473028995096683502197265625">
        <ele>122.1999969482421875</ele>
        <time>2026-10-04T22:27:48.000Z</time>
        <extensions>
          <ns3:TrackPointExtension>
            <ns3:hr>141</ns3:hr>
            <ns3:cad>91</ns3:cad>
          </ns3:TrackPointExtension>
        </extensions>
      </trkpt>
      <trkpt lat="45.789825730025768280029296875" lon="126.64734757505357265472412109375">
        <ele>122.1999969482421875</ele>
        <time>2026-10-04T22:27:49.000Z</time>
        <extensions>
          <ns3:TrackPointExtension>
            <ns3:hr>141</ns3:hr>
            <ns3:cad>91</ns3:cad>
          </ns3:TrackPointExtension>
        </extensions>
      </trkpt>
      <trkpt lat="45.78984274528920650482177734375" lon="126.64737322367727756500244140625">
        <ele>122.1999969482421875</ele>
        <time>2026-10-04T22:27:50.000Z</time>
        <extensions>
          <ns3:TrackPointExtension>
            <ns3:hr>140</ns3:hr>
            <ns3:cad>92</ns3:cad>
          </ns3:TrackPointExtension>
        </extensions>
      </trkpt>
      <trkpt lat="45.7898560725152492523193359375" lon="126.647414378821849822998046875">
        <ele>122.1999969482421875</ele>
        <time>2026-10-04T22:27:51.000Z</time>
        <extensions>
          <ns3:TrackPointExtension>
            <ns3:hr>140</ns3:hr>
            <ns3:cad>92</ns3:cad>
          </ns3:TrackPointExtension>
        </extensions>
      </trkpt>
      <trkpt lat="45.78987292014062404632568359375" lon="126.64744346402585506439208984375">
        <ele>122.1999969482421875</ele>
        <time>2026-10-04T22:27:52.000Z</time>
        <extensions>
          <ns3:TrackPointExtension>
            <ns3:hr>139</ns3:hr>
            <ns3:cad>92</ns3:cad>
          </ns3:TrackPointExtension>
        </extensions>
      </trkpt>
      <trkpt lat="45.7898899354040622711181640625" lon="126.6474779136478900909423828125">
        <ele>122.1999969482421875</ele>
        <time>2026-10-04T22:27:53.000Z</time>
        <extensions>
          <ns3:TrackPointExtension>
            <ns3:hr>139</ns3:hr>
            <ns3:cad>92</ns3:cad>
          </ns3:TrackPointExtension>
        </extensions>
      </trkpt>
      <trkpt lat="45.78990443609654903411865234375" lon="126.6475121118128299713134765625">
        <ele>122.1999969482421875</ele>
        <time>2026-10-04T22:27:54.000Z</time>
        <extensions>
          <ns3:TrackPointExtension>
            <ns3:hr>139</ns3:hr>
            <ns3:cad>92</ns3:cad>
          </ns3:TrackPointExtension>
        </extensions>
      </trkpt>
      <trkpt lat="45.789913572371006011962890625" lon="126.64755645208060741424560546875">
        <ele>122.1999969482421875</ele>
        <time>2026-10-04T22:27:55.000Z</time>
        <extensions>
          <ns3:TrackPointExtension>
            <ns3:hr>139</ns3:hr>
            <ns3:cad>92</ns3:cad>
          </ns3:TrackPointExtension>
        </extensions>
      </trkpt>
      <trkpt lat="45.7899264805018901824951171875" lon="126.6475952602922916412353515625">
        <ele>122</ele>
        <time>2026-10-04T22:27:56.000Z</time>
        <extensions>
          <ns3:TrackPointExtension>
            <ns3:hr>140</ns3:hr>
            <ns3:cad>92</ns3:cad>
          </ns3:TrackPointExtension>
        </extensions>
      </trkpt>
      <trkpt lat="45.789935030043125152587890625" lon="126.6476368345320224761962890625">
        <ele>122</ele>
        <time>2026-10-04T22:27:57.000Z</time>
        <extensions>
          <ns3:TrackPointExtension>
            <ns3:hr>139</ns3:hr>
            <ns3:cad>92</ns3:cad>
          </ns3:TrackPointExtension>
        </extensions>
      </trkpt>
      <trkpt lat="45.78995036892592906951904296875" lon="126.64767153561115264892578125">
        <ele>122</ele>
        <time>2026-10-04T22:27:58.000Z</time>
        <extensions>
          <ns3:TrackPointExtension>
            <ns3:hr>140</ns3:hr>
            <ns3:cad>92</ns3:cad>
          </ns3:TrackPointExtension>
        </extensions>
      </trkpt>
      <trkpt lat="45.789963193237781524658203125" lon="126.64770950563251972198486328125">
        <ele>121.8000030517578125</ele>
        <time>2026-10-04T22:27:59.000Z</time>
        <extensions>
          <ns3:TrackPointExtension>
            <ns3:hr>140</ns3:hr>
            <ns3:cad>92</ns3:cad>
          </ns3:TrackPointExtension>
        </extensions>
      </trkpt>
      <trkpt lat="45.78997836448252201080322265625" lon="126.64774571545422077178955078125">
        <ele>121.8000030517578125</ele>
        <time>2026-10-04T22:28:00.000Z</time>
        <extensions>
          <ns3:TrackPointExtension>
            <ns3:hr>140</ns3:hr>
            <ns3:cad>91</ns3:cad>
          </ns3:TrackPointExtension>
        </extensions>
      </trkpt>
      <trkpt lat="45.789987333118915557861328125" lon="126.64778712205588817596435546875">
        <ele>121.8000030517578125</ele>
        <time>2026-10-04T22:28:01.000Z</time>
        <extensions>
          <ns3:TrackPointExtension>
            <ns3:hr>140</ns3:hr>
            <ns3:cad>91</ns3:cad>
          </ns3:TrackPointExtension>
        </extensions>
      </trkpt>
      <trkpt lat="45.78999630175530910491943359375" lon="126.64782970212399959564208984375">
        <ele>121.8000030517578125</ele>
        <time>2026-10-04T22:28:02.000Z</time>
        <extensions>
          <ns3:TrackPointExtension>
            <ns3:hr>140</ns3:hr>
            <ns3:cad>91</ns3:cad>
          </ns3:TrackPointExtension>
        </extensions>
      </trkpt>
      <trkpt lat="45.7900052703917026519775390625" lon="126.64787001907825469970703125">
        <ele>121.8000030517578125</ele>
        <time>2026-10-04T22:28:03.000Z</time>
        <extensions>
          <ns3:TrackPointExtension>
            <ns3:hr>141</ns3:hr>
            <ns3:cad>91</ns3:cad>
          </ns3:TrackPointExtension>
        </extensions>
      </trkpt>
      <trkpt lat="45.79001583158969879150390625" lon="126.647909246385097503662109375">
        <ele>121.8000030517578125</ele>
        <time>2026-10-04T22:28:04.000Z</time>
        <extensions>
          <ns3:TrackPointExtension>
            <ns3:hr>141</ns3:hr>
            <ns3:cad>92</ns3:cad>
          </ns3:TrackPointExtension>
        </extensions>
      </trkpt>
      <trkpt lat="45.79002815298736095428466796875" lon="126.647950820624828338623046875">
        <ele>121.8000030517578125</ele>
        <time>2026-10-04T22:28:05.000Z</time>
        <extensions>
          <ns3:TrackPointExtension>
            <ns3:hr>141</ns3:hr>
            <ns3:cad>92</ns3:cad>
          </ns3:TrackPointExtension>
        </extensions>
      </trkpt>
      <trkpt lat="45.79004324041306972503662109375" lon="126.64798744954168796539306640625">
        <ele>121.8000030517578125</ele>
        <time>2026-10-04T22:28:06.000Z</time>
        <extensions>
          <ns3:TrackPointExtension>
            <ns3:hr>141</ns3:hr>
            <ns3:cad>92</ns3:cad>
          </ns3:TrackPointExtension>
        </extensions>
      </trkpt>
      <trkpt lat="45.790054388344287872314453125" lon="126.64802365936338901519775390625">
        <ele>121.8000030517578125</ele>
        <time>2026-10-04T22:28:07.000Z</time>
        <extensions>
          <ns3:TrackPointExtension>
            <ns3:hr>141</ns3:hr>
            <ns3:cad>92</ns3:cad>
          </ns3:TrackPointExtension>
        </extensions>
      </trkpt>
      <trkpt lat="45.790067128837108612060546875" lon="126.64806406013667583465576171875">
        <ele>122</ele>
        <time>2026-10-04T22:28:08.000Z</time>
        <extensions>
          <ns3:TrackPointExtension>
            <ns3:hr>141</ns3:hr>
            <ns3:cad>92</ns3:cad>
          </ns3:TrackPointExtension>
        </extensions>
      </trkpt>
      <trkpt lat="45.7900740019977092742919921875" lon="126.6481001861393451690673828125">
        <ele>122</ele>
        <time>2026-10-04T22:28:09.000Z</time>
        <extensions>
          <ns3:TrackPointExtension>
            <ns3:hr>141</ns3:hr>
            <ns3:cad>91</ns3:cad>
          </ns3:TrackPointExtension>
        </extensions>
      </trkpt>
      <trkpt lat="45.79008498229086399078369140625" lon="126.64814519695937633514404296875">
        <ele>122</ele>
        <time>2026-10-04T22:28:10.000Z</time>
        <extensions>
          <ns3:TrackPointExtension>
            <ns3:hr>141</ns3:hr>
            <ns3:cad>91</ns3:cad>
          </ns3:TrackPointExtension>
        </extensions>
      </trkpt>
      <trkpt lat="45.79009839333593845367431640625" lon="126.6481783054769039154052734375">
        <ele>122</ele>
        <time>2026-10-04T22:28:11.000Z</time>
        <extensions>
          <ns3:TrackPointExtension>
            <ns3:hr>140</ns3:hr>
            <ns3:cad>90</ns3:cad>
          </ns3:TrackPointExtension>
        </extensions>
      </trkpt>
      <trkpt lat="45.7901138998568058013916015625" lon="126.64822541177272796630859375">
        <ele>122</ele>
        <time>2026-10-04T22:28:12.000Z</time>
        <extensions>
          <ns3:TrackPointExtension>
            <ns3:hr>141</ns3:hr>
            <ns3:cad>90</ns3:cad>
          </ns3:TrackPointExtension>
        </extensions>
      </trkpt>
      <trkpt lat="45.7901252992451190948486328125" lon="126.648261286318302154541015625">
        <ele>122</ele>
        <time>2026-10-04T22:28:13.000Z</time>
        <extensions>
          <ns3:TrackPointExtension>
            <ns3:hr>141</ns3:hr>
            <ns3:cad>90</ns3:cad>
          </ns3:TrackPointExtension>
        </extensions>
      </trkpt>
      <trkpt lat="45.7901318371295928955078125" lon="126.6482912935316562652587890625">
        <ele>122</ele>
        <time>2026-10-04T22:28:14.000Z</time>
        <extensions>
          <ns3:TrackPointExtension>
            <ns3:hr>142</ns3:hr>
            <ns3:cad>91</ns3:cad>
          </ns3:TrackPointExtension>
        </extensions>
      </trkpt>
      <trkpt lat="45.79014122486114501953125" lon="126.648320294916629791259765625">
        <ele>122</ele>
        <time>2026-10-04T22:28:15.000Z</time>
        <extensions>
          <ns3:TrackPointExtension>
            <ns3:hr>143</ns3:hr>
            <ns3:cad>91</ns3:cad>
          </ns3:TrackPointExtension>
        </extensions>
      </trkpt>
      <trkpt lat="45.79015673138201236724853515625" lon="126.64836815558373928070068359375">
        <ele>122</ele>
        <time>2026-10-04T22:28:16.000Z</time>
        <extensions>
          <ns3:TrackPointExtension>
            <ns3:hr>143</ns3:hr>
            <ns3:cad>91</ns3:cad>
          </ns3:TrackPointExtension>
        </extensions>
      </trkpt>
      <trkpt lat="45.79016561619937419891357421875" lon="126.64840687997639179229736328125">
        <ele>122</ele>
        <time>2026-10-04T22:28:17.000Z</time>
        <extensions>
          <ns3:TrackPointExtension>
            <ns3:hr>143</ns3:hr>
            <ns3:cad>91</ns3:cad>
          </ns3:TrackPointExtension>
        </extensions>
      </trkpt>
      <trkpt lat="45.7901786081492900848388671875" lon="126.6484569199383258819580078125">
        <ele>122</ele>
        <time>2026-10-04T22:28:18.000Z</time>
        <extensions>
          <ns3:TrackPointExtension>
            <ns3:hr>143</ns3:hr>
            <ns3:cad>91</ns3:cad>
          </ns3:TrackPointExtension>
        </extensions>
      </trkpt>
      <trkpt lat="45.79018791206181049346923828125" lon="126.6484901122748851776123046875">
        <ele>122</ele>
        <time>2026-10-04T22:28:19.000Z</time>
        <extensions>
          <ns3:TrackPointExtension>
            <ns3:hr>144</ns3:hr>
            <ns3:cad>91</ns3:cad>
          </ns3:TrackPointExtension>
        </extensions>
      </trkpt>
      <trkpt lat="45.7902004010975360870361328125" lon="126.64852506481111049652099609375">
        <ele>122</ele>
        <time>2026-10-04T22:28:20.000Z</time>
        <extensions>
          <ns3:TrackPointExtension>
            <ns3:hr>144</ns3:hr>
            <ns3:cad>91</ns3:cad>
          </ns3:TrackPointExtension>
        </extensions>
      </trkpt>
      <trkpt lat="45.79020903445780277252197265625" lon="126.64855306036770343780517578125">
        <ele>122</ele>
        <time>2026-10-04T22:28:21.000Z</time>
        <extensions>
          <ns3:TrackPointExtension>
            <ns3:hr>144</ns3:hr>
            <ns3:cad>91</ns3:cad>
          </ns3:TrackPointExtension>
        </extensions>
      </trkpt>
      <trkpt lat="45.79021909274160861968994140625" lon="126.648597232997417449951171875">
        <ele>122</ele>
        <time>2026-10-04T22:28:22.000Z</time>
        <extensions>
          <ns3:TrackPointExtension>
            <ns3:hr>144</ns3:hr>
            <ns3:cad>91</ns3:cad>
          </ns3:TrackPointExtension>
        </extensions>
      </trkpt>
      <trkpt lat="45.790224708616733551025390625" lon="126.6486265696585178375244140625">
        <ele>121.8000030517578125</ele>
        <time>2026-10-04T22:28:23.000Z</time>
        <extensions>
          <ns3:TrackPointExtension>
            <ns3:hr>143</ns3:hr>
            <ns3:cad>91</ns3:cad>
          </ns3:TrackPointExtension>
        </extensions>
      </trkpt>
      <trkpt lat="45.790241472423076629638671875" lon="126.64866806007921695709228515625">
        <ele>121.8000030517578125</ele>
        <time>2026-10-04T22:28:24.000Z</time>
        <extensions>
          <ns3:TrackPointExtension>
            <ns3:hr>143</ns3:hr>
            <ns3:cad>91</ns3:cad>
          </ns3:TrackPointExtension>
        </extensions>
      </trkpt>
      <trkpt lat="45.79025044105947017669677734375" lon="126.64870192296802997589111328125">
        <ele>121.8000030517578125</ele>
        <time>2026-10-04T22:28:25.000Z</time>
        <extensions>
          <ns3:TrackPointExtension>
            <ns3:hr>143</ns3:hr>
            <ns3:cad>90</ns3:cad>
          </ns3:TrackPointExtension>
        </extensions>
      </trkpt>
      <trkpt lat="45.79026200808584690093994140625" lon="126.64874349720776081085205078125">
        <ele>121.8000030517578125</ele>
        <time>2026-10-04T22:28:26.000Z</time>
        <extensions>
          <ns3:TrackPointExtension>
            <ns3:hr>143</ns3:hr>
            <ns3:cad>90</ns3:cad>
          </ns3:TrackPointExtension>
        </extensions>
      </trkpt>
      <trkpt lat="45.79027290455996990203857421875" lon="126.64877736009657382965087890625">
        <ele>121.8000030517578125</ele>
        <time>2026-10-04T22:28:27.000Z</time>
        <extensions>
          <ns3:TrackPointExtension>
            <ns3:hr>143</ns3:hr>
            <ns3:cad>90</ns3:cad>
          </ns3:TrackPointExtension>
        </extensions>
      </trkpt>
      <trkpt lat="45.79028296284377574920654296875" lon="126.64881977252662181854248046875">
        <ele>121.8000030517578125</ele>
        <time>2026-10-04T22:28:28.000Z</time>
        <extensions>
          <ns3:TrackPointExtension>
            <ns3:hr>143</ns3:hr>
            <ns3:cad>90</ns3:cad>
          </ns3:TrackPointExtension>
        </extensions>
      </trkpt>
      <trkpt lat="45.79029687680304050445556640625" lon="126.6488523781299591064453125">
        <ele>121.8000030517578125</ele>
        <time>2026-10-04T22:28:29.000Z</time>
        <extensions>
          <ns3:TrackPointExtension>
            <ns3:hr>143</ns3:hr>
            <ns3:cad>90</ns3:cad>
          </ns3:TrackPointExtension>
        </extensions>
      </trkpt>
      <trkpt lat="45.79030978493392467498779296875" lon="126.6488968022167682647705078125">
        <ele>121.8000030517578125</ele>
        <time>2026-10-04T22:28:30.000Z</time>
        <extensions>
          <ns3:TrackPointExtension>
            <ns3:hr>143</ns3:hr>
            <ns3:cad>90</ns3:cad>
          </ns3:TrackPointExtension>
        </extensions>
      </trkpt>
      <trkpt lat="45.790328644216060638427734375" lon="126.6489273123443126678466796875">
        <ele>121.8000030517578125</ele>
        <time>2026-10-04T22:28:31.000Z</time>
        <extensions>
          <ns3:TrackPointExtension>
            <ns3:hr>143</ns3:hr>
            <ns3:cad>90</ns3:cad>
          </ns3:TrackPointExtension>
        </extensions>
      </trkpt>
      <trkpt lat="45.79034348018467426300048828125" lon="126.64897249080240726470947265625">
        <ele>121.8000030517578125</ele>
        <time>2026-10-04T22:28:32.000Z</time>
        <extensions>
          <ns3:TrackPointExtension>
            <ns3:hr>143</ns3:hr>
            <ns3:cad>90</ns3:cad>
          </ns3:TrackPointExtension>
        </extensions>
      </trkpt>
      <trkpt lat="45.790352113544940948486328125" lon="126.64900937117636203765869140625">
        <ele>121.8000030517578125</ele>
        <time>2026-10-04T22:28:33.000Z</time>
        <extensions>
          <ns3:TrackPointExtension>
            <ns3:hr>143</ns3:hr>
            <ns3:cad>91</ns3:cad>
          </ns3:TrackPointExtension>
        </extensions>
      </trkpt>
      <trkpt lat="45.7903623394668102264404296875" lon="126.64904759265482425689697265625">
        <ele>121.8000030517578125</ele>
        <time>2026-10-04T22:28:34.000Z</time>
        <extensions>
          <ns3:TrackPointExtension>
            <ns3:hr>143</ns3:hr>
            <ns3:cad>91</ns3:cad>
          </ns3:TrackPointExtension>
        </extensions>
      </trkpt>
      <trkpt lat="45.79036963172256946563720703125" lon="126.64908966980874538421630859375">
        <ele>121.8000030517578125</ele>
        <time>2026-10-04T22:28:35.000Z</time>
        <extensions>
          <ns3:TrackPointExtension>
            <ns3:hr>143</ns3:hr>
            <ns3:cad>90</ns3:cad>
          </ns3:TrackPointExtension>
        </extensions>
      </trkpt>
      <trkpt lat="45.79038354568183422088623046875" lon="126.649124287068843841552734375">
        <ele>121.8000030517578125</ele>
        <time>2026-10-04T22:28:36.000Z</time>
        <extensions>
          <ns3:TrackPointExtension>
            <ns3:hr>143</ns3:hr>
            <ns3:cad>90</ns3:cad>
          </ns3:TrackPointExtension>
        </extensions>
      </trkpt>
      <trkpt lat="45.7903935201466083526611328125" lon="126.64916510693728923797607421875">
        <ele>121.8000030517578125</ele>
        <time>2026-10-04T22:28:37.000Z</time>
        <extensions>
          <ns3:TrackPointExtension>
            <ns3:hr>142</ns3:hr>
            <ns3:cad>90</ns3:cad>
          </ns3:TrackPointExtension>
        </extensions>
      </trkpt>
      <trkpt lat="45.79040349461138248443603515625" lon="126.64921254850924015045166015625">
        <ele>121.8000030517578125</ele>
        <time>2026-10-04T22:28:38.000Z</time>
        <extensions>
          <ns3:TrackPointExtension>
            <ns3:hr>143</ns3:hr>
            <ns3:cad>90</ns3:cad>
          </ns3:TrackPointExtension>
        </extensions>
      </trkpt>
      <trkpt lat="45.7904176600277423858642578125" lon="126.64925378747284412384033203125">
        <ele>121.8000030517578125</ele>
        <time>2026-10-04T22:28:39.000Z</time>
        <extensions>
          <ns3:TrackPointExtension>
            <ns3:hr>143</ns3:hr>
            <ns3:cad>90</ns3:cad>
          </ns3:TrackPointExtension>
        </extensions>
      </trkpt>
      <trkpt lat="45.790430568158626556396484375" lon="126.6492974571883678436279296875">
        <ele>121.8000030517578125</ele>
        <time>2026-10-04T22:28:40.000Z</time>
        <extensions>
          <ns3:TrackPointExtension>
            <ns3:hr>143</ns3:hr>
            <ns3:cad>90</ns3:cad>
          </ns3:TrackPointExtension>
        </extensions>
      </trkpt>
      <trkpt lat="45.79044624231755733489990234375" lon="126.6493386961519718170166015625">
        <ele>121.8000030517578125</ele>
        <time>2026-10-04T22:28:41.000Z</time>
        <extensions>
          <ns3:TrackPointExtension>
            <ns3:hr>144</ns3:hr>
            <ns3:cad>90</ns3:cad>
          </ns3:TrackPointExtension>
        </extensions>
      </trkpt>
      <trkpt lat="45.79045378603041172027587890625" lon="126.64938538335263729095458984375">
        <ele>121.8000030517578125</ele>
        <time>2026-10-04T22:28:42.000Z</time>
        <extensions>
          <ns3:TrackPointExtension>
            <ns3:hr>144</ns3:hr>
            <ns3:cad>90</ns3:cad>
          </ns3:TrackPointExtension>
        </extensions>
      </trkpt>
      <trkpt lat="45.79046241939067840576171875" lon="126.649422347545623779296875">
        <ele>121.8000030517578125</ele>
        <time>2026-10-04T22:28:43.000Z</time>
        <extensions>
          <ns3:TrackPointExtension>
            <ns3:hr>144</ns3:hr>
            <ns3:cad>90</ns3:cad>
          </ns3:TrackPointExtension>
        </extensions>
      </trkpt>
      <trkpt lat="45.79046376049518585205078125" lon="126.6494630835950374603271484375">
        <ele>121.59999847412109375</ele>
        <time>2026-10-04T22:28:44.000Z</time>
        <extensions>
          <ns3:TrackPointExtension>
            <ns3:hr>144</ns3:hr>
            <ns3:cad>90</ns3:cad>
          </ns3:TrackPointExtension>
        </extensions>
      </trkpt>
      <trkpt lat="45.79047071747481822967529296875" lon="126.64949786849319934844970703125">
        <ele>121.59999847412109375</ele>
        <time>2026-10-04T22:28:45.000Z</time>
        <extensions>
          <ns3:TrackPointExtension>
            <ns3:hr>143</ns3:hr>
            <ns3:cad>90</ns3:cad>
          </ns3:TrackPointExtension>
        </extensions>
      </trkpt>
      <trkpt lat="45.7904739864170551300048828125" lon="126.6495381854474544525146484375">
        <ele>121.59999847412109375</ele>
        <time>2026-10-04T22:28:46.000Z</time>
        <extensions>
          <ns3:TrackPointExtension>
            <ns3:hr>144</ns3:hr>
            <ns3:cad>90</ns3:cad>
          </ns3:TrackPointExtension>
        </extensions>
      </trkpt>
      <trkpt lat="45.79047759063541889190673828125" lon="126.649574898183345794677734375">
        <ele>121.40000152587890625</ele>
        <time>2026-10-04T22:28:47.000Z</time>
        <extensions>
          <ns3:TrackPointExtension>
            <ns3:hr>144</ns3:hr>
            <ns3:cad>90</ns3:cad>
          </ns3:TrackPointExtension>
        </extensions>
      </trkpt>
      <trkpt lat="45.79047859646379947662353515625" lon="126.64962057955563068389892578125">
        <ele>121.40000152587890625</ele>
        <time>2026-10-04T22:28:48.000Z</time>
        <extensions>
          <ns3:TrackPointExtension>
            <ns3:hr>143</ns3:hr>
            <ns3:cad>91</ns3:cad>
          </ns3:TrackPointExtension>
        </extensions>
      </trkpt>
      <trkpt lat="45.79048563726246356964111328125" lon="126.64966718293726444244384765625">
        <ele>121.40000152587890625</ele>
        <time>2026-10-04T22:28:49.000Z</time>
        <extensions>
          <ns3:TrackPointExtension>
            <ns3:hr>143</ns3:hr>
            <ns3:cad>91</ns3:cad>
          </ns3:TrackPointExtension>
        </extensions>
      </trkpt>
      <trkpt lat="45.79049737192690372467041015625" lon="126.6497041471302509307861328125">
        <ele>121.59999847412109375</ele>
        <time>2026-10-04T22:28:50.000Z</time>
        <extensions>
          <ns3:TrackPointExtension>
            <ns3:hr>143</ns3:hr>
            <ns3:cad>92</ns3:cad>
          </ns3:TrackPointExtension>
        </extensions>
      </trkpt>
      <trkpt lat="45.7905100286006927490234375" lon="126.64975116960704326629638671875">
        <ele>121.40000152587890625</ele>
        <time>2026-10-04T22:28:51.000Z</time>
        <extensions>
          <ns3:TrackPointExtension>
            <ns3:hr>143</ns3:hr>
            <ns3:cad>92</ns3:cad>
          </ns3:TrackPointExtension>
        </extensions>
      </trkpt>
      <trkpt lat="45.79052679240703582763671875" lon="126.6497829370200634002685546875">
        <ele>121.40000152587890625</ele>
        <time>2026-10-04T22:28:52.000Z</time>
        <extensions>
          <ns3:TrackPointExtension>
            <ns3:hr>142</ns3:hr>
            <ns3:cad>91</ns3:cad>
          </ns3:TrackPointExtension>
        </extensions>
      </trkpt>
      <trkpt lat="45.79054095782339572906494140625" lon="126.6498295404016971588134765625">
        <ele>121.59999847412109375</ele>
        <time>2026-10-04T22:28:53.000Z</time>
        <extensions>
          <ns3:TrackPointExtension>
            <ns3:hr>142</ns3:hr>
            <ns3:cad>91</ns3:cad>
          </ns3:TrackPointExtension>
        </extensions>
      </trkpt>
      <trkpt lat="45.790556631982326507568359375" lon="126.6498650796711444854736328125">
        <ele>121.59999847412109375</ele>
        <time>2026-10-04T22:28:54.000Z</time>
        <extensions>
          <ns3:TrackPointExtension>
            <ns3:hr>142</ns3:hr>
            <ns3:cad>92</ns3:cad>
          </ns3:TrackPointExtension>
        </extensions>
      </trkpt>
      <trkpt lat="45.790574066340923309326171875" lon="126.64990740828216075897216796875">
        <ele>121.59999847412109375</ele>
        <time>2026-10-04T22:28:55.000Z</time>
        <extensions>
          <ns3:TrackPointExtension>
            <ns3:hr>142</ns3:hr>
            <ns3:cad>93</ns3:cad>
          </ns3:TrackPointExtension>
        </extensions>
      </trkpt>
      <trkpt lat="45.790591500699520111083984375" lon="126.64994261227548122406005859375">
        <ele>121.59999847412109375</ele>
        <time>2026-10-04T22:28:56.000Z</time>
        <extensions>
          <ns3:TrackPointExtension>
            <ns3:hr>141</ns3:hr>
            <ns3:cad>93</ns3:cad>
          </ns3:TrackPointExtension>
        </extensions>
      </trkpt>
      <trkpt lat="45.790605582296848297119140625" lon="126.6499864496290683746337890625">
        <ele>121.59999847412109375</ele>
        <time>2026-10-04T22:28:57.000Z</time>
        <extensions>
          <ns3:TrackPointExtension>
            <ns3:hr>142</ns3:hr>
            <ns3:cad>93</ns3:cad>
          </ns3:TrackPointExtension>
        </extensions>
      </trkpt>
      <trkpt lat="45.79061958007514476776123046875" lon="126.650023162364959716796875">
        <ele>121.59999847412109375</ele>
        <time>2026-10-04T22:28:58.000Z</time>
        <extensions>
          <ns3:TrackPointExtension>
            <ns3:hr>142</ns3:hr>
            <ns3:cad>93</ns3:cad>
          </ns3:TrackPointExtension>
        </extensions>
      </trkpt>
      <trkpt lat="45.7906325720250606536865234375" lon="126.6500674188137054443359375">
        <ele>121.59999847412109375</ele>
        <time>2026-10-04T22:28:59.000Z</time>
        <extensions>
          <ns3:TrackPointExtension>
            <ns3:hr>143</ns3:hr>
            <ns3:cad>93</ns3:cad>
          </ns3:TrackPointExtension>
        </extensions>
      </trkpt>
      <trkpt lat="45.7906449772417545318603515625" lon="126.6501103341579437255859375">
        <ele>121.59999847412109375</ele>
        <time>2026-10-04T22:29:00.000Z</time>
        <extensions>
          <ns3:TrackPointExtension>
            <ns3:hr>142</ns3:hr>
            <ns3:cad>93</ns3:cad>
          </ns3:TrackPointExtension>
        </extensions>
      </trkpt>
      <trkpt lat="45.79065478406846523284912109375" lon="126.65015215985476970672607421875">
        <ele>121.59999847412109375</ele>
        <time>2026-10-04T22:29:01.000Z</time>
        <extensions>
          <ns3:TrackPointExtension>
            <ns3:hr>142</ns3:hr>
            <ns3:cad>93</ns3:cad>
          </ns3:TrackPointExtension>
        </extensions>
      </trkpt>
      <trkpt lat="45.79066492617130279541015625" lon="126.65019339881837368011474609375">
        <ele>121.59999847412109375</ele>
        <time>2026-10-04T22:29:02.000Z</time>
        <extensions>
          <ns3:TrackPointExtension>
            <ns3:hr>142</ns3:hr>
            <ns3:cad>93</ns3:cad>
          </ns3:TrackPointExtension>
        </extensions>
      </trkpt>
      <trkpt lat="45.79067154787480831146240234375" lon="126.65023715235292911529541015625">
        <ele>121.59999847412109375</ele>
        <time>2026-10-04T22:29:03.000Z</time>
        <extensions>
          <ns3:TrackPointExtension>
            <ns3:hr>143</ns3:hr>
            <ns3:cad>93</ns3:cad>
          </ns3:TrackPointExtension>
        </extensions>
      </trkpt>
      <trkpt lat="45.790682025253772735595703125" lon="126.65028325282037258148193359375">
        <ele>121.59999847412109375</ele>
        <time>2026-10-04T22:29:04.000Z</time>
        <extensions>
          <ns3:TrackPointExtension>
            <ns3:hr>143</ns3:hr>
            <ns3:cad>93</ns3:cad>
          </ns3:TrackPointExtension>
        </extensions>
      </trkpt>
      <trkpt lat="45.79068663530051708221435546875" lon="126.65032331831753253936767578125">
        <ele>121.59999847412109375</ele>
        <time>2026-10-04T22:29:05.000Z</time>
        <extensions>
          <ns3:TrackPointExtension>
            <ns3:hr>143</ns3:hr>
            <ns3:cad>93</ns3:cad>
          </ns3:TrackPointExtension>
        </extensions>
      </trkpt>
      <trkpt lat="45.79069484956562519073486328125" lon="126.65036958642303943634033203125">
        <ele>121.59999847412109375</ele>
        <time>2026-10-04T22:29:06.000Z</time>
        <extensions>
          <ns3:TrackPointExtension>
            <ns3:hr>143</ns3:hr>
            <ns3:cad>93</ns3:cad>
          </ns3:TrackPointExtension>
        </extensions>
      </trkpt>
      <trkpt lat="45.79070691950619220733642578125" lon="126.6504075564444065093994140625">
        <ele>121.59999847412109375</ele>
        <time>2026-10-04T22:29:07.000Z</time>
        <extensions>
          <ns3:TrackPointExtension>
            <ns3:hr>143</ns3:hr>
            <ns3:cad>92</ns3:cad>
          </ns3:TrackPointExtension>
        </extensions>
      </trkpt>
      <trkpt lat="45.79071731306612491607666015625" lon="126.650457344949245452880859375">
        <ele>121.59999847412109375</ele>
        <time>2026-10-04T22:29:08.000Z</time>
        <extensions>
          <ns3:TrackPointExtension>
            <ns3:hr>143</ns3:hr>
            <ns3:cad>92</ns3:cad>
          </ns3:TrackPointExtension>
        </extensions>
      </trkpt>
      <trkpt lat="45.7907294668257236480712890625" lon="126.6504870168864727020263671875">
        <ele>121.59999847412109375</ele>
        <time>2026-10-04T22:29:09.000Z</time>
        <extensions>
          <ns3:TrackPointExtension>
            <ns3:hr>144</ns3:hr>
            <ns3:cad>92</ns3:cad>
          </ns3:TrackPointExtension>
        </extensions>
      </trkpt>
      <trkpt lat="45.79074396751821041107177734375" lon="126.6505326144397258758544921875">
        <ele>121.59999847412109375</ele>
        <time>2026-10-04T22:29:10.000Z</time>
        <extensions>
          <ns3:TrackPointExtension>
            <ns3:hr>144</ns3:hr>
            <ns3:cad>92</ns3:cad>
          </ns3:TrackPointExtension>
        </extensions>
      </trkpt>
      <trkpt lat="45.79075100831687450408935546875" lon="126.6505614481866359710693359375">
        <ele>121.59999847412109375</ele>
        <time>2026-10-04T22:29:11.000Z</time>
        <extensions>
          <ns3:TrackPointExtension>
            <ns3:hr>144</ns3:hr>
            <ns3:cad>93</ns3:cad>
          </ns3:TrackPointExtension>
        </extensions>
      </trkpt>
      <trkpt lat="45.7907646708190441131591796875" lon="126.6506097279489040374755859375">
        <ele>121.59999847412109375</ele>
        <time>2026-10-04T22:29:12.000Z</time>
        <extensions>
          <ns3:TrackPointExtension>
            <ns3:hr>144</ns3:hr>
            <ns3:cad>93</ns3:cad>
          </ns3:TrackPointExtension>
        </extensions>
      </trkpt>
      <trkpt lat="45.790782272815704345703125" lon="126.6506442613899707794189453125">
        <ele>121.59999847412109375</ele>
        <time>2026-10-04T22:29:13.000Z</time>
        <extensions>
          <ns3:TrackPointExtension>
            <ns3:hr>145</ns3:hr>
            <ns3:cad>93</ns3:cad>
          </ns3:TrackPointExtension>
        </extensions>
      </trkpt>
      <trkpt lat="45.79079861752688884735107421875" lon="126.65066982619464397430419921875">
        <ele>121.8000030517578125</ele>
        <time>2026-10-04T22:29:14.000Z</time>
        <extensions>
          <ns3:TrackPointExtension>
            <ns3:hr>145</ns3:hr>
            <ns3:cad>92</ns3:cad>
          </ns3:TrackPointExtension>
        </extensions>
      </trkpt>
      <trkpt lat="45.7908158004283905029296875" lon="126.650681309401988983154296875">
        <ele>121.8000030517578125</ele>
        <time>2026-10-04T22:29:15.000Z</time>
        <extensions>
          <ns3:TrackPointExtension>
            <ns3:hr>145</ns3:hr>
            <ns3:cad>92</ns3:cad>
          </ns3:TrackPointExtension>
        </extensions>
      </trkpt>
    </trkseg>
  </trk>
</gpx>
