<gpx xmlns:ns3="http://www.garmin.com/xmlschemas/TrackPointExtension/v1" xmlns="http://www.topografix.com/GPX/1/1" xmlns:xsi="http://www.w3.org/2001/XMLSchema-instance" xmlns:ns2="http://www.garmin.com/xmlschemas/GpxExtensions/v3" creator="Garmin Connect" version="1.1" xsi:schemaLocation="http://www.topografix.com/GPX/1/1 http://www.topografix.com/GPX/11.xsd">
  <extensions>
<distance>7235.68</distance>
<average_hr>150.0</average_hr>
<average_speed>3.4960000514984135</average_speed>
<start_time>2026-10-04T21:17:27+00:00</start_time>
<end_time>2026-10-04T21:51:56.960000+00:00</end_time>
<moving_time>2063.391</moving_time>
<elapsed_time>2194.734</elapsed_time>
</extensions>
<metadata>
    <link href="connect.garmin.com">
      <text>Garmin Connect</text>
    </link>
    <time>2026-10-04T21:17:27.000Z</time>
  </metadata>
  <trk>
    <name>哈尔滨市 跑步</name>
    <type>running</type>
    <trkseg>
      <trkpt lat="45.7998977601528167724609375" lon="126.6486431658267974853515625">
        <ele>115.8000030517578125</ele>
        <time>2026-10-04T21:17:27.000Z</time>
        <extensions>
          <ns3:TrackPointExtension>
            <ns3:hr>104</ns3:hr>
            <ns3:cad>0</ns3:cad>
          </ns3:TrackPointExtension>
        </extensions>
      </trkpt>
      <trkpt lat="45.7999059744179248809814453125" lon="126.6486828960478305816650390625">
        <ele>116</ele>
        <time>2026-10-04T21:17:28.000Z</time>
        <extensions>
          <ns3:TrackPointExtension>
            <ns3:hr>104</ns3:hr>
            <ns3:cad>0</ns3:cad>
          </ns3:TrackPointExtension>
        </extensions>
      </trkpt>
      <trkpt lat="45.79990656115114688873291015625" lon="126.6487181000411510467529296875">
        <ele>116</ele>
        <time>2026-10-04T21:17:29.000Z</time>
        <extensions>
          <ns3:TrackPointExtension>
            <ns3:hr>104</ns3:hr>
            <ns3:cad>0</ns3:cad>
          </ns3:TrackPointExtension>
        </extensions>
      </trkpt>
      <trkpt lat="45.799902118742465972900390625" lon="126.64876076392829418182373046875">
        <ele>115.8000030517578125</ele>
        <time>2026-10-04T21:17:30.000Z</time>
        <extensions>
          <ns3:TrackPointExtension>
            <ns3:hr>104</ns3:hr>
            <ns3:cad>0</ns3:cad>
          </ns3:TrackPointExtension>
        </extensions>
      </trkpt>
      <trkpt lat="45.799904800951480865478515625" lon="126.6488092951476573944091796875">
        <ele>115.8000030517578125</ele>
        <time>2026-10-04T21:17:31.000Z</time>
        <extensions>
          <ns3:TrackPointExtension>
            <ns3:hr>105</ns3:hr>
            <ns3:cad>88</ns3:cad>
          </ns3:TrackPointExtension>
        </extensions>
      </trkpt>
      <trkpt lat="45.79990840516984462738037109375" lon="126.64885313250124454498291015625">
        <ele>115.59999847412109375</ele>
        <time>2026-10-04T21:17:32.000Z</time>
        <extensions>
          <ns3:TrackPointExtension>
            <ns3:hr>105</ns3:hr>
            <ns3:cad>94</ns3:cad>
          </ns3:TrackPointExtension>
        </extensions>
      </trkpt>
      <trkpt lat="45.79991159029304981231689453125" lon="126.64890241809189319610595703125">
        <ele>115.59999847412109375</ele>
        <time>2026-10-04T21:17:33.000Z</time>
        <extensions>
          <ns3:TrackPointExtension>
            <ns3:hr>106</ns3:hr>
            <ns3:cad>94</ns3:cad>
          </ns3:TrackPointExtension>
        </extensions>
      </trkpt>
      <trkpt lat="45.79991477541625499725341796875" lon="126.648945249617099761962890625">
        <ele>115.8000030517578125</ele>
        <time>2026-10-04T21:17:34.000Z</time>
        <extensions>
          <ns3:TrackPointExtension>
            <ns3:hr>106</ns3:hr>
            <ns3:cad>94</ns3:cad>
          </ns3:TrackPointExtension>
        </extensions>
      </trkpt>
      <trkpt lat="45.7999160327017307281494140625" lon="126.64900015108287334442138671875">
        <ele>115.8000030517578125</ele>
        <time>2026-10-04T21:17:35.000Z</time>
        <extensions>
          <ns3:TrackPointExtension>
            <ns3:hr>107</ns3:hr>
            <ns3:cad>93</ns3:cad>
          </ns3:TrackPointExtension>
        </extensions>
      </trkpt>
      <trkpt lat="45.7999297790229320526123046875" lon="126.6490409709513187408447265625">
        <ele>115.8000030517578125</ele>
        <time>2026-10-04T21:17:36.000Z</time>
        <extensions>
          <ns3:TrackPointExtension>
            <ns3:hr>108</ns3:hr>
            <ns3:cad>94</ns3:cad>
          </ns3:TrackPointExtension>
        </extensions>
      </trkpt>
      <trkpt lat="45.79993304796516895294189453125" lon="126.6490865685045719146728515625">
        <ele>115.8000030517578125</ele>
        <time>2026-10-04T21:17:37.000Z</time>
        <extensions>
          <ns3:TrackPointExtension>
            <ns3:hr>108</ns3:hr>
            <ns3:cad>93</ns3:cad>
          </ns3:TrackPointExtension>
        </extensions>
      </trkpt>
      <trkpt lat="45.7999435253441333770751953125" lon="126.64912604726850986480712890625">
        <ele>115.59999847412109375</ele>
        <time>2026-10-04T21:17:38.000Z</time>
        <extensions>
          <ns3:TrackPointExtension>
            <ns3:hr>108</ns3:hr>
            <ns3:cad>94</ns3:cad>
          </ns3:TrackPointExtension>
        </extensions>
      </trkpt>
      <trkpt lat="45.79995651729404926300048828125" lon="126.64917047135531902313232421875">
        <ele>115.59999847412109375</ele>
        <time>2026-10-04T21:17:39.000Z</time>
        <extensions>
          <ns3:TrackPointExtension>
            <ns3:hr>109</ns3:hr>
            <ns3:cad>94</ns3:cad>
          </ns3:TrackPointExtension>
        </extensions>
      </trkpt>
      <trkpt lat="45.79996456392109394073486328125" lon="126.6492176614701747894287109375">
        <ele>115.8000030517578125</ele>
        <time>2026-10-04T21:17:40.000Z</time>
        <extensions>
          <ns3:TrackPointExtension>
            <ns3:hr>109</ns3:hr>
            <ns3:cad>94</ns3:cad>
          </ns3:TrackPointExtension>
        </extensions>
      </trkpt>
      <trkpt lat="45.7999763824045658111572265625" lon="126.64924289099872112274169921875">
        <ele>115.8000030517578125</ele>
        <time>2026-10-04T21:17:41.000Z</time>
        <extensions>
          <ns3:TrackPointExtension>
            <ns3:hr>109</ns3:hr>
            <ns3:cad>95</ns3:cad>
          </ns3:TrackPointExtension>
        </extensions>
      </trkpt>
      <trkpt lat="45.799983255565166473388671875" lon="126.64928597398102283477783203125">
        <ele>115.8000030517578125</ele>
        <time>2026-10-04T21:17:42.000Z</time>
        <extensions>
          <ns3:TrackPointExtension>
            <ns3:hr>110</ns3:hr>
            <ns3:cad>95</ns3:cad>
          </ns3:TrackPointExtension>
        </extensions>
      </trkpt>
      <trkpt lat="45.79999633133411407470703125" lon="126.6493137180805206298828125">
        <ele>115.8000030517578125</ele>
        <time>2026-10-04T21:17:43.000Z</time>
        <extensions>
          <ns3:TrackPointExtension>
            <ns3:hr>110</ns3:hr>
            <ns3:cad>95</ns3:cad>
          </ns3:TrackPointExtension>
        </extensions>
      </trkpt>
      <trkpt lat="45.80000312067568302154541015625" lon="126.6493601538240909576416015625">
        <ele>115.8000030517578125</ele>
        <time>2026-10-04T21:17:44.000Z</time>
        <extensions>
          <ns3:TrackPointExtension>
            <ns3:hr>111</ns3:hr>
            <ns3:cad>95</ns3:cad>
          </ns3:TrackPointExtension>
        </extensions>
      </trkpt>
      <trkpt lat="45.80001837573945522308349609375" lon="126.64940357208251953125">
        <ele>115.59999847412109375</ele>
        <time>2026-10-04T21:17:45.000Z</time>
        <extensions>
          <ns3:TrackPointExtension>
            <ns3:hr>111</ns3:hr>
            <ns3:cad>95</ns3:cad>
          </ns3:TrackPointExtension>
        </extensions>
      </trkpt>
      <trkpt lat="45.80003212206065654754638671875" lon="126.64944070391356945037841796875">
        <ele>115.59999847412109375</ele>
        <time>2026-10-04T21:17:46.000Z</time>
        <extensions>
          <ns3:TrackPointExtension>
            <ns3:hr>112</ns3:hr>
            <ns3:cad>94</ns3:cad>
          </ns3:TrackPointExtension>
        </extensions>
      </trkpt>
      <trkpt lat="45.80004922114312648773193359375" lon="126.64948278106749057769775390625">
        <ele>115.59999847412109375</ele>
        <time>2026-10-04T21:17:47.000Z</time>
        <extensions>
          <ns3:TrackPointExtension>
            <ns3:hr>112</ns3:hr>
            <ns3:cad>94</ns3:cad>
          </ns3:TrackPointExtension>
        </extensions>
      </trkpt>
      <trkpt lat="45.8000679127871990203857421875" lon="126.6495150513947010040283203125">
        <ele>115.59999847412109375</ele>
        <time>2026-10-04T21:17:48.000Z</time>
        <extensions>
          <ns3:TrackPointExtension>
            <ns3:hr>113</ns3:hr>
            <ns3:cad>94</ns3:cad>
          </ns3:TrackPointExtension>
        </extensions>
      </trkpt>
      <trkpt lat="45.80008744262158870697021484375" lon="126.6495569609105587005615234375">
        <ele>115.59999847412109375</ele>
        <time>2026-10-04T21:17:49.000Z</time>
        <extensions>
          <ns3:TrackPointExtension>
            <ns3:hr>114</ns3:hr>
            <ns3:cad>93</ns3:cad>
          </ns3:TrackPointExtension>
        </extensions>
      </trkpt>
      <trkpt lat="45.8001029491424560546875" lon="126.64959040470421314239501953125">
        <ele>115.8000030517578125</ele>
        <time>2026-10-04T21:17:50.000Z</time>
        <extensions>
          <ns3:TrackPointExtension>
            <ns3:hr>114</ns3:hr>
            <ns3:cad>93</ns3:cad>
          </ns3:TrackPointExtension>
        </extensions>
      </trkpt>
      <trkpt lat="45.8001141808927059173583984375" lon="126.64963633753359317779541015625">
        <ele>115.8000030517578125</ele>
        <time>2026-10-04T21:17:51.000Z</time>
        <extensions>
          <ns3:TrackPointExtension>
            <ns3:hr>115</ns3:hr>
            <ns3:cad>93</ns3:cad>
          </ns3:TrackPointExtension>
        </extensions>
      </trkpt>
      <trkpt lat="45.80012977123260498046875" lon="126.64966709911823272705078125">
        <ele>115.8000030517578125</ele>
        <time>2026-10-04T21:17:52.000Z</time>
        <extensions>
          <ns3:TrackPointExtension>
            <ns3:hr>116</ns3:hr>
            <ns3:cad>93</ns3:cad>
          </ns3:TrackPointExtension>
        </extensions>
      </trkpt>
      <trkpt lat="45.800142847001552581787109375" lon="126.64970934391021728515625">
        <ele>115.8000030517578125</ele>
        <time>2026-10-04T21:17:53.000Z</time>
        <extensions>
          <ns3:TrackPointExtension>
            <ns3:hr>117</ns3:hr>
            <ns3:cad>93</ns3:cad>
          </ns3:TrackPointExtension>
        </extensions>
      </trkpt>
      <trkpt lat="45.8001570962369441986083984375" lon="126.64974546991288661956787109375">
        <ele>116</ele>
        <time>2026-10-04T21:17:54.000Z</time>
        <extensions>
          <ns3:TrackPointExtension>
            <ns3:hr>117</ns3:hr>
            <ns3:cad>93</ns3:cad>
          </ns3:TrackPointExtension>
        </extensions>
      </trkpt>
      <trkpt lat="45.80017142929136753082275390625" lon="126.64977413602173328399658203125">
        <ele>116</ele>
        <time>2026-10-04T21:17:55.000Z</time>
        <extensions>
          <ns3:TrackPointExtension>
            <ns3:hr>118</ns3:hr>
            <ns3:cad>94</ns3:cad>
          </ns3:TrackPointExtension>
        </extensions>
      </trkpt>
      <trkpt lat="45.8001882769167423248291015625" lon="126.649814955890178680419921875">
        <ele>116</ele>
        <time>2026-10-04T21:17:56.000Z</time>
        <extensions>
          <ns3:TrackPointExtension>
            <ns3:hr>119</ns3:hr>
            <ns3:cad>94</ns3:cad>
          </ns3:TrackPointExtension>
        </extensions>
      </trkpt>
      <trkpt lat="45.80020445398986339569091796875" lon="126.64984689094126224517822265625">
        <ele>116</ele>
        <time>2026-10-04T21:17:57.000Z</time>
        <extensions>
          <ns3:TrackPointExtension>
            <ns3:hr>120</ns3:hr>
            <ns3:cad>94</ns3:cad>
          </ns3:TrackPointExtension>
        </extensions>
      </trkpt>
      <trkpt lat="45.80022121779620647430419921875" lon="126.6498912312090396881103515625">
        <ele>116</ele>
        <time>2026-10-04T21:17:58.000Z</time>
        <extensions>
          <ns3:TrackPointExtension>
            <ns3:hr>120</ns3:hr>
            <ns3:cad>94</ns3:cad>
          </ns3:TrackPointExtension>
        </extensions>
      </trkpt>
      <trkpt lat="45.80023580230772495269775390625" lon="126.64991897530853748321533203125">
        <ele>115.8000030517578125</ele>
        <time>2026-10-04T21:17:59.000Z</time>
        <extensions>
          <ns3:TrackPointExtension>
            <ns3:hr>121</ns3:hr>
            <ns3:cad>94</ns3:cad>
          </ns3:TrackPointExtension>
        </extensions>
      </trkpt>
      <trkpt lat="45.8002492971718311309814453125" lon="126.6499649919569492340087890625">
        <ele>115.8000030517578125</ele>
        <time>2026-10-04T21:18:00.000Z</time>
        <extensions>
          <ns3:TrackPointExtension>
            <ns3:hr>122</ns3:hr>
            <ns3:cad>94</ns3:cad>
          </ns3:TrackPointExtension>
        </extensions>
      </trkpt>
      <trkpt lat="45.80026312731206417083740234375" lon="126.64999575354158878326416015625">
        <ele>115.8000030517578125</ele>
        <time>2026-10-04T21:18:01.000Z</time>
        <extensions>
          <ns3:TrackPointExtension>
            <ns3:hr>123</ns3:hr>
            <ns3:cad>94</ns3:cad>
          </ns3:TrackPointExtension>
        </extensions>
      </trkpt>
      <trkpt lat="45.8002744428813457489013671875" lon="126.65004126727581024169921875">
        <ele>115.8000030517578125</ele>
        <time>2026-10-04T21:18:02.000Z</time>
        <extensions>
          <ns3:TrackPointExtension>
            <ns3:hr>124</ns3:hr>
            <ns3:cad>94</ns3:cad>
          </ns3:TrackPointExtension>
        </extensions>
      </trkpt>
      <trkpt lat="45.80029313452541828155517578125" lon="126.65007613599300384521484375">
        <ele>115.8000030517578125</ele>
        <time>2026-10-04T21:18:03.000Z</time>
        <extensions>
          <ns3:TrackPointExtension>
            <ns3:hr>125</ns3:hr>
            <ns3:cad>92</ns3:cad>
          </ns3:TrackPointExtension>
        </extensions>
      </trkpt>
      <trkpt lat="45.80030755139887332916259765625" lon="126.650114692747592926025390625">
        <ele>115.8000030517578125</ele>
        <time>2026-10-04T21:18:04.000Z</time>
        <extensions>
          <ns3:TrackPointExtension>
            <ns3:hr>127</ns3:hr>
            <ns3:cad>92</ns3:cad>
          </ns3:TrackPointExtension>
        </extensions>
      </trkpt>
      <trkpt lat="45.80032448284327983856201171875" lon="126.65015433914959430694580078125">
        <ele>115.8000030517578125</ele>
        <time>2026-10-04T21:18:05.000Z</time>
        <extensions>
          <ns3:TrackPointExtension>
            <ns3:hr>127</ns3:hr>
            <ns3:cad>92</ns3:cad>
          </ns3:TrackPointExtension>
        </extensions>
      </trkpt>
      <trkpt lat="45.80033906735479831695556640625" lon="126.65019147098064422607421875">
        <ele>116</ele>
        <time>2026-10-04T21:18:06.000Z</time>
        <extensions>
          <ns3:TrackPointExtension>
            <ns3:hr>128</ns3:hr>
            <ns3:cad>92</ns3:cad>
          </ns3:TrackPointExtension>
        </extensions>
      </trkpt>
      <trkpt lat="45.8003535680472850799560546875" lon="126.65023782290518283843994140625">
        <ele>116</ele>
        <time>2026-10-04T21:18:07.000Z</time>
        <extensions>
          <ns3:TrackPointExtension>
            <ns3:hr>129</ns3:hr>
            <ns3:cad>92</ns3:cad>
          </ns3:TrackPointExtension>
        </extensions>
      </trkpt>
      <trkpt lat="45.80036974512040615081787109375" lon="126.6502647288143634796142578125">
        <ele>116</ele>
        <time>2026-10-04T21:18:08.000Z</time>
        <extensions>
          <ns3:TrackPointExtension>
            <ns3:hr>130</ns3:hr>
            <ns3:cad>93</ns3:cad>
          </ns3:TrackPointExtension>
        </extensions>
      </trkpt>
      <trkpt lat="45.8003844134509563446044921875" lon="126.65031175129115581512451171875">
        <ele>116</ele>
        <time>2026-10-04T21:18:09.000Z</time>
        <extensions>
          <ns3:TrackPointExtension>
            <ns3:hr>132</ns3:hr>
            <ns3:cad>93</ns3:cad>
          </ns3:TrackPointExtension>
        </extensions>
      </trkpt>
      <trkpt lat="45.80039723776280879974365234375" lon="126.650339327752590179443359375">
        <ele>116</ele>
        <time>2026-10-04T21:18:10.000Z</time>
        <extensions>
          <ns3:TrackPointExtension>
            <ns3:hr>133</ns3:hr>
            <ns3:cad>93</ns3:cad>
          </ns3:TrackPointExtension>
        </extensions>
      </trkpt>
      <trkpt lat="45.8004098944365978240966796875" lon="126.65038995444774627685546875">
        <ele>116</ele>
        <time>2026-10-04T21:18:11.000Z</time>
        <extensions>
          <ns3:TrackPointExtension>
            <ns3:hr>134</ns3:hr>
            <ns3:cad>93</ns3:cad>
          </ns3:TrackPointExtension>
        </extensions>
      </trkpt>
      <trkpt lat="45.80042556859552860260009765625" lon="126.65041677653789520263671875">
        <ele>116</ele>
        <time>2026-10-04T21:18:12.000Z</time>
        <extensions>
          <ns3:TrackPointExtension>
            <ns3:hr>135</ns3:hr>
            <ns3:cad>93</ns3:cad>
          </ns3:TrackPointExtension>
        </extensions>
      </trkpt>
      <trkpt lat="45.8004414103925228118896484375" lon="126.650462038815021514892578125">
        <ele>116</ele>
        <time>2026-10-04T21:18:13.000Z</time>
        <extensions>
          <ns3:TrackPointExtension>
            <ns3:hr>136</ns3:hr>
            <ns3:cad>93</ns3:cad>
          </ns3:TrackPointExtension>
        </extensions>
      </trkpt>
      <trkpt lat="45.80045767128467559814453125" lon="126.6504930518567562103271484375">
        <ele>116</ele>
        <time>2026-10-04T21:18:14.000Z</time>
        <extensions>
          <ns3:TrackPointExtension>
            <ns3:hr>138</ns3:hr>
            <ns3:cad>93</ns3:cad>
          </ns3:TrackPointExtension>
        </extensions>
      </trkpt>
      <trkpt lat="45.8004702441394329071044921875" lon="126.650529094040393829345703125">
        <ele>116</ele>
        <time>2026-10-04T21:18:15.000Z</time>
        <extensions>
          <ns3:TrackPointExtension>
            <ns3:hr>139</ns3:hr>
            <ns3:cad>93</ns3:cad>
          </ns3:TrackPointExtension>
        </extensions>
      </trkpt>
      <trkpt lat="45.8004856668412685394287109375" lon="126.65056337602436542510986328125">
        <ele>116</ele>
        <time>2026-10-04T21:18:16.000Z</time>
        <extensions>
          <ns3:TrackPointExtension>
            <ns3:hr>141</ns3:hr>
            <ns3:cad>93</ns3:cad>
          </ns3:TrackPointExtension>
        </extensions>
      </trkpt>
      <trkpt lat="45.80049782060086727142333984375" lon="126.6505984961986541748046875">
        <ele>116</ele>
        <time>2026-10-04T21:18:17.000Z</time>
        <extensions>
          <ns3:TrackPointExtension>
            <ns3:hr>142</ns3:hr>
            <ns3:cad>92</ns3:cad>
          </ns3:TrackPointExtension>
        </extensions>
      </trkpt>
      <trkpt lat="45.80051274038851261138916015625" lon="126.65063696913421154022216796875">
        <ele>116</ele>
        <time>2026-10-04T21:18:18.000Z</time>
        <extensions>
          <ns3:TrackPointExtension>
            <ns3:hr>143</ns3:hr>
            <ns3:cad>93</ns3:cad>
          </ns3:TrackPointExtension>
        </extensions>
      </trkpt>
      <trkpt lat="45.80052338540554046630859375" lon="126.65067703463137149810791015625">
        <ele>116.1999969482421875</ele>
        <time>2026-10-04T21:18:19.000Z</time>
        <extensions>
          <ns3:TrackPointExtension>
            <ns3:hr>143</ns3:hr>
            <ns3:cad>94</ns3:cad>
          </ns3:TrackPointExtension>
        </extensions>
      </trkpt>
      <trkpt lat="45.80053671263158321380615234375" lon="126.65072112344205379486083984375">
        <ele>116.1999969482421875</ele>
        <time>2026-10-04T21:18:20.000Z</time>
        <extensions>
          <ns3:TrackPointExtension>
            <ns3:hr>144</ns3:hr>
            <ns3:cad>94</ns3:cad>
          </ns3:TrackPointExtension>
        </extensions>
      </trkpt>
      <trkpt lat="45.80054626800119876861572265625" lon="126.65075934492051601409912109375">
        <ele>116.1999969482421875</ele>
        <time>2026-10-04T21:18:21.000Z</time>
        <extensions>
          <ns3:TrackPointExtension>
            <ns3:hr>144</ns3:hr>
            <ns3:cad>93</ns3:cad>
          </ns3:TrackPointExtension>
        </extensions>
      </trkpt>
      <trkpt lat="45.80056236125528812408447265625" lon="126.6508065350353717803955078125">
        <ele>116.1999969482421875</ele>
        <time>2026-10-04T21:18:22.000Z</time>
        <extensions>
          <ns3:TrackPointExtension>
            <ns3:hr>144</ns3:hr>
            <ns3:cad>93</ns3:cad>
          </ns3:TrackPointExtension>
        </extensions>
      </trkpt>
      <trkpt lat="45.8005771972239017486572265625" lon="126.65083528496325016021728515625">
        <ele>116.1999969482421875</ele>
        <time>2026-10-04T21:18:23.000Z</time>
        <extensions>
          <ns3:TrackPointExtension>
            <ns3:hr>144</ns3:hr>
            <ns3:cad>92</ns3:cad>
          </ns3:TrackPointExtension>
        </extensions>
      </trkpt>
      <trkpt lat="45.8005909435451030731201171875" lon="126.65087945759296417236328125">
        <ele>116.1999969482421875</ele>
        <time>2026-10-04T21:18:24.000Z</time>
        <extensions>
          <ns3:TrackPointExtension>
            <ns3:hr>144</ns3:hr>
            <ns3:cad>92</ns3:cad>
          </ns3:TrackPointExtension>
        </extensions>
      </trkpt>
      <trkpt lat="45.800604857504367828369140625" lon="126.650911979377269744873046875">
        <ele>116.1999969482421875</ele>
        <time>2026-10-04T21:18:25.000Z</time>
        <extensions>
          <ns3:TrackPointExtension>
            <ns3:hr>145</ns3:hr>
            <ns3:cad>92</ns3:cad>
          </ns3:TrackPointExtension>
        </extensions>
      </trkpt>
      <trkpt lat="45.80061466433107852935791015625" lon="126.6509500332176685333251953125">
        <ele>116.1999969482421875</ele>
        <time>2026-10-04T21:18:26.000Z</time>
        <extensions>
          <ns3:TrackPointExtension>
            <ns3:hr>144</ns3:hr>
            <ns3:cad>92</ns3:cad>
          </ns3:TrackPointExtension>
        </extensions>
      </trkpt>
      <trkpt lat="45.8006281591951847076416015625" lon="126.65098347701132297515869140625">
        <ele>116.1999969482421875</ele>
        <time>2026-10-04T21:18:27.000Z</time>
        <extensions>
          <ns3:TrackPointExtension>
            <ns3:hr>144</ns3:hr>
            <ns3:cad>92</ns3:cad>
          </ns3:TrackPointExtension>
        </extensions>
      </trkpt>
      <trkpt lat="45.80063779838383197784423828125" lon="126.65102287195622920989990234375">
        <ele>116.1999969482421875</ele>
        <time>2026-10-04T21:18:28.000Z</time>
        <extensions>
          <ns3:TrackPointExtension>
            <ns3:hr>144</ns3:hr>
            <ns3:cad>92</ns3:cad>
          </ns3:TrackPointExtension>
        </extensions>
      </trkpt>
      <trkpt lat="45.80065171234309673309326171875" lon="126.6510593332350254058837890625">
        <ele>116.1999969482421875</ele>
        <time>2026-10-04T21:18:29.000Z</time>
        <extensions>
          <ns3:TrackPointExtension>
            <ns3:hr>145</ns3:hr>
            <ns3:cad>92</ns3:cad>
          </ns3:TrackPointExtension>
        </extensions>
      </trkpt>
      <trkpt lat="45.8006650395691394805908203125" lon="126.65109244175255298614501953125">
        <ele>116.40000152587890625</ele>
        <time>2026-10-04T21:18:30.000Z</time>
        <extensions>
          <ns3:TrackPointExtension>
            <ns3:hr>145</ns3:hr>
            <ns3:cad>93</ns3:cad>
          </ns3:TrackPointExtension>
        </extensions>
      </trkpt>
      <trkpt lat="45.80067920498549938201904296875" lon="126.65112999267876148223876953125">
        <ele>116.40000152587890625</ele>
        <time>2026-10-04T21:18:31.000Z</time>
        <extensions>
          <ns3:TrackPointExtension>
            <ns3:hr>145</ns3:hr>
            <ns3:cad>93</ns3:cad>
          </ns3:TrackPointExtension>
        </extensions>
      </trkpt>
      <trkpt lat="45.8006915263831615447998046875" lon="126.65116687305271625518798828125">
        <ele>116.40000152587890625</ele>
        <time>2026-10-04T21:18:32.000Z</time>
        <extensions>
          <ns3:TrackPointExtension>
            <ns3:hr>146</ns3:hr>
            <ns3:cad>93</ns3:cad>
          </ns3:TrackPointExtension>
        </extensions>
      </trkpt>
      <trkpt lat="45.80070585943758487701416015625" lon="126.6512073576450347900390625">
        <ele>116.40000152587890625</ele>
        <time>2026-10-04T21:18:33.000Z</time>
        <extensions>
          <ns3:TrackPointExtension>
            <ns3:hr>146</ns3:hr>
            <ns3:cad>93</ns3:cad>
          </ns3:TrackPointExtension>
        </extensions>
      </trkpt>
      <trkpt lat="45.800718851387500762939453125" lon="126.65124214254319667816162109375">
        <ele>116.40000152587890625</ele>
        <time>2026-10-04T21:18:34.000Z</time>
        <extensions>
          <ns3:TrackPointExtension>
            <ns3:hr>146</ns3:hr>
            <ns3:cad>93</ns3:cad>
          </ns3:TrackPointExtension>
        </extensions>
      </trkpt>
      <trkpt lat="45.80073100514709949493408203125" lon="126.65128086693584918975830078125">
        <ele>116.40000152587890625</ele>
        <time>2026-10-04T21:18:35.000Z</time>
        <extensions>
          <ns3:TrackPointExtension>
            <ns3:hr>147</ns3:hr>
            <ns3:cad>93</ns3:cad>
          </ns3:TrackPointExtension>
        </extensions>
      </trkpt>
      <trkpt lat="45.80074542202055454254150390625" lon="126.6513101197779178619384765625">
        <ele>116.40000152587890625</ele>
        <time>2026-10-04T21:18:36.000Z</time>
        <extensions>
          <ns3:TrackPointExtension>
            <ns3:hr>147</ns3:hr>
            <ns3:cad>93</ns3:cad>
          </ns3:TrackPointExtension>
        </extensions>
      </trkpt>
      <trkpt lat="45.80076017417013645172119140625" lon="126.65135412476956844329833984375">
        <ele>116.40000152587890625</ele>
        <time>2026-10-04T21:18:37.000Z</time>
        <extensions>
          <ns3:TrackPointExtension>
            <ns3:hr>148</ns3:hr>
            <ns3:cad>92</ns3:cad>
          </ns3:TrackPointExtension>
        </extensions>
      </trkpt>
      <trkpt lat="45.8007760159671306610107421875" lon="126.6513870656490325927734375">
        <ele>116.40000152587890625</ele>
        <time>2026-10-04T21:18:38.000Z</time>
        <extensions>
          <ns3:TrackPointExtension>
            <ns3:hr>148</ns3:hr>
            <ns3:cad>92</ns3:cad>
          </ns3:TrackPointExtension>
        </extensions>
      </trkpt>
      <trkpt lat="45.800788588821887969970703125" lon="126.65143056772649288177490234375">
        <ele>116.40000152587890625</ele>
        <time>2026-10-04T21:18:39.000Z</time>
        <extensions>
          <ns3:TrackPointExtension>
            <ns3:hr>148</ns3:hr>
            <ns3:cad>92</ns3:cad>
          </ns3:TrackPointExtension>
        </extensions>
      </trkpt>
      <trkpt lat="45.8008041791617870330810546875" lon="126.65146325714886188507080078125">
        <ele>116.40000152587890625</ele>
        <time>2026-10-04T21:18:40.000Z</time>
        <extensions>
          <ns3:TrackPointExtension>
            <ns3:hr>148</ns3:hr>
            <ns3:cad>92</ns3:cad>
          </ns3:TrackPointExtension>
        </extensions>
      </trkpt>
      <trkpt lat="45.8008169196546077728271484375" lon="126.651505418121814727783203125">
        <ele>116.40000152587890625</ele>
        <time>2026-10-04T21:18:41.000Z</time>
        <extensions>
          <ns3:TrackPointExtension>
            <ns3:hr>147</ns3:hr>
            <ns3:cad>92</ns3:cad>
          </ns3:TrackPointExtension>
        </extensions>
      </trkpt>
      <trkpt lat="45.80083259381353855133056640625" lon="126.6515448130667209625244140625">
        <ele>116.40000152587890625</ele>
        <time>2026-10-04T21:18:42.000Z</time>
        <extensions>
          <ns3:TrackPointExtension>
            <ns3:hr>147</ns3:hr>
            <ns3:cad>92</ns3:cad>
          </ns3:TrackPointExtension>
        </extensions>
      </trkpt>
      <trkpt lat="45.80084768123924732208251953125" lon="126.65158295072615146636962890625">
        <ele>116.40000152587890625</ele>
        <time>2026-10-04T21:18:43.000Z</time>
        <extensions>
          <ns3:TrackPointExtension>
            <ns3:hr>147</ns3:hr>
            <ns3:cad>92</ns3:cad>
          </ns3:TrackPointExtension>
        </extensions>
      </trkpt>
      <trkpt lat="45.80086377449333667755126953125" lon="126.651618070900440216064453125">
        <ele>116.40000152587890625</ele>
        <time>2026-10-04T21:18:44.000Z</time>
        <extensions>
          <ns3:TrackPointExtension>
            <ns3:hr>147</ns3:hr>
            <ns3:cad>92</ns3:cad>
          </ns3:TrackPointExtension>
        </extensions>
      </trkpt>
      <trkpt lat="45.80088087357580661773681640625" lon="126.6516484133899211883544921875">
        <ele>116.40000152587890625</ele>
        <time>2026-10-04T21:18:45.000Z</time>
        <extensions>
          <ns3:TrackPointExtension>
            <ns3:hr>147</ns3:hr>
            <ns3:cad>92</ns3:cad>
          </ns3:TrackPointExtension>
        </extensions>
      </trkpt>
      <trkpt lat="45.8009000681340694427490234375" lon="126.65169727988541126251220703125">
        <ele>116.40000152587890625</ele>
        <time>2026-10-04T21:18:46.000Z</time>
        <extensions>
          <ns3:TrackPointExtension>
            <ns3:hr>147</ns3:hr>
            <ns3:cad>92</ns3:cad>
          </ns3:TrackPointExtension>
        </extensions>
      </trkpt>
      <trkpt lat="45.80091188661754131317138671875" lon="126.65172946639358997344970703125">
        <ele>116.40000152587890625</ele>
        <time>2026-10-04T21:18:47.000Z</time>
        <extensions>
          <ns3:TrackPointExtension>
            <ns3:hr>147</ns3:hr>
            <ns3:cad>92</ns3:cad>
          </ns3:TrackPointExtension>
        </extensions>
      </trkpt>
      <trkpt lat="45.80091959796845912933349609375" lon="126.65178059600293636322021484375">
        <ele>116.40000152587890625</ele>
        <time>2026-10-04T21:18:48.000Z</time>
        <extensions>
          <ns3:TrackPointExtension>
            <ns3:hr>147</ns3:hr>
            <ns3:cad>93</ns3:cad>
          </ns3:TrackPointExtension>
        </extensions>
      </trkpt>
      <trkpt lat="45.80093485303223133087158203125" lon="126.6518180631101131439208984375">
        <ele>116.40000152587890625</ele>
        <time>2026-10-04T21:18:49.000Z</time>
        <extensions>
          <ns3:TrackPointExtension>
            <ns3:hr>147</ns3:hr>
            <ns3:cad>94</ns3:cad>
          </ns3:TrackPointExtension>
        </extensions>
      </trkpt>
      <trkpt lat="45.80094809643924236297607421875" lon="126.6518618166446685791015625">
        <ele>116.40000152587890625</ele>
        <time>2026-10-04T21:18:50.000Z</time>
        <extensions>
          <ns3:TrackPointExtension>
            <ns3:hr>147</ns3:hr>
            <ns3:cad>94</ns3:cad>
          </ns3:TrackPointExtension>
        </extensions>
      </trkpt>
      <trkpt lat="45.80096368677914142608642578125" lon="126.65189827792346477508544921875">
        <ele>116.40000152587890625</ele>
        <time>2026-10-04T21:18:51.000Z</time>
        <extensions>
          <ns3:TrackPointExtension>
            <ns3:hr>148</ns3:hr>
            <ns3:cad>94</ns3:cad>
          </ns3:TrackPointExtension>
        </extensions>
      </trkpt>
      <trkpt lat="45.80097290687263011932373046875" lon="126.65193884633481502532958984375">
        <ele>116.40000152587890625</ele>
        <time>2026-10-04T21:18:52.000Z</time>
        <extensions>
          <ns3:TrackPointExtension>
            <ns3:hr>147</ns3:hr>
            <ns3:cad>92</ns3:cad>
          </ns3:TrackPointExtension>
        </extensions>
      </trkpt>
      <trkpt lat="45.800986401736736297607421875" lon="126.65198226459324359893798828125">
        <ele>116.40000152587890625</ele>
        <time>2026-10-04T21:18:53.000Z</time>
        <extensions>
          <ns3:TrackPointExtension>
            <ns3:hr>147</ns3:hr>
            <ns3:cad>92</ns3:cad>
          </ns3:TrackPointExtension>
        </extensions>
      </trkpt>
      <trkpt lat="45.80099335871636867523193359375" lon="126.652025096118450164794921875">
        <ele>116.40000152587890625</ele>
        <time>2026-10-04T21:18:54.000Z</time>
        <extensions>
          <ns3:TrackPointExtension>
            <ns3:hr>148</ns3:hr>
            <ns3:cad>93</ns3:cad>
          </ns3:TrackPointExtension>
        </extensions>
      </trkpt>
      <trkpt lat="45.80099939368665218353271484375" lon="126.6520691849291324615478515625">
        <ele>116.40000152587890625</ele>
        <time>2026-10-04T21:18:55.000Z</time>
        <extensions>
          <ns3:TrackPointExtension>
            <ns3:hr>148</ns3:hr>
            <ns3:cad>93</ns3:cad>
          </ns3:TrackPointExtension>
        </extensions>
      </trkpt>
      <trkpt lat="45.80101062543690204620361328125" lon="126.6521013714373111724853515625">
        <ele>116.40000152587890625</ele>
        <time>2026-10-04T21:18:56.000Z</time>
        <extensions>
          <ns3:TrackPointExtension>
            <ns3:hr>148</ns3:hr>
            <ns3:cad>92</ns3:cad>
          </ns3:TrackPointExtension>
        </extensions>
      </trkpt>
      <trkpt lat="45.80102629959583282470703125" lon="126.6521459631621837615966796875">
        <ele>116.59999847412109375</ele>
        <time>2026-10-04T21:18:57.000Z</time>
        <extensions>
          <ns3:TrackPointExtension>
            <ns3:hr>148</ns3:hr>
            <ns3:cad>92</ns3:cad>
          </ns3:TrackPointExtension>
        </extensions>
      </trkpt>
      <trkpt lat="45.8010415546596050262451171875" lon="126.65217672474682331085205078125">
        <ele>116.59999847412109375</ele>
        <time>2026-10-04T21:18:58.000Z</time>
        <extensions>
          <ns3:TrackPointExtension>
            <ns3:hr>149</ns3:hr>
            <ns3:cad>92</ns3:cad>
          </ns3:TrackPointExtension>
        </extensions>
      </trkpt>
      <trkpt lat="45.80105789937078952789306640625" lon="126.6522237472236156463623046875">
        <ele>116.59999847412109375</ele>
        <time>2026-10-04T21:18:59.000Z</time>
        <extensions>
          <ns3:TrackPointExtension>
            <ns3:hr>150</ns3:hr>
            <ns3:cad>92</ns3:cad>
          </ns3:TrackPointExtension>
        </extensions>
      </trkpt>
      <trkpt lat="45.80106879584491252899169921875" lon="126.65225886739790439605712890625">
        <ele>116.59999847412109375</ele>
        <time>2026-10-04T21:19:00.000Z</time>
        <extensions>
          <ns3:TrackPointExtension>
            <ns3:hr>150</ns3:hr>
            <ns3:cad>92</ns3:cad>
          </ns3:TrackPointExtension>
        </extensions>
      </trkpt>
      <trkpt lat="45.8010752499103546142578125" lon="126.65230714716017246246337890625">
        <ele>116.59999847412109375</ele>
        <time>2026-10-04T21:19:01.000Z</time>
        <extensions>
          <ns3:TrackPointExtension>
            <ns3:hr>150</ns3:hr>
            <ns3:cad>92</ns3:cad>
          </ns3:TrackPointExtension>
        </extensions>
      </trkpt>
      <trkpt lat="45.80108555965125560760498046875" lon="126.65234151296317577362060546875">
        <ele>116.59999847412109375</ele>
        <time>2026-10-04T21:19:02.000Z</time>
        <extensions>
          <ns3:TrackPointExtension>
            <ns3:hr>150</ns3:hr>
            <ns3:cad>92</ns3:cad>
          </ns3:TrackPointExtension>
        </extensions>
      </trkpt>
      <trkpt lat="45.8010908402502536773681640625" lon="126.65238074027001857757568359375">
        <ele>116.59999847412109375</ele>
        <time>2026-10-04T21:19:03.000Z</time>
        <extensions>
          <ns3:TrackPointExtension>
            <ns3:hr>151</ns3:hr>
            <ns3:cad>92</ns3:cad>
          </ns3:TrackPointExtension>
        </extensions>
      </trkpt>
      <trkpt lat="45.80110131762921810150146484375" lon="126.6524172015488147735595703125">
        <ele>116.59999847412109375</ele>
        <time>2026-10-04T21:19:04.000Z</time>
        <extensions>
          <ns3:TrackPointExtension>
            <ns3:hr>151</ns3:hr>
            <ns3:cad>92</ns3:cad>
          </ns3:TrackPointExtension>
        </extensions>
      </trkpt>
      <trkpt lat="45.8011015690863132476806640625" lon="126.65245349518954753875732421875">
        <ele>116.59999847412109375</ele>
        <time>2026-10-04T21:19:05.000Z</time>
        <extensions>
          <ns3:TrackPointExtension>
            <ns3:hr>152</ns3:hr>
            <ns3:cad>92</ns3:cad>
          </ns3:TrackPointExtension>
        </extensions>
      </trkpt>
      <trkpt lat="45.801109112799167633056640625" lon="126.65249674580991268157958984375">
        <ele>116.59999847412109375</ele>
        <time>2026-10-04T21:19:06.000Z</time>
        <extensions>
          <ns3:TrackPointExtension>
            <ns3:hr>152</ns3:hr>
            <ns3:cad>92</ns3:cad>
          </ns3:TrackPointExtension>
        </extensions>
      </trkpt>
      <trkpt lat="45.80111674033105373382568359375" lon="126.65253547020256519317626953125">
        <ele>116.59999847412109375</ele>
        <time>2026-10-04T21:19:07.000Z</time>
        <extensions>
          <ns3:TrackPointExtension>
            <ns3:hr>151</ns3:hr>
            <ns3:cad>93</ns3:cad>
          </ns3:TrackPointExtension>
        </extensions>
      </trkpt>
      <trkpt lat="45.80112696625292301177978515625" lon="126.652587689459323883056640625">
        <ele>116.59999847412109375</ele>
        <time>2026-10-04T21:19:08.000Z</time>
        <extensions>
          <ns3:TrackPointExtension>
            <ns3:hr>151</ns3:hr>
            <ns3:cad>93</ns3:cad>
          </ns3:TrackPointExtension>
        </extensions>
      </trkpt>
      <trkpt lat="45.8011404611170291900634765625" lon="126.65262783877551555633544921875">
        <ele>116.59999847412109375</ele>
        <time>2026-10-04T21:19:09.000Z</time>
        <extensions>
          <ns3:TrackPointExtension>
            <ns3:hr>151</ns3:hr>
            <ns3:cad>93</ns3:cad>
          </ns3:TrackPointExtension>
        </extensions>
      </trkpt>
      <trkpt lat="45.80115638673305511474609375" lon="126.65267779491841793060302734375">
        <ele>116.59999847412109375</ele>
        <time>2026-10-04T21:19:10.000Z</time>
        <extensions>
          <ns3:TrackPointExtension>
            <ns3:hr>150</ns3:hr>
            <ns3:cad>93</ns3:cad>
          </ns3:TrackPointExtension>
        </extensions>
      </trkpt>
      <trkpt lat="45.80116954632103443145751953125" lon="126.65271014906466007232666015625">
        <ele>116.8000030517578125</ele>
        <time>2026-10-04T21:19:11.000Z</time>
        <extensions>
          <ns3:TrackPointExtension>
            <ns3:hr>150</ns3:hr>
            <ns3:cad>93</ns3:cad>
          </ns3:TrackPointExtension>
        </extensions>
      </trkpt>
      <trkpt lat="45.80118781886994838714599609375" lon="126.6527471132576465606689453125">
        <ele>116.59999847412109375</ele>
        <time>2026-10-04T21:19:12.000Z</time>
        <extensions>
          <ns3:TrackPointExtension>
            <ns3:hr>150</ns3:hr>
            <ns3:cad>93</ns3:cad>
          </ns3:TrackPointExtension>
        </extensions>
      </trkpt>
      <trkpt lat="45.80120265483856201171875" lon="126.652772761881351470947265625">
        <ele>116.8000030517578125</ele>
        <time>2026-10-04T21:19:13.000Z</time>
        <extensions>
          <ns3:TrackPointExtension>
            <ns3:hr>149</ns3:hr>
            <ns3:cad>93</ns3:cad>
          </ns3:TrackPointExtension>
        </extensions>
      </trkpt>
      <trkpt lat="45.80121715553104877471923828125" lon="126.652817018330097198486328125">
        <ele>116.8000030517578125</ele>
        <time>2026-10-04T21:19:14.000Z</time>
        <extensions>
          <ns3:TrackPointExtension>
            <ns3:hr>149</ns3:hr>
            <ns3:cad>93</ns3:cad>
          </ns3:TrackPointExtension>
        </extensions>
      </trkpt>
      <trkpt lat="45.80123123712837696075439453125" lon="126.6528456844389438629150390625">
        <ele>116.8000030517578125</ele>
        <time>2026-10-04T21:19:15.000Z</time>
        <extensions>
          <ns3:TrackPointExtension>
            <ns3:hr>149</ns3:hr>
            <ns3:cad>93</ns3:cad>
          </ns3:TrackPointExtension>
        </extensions>
      </trkpt>
      <trkpt lat="45.80124221742153167724609375" lon="126.65288801304996013641357421875">
        <ele>116.8000030517578125</ele>
        <time>2026-10-04T21:19:16.000Z</time>
        <extensions>
          <ns3:TrackPointExtension>
            <ns3:hr>149</ns3:hr>
            <ns3:cad>93</ns3:cad>
          </ns3:TrackPointExtension>
        </extensions>
      </trkpt>
      <trkpt lat="45.801256634294986724853515625" lon="126.65292355231940746307373046875">
        <ele>116.8000030517578125</ele>
        <time>2026-10-04T21:19:17.000Z</time>
        <extensions>
          <ns3:TrackPointExtension>
            <ns3:hr>149</ns3:hr>
            <ns3:cad>91</ns3:cad>
          </ns3:TrackPointExtension>
        </extensions>
      </trkpt>
      <trkpt lat="45.8012655191123485565185546875" lon="126.65296361781656742095947265625">
        <ele>116.8000030517578125</ele>
        <time>2026-10-04T21:19:18.000Z</time>
        <extensions>
          <ns3:TrackPointExtension>
            <ns3:hr>149</ns3:hr>
            <ns3:cad>91</ns3:cad>
          </ns3:TrackPointExtension>
        </extensions>
      </trkpt>
      <trkpt lat="45.80128110945224761962890625" lon="126.6530012525618076324462890625">
        <ele>116.59999847412109375</ele>
        <time>2026-10-04T21:19:19.000Z</time>
        <extensions>
          <ns3:TrackPointExtension>
            <ns3:hr>150</ns3:hr>
            <ns3:cad>92</ns3:cad>
          </ns3:TrackPointExtension>
        </extensions>
      </trkpt>
      <trkpt lat="45.80129393376410007476806640625" lon="126.65303905494511127471923828125">
        <ele>116.59999847412109375</ele>
        <time>2026-10-04T21:19:20.000Z</time>
        <extensions>
          <ns3:TrackPointExtension>
            <ns3:hr>150</ns3:hr>
            <ns3:cad>92</ns3:cad>
          </ns3:TrackPointExtension>
        </extensions>
      </trkpt>
      <trkpt lat="45.80130868591368198394775390625" lon="126.65307425893843173980712890625">
        <ele>116.59999847412109375</ele>
        <time>2026-10-04T21:19:21.000Z</time>
        <extensions>
          <ns3:TrackPointExtension>
            <ns3:hr>150</ns3:hr>
            <ns3:cad>92</ns3:cad>
          </ns3:TrackPointExtension>
        </extensions>
      </trkpt>
      <trkpt lat="45.80132209695875644683837890625" lon="126.6531090438365936279296875">
        <ele>116.8000030517578125</ele>
        <time>2026-10-04T21:19:22.000Z</time>
        <extensions>
          <ns3:TrackPointExtension>
            <ns3:hr>150</ns3:hr>
            <ns3:cad>92</ns3:cad>
          </ns3:TrackPointExtension>
        </extensions>
      </trkpt>
      <trkpt lat="45.8013443090021610260009765625" lon="126.6531481035053730010986328125">
        <ele>116.8000030517578125</ele>
        <time>2026-10-04T21:19:23.000Z</time>
        <extensions>
          <ns3:TrackPointExtension>
            <ns3:hr>149</ns3:hr>
            <ns3:cad>92</ns3:cad>
          </ns3:TrackPointExtension>
        </extensions>
      </trkpt>
      <trkpt lat="45.801360905170440673828125" lon="126.6531772725284099578857421875">
        <ele>116.8000030517578125</ele>
        <time>2026-10-04T21:19:24.000Z</time>
        <extensions>
          <ns3:TrackPointExtension>
            <ns3:hr>149</ns3:hr>
            <ns3:cad>92</ns3:cad>
          </ns3:TrackPointExtension>
        </extensions>
      </trkpt>
      <trkpt lat="45.80137825571000576019287109375" lon="126.65322127752006053924560546875">
        <ele>116.8000030517578125</ele>
        <time>2026-10-04T21:19:25.000Z</time>
        <extensions>
          <ns3:TrackPointExtension>
            <ns3:hr>149</ns3:hr>
            <ns3:cad>92</ns3:cad>
          </ns3:TrackPointExtension>
        </extensions>
      </trkpt>
      <trkpt lat="45.80139166675508022308349609375" lon="126.65325262583792209625244140625">
        <ele>116.8000030517578125</ele>
        <time>2026-10-04T21:19:26.000Z</time>
        <extensions>
          <ns3:TrackPointExtension>
            <ns3:hr>149</ns3:hr>
            <ns3:cad>92</ns3:cad>
          </ns3:TrackPointExtension>
        </extensions>
      </trkpt>
      <trkpt lat="45.801408179104328155517578125" lon="126.653295457363128662109375">
        <ele>116.8000030517578125</ele>
        <time>2026-10-04T21:19:27.000Z</time>
        <extensions>
          <ns3:TrackPointExtension>
            <ns3:hr>150</ns3:hr>
            <ns3:cad>92</ns3:cad>
          </ns3:TrackPointExtension>
        </extensions>
      </trkpt>
      <trkpt lat="45.80142184160649776458740234375" lon="126.65332454256713390350341796875">
        <ele>116.8000030517578125</ele>
        <time>2026-10-04T21:19:28.000Z</time>
        <extensions>
          <ns3:TrackPointExtension>
            <ns3:hr>149</ns3:hr>
            <ns3:cad>93</ns3:cad>
          </ns3:TrackPointExtension>
        </extensions>
      </trkpt>
      <trkpt lat="45.80143609084188938140869140625" lon="126.6533623449504375457763671875">
        <ele>116.8000030517578125</ele>
        <time>2026-10-04T21:19:29.000Z</time>
        <extensions>
          <ns3:TrackPointExtension>
            <ns3:hr>149</ns3:hr>
            <ns3:cad>93</ns3:cad>
          </ns3:TrackPointExtension>
        </extensions>
      </trkpt>
      <trkpt lat="45.80145520158112049102783203125" lon="126.6533895023167133331298828125">
        <ele>116.8000030517578125</ele>
        <time>2026-10-04T21:19:30.000Z</time>
        <extensions>
          <ns3:TrackPointExtension>
            <ns3:hr>149</ns3:hr>
            <ns3:cad>93</ns3:cad>
          </ns3:TrackPointExtension>
        </extensions>
      </trkpt>
      <trkpt lat="45.80147079192101955413818359375" lon="126.6534237004816532135009765625">
        <ele>116.8000030517578125</ele>
        <time>2026-10-04T21:19:31.000Z</time>
        <extensions>
          <ns3:TrackPointExtension>
            <ns3:hr>149</ns3:hr>
            <ns3:cad>93</ns3:cad>
          </ns3:TrackPointExtension>
        </extensions>
      </trkpt>
      <trkpt lat="45.80148763954639434814453125" lon="126.65345513261854648590087890625">
        <ele>116.8000030517578125</ele>
        <time>2026-10-04T21:19:32.000Z</time>
        <extensions>
          <ns3:TrackPointExtension>
            <ns3:hr>149</ns3:hr>
            <ns3:cad>93</ns3:cad>
          </ns3:TrackPointExtension>
        </extensions>
      </trkpt>
      <trkpt lat="45.801499374210834503173828125" lon="126.65348966605961322784423828125">
        <ele>116.8000030517578125</ele>
        <time>2026-10-04T21:19:33.000Z</time>
        <extensions>
          <ns3:TrackPointExtension>
            <ns3:hr>149</ns3:hr>
            <ns3:cad>93</ns3:cad>
          </ns3:TrackPointExtension>
        </extensions>
      </trkpt>
      <trkpt lat="45.80151488073170185089111328125" lon="126.65353040210902690887451171875">
        <ele>116.8000030517578125</ele>
        <time>2026-10-04T21:19:34.000Z</time>
        <extensions>
          <ns3:TrackPointExtension>
            <ns3:hr>149</ns3:hr>
            <ns3:cad>93</ns3:cad>
          </ns3:TrackPointExtension>
        </extensions>
      </trkpt>
      <trkpt lat="45.8015323989093303680419921875" lon="126.65355856530368328094482421875">
        <ele>116.8000030517578125</ele>
        <time>2026-10-04T21:19:35.000Z</time>
        <extensions>
          <ns3:TrackPointExtension>
            <ns3:hr>149</ns3:hr>
            <ns3:cad>93</ns3:cad>
          </ns3:TrackPointExtension>
        </extensions>
      </trkpt>
      <trkpt lat="45.80155561678111553192138671875" lon="126.6535953618586063385009765625">
        <ele>116.8000030517578125</ele>
        <time>2026-10-04T21:19:36.000Z</time>
        <extensions>
          <ns3:TrackPointExtension>
            <ns3:hr>149</ns3:hr>
            <ns3:cad>93</ns3:cad>
          </ns3:TrackPointExtension>
        </extensions>
      </trkpt>
      <trkpt lat="45.801577158272266387939453125" lon="126.65361941792070865631103515625">
        <ele>117</ele>
        <time>2026-10-04T21:19:37.000Z</time>
        <extensions>
          <ns3:TrackPointExtension>
            <ns3:hr>149</ns3:hr>
            <ns3:cad>93</ns3:cad>
          </ns3:TrackPointExtension>
        </extensions>
      </trkpt>
      <trkpt lat="45.8016024716198444366455078125" lon="126.65366333909332752227783203125">
        <ele>117</ele>
        <time>2026-10-04T21:19:38.000Z</time>
        <extensions>
          <ns3:TrackPointExtension>
            <ns3:hr>149</ns3:hr>
            <ns3:cad>92</ns3:cad>
          </ns3:TrackPointExtension>
        </extensions>
      </trkpt>
      <trkpt lat="45.8016195707023143768310546875" lon="126.6536922566592693328857421875">
        <ele>117</ele>
        <time>2026-10-04T21:19:39.000Z</time>
        <extensions>
          <ns3:TrackPointExtension>
            <ns3:hr>149</ns3:hr>
            <ns3:cad>92</ns3:cad>
          </ns3:TrackPointExtension>
        </extensions>
      </trkpt>
      <trkpt lat="45.80164161510765552520751953125" lon="126.65373844094574451446533203125">
        <ele>116.8000030517578125</ele>
        <time>2026-10-04T21:19:40.000Z</time>
        <extensions>
          <ns3:TrackPointExtension>
            <ns3:hr>150</ns3:hr>
            <ns3:cad>92</ns3:cad>
          </ns3:TrackPointExtension>
        </extensions>
      </trkpt>
      <trkpt lat="45.801662318408489227294921875" lon="126.6537661850452423095703125">
        <ele>116.8000030517578125</ele>
        <time>2026-10-04T21:19:41.000Z</time>
        <extensions>
          <ns3:TrackPointExtension>
            <ns3:hr>150</ns3:hr>
            <ns3:cad>93</ns3:cad>
          </ns3:TrackPointExtension>
        </extensions>
      </trkpt>
      <trkpt lat="45.80168285407125949859619140625" lon="126.653812788426876068115234375">
        <ele>117</ele>
        <time>2026-10-04T21:19:42.000Z</time>
        <extensions>
          <ns3:TrackPointExtension>
            <ns3:hr>150</ns3:hr>
            <ns3:cad>93</ns3:cad>
          </ns3:TrackPointExtension>
        </extensions>
      </trkpt>
      <trkpt lat="45.80170213244855403900146484375" lon="126.6538391076028347015380859375">
        <ele>116.8000030517578125</ele>
        <time>2026-10-04T21:19:43.000Z</time>
        <extensions>
          <ns3:TrackPointExtension>
            <ns3:hr>150</ns3:hr>
            <ns3:cad>93</ns3:cad>
          </ns3:TrackPointExtension>
        </extensions>
      </trkpt>
      <trkpt lat="45.80171571113169193267822265625" lon="126.65388193912804126739501953125">
        <ele>116.8000030517578125</ele>
        <time>2026-10-04T21:19:44.000Z</time>
        <extensions>
          <ns3:TrackPointExtension>
            <ns3:hr>150</ns3:hr>
            <ns3:cad>93</ns3:cad>
          </ns3:TrackPointExtension>
        </extensions>
      </trkpt>
      <trkpt lat="45.80173230729997158050537109375" lon="126.65391194634139537811279296875">
        <ele>117</ele>
        <time>2026-10-04T21:19:45.000Z</time>
        <extensions>
          <ns3:TrackPointExtension>
            <ns3:hr>151</ns3:hr>
            <ns3:cad>92</ns3:cad>
          </ns3:TrackPointExtension>
        </extensions>
      </trkpt>
      <trkpt lat="45.80174504779279232025146484375" lon="126.65394899435341358184814453125">
        <ele>117</ele>
        <time>2026-10-04T21:19:46.000Z</time>
        <extensions>
          <ns3:TrackPointExtension>
            <ns3:hr>151</ns3:hr>
            <ns3:cad>92</ns3:cad>
          </ns3:TrackPointExtension>
        </extensions>
      </trkpt>
      <trkpt lat="45.80176256597042083740234375" lon="126.65398386307060718536376953125">
        <ele>117</ele>
        <time>2026-10-04T21:19:47.000Z</time>
        <extensions>
          <ns3:TrackPointExtension>
            <ns3:hr>151</ns3:hr>
            <ns3:cad>92</ns3:cad>
          </ns3:TrackPointExtension>
        </extensions>
      </trkpt>
      <trkpt lat="45.801775641739368438720703125" lon="126.65401789359748363494873046875">
        <ele>117</ele>
        <time>2026-10-04T21:19:48.000Z</time>
        <extensions>
          <ns3:TrackPointExtension>
            <ns3:hr>151</ns3:hr>
            <ns3:cad>92</ns3:cad>
          </ns3:TrackPointExtension>
        </extensions>
      </trkpt>
      <trkpt lat="45.80179550684988498687744140625" lon="126.654051505029201507568359375">
        <ele>117</ele>
        <time>2026-10-04T21:19:49.000Z</time>
        <extensions>
          <ns3:TrackPointExtension>
            <ns3:hr>151</ns3:hr>
            <ns3:cad>92</ns3:cad>
          </ns3:TrackPointExtension>
        </extensions>
      </trkpt>
      <trkpt lat="45.801810510456562042236328125" lon="126.65408226661384105682373046875">
        <ele>117</ele>
        <time>2026-10-04T21:19:50.000Z</time>
        <extensions>
          <ns3:TrackPointExtension>
            <ns3:hr>151</ns3:hr>
            <ns3:cad>92</ns3:cad>
          </ns3:TrackPointExtension>
        </extensions>
      </trkpt>
      <trkpt lat="45.80183004029095172882080078125" lon="126.65412266738712787628173828125">
        <ele>117</ele>
        <time>2026-10-04T21:19:51.000Z</time>
        <extensions>
          <ns3:TrackPointExtension>
            <ns3:hr>151</ns3:hr>
            <ns3:cad>92</ns3:cad>
          </ns3:TrackPointExtension>
        </extensions>
      </trkpt>
      <trkpt lat="45.8018455468118190765380859375" lon="126.654158122837543487548828125">
        <ele>117</ele>
        <time>2026-10-04T21:19:52.000Z</time>
        <extensions>
          <ns3:TrackPointExtension>
            <ns3:hr>150</ns3:hr>
            <ns3:cad>92</ns3:cad>
          </ns3:TrackPointExtension>
        </extensions>
      </trkpt>
      <trkpt lat="45.80185644328594207763671875" lon="126.654203049838542938232421875">
        <ele>117</ele>
        <time>2026-10-04T21:19:53.000Z</time>
        <extensions>
          <ns3:TrackPointExtension>
            <ns3:hr>150</ns3:hr>
            <ns3:cad>93</ns3:cad>
          </ns3:TrackPointExtension>
        </extensions>
      </trkpt>
      <trkpt lat="45.801867507398128509521484375" lon="126.65423691272735595703125">
        <ele>117</ele>
        <time>2026-10-04T21:19:54.000Z</time>
        <extensions>
          <ns3:TrackPointExtension>
            <ns3:hr>150</ns3:hr>
            <ns3:cad>93</ns3:cad>
          </ns3:TrackPointExtension>
        </extensions>
      </trkpt>
      <trkpt lat="45.801878906786441802978515625" lon="126.654276810586452484130859375">
        <ele>117.1999969482421875</ele>
        <time>2026-10-04T21:19:55.000Z</time>
        <extensions>
          <ns3:TrackPointExtension>
            <ns3:hr>150</ns3:hr>
            <ns3:cad>93</ns3:cad>
          </ns3:TrackPointExtension>
        </extensions>
      </trkpt>
      <trkpt lat="45.80189106054604053497314453125" lon="126.65430522523820400238037109375">
        <ele>117.1999969482421875</ele>
        <time>2026-10-04T21:19:56.000Z</time>
        <extensions>
          <ns3:TrackPointExtension>
            <ns3:hr>150</ns3:hr>
            <ns3:cad>92</ns3:cad>
          </ns3:TrackPointExtension>
        </extensions>
      </trkpt>
      <trkpt lat="45.801900364458560943603515625" lon="126.65434084832668304443359375">
        <ele>117.1999969482421875</ele>
        <time>2026-10-04T21:19:57.000Z</time>
        <extensions>
          <ns3:TrackPointExtension>
            <ns3:hr>150</ns3:hr>
            <ns3:cad>92</ns3:cad>
          </ns3:TrackPointExtension>
        </extensions>
      </trkpt>
      <trkpt lat="45.8019126020371913909912109375" lon="126.654372699558734893798828125">
        <ele>117.1999969482421875</ele>
        <time>2026-10-04T21:19:58.000Z</time>
        <extensions>
          <ns3:TrackPointExtension>
            <ns3:hr>151</ns3:hr>
            <ns3:cad>92</ns3:cad>
          </ns3:TrackPointExtension>
        </extensions>
      </trkpt>
      <trkpt lat="45.8019186370074748992919921875" lon="126.6544013656675815582275390625">
        <ele>117.1999969482421875</ele>
        <time>2026-10-04T21:19:59.000Z</time>
        <extensions>
          <ns3:TrackPointExtension>
            <ns3:hr>150</ns3:hr>
            <ns3:cad>93</ns3:cad>
          </ns3:TrackPointExtension>
        </extensions>
      </trkpt>
      <trkpt lat="45.8019280247390270233154296875" lon="126.65444905869662761688232421875">
        <ele>117.1999969482421875</ele>
        <time>2026-10-04T21:20:00.000Z</time>
        <extensions>
          <ns3:TrackPointExtension>
            <ns3:hr>150</ns3:hr>
            <ns3:cad>93</ns3:cad>
          </ns3:TrackPointExtension>
        </extensions>
      </trkpt>
      <trkpt lat="45.80193565227091312408447265625" lon="126.65448644198477268218994140625">
        <ele>117</ele>
        <time>2026-10-04T21:20:01.000Z</time>
        <extensions>
          <ns3:TrackPointExtension>
            <ns3:hr>150</ns3:hr>
            <ns3:cad>93</ns3:cad>
          </ns3:TrackPointExtension>
        </extensions>
      </trkpt>
      <trkpt lat="45.80194772221148014068603515625" lon="126.6545358113944530487060546875">
        <ele>117</ele>
        <time>2026-10-04T21:20:02.000Z</time>
        <extensions>
          <ns3:TrackPointExtension>
            <ns3:hr>151</ns3:hr>
            <ns3:cad>93</ns3:cad>
          </ns3:TrackPointExtension>
        </extensions>
      </trkpt>
      <trkpt lat="45.801962725818157196044921875" lon="126.65457461960613727569580078125">
        <ele>117</ele>
        <time>2026-10-04T21:20:03.000Z</time>
        <extensions>
          <ns3:TrackPointExtension>
            <ns3:hr>150</ns3:hr>
            <ns3:cad>93</ns3:cad>
          </ns3:TrackPointExtension>
        </extensions>
      </trkpt>
      <trkpt lat="45.80197513103485107421875" lon="126.65462759323418140411376953125">
        <ele>117</ele>
        <time>2026-10-04T21:20:04.000Z</time>
        <extensions>
          <ns3:TrackPointExtension>
            <ns3:hr>151</ns3:hr>
            <ns3:cad>93</ns3:cad>
          </ns3:TrackPointExtension>
        </extensions>
      </trkpt>
      <trkpt lat="45.801989547908306121826171875" lon="126.6546658985316753387451171875">
        <ele>117.1999969482421875</ele>
        <time>2026-10-04T21:20:05.000Z</time>
        <extensions>
          <ns3:TrackPointExtension>
            <ns3:hr>151</ns3:hr>
            <ns3:cad>93</ns3:cad>
          </ns3:TrackPointExtension>
        </extensions>
      </trkpt>
      <trkpt lat="45.80200069583952426910400390625" lon="126.65471459738910198211669921875">
        <ele>117.1999969482421875</ele>
        <time>2026-10-04T21:20:06.000Z</time>
        <extensions>
          <ns3:TrackPointExtension>
            <ns3:hr>151</ns3:hr>
            <ns3:cad>92</ns3:cad>
          </ns3:TrackPointExtension>
        </extensions>
      </trkpt>
      <trkpt lat="45.8020140230655670166015625" lon="126.65475617162883281707763671875">
        <ele>117.1999969482421875</ele>
        <time>2026-10-04T21:20:07.000Z</time>
        <extensions>
          <ns3:TrackPointExtension>
            <ns3:hr>151</ns3:hr>
            <ns3:cad>92</ns3:cad>
          </ns3:TrackPointExtension>
        </extensions>
      </trkpt>
      <trkpt lat="45.80201863311231136322021484375" lon="126.65480327792465686798095703125">
        <ele>117</ele>
        <time>2026-10-04T21:20:08.000Z</time>
        <extensions>
          <ns3:TrackPointExtension>
            <ns3:hr>151</ns3:hr>
            <ns3:cad>93</ns3:cad>
          </ns3:TrackPointExtension>
        </extensions>
      </trkpt>
      <trkpt lat="45.80202802084386348724365234375" lon="126.65484418161213397979736328125">
        <ele>117</ele>
        <time>2026-10-04T21:20:09.000Z</time>
        <extensions>
          <ns3:TrackPointExtension>
            <ns3:hr>152</ns3:hr>
            <ns3:cad>94</ns3:cad>
          </ns3:TrackPointExtension>
        </extensions>
      </trkpt>
      <trkpt lat="45.80203221179544925689697265625" lon="126.65488894097506999969482421875">
        <ele>117</ele>
        <time>2026-10-04T21:20:10.000Z</time>
        <extensions>
          <ns3:TrackPointExtension>
            <ns3:hr>152</ns3:hr>
            <ns3:cad>93</ns3:cad>
          </ns3:TrackPointExtension>
        </extensions>
      </trkpt>
      <trkpt lat="45.8020420186221599578857421875" lon="126.6549324430525302886962890625">
        <ele>117.1999969482421875</ele>
        <time>2026-10-04T21:20:11.000Z</time>
        <extensions>
          <ns3:TrackPointExtension>
            <ns3:hr>152</ns3:hr>
            <ns3:cad>93</ns3:cad>
          </ns3:TrackPointExtension>
        </extensions>
      </trkpt>
      <trkpt lat="45.80205232836306095123291015625" lon="126.6549676470458507537841796875">
        <ele>117.1999969482421875</ele>
        <time>2026-10-04T21:20:12.000Z</time>
        <extensions>
          <ns3:TrackPointExtension>
            <ns3:hr>152</ns3:hr>
            <ns3:cad>92</ns3:cad>
          </ns3:TrackPointExtension>
        </extensions>
      </trkpt>
      <trkpt lat="45.80206305719912052154541015625" lon="126.65502003394067287445068359375">
        <ele>117.1999969482421875</ele>
        <time>2026-10-04T21:20:13.000Z</time>
        <extensions>
          <ns3:TrackPointExtension>
            <ns3:hr>152</ns3:hr>
            <ns3:cad>92</ns3:cad>
          </ns3:TrackPointExtension>
        </extensions>
      </trkpt>
      <trkpt lat="45.80207596533000469207763671875" lon="126.6550544835627079010009765625">
        <ele>117</ele>
        <time>2026-10-04T21:20:14.000Z</time>
        <extensions>
          <ns3:TrackPointExtension>
            <ns3:hr>152</ns3:hr>
            <ns3:cad>94</ns3:cad>
          </ns3:TrackPointExtension>
        </extensions>
      </trkpt>
      <trkpt lat="45.80208216793835163116455078125" lon="126.65510393679141998291015625">
        <ele>117</ele>
        <time>2026-10-04T21:20:15.000Z</time>
        <extensions>
          <ns3:TrackPointExtension>
            <ns3:hr>153</ns3:hr>
            <ns3:cad>94</ns3:cad>
          </ns3:TrackPointExtension>
        </extensions>
      </trkpt>
      <trkpt lat="45.80208971165120601654052734375" lon="126.6551349498331546783447265625">
        <ele>117</ele>
        <time>2026-10-04T21:20:16.000Z</time>
        <extensions>
          <ns3:TrackPointExtension>
            <ns3:hr>153</ns3:hr>
            <ns3:cad>92</ns3:cad>
          </ns3:TrackPointExtension>
        </extensions>
      </trkpt>
      <trkpt lat="45.8020923100411891937255859375" lon="126.6551828943192958831787109375">
        <ele>117</ele>
        <time>2026-10-04T21:20:17.000Z</time>
        <extensions>
          <ns3:TrackPointExtension>
            <ns3:hr>153</ns3:hr>
            <ns3:cad>92</ns3:cad>
          </ns3:TrackPointExtension>
        </extensions>
      </trkpt>
      <trkpt lat="45.802099518477916717529296875" lon="126.65522061288356781005859375">
        <ele>117.1999969482421875</ele>
        <time>2026-10-04T21:20:18.000Z</time>
        <extensions>
          <ns3:TrackPointExtension>
            <ns3:hr>153</ns3:hr>
            <ns3:cad>92</ns3:cad>
          </ns3:TrackPointExtension>
        </extensions>
      </trkpt>
      <trkpt lat="45.80210077576339244842529296875" lon="126.6552677191793918609619140625">
        <ele>117.1999969482421875</ele>
        <time>2026-10-04T21:20:19.000Z</time>
        <extensions>
          <ns3:TrackPointExtension>
            <ns3:hr>153</ns3:hr>
            <ns3:cad>92</ns3:cad>
          </ns3:TrackPointExtension>
        </extensions>
      </trkpt>
      <trkpt lat="45.802107565104961395263671875" lon="126.65531055070459842681884765625">
        <ele>117.1999969482421875</ele>
        <time>2026-10-04T21:20:20.000Z</time>
        <extensions>
          <ns3:TrackPointExtension>
            <ns3:hr>153</ns3:hr>
            <ns3:cad>92</ns3:cad>
          </ns3:TrackPointExtension>
        </extensions>
      </trkpt>
      <trkpt lat="45.80211167223751544952392578125" lon="126.65535564534366130828857421875">
        <ele>117.1999969482421875</ele>
        <time>2026-10-04T21:20:21.000Z</time>
        <extensions>
          <ns3:TrackPointExtension>
            <ns3:hr>152</ns3:hr>
            <ns3:cad>92</ns3:cad>
          </ns3:TrackPointExtension>
        </extensions>
      </trkpt>
      <trkpt lat="45.802120305597782135009765625" lon="126.6553971357643604278564453125">
        <ele>117.1999969482421875</ele>
        <time>2026-10-04T21:20:22.000Z</time>
        <extensions>
          <ns3:TrackPointExtension>
            <ns3:hr>153</ns3:hr>
            <ns3:cad>92</ns3:cad>
          </ns3:TrackPointExtension>
        </extensions>
      </trkpt>
      <trkpt lat="45.8021295256912708282470703125" lon="126.65543477050960063934326171875">
        <ele>117.1999969482421875</ele>
        <time>2026-10-04T21:20:23.000Z</time>
        <extensions>
          <ns3:TrackPointExtension>
            <ns3:hr>152</ns3:hr>
            <ns3:cad>92</ns3:cad>
          </ns3:TrackPointExtension>
        </extensions>
      </trkpt>
      <trkpt lat="45.8021342195570468902587890625" lon="126.65548103861510753631591796875">
        <ele>117.1999969482421875</ele>
        <time>2026-10-04T21:20:24.000Z</time>
        <extensions>
          <ns3:TrackPointExtension>
            <ns3:hr>152</ns3:hr>
            <ns3:cad>93</ns3:cad>
          </ns3:TrackPointExtension>
        </extensions>
      </trkpt>
      <trkpt lat="45.80213916487991809844970703125" lon="126.6555171646177768707275390625">
        <ele>117.1999969482421875</ele>
        <time>2026-10-04T21:20:25.000Z</time>
        <extensions>
          <ns3:TrackPointExtension>
            <ns3:hr>152</ns3:hr>
            <ns3:cad>93</ns3:cad>
          </ns3:TrackPointExtension>
        </extensions>
      </trkpt>
      <trkpt lat="45.80214855261147022247314453125" lon="126.65556452237069606781005859375">
        <ele>117.1999969482421875</ele>
        <time>2026-10-04T21:20:26.000Z</time>
        <extensions>
          <ns3:TrackPointExtension>
            <ns3:hr>153</ns3:hr>
            <ns3:cad>93</ns3:cad>
          </ns3:TrackPointExtension>
        </extensions>
      </trkpt>
      <trkpt lat="45.80215643160045146942138671875" lon="126.655596792697906494140625">
        <ele>117.1999969482421875</ele>
        <time>2026-10-04T21:20:27.000Z</time>
        <extensions>
          <ns3:TrackPointExtension>
            <ns3:hr>152</ns3:hr>
            <ns3:cad>93</ns3:cad>
          </ns3:TrackPointExtension>
        </extensions>
      </trkpt>
      <trkpt lat="45.802161209285259246826171875" lon="126.6556449048221111297607421875">
        <ele>117.1999969482421875</ele>
        <time>2026-10-04T21:20:28.000Z</time>
        <extensions>
          <ns3:TrackPointExtension>
            <ns3:hr>152</ns3:hr>
            <ns3:cad>93</ns3:cad>
          </ns3:TrackPointExtension>
        </extensions>
      </trkpt>
      <trkpt lat="45.80216883681714534759521484375" lon="126.65567767806351184844970703125">
        <ele>117.1999969482421875</ele>
        <time>2026-10-04T21:20:29.000Z</time>
        <extensions>
          <ns3:TrackPointExtension>
            <ns3:hr>152</ns3:hr>
            <ns3:cad>93</ns3:cad>
          </ns3:TrackPointExtension>
        </extensions>
      </trkpt>
      <trkpt lat="45.80217336304485797882080078125" lon="126.65572352707386016845703125">
        <ele>117.1999969482421875</ele>
        <time>2026-10-04T21:20:30.000Z</time>
        <extensions>
          <ns3:TrackPointExtension>
            <ns3:hr>151</ns3:hr>
            <ns3:cad>93</ns3:cad>
          </ns3:TrackPointExtension>
        </extensions>
      </trkpt>
      <trkpt lat="45.80218191258609294891357421875" lon="126.655757389962673187255859375">
        <ele>117.1999969482421875</ele>
        <time>2026-10-04T21:20:31.000Z</time>
        <extensions>
          <ns3:TrackPointExtension>
            <ns3:hr>151</ns3:hr>
            <ns3:cad>93</ns3:cad>
          </ns3:TrackPointExtension>
        </extensions>
      </trkpt>
      <trkpt lat="45.80218543298542499542236328125" lon="126.6558034904301166534423828125">
        <ele>117.1999969482421875</ele>
        <time>2026-10-04T21:20:32.000Z</time>
        <extensions>
          <ns3:TrackPointExtension>
            <ns3:hr>151</ns3:hr>
            <ns3:cad>93</ns3:cad>
          </ns3:TrackPointExtension>
        </extensions>
      </trkpt>
      <trkpt lat="45.80219440162181854248046875" lon="126.65584196336567401885986328125">
        <ele>117.1999969482421875</ele>
        <time>2026-10-04T21:20:33.000Z</time>
        <extensions>
          <ns3:TrackPointExtension>
            <ns3:hr>151</ns3:hr>
            <ns3:cad>93</ns3:cad>
          </ns3:TrackPointExtension>
        </extensions>
      </trkpt>
      <trkpt lat="45.80219917930662631988525390625" lon="126.65588320232927799224853515625">
        <ele>117.1999969482421875</ele>
        <time>2026-10-04T21:20:34.000Z</time>
        <extensions>
          <ns3:TrackPointExtension>
            <ns3:hr>151</ns3:hr>
            <ns3:cad>92</ns3:cad>
          </ns3:TrackPointExtension>
        </extensions>
      </trkpt>
      <trkpt lat="45.80220554955303668975830078125" lon="126.65592645294964313507080078125">
        <ele>117.1999969482421875</ele>
        <time>2026-10-04T21:20:35.000Z</time>
        <extensions>
          <ns3:TrackPointExtension>
            <ns3:hr>151</ns3:hr>
            <ns3:cad>92</ns3:cad>
          </ns3:TrackPointExtension>
        </extensions>
      </trkpt>
      <trkpt lat="45.8022140152752399444580078125" lon="126.655965931713581085205078125">
        <ele>117.1999969482421875</ele>
        <time>2026-10-04T21:20:36.000Z</time>
        <extensions>
          <ns3:TrackPointExtension>
            <ns3:hr>151</ns3:hr>
            <ns3:cad>92</ns3:cad>
          </ns3:TrackPointExtension>
        </extensions>
      </trkpt>
      <trkpt lat="45.80222382210195064544677734375" lon="126.656012199819087982177734375">
        <ele>117.1999969482421875</ele>
        <time>2026-10-04T21:20:37.000Z</time>
        <extensions>
          <ns3:TrackPointExtension>
            <ns3:hr>151</ns3:hr>
            <ns3:cad>92</ns3:cad>
          </ns3:TrackPointExtension>
        </extensions>
      </trkpt>
      <trkpt lat="45.80223287455737590789794921875" lon="126.6560532711446285247802734375">
        <ele>117.1999969482421875</ele>
        <time>2026-10-04T21:20:38.000Z</time>
        <extensions>
          <ns3:TrackPointExtension>
            <ns3:hr>151</ns3:hr>
            <ns3:cad>92</ns3:cad>
          </ns3:TrackPointExtension>
        </extensions>
      </trkpt>
      <trkpt lat="45.80224209465086460113525390625" lon="126.65610373020172119140625">
        <ele>117.1999969482421875</ele>
        <time>2026-10-04T21:20:39.000Z</time>
        <extensions>
          <ns3:TrackPointExtension>
            <ns3:hr>150</ns3:hr>
            <ns3:cad>92</ns3:cad>
          </ns3:TrackPointExtension>
        </extensions>
      </trkpt>
      <trkpt lat="45.80225416459143161773681640625" lon="126.6561397723853588104248046875">
        <ele>117.1999969482421875</ele>
        <time>2026-10-04T21:20:40.000Z</time>
        <extensions>
          <ns3:TrackPointExtension>
            <ns3:hr>151</ns3:hr>
            <ns3:cad>92</ns3:cad>
          </ns3:TrackPointExtension>
        </extensions>
      </trkpt>
      <trkpt lat="45.802263133227825164794921875" lon="126.65619014762341976165771484375">
        <ele>117.1999969482421875</ele>
        <time>2026-10-04T21:20:41.000Z</time>
        <extensions>
          <ns3:TrackPointExtension>
            <ns3:hr>150</ns3:hr>
            <ns3:cad>92</ns3:cad>
          </ns3:TrackPointExtension>
        </extensions>
      </trkpt>
      <trkpt lat="45.8022690005600452423095703125" lon="126.65623071603477001190185546875">
        <ele>117.1999969482421875</ele>
        <time>2026-10-04T21:20:42.000Z</time>
        <extensions>
          <ns3:TrackPointExtension>
            <ns3:hr>150</ns3:hr>
            <ns3:cad>92</ns3:cad>
          </ns3:TrackPointExtension>
        </extensions>
      </trkpt>
      <trkpt lat="45.80227210186421871185302734375" lon="126.65627966634929180145263671875">
        <ele>117.1999969482421875</ele>
        <time>2026-10-04T21:20:43.000Z</time>
        <extensions>
          <ns3:TrackPointExtension>
            <ns3:hr>150</ns3:hr>
            <ns3:cad>93</ns3:cad>
          </ns3:TrackPointExtension>
        </extensions>
      </trkpt>
      <trkpt lat="45.8022763766348361968994140625" lon="126.65631629526615142822265625">
        <ele>117.1999969482421875</ele>
        <time>2026-10-04T21:20:44.000Z</time>
        <extensions>
          <ns3:TrackPointExtension>
            <ns3:hr>151</ns3:hr>
            <ns3:cad>94</ns3:cad>
          </ns3:TrackPointExtension>
        </extensions>
      </trkpt>
      <trkpt lat="45.80227486789226531982421875" lon="126.65636113844811916351318359375">
        <ele>117.1999969482421875</ele>
        <time>2026-10-04T21:20:45.000Z</time>
        <extensions>
          <ns3:TrackPointExtension>
            <ns3:hr>150</ns3:hr>
            <ns3:cad>93</ns3:cad>
          </ns3:TrackPointExtension>
        </extensions>
      </trkpt>
      <trkpt lat="45.80228157341480255126953125" lon="126.65639583952724933624267578125">
        <ele>117.1999969482421875</ele>
        <time>2026-10-04T21:20:46.000Z</time>
        <extensions>
          <ns3:TrackPointExtension>
            <ns3:hr>150</ns3:hr>
            <ns3:cad>93</ns3:cad>
          </ns3:TrackPointExtension>
        </extensions>
      </trkpt>
      <trkpt lat="45.8022854290902614593505859375" lon="126.65644110180437564849853515625">
        <ele>117.1999969482421875</ele>
        <time>2026-10-04T21:20:47.000Z</time>
        <extensions>
          <ns3:TrackPointExtension>
            <ns3:hr>151</ns3:hr>
            <ns3:cad>93</ns3:cad>
          </ns3:TrackPointExtension>
        </extensions>
      </trkpt>
      <trkpt lat="45.8022968284785747528076171875" lon="126.65647882036864757537841796875">
        <ele>117.1999969482421875</ele>
        <time>2026-10-04T21:20:48.000Z</time>
        <extensions>
          <ns3:TrackPointExtension>
            <ns3:hr>151</ns3:hr>
            <ns3:cad>93</ns3:cad>
          </ns3:TrackPointExtension>
        </extensions>
      </trkpt>
      <trkpt lat="45.80230680294334888458251953125" lon="126.65651838295161724090576171875">
        <ele>117.1999969482421875</ele>
        <time>2026-10-04T21:20:49.000Z</time>
        <extensions>
          <ns3:TrackPointExtension>
            <ns3:hr>151</ns3:hr>
            <ns3:cad>92</ns3:cad>
          </ns3:TrackPointExtension>
        </extensions>
      </trkpt>
      <trkpt lat="45.8023171126842498779296875" lon="126.656562723219394683837890625">
        <ele>117.1999969482421875</ele>
        <time>2026-10-04T21:20:50.000Z</time>
        <extensions>
          <ns3:TrackPointExtension>
            <ns3:hr>150</ns3:hr>
            <ns3:cad>92</ns3:cad>
          </ns3:TrackPointExtension>
        </extensions>
      </trkpt>
      <trkpt lat="45.8023176155984401702880859375" lon="126.656604297459125518798828125">
        <ele>117.1999969482421875</ele>
        <time>2026-10-04T21:20:51.000Z</time>
        <extensions>
          <ns3:TrackPointExtension>
            <ns3:hr>151</ns3:hr>
            <ns3:cad>91</ns3:cad>
          </ns3:TrackPointExtension>
        </extensions>
      </trkpt>
      <trkpt lat="45.80232004635035991668701171875" lon="126.6566544212400913238525390625">
        <ele>117.1999969482421875</ele>
        <time>2026-10-04T21:20:52.000Z</time>
        <extensions>
          <ns3:TrackPointExtension>
            <ns3:hr>151</ns3:hr>
            <ns3:cad>91</ns3:cad>
          </ns3:TrackPointExtension>
        </extensions>
      </trkpt>
      <trkpt lat="45.80232323147356510162353515625" lon="126.65669121779501438140869140625">
        <ele>117.1999969482421875</ele>
        <time>2026-10-04T21:20:53.000Z</time>
        <extensions>
          <ns3:TrackPointExtension>
            <ns3:hr>150</ns3:hr>
            <ns3:cad>93</ns3:cad>
          </ns3:TrackPointExtension>
        </extensions>
      </trkpt>
      <trkpt lat="45.80233060754835605621337890625" lon="126.65674486197531223297119140625">
        <ele>117.1999969482421875</ele>
        <time>2026-10-04T21:20:54.000Z</time>
        <extensions>
          <ns3:TrackPointExtension>
            <ns3:hr>150</ns3:hr>
            <ns3:cad>93</ns3:cad>
          </ns3:TrackPointExtension>
        </extensions>
      </trkpt>
      <trkpt lat="45.80233932472765445709228515625" lon="126.65678056888282299041748046875">
        <ele>117.1999969482421875</ele>
        <time>2026-10-04T21:20:55.000Z</time>
        <extensions>
          <ns3:TrackPointExtension>
            <ns3:hr>150</ns3:hr>
            <ns3:cad>92</ns3:cad>
          </ns3:TrackPointExtension>
        </extensions>
      </trkpt>
      <trkpt lat="45.8023444376885890960693359375" lon="126.6568311117589473724365234375">
        <ele>117.1999969482421875</ele>
        <time>2026-10-04T21:20:56.000Z</time>
        <extensions>
          <ns3:TrackPointExtension>
            <ns3:hr>150</ns3:hr>
            <ns3:cad>92</ns3:cad>
          </ns3:TrackPointExtension>
        </extensions>
      </trkpt>
      <trkpt lat="45.80235508270561695098876953125" lon="126.6568641364574432373046875">
        <ele>117.1999969482421875</ele>
        <time>2026-10-04T21:20:57.000Z</time>
        <extensions>
          <ns3:TrackPointExtension>
            <ns3:hr>151</ns3:hr>
            <ns3:cad>92</ns3:cad>
          </ns3:TrackPointExtension>
        </extensions>
      </trkpt>
      <trkpt lat="45.80236069858074188232421875" lon="126.656906045973300933837890625">
        <ele>117.1999969482421875</ele>
        <time>2026-10-04T21:20:58.000Z</time>
        <extensions>
          <ns3:TrackPointExtension>
            <ns3:hr>151</ns3:hr>
            <ns3:cad>92</ns3:cad>
          </ns3:TrackPointExtension>
        </extensions>
      </trkpt>
      <trkpt lat="45.80237017013132572174072265625" lon="126.65694317780435085296630859375">
        <ele>117.1999969482421875</ele>
        <time>2026-10-04T21:20:59.000Z</time>
        <extensions>
          <ns3:TrackPointExtension>
            <ns3:hr>151</ns3:hr>
            <ns3:cad>92</ns3:cad>
          </ns3:TrackPointExtension>
        </extensions>
      </trkpt>
      <trkpt lat="45.80236966721713542938232421875" lon="126.656986512243747711181640625">
        <ele>117.1999969482421875</ele>
        <time>2026-10-04T21:21:00.000Z</time>
        <extensions>
          <ns3:TrackPointExtension>
            <ns3:hr>151</ns3:hr>
            <ns3:cad>93</ns3:cad>
          </ns3:TrackPointExtension>
        </extensions>
      </trkpt>
      <trkpt lat="45.80237545073032379150390625" lon="126.65702976286411285400390625">
        <ele>117.1999969482421875</ele>
        <time>2026-10-04T21:21:01.000Z</time>
        <extensions>
          <ns3:TrackPointExtension>
            <ns3:hr>152</ns3:hr>
            <ns3:cad>93</ns3:cad>
          </ns3:TrackPointExtension>
        </extensions>
      </trkpt>
      <trkpt lat="45.802382491528987884521484375" lon="126.65707276202738285064697265625">
        <ele>117.1999969482421875</ele>
        <time>2026-10-04T21:21:02.000Z</time>
        <extensions>
          <ns3:TrackPointExtension>
            <ns3:hr>152</ns3:hr>
            <ns3:cad>93</ns3:cad>
          </ns3:TrackPointExtension>
        </extensions>
      </trkpt>
      <trkpt lat="45.80238877795636653900146484375" lon="126.657115928828716278076171875">
        <ele>117.1999969482421875</ele>
        <time>2026-10-04T21:21:03.000Z</time>
        <extensions>
          <ns3:TrackPointExtension>
            <ns3:hr>152</ns3:hr>
            <ns3:cad>93</ns3:cad>
          </ns3:TrackPointExtension>
        </extensions>
      </trkpt>
      <trkpt lat="45.8023977465927600860595703125" lon="126.657155491411685943603515625">
        <ele>117.1999969482421875</ele>
        <time>2026-10-04T21:21:04.000Z</time>
        <extensions>
          <ns3:TrackPointExtension>
            <ns3:hr>152</ns3:hr>
            <ns3:cad>93</ns3:cad>
          </ns3:TrackPointExtension>
        </extensions>
      </trkpt>
      <trkpt lat="45.80240369774401187896728515625" lon="126.65720368735492229461669921875">
        <ele>117.1999969482421875</ele>
        <time>2026-10-04T21:21:05.000Z</time>
        <extensions>
          <ns3:TrackPointExtension>
            <ns3:hr>152</ns3:hr>
            <ns3:cad>93</ns3:cad>
          </ns3:TrackPointExtension>
        </extensions>
      </trkpt>
      <trkpt lat="45.80241157673299312591552734375" lon="126.65724526159465312957763671875">
        <ele>117.1999969482421875</ele>
        <time>2026-10-04T21:21:06.000Z</time>
        <extensions>
          <ns3:TrackPointExtension>
            <ns3:hr>153</ns3:hr>
            <ns3:cad>94</ns3:cad>
          </ns3:TrackPointExtension>
        </extensions>
      </trkpt>
      <trkpt lat="45.80242029391229152679443359375" lon="126.6572931222617626190185546875">
        <ele>117.1999969482421875</ele>
        <time>2026-10-04T21:21:07.000Z</time>
        <extensions>
          <ns3:TrackPointExtension>
            <ns3:hr>153</ns3:hr>
            <ns3:cad>94</ns3:cad>
          </ns3:TrackPointExtension>
        </extensions>
      </trkpt>
      <trkpt lat="45.80242733471095561981201171875" lon="126.65733293630182743072509765625">
        <ele>117</ele>
        <time>2026-10-04T21:21:08.000Z</time>
        <extensions>
          <ns3:TrackPointExtension>
            <ns3:hr>153</ns3:hr>
            <ns3:cad>93</ns3:cad>
          </ns3:TrackPointExtension>
        </extensions>
      </trkpt>
      <trkpt lat="45.8024324476718902587890625" lon="126.65737316943705081939697265625">
        <ele>117</ele>
        <time>2026-10-04T21:21:09.000Z</time>
        <extensions>
          <ns3:TrackPointExtension>
            <ns3:hr>153</ns3:hr>
            <ns3:cad>93</ns3:cad>
          </ns3:TrackPointExtension>
        </extensions>
      </trkpt>
      <trkpt lat="45.80243772827088832855224609375" lon="126.6574121452867984771728515625">
        <ele>117</ele>
        <time>2026-10-04T21:21:10.000Z</time>
        <extensions>
          <ns3:TrackPointExtension>
            <ns3:hr>153</ns3:hr>
            <ns3:cad>93</ns3:cad>
          </ns3:TrackPointExtension>
        </extensions>
      </trkpt>
      <trkpt lat="45.802439488470554351806640625" lon="126.6574550606310367584228515625">
        <ele>117</ele>
        <time>2026-10-04T21:21:11.000Z</time>
        <extensions>
          <ns3:TrackPointExtension>
            <ns3:hr>153</ns3:hr>
            <ns3:cad>93</ns3:cad>
          </ns3:TrackPointExtension>
        </extensions>
      </trkpt>
      <trkpt lat="45.8024440146982669830322265625" lon="126.65749772451817989349365234375">
        <ele>117</ele>
        <time>2026-10-04T21:21:12.000Z</time>
        <extensions>
          <ns3:TrackPointExtension>
            <ns3:hr>153</ns3:hr>
            <ns3:cad>93</ns3:cad>
          </ns3:TrackPointExtension>
        </extensions>
      </trkpt>
      <trkpt lat="45.80244661308825016021728515625" lon="126.65754013694822788238525390625">
        <ele>117</ele>
        <time>2026-10-04T21:21:13.000Z</time>
        <extensions>
          <ns3:TrackPointExtension>
            <ns3:hr>153</ns3:hr>
            <ns3:cad>93</ns3:cad>
          </ns3:TrackPointExtension>
        </extensions>
      </trkpt>
      <trkpt lat="45.8024510554969310760498046875" lon="126.6575757600367069244384765625">
        <ele>117.1999969482421875</ele>
        <time>2026-10-04T21:21:14.000Z</time>
        <extensions>
          <ns3:TrackPointExtension>
            <ns3:hr>153</ns3:hr>
            <ns3:cad>93</ns3:cad>
          </ns3:TrackPointExtension>
        </extensions>
      </trkpt>
      <trkpt lat="45.80245516262948513031005859375" lon="126.65761649608612060546875">
        <ele>117.1999969482421875</ele>
        <time>2026-10-04T21:21:15.000Z</time>
        <extensions>
          <ns3:TrackPointExtension>
            <ns3:hr>154</ns3:hr>
            <ns3:cad>93</ns3:cad>
          </ns3:TrackPointExtension>
        </extensions>
      </trkpt>
      <trkpt lat="45.802462957799434661865234375" lon="126.6576558910310268402099609375">
        <ele>117.1999969482421875</ele>
        <time>2026-10-04T21:21:16.000Z</time>
        <extensions>
          <ns3:TrackPointExtension>
            <ns3:hr>154</ns3:hr>
            <ns3:cad>93</ns3:cad>
          </ns3:TrackPointExtension>
        </extensions>
      </trkpt>
      <trkpt lat="45.80246865749359130859375" lon="126.65770039893686771392822265625">
        <ele>117.1999969482421875</ele>
        <time>2026-10-04T21:21:17.000Z</time>
        <extensions>
          <ns3:TrackPointExtension>
            <ns3:hr>154</ns3:hr>
            <ns3:cad>93</ns3:cad>
          </ns3:TrackPointExtension>
        </extensions>
      </trkpt>
      <trkpt lat="45.802475698292255401611328125" lon="126.65774163790047168731689453125">
        <ele>117.1999969482421875</ele>
        <time>2026-10-04T21:21:18.000Z</time>
        <extensions>
          <ns3:TrackPointExtension>
            <ns3:hr>154</ns3:hr>
            <ns3:cad>93</ns3:cad>
          </ns3:TrackPointExtension>
        </extensions>
      </trkpt>
      <trkpt lat="45.8024834096431732177734375" lon="126.6577802784740924835205078125">
        <ele>117.1999969482421875</ele>
        <time>2026-10-04T21:21:19.000Z</time>
        <extensions>
          <ns3:TrackPointExtension>
            <ns3:hr>154</ns3:hr>
            <ns3:cad>92</ns3:cad>
          </ns3:TrackPointExtension>
        </extensions>
      </trkpt>
      <trkpt lat="45.8024919591844081878662109375" lon="126.6578184999525547027587890625">
        <ele>117.1999969482421875</ele>
        <time>2026-10-04T21:21:20.000Z</time>
        <extensions>
          <ns3:TrackPointExtension>
            <ns3:hr>154</ns3:hr>
            <ns3:cad>93</ns3:cad>
          </ns3:TrackPointExtension>
        </extensions>
      </trkpt>
      <trkpt lat="45.80249883234500885009765625" lon="126.65785512886941432952880859375">
        <ele>117.1999969482421875</ele>
        <time>2026-10-04T21:21:21.000Z</time>
        <extensions>
          <ns3:TrackPointExtension>
            <ns3:hr>154</ns3:hr>
            <ns3:cad>93</ns3:cad>
          </ns3:TrackPointExtension>
        </extensions>
      </trkpt>
      <trkpt lat="45.802501849830150604248046875" lon="126.657896451652050018310546875">
        <ele>117</ele>
        <time>2026-10-04T21:21:22.000Z</time>
        <extensions>
          <ns3:TrackPointExtension>
            <ns3:hr>154</ns3:hr>
            <ns3:cad>93</ns3:cad>
          </ns3:TrackPointExtension>
        </extensions>
      </trkpt>
      <trkpt lat="45.80250863917171955108642578125" lon="126.657934673130512237548828125">
        <ele>117</ele>
        <time>2026-10-04T21:21:23.000Z</time>
        <extensions>
          <ns3:TrackPointExtension>
            <ns3:hr>154</ns3:hr>
            <ns3:cad>92</ns3:cad>
          </ns3:TrackPointExtension>
        </extensions>
      </trkpt>
      <trkpt lat="45.802520625293254852294921875" lon="126.65797348134219646453857421875">
        <ele>117</ele>
        <time>2026-10-04T21:21:24.000Z</time>
        <extensions>
          <ns3:TrackPointExtension>
            <ns3:hr>154</ns3:hr>
            <ns3:cad>92</ns3:cad>
          </ns3:TrackPointExtension>
        </extensions>
      </trkpt>
      <trkpt lat="45.80254082567989826202392578125" lon="126.6579884849488735198974609375">
        <ele>117</ele>
        <time>2026-10-04T21:21:25.000Z</time>
        <extensions>
          <ns3:TrackPointExtension>
            <ns3:hr>153</ns3:hr>
            <ns3:cad>91</ns3:cad>
          </ns3:TrackPointExtension>
        </extensions>
      </trkpt>
      <trkpt lat="45.80257267691195011138916015625" lon="126.6579891555011272430419921875">
        <ele>117</ele>
        <time>2026-10-04T21:21:26.000Z</time>
        <extensions>
          <ns3:TrackPointExtension>
            <ns3:hr>153</ns3:hr>
            <ns3:cad>91</ns3:cad>
          </ns3:TrackPointExtension>
        </extensions>
      </trkpt>
      <trkpt lat="45.802597068250179290771484375" lon="126.6579774208366870880126953125">
        <ele>117</ele>
        <time>2026-10-04T21:21:27.000Z</time>
        <extensions>
          <ns3:TrackPointExtension>
            <ns3:hr>153</ns3:hr>
            <ns3:cad>90</ns3:cad>
          </ns3:TrackPointExtension>
        </extensions>
      </trkpt>
      <trkpt lat="45.8026307635009288787841796875" lon="126.65795805864036083221435546875">
        <ele>117.1999969482421875</ele>
        <time>2026-10-04T21:21:28.000Z</time>
        <extensions>
          <ns3:TrackPointExtension>
            <ns3:hr>153</ns3:hr>
            <ns3:cad>89</ns3:cad>
          </ns3:TrackPointExtension>
        </extensions>
      </trkpt>
      <trkpt lat="45.80265800468623638153076171875" lon="126.65794976055622100830078125">
        <ele>117</ele>
        <time>2026-10-04T21:21:29.000Z</time>
        <extensions>
          <ns3:TrackPointExtension>
            <ns3:hr>153</ns3:hr>
            <ns3:cad>89</ns3:cad>
          </ns3:TrackPointExtension>
        </extensions>
      </trkpt>
      <trkpt lat="45.8026860840618610382080078125" lon="126.65794909000396728515625">
        <ele>117</ele>
        <time>2026-10-04T21:21:30.000Z</time>
        <extensions>
          <ns3:TrackPointExtension>
            <ns3:hr>153</ns3:hr>
            <ns3:cad>89</ns3:cad>
          </ns3:TrackPointExtension>
        </extensions>
      </trkpt>
      <trkpt lat="45.80270997248589992523193359375" lon="126.65795252658426761627197265625">
        <ele>117.1999969482421875</ele>
        <time>2026-10-04T21:21:31.000Z</time>
        <extensions>
          <ns3:TrackPointExtension>
            <ns3:hr>153</ns3:hr>
            <ns3:cad>90</ns3:cad>
          </ns3:TrackPointExtension>
        </extensions>
      </trkpt>
      <trkpt lat="45.80273947678506374359130859375" lon="126.65795353241264820098876953125">
        <ele>117.1999969482421875</ele>
        <time>2026-10-04T21:21:32.000Z</time>
        <extensions>
          <ns3:TrackPointExtension>
            <ns3:hr>153</ns3:hr>
            <ns3:cad>91</ns3:cad>
          </ns3:TrackPointExtension>
        </extensions>
      </trkpt>
      <trkpt lat="45.80276680178940296173095703125" lon="126.657958813011646270751953125">
        <ele>117.1999969482421875</ele>
        <time>2026-10-04T21:21:33.000Z</time>
        <extensions>
          <ns3:TrackPointExtension>
            <ns3:hr>153</ns3:hr>
            <ns3:cad>91</ns3:cad>
          </ns3:TrackPointExtension>
        </extensions>
      </trkpt>
      <trkpt lat="45.8027947135269641876220703125" lon="126.657965183258056640625">
        <ele>117.40000152587890625</ele>
        <time>2026-10-04T21:21:34.000Z</time>
        <extensions>
          <ns3:TrackPointExtension>
            <ns3:hr>153</ns3:hr>
            <ns3:cad>92</ns3:cad>
          </ns3:TrackPointExtension>
        </extensions>
      </trkpt>
      <trkpt lat="45.802823044359683990478515625" lon="126.657966859638690948486328125">
        <ele>117.1999969482421875</ele>
        <time>2026-10-04T21:21:35.000Z</time>
        <extensions>
          <ns3:TrackPointExtension>
            <ns3:hr>153</ns3:hr>
            <ns3:cad>92</ns3:cad>
          </ns3:TrackPointExtension>
        </extensions>
      </trkpt>
      <trkpt lat="45.80285489559173583984375" lon="126.6579807735979557037353515625">
        <ele>117.1999969482421875</ele>
        <time>2026-10-04T21:21:36.000Z</time>
        <extensions>
          <ns3:TrackPointExtension>
            <ns3:hr>153</ns3:hr>
            <ns3:cad>92</ns3:cad>
          </ns3:TrackPointExtension>
        </extensions>
      </trkpt>
      <trkpt lat="45.8028865791857242584228515625" lon="126.6579879820346832275390625">
        <ele>117</ele>
        <time>2026-10-04T21:21:37.000Z</time>
        <extensions>
          <ns3:TrackPointExtension>
            <ns3:hr>153</ns3:hr>
            <ns3:cad>92</ns3:cad>
          </ns3:TrackPointExtension>
        </extensions>
      </trkpt>
      <trkpt lat="45.8029174245893955230712890625" lon="126.6579958610236644744873046875">
        <ele>117</ele>
        <time>2026-10-04T21:21:38.000Z</time>
        <extensions>
          <ns3:TrackPointExtension>
            <ns3:hr>152</ns3:hr>
            <ns3:cad>93</ns3:cad>
          </ns3:TrackPointExtension>
        </extensions>
      </trkpt>
      <trkpt lat="45.8029519580304622650146484375" lon="126.6580012254416942596435546875">
        <ele>117</ele>
        <time>2026-10-04T21:21:39.000Z</time>
        <extensions>
          <ns3:TrackPointExtension>
            <ns3:hr>152</ns3:hr>
            <ns3:cad>93</ns3:cad>
          </ns3:TrackPointExtension>
        </extensions>
      </trkpt>
      <trkpt lat="45.80298087559640407562255859375" lon="126.658005081117153167724609375">
        <ele>117</ele>
        <time>2026-10-04T21:21:40.000Z</time>
        <extensions>
          <ns3:TrackPointExtension>
            <ns3:hr>152</ns3:hr>
            <ns3:cad>93</ns3:cad>
          </ns3:TrackPointExtension>
        </extensions>
      </trkpt>
      <trkpt lat="45.80301641486585140228271484375" lon="126.658006422221660614013671875">
        <ele>117.1999969482421875</ele>
        <time>2026-10-04T21:21:41.000Z</time>
        <extensions>
          <ns3:TrackPointExtension>
            <ns3:hr>152</ns3:hr>
            <ns3:cad>93</ns3:cad>
          </ns3:TrackPointExtension>
        </extensions>
      </trkpt>
      <trkpt lat="45.803045667707920074462890625" lon="126.65800315327942371368408203125">
        <ele>117.1999969482421875</ele>
        <time>2026-10-04T21:21:42.000Z</time>
        <extensions>
          <ns3:TrackPointExtension>
            <ns3:hr>152</ns3:hr>
            <ns3:cad>93</ns3:cad>
          </ns3:TrackPointExtension>
        </extensions>
      </trkpt>
      <trkpt lat="45.803078524768352508544921875" lon="126.65800340473651885986328125">
        <ele>117.1999969482421875</ele>
        <time>2026-10-04T21:21:43.000Z</time>
        <extensions>
          <ns3:TrackPointExtension>
            <ns3:hr>151</ns3:hr>
            <ns3:cad>93</ns3:cad>
          </ns3:TrackPointExtension>
        </extensions>
      </trkpt>
      <trkpt lat="45.80310878343880176544189453125" lon="126.65799745358526706695556640625">
        <ele>117.1999969482421875</ele>
        <time>2026-10-04T21:21:44.000Z</time>
        <extensions>
          <ns3:TrackPointExtension>
            <ns3:hr>152</ns3:hr>
            <ns3:cad>92</ns3:cad>
          </ns3:TrackPointExtension>
        </extensions>
      </trkpt>
      <trkpt lat="45.8031407184898853302001953125" lon="126.65799477137625217437744140625">
        <ele>117.1999969482421875</ele>
        <time>2026-10-04T21:21:45.000Z</time>
        <extensions>
          <ns3:TrackPointExtension>
            <ns3:hr>151</ns3:hr>
            <ns3:cad>92</ns3:cad>
          </ns3:TrackPointExtension>
        </extensions>
      </trkpt>
      <trkpt lat="45.80316896550357341766357421875" lon="126.65798504836857318878173828125">
        <ele>117.1999969482421875</ele>
        <time>2026-10-04T21:21:46.000Z</time>
        <extensions>
          <ns3:TrackPointExtension>
            <ns3:hr>151</ns3:hr>
            <ns3:cad>93</ns3:cad>
          </ns3:TrackPointExtension>
        </extensions>
      </trkpt>
      <trkpt lat="45.80320282839238643646240234375" lon="126.657985635101795196533203125">
        <ele>117.1999969482421875</ele>
        <time>2026-10-04T21:21:47.000Z</time>
        <extensions>
          <ns3:TrackPointExtension>
            <ns3:hr>151</ns3:hr>
            <ns3:cad>93</ns3:cad>
          </ns3:TrackPointExtension>
        </extensions>
      </trkpt>
      <trkpt lat="45.8032275550067424774169921875" lon="126.65797398425638675689697265625">
        <ele>117.1999969482421875</ele>
        <time>2026-10-04T21:21:48.000Z</time>
        <extensions>
          <ns3:TrackPointExtension>
            <ns3:hr>152</ns3:hr>
            <ns3:cad>93</ns3:cad>
          </ns3:TrackPointExtension>
        </extensions>
      </trkpt>
      <trkpt lat="45.803260244429111480712890625" lon="126.65797297842800617218017578125">
        <ele>117.1999969482421875</ele>
        <time>2026-10-04T21:21:49.000Z</time>
        <extensions>
          <ns3:TrackPointExtension>
            <ns3:hr>152</ns3:hr>
            <ns3:cad>92</ns3:cad>
          </ns3:TrackPointExtension>
        </extensions>
      </trkpt>
      <trkpt lat="45.8032892458140850067138671875" lon="126.65796023793518543243408203125">
        <ele>117.40000152587890625</ele>
        <time>2026-10-04T21:21:50.000Z</time>
        <extensions>
          <ns3:TrackPointExtension>
            <ns3:hr>152</ns3:hr>
            <ns3:cad>92</ns3:cad>
          </ns3:TrackPointExtension>
        </extensions>
      </trkpt>
      <trkpt lat="45.803317911922931671142578125" lon="126.6579492576420307159423828125">
        <ele>117.40000152587890625</ele>
        <time>2026-10-04T21:21:51.000Z</time>
        <extensions>
          <ns3:TrackPointExtension>
            <ns3:hr>152</ns3:hr>
            <ns3:cad>92</ns3:cad>
          </ns3:TrackPointExtension>
        </extensions>
      </trkpt>
      <trkpt lat="45.80335001461207866668701171875" lon="126.65792939253151416778564453125">
        <ele>117.1999969482421875</ele>
        <time>2026-10-04T21:21:52.000Z</time>
        <extensions>
          <ns3:TrackPointExtension>
            <ns3:hr>151</ns3:hr>
            <ns3:cad>92</ns3:cad>
          </ns3:TrackPointExtension>
        </extensions>
      </trkpt>
      <trkpt lat="45.80337281338870525360107421875" lon="126.6579150594770908355712890625">
        <ele>117.40000152587890625</ele>
        <time>2026-10-04T21:21:53.000Z</time>
        <extensions>
          <ns3:TrackPointExtension>
            <ns3:hr>151</ns3:hr>
            <ns3:cad>92</ns3:cad>
          </ns3:TrackPointExtension>
        </extensions>
      </trkpt>
      <trkpt lat="45.80340407788753509521484375" lon="126.6578966192901134490966796875">
        <ele>117.40000152587890625</ele>
        <time>2026-10-04T21:21:54.000Z</time>
        <extensions>
          <ns3:TrackPointExtension>
            <ns3:hr>151</ns3:hr>
            <ns3:cad>92</ns3:cad>
          </ns3:TrackPointExtension>
        </extensions>
      </trkpt>
      <trkpt lat="45.8034260384738445281982421875" lon="126.6578771732747554779052734375">
        <ele>117.40000152587890625</ele>
        <time>2026-10-04T21:21:55.000Z</time>
        <extensions>
          <ns3:TrackPointExtension>
            <ns3:hr>151</ns3:hr>
            <ns3:cad>92</ns3:cad>
          </ns3:TrackPointExtension>
        </extensions>
      </trkpt>
      <trkpt lat="45.80345545895397663116455078125" lon="126.65785948745906352996826171875">
        <ele>117.40000152587890625</ele>
        <time>2026-10-04T21:21:56.000Z</time>
        <extensions>
          <ns3:TrackPointExtension>
            <ns3:hr>151</ns3:hr>
            <ns3:cad>92</ns3:cad>
          </ns3:TrackPointExtension>
        </extensions>
      </trkpt>
      <trkpt lat="45.80347624607384204864501953125" lon="126.65783450938761234283447265625">
        <ele>117.40000152587890625</ele>
        <time>2026-10-04T21:21:57.000Z</time>
        <extensions>
          <ns3:TrackPointExtension>
            <ns3:hr>151</ns3:hr>
            <ns3:cad>92</ns3:cad>
          </ns3:TrackPointExtension>
        </extensions>
      </trkpt>
      <trkpt lat="45.80350734293460845947265625" lon="126.65781305171549320220947265625">
        <ele>117.40000152587890625</ele>
        <time>2026-10-04T21:21:58.000Z</time>
        <extensions>
          <ns3:TrackPointExtension>
            <ns3:hr>151</ns3:hr>
            <ns3:cad>92</ns3:cad>
          </ns3:TrackPointExtension>
        </extensions>
      </trkpt>
      <trkpt lat="45.80353274010121822357177734375" lon="126.65779209695756435394287109375">
        <ele>117.40000152587890625</ele>
        <time>2026-10-04T21:21:59.000Z</time>
        <extensions>
          <ns3:TrackPointExtension>
            <ns3:hr>151</ns3:hr>
            <ns3:cad>91</ns3:cad>
          </ns3:TrackPointExtension>
        </extensions>
      </trkpt>
      <trkpt lat="45.8035658486187458038330078125" lon="126.65777063928544521331787109375">
        <ele>117.40000152587890625</ele>
        <time>2026-10-04T21:22:00.000Z</time>
        <extensions>
          <ns3:TrackPointExtension>
            <ns3:hr>151</ns3:hr>
            <ns3:cad>91</ns3:cad>
          </ns3:TrackPointExtension>
        </extensions>
      </trkpt>
      <trkpt lat="45.8035889826714992523193359375" lon="126.65774750523269176483154296875">
        <ele>117.40000152587890625</ele>
        <time>2026-10-04T21:22:01.000Z</time>
        <extensions>
          <ns3:TrackPointExtension>
            <ns3:hr>150</ns3:hr>
            <ns3:cad>91</ns3:cad>
          </ns3:TrackPointExtension>
        </extensions>
      </trkpt>
      <trkpt lat="45.80361890606582164764404296875" lon="126.65772537700831890106201171875">
        <ele>117.40000152587890625</ele>
        <time>2026-10-04T21:22:02.000Z</time>
        <extensions>
          <ns3:TrackPointExtension>
            <ns3:hr>150</ns3:hr>
            <ns3:cad>91</ns3:cad>
          </ns3:TrackPointExtension>
        </extensions>
      </trkpt>
      <trkpt lat="45.80364019609987735748291015625" lon="126.6576967947185039520263671875">
        <ele>117.40000152587890625</ele>
        <time>2026-10-04T21:22:03.000Z</time>
        <extensions>
          <ns3:TrackPointExtension>
            <ns3:hr>150</ns3:hr>
            <ns3:cad>93</ns3:cad>
          </ns3:TrackPointExtension>
        </extensions>
      </trkpt>
      <trkpt lat="45.80366693437099456787109375" lon="126.6576760075986385345458984375">
        <ele>117.40000152587890625</ele>
        <time>2026-10-04T21:22:04.000Z</time>
        <extensions>
          <ns3:TrackPointExtension>
            <ns3:hr>151</ns3:hr>
            <ns3:cad>93</ns3:cad>
          </ns3:TrackPointExtension>
        </extensions>
      </trkpt>
      <trkpt lat="45.80369266681373119354248046875" lon="126.657644994556903839111328125">
        <ele>117.40000152587890625</ele>
        <time>2026-10-04T21:22:05.000Z</time>
        <extensions>
          <ns3:TrackPointExtension>
            <ns3:hr>151</ns3:hr>
            <ns3:cad>92</ns3:cad>
          </ns3:TrackPointExtension>
        </extensions>
      </trkpt>
      <trkpt lat="45.803714208304882049560546875" lon="126.657619178295135498046875">
        <ele>117.40000152587890625</ele>
        <time>2026-10-04T21:22:06.000Z</time>
        <extensions>
          <ns3:TrackPointExtension>
            <ns3:hr>150</ns3:hr>
            <ns3:cad>92</ns3:cad>
          </ns3:TrackPointExtension>
        </extensions>
      </trkpt>
      <trkpt lat="45.80374312587082386016845703125" lon="126.6575883328914642333984375">
        <ele>117.40000152587890625</ele>
        <time>2026-10-04T21:22:07.000Z</time>
        <extensions>
          <ns3:TrackPointExtension>
            <ns3:hr>150</ns3:hr>
            <ns3:cad>92</ns3:cad>
          </ns3:TrackPointExtension>
        </extensions>
      </trkpt>
      <trkpt lat="45.8037603087723255157470703125" lon="126.65755807422101497650146484375">
        <ele>117.40000152587890625</ele>
        <time>2026-10-04T21:22:08.000Z</time>
        <extensions>
          <ns3:TrackPointExtension>
            <ns3:hr>151</ns3:hr>
            <ns3:cad>93</ns3:cad>
          </ns3:TrackPointExtension>
        </extensions>
      </trkpt>
      <trkpt lat="45.80378419719636440277099609375" lon="126.6575227864086627960205078125">
        <ele>117.40000152587890625</ele>
        <time>2026-10-04T21:22:09.000Z</time>
        <extensions>
          <ns3:TrackPointExtension>
            <ns3:hr>151</ns3:hr>
            <ns3:cad>93</ns3:cad>
          </ns3:TrackPointExtension>
        </extensions>
      </trkpt>
      <trkpt lat="45.80380146391689777374267578125" lon="126.6574917733669281005859375">
        <ele>117.40000152587890625</ele>
        <time>2026-10-04T21:22:10.000Z</time>
        <extensions>
          <ns3:TrackPointExtension>
            <ns3:hr>151</ns3:hr>
            <ns3:cad>93</ns3:cad>
          </ns3:TrackPointExtension>
        </extensions>
      </trkpt>
      <trkpt lat="45.8038287051022052764892578125" lon="126.65745816193521022796630859375">
        <ele>117.40000152587890625</ele>
        <time>2026-10-04T21:22:11.000Z</time>
        <extensions>
          <ns3:TrackPointExtension>
            <ns3:hr>151</ns3:hr>
            <ns3:cad>92</ns3:cad>
          </ns3:TrackPointExtension>
        </extensions>
      </trkpt>
      <trkpt lat="45.8038417808711528778076171875" lon="126.65742270648479461669921875">
        <ele>117.40000152587890625</ele>
        <time>2026-10-04T21:22:12.000Z</time>
        <extensions>
          <ns3:TrackPointExtension>
            <ns3:hr>151</ns3:hr>
            <ns3:cad>92</ns3:cad>
          </ns3:TrackPointExtension>
        </extensions>
      </trkpt>
      <trkpt lat="45.803864412009716033935546875" lon="126.65738875977694988250732421875">
        <ele>117.40000152587890625</ele>
        <time>2026-10-04T21:22:13.000Z</time>
        <extensions>
          <ns3:TrackPointExtension>
            <ns3:hr>152</ns3:hr>
            <ns3:cad>92</ns3:cad>
          </ns3:TrackPointExtension>
        </extensions>
      </trkpt>
      <trkpt lat="45.8038830198347568511962890625" lon="126.65734970010817050933837890625">
        <ele>117.40000152587890625</ele>
        <time>2026-10-04T21:22:14.000Z</time>
        <extensions>
          <ns3:TrackPointExtension>
            <ns3:hr>151</ns3:hr>
            <ns3:cad>93</ns3:cad>
          </ns3:TrackPointExtension>
        </extensions>
      </trkpt>
      <trkpt lat="45.80389953218400478363037109375" lon="126.65731608867645263671875">
        <ele>117.40000152587890625</ele>
        <time>2026-10-04T21:22:15.000Z</time>
        <extensions>
          <ns3:TrackPointExtension>
            <ns3:hr>151</ns3:hr>
            <ns3:cad>93</ns3:cad>
          </ns3:TrackPointExtension>
        </extensions>
      </trkpt>
      <trkpt lat="45.80392434261739253997802734375" lon="126.65728113614022731781005859375">
        <ele>117.40000152587890625</ele>
        <time>2026-10-04T21:22:16.000Z</time>
        <extensions>
          <ns3:TrackPointExtension>
            <ns3:hr>152</ns3:hr>
            <ns3:cad>93</ns3:cad>
          </ns3:TrackPointExtension>
        </extensions>
      </trkpt>
      <trkpt lat="45.80394278280436992645263671875" lon="126.6572502069175243377685546875">
        <ele>117.40000152587890625</ele>
        <time>2026-10-04T21:22:17.000Z</time>
        <extensions>
          <ns3:TrackPointExtension>
            <ns3:hr>151</ns3:hr>
            <ns3:cad>92</ns3:cad>
          </ns3:TrackPointExtension>
        </extensions>
      </trkpt>
      <trkpt lat="45.80396809615194797515869140625" lon="126.6572150029242038726806640625">
        <ele>117.40000152587890625</ele>
        <time>2026-10-04T21:22:18.000Z</time>
        <extensions>
          <ns3:TrackPointExtension>
            <ns3:hr>151</ns3:hr>
            <ns3:cad>92</ns3:cad>
          </ns3:TrackPointExtension>
        </extensions>
      </trkpt>
      <trkpt lat="45.8039795793592929840087890625" lon="126.65718256495893001556396484375">
        <ele>117.40000152587890625</ele>
        <time>2026-10-04T21:22:19.000Z</time>
        <extensions>
          <ns3:TrackPointExtension>
            <ns3:hr>151</ns3:hr>
            <ns3:cad>92</ns3:cad>
          </ns3:TrackPointExtension>
        </extensions>
      </trkpt>
      <trkpt lat="45.80400547944009304046630859375" lon="126.6571479476988315582275390625">
        <ele>117.40000152587890625</ele>
        <time>2026-10-04T21:22:20.000Z</time>
        <extensions>
          <ns3:TrackPointExtension>
            <ns3:hr>151</ns3:hr>
            <ns3:cad>93</ns3:cad>
          </ns3:TrackPointExtension>
        </extensions>
      </trkpt>
      <trkpt lat="45.8040184713900089263916015625" lon="126.657115258276462554931640625">
        <ele>117.59999847412109375</ele>
        <time>2026-10-04T21:22:21.000Z</time>
        <extensions>
          <ns3:TrackPointExtension>
            <ns3:hr>151</ns3:hr>
            <ns3:cad>94</ns3:cad>
          </ns3:TrackPointExtension>
        </extensions>
      </trkpt>
      <trkpt lat="45.8040439523756504058837890625" lon="126.657083071768283843994140625">
        <ele>117.59999847412109375</ele>
        <time>2026-10-04T21:22:22.000Z</time>
        <extensions>
          <ns3:TrackPointExtension>
            <ns3:hr>151</ns3:hr>
            <ns3:cad>93</ns3:cad>
          </ns3:TrackPointExtension>
        </extensions>
      </trkpt>
      <trkpt lat="45.80406113527715206146240234375" lon="126.65705096907913684844970703125">
        <ele>117.59999847412109375</ele>
        <time>2026-10-04T21:22:23.000Z</time>
        <extensions>
          <ns3:TrackPointExtension>
            <ns3:hr>150</ns3:hr>
            <ns3:cad>94</ns3:cad>
          </ns3:TrackPointExtension>
        </extensions>
      </trkpt>
      <trkpt lat="45.8040865324437618255615234375" lon="126.65701861493289470672607421875">
        <ele>117.59999847412109375</ele>
        <time>2026-10-04T21:22:24.000Z</time>
        <extensions>
          <ns3:TrackPointExtension>
            <ns3:hr>150</ns3:hr>
            <ns3:cad>93</ns3:cad>
          </ns3:TrackPointExtension>
        </extensions>
      </trkpt>
      <trkpt lat="45.8041066490113735198974609375" lon="126.65698349475860595703125">
        <ele>117.40000152587890625</ele>
        <time>2026-10-04T21:22:25.000Z</time>
        <extensions>
          <ns3:TrackPointExtension>
            <ns3:hr>150</ns3:hr>
            <ns3:cad>93</ns3:cad>
          </ns3:TrackPointExtension>
        </extensions>
      </trkpt>
      <trkpt lat="45.804123580455780029296875" lon="126.65695055387914180755615234375">
        <ele>117.40000152587890625</ele>
        <time>2026-10-04T21:22:26.000Z</time>
        <extensions>
          <ns3:TrackPointExtension>
            <ns3:hr>150</ns3:hr>
            <ns3:cad>93</ns3:cad>
          </ns3:TrackPointExtension>
        </extensions>
      </trkpt>
      <trkpt lat="45.80414478667080402374267578125" lon="126.65691702626645565032958984375">
        <ele>117.40000152587890625</ele>
        <time>2026-10-04T21:22:27.000Z</time>
        <extensions>
          <ns3:TrackPointExtension>
            <ns3:hr>150</ns3:hr>
            <ns3:cad>93</ns3:cad>
          </ns3:TrackPointExtension>
        </extensions>
      </trkpt>
      <trkpt lat="45.804161466658115386962890625" lon="126.656880564987659454345703125">
        <ele>117.40000152587890625</ele>
        <time>2026-10-04T21:22:28.000Z</time>
        <extensions>
          <ns3:TrackPointExtension>
            <ns3:hr>150</ns3:hr>
            <ns3:cad>93</ns3:cad>
          </ns3:TrackPointExtension>
        </extensions>
      </trkpt>
      <trkpt lat="45.8041866123676300048828125" lon="126.6568465344607830047607421875">
        <ele>117.59999847412109375</ele>
        <time>2026-10-04T21:22:29.000Z</time>
        <extensions>
          <ns3:TrackPointExtension>
            <ns3:hr>150</ns3:hr>
            <ns3:cad>93</ns3:cad>
          </ns3:TrackPointExtension>
        </extensions>
      </trkpt>
      <trkpt lat="45.80419776029884815216064453125" lon="126.65681325830519199371337890625">
        <ele>117.59999847412109375</ele>
        <time>2026-10-04T21:22:30.000Z</time>
        <extensions>
          <ns3:TrackPointExtension>
            <ns3:hr>150</ns3:hr>
            <ns3:cad>93</ns3:cad>
          </ns3:TrackPointExtension>
        </extensions>
      </trkpt>
      <trkpt lat="45.8042263425886631011962890625" lon="126.65677520446479320526123046875">
        <ele>117.40000152587890625</ele>
        <time>2026-10-04T21:22:31.000Z</time>
        <extensions>
          <ns3:TrackPointExtension>
            <ns3:hr>150</ns3:hr>
            <ns3:cad>93</ns3:cad>
          </ns3:TrackPointExtension>
        </extensions>
      </trkpt>
      <trkpt lat="45.80424629151821136474609375" lon="126.65674989111721515655517578125">
        <ele>117.59999847412109375</ele>
        <time>2026-10-04T21:22:32.000Z</time>
        <extensions>
          <ns3:TrackPointExtension>
            <ns3:hr>151</ns3:hr>
            <ns3:cad>93</ns3:cad>
          </ns3:TrackPointExtension>
        </extensions>
      </trkpt>
      <trkpt lat="45.804273784160614013671875" lon="126.65671787224709987640380859375">
        <ele>117.59999847412109375</ele>
        <time>2026-10-04T21:22:33.000Z</time>
        <extensions>
          <ns3:TrackPointExtension>
            <ns3:hr>150</ns3:hr>
            <ns3:cad>93</ns3:cad>
          </ns3:TrackPointExtension>
        </extensions>
      </trkpt>
      <trkpt lat="45.8042897097766399383544921875" lon="126.65668082423508167266845703125">
        <ele>117.59999847412109375</ele>
        <time>2026-10-04T21:22:34.000Z</time>
        <extensions>
          <ns3:TrackPointExtension>
            <ns3:hr>150</ns3:hr>
            <ns3:cad>93</ns3:cad>
          </ns3:TrackPointExtension>
        </extensions>
      </trkpt>
      <trkpt lat="45.80431410111486911773681640625" lon="126.6566493920981884002685546875">
        <ele>117.59999847412109375</ele>
        <time>2026-10-04T21:22:35.000Z</time>
        <extensions>
          <ns3:TrackPointExtension>
            <ns3:hr>149</ns3:hr>
            <ns3:cad>93</ns3:cad>
          </ns3:TrackPointExtension>
        </extensions>
      </trkpt>
      <trkpt lat="45.80433220602571964263916015625" lon="126.65661209262907505035400390625">
        <ele>117.59999847412109375</ele>
        <time>2026-10-04T21:22:36.000Z</time>
        <extensions>
          <ns3:TrackPointExtension>
            <ns3:hr>149</ns3:hr>
            <ns3:cad>92</ns3:cad>
          </ns3:TrackPointExtension>
        </extensions>
      </trkpt>
      <trkpt lat="45.80435198731720447540283203125" lon="126.65658451616764068603515625">
        <ele>117.59999847412109375</ele>
        <time>2026-10-04T21:22:37.000Z</time>
        <extensions>
          <ns3:TrackPointExtension>
            <ns3:hr>149</ns3:hr>
            <ns3:cad>92</ns3:cad>
          </ns3:TrackPointExtension>
        </extensions>
      </trkpt>
      <trkpt lat="45.80437294207513332366943359375" lon="126.65654562413692474365234375">
        <ele>117.59999847412109375</ele>
        <time>2026-10-04T21:22:38.000Z</time>
        <extensions>
          <ns3:TrackPointExtension>
            <ns3:hr>148</ns3:hr>
            <ns3:cad>92</ns3:cad>
          </ns3:TrackPointExtension>
        </extensions>
      </trkpt>
      <trkpt lat="45.80439037643373012542724609375" lon="126.656515784561634063720703125">
        <ele>117.59999847412109375</ele>
        <time>2026-10-04T21:22:39.000Z</time>
        <extensions>
          <ns3:TrackPointExtension>
            <ns3:hr>148</ns3:hr>
            <ns3:cad>92</ns3:cad>
          </ns3:TrackPointExtension>
        </extensions>
      </trkpt>
      <trkpt lat="45.80441501922905445098876953125" lon="126.65648183785378932952880859375">
        <ele>117.59999847412109375</ele>
        <time>2026-10-04T21:22:40.000Z</time>
        <extensions>
          <ns3:TrackPointExtension>
            <ns3:hr>148</ns3:hr>
            <ns3:cad>92</ns3:cad>
          </ns3:TrackPointExtension>
        </extensions>
      </trkpt>
      <trkpt lat="45.8044315315783023834228515625" lon="126.656450070440769195556640625">
        <ele>117.59999847412109375</ele>
        <time>2026-10-04T21:22:41.000Z</time>
        <extensions>
          <ns3:TrackPointExtension>
            <ns3:hr>149</ns3:hr>
            <ns3:cad>93</ns3:cad>
          </ns3:TrackPointExtension>
        </extensions>
      </trkpt>
      <trkpt lat="45.804455839097499847412109375" lon="126.65641612373292446136474609375">
        <ele>117.59999847412109375</ele>
        <time>2026-10-04T21:22:42.000Z</time>
        <extensions>
          <ns3:TrackPointExtension>
            <ns3:hr>148</ns3:hr>
            <ns3:cad>93</ns3:cad>
          </ns3:TrackPointExtension>
        </extensions>
      </trkpt>
      <trkpt lat="45.8044777996838092803955078125" lon="126.656386367976665496826171875">
        <ele>117.59999847412109375</ele>
        <time>2026-10-04T21:22:43.000Z</time>
        <extensions>
          <ns3:TrackPointExtension>
            <ns3:hr>148</ns3:hr>
            <ns3:cad>93</ns3:cad>
          </ns3:TrackPointExtension>
        </extensions>
      </trkpt>
      <trkpt lat="45.80450202338397502899169921875" lon="126.65635116398334503173828125">
        <ele>117.59999847412109375</ele>
        <time>2026-10-04T21:22:44.000Z</time>
        <extensions>
          <ns3:TrackPointExtension>
            <ns3:hr>149</ns3:hr>
            <ns3:cad>92</ns3:cad>
          </ns3:TrackPointExtension>
        </extensions>
      </trkpt>
      <trkpt lat="45.80451325513422489166259765625" lon="126.6563169658184051513671875">
        <ele>117.59999847412109375</ele>
        <time>2026-10-04T21:22:45.000Z</time>
        <extensions>
          <ns3:TrackPointExtension>
            <ns3:hr>148</ns3:hr>
            <ns3:cad>92</ns3:cad>
          </ns3:TrackPointExtension>
        </extensions>
      </trkpt>
      <trkpt lat="45.80453739501535892486572265625" lon="126.65628486312925815582275390625">
        <ele>117.59999847412109375</ele>
        <time>2026-10-04T21:22:46.000Z</time>
        <extensions>
          <ns3:TrackPointExtension>
            <ns3:hr>148</ns3:hr>
            <ns3:cad>92</ns3:cad>
          </ns3:TrackPointExtension>
        </extensions>
      </trkpt>
      <trkpt lat="45.80455214716494083404541015625" lon="126.6562497429549694061279296875">
        <ele>117.59999847412109375</ele>
        <time>2026-10-04T21:22:47.000Z</time>
        <extensions>
          <ns3:TrackPointExtension>
            <ns3:hr>149</ns3:hr>
            <ns3:cad>93</ns3:cad>
          </ns3:TrackPointExtension>
        </extensions>
      </trkpt>
      <trkpt lat="45.80457486212253570556640625" lon="126.65621814318001270294189453125">
        <ele>117.59999847412109375</ele>
        <time>2026-10-04T21:22:48.000Z</time>
        <extensions>
          <ns3:TrackPointExtension>
            <ns3:hr>149</ns3:hr>
            <ns3:cad>93</ns3:cad>
          </ns3:TrackPointExtension>
        </extensions>
      </trkpt>
      <trkpt lat="45.8045954816043376922607421875" lon="126.6561793349683284759521484375">
        <ele>117.40000152587890625</ele>
        <time>2026-10-04T21:22:49.000Z</time>
        <extensions>
          <ns3:TrackPointExtension>
            <ns3:hr>149</ns3:hr>
            <ns3:cad>93</ns3:cad>
          </ns3:TrackPointExtension>
        </extensions>
      </trkpt>
      <trkpt lat="45.80461232922971248626708984375" lon="126.65614723227918148040771484375">
        <ele>117.40000152587890625</ele>
        <time>2026-10-04T21:22:50.000Z</time>
        <extensions>
          <ns3:TrackPointExtension>
            <ns3:hr>149</ns3:hr>
            <ns3:cad>93</ns3:cad>
          </ns3:TrackPointExtension>
        </extensions>
      </trkpt>
      <trkpt lat="45.80463655292987823486328125" lon="126.656110100448131561279296875">
        <ele>117.40000152587890625</ele>
        <time>2026-10-04T21:22:51.000Z</time>
        <extensions>
          <ns3:TrackPointExtension>
            <ns3:hr>149</ns3:hr>
            <ns3:cad>92</ns3:cad>
          </ns3:TrackPointExtension>
        </extensions>
      </trkpt>
      <trkpt lat="45.80464988015592098236083984375" lon="126.6560782492160797119140625">
        <ele>117.40000152587890625</ele>
        <time>2026-10-04T21:22:52.000Z</time>
        <extensions>
          <ns3:TrackPointExtension>
            <ns3:hr>150</ns3:hr>
            <ns3:cad>92</ns3:cad>
          </ns3:TrackPointExtension>
        </extensions>
      </trkpt>
      <trkpt lat="45.80467586405575275421142578125" lon="126.6560401953756809234619140625">
        <ele>117.40000152587890625</ele>
        <time>2026-10-04T21:22:53.000Z</time>
        <extensions>
          <ns3:TrackPointExtension>
            <ns3:hr>150</ns3:hr>
            <ns3:cad>92</ns3:cad>
          </ns3:TrackPointExtension>
        </extensions>
      </trkpt>
      <trkpt lat="45.8046917058527469635009765625" lon="126.65600725449621677398681640625">
        <ele>117.40000152587890625</ele>
        <time>2026-10-04T21:22:54.000Z</time>
        <extensions>
          <ns3:TrackPointExtension>
            <ns3:hr>150</ns3:hr>
            <ns3:cad>92</ns3:cad>
          </ns3:TrackPointExtension>
        </extensions>
      </trkpt>
      <trkpt lat="45.80472380854189395904541015625" lon="126.65597909130156040191650390625">
        <ele>117.1999969482421875</ele>
        <time>2026-10-04T21:22:55.000Z</time>
        <extensions>
          <ns3:TrackPointExtension>
            <ns3:hr>150</ns3:hr>
            <ns3:cad>92</ns3:cad>
          </ns3:TrackPointExtension>
        </extensions>
      </trkpt>
      <trkpt lat="45.80474073998630046844482421875" lon="126.6559446416795253753662109375">
        <ele>117.1999969482421875</ele>
        <time>2026-10-04T21:22:56.000Z</time>
        <extensions>
          <ns3:TrackPointExtension>
            <ns3:hr>150</ns3:hr>
            <ns3:cad>92</ns3:cad>
          </ns3:TrackPointExtension>
        </extensions>
      </trkpt>
      <trkpt lat="45.80476689152419567108154296875" lon="126.65591924451291561126708984375">
        <ele>117.1999969482421875</ele>
        <time>2026-10-04T21:22:57.000Z</time>
        <extensions>
          <ns3:TrackPointExtension>
            <ns3:hr>150</ns3:hr>
            <ns3:cad>93</ns3:cad>
          </ns3:TrackPointExtension>
        </extensions>
      </trkpt>
      <trkpt lat="45.80478399060666561126708984375" lon="126.65588672272861003875732421875">
        <ele>117.1999969482421875</ele>
        <time>2026-10-04T21:22:58.000Z</time>
        <extensions>
          <ns3:TrackPointExtension>
            <ns3:hr>150</ns3:hr>
            <ns3:cad>93</ns3:cad>
          </ns3:TrackPointExtension>
        </extensions>
      </trkpt>
      <trkpt lat="45.80480913631618022918701171875" lon="126.65586308576166629791259765625">
        <ele>117.1999969482421875</ele>
        <time>2026-10-04T21:22:59.000Z</time>
        <extensions>
          <ns3:TrackPointExtension>
            <ns3:hr>149</ns3:hr>
            <ns3:cad>93</ns3:cad>
          </ns3:TrackPointExtension>
        </extensions>
      </trkpt>
      <trkpt lat="45.8048321865499019622802734375" lon="126.65583525784313678741455078125">
        <ele>117.1999969482421875</ele>
        <time>2026-10-04T21:23:00.000Z</time>
        <extensions>
          <ns3:TrackPointExtension>
            <ns3:hr>150</ns3:hr>
            <ns3:cad>93</ns3:cad>
          </ns3:TrackPointExtension>
        </extensions>
      </trkpt>
      <trkpt lat="45.80485825426876544952392578125" lon="126.6558128781616687774658203125">
        <ele>117.1999969482421875</ele>
        <time>2026-10-04T21:23:01.000Z</time>
        <extensions>
          <ns3:TrackPointExtension>
            <ns3:hr>150</ns3:hr>
            <ns3:cad>93</ns3:cad>
          </ns3:TrackPointExtension>
        </extensions>
      </trkpt>
      <trkpt lat="45.8048861660063266754150390625" lon="126.65578580461442470550537109375">
        <ele>117.1999969482421875</ele>
        <time>2026-10-04T21:23:02.000Z</time>
        <extensions>
          <ns3:TrackPointExtension>
            <ns3:hr>150</ns3:hr>
            <ns3:cad>93</ns3:cad>
          </ns3:TrackPointExtension>
        </extensions>
      </trkpt>
      <trkpt lat="45.8049081265926361083984375" lon="126.6557644307613372802734375">
        <ele>117.1999969482421875</ele>
        <time>2026-10-04T21:23:03.000Z</time>
        <extensions>
          <ns3:TrackPointExtension>
            <ns3:hr>150</ns3:hr>
            <ns3:cad>93</ns3:cad>
          </ns3:TrackPointExtension>
        </extensions>
      </trkpt>
      <trkpt lat="45.804942660033702850341796875" lon="126.65574498474597930908203125">
        <ele>117.1999969482421875</ele>
        <time>2026-10-04T21:23:04.000Z</time>
        <extensions>
          <ns3:TrackPointExtension>
            <ns3:hr>150</ns3:hr>
            <ns3:cad>92</ns3:cad>
          </ns3:TrackPointExtension>
        </extensions>
      </trkpt>
      <trkpt lat="45.8049619384109973907470703125" lon="126.65572025813162326812744140625">
        <ele>117.1999969482421875</ele>
        <time>2026-10-04T21:23:05.000Z</time>
        <extensions>
          <ns3:TrackPointExtension>
            <ns3:hr>150</ns3:hr>
            <ns3:cad>92</ns3:cad>
          </ns3:TrackPointExtension>
        </extensions>
      </trkpt>
      <trkpt lat="45.80499521456658840179443359375" lon="126.65569712407886981964111328125">
        <ele>117.1999969482421875</ele>
        <time>2026-10-04T21:23:06.000Z</time>
        <extensions>
          <ns3:TrackPointExtension>
            <ns3:hr>150</ns3:hr>
            <ns3:cad>92</ns3:cad>
          </ns3:TrackPointExtension>
        </extensions>
      </trkpt>
      <trkpt lat="45.80501633696258068084716796875" lon="126.65567457675933837890625">
        <ele>117.1999969482421875</ele>
        <time>2026-10-04T21:23:07.000Z</time>
        <extensions>
          <ns3:TrackPointExtension>
            <ns3:hr>150</ns3:hr>
            <ns3:cad>92</ns3:cad>
          </ns3:TrackPointExtension>
        </extensions>
      </trkpt>
      <trkpt lat="45.80504827201366424560546875" lon="126.6556539572775363922119140625">
        <ele>117.1999969482421875</ele>
        <time>2026-10-04T21:23:08.000Z</time>
        <extensions>
          <ns3:TrackPointExtension>
            <ns3:hr>150</ns3:hr>
            <ns3:cad>92</ns3:cad>
          </ns3:TrackPointExtension>
        </extensions>
      </trkpt>
      <trkpt lat="45.80507014878094196319580078125" lon="126.655629314482212066650390625">
        <ele>117.1999969482421875</ele>
        <time>2026-10-04T21:23:09.000Z</time>
        <extensions>
          <ns3:TrackPointExtension>
            <ns3:hr>150</ns3:hr>
            <ns3:cad>93</ns3:cad>
          </ns3:TrackPointExtension>
        </extensions>
      </trkpt>
      <trkpt lat="45.805103592574596405029296875" lon="126.6556211002171039581298828125">
        <ele>117.40000152587890625</ele>
        <time>2026-10-04T21:23:10.000Z</time>
        <extensions>
          <ns3:TrackPointExtension>
            <ns3:hr>149</ns3:hr>
            <ns3:cad>93</ns3:cad>
          </ns3:TrackPointExtension>
        </extensions>
      </trkpt>
      <trkpt lat="45.805126391351222991943359375" lon="126.6556008160114288330078125">
        <ele>117.40000152587890625</ele>
        <time>2026-10-04T21:23:11.000Z</time>
        <extensions>
          <ns3:TrackPointExtension>
            <ns3:hr>150</ns3:hr>
            <ns3:cad>93</ns3:cad>
          </ns3:TrackPointExtension>
        </extensions>
      </trkpt>
      <trkpt lat="45.8051587454974651336669921875" lon="126.65559352375566959381103515625">
        <ele>117.40000152587890625</ele>
        <time>2026-10-04T21:23:12.000Z</time>
        <extensions>
          <ns3:TrackPointExtension>
            <ns3:hr>149</ns3:hr>
            <ns3:cad>92</ns3:cad>
          </ns3:TrackPointExtension>
        </extensions>
      </trkpt>
      <trkpt lat="45.8051845617592334747314453125" lon="126.65557508356869220733642578125">
        <ele>117.40000152587890625</ele>
        <time>2026-10-04T21:23:13.000Z</time>
        <extensions>
          <ns3:TrackPointExtension>
            <ns3:hr>149</ns3:hr>
            <ns3:cad>92</ns3:cad>
          </ns3:TrackPointExtension>
        </extensions>
      </trkpt>
      <trkpt lat="45.80521523952484130859375" lon="126.65556519292294979095458984375">
        <ele>117.40000152587890625</ele>
        <time>2026-10-04T21:23:14.000Z</time>
        <extensions>
          <ns3:TrackPointExtension>
            <ns3:hr>150</ns3:hr>
            <ns3:cad>93</ns3:cad>
          </ns3:TrackPointExtension>
        </extensions>
      </trkpt>
      <trkpt lat="45.80524818040430545806884765625" lon="126.65555278770625591278076171875">
        <ele>117.1999969482421875</ele>
        <time>2026-10-04T21:23:15.000Z</time>
        <extensions>
          <ns3:TrackPointExtension>
            <ns3:hr>150</ns3:hr>
            <ns3:cad>93</ns3:cad>
          </ns3:TrackPointExtension>
        </extensions>
      </trkpt>
      <trkpt lat="45.8052740804851055145263671875" lon="126.65554256178438663482666015625">
        <ele>117.1999969482421875</ele>
        <time>2026-10-04T21:23:16.000Z</time>
        <extensions>
          <ns3:TrackPointExtension>
            <ns3:hr>149</ns3:hr>
            <ns3:cad>92</ns3:cad>
          </ns3:TrackPointExtension>
        </extensions>
      </trkpt>
      <trkpt lat="45.8053099550306797027587890625" lon="126.65553350932896137237548828125">
        <ele>117.1999969482421875</ele>
        <time>2026-10-04T21:23:17.000Z</time>
        <extensions>
          <ns3:TrackPointExtension>
            <ns3:hr>149</ns3:hr>
            <ns3:cad>92</ns3:cad>
          </ns3:TrackPointExtension>
        </extensions>
      </trkpt>
      <trkpt lat="45.8053367771208286285400390625" lon="126.65552370250225067138671875">
        <ele>117.1999969482421875</ele>
        <time>2026-10-04T21:23:18.000Z</time>
        <extensions>
          <ns3:TrackPointExtension>
            <ns3:hr>149</ns3:hr>
            <ns3:cad>92</ns3:cad>
          </ns3:TrackPointExtension>
        </extensions>
      </trkpt>
      <trkpt lat="45.80536871217191219329833984375" lon="126.655522026121616363525390625">
        <ele>117.1999969482421875</ele>
        <time>2026-10-04T21:23:19.000Z</time>
        <extensions>
          <ns3:TrackPointExtension>
            <ns3:hr>149</ns3:hr>
            <ns3:cad>92</ns3:cad>
          </ns3:TrackPointExtension>
        </extensions>
      </trkpt>
      <trkpt lat="45.80539067275822162628173828125" lon="126.65551221929490566253662109375">
        <ele>117.1999969482421875</ele>
        <time>2026-10-04T21:23:20.000Z</time>
        <extensions>
          <ns3:TrackPointExtension>
            <ns3:hr>148</ns3:hr>
            <ns3:cad>92</ns3:cad>
          </ns3:TrackPointExtension>
        </extensions>
      </trkpt>
      <trkpt lat="45.80542503856122493743896484375" lon="126.65551138110458850860595703125">
        <ele>117.1999969482421875</ele>
        <time>2026-10-04T21:23:21.000Z</time>
        <extensions>
          <ns3:TrackPointExtension>
            <ns3:hr>148</ns3:hr>
            <ns3:cad>93</ns3:cad>
          </ns3:TrackPointExtension>
        </extensions>
      </trkpt>
      <trkpt lat="45.80544733442366123199462890625" lon="126.65550232864916324615478515625">
        <ele>117.1999969482421875</ele>
        <time>2026-10-04T21:23:22.000Z</time>
        <extensions>
          <ns3:TrackPointExtension>
            <ns3:hr>148</ns3:hr>
            <ns3:cad>93</ns3:cad>
          </ns3:TrackPointExtension>
        </extensions>
      </trkpt>
      <trkpt lat="45.80548119731247425079345703125" lon="126.655505597591400146484375">
        <ele>117.40000152587890625</ele>
        <time>2026-10-04T21:23:23.000Z</time>
        <extensions>
          <ns3:TrackPointExtension>
            <ns3:hr>149</ns3:hr>
            <ns3:cad>93</ns3:cad>
          </ns3:TrackPointExtension>
        </extensions>
      </trkpt>
      <trkpt lat="45.80551036633551120758056640625" lon="126.6554943658411502838134765625">
        <ele>117.40000152587890625</ele>
        <time>2026-10-04T21:23:24.000Z</time>
        <extensions>
          <ns3:TrackPointExtension>
            <ns3:hr>148</ns3:hr>
            <ns3:cad>93</ns3:cad>
          </ns3:TrackPointExtension>
        </extensions>
      </trkpt>
      <trkpt lat="45.80554372631013393402099609375" lon="126.65549964644014835357666015625">
        <ele>117.1999969482421875</ele>
        <time>2026-10-04T21:23:25.000Z</time>
        <extensions>
          <ns3:TrackPointExtension>
            <ns3:hr>148</ns3:hr>
            <ns3:cad>91</ns3:cad>
          </ns3:TrackPointExtension>
        </extensions>
      </trkpt>
      <trkpt lat="45.80557532608509063720703125" lon="126.655491851270198822021484375">
        <ele>117.1999969482421875</ele>
        <time>2026-10-04T21:23:26.000Z</time>
        <extensions>
          <ns3:TrackPointExtension>
            <ns3:hr>148</ns3:hr>
            <ns3:cad>91</ns3:cad>
          </ns3:TrackPointExtension>
        </extensions>
      </trkpt>
      <trkpt lat="45.80560424365103244781494140625" lon="126.655494533479213714599609375">
        <ele>117.1999969482421875</ele>
        <time>2026-10-04T21:23:27.000Z</time>
        <extensions>
          <ns3:TrackPointExtension>
            <ns3:hr>148</ns3:hr>
            <ns3:cad>93</ns3:cad>
          </ns3:TrackPointExtension>
        </extensions>
      </trkpt>
      <trkpt lat="45.805636346340179443359375" lon="126.65550333447754383087158203125">
        <ele>117.1999969482421875</ele>
        <time>2026-10-04T21:23:28.000Z</time>
        <extensions>
          <ns3:TrackPointExtension>
            <ns3:hr>148</ns3:hr>
            <ns3:cad>93</ns3:cad>
          </ns3:TrackPointExtension>
        </extensions>
      </trkpt>
      <trkpt lat="45.805658139288425445556640625" lon="126.65550199337303638458251953125">
        <ele>117.1999969482421875</ele>
        <time>2026-10-04T21:23:29.000Z</time>
        <extensions>
          <ns3:TrackPointExtension>
            <ns3:hr>148</ns3:hr>
            <ns3:cad>93</ns3:cad>
          </ns3:TrackPointExtension>
        </extensions>
      </trkpt>
      <trkpt lat="45.8056888170540332794189453125" lon="126.65551875717937946319580078125">
        <ele>117.1999969482421875</ele>
        <time>2026-10-04T21:23:30.000Z</time>
        <extensions>
          <ns3:TrackPointExtension>
            <ns3:hr>148</ns3:hr>
            <ns3:cad>92</ns3:cad>
          </ns3:TrackPointExtension>
        </extensions>
      </trkpt>
      <trkpt lat="45.8057186566293239593505859375" lon="126.6555278934538364410400390625">
        <ele>117</ele>
        <time>2026-10-04T21:23:31.000Z</time>
        <extensions>
          <ns3:TrackPointExtension>
            <ns3:hr>148</ns3:hr>
            <ns3:cad>92</ns3:cad>
          </ns3:TrackPointExtension>
        </extensions>
      </trkpt>
      <trkpt lat="45.8057478256523609161376953125" lon="126.65554256178438663482666015625">
        <ele>117.1999969482421875</ele>
        <time>2026-10-04T21:23:32.000Z</time>
        <extensions>
          <ns3:TrackPointExtension>
            <ns3:hr>148</ns3:hr>
            <ns3:cad>92</ns3:cad>
          </ns3:TrackPointExtension>
        </extensions>
      </trkpt>
      <trkpt lat="45.8057753182947635650634765625" lon="126.65554725565016269683837890625">
        <ele>117</ele>
        <time>2026-10-04T21:23:33.000Z</time>
        <extensions>
          <ns3:TrackPointExtension>
            <ns3:hr>148</ns3:hr>
            <ns3:cad>92</ns3:cad>
          </ns3:TrackPointExtension>
        </extensions>
      </trkpt>
      <trkpt lat="45.80581136047840118408203125" lon="126.65556368418037891387939453125">
        <ele>117</ele>
        <time>2026-10-04T21:23:34.000Z</time>
        <extensions>
          <ns3:TrackPointExtension>
            <ns3:hr>148</ns3:hr>
            <ns3:cad>92</ns3:cad>
          </ns3:TrackPointExtension>
        </extensions>
      </trkpt>
      <trkpt lat="45.80584061332046985626220703125" lon="126.6555590741336345672607421875">
        <ele>117</ele>
        <time>2026-10-04T21:23:35.000Z</time>
        <extensions>
          <ns3:TrackPointExtension>
            <ns3:hr>148</ns3:hr>
            <ns3:cad>92</ns3:cad>
          </ns3:TrackPointExtension>
        </extensions>
      </trkpt>
      <trkpt lat="45.80587447620928287506103515625" lon="126.65557323954999446868896484375">
        <ele>117.1999969482421875</ele>
        <time>2026-10-04T21:23:36.000Z</time>
        <extensions>
          <ns3:TrackPointExtension>
            <ns3:hr>148</ns3:hr>
            <ns3:cad>92</ns3:cad>
          </ns3:TrackPointExtension>
        </extensions>
      </trkpt>
      <trkpt lat="45.80590389668941497802734375" lon="126.65558614768087863922119140625">
        <ele>117.1999969482421875</ele>
        <time>2026-10-04T21:23:37.000Z</time>
        <extensions>
          <ns3:TrackPointExtension>
            <ns3:hr>147</ns3:hr>
            <ns3:cad>92</ns3:cad>
          </ns3:TrackPointExtension>
        </extensions>
      </trkpt>
      <trkpt lat="45.80592879094183444976806640625" lon="126.65560710243880748748779296875">
        <ele>117.1999969482421875</ele>
        <time>2026-10-04T21:23:38.000Z</time>
        <extensions>
          <ns3:TrackPointExtension>
            <ns3:hr>147</ns3:hr>
            <ns3:cad>92</ns3:cad>
          </ns3:TrackPointExtension>
        </extensions>
      </trkpt>
      <trkpt lat="45.80595913343131542205810546875" lon="126.65562151931226253509521484375">
        <ele>117.1999969482421875</ele>
        <time>2026-10-04T21:23:39.000Z</time>
        <extensions>
          <ns3:TrackPointExtension>
            <ns3:hr>147</ns3:hr>
            <ns3:cad>92</ns3:cad>
          </ns3:TrackPointExtension>
        </extensions>
      </trkpt>
      <trkpt lat="45.805986709892749786376953125" lon="126.655638031661510467529296875">
        <ele>117.1999969482421875</ele>
        <time>2026-10-04T21:23:40.000Z</time>
        <extensions>
          <ns3:TrackPointExtension>
            <ns3:hr>147</ns3:hr>
            <ns3:cad>92</ns3:cad>
          </ns3:TrackPointExtension>
        </extensions>
      </trkpt>
      <trkpt lat="45.8060170523822307586669921875" lon="126.6556549631059169769287109375">
        <ele>117.1999969482421875</ele>
        <time>2026-10-04T21:23:41.000Z</time>
        <extensions>
          <ns3:TrackPointExtension>
            <ns3:hr>146</ns3:hr>
            <ns3:cad>91</ns3:cad>
          </ns3:TrackPointExtension>
        </extensions>
      </trkpt>
      <trkpt lat="45.806040354073047637939453125" lon="126.65567449294030666351318359375">
        <ele>117.1999969482421875</ele>
        <time>2026-10-04T21:23:42.000Z</time>
        <extensions>
          <ns3:TrackPointExtension>
            <ns3:hr>146</ns3:hr>
            <ns3:cad>91</ns3:cad>
          </ns3:TrackPointExtension>
        </extensions>
      </trkpt>
      <trkpt lat="45.80607287585735321044921875" lon="126.655699051916599273681640625">
        <ele>117</ele>
        <time>2026-10-04T21:23:43.000Z</time>
        <extensions>
          <ns3:TrackPointExtension>
            <ns3:hr>147</ns3:hr>
            <ns3:cad>91</ns3:cad>
          </ns3:TrackPointExtension>
        </extensions>
      </trkpt>
      <trkpt lat="45.80609542317688465118408203125" lon="126.6557129658758640289306640625">
        <ele>117.1999969482421875</ele>
        <time>2026-10-04T21:23:44.000Z</time>
        <extensions>
          <ns3:TrackPointExtension>
            <ns3:hr>147</ns3:hr>
            <ns3:cad>91</ns3:cad>
          </ns3:TrackPointExtension>
        </extensions>
      </trkpt>
      <trkpt lat="45.8061260171234607696533203125" lon="126.65574104525148868560791015625">
        <ele>117.1999969482421875</ele>
        <time>2026-10-04T21:23:45.000Z</time>
        <extensions>
          <ns3:TrackPointExtension>
            <ns3:hr>147</ns3:hr>
            <ns3:cad>91</ns3:cad>
          </ns3:TrackPointExtension>
        </extensions>
      </trkpt>
      <trkpt lat="45.806151330471038818359375" lon="126.6557545401155948638916015625">
        <ele>117.1999969482421875</ele>
        <time>2026-10-04T21:23:46.000Z</time>
        <extensions>
          <ns3:TrackPointExtension>
            <ns3:hr>147</ns3:hr>
            <ns3:cad>92</ns3:cad>
          </ns3:TrackPointExtension>
        </extensions>
      </trkpt>
      <trkpt lat="45.80617806874215602874755859375" lon="126.65578731335699558258056640625">
        <ele>117</ele>
        <time>2026-10-04T21:23:47.000Z</time>
        <extensions>
          <ns3:TrackPointExtension>
            <ns3:hr>147</ns3:hr>
            <ns3:cad>92</ns3:cad>
          </ns3:TrackPointExtension>
        </extensions>
      </trkpt>
      <trkpt lat="45.8062031306326389312744140625" lon="126.65580575354397296905517578125">
        <ele>117</ele>
        <time>2026-10-04T21:23:48.000Z</time>
        <extensions>
          <ns3:TrackPointExtension>
            <ns3:hr>147</ns3:hr>
            <ns3:cad>92</ns3:cad>
          </ns3:TrackPointExtension>
        </extensions>
      </trkpt>
      <trkpt lat="45.8062276057898998260498046875" lon="126.65583483874797821044921875">
        <ele>117</ele>
        <time>2026-10-04T21:23:49.000Z</time>
        <extensions>
          <ns3:TrackPointExtension>
            <ns3:hr>147</ns3:hr>
            <ns3:cad>92</ns3:cad>
          </ns3:TrackPointExtension>
        </extensions>
      </trkpt>
      <trkpt lat="45.806253254413604736328125" lon="126.6558475792407989501953125">
        <ele>117</ele>
        <time>2026-10-04T21:23:50.000Z</time>
        <extensions>
          <ns3:TrackPointExtension>
            <ns3:hr>147</ns3:hr>
            <ns3:cad>93</ns3:cad>
          </ns3:TrackPointExtension>
        </extensions>
      </trkpt>
      <trkpt lat="45.80628049559891223907470703125" lon="126.6558816097676753997802734375">
        <ele>117</ele>
        <time>2026-10-04T21:23:51.000Z</time>
        <extensions>
          <ns3:TrackPointExtension>
            <ns3:hr>147</ns3:hr>
            <ns3:cad>93</ns3:cad>
          </ns3:TrackPointExtension>
        </extensions>
      </trkpt>
      <trkpt lat="45.8063043840229511260986328125" lon="126.65589745156466960906982421875">
        <ele>117.1999969482421875</ele>
        <time>2026-10-04T21:23:52.000Z</time>
        <extensions>
          <ns3:TrackPointExtension>
            <ns3:hr>148</ns3:hr>
            <ns3:cad>92</ns3:cad>
          </ns3:TrackPointExtension>
        </extensions>
      </trkpt>
      <trkpt lat="45.806331373751163482666015625" lon="126.65592846460640430450439453125">
        <ele>117.1999969482421875</ele>
        <time>2026-10-04T21:23:53.000Z</time>
        <extensions>
          <ns3:TrackPointExtension>
            <ns3:hr>148</ns3:hr>
            <ns3:cad>92</ns3:cad>
          </ns3:TrackPointExtension>
        </extensions>
      </trkpt>
      <trkpt lat="45.8063573576509952545166015625" lon="126.65594455786049365997314453125">
        <ele>117.1999969482421875</ele>
        <time>2026-10-04T21:23:54.000Z</time>
        <extensions>
          <ns3:TrackPointExtension>
            <ns3:hr>148</ns3:hr>
            <ns3:cad>91</ns3:cad>
          </ns3:TrackPointExtension>
        </extensions>
      </trkpt>
      <trkpt lat="45.806382000446319580078125" lon="126.65596903301775455474853515625">
        <ele>117.1999969482421875</ele>
        <time>2026-10-04T21:23:55.000Z</time>
        <extensions>
          <ns3:TrackPointExtension>
            <ns3:hr>148</ns3:hr>
            <ns3:cad>91</ns3:cad>
          </ns3:TrackPointExtension>
        </extensions>
      </trkpt>
      <trkpt lat="45.806407816708087921142578125" lon="126.65598965249955654144287109375">
        <ele>117.1999969482421875</ele>
        <time>2026-10-04T21:23:56.000Z</time>
        <extensions>
          <ns3:TrackPointExtension>
            <ns3:hr>147</ns3:hr>
            <ns3:cad>91</ns3:cad>
          </ns3:TrackPointExtension>
        </extensions>
      </trkpt>
      <trkpt lat="45.8064297772943973541259765625" lon="126.65601479820907115936279296875">
        <ele>117</ele>
        <time>2026-10-04T21:23:57.000Z</time>
        <extensions>
          <ns3:TrackPointExtension>
            <ns3:hr>147</ns3:hr>
            <ns3:cad>93</ns3:cad>
          </ns3:TrackPointExtension>
        </extensions>
      </trkpt>
      <trkpt lat="45.80645534209907054901123046875" lon="126.65603809989988803863525390625">
        <ele>117</ele>
        <time>2026-10-04T21:23:58.000Z</time>
        <extensions>
          <ns3:TrackPointExtension>
            <ns3:hr>147</ns3:hr>
            <ns3:cad>93</ns3:cad>
          </ns3:TrackPointExtension>
        </extensions>
      </trkpt>
      <trkpt lat="45.80647562630474567413330078125" lon="126.65605821646749973297119140625">
        <ele>117</ele>
        <time>2026-10-04T21:23:59.000Z</time>
        <extensions>
          <ns3:TrackPointExtension>
            <ns3:hr>147</ns3:hr>
            <ns3:cad>93</ns3:cad>
          </ns3:TrackPointExtension>
        </extensions>
      </trkpt>
      <trkpt lat="45.80650580115616321563720703125" lon="126.6560862958431243896484375">
        <ele>117</ele>
        <time>2026-10-04T21:24:00.000Z</time>
        <extensions>
          <ns3:TrackPointExtension>
            <ns3:hr>147</ns3:hr>
            <ns3:cad>93</ns3:cad>
          </ns3:TrackPointExtension>
        </extensions>
      </trkpt>
      <trkpt lat="45.806529521942138671875" lon="126.656102724373340606689453125">
        <ele>117</ele>
        <time>2026-10-04T21:24:01.000Z</time>
        <extensions>
          <ns3:TrackPointExtension>
            <ns3:hr>146</ns3:hr>
            <ns3:cad>93</ns3:cad>
          </ns3:TrackPointExtension>
        </extensions>
      </trkpt>
      <trkpt lat="45.80656045116484165191650390625" lon="126.6561317257583141326904296875">
        <ele>117</ele>
        <time>2026-10-04T21:24:02.000Z</time>
        <extensions>
          <ns3:TrackPointExtension>
            <ns3:hr>147</ns3:hr>
            <ns3:cad>93</ns3:cad>
          </ns3:TrackPointExtension>
        </extensions>
      </trkpt>
      <trkpt lat="45.806584171950817108154296875" lon="126.65614890865981578826904296875">
        <ele>117</ele>
        <time>2026-10-04T21:24:03.000Z</time>
        <extensions>
          <ns3:TrackPointExtension>
            <ns3:hr>147</ns3:hr>
            <ns3:cad>93</ns3:cad>
          </ns3:TrackPointExtension>
        </extensions>
      </trkpt>
      <trkpt lat="45.80660806037485599517822265625" lon="126.65617707185447216033935546875">
        <ele>117</ele>
        <time>2026-10-04T21:24:04.000Z</time>
        <extensions>
          <ns3:TrackPointExtension>
            <ns3:hr>147</ns3:hr>
            <ns3:cad>93</ns3:cad>
          </ns3:TrackPointExtension>
        </extensions>
      </trkpt>
      <trkpt lat="45.80663270317018032073974609375" lon="126.65619132108986377716064453125">
        <ele>117.1999969482421875</ele>
        <time>2026-10-04T21:24:05.000Z</time>
        <extensions>
          <ns3:TrackPointExtension>
            <ns3:hr>147</ns3:hr>
            <ns3:cad>92</ns3:cad>
          </ns3:TrackPointExtension>
        </extensions>
      </trkpt>
      <trkpt lat="45.80666237510740756988525390625" lon="126.65622149594128131866455078125">
        <ele>117.1999969482421875</ele>
        <time>2026-10-04T21:24:06.000Z</time>
        <extensions>
          <ns3:TrackPointExtension>
            <ns3:hr>147</ns3:hr>
            <ns3:cad>92</ns3:cad>
          </ns3:TrackPointExtension>
        </extensions>
      </trkpt>
      <trkpt lat="45.806689448654651641845703125" lon="126.65623440407216548919677734375">
        <ele>117.1999969482421875</ele>
        <time>2026-10-04T21:24:07.000Z</time>
        <extensions>
          <ns3:TrackPointExtension>
            <ns3:hr>147</ns3:hr>
            <ns3:cad>92</ns3:cad>
          </ns3:TrackPointExtension>
        </extensions>
      </trkpt>
      <trkpt lat="45.80671652220189571380615234375" lon="126.6562594659626483917236328125">
        <ele>117.1999969482421875</ele>
        <time>2026-10-04T21:24:08.000Z</time>
        <extensions>
          <ns3:TrackPointExtension>
            <ns3:hr>147</ns3:hr>
            <ns3:cad>92</ns3:cad>
          </ns3:TrackPointExtension>
        </extensions>
      </trkpt>
      <trkpt lat="45.80674099735915660858154296875" lon="126.65626323781907558441162109375">
        <ele>117.1999969482421875</ele>
        <time>2026-10-04T21:24:09.000Z</time>
        <extensions>
          <ns3:TrackPointExtension>
            <ns3:hr>147</ns3:hr>
            <ns3:cad>92</ns3:cad>
          </ns3:TrackPointExtension>
        </extensions>
      </trkpt>
      <trkpt lat="45.80676832236349582672119140625" lon="126.65628620423376560211181640625">
        <ele>117.1999969482421875</ele>
        <time>2026-10-04T21:24:10.000Z</time>
        <extensions>
          <ns3:TrackPointExtension>
            <ns3:hr>147</ns3:hr>
            <ns3:cad>92</ns3:cad>
          </ns3:TrackPointExtension>
        </extensions>
      </trkpt>
      <trkpt lat="45.806792713701725006103515625" lon="126.65629911236464977264404296875">
        <ele>117.1999969482421875</ele>
        <time>2026-10-04T21:24:11.000Z</time>
        <extensions>
          <ns3:TrackPointExtension>
            <ns3:hr>147</ns3:hr>
            <ns3:cad>92</ns3:cad>
          </ns3:TrackPointExtension>
        </extensions>
      </trkpt>
      <trkpt lat="45.806818194687366485595703125" lon="126.65632844902575016021728515625">
        <ele>117.1999969482421875</ele>
        <time>2026-10-04T21:24:12.000Z</time>
        <extensions>
          <ns3:TrackPointExtension>
            <ns3:hr>147</ns3:hr>
            <ns3:cad>92</ns3:cad>
          </ns3:TrackPointExtension>
        </extensions>
      </trkpt>
      <trkpt lat="45.806843005120754241943359375" lon="126.65634755976498126983642578125">
        <ele>117.1999969482421875</ele>
        <time>2026-10-04T21:24:13.000Z</time>
        <extensions>
          <ns3:TrackPointExtension>
            <ns3:hr>147</ns3:hr>
            <ns3:cad>92</ns3:cad>
          </ns3:TrackPointExtension>
        </extensions>
      </trkpt>
      <trkpt lat="45.8068683184683322906494140625" lon="126.65637589059770107269287109375">
        <ele>117.1999969482421875</ele>
        <time>2026-10-04T21:24:14.000Z</time>
        <extensions>
          <ns3:TrackPointExtension>
            <ns3:hr>148</ns3:hr>
            <ns3:cad>92</ns3:cad>
          </ns3:TrackPointExtension>
        </extensions>
      </trkpt>
      <trkpt lat="45.80689388327300548553466796875" lon="126.656398773193359375">
        <ele>117.1999969482421875</ele>
        <time>2026-10-04T21:24:15.000Z</time>
        <extensions>
          <ns3:TrackPointExtension>
            <ns3:hr>147</ns3:hr>
            <ns3:cad>92</ns3:cad>
          </ns3:TrackPointExtension>
        </extensions>
      </trkpt>
      <trkpt lat="45.80691777169704437255859375" lon="126.65642417035996913909912109375">
        <ele>117.1999969482421875</ele>
        <time>2026-10-04T21:24:16.000Z</time>
        <extensions>
          <ns3:TrackPointExtension>
            <ns3:hr>147</ns3:hr>
            <ns3:cad>92</ns3:cad>
          </ns3:TrackPointExtension>
        </extensions>
      </trkpt>
      <trkpt lat="45.80694501288235187530517578125" lon="126.65644864551723003387451171875">
        <ele>117.1999969482421875</ele>
        <time>2026-10-04T21:24:17.000Z</time>
        <extensions>
          <ns3:TrackPointExtension>
            <ns3:hr>147</ns3:hr>
            <ns3:cad>93</ns3:cad>
          </ns3:TrackPointExtension>
        </extensions>
      </trkpt>
      <trkpt lat="45.8069682307541370391845703125" lon="126.6564676724374294281005859375">
        <ele>117.1999969482421875</ele>
        <time>2026-10-04T21:24:18.000Z</time>
        <extensions>
          <ns3:TrackPointExtension>
            <ns3:hr>147</ns3:hr>
            <ns3:cad>93</ns3:cad>
          </ns3:TrackPointExtension>
        </extensions>
      </trkpt>
      <trkpt lat="45.80699413083493709564208984375" lon="126.65649541653692722320556640625">
        <ele>117.1999969482421875</ele>
        <time>2026-10-04T21:24:19.000Z</time>
        <extensions>
          <ns3:TrackPointExtension>
            <ns3:hr>147</ns3:hr>
            <ns3:cad>92</ns3:cad>
          </ns3:TrackPointExtension>
        </extensions>
      </trkpt>
      <trkpt lat="45.80701835453510284423828125" lon="126.65651335380971431732177734375">
        <ele>117.1999969482421875</ele>
        <time>2026-10-04T21:24:20.000Z</time>
        <extensions>
          <ns3:TrackPointExtension>
            <ns3:hr>147</ns3:hr>
            <ns3:cad>92</ns3:cad>
          </ns3:TrackPointExtension>
        </extensions>
      </trkpt>
      <trkpt lat="45.80705054104328155517578125" lon="126.65653891861438751220703125">
        <ele>117.1999969482421875</ele>
        <time>2026-10-04T21:24:21.000Z</time>
        <extensions>
          <ns3:TrackPointExtension>
            <ns3:hr>147</ns3:hr>
            <ns3:cad>93</ns3:cad>
          </ns3:TrackPointExtension>
        </extensions>
      </trkpt>
      <trkpt lat="45.8070755191147327423095703125" lon="126.65654855780303478240966796875">
        <ele>117.1999969482421875</ele>
        <time>2026-10-04T21:24:22.000Z</time>
        <extensions>
          <ns3:TrackPointExtension>
            <ns3:hr>147</ns3:hr>
            <ns3:cad>94</ns3:cad>
          </ns3:TrackPointExtension>
        </extensions>
      </trkpt>
      <trkpt lat="45.8071103878319263458251953125" lon="126.65657512843608856201171875">
        <ele>117</ele>
        <time>2026-10-04T21:24:23.000Z</time>
        <extensions>
          <ns3:TrackPointExtension>
            <ns3:hr>146</ns3:hr>
            <ns3:cad>93</ns3:cad>
          </ns3:TrackPointExtension>
        </extensions>
      </trkpt>
      <trkpt lat="45.80713461153209209442138671875" lon="126.656580828130245208740234375">
        <ele>117.1999969482421875</ele>
        <time>2026-10-04T21:24:24.000Z</time>
        <extensions>
          <ns3:TrackPointExtension>
            <ns3:hr>146</ns3:hr>
            <ns3:cad>93</ns3:cad>
          </ns3:TrackPointExtension>
        </extensions>
      </trkpt>
      <trkpt lat="45.80716713331639766693115234375" lon="126.65660689584910869598388671875">
        <ele>117.1999969482421875</ele>
        <time>2026-10-04T21:24:25.000Z</time>
        <extensions>
          <ns3:TrackPointExtension>
            <ns3:hr>146</ns3:hr>
            <ns3:cad>92</ns3:cad>
          </ns3:TrackPointExtension>
        </extensions>
      </trkpt>
      <trkpt lat="45.8071925304830074310302734375" lon="126.6566141881048679351806640625">
        <ele>117.1999969482421875</ele>
        <time>2026-10-04T21:24:26.000Z</time>
        <extensions>
          <ns3:TrackPointExtension>
            <ns3:hr>146</ns3:hr>
            <ns3:cad>92</ns3:cad>
          </ns3:TrackPointExtension>
        </extensions>
      </trkpt>
      <trkpt lat="45.8072220347821712493896484375" lon="126.65663539431989192962646484375">
        <ele>117.1999969482421875</ele>
        <time>2026-10-04T21:24:27.000Z</time>
        <extensions>
          <ns3:TrackPointExtension>
            <ns3:hr>146</ns3:hr>
            <ns3:cad>92</ns3:cad>
          </ns3:TrackPointExtension>
        </extensions>
      </trkpt>
      <trkpt lat="45.807251371443271636962890625" lon="126.656649895012378692626953125">
        <ele>117.1999969482421875</ele>
        <time>2026-10-04T21:24:28.000Z</time>
        <extensions>
          <ns3:TrackPointExtension>
            <ns3:hr>146</ns3:hr>
            <ns3:cad>92</ns3:cad>
          </ns3:TrackPointExtension>
        </extensions>
      </trkpt>
      <trkpt lat="45.8072765171527862548828125" lon="126.65667009539902210235595703125">
        <ele>117.1999969482421875</ele>
        <time>2026-10-04T21:24:29.000Z</time>
        <extensions>
          <ns3:TrackPointExtension>
            <ns3:hr>147</ns3:hr>
            <ns3:cad>92</ns3:cad>
          </ns3:TrackPointExtension>
        </extensions>
      </trkpt>
      <trkpt lat="45.8073071949183940887451171875" lon="126.6566856019198894500732421875">
        <ele>117.1999969482421875</ele>
        <time>2026-10-04T21:24:30.000Z</time>
        <extensions>
          <ns3:TrackPointExtension>
            <ns3:hr>147</ns3:hr>
            <ns3:cad>93</ns3:cad>
          </ns3:TrackPointExtension>
        </extensions>
      </trkpt>
      <trkpt lat="45.807328484952449798583984375" lon="126.65669851005077362060546875">
        <ele>117.1999969482421875</ele>
        <time>2026-10-04T21:24:31.000Z</time>
        <extensions>
          <ns3:TrackPointExtension>
            <ns3:hr>147</ns3:hr>
            <ns3:cad>94</ns3:cad>
          </ns3:TrackPointExtension>
        </extensions>
      </trkpt>
      <trkpt lat="45.8073569834232330322265625" lon="126.65671451948583126068115234375">
        <ele>117.1999969482421875</ele>
        <time>2026-10-04T21:24:32.000Z</time>
        <extensions>
          <ns3:TrackPointExtension>
            <ns3:hr>147</ns3:hr>
            <ns3:cad>93</ns3:cad>
          </ns3:TrackPointExtension>
        </extensions>
      </trkpt>
      <trkpt lat="45.80738472752273082733154296875" lon="126.6567251645028591156005859375">
        <ele>117.1999969482421875</ele>
        <time>2026-10-04T21:24:33.000Z</time>
        <extensions>
          <ns3:TrackPointExtension>
            <ns3:hr>148</ns3:hr>
            <ns3:cad>93</ns3:cad>
          </ns3:TrackPointExtension>
        </extensions>
      </trkpt>
      <trkpt lat="45.8074161596596240997314453125" lon="126.6567452810704708099365234375">
        <ele>117.1999969482421875</ele>
        <time>2026-10-04T21:24:34.000Z</time>
        <extensions>
          <ns3:TrackPointExtension>
            <ns3:hr>148</ns3:hr>
            <ns3:cad>93</ns3:cad>
          </ns3:TrackPointExtension>
        </extensions>
      </trkpt>
      <trkpt lat="45.80744080245494842529296875" lon="126.6567482985556125640869140625">
        <ele>117.1999969482421875</ele>
        <time>2026-10-04T21:24:35.000Z</time>
        <extensions>
          <ns3:TrackPointExtension>
            <ns3:hr>148</ns3:hr>
            <ns3:cad>93</ns3:cad>
          </ns3:TrackPointExtension>
        </extensions>
      </trkpt>
      <trkpt lat="45.8074744977056980133056640625" lon="126.65677000768482685089111328125">
        <ele>117.1999969482421875</ele>
        <time>2026-10-04T21:24:36.000Z</time>
        <extensions>
          <ns3:TrackPointExtension>
            <ns3:hr>148</ns3:hr>
            <ns3:cad>93</ns3:cad>
          </ns3:TrackPointExtension>
        </extensions>
      </trkpt>
      <trkpt lat="45.8074983023107051849365234375" lon="126.6567734442651271820068359375">
        <ele>117.1999969482421875</ele>
        <time>2026-10-04T21:24:37.000Z</time>
        <extensions>
          <ns3:TrackPointExtension>
            <ns3:hr>148</ns3:hr>
            <ns3:cad>93</ns3:cad>
          </ns3:TrackPointExtension>
        </extensions>
      </trkpt>
      <trkpt lat="45.8075273036956787109375" lon="126.65678945370018482208251953125">
        <ele>117.1999969482421875</ele>
        <time>2026-10-04T21:24:38.000Z</time>
        <extensions>
          <ns3:TrackPointExtension>
            <ns3:hr>149</ns3:hr>
            <ns3:cad>92</ns3:cad>
          </ns3:TrackPointExtension>
        </extensions>
      </trkpt>
      <trkpt lat="45.80755521543323993682861328125" lon="126.6567908786237239837646484375">
        <ele>117.1999969482421875</ele>
        <time>2026-10-04T21:24:39.000Z</time>
        <extensions>
          <ns3:TrackPointExtension>
            <ns3:hr>149</ns3:hr>
            <ns3:cad>92</ns3:cad>
          </ns3:TrackPointExtension>
        </extensions>
      </trkpt>
      <trkpt lat="45.80758673138916492462158203125" lon="126.65680789388716220855712890625">
        <ele>117</ele>
        <time>2026-10-04T21:24:40.000Z</time>
        <extensions>
          <ns3:TrackPointExtension>
            <ns3:hr>149</ns3:hr>
            <ns3:cad>92</ns3:cad>
          </ns3:TrackPointExtension>
        </extensions>
      </trkpt>
      <trkpt lat="45.80761305056512355804443359375" lon="126.65681250393390655517578125">
        <ele>117</ele>
        <time>2026-10-04T21:24:41.000Z</time>
        <extensions>
          <ns3:TrackPointExtension>
            <ns3:hr>148</ns3:hr>
            <ns3:cad>92</ns3:cad>
          </ns3:TrackPointExtension>
        </extensions>
      </trkpt>
      <trkpt lat="45.80764540471136569976806640625" lon="126.65683086030185222625732421875">
        <ele>117</ele>
        <time>2026-10-04T21:24:42.000Z</time>
        <extensions>
          <ns3:TrackPointExtension>
            <ns3:hr>149</ns3:hr>
            <ns3:cad>92</ns3:cad>
          </ns3:TrackPointExtension>
        </extensions>
      </trkpt>
      <trkpt lat="45.80767289735376834869384765625" lon="126.65683605708181858062744140625">
        <ele>117</ele>
        <time>2026-10-04T21:24:43.000Z</time>
        <extensions>
          <ns3:TrackPointExtension>
            <ns3:hr>149</ns3:hr>
            <ns3:cad>92</ns3:cad>
          </ns3:TrackPointExtension>
        </extensions>
      </trkpt>
      <trkpt lat="45.8077028207480907440185546875" lon="126.65685080923140048980712890625">
        <ele>117</ele>
        <time>2026-10-04T21:24:44.000Z</time>
        <extensions>
          <ns3:TrackPointExtension>
            <ns3:hr>148</ns3:hr>
            <ns3:cad>92</ns3:cad>
          </ns3:TrackPointExtension>
        </extensions>
      </trkpt>
      <trkpt lat="45.80773408524692058563232421875" lon="126.65685751475393772125244140625">
        <ele>117</ele>
        <time>2026-10-04T21:24:45.000Z</time>
        <extensions>
          <ns3:TrackPointExtension>
            <ns3:hr>148</ns3:hr>
            <ns3:cad>92</ns3:cad>
          </ns3:TrackPointExtension>
        </extensions>
      </trkpt>
      <trkpt lat="45.80776006914675235748291015625" lon="126.65686086751520633697509765625">
        <ele>117</ele>
        <time>2026-10-04T21:24:46.000Z</time>
        <extensions>
          <ns3:TrackPointExtension>
            <ns3:hr>148</ns3:hr>
            <ns3:cad>93</ns3:cad>
          </ns3:TrackPointExtension>
        </extensions>
      </trkpt>
      <trkpt lat="45.80779552459716796875" lon="126.6568710096180438995361328125">
        <ele>117</ele>
        <time>2026-10-04T21:24:47.000Z</time>
        <extensions>
          <ns3:TrackPointExtension>
            <ns3:hr>148</ns3:hr>
            <ns3:cad>93</ns3:cad>
          </ns3:TrackPointExtension>
        </extensions>
      </trkpt>
      <trkpt lat="45.807820670306682586669921875" lon="126.65687729604542255401611328125">
        <ele>117</ele>
        <time>2026-10-04T21:24:48.000Z</time>
        <extensions>
          <ns3:TrackPointExtension>
            <ns3:hr>147</ns3:hr>
            <ns3:cad>93</ns3:cad>
          </ns3:TrackPointExtension>
        </extensions>
      </trkpt>
      <trkpt lat="45.80785444937646389007568359375" lon="126.65688919834792613983154296875">
        <ele>117</ele>
        <time>2026-10-04T21:24:49.000Z</time>
        <extensions>
          <ns3:TrackPointExtension>
            <ns3:hr>147</ns3:hr>
            <ns3:cad>93</ns3:cad>
          </ns3:TrackPointExtension>
        </extensions>
      </trkpt>
      <trkpt lat="45.8078811876475811004638671875" lon="126.65689037181437015533447265625">
        <ele>117</ele>
        <time>2026-10-04T21:24:50.000Z</time>
        <extensions>
          <ns3:TrackPointExtension>
            <ns3:hr>147</ns3:hr>
            <ns3:cad>93</ns3:cad>
          </ns3:TrackPointExtension>
        </extensions>
      </trkpt>
      <trkpt lat="45.807915888726711273193359375" lon="126.656903363764286041259765625">
        <ele>117</ele>
        <time>2026-10-04T21:24:51.000Z</time>
        <extensions>
          <ns3:TrackPointExtension>
            <ns3:hr>147</ns3:hr>
            <ns3:cad>93</ns3:cad>
          </ns3:TrackPointExtension>
        </extensions>
      </trkpt>
      <trkpt lat="45.8079418726265430450439453125" lon="126.6568948142230510711669921875">
        <ele>117</ele>
        <time>2026-10-04T21:24:52.000Z</time>
        <extensions>
          <ns3:TrackPointExtension>
            <ns3:hr>147</ns3:hr>
            <ns3:cad>94</ns3:cad>
          </ns3:TrackPointExtension>
        </extensions>
      </trkpt>
      <trkpt lat="45.80797749571502208709716796875" lon="126.65690906345844268798828125">
        <ele>117</ele>
        <time>2026-10-04T21:24:53.000Z</time>
        <extensions>
          <ns3:TrackPointExtension>
            <ns3:hr>147</ns3:hr>
            <ns3:cad>93</ns3:cad>
          </ns3:TrackPointExtension>
        </extensions>
      </trkpt>
      <trkpt lat="45.80800280906260013580322265625" lon="126.65691015310585498809814453125">
        <ele>117</ele>
        <time>2026-10-04T21:24:54.000Z</time>
        <extensions>
          <ns3:TrackPointExtension>
            <ns3:hr>147</ns3:hr>
            <ns3:cad>93</ns3:cad>
          </ns3:TrackPointExtension>
        </extensions>
      </trkpt>
      <trkpt lat="45.8080367557704448699951171875" lon="126.656924821436405181884765625">
        <ele>117</ele>
        <time>2026-10-04T21:24:55.000Z</time>
        <extensions>
          <ns3:TrackPointExtension>
            <ns3:hr>146</ns3:hr>
            <ns3:cad>93</ns3:cad>
          </ns3:TrackPointExtension>
        </extensions>
      </trkpt>
      <trkpt lat="45.808060728013515472412109375" lon="126.65692490525543689727783203125">
        <ele>117</ele>
        <time>2026-10-04T21:24:56.000Z</time>
        <extensions>
          <ns3:TrackPointExtension>
            <ns3:hr>147</ns3:hr>
            <ns3:cad>92</ns3:cad>
          </ns3:TrackPointExtension>
        </extensions>
      </trkpt>
      <trkpt lat="45.8080474846065044403076171875" lon="126.65689556859433650970458984375">
        <ele>116.40000152587890625</ele>
        <time>2026-10-04T21:25:37.000Z</time>
        <extensions>
          <ns3:TrackPointExtension>
            <ns3:hr>121</ns3:hr>
            <ns3:cad>0</ns3:cad>
          </ns3:TrackPointExtension>
        </extensions>
      </trkpt>
      <trkpt lat="45.80806449986994266510009765625" lon="126.6569088958203792572021484375">
        <ele>116.59999847412109375</ele>
        <time>2026-10-04T21:25:38.000Z</time>
        <extensions>
          <ns3:TrackPointExtension>
            <ns3:hr>120</ns3:hr>
            <ns3:cad>0</ns3:cad>
          </ns3:TrackPointExtension>
        </extensions>
      </trkpt>
      <trkpt lat="45.80808578990399837493896484375" lon="126.65690914727747440338134765625">
        <ele>116.59999847412109375</ele>
        <time>2026-10-04T21:25:39.000Z</time>
        <extensions>
          <ns3:TrackPointExtension>
            <ns3:hr>120</ns3:hr>
            <ns3:cad>0</ns3:cad>
          </ns3:TrackPointExtension>
        </extensions>
      </trkpt>
      <trkpt lat="45.80811562947928905487060546875" lon="126.6569182835519313812255859375">
        <ele>116.59999847412109375</ele>
        <time>2026-10-04T21:25:40.000Z</time>
        <extensions>
          <ns3:TrackPointExtension>
            <ns3:hr>119</ns3:hr>
            <ns3:cad>0</ns3:cad>
          </ns3:TrackPointExtension>
        </extensions>
      </trkpt>
      <trkpt lat="45.808139182627201080322265625" lon="126.6569109074771404266357421875">
        <ele>116.40000152587890625</ele>
        <time>2026-10-04T21:25:41.000Z</time>
        <extensions>
          <ns3:TrackPointExtension>
            <ns3:hr>119</ns3:hr>
            <ns3:cad>0</ns3:cad>
          </ns3:TrackPointExtension>
        </extensions>
      </trkpt>
      <trkpt lat="45.80817346461117267608642578125" lon="126.656920798122882843017578125">
        <ele>116.40000152587890625</ele>
        <time>2026-10-04T21:25:42.000Z</time>
        <extensions>
          <ns3:TrackPointExtension>
            <ns3:hr>119</ns3:hr>
            <ns3:cad>93</ns3:cad>
          </ns3:TrackPointExtension>
        </extensions>
      </trkpt>
      <trkpt lat="45.80820229835808277130126953125" lon="126.6569206304848194122314453125">
        <ele>116.40000152587890625</ele>
        <time>2026-10-04T21:25:43.000Z</time>
        <extensions>
          <ns3:TrackPointExtension>
            <ns3:hr>119</ns3:hr>
            <ns3:cad>93</ns3:cad>
          </ns3:TrackPointExtension>
        </extensions>
      </trkpt>
      <trkpt lat="45.80823683179914951324462890625" lon="126.656921468675136566162109375">
        <ele>116.40000152587890625</ele>
        <time>2026-10-04T21:25:44.000Z</time>
        <extensions>
          <ns3:TrackPointExtension>
            <ns3:hr>118</ns3:hr>
            <ns3:cad>93</ns3:cad>
          </ns3:TrackPointExtension>
        </extensions>
      </trkpt>
      <trkpt lat="45.80826952122151851654052734375" lon="126.6569223068654537200927734375">
        <ele>116.40000152587890625</ele>
        <time>2026-10-04T21:25:45.000Z</time>
        <extensions>
          <ns3:TrackPointExtension>
            <ns3:hr>119</ns3:hr>
            <ns3:cad>93</ns3:cad>
          </ns3:TrackPointExtension>
        </extensions>
      </trkpt>
      <trkpt lat="45.80829600803554058074951171875" lon="126.65692113339900970458984375">
        <ele>116.40000152587890625</ele>
        <time>2026-10-04T21:25:46.000Z</time>
        <extensions>
          <ns3:TrackPointExtension>
            <ns3:hr>119</ns3:hr>
            <ns3:cad>93</ns3:cad>
          </ns3:TrackPointExtension>
        </extensions>
      </trkpt>
      <trkpt lat="45.8083344809710979461669921875" lon="126.65692641399800777435302734375">
        <ele>116.40000152587890625</ele>
        <time>2026-10-04T21:25:47.000Z</time>
        <extensions>
          <ns3:TrackPointExtension>
            <ns3:hr>119</ns3:hr>
            <ns3:cad>93</ns3:cad>
          </ns3:TrackPointExtension>
        </extensions>
      </trkpt>
      <trkpt lat="45.808361470699310302734375" lon="126.656919457018375396728515625">
        <ele>116.40000152587890625</ele>
        <time>2026-10-04T21:25:48.000Z</time>
        <extensions>
          <ns3:TrackPointExtension>
            <ns3:hr>118</ns3:hr>
            <ns3:cad>93</ns3:cad>
          </ns3:TrackPointExtension>
        </extensions>
      </trkpt>
      <trkpt lat="45.80839474685490131378173828125" lon="126.656916104257106781005859375">
        <ele>116.40000152587890625</ele>
        <time>2026-10-04T21:25:49.000Z</time>
        <extensions>
          <ns3:TrackPointExtension>
            <ns3:hr>119</ns3:hr>
            <ns3:cad>94</ns3:cad>
          </ns3:TrackPointExtension>
        </extensions>
      </trkpt>
      <trkpt lat="45.80842022784054279327392578125" lon="126.65690344758331775665283203125">
        <ele>116.40000152587890625</ele>
        <time>2026-10-04T21:25:50.000Z</time>
        <extensions>
          <ns3:TrackPointExtension>
            <ns3:hr>120</ns3:hr>
            <ns3:cad>94</ns3:cad>
          </ns3:TrackPointExtension>
        </extensions>
      </trkpt>
      <trkpt lat="45.8084499835968017578125" lon="126.6569070518016815185546875">
        <ele>116.40000152587890625</ele>
        <time>2026-10-04T21:25:51.000Z</time>
        <extensions>
          <ns3:TrackPointExtension>
            <ns3:hr>122</ns3:hr>
            <ns3:cad>94</ns3:cad>
          </ns3:TrackPointExtension>
        </extensions>
      </trkpt>
      <trkpt lat="45.80847789533436298370361328125" lon="126.65689766407012939453125">
        <ele>116.40000152587890625</ele>
        <time>2026-10-04T21:25:52.000Z</time>
        <extensions>
          <ns3:TrackPointExtension>
            <ns3:hr>123</ns3:hr>
            <ns3:cad>94</ns3:cad>
          </ns3:TrackPointExtension>
        </extensions>
      </trkpt>
      <trkpt lat="45.8085108362138271331787109375" lon="126.656895987689495086669921875">
        <ele>116.40000152587890625</ele>
        <time>2026-10-04T21:25:53.000Z</time>
        <extensions>
          <ns3:TrackPointExtension>
            <ns3:hr>123</ns3:hr>
            <ns3:cad>94</ns3:cad>
          </ns3:TrackPointExtension>
        </extensions>
      </trkpt>
      <trkpt lat="45.80854344181716442108154296875" lon="126.656885258853435516357421875">
        <ele>116.1999969482421875</ele>
        <time>2026-10-04T21:25:54.000Z</time>
        <extensions>
          <ns3:TrackPointExtension>
            <ns3:hr>123</ns3:hr>
            <ns3:cad>94</ns3:cad>
          </ns3:TrackPointExtension>
        </extensions>
      </trkpt>
      <trkpt lat="45.80857344903051853179931640625" lon="126.6568814031779766082763671875">
        <ele>116.40000152587890625</ele>
        <time>2026-10-04T21:25:55.000Z</time>
        <extensions>
          <ns3:TrackPointExtension>
            <ns3:hr>122</ns3:hr>
            <ns3:cad>93</ns3:cad>
          </ns3:TrackPointExtension>
        </extensions>
      </trkpt>
      <trkpt lat="45.80860949121415615081787109375" lon="126.65688634850084781646728515625">
        <ele>116.40000152587890625</ele>
        <time>2026-10-04T21:25:56.000Z</time>
        <extensions>
          <ns3:TrackPointExtension>
            <ns3:hr>123</ns3:hr>
            <ns3:cad>92</ns3:cad>
          </ns3:TrackPointExtension>
        </extensions>
      </trkpt>
      <trkpt lat="45.80863899551331996917724609375" lon="126.6568760387599468231201171875">
        <ele>116.40000152587890625</ele>
        <time>2026-10-04T21:25:57.000Z</time>
        <extensions>
          <ns3:TrackPointExtension>
            <ns3:hr>123</ns3:hr>
            <ns3:cad>92</ns3:cad>
          </ns3:TrackPointExtension>
        </extensions>
      </trkpt>
      <trkpt lat="45.80867118202149868011474609375" lon="126.65686975233256816864013671875">
        <ele>116.40000152587890625</ele>
        <time>2026-10-04T21:25:58.000Z</time>
        <extensions>
          <ns3:TrackPointExtension>
            <ns3:hr>123</ns3:hr>
            <ns3:cad>92</ns3:cad>
          </ns3:TrackPointExtension>
        </extensions>
      </trkpt>
      <trkpt lat="45.80869683064520359039306640625" lon="126.65685567073523998260498046875">
        <ele>116.40000152587890625</ele>
        <time>2026-10-04T21:25:59.000Z</time>
        <extensions>
          <ns3:TrackPointExtension>
            <ns3:hr>124</ns3:hr>
            <ns3:cad>93</ns3:cad>
          </ns3:TrackPointExtension>
        </extensions>
      </trkpt>
      <trkpt lat="45.80872901715338230133056640625" lon="126.6568589396774768829345703125">
        <ele>116.40000152587890625</ele>
        <time>2026-10-04T21:26:00.000Z</time>
        <extensions>
          <ns3:TrackPointExtension>
            <ns3:hr>124</ns3:hr>
            <ns3:cad>93</ns3:cad>
          </ns3:TrackPointExtension>
        </extensions>
      </trkpt>
      <trkpt lat="45.8087544143199920654296875" lon="126.65684678591787815093994140625">
        <ele>116.40000152587890625</ele>
        <time>2026-10-04T21:26:01.000Z</time>
        <extensions>
          <ns3:TrackPointExtension>
            <ns3:hr>124</ns3:hr>
            <ns3:cad>93</ns3:cad>
          </ns3:TrackPointExtension>
        </extensions>
      </trkpt>
      <trkpt lat="45.80878752283751964569091796875" lon="126.65684309788048267364501953125">
        <ele>116.1999969482421875</ele>
        <time>2026-10-04T21:26:02.000Z</time>
        <extensions>
          <ns3:TrackPointExtension>
            <ns3:hr>124</ns3:hr>
            <ns3:cad>93</ns3:cad>
          </ns3:TrackPointExtension>
        </extensions>
      </trkpt>
      <trkpt lat="45.8088179491460323333740234375" lon="126.65683018974959850311279296875">
        <ele>116.1999969482421875</ele>
        <time>2026-10-04T21:26:03.000Z</time>
        <extensions>
          <ns3:TrackPointExtension>
            <ns3:hr>124</ns3:hr>
            <ns3:cad>93</ns3:cad>
          </ns3:TrackPointExtension>
        </extensions>
      </trkpt>
      <trkpt lat="45.808848626911640167236328125" lon="126.656828261911869049072265625">
        <ele>116.1999969482421875</ele>
        <time>2026-10-04T21:26:04.000Z</time>
        <extensions>
          <ns3:TrackPointExtension>
            <ns3:hr>125</ns3:hr>
            <ns3:cad>92</ns3:cad>
          </ns3:TrackPointExtension>
        </extensions>
      </trkpt>
      <trkpt lat="45.808882825076580047607421875" lon="126.65682147257030010223388671875">
        <ele>116.40000152587890625</ele>
        <time>2026-10-04T21:26:05.000Z</time>
        <extensions>
          <ns3:TrackPointExtension>
            <ns3:hr>126</ns3:hr>
            <ns3:cad>93</ns3:cad>
          </ns3:TrackPointExtension>
        </extensions>
      </trkpt>
      <trkpt lat="45.80890838988125324249267578125" lon="126.65681141428649425506591796875">
        <ele>116.1999969482421875</ele>
        <time>2026-10-04T21:26:06.000Z</time>
        <extensions>
          <ns3:TrackPointExtension>
            <ns3:hr>128</ns3:hr>
            <ns3:cad>94</ns3:cad>
          </ns3:TrackPointExtension>
        </extensions>
      </trkpt>
      <trkpt lat="45.80894443206489086151123046875" lon="126.65680588223040103912353515625">
        <ele>116.1999969482421875</ele>
        <time>2026-10-04T21:26:07.000Z</time>
        <extensions>
          <ns3:TrackPointExtension>
            <ns3:hr>129</ns3:hr>
            <ns3:cad>94</ns3:cad>
          </ns3:TrackPointExtension>
        </extensions>
      </trkpt>
      <trkpt lat="45.808969326317310333251953125" lon="126.6567895375192165374755859375">
        <ele>116.1999969482421875</ele>
        <time>2026-10-04T21:26:08.000Z</time>
        <extensions>
          <ns3:TrackPointExtension>
            <ns3:hr>130</ns3:hr>
            <ns3:cad>92</ns3:cad>
          </ns3:TrackPointExtension>
        </extensions>
      </trkpt>
      <trkpt lat="45.80900394357740879058837890625" lon="126.65678442455828189849853515625">
        <ele>116.1999969482421875</ele>
        <time>2026-10-04T21:26:09.000Z</time>
        <extensions>
          <ns3:TrackPointExtension>
            <ns3:hr>131</ns3:hr>
            <ns3:cad>92</ns3:cad>
          </ns3:TrackPointExtension>
        </extensions>
      </trkpt>
      <trkpt lat="45.80902674235403537750244140625" lon="126.65676682256162166595458984375">
        <ele>116.1999969482421875</ele>
        <time>2026-10-04T21:26:10.000Z</time>
        <extensions>
          <ns3:TrackPointExtension>
            <ns3:hr>131</ns3:hr>
            <ns3:cad>92</ns3:cad>
          </ns3:TrackPointExtension>
        </extensions>
      </trkpt>
      <trkpt lat="45.80905809067189693450927734375" lon="126.65676078759133815765380859375">
        <ele>116.1999969482421875</ele>
        <time>2026-10-04T21:26:11.000Z</time>
        <extensions>
          <ns3:TrackPointExtension>
            <ns3:hr>131</ns3:hr>
            <ns3:cad>92</ns3:cad>
          </ns3:TrackPointExtension>
        </extensions>
      </trkpt>
      <trkpt lat="45.809090025722980499267578125" lon="126.656741760671138763427734375">
        <ele>116.1999969482421875</ele>
        <time>2026-10-04T21:26:12.000Z</time>
        <extensions>
          <ns3:TrackPointExtension>
            <ns3:hr>131</ns3:hr>
            <ns3:cad>92</ns3:cad>
          </ns3:TrackPointExtension>
        </extensions>
      </trkpt>
      <trkpt lat="45.8091180212795734405517578125" lon="126.65673078037798404693603515625">
        <ele>116.1999969482421875</ele>
        <time>2026-10-04T21:26:13.000Z</time>
        <extensions>
          <ns3:TrackPointExtension>
            <ns3:hr>132</ns3:hr>
            <ns3:cad>92</ns3:cad>
          </ns3:TrackPointExtension>
        </extensions>
      </trkpt>
      <trkpt lat="45.809150375425815582275390625" lon="126.65671669878065586090087890625">
        <ele>116.1999969482421875</ele>
        <time>2026-10-04T21:26:14.000Z</time>
        <extensions>
          <ns3:TrackPointExtension>
            <ns3:hr>132</ns3:hr>
            <ns3:cad>92</ns3:cad>
          </ns3:TrackPointExtension>
        </extensions>
      </trkpt>
      <trkpt lat="45.80917728133499622344970703125" lon="126.65670261718332767486572265625">
        <ele>116.1999969482421875</ele>
        <time>2026-10-04T21:26:15.000Z</time>
        <extensions>
          <ns3:TrackPointExtension>
            <ns3:hr>132</ns3:hr>
            <ns3:cad>92</ns3:cad>
          </ns3:TrackPointExtension>
        </extensions>
      </trkpt>
      <trkpt lat="45.80921516753733158111572265625" lon="126.65669448673725128173828125">
        <ele>116.1999969482421875</ele>
        <time>2026-10-04T21:26:16.000Z</time>
        <extensions>
          <ns3:TrackPointExtension>
            <ns3:hr>133</ns3:hr>
            <ns3:cad>93</ns3:cad>
          </ns3:TrackPointExtension>
        </extensions>
      </trkpt>
      <trkpt lat="45.80923855304718017578125" lon="126.65667244233191013336181640625">
        <ele>116.1999969482421875</ele>
        <time>2026-10-04T21:26:17.000Z</time>
        <extensions>
          <ns3:TrackPointExtension>
            <ns3:hr>133</ns3:hr>
            <ns3:cad>93</ns3:cad>
          </ns3:TrackPointExtension>
        </extensions>
      </trkpt>
      <trkpt lat="45.80927065573632717132568359375" lon="126.65665869601070880889892578125">
        <ele>116.1999969482421875</ele>
        <time>2026-10-04T21:26:18.000Z</time>
        <extensions>
          <ns3:TrackPointExtension>
            <ns3:hr>134</ns3:hr>
            <ns3:cad>93</ns3:cad>
          </ns3:TrackPointExtension>
        </extensions>
      </trkpt>
      <trkpt lat="45.80929177813231945037841796875" lon="126.6566363163292407989501953125">
        <ele>116.1999969482421875</ele>
        <time>2026-10-04T21:26:19.000Z</time>
        <extensions>
          <ns3:TrackPointExtension>
            <ns3:hr>134</ns3:hr>
            <ns3:cad>93</ns3:cad>
          </ns3:TrackPointExtension>
        </extensions>
      </trkpt>
      <trkpt lat="45.8093228749930858612060546875" lon="126.65662617422640323638916015625">
        <ele>116.1999969482421875</ele>
        <time>2026-10-04T21:26:20.000Z</time>
        <extensions>
          <ns3:TrackPointExtension>
            <ns3:hr>134</ns3:hr>
            <ns3:cad>93</ns3:cad>
          </ns3:TrackPointExtension>
        </extensions>
      </trkpt>
      <trkpt lat="45.8093476854264736175537109375" lon="126.65660270489752292633056640625">
        <ele>116.1999969482421875</ele>
        <time>2026-10-04T21:26:21.000Z</time>
        <extensions>
          <ns3:TrackPointExtension>
            <ns3:hr>135</ns3:hr>
            <ns3:cad>93</ns3:cad>
          </ns3:TrackPointExtension>
        </extensions>
      </trkpt>
      <trkpt lat="45.80937593244016170501708984375" lon="126.65658451616764068603515625">
        <ele>116.1999969482421875</ele>
        <time>2026-10-04T21:26:22.000Z</time>
        <extensions>
          <ns3:TrackPointExtension>
            <ns3:hr>135</ns3:hr>
            <ns3:cad>93</ns3:cad>
          </ns3:TrackPointExtension>
        </extensions>
      </trkpt>
      <trkpt lat="45.80940593965351581573486328125" lon="126.65656884200870990753173828125">
        <ele>116.1999969482421875</ele>
        <time>2026-10-04T21:26:23.000Z</time>
        <extensions>
          <ns3:TrackPointExtension>
            <ns3:hr>135</ns3:hr>
            <ns3:cad>94</ns3:cad>
          </ns3:TrackPointExtension>
        </extensions>
      </trkpt>
      <trkpt lat="45.809431336820125579833984375" lon="126.65655157528817653656005859375">
        <ele>116.1999969482421875</ele>
        <time>2026-10-04T21:26:24.000Z</time>
        <extensions>
          <ns3:TrackPointExtension>
            <ns3:hr>136</ns3:hr>
            <ns3:cad>94</ns3:cad>
          </ns3:TrackPointExtension>
        </extensions>
      </trkpt>
      <trkpt lat="45.8094663731753826141357421875" lon="126.65654067881405353546142578125">
        <ele>116.40000152587890625</ele>
        <time>2026-10-04T21:26:25.000Z</time>
        <extensions>
          <ns3:TrackPointExtension>
            <ns3:hr>136</ns3:hr>
            <ns3:cad>94</ns3:cad>
          </ns3:TrackPointExtension>
        </extensions>
      </trkpt>
      <trkpt lat="45.8094911836087703704833984375" lon="126.6565208137035369873046875">
        <ele>116.1999969482421875</ele>
        <time>2026-10-04T21:26:26.000Z</time>
        <extensions>
          <ns3:TrackPointExtension>
            <ns3:hr>137</ns3:hr>
            <ns3:cad>92</ns3:cad>
          </ns3:TrackPointExtension>
        </extensions>
      </trkpt>
      <trkpt lat="45.80952630378305912017822265625" lon="126.65650312788784503936767578125">
        <ele>116.40000152587890625</ele>
        <time>2026-10-04T21:26:27.000Z</time>
        <extensions>
          <ns3:TrackPointExtension>
            <ns3:hr>137</ns3:hr>
            <ns3:cad>92</ns3:cad>
          </ns3:TrackPointExtension>
        </extensions>
      </trkpt>
      <trkpt lat="45.809547342360019683837890625" lon="126.656474880874156951904296875">
        <ele>116.40000152587890625</ele>
        <time>2026-10-04T21:26:28.000Z</time>
        <extensions>
          <ns3:TrackPointExtension>
            <ns3:hr>138</ns3:hr>
            <ns3:cad>92</ns3:cad>
          </ns3:TrackPointExtension>
        </extensions>
      </trkpt>
      <trkpt lat="45.80957827158272266387939453125" lon="126.6564559377729892730712890625">
        <ele>116.40000152587890625</ele>
        <time>2026-10-04T21:26:29.000Z</time>
        <extensions>
          <ns3:TrackPointExtension>
            <ns3:hr>139</ns3:hr>
            <ns3:cad>92</ns3:cad>
          </ns3:TrackPointExtension>
        </extensions>
      </trkpt>
      <trkpt lat="45.809598304331302642822265625" lon="126.65642760694026947021484375">
        <ele>116.40000152587890625</ele>
        <time>2026-10-04T21:26:30.000Z</time>
        <extensions>
          <ns3:TrackPointExtension>
            <ns3:hr>139</ns3:hr>
            <ns3:cad>92</ns3:cad>
          </ns3:TrackPointExtension>
        </extensions>
      </trkpt>
      <trkpt lat="45.8096306584775447845458984375" lon="126.65640941821038722991943359375">
        <ele>116.40000152587890625</ele>
        <time>2026-10-04T21:26:31.000Z</time>
        <extensions>
          <ns3:TrackPointExtension>
            <ns3:hr>140</ns3:hr>
            <ns3:cad>93</ns3:cad>
          </ns3:TrackPointExtension>
        </extensions>
      </trkpt>
      <trkpt lat="45.8096608333289623260498046875" lon="126.6563858650624752044677734375">
        <ele>116.1999969482421875</ele>
        <time>2026-10-04T21:26:32.000Z</time>
        <extensions>
          <ns3:TrackPointExtension>
            <ns3:hr>140</ns3:hr>
            <ns3:cad>93</ns3:cad>
          </ns3:TrackPointExtension>
        </extensions>
      </trkpt>
      <trkpt lat="45.80968715250492095947265625" lon="126.65636591613292694091796875">
        <ele>116.1999969482421875</ele>
        <time>2026-10-04T21:26:33.000Z</time>
        <extensions>
          <ns3:TrackPointExtension>
            <ns3:hr>141</ns3:hr>
            <ns3:cad>93</ns3:cad>
          </ns3:TrackPointExtension>
        </extensions>
      </trkpt>
      <trkpt lat="45.80972260795533657073974609375" lon="126.65634621866047382354736328125">
        <ele>116.1999969482421875</ele>
        <time>2026-10-04T21:26:34.000Z</time>
        <extensions>
          <ns3:TrackPointExtension>
            <ns3:hr>141</ns3:hr>
            <ns3:cad>93</ns3:cad>
          </ns3:TrackPointExtension>
        </extensions>
      </trkpt>
      <trkpt lat="45.8097436465322971343994140625" lon="126.656325347721576690673828125">
        <ele>116.1999969482421875</ele>
        <time>2026-10-04T21:26:35.000Z</time>
        <extensions>
          <ns3:TrackPointExtension>
            <ns3:hr>141</ns3:hr>
            <ns3:cad>92</ns3:cad>
          </ns3:TrackPointExtension>
        </extensions>
      </trkpt>
      <trkpt lat="45.80977558158338069915771484375" lon="126.6563017107546329498291015625">
        <ele>116.1999969482421875</ele>
        <time>2026-10-04T21:26:36.000Z</time>
        <extensions>
          <ns3:TrackPointExtension>
            <ns3:hr>141</ns3:hr>
            <ns3:cad>92</ns3:cad>
          </ns3:TrackPointExtension>
        </extensions>
      </trkpt>
      <trkpt lat="45.8097922615706920623779296875" lon="126.6562772355973720550537109375">
        <ele>116.1999969482421875</ele>
        <time>2026-10-04T21:26:37.000Z</time>
        <extensions>
          <ns3:TrackPointExtension>
            <ns3:hr>141</ns3:hr>
            <ns3:cad>94</ns3:cad>
          </ns3:TrackPointExtension>
        </extensions>
      </trkpt>
      <trkpt lat="45.80982252024114131927490234375" lon="126.65625619702041149139404296875">
        <ele>116.1999969482421875</ele>
        <time>2026-10-04T21:26:38.000Z</time>
        <extensions>
          <ns3:TrackPointExtension>
            <ns3:hr>141</ns3:hr>
            <ns3:cad>94</ns3:cad>
          </ns3:TrackPointExtension>
        </extensions>
      </trkpt>
      <trkpt lat="45.80984540283679962158203125" lon="126.65623054839670658111572265625">
        <ele>116.1999969482421875</ele>
        <time>2026-10-04T21:26:39.000Z</time>
        <extensions>
          <ns3:TrackPointExtension>
            <ns3:hr>141</ns3:hr>
            <ns3:cad>94</ns3:cad>
          </ns3:TrackPointExtension>
        </extensions>
      </trkpt>
      <trkpt lat="45.809873901307582855224609375" lon="126.6562091745436191558837890625">
        <ele>116.1999969482421875</ele>
        <time>2026-10-04T21:26:40.000Z</time>
        <extensions>
          <ns3:TrackPointExtension>
            <ns3:hr>141</ns3:hr>
            <ns3:cad>93</ns3:cad>
          </ns3:TrackPointExtension>
        </extensions>
      </trkpt>
      <trkpt lat="45.80989493988454341888427734375" lon="126.65617958642542362213134765625">
        <ele>116.1999969482421875</ele>
        <time>2026-10-04T21:26:41.000Z</time>
        <extensions>
          <ns3:TrackPointExtension>
            <ns3:hr>141</ns3:hr>
            <ns3:cad>91</ns3:cad>
          </ns3:TrackPointExtension>
        </extensions>
      </trkpt>
      <trkpt lat="45.80992176197469234466552734375" lon="126.656159721314907073974609375">
        <ele>116.1999969482421875</ele>
        <time>2026-10-04T21:26:42.000Z</time>
        <extensions>
          <ns3:TrackPointExtension>
            <ns3:hr>140</ns3:hr>
            <ns3:cad>91</ns3:cad>
          </ns3:TrackPointExtension>
        </extensions>
      </trkpt>
      <trkpt lat="45.80994657240808010101318359375" lon="126.65613524615764617919921875">
        <ele>116.1999969482421875</ele>
        <time>2026-10-04T21:26:43.000Z</time>
        <extensions>
          <ns3:TrackPointExtension>
            <ns3:hr>140</ns3:hr>
            <ns3:cad>93</ns3:cad>
          </ns3:TrackPointExtension>
        </extensions>
      </trkpt>
      <trkpt lat="45.80997146666049957275390625" lon="126.65611244738101959228515625">
        <ele>116.1999969482421875</ele>
        <time>2026-10-04T21:26:44.000Z</time>
        <extensions>
          <ns3:TrackPointExtension>
            <ns3:hr>140</ns3:hr>
            <ns3:cad>93</ns3:cad>
          </ns3:TrackPointExtension>
        </extensions>
      </trkpt>
      <trkpt lat="45.81000038422644138336181640625" lon="126.65608587674796581268310546875">
        <ele>116.1999969482421875</ele>
        <time>2026-10-04T21:26:45.000Z</time>
        <extensions>
          <ns3:TrackPointExtension>
            <ns3:hr>140</ns3:hr>
            <ns3:cad>93</ns3:cad>
          </ns3:TrackPointExtension>
        </extensions>
      </trkpt>
      <trkpt lat="45.8100225962698459625244140625" lon="126.6560603119432926177978515625">
        <ele>116.1999969482421875</ele>
        <time>2026-10-04T21:26:46.000Z</time>
        <extensions>
          <ns3:TrackPointExtension>
            <ns3:hr>140</ns3:hr>
            <ns3:cad>92</ns3:cad>
          </ns3:TrackPointExtension>
        </extensions>
      </trkpt>
      <trkpt lat="45.81005369313061237335205078125" lon="126.6560338251292705535888671875">
        <ele>116.1999969482421875</ele>
        <time>2026-10-04T21:26:47.000Z</time>
        <extensions>
          <ns3:TrackPointExtension>
            <ns3:hr>140</ns3:hr>
            <ns3:cad>91</ns3:cad>
          </ns3:TrackPointExtension>
        </extensions>
      </trkpt>
      <trkpt lat="45.81007330678403377532958984375" lon="126.65600826032459735870361328125">
        <ele>116.1999969482421875</ele>
        <time>2026-10-04T21:26:48.000Z</time>
        <extensions>
          <ns3:TrackPointExtension>
            <ns3:hr>140</ns3:hr>
            <ns3:cad>92</ns3:cad>
          </ns3:TrackPointExtension>
        </extensions>
      </trkpt>
      <trkpt lat="45.810101889073848724365234375" lon="126.6559845395386219024658203125">
        <ele>116.1999969482421875</ele>
        <time>2026-10-04T21:26:49.000Z</time>
        <extensions>
          <ns3:TrackPointExtension>
            <ns3:hr>141</ns3:hr>
            <ns3:cad>93</ns3:cad>
          </ns3:TrackPointExtension>
        </extensions>
      </trkpt>
      <trkpt lat="45.8101188205182552337646484375" lon="126.6559575498104095458984375">
        <ele>116.1999969482421875</ele>
        <time>2026-10-04T21:26:50.000Z</time>
        <extensions>
          <ns3:TrackPointExtension>
            <ns3:hr>140</ns3:hr>
            <ns3:cad>93</ns3:cad>
          </ns3:TrackPointExtension>
        </extensions>
      </trkpt>
      <trkpt lat="45.81014522351324558258056640625" lon="126.6559352539479732513427734375">
        <ele>116.1999969482421875</ele>
        <time>2026-10-04T21:26:51.000Z</time>
        <extensions>
          <ns3:TrackPointExtension>
            <ns3:hr>141</ns3:hr>
            <ns3:cad>93</ns3:cad>
          </ns3:TrackPointExtension>
        </extensions>
      </trkpt>
      <trkpt lat="45.8101617358624935150146484375" lon="126.6559060849249362945556640625">
        <ele>116.1999969482421875</ele>
        <time>2026-10-04T21:26:52.000Z</time>
        <extensions>
          <ns3:TrackPointExtension>
            <ns3:hr>141</ns3:hr>
            <ns3:cad>92</ns3:cad>
          </ns3:TrackPointExtension>
        </extensions>
      </trkpt>
      <trkpt lat="45.81018445082008838653564453125" lon="126.655878759920597076416015625">
        <ele>116.1999969482421875</ele>
        <time>2026-10-04T21:26:53.000Z</time>
        <extensions>
          <ns3:TrackPointExtension>
            <ns3:hr>141</ns3:hr>
            <ns3:cad>93</ns3:cad>
          </ns3:TrackPointExtension>
        </extensions>
      </trkpt>
      <trkpt lat="45.810206495225429534912109375" lon="126.65584498085081577301025390625">
        <ele>116.1999969482421875</ele>
        <time>2026-10-04T21:26:54.000Z</time>
        <extensions>
          <ns3:TrackPointExtension>
            <ns3:hr>141</ns3:hr>
            <ns3:cad>93</ns3:cad>
          </ns3:TrackPointExtension>
        </extensions>
      </trkpt>
      <trkpt lat="45.81022770144045352935791015625" lon="126.6558185778558254241943359375">
        <ele>116.1999969482421875</ele>
        <time>2026-10-04T21:26:55.000Z</time>
        <extensions>
          <ns3:TrackPointExtension>
            <ns3:hr>141</ns3:hr>
            <ns3:cad>93</ns3:cad>
          </ns3:TrackPointExtension>
        </extensions>
      </trkpt>
      <trkpt lat="45.8102552779018878936767578125" lon="126.65578790009021759033203125">
        <ele>116.1999969482421875</ele>
        <time>2026-10-04T21:26:56.000Z</time>
        <extensions>
          <ns3:TrackPointExtension>
            <ns3:hr>141</ns3:hr>
            <ns3:cad>93</ns3:cad>
          </ns3:TrackPointExtension>
        </extensions>
      </trkpt>
      <trkpt lat="45.8102698624134063720703125" lon="126.65574993006885051727294921875">
        <ele>116.1999969482421875</ele>
        <time>2026-10-04T21:26:57.000Z</time>
        <extensions>
          <ns3:TrackPointExtension>
            <ns3:hr>142</ns3:hr>
            <ns3:cad>93</ns3:cad>
          </ns3:TrackPointExtension>
        </extensions>
      </trkpt>
      <trkpt lat="45.8102914877235889434814453125" lon="126.6557186655700206756591796875">
        <ele>116.40000152587890625</ele>
        <time>2026-10-04T21:26:58.000Z</time>
        <extensions>
          <ns3:TrackPointExtension>
            <ns3:hr>142</ns3:hr>
            <ns3:cad>93</ns3:cad>
          </ns3:TrackPointExtension>
        </extensions>
      </trkpt>
      <trkpt lat="45.81030749715864658355712890625" lon="126.6556871496140956878662109375">
        <ele>116.40000152587890625</ele>
        <time>2026-10-04T21:26:59.000Z</time>
        <extensions>
          <ns3:TrackPointExtension>
            <ns3:hr>142</ns3:hr>
            <ns3:cad>92</ns3:cad>
          </ns3:TrackPointExtension>
        </extensions>
      </trkpt>
      <trkpt lat="45.81033213995397090911865234375" lon="126.65565638802945613861083984375">
        <ele>116.40000152587890625</ele>
        <time>2026-10-04T21:27:00.000Z</time>
        <extensions>
          <ns3:TrackPointExtension>
            <ns3:hr>143</ns3:hr>
            <ns3:cad>91</ns3:cad>
          </ns3:TrackPointExtension>
        </extensions>
      </trkpt>
      <trkpt lat="45.81034806556999683380126953125" lon="126.6556227765977382659912109375">
        <ele>116.40000152587890625</ele>
        <time>2026-10-04T21:27:01.000Z</time>
        <extensions>
          <ns3:TrackPointExtension>
            <ns3:hr>143</ns3:hr>
            <ns3:cad>91</ns3:cad>
          </ns3:TrackPointExtension>
        </extensions>
      </trkpt>
      <trkpt lat="45.81037455238401889801025390625" lon="126.65559746325016021728515625">
        <ele>116.1999969482421875</ele>
        <time>2026-10-04T21:27:02.000Z</time>
        <extensions>
          <ns3:TrackPointExtension>
            <ns3:hr>143</ns3:hr>
            <ns3:cad>91</ns3:cad>
          </ns3:TrackPointExtension>
        </extensions>
      </trkpt>
      <trkpt lat="45.81039483658969402313232421875" lon="126.65556251071393489837646484375">
        <ele>116.1999969482421875</ele>
        <time>2026-10-04T21:27:03.000Z</time>
        <extensions>
          <ns3:TrackPointExtension>
            <ns3:hr>143</ns3:hr>
            <ns3:cad>91</ns3:cad>
          </ns3:TrackPointExtension>
        </extensions>
      </trkpt>
      <trkpt lat="45.8104158751666545867919921875" lon="126.6555342637002468109130859375">
        <ele>116</ele>
        <time>2026-10-04T21:27:04.000Z</time>
        <extensions>
          <ns3:TrackPointExtension>
            <ns3:hr>143</ns3:hr>
            <ns3:cad>91</ns3:cad>
          </ns3:TrackPointExtension>
        </extensions>
      </trkpt>
      <trkpt lat="45.81043808721005916595458984375" lon="126.65549914352595806121826171875">
        <ele>116</ele>
        <time>2026-10-04T21:27:05.000Z</time>
        <extensions>
          <ns3:TrackPointExtension>
            <ns3:hr>142</ns3:hr>
            <ns3:cad>93</ns3:cad>
          </ns3:TrackPointExtension>
        </extensions>
      </trkpt>
      <trkpt lat="45.81045317463576793670654296875" lon="126.65546913631260395050048828125">
        <ele>116</ele>
        <time>2026-10-04T21:27:06.000Z</time>
        <extensions>
          <ns3:TrackPointExtension>
            <ns3:hr>143</ns3:hr>
            <ns3:cad>93</ns3:cad>
          </ns3:TrackPointExtension>
        </extensions>
      </trkpt>
      <trkpt lat="45.81047915853559970855712890625" lon="126.65543158538639545440673828125">
        <ele>116.1999969482421875</ele>
        <time>2026-10-04T21:27:07.000Z</time>
        <extensions>
          <ns3:TrackPointExtension>
            <ns3:hr>144</ns3:hr>
            <ns3:cad>93</ns3:cad>
          </ns3:TrackPointExtension>
        </extensions>
      </trkpt>
      <trkpt lat="45.81049424596130847930908203125" lon="126.65540241636335849761962890625">
        <ele>116.1999969482421875</ele>
        <time>2026-10-04T21:27:08.000Z</time>
        <extensions>
          <ns3:TrackPointExtension>
            <ns3:hr>144</ns3:hr>
            <ns3:cad>93</ns3:cad>
          </ns3:TrackPointExtension>
        </extensions>
      </trkpt>
      <trkpt lat="45.81052140332758426666259765625" lon="126.6553649492561817169189453125">
        <ele>116.1999969482421875</ele>
        <time>2026-10-04T21:27:09.000Z</time>
        <extensions>
          <ns3:TrackPointExtension>
            <ns3:hr>145</ns3:hr>
            <ns3:cad>93</ns3:cad>
          </ns3:TrackPointExtension>
        </extensions>
      </trkpt>
      <trkpt lat="45.8105342276394367218017578125" lon="126.6553304158151149749755859375">
        <ele>116.1999969482421875</ele>
        <time>2026-10-04T21:27:10.000Z</time>
        <extensions>
          <ns3:TrackPointExtension>
            <ns3:hr>145</ns3:hr>
            <ns3:cad>93</ns3:cad>
          </ns3:TrackPointExtension>
        </extensions>
      </trkpt>
      <trkpt lat="45.8105568587779998779296875" lon="126.65529328398406505584716796875">
        <ele>116.1999969482421875</ele>
        <time>2026-10-04T21:27:11.000Z</time>
        <extensions>
          <ns3:TrackPointExtension>
            <ns3:hr>146</ns3:hr>
            <ns3:cad>92</ns3:cad>
          </ns3:TrackPointExtension>
        </extensions>
      </trkpt>
      <trkpt lat="45.81056985072791576385498046875" lon="126.65525975637137889862060546875">
        <ele>116.1999969482421875</ele>
        <time>2026-10-04T21:27:12.000Z</time>
        <extensions>
          <ns3:TrackPointExtension>
            <ns3:hr>146</ns3:hr>
            <ns3:cad>92</ns3:cad>
          </ns3:TrackPointExtension>
        </extensions>
      </trkpt>
      <trkpt lat="45.81059114076197147369384765625" lon="126.6552258096635341644287109375">
        <ele>116.1999969482421875</ele>
        <time>2026-10-04T21:27:13.000Z</time>
        <extensions>
          <ns3:TrackPointExtension>
            <ns3:hr>146</ns3:hr>
            <ns3:cad>92</ns3:cad>
          </ns3:TrackPointExtension>
        </extensions>
      </trkpt>
      <trkpt lat="45.8106024563312530517578125" lon="126.6551877558231353759765625">
        <ele>116.1999969482421875</ele>
        <time>2026-10-04T21:27:14.000Z</time>
        <extensions>
          <ns3:TrackPointExtension>
            <ns3:hr>146</ns3:hr>
            <ns3:cad>92</ns3:cad>
          </ns3:TrackPointExtension>
        </extensions>
      </trkpt>
      <trkpt lat="45.81062098033726215362548828125" lon="126.65515355765819549560546875">
        <ele>116.1999969482421875</ele>
        <time>2026-10-04T21:27:15.000Z</time>
        <extensions>
          <ns3:TrackPointExtension>
            <ns3:hr>146</ns3:hr>
            <ns3:cad>92</ns3:cad>
          </ns3:TrackPointExtension>
        </extensions>
      </trkpt>
      <trkpt lat="45.81063891761004924774169921875" lon="126.65510955266654491424560546875">
        <ele>116</ele>
        <time>2026-10-04T21:27:16.000Z</time>
        <extensions>
          <ns3:TrackPointExtension>
            <ns3:hr>147</ns3:hr>
            <ns3:cad>92</ns3:cad>
          </ns3:TrackPointExtension>
        </extensions>
      </trkpt>
      <trkpt lat="45.8106535859405994415283203125" lon="126.65507652796804904937744140625">
        <ele>116</ele>
        <time>2026-10-04T21:27:17.000Z</time>
        <extensions>
          <ns3:TrackPointExtension>
            <ns3:hr>147</ns3:hr>
            <ns3:cad>92</ns3:cad>
          </ns3:TrackPointExtension>
        </extensions>
      </trkpt>
      <trkpt lat="45.8106700144708156585693359375" lon="126.65503612719476222991943359375">
        <ele>116.1999969482421875</ele>
        <time>2026-10-04T21:27:18.000Z</time>
        <extensions>
          <ns3:TrackPointExtension>
            <ns3:hr>147</ns3:hr>
            <ns3:cad>92</ns3:cad>
          </ns3:TrackPointExtension>
        </extensions>
      </trkpt>
      <trkpt lat="45.8106773905456066131591796875" lon="126.6549978218972682952880859375">
        <ele>116.1999969482421875</ele>
        <time>2026-10-04T21:27:19.000Z</time>
        <extensions>
          <ns3:TrackPointExtension>
            <ns3:hr>147</ns3:hr>
            <ns3:cad>94</ns3:cad>
          </ns3:TrackPointExtension>
        </extensions>
      </trkpt>
      <trkpt lat="45.8106990158557891845703125" lon="126.654961444437503814697265625">
        <ele>116.1999969482421875</ele>
        <time>2026-10-04T21:27:20.000Z</time>
        <extensions>
          <ns3:TrackPointExtension>
            <ns3:hr>147</ns3:hr>
            <ns3:cad>94</ns3:cad>
          </ns3:TrackPointExtension>
        </extensions>
      </trkpt>
      <trkpt lat="45.81070831976830959320068359375" lon="126.65492615662515163421630859375">
        <ele>116.1999969482421875</ele>
        <time>2026-10-04T21:27:21.000Z</time>
        <extensions>
          <ns3:TrackPointExtension>
            <ns3:hr>148</ns3:hr>
            <ns3:cad>94</ns3:cad>
          </ns3:TrackPointExtension>
        </extensions>
      </trkpt>
      <trkpt lat="45.810732208192348480224609375" lon="126.6548873484134674072265625">
        <ele>116.1999969482421875</ele>
        <time>2026-10-04T21:27:22.000Z</time>
        <extensions>
          <ns3:TrackPointExtension>
            <ns3:hr>148</ns3:hr>
            <ns3:cad>94</ns3:cad>
          </ns3:TrackPointExtension>
        </extensions>
      </trkpt>
      <trkpt lat="45.8107441104948520660400390625" lon="126.65485457517206668853759765625">
        <ele>116.1999969482421875</ele>
        <time>2026-10-04T21:27:23.000Z</time>
        <extensions>
          <ns3:TrackPointExtension>
            <ns3:hr>148</ns3:hr>
            <ns3:cad>94</ns3:cad>
          </ns3:TrackPointExtension>
        </extensions>
      </trkpt>
      <trkpt lat="45.81076405942440032958984375" lon="126.65482087992131710052490234375">
        <ele>116.1999969482421875</ele>
        <time>2026-10-04T21:27:24.000Z</time>
        <extensions>
          <ns3:TrackPointExtension>
            <ns3:hr>148</ns3:hr>
            <ns3:cad>94</ns3:cad>
          </ns3:TrackPointExtension>
        </extensions>
      </trkpt>
      <trkpt lat="45.810778476297855377197265625" lon="126.654786765575408935546875">
        <ele>116.1999969482421875</ele>
        <time>2026-10-04T21:27:25.000Z</time>
        <extensions>
          <ns3:TrackPointExtension>
            <ns3:hr>148</ns3:hr>
            <ns3:cad>94</ns3:cad>
          </ns3:TrackPointExtension>
        </extensions>
      </trkpt>
      <trkpt lat="45.81079624593257904052734375" lon="126.65475466288626194000244140625">
        <ele>116.1999969482421875</ele>
        <time>2026-10-04T21:27:26.000Z</time>
        <extensions>
          <ns3:TrackPointExtension>
            <ns3:hr>149</ns3:hr>
            <ns3:cad>92</ns3:cad>
          </ns3:TrackPointExtension>
        </extensions>
      </trkpt>
      <trkpt lat="45.8108128421008586883544921875" lon="126.6547143459320068359375">
        <ele>116.1999969482421875</ele>
        <time>2026-10-04T21:27:27.000Z</time>
        <extensions>
          <ns3:TrackPointExtension>
            <ns3:hr>148</ns3:hr>
            <ns3:cad>92</ns3:cad>
          </ns3:TrackPointExtension>
        </extensions>
      </trkpt>
      <trkpt lat="45.81082583405077457427978515625" lon="126.6546806506812572479248046875">
        <ele>116.1999969482421875</ele>
        <time>2026-10-04T21:27:28.000Z</time>
        <extensions>
          <ns3:TrackPointExtension>
            <ns3:hr>148</ns3:hr>
            <ns3:cad>92</ns3:cad>
          </ns3:TrackPointExtension>
        </extensions>
      </trkpt>
      <trkpt lat="45.81084460951387882232666015625" lon="126.65463614277541637420654296875">
        <ele>116.1999969482421875</ele>
        <time>2026-10-04T21:27:29.000Z</time>
        <extensions>
          <ns3:TrackPointExtension>
            <ns3:hr>149</ns3:hr>
            <ns3:cad>92</ns3:cad>
          </ns3:TrackPointExtension>
        </extensions>
      </trkpt>
      <trkpt lat="45.8108540810644626617431640625" lon="126.65460227988660335540771484375">
        <ele>116.1999969482421875</ele>
        <time>2026-10-04T21:27:30.000Z</time>
        <extensions>
          <ns3:TrackPointExtension>
            <ns3:hr>149</ns3:hr>
            <ns3:cad>92</ns3:cad>
          </ns3:TrackPointExtension>
        </extensions>
      </trkpt>
      <trkpt lat="45.81087537109851837158203125" lon="126.65455953218042850494384765625">
        <ele>116.1999969482421875</ele>
        <time>2026-10-04T21:27:31.000Z</time>
        <extensions>
          <ns3:TrackPointExtension>
            <ns3:hr>149</ns3:hr>
            <ns3:cad>92</ns3:cad>
          </ns3:TrackPointExtension>
        </extensions>
      </trkpt>
      <trkpt lat="45.8108815737068653106689453125" lon="126.6545225679874420166015625">
        <ele>116.1999969482421875</ele>
        <time>2026-10-04T21:27:32.000Z</time>
        <extensions>
          <ns3:TrackPointExtension>
            <ns3:hr>148</ns3:hr>
            <ns3:cad>92</ns3:cad>
          </ns3:TrackPointExtension>
        </extensions>
      </trkpt>
      <trkpt lat="45.8109023608267307281494140625" lon="126.65448778308928012847900390625">
        <ele>116.1999969482421875</ele>
        <time>2026-10-04T21:27:33.000Z</time>
        <extensions>
          <ns3:TrackPointExtension>
            <ns3:hr>149</ns3:hr>
            <ns3:cad>92</ns3:cad>
          </ns3:TrackPointExtension>
        </extensions>
      </trkpt>
      <trkpt lat="45.81090697087347507476806640625" lon="126.65445157326757907867431640625">
        <ele>116.1999969482421875</ele>
        <time>2026-10-04T21:27:34.000Z</time>
        <extensions>
          <ns3:TrackPointExtension>
            <ns3:hr>148</ns3:hr>
            <ns3:cad>93</ns3:cad>
          </ns3:TrackPointExtension>
        </extensions>
      </trkpt>
      <trkpt lat="45.8109254948794841766357421875" lon="126.65441234596073627471923828125">
        <ele>116.1999969482421875</ele>
        <time>2026-10-04T21:27:35.000Z</time>
        <extensions>
          <ns3:TrackPointExtension>
            <ns3:hr>149</ns3:hr>
            <ns3:cad>93</ns3:cad>
          </ns3:TrackPointExtension>
        </extensions>
      </trkpt>
      <trkpt lat="45.81093437969684600830078125" lon="126.65437043644487857818603515625">
        <ele>116.1999969482421875</ele>
        <time>2026-10-04T21:27:36.000Z</time>
        <extensions>
          <ns3:TrackPointExtension>
            <ns3:hr>149</ns3:hr>
            <ns3:cad>94</ns3:cad>
          </ns3:TrackPointExtension>
        </extensions>
      </trkpt>
      <trkpt lat="45.8109511435031890869140625" lon="126.65433791466057300567626953125">
        <ele>116.1999969482421875</ele>
        <time>2026-10-04T21:27:37.000Z</time>
        <extensions>
          <ns3:TrackPointExtension>
            <ns3:hr>149</ns3:hr>
            <ns3:cad>94</ns3:cad>
          </ns3:TrackPointExtension>
        </extensions>
      </trkpt>
      <trkpt lat="45.81096162088215351104736328125" lon="126.65430128574371337890625">
        <ele>116.1999969482421875</ele>
        <time>2026-10-04T21:27:38.000Z</time>
        <extensions>
          <ns3:TrackPointExtension>
            <ns3:hr>148</ns3:hr>
            <ns3:cad>94</ns3:cad>
          </ns3:TrackPointExtension>
        </extensions>
      </trkpt>
      <trkpt lat="45.8109741099178791046142578125" lon="126.65426733903586864471435546875">
        <ele>116.1999969482421875</ele>
        <time>2026-10-04T21:27:39.000Z</time>
        <extensions>
          <ns3:TrackPointExtension>
            <ns3:hr>149</ns3:hr>
            <ns3:cad>92</ns3:cad>
          </ns3:TrackPointExtension>
        </extensions>
      </trkpt>
      <trkpt lat="45.810990370810031890869140625" lon="126.65422693826258182525634765625">
        <ele>116.1999969482421875</ele>
        <time>2026-10-04T21:27:40.000Z</time>
        <extensions>
          <ns3:TrackPointExtension>
            <ns3:hr>149</ns3:hr>
            <ns3:cad>92</ns3:cad>
          </ns3:TrackPointExtension>
        </extensions>
      </trkpt>
      <trkpt lat="45.8110034465789794921875" lon="126.6541921533644199371337890625">
        <ele>116.1999969482421875</ele>
        <time>2026-10-04T21:27:41.000Z</time>
        <extensions>
          <ns3:TrackPointExtension>
            <ns3:hr>148</ns3:hr>
            <ns3:cad>92</ns3:cad>
          </ns3:TrackPointExtension>
        </extensions>
      </trkpt>
      <trkpt lat="45.8110257424414157867431640625" lon="126.654152758419513702392578125">
        <ele>116.1999969482421875</ele>
        <time>2026-10-04T21:27:42.000Z</time>
        <extensions>
          <ns3:TrackPointExtension>
            <ns3:hr>149</ns3:hr>
            <ns3:cad>92</ns3:cad>
          </ns3:TrackPointExtension>
        </extensions>
      </trkpt>
      <trkpt lat="45.81103722564876079559326171875" lon="126.65411830879747867584228515625">
        <ele>116.1999969482421875</ele>
        <time>2026-10-04T21:27:43.000Z</time>
        <extensions>
          <ns3:TrackPointExtension>
            <ns3:hr>149</ns3:hr>
            <ns3:cad>92</ns3:cad>
          </ns3:TrackPointExtension>
        </extensions>
      </trkpt>
      <trkpt lat="45.811060778796672821044921875" lon="126.65407338179647922515869140625">
        <ele>116.1999969482421875</ele>
        <time>2026-10-04T21:27:44.000Z</time>
        <extensions>
          <ns3:TrackPointExtension>
            <ns3:hr>149</ns3:hr>
            <ns3:cad>92</ns3:cad>
          </ns3:TrackPointExtension>
        </extensions>
      </trkpt>
      <trkpt lat="45.81106941215693950653076171875" lon="126.65403750725090503692626953125">
        <ele>116.1999969482421875</ele>
        <time>2026-10-04T21:27:45.000Z</time>
        <extensions>
          <ns3:TrackPointExtension>
            <ns3:hr>149</ns3:hr>
            <ns3:cad>92</ns3:cad>
          </ns3:TrackPointExtension>
        </extensions>
      </trkpt>
      <trkpt lat="45.81108994781970977783203125" lon="126.65399895049631595611572265625">
        <ele>116.1999969482421875</ele>
        <time>2026-10-04T21:27:46.000Z</time>
        <extensions>
          <ns3:TrackPointExtension>
            <ns3:hr>149</ns3:hr>
            <ns3:cad>93</ns3:cad>
          </ns3:TrackPointExtension>
        </extensions>
      </trkpt>
      <trkpt lat="45.8111028559505939483642578125" lon="126.65396072901785373687744140625">
        <ele>116.1999969482421875</ele>
        <time>2026-10-04T21:27:47.000Z</time>
        <extensions>
          <ns3:TrackPointExtension>
            <ns3:hr>148</ns3:hr>
            <ns3:cad>93</ns3:cad>
          </ns3:TrackPointExtension>
        </extensions>
      </trkpt>
      <trkpt lat="45.81112288869917392730712890625" lon="126.65392485447227954864501953125">
        <ele>116.1999969482421875</ele>
        <time>2026-10-04T21:27:48.000Z</time>
        <extensions>
          <ns3:TrackPointExtension>
            <ns3:hr>148</ns3:hr>
            <ns3:cad>93</ns3:cad>
          </ns3:TrackPointExtension>
        </extensions>
      </trkpt>
      <trkpt lat="45.8111357130110263824462890625" lon="126.6538870520889759063720703125">
        <ele>116.1999969482421875</ele>
        <time>2026-10-04T21:27:49.000Z</time>
        <extensions>
          <ns3:TrackPointExtension>
            <ns3:hr>148</ns3:hr>
            <ns3:cad>92</ns3:cad>
          </ns3:TrackPointExtension>
        </extensions>
      </trkpt>
      <trkpt lat="45.81115138716995716094970703125" lon="126.653855033218860626220703125">
        <ele>116.1999969482421875</ele>
        <time>2026-10-04T21:27:50.000Z</time>
        <extensions>
          <ns3:TrackPointExtension>
            <ns3:hr>148</ns3:hr>
            <ns3:cad>92</ns3:cad>
          </ns3:TrackPointExtension>
        </extensions>
      </trkpt>
      <trkpt lat="45.81116815097630023956298828125" lon="126.65381538681685924530029296875">
        <ele>116.1999969482421875</ele>
        <time>2026-10-04T21:27:51.000Z</time>
        <extensions>
          <ns3:TrackPointExtension>
            <ns3:hr>147</ns3:hr>
            <ns3:cad>92</ns3:cad>
          </ns3:TrackPointExtension>
        </extensions>
      </trkpt>
      <trkpt lat="45.81118114292621612548828125" lon="126.65378236211836338043212890625">
        <ele>116.40000152587890625</ele>
        <time>2026-10-04T21:27:52.000Z</time>
        <extensions>
          <ns3:TrackPointExtension>
            <ns3:hr>148</ns3:hr>
            <ns3:cad>92</ns3:cad>
          </ns3:TrackPointExtension>
        </extensions>
      </trkpt>
      <trkpt lat="45.81119949929416179656982421875" lon="126.65374313481152057647705078125">
        <ele>116.40000152587890625</ele>
        <time>2026-10-04T21:27:53.000Z</time>
        <extensions>
          <ns3:TrackPointExtension>
            <ns3:hr>148</ns3:hr>
            <ns3:cad>93</ns3:cad>
          </ns3:TrackPointExtension>
        </extensions>
      </trkpt>
      <trkpt lat="45.81120821647346019744873046875" lon="126.6537039913237094879150390625">
        <ele>116.40000152587890625</ele>
        <time>2026-10-04T21:27:54.000Z</time>
        <extensions>
          <ns3:TrackPointExtension>
            <ns3:hr>148</ns3:hr>
            <ns3:cad>93</ns3:cad>
          </ns3:TrackPointExtension>
        </extensions>
      </trkpt>
      <trkpt lat="45.81122799776494503021240234375" lon="126.6536640934646129608154296875">
        <ele>116.40000152587890625</ele>
        <time>2026-10-04T21:27:55.000Z</time>
        <extensions>
          <ns3:TrackPointExtension>
            <ns3:hr>147</ns3:hr>
            <ns3:cad>93</ns3:cad>
          </ns3:TrackPointExtension>
        </extensions>
      </trkpt>
      <trkpt lat="45.8112336136400699615478515625" lon="126.653626374900341033935546875">
        <ele>116.40000152587890625</ele>
        <time>2026-10-04T21:27:56.000Z</time>
        <extensions>
          <ns3:TrackPointExtension>
            <ns3:hr>147</ns3:hr>
            <ns3:cad>91</ns3:cad>
          </ns3:TrackPointExtension>
        </extensions>
      </trkpt>
      <trkpt lat="45.81125381402671337127685546875" lon="126.6535899974405765533447265625">
        <ele>116.40000152587890625</ele>
        <time>2026-10-04T21:27:57.000Z</time>
        <extensions>
          <ns3:TrackPointExtension>
            <ns3:hr>147</ns3:hr>
            <ns3:cad>91</ns3:cad>
          </ns3:TrackPointExtension>
        </extensions>
      </trkpt>
      <trkpt lat="45.81125934608280658721923828125" lon="126.65355185978114604949951171875">
        <ele>116.40000152587890625</ele>
        <time>2026-10-04T21:27:58.000Z</time>
        <extensions>
          <ns3:TrackPointExtension>
            <ns3:hr>147</ns3:hr>
            <ns3:cad>92</ns3:cad>
          </ns3:TrackPointExtension>
        </extensions>
      </trkpt>
      <trkpt lat="45.81127644516527652740478515625" lon="126.65351380594074726104736328125">
        <ele>116.40000152587890625</ele>
        <time>2026-10-04T21:27:59.000Z</time>
        <extensions>
          <ns3:TrackPointExtension>
            <ns3:hr>147</ns3:hr>
            <ns3:cad>93</ns3:cad>
          </ns3:TrackPointExtension>
        </extensions>
      </trkpt>
      <trkpt lat="45.81128843128681182861328125" lon="126.653474159538745880126953125">
        <ele>116.40000152587890625</ele>
        <time>2026-10-04T21:28:00.000Z</time>
        <extensions>
          <ns3:TrackPointExtension>
            <ns3:hr>146</ns3:hr>
            <ns3:cad>94</ns3:cad>
          </ns3:TrackPointExtension>
        </extensions>
      </trkpt>
      <trkpt lat="45.8113050274550914764404296875" lon="126.6534377820789813995361328125">
        <ele>116.40000152587890625</ele>
        <time>2026-10-04T21:28:01.000Z</time>
        <extensions>
          <ns3:TrackPointExtension>
            <ns3:hr>146</ns3:hr>
            <ns3:cad>94</ns3:cad>
          </ns3:TrackPointExtension>
        </extensions>
      </trkpt>
      <trkpt lat="45.81131994724273681640625" lon="126.6534009017050266265869140625">
        <ele>116.1999969482421875</ele>
        <time>2026-10-04T21:28:02.000Z</time>
        <extensions>
          <ns3:TrackPointExtension>
            <ns3:hr>147</ns3:hr>
            <ns3:cad>93</ns3:cad>
          </ns3:TrackPointExtension>
        </extensions>
      </trkpt>
      <trkpt lat="45.81133612431585788726806640625" lon="126.653368882834911346435546875">
        <ele>116.1999969482421875</ele>
        <time>2026-10-04T21:28:03.000Z</time>
        <extensions>
          <ns3:TrackPointExtension>
            <ns3:hr>147</ns3:hr>
            <ns3:cad>92</ns3:cad>
          </ns3:TrackPointExtension>
        </extensions>
      </trkpt>
      <trkpt lat="45.81135414540767669677734375" lon="126.6533301584422588348388671875">
        <ele>116.1999969482421875</ele>
        <time>2026-10-04T21:28:04.000Z</time>
        <extensions>
          <ns3:TrackPointExtension>
            <ns3:hr>147</ns3:hr>
            <ns3:cad>92</ns3:cad>
          </ns3:TrackPointExtension>
        </extensions>
      </trkpt>
      <trkpt lat="45.81136646680533885955810546875" lon="126.6532986424863338470458984375">
        <ele>116.40000152587890625</ele>
        <time>2026-10-04T21:28:05.000Z</time>
        <extensions>
          <ns3:TrackPointExtension>
            <ns3:hr>147</ns3:hr>
            <ns3:cad>92</ns3:cad>
          </ns3:TrackPointExtension>
        </extensions>
      </trkpt>
      <trkpt lat="45.811387337744235992431640625" lon="126.6532657854259014129638671875">
        <ele>116.40000152587890625</ele>
        <time>2026-10-04T21:28:06.000Z</time>
        <extensions>
          <ns3:TrackPointExtension>
            <ns3:hr>147</ns3:hr>
            <ns3:cad>92</ns3:cad>
          </ns3:TrackPointExtension>
        </extensions>
      </trkpt>
      <trkpt lat="45.81140083260834217071533203125" lon="126.6532319225370883941650390625">
        <ele>116.40000152587890625</ele>
        <time>2026-10-04T21:28:07.000Z</time>
        <extensions>
          <ns3:TrackPointExtension>
            <ns3:hr>147</ns3:hr>
            <ns3:cad>92</ns3:cad>
          </ns3:TrackPointExtension>
        </extensions>
      </trkpt>
      <trkpt lat="45.81142044626176357269287109375" lon="126.65319143794476985931396484375">
        <ele>116.40000152587890625</ele>
        <time>2026-10-04T21:28:08.000Z</time>
        <extensions>
          <ns3:TrackPointExtension>
            <ns3:hr>147</ns3:hr>
            <ns3:cad>92</ns3:cad>
          </ns3:TrackPointExtension>
        </extensions>
      </trkpt>
      <trkpt lat="45.81142631359398365020751953125" lon="126.65314952842891216278076171875">
        <ele>116.40000152587890625</ele>
        <time>2026-10-04T21:28:09.000Z</time>
        <extensions>
          <ns3:TrackPointExtension>
            <ns3:hr>147</ns3:hr>
            <ns3:cad>92</ns3:cad>
          </ns3:TrackPointExtension>
        </extensions>
      </trkpt>
      <trkpt lat="45.811442993581295013427734375" lon="126.65311315096914768218994140625">
        <ele>116.40000152587890625</ele>
        <time>2026-10-04T21:28:10.000Z</time>
        <extensions>
          <ns3:TrackPointExtension>
            <ns3:hr>147</ns3:hr>
            <ns3:cad>92</ns3:cad>
          </ns3:TrackPointExtension>
        </extensions>
      </trkpt>
      <trkpt lat="45.81145363859832286834716796875" lon="126.6530719958245754241943359375">
        <ele>116.40000152587890625</ele>
        <time>2026-10-04T21:28:11.000Z</time>
        <extensions>
          <ns3:TrackPointExtension>
            <ns3:hr>147</ns3:hr>
            <ns3:cad>92</ns3:cad>
          </ns3:TrackPointExtension>
        </extensions>
      </trkpt>
      <trkpt lat="45.81146738491952419281005859375" lon="126.6530384682118892669677734375">
        <ele>116.40000152587890625</ele>
        <time>2026-10-04T21:28:12.000Z</time>
        <extensions>
          <ns3:TrackPointExtension>
            <ns3:hr>147</ns3:hr>
            <ns3:cad>92</ns3:cad>
          </ns3:TrackPointExtension>
        </extensions>
      </trkpt>
      <trkpt lat="45.81148280762135982513427734375" lon="126.6530002467334270477294921875">
        <ele>116.40000152587890625</ele>
        <time>2026-10-04T21:28:13.000Z</time>
        <extensions>
          <ns3:TrackPointExtension>
            <ns3:hr>147</ns3:hr>
            <ns3:cad>92</ns3:cad>
          </ns3:TrackPointExtension>
        </extensions>
      </trkpt>
      <trkpt lat="45.811496637761592864990234375" lon="126.65296210907399654388427734375">
        <ele>116.40000152587890625</ele>
        <time>2026-10-04T21:28:14.000Z</time>
        <extensions>
          <ns3:TrackPointExtension>
            <ns3:hr>147</ns3:hr>
            <ns3:cad>92</ns3:cad>
          </ns3:TrackPointExtension>
        </extensions>
      </trkpt>
      <trkpt lat="45.81151851452887058258056640625" lon="126.65292204357683658599853515625">
        <ele>116.40000152587890625</ele>
        <time>2026-10-04T21:28:15.000Z</time>
        <extensions>
          <ns3:TrackPointExtension>
            <ns3:hr>147</ns3:hr>
            <ns3:cad>93</ns3:cad>
          </ns3:TrackPointExtension>
        </extensions>
      </trkpt>
      <trkpt lat="45.8115333504974842071533203125" lon="126.65289086289703845977783203125">
        <ele>116.40000152587890625</ele>
        <time>2026-10-04T21:28:16.000Z</time>
        <extensions>
          <ns3:TrackPointExtension>
            <ns3:hr>147</ns3:hr>
            <ns3:cad>93</ns3:cad>
          </ns3:TrackPointExtension>
        </extensions>
      </trkpt>
      <trkpt lat="45.81155723892152309417724609375" lon="126.65285448543727397918701171875">
        <ele>116.40000152587890625</ele>
        <time>2026-10-04T21:28:17.000Z</time>
        <extensions>
          <ns3:TrackPointExtension>
            <ns3:hr>147</ns3:hr>
            <ns3:cad>93</ns3:cad>
          </ns3:TrackPointExtension>
        </extensions>
      </trkpt>
      <trkpt lat="45.8115715719759464263916015625" lon="126.65281777270138263702392578125">
        <ele>116.40000152587890625</ele>
        <time>2026-10-04T21:28:18.000Z</time>
        <extensions>
          <ns3:TrackPointExtension>
            <ns3:hr>147</ns3:hr>
            <ns3:cad>93</ns3:cad>
          </ns3:TrackPointExtension>
        </extensions>
      </trkpt>
      <trkpt lat="45.8115983940660953521728515625" lon="126.65277737192809581756591796875">
        <ele>116.40000152587890625</ele>
        <time>2026-10-04T21:28:19.000Z</time>
        <extensions>
          <ns3:TrackPointExtension>
            <ns3:hr>147</ns3:hr>
            <ns3:cad>93</ns3:cad>
          </ns3:TrackPointExtension>
        </extensions>
      </trkpt>
      <trkpt lat="45.81161205656826496124267578125" lon="126.6527397371828556060791015625">
        <ele>116.40000152587890625</ele>
        <time>2026-10-04T21:28:20.000Z</time>
        <extensions>
          <ns3:TrackPointExtension>
            <ns3:hr>147</ns3:hr>
            <ns3:cad>93</ns3:cad>
          </ns3:TrackPointExtension>
        </extensions>
      </trkpt>
      <trkpt lat="45.81163577735424041748046875" lon="126.65269992314279079437255859375">
        <ele>116.40000152587890625</ele>
        <time>2026-10-04T21:28:21.000Z</time>
        <extensions>
          <ns3:TrackPointExtension>
            <ns3:hr>147</ns3:hr>
            <ns3:cad>92</ns3:cad>
          </ns3:TrackPointExtension>
        </extensions>
      </trkpt>
      <trkpt lat="45.81164290197193622589111328125" lon="126.65266312658786773681640625">
        <ele>116.40000152587890625</ele>
        <time>2026-10-04T21:28:22.000Z</time>
        <extensions>
          <ns3:TrackPointExtension>
            <ns3:hr>147</ns3:hr>
            <ns3:cad>92</ns3:cad>
          </ns3:TrackPointExtension>
        </extensions>
      </trkpt>
      <trkpt lat="45.81164021976292133331298828125" lon="126.6526032797992229461669921875">
        <ele>116.40000152587890625</ele>
        <time>2026-10-04T21:28:23.000Z</time>
        <extensions>
          <ns3:TrackPointExtension>
            <ns3:hr>147</ns3:hr>
            <ns3:cad>92</ns3:cad>
          </ns3:TrackPointExtension>
        </extensions>
      </trkpt>
      <trkpt lat="45.81162898801267147064208984375" lon="126.6525684110820293426513671875">
        <ele>116.40000152587890625</ele>
        <time>2026-10-04T21:28:24.000Z</time>
        <extensions>
          <ns3:TrackPointExtension>
            <ns3:hr>147</ns3:hr>
            <ns3:cad>92</ns3:cad>
          </ns3:TrackPointExtension>
        </extensions>
      </trkpt>
      <trkpt lat="45.8116190135478973388671875" lon="126.65251954458653926849365234375">
        <ele>116.40000152587890625</ele>
        <time>2026-10-04T21:28:25.000Z</time>
        <extensions>
          <ns3:TrackPointExtension>
            <ns3:hr>146</ns3:hr>
            <ns3:cad>92</ns3:cad>
          </ns3:TrackPointExtension>
        </extensions>
      </trkpt>
      <trkpt lat="45.8116020821034908294677734375" lon="126.6524832509458065032958984375">
        <ele>116.1999969482421875</ele>
        <time>2026-10-04T21:28:26.000Z</time>
        <extensions>
          <ns3:TrackPointExtension>
            <ns3:hr>146</ns3:hr>
            <ns3:cad>91</ns3:cad>
          </ns3:TrackPointExtension>
        </extensions>
      </trkpt>
      <trkpt lat="45.8115910179913043975830078125" lon="126.652439497411251068115234375">
        <ele>116.1999969482421875</ele>
        <time>2026-10-04T21:28:27.000Z</time>
        <extensions>
          <ns3:TrackPointExtension>
            <ns3:hr>146</ns3:hr>
            <ns3:cad>91</ns3:cad>
          </ns3:TrackPointExtension>
        </extensions>
      </trkpt>
      <trkpt lat="45.81157634966075420379638671875" lon="126.6523977555334568023681640625">
        <ele>116.1999969482421875</ele>
        <time>2026-10-04T21:28:28.000Z</time>
        <extensions>
          <ns3:TrackPointExtension>
            <ns3:hr>146</ns3:hr>
            <ns3:cad>91</ns3:cad>
          </ns3:TrackPointExtension>
        </extensions>
      </trkpt>
      <trkpt lat="45.8115680515766143798828125" lon="126.6523605398833751678466796875">
        <ele>116.1999969482421875</ele>
        <time>2026-10-04T21:28:29.000Z</time>
        <extensions>
          <ns3:TrackPointExtension>
            <ns3:hr>146</ns3:hr>
            <ns3:cad>91</ns3:cad>
          </ns3:TrackPointExtension>
        </extensions>
      </trkpt>
      <trkpt lat="45.811556316912174224853515625" lon="126.65231569670140743255615234375">
        <ele>116.1999969482421875</ele>
        <time>2026-10-04T21:28:30.000Z</time>
        <extensions>
          <ns3:TrackPointExtension>
            <ns3:hr>145</ns3:hr>
            <ns3:cad>91</ns3:cad>
          </ns3:TrackPointExtension>
        </extensions>
      </trkpt>
      <trkpt lat="45.81154298968613147735595703125" lon="126.6522804088890552520751953125">
        <ele>116.1999969482421875</ele>
        <time>2026-10-04T21:28:31.000Z</time>
        <extensions>
          <ns3:TrackPointExtension>
            <ns3:hr>145</ns3:hr>
            <ns3:cad>91</ns3:cad>
          </ns3:TrackPointExtension>
        </extensions>
      </trkpt>
      <trkpt lat="45.8115330152213573455810546875" lon="126.65223254822194576263427734375">
        <ele>116.1999969482421875</ele>
        <time>2026-10-04T21:28:32.000Z</time>
        <extensions>
          <ns3:TrackPointExtension>
            <ns3:hr>145</ns3:hr>
            <ns3:cad>93</ns3:cad>
          </ns3:TrackPointExtension>
        </extensions>
      </trkpt>
      <trkpt lat="45.81151776015758514404296875" lon="126.65220069698989391326904296875">
        <ele>116.1999969482421875</ele>
        <time>2026-10-04T21:28:33.000Z</time>
        <extensions>
          <ns3:TrackPointExtension>
            <ns3:hr>145</ns3:hr>
            <ns3:cad>93</ns3:cad>
          </ns3:TrackPointExtension>
        </extensions>
      </trkpt>
      <trkpt lat="45.8115065284073352813720703125" lon="126.65215082466602325439453125">
        <ele>116.1999969482421875</ele>
        <time>2026-10-04T21:28:34.000Z</time>
        <extensions>
          <ns3:TrackPointExtension>
            <ns3:hr>146</ns3:hr>
            <ns3:cad>94</ns3:cad>
          </ns3:TrackPointExtension>
        </extensions>
      </trkpt>
      <trkpt lat="45.81149269826710224151611328125" lon="126.65211863815784454345703125">
        <ele>116.1999969482421875</ele>
        <time>2026-10-04T21:28:35.000Z</time>
        <extensions>
          <ns3:TrackPointExtension>
            <ns3:hr>146</ns3:hr>
            <ns3:cad>94</ns3:cad>
          </ns3:TrackPointExtension>
        </extensions>
      </trkpt>
      <trkpt lat="45.81148364581167697906494140625" lon="126.65207077749073505401611328125">
        <ele>116.1999969482421875</ele>
        <time>2026-10-04T21:28:36.000Z</time>
        <extensions>
          <ns3:TrackPointExtension>
            <ns3:hr>146</ns3:hr>
            <ns3:cad>94</ns3:cad>
          </ns3:TrackPointExtension>
        </extensions>
      </trkpt>
      <trkpt lat="45.8114713244140148162841796875" lon="126.65203222073614597320556640625">
        <ele>116.1999969482421875</ele>
        <time>2026-10-04T21:28:37.000Z</time>
        <extensions>
          <ns3:TrackPointExtension>
            <ns3:hr>146</ns3:hr>
            <ns3:cad>93</ns3:cad>
          </ns3:TrackPointExtension>
        </extensions>
      </trkpt>
      <trkpt lat="45.8114639483392238616943359375" lon="126.65198964066803455352783203125">
        <ele>116.1999969482421875</ele>
        <time>2026-10-04T21:28:38.000Z</time>
        <extensions>
          <ns3:TrackPointExtension>
            <ns3:hr>145</ns3:hr>
            <ns3:cad>93</ns3:cad>
          </ns3:TrackPointExtension>
        </extensions>
      </trkpt>
      <trkpt lat="45.81145095638930797576904296875" lon="126.65195343084633350372314453125">
        <ele>116.1999969482421875</ele>
        <time>2026-10-04T21:28:39.000Z</time>
        <extensions>
          <ns3:TrackPointExtension>
            <ns3:hr>146</ns3:hr>
            <ns3:cad>92</ns3:cad>
          </ns3:TrackPointExtension>
        </extensions>
      </trkpt>
      <trkpt lat="45.81144207157194614410400390625" lon="126.6519149579107761383056640625">
        <ele>116.1999969482421875</ele>
        <time>2026-10-04T21:28:40.000Z</time>
        <extensions>
          <ns3:TrackPointExtension>
            <ns3:hr>146</ns3:hr>
            <ns3:cad>92</ns3:cad>
          </ns3:TrackPointExtension>
        </extensions>
      </trkpt>
      <trkpt lat="45.81143000163137912750244140625" lon="126.65187749080359935760498046875">
        <ele>116.1999969482421875</ele>
        <time>2026-10-04T21:28:41.000Z</time>
        <extensions>
          <ns3:TrackPointExtension>
            <ns3:hr>146</ns3:hr>
            <ns3:cad>92</ns3:cad>
          </ns3:TrackPointExtension>
        </extensions>
      </trkpt>
      <trkpt lat="45.81141944043338298797607421875" lon="126.6518395207822322845458984375">
        <ele>116.1999969482421875</ele>
        <time>2026-10-04T21:28:42.000Z</time>
        <extensions>
          <ns3:TrackPointExtension>
            <ns3:hr>146</ns3:hr>
            <ns3:cad>92</ns3:cad>
          </ns3:TrackPointExtension>
        </extensions>
      </trkpt>
      <trkpt lat="45.8114086277782917022705078125" lon="126.65179551579058170318603515625">
        <ele>116.1999969482421875</ele>
        <time>2026-10-04T21:28:43.000Z</time>
        <extensions>
          <ns3:TrackPointExtension>
            <ns3:hr>146</ns3:hr>
            <ns3:cad>92</ns3:cad>
          </ns3:TrackPointExtension>
        </extensions>
      </trkpt>
      <trkpt lat="45.81139840185642242431640625" lon="126.65176114998757839202880859375">
        <ele>116.1999969482421875</ele>
        <time>2026-10-04T21:28:44.000Z</time>
        <extensions>
          <ns3:TrackPointExtension>
            <ns3:hr>146</ns3:hr>
            <ns3:cad>92</ns3:cad>
          </ns3:TrackPointExtension>
        </extensions>
      </trkpt>
      <trkpt lat="45.81138825975358486175537109375" lon="126.65171437896788120269775390625">
        <ele>116.1999969482421875</ele>
        <time>2026-10-04T21:28:45.000Z</time>
        <extensions>
          <ns3:TrackPointExtension>
            <ns3:hr>146</ns3:hr>
            <ns3:cad>92</ns3:cad>
          </ns3:TrackPointExtension>
        </extensions>
      </trkpt>
      <trkpt lat="45.8113781176507472991943359375" lon="126.65168219245970249176025390625">
        <ele>116.1999969482421875</ele>
        <time>2026-10-04T21:28:46.000Z</time>
        <extensions>
          <ns3:TrackPointExtension>
            <ns3:hr>146</ns3:hr>
            <ns3:cad>92</ns3:cad>
          </ns3:TrackPointExtension>
        </extensions>
      </trkpt>
      <trkpt lat="45.8113668859004974365234375" lon="126.6516306437551975250244140625">
        <ele>116.1999969482421875</ele>
        <time>2026-10-04T21:28:47.000Z</time>
        <extensions>
          <ns3:TrackPointExtension>
            <ns3:hr>145</ns3:hr>
            <ns3:cad>92</ns3:cad>
          </ns3:TrackPointExtension>
        </extensions>
      </trkpt>
      <trkpt lat="45.811351127922534942626953125" lon="126.65159837342798709869384765625">
        <ele>116.1999969482421875</ele>
        <time>2026-10-04T21:28:48.000Z</time>
        <extensions>
          <ns3:TrackPointExtension>
            <ns3:hr>145</ns3:hr>
            <ns3:cad>92</ns3:cad>
          </ns3:TrackPointExtension>
        </extensions>
      </trkpt>
      <trkpt lat="45.81134073436260223388671875" lon="126.6515485011041164398193359375">
        <ele>116.1999969482421875</ele>
        <time>2026-10-04T21:28:49.000Z</time>
        <extensions>
          <ns3:TrackPointExtension>
            <ns3:hr>144</ns3:hr>
            <ns3:cad>91</ns3:cad>
          </ns3:TrackPointExtension>
        </extensions>
      </trkpt>
      <trkpt lat="45.81132539547979831695556640625" lon="126.65152042172849178314208984375">
        <ele>116.1999969482421875</ele>
        <time>2026-10-04T21:28:50.000Z</time>
        <extensions>
          <ns3:TrackPointExtension>
            <ns3:hr>143</ns3:hr>
            <ns3:cad>91</ns3:cad>
          </ns3:TrackPointExtension>
        </extensions>
      </trkpt>
      <trkpt lat="45.81131617538630962371826171875" lon="126.65147398598492145538330078125">
        <ele>116.40000152587890625</ele>
        <time>2026-10-04T21:28:51.000Z</time>
        <extensions>
          <ns3:TrackPointExtension>
            <ns3:hr>142</ns3:hr>
            <ns3:cad>93</ns3:cad>
          </ns3:TrackPointExtension>
        </extensions>
      </trkpt>
      <trkpt lat="45.811302177608013153076171875" lon="126.65143643505871295928955078125">
        <ele>116.40000152587890625</ele>
        <time>2026-10-04T21:28:52.000Z</time>
        <extensions>
          <ns3:TrackPointExtension>
            <ns3:hr>141</ns3:hr>
            <ns3:cad>93</ns3:cad>
          </ns3:TrackPointExtension>
        </extensions>
      </trkpt>
      <trkpt lat="45.8112969808280467987060546875" lon="126.65139452554285526275634765625">
        <ele>116.40000152587890625</ele>
        <time>2026-10-04T21:28:53.000Z</time>
        <extensions>
          <ns3:TrackPointExtension>
            <ns3:hr>140</ns3:hr>
            <ns3:cad>92</ns3:cad>
          </ns3:TrackPointExtension>
        </extensions>
      </trkpt>
      <trkpt lat="45.8112855814397335052490234375" lon="126.65135730989277362823486328125">
        <ele>116.40000152587890625</ele>
        <time>2026-10-04T21:28:54.000Z</time>
        <extensions>
          <ns3:TrackPointExtension>
            <ns3:hr>139</ns3:hr>
            <ns3:cad>92</ns3:cad>
          </ns3:TrackPointExtension>
        </extensions>
      </trkpt>
      <trkpt lat="45.81128113903105258941650390625" lon="126.6513171605765819549560546875">
        <ele>116.40000152587890625</ele>
        <time>2026-10-04T21:28:55.000Z</time>
        <extensions>
          <ns3:TrackPointExtension>
            <ns3:hr>140</ns3:hr>
            <ns3:cad>93</ns3:cad>
          </ns3:TrackPointExtension>
        </extensions>
      </trkpt>
      <trkpt lat="45.81127007491886615753173828125" lon="126.65127617307007312774658203125">
        <ele>116.40000152587890625</ele>
        <time>2026-10-04T21:28:56.000Z</time>
        <extensions>
          <ns3:TrackPointExtension>
            <ns3:hr>140</ns3:hr>
            <ns3:cad>93</ns3:cad>
          </ns3:TrackPointExtension>
        </extensions>
      </trkpt>
      <trkpt lat="45.8112651295959949493408203125" lon="126.6512395441532135009765625">
        <ele>116.40000152587890625</ele>
        <time>2026-10-04T21:28:57.000Z</time>
        <extensions>
          <ns3:TrackPointExtension>
            <ns3:hr>140</ns3:hr>
            <ns3:cad>92</ns3:cad>
          </ns3:TrackPointExtension>
        </extensions>
      </trkpt>
      <trkpt lat="45.81125733442604541778564453125" lon="126.65119470097124576568603515625">
        <ele>116.40000152587890625</ele>
        <time>2026-10-04T21:28:58.000Z</time>
        <extensions>
          <ns3:TrackPointExtension>
            <ns3:hr>140</ns3:hr>
            <ns3:cad>92</ns3:cad>
          </ns3:TrackPointExtension>
        </extensions>
      </trkpt>
      <trkpt lat="45.81124744378030300140380859375" lon="126.651160418987274169921875">
        <ele>116.40000152587890625</ele>
        <time>2026-10-04T21:28:59.000Z</time>
        <extensions>
          <ns3:TrackPointExtension>
            <ns3:hr>140</ns3:hr>
            <ns3:cad>92</ns3:cad>
          </ns3:TrackPointExtension>
        </extensions>
      </trkpt>
      <trkpt lat="45.81124417483806610107421875" lon="126.6511099599301815032958984375">
        <ele>116.40000152587890625</ele>
        <time>2026-10-04T21:29:00.000Z</time>
        <extensions>
          <ns3:TrackPointExtension>
            <ns3:hr>140</ns3:hr>
            <ns3:cad>92</ns3:cad>
          </ns3:TrackPointExtension>
        </extensions>
      </trkpt>
      <trkpt lat="45.81123017705976963043212890625" lon="126.6510764323174953460693359375">
        <ele>116.40000152587890625</ele>
        <time>2026-10-04T21:29:01.000Z</time>
        <extensions>
          <ns3:TrackPointExtension>
            <ns3:hr>141</ns3:hr>
            <ns3:cad>92</ns3:cad>
          </ns3:TrackPointExtension>
        </extensions>
      </trkpt>
      <trkpt lat="45.811220370233058929443359375" lon="126.6510271467268466949462890625">
        <ele>116.59999847412109375</ele>
        <time>2026-10-04T21:29:02.000Z</time>
        <extensions>
          <ns3:TrackPointExtension>
            <ns3:hr>141</ns3:hr>
            <ns3:cad>93</ns3:cad>
          </ns3:TrackPointExtension>
        </extensions>
      </trkpt>
      <trkpt lat="45.81121140159666538238525390625" lon="126.65099303238093852996826171875">
        <ele>116.59999847412109375</ele>
        <time>2026-10-04T21:29:03.000Z</time>
        <extensions>
          <ns3:TrackPointExtension>
            <ns3:hr>142</ns3:hr>
            <ns3:cad>93</ns3:cad>
          </ns3:TrackPointExtension>
        </extensions>
      </trkpt>
      <trkpt lat="45.811206288635730743408203125" lon="126.65095028467476367950439453125">
        <ele>116.59999847412109375</ele>
        <time>2026-10-04T21:29:04.000Z</time>
        <extensions>
          <ns3:TrackPointExtension>
            <ns3:hr>142</ns3:hr>
            <ns3:cad>93</ns3:cad>
          </ns3:TrackPointExtension>
        </extensions>
      </trkpt>
      <trkpt lat="45.811193548142910003662109375" lon="126.650905944406986236572265625">
        <ele>116.59999847412109375</ele>
        <time>2026-10-04T21:29:05.000Z</time>
        <extensions>
          <ns3:TrackPointExtension>
            <ns3:hr>143</ns3:hr>
            <ns3:cad>93</ns3:cad>
          </ns3:TrackPointExtension>
        </extensions>
      </trkpt>
      <trkpt lat="45.811188854277133941650390625" lon="126.65086529217660427093505859375">
        <ele>116.59999847412109375</ele>
        <time>2026-10-04T21:29:06.000Z</time>
        <extensions>
          <ns3:TrackPointExtension>
            <ns3:hr>143</ns3:hr>
            <ns3:cad>91</ns3:cad>
          </ns3:TrackPointExtension>
        </extensions>
      </trkpt>
      <trkpt lat="45.8111789636313915252685546875" lon="126.65082556195557117462158203125">
        <ele>116.59999847412109375</ele>
        <time>2026-10-04T21:29:07.000Z</time>
        <extensions>
          <ns3:TrackPointExtension>
            <ns3:hr>143</ns3:hr>
            <ns3:cad>91</ns3:cad>
          </ns3:TrackPointExtension>
        </extensions>
      </trkpt>
      <trkpt lat="45.8111735992133617401123046875" lon="126.65078851394355297088623046875">
        <ele>116.59999847412109375</ele>
        <time>2026-10-04T21:29:08.000Z</time>
        <extensions>
          <ns3:TrackPointExtension>
            <ns3:hr>143</ns3:hr>
            <ns3:cad>90</ns3:cad>
          </ns3:TrackPointExtension>
        </extensions>
      </trkpt>
      <trkpt lat="45.8111652173101902008056640625" lon="126.6507441736757755279541015625">
        <ele>116.40000152587890625</ele>
        <time>2026-10-04T21:29:09.000Z</time>
        <extensions>
          <ns3:TrackPointExtension>
            <ns3:hr>143</ns3:hr>
            <ns3:cad>90</ns3:cad>
          </ns3:TrackPointExtension>
        </extensions>
      </trkpt>
      <trkpt lat="45.8111568354070186614990234375" lon="126.650709807872772216796875">
        <ele>116.40000152587890625</ele>
        <time>2026-10-04T21:29:10.000Z</time>
        <extensions>
          <ns3:TrackPointExtension>
            <ns3:hr>144</ns3:hr>
            <ns3:cad>90</ns3:cad>
          </ns3:TrackPointExtension>
        </extensions>
      </trkpt>
      <trkpt lat="45.8111504651606082916259765625" lon="126.65066194720566272735595703125">
        <ele>116.40000152587890625</ele>
        <time>2026-10-04T21:29:11.000Z</time>
        <extensions>
          <ns3:TrackPointExtension>
            <ns3:hr>145</ns3:hr>
            <ns3:cad>94</ns3:cad>
          </ns3:TrackPointExtension>
        </extensions>
      </trkpt>
      <trkpt lat="45.81114116124808788299560546875" lon="126.65062758140265941619873046875">
        <ele>116.40000152587890625</ele>
        <time>2026-10-04T21:29:12.000Z</time>
        <extensions>
          <ns3:TrackPointExtension>
            <ns3:hr>145</ns3:hr>
            <ns3:cad>94</ns3:cad>
          </ns3:TrackPointExtension>
        </extensions>
      </trkpt>
      <trkpt lat="45.81113562919199466705322265625" lon="126.6505762003362178802490234375">
        <ele>116.40000152587890625</ele>
        <time>2026-10-04T21:29:13.000Z</time>
        <extensions>
          <ns3:TrackPointExtension>
            <ns3:hr>146</ns3:hr>
            <ns3:cad>93</ns3:cad>
          </ns3:TrackPointExtension>
        </extensions>
      </trkpt>
      <trkpt lat="45.81111987121403217315673828125" lon="126.6505416668951511383056640625">
        <ele>116.40000152587890625</ele>
        <time>2026-10-04T21:29:14.000Z</time>
        <extensions>
          <ns3:TrackPointExtension>
            <ns3:hr>146</ns3:hr>
            <ns3:cad>92</ns3:cad>
          </ns3:TrackPointExtension>
        </extensions>
      </trkpt>
      <trkpt lat="45.8111093938350677490234375" lon="126.6504930518567562103271484375">
        <ele>116.40000152587890625</ele>
        <time>2026-10-04T21:29:15.000Z</time>
        <extensions>
          <ns3:TrackPointExtension>
            <ns3:hr>147</ns3:hr>
            <ns3:cad>93</ns3:cad>
          </ns3:TrackPointExtension>
        </extensions>
      </trkpt>
      <trkpt lat="45.81109799444675445556640625" lon="126.65046430192887783050537109375">
        <ele>116.40000152587890625</ele>
        <time>2026-10-04T21:29:16.000Z</time>
        <extensions>
          <ns3:TrackPointExtension>
            <ns3:hr>148</ns3:hr>
            <ns3:cad>92</ns3:cad>
          </ns3:TrackPointExtension>
        </extensions>
      </trkpt>
      <trkpt lat="45.81109724007546901702880859375" lon="126.65041903965175151824951171875">
        <ele>116.40000152587890625</ele>
        <time>2026-10-04T21:29:17.000Z</time>
        <extensions>
          <ns3:TrackPointExtension>
            <ns3:hr>149</ns3:hr>
            <ns3:cad>93</ns3:cad>
          </ns3:TrackPointExtension>
        </extensions>
      </trkpt>
      <trkpt lat="45.81108684651553630828857421875" lon="126.65038148872554302215576171875">
        <ele>116.40000152587890625</ele>
        <time>2026-10-04T21:29:18.000Z</time>
        <extensions>
          <ns3:TrackPointExtension>
            <ns3:hr>149</ns3:hr>
            <ns3:cad>92</ns3:cad>
          </ns3:TrackPointExtension>
        </extensions>
      </trkpt>
      <trkpt lat="45.811084918677806854248046875" lon="126.65034108795225620269775390625">
        <ele>116.40000152587890625</ele>
        <time>2026-10-04T21:29:19.000Z</time>
        <extensions>
          <ns3:TrackPointExtension>
            <ns3:hr>149</ns3:hr>
            <ns3:cad>91</ns3:cad>
          </ns3:TrackPointExtension>
        </extensions>
      </trkpt>
      <trkpt lat="45.81107729114592075347900390625" lon="126.65029968135058879852294921875">
        <ele>116.40000152587890625</ele>
        <time>2026-10-04T21:29:20.000Z</time>
        <extensions>
          <ns3:TrackPointExtension>
            <ns3:hr>148</ns3:hr>
            <ns3:cad>91</ns3:cad>
          </ns3:TrackPointExtension>
        </extensions>
      </trkpt>
      <trkpt lat="45.81107159145176410675048828125" lon="126.65025827474892139434814453125">
        <ele>116.40000152587890625</ele>
        <time>2026-10-04T21:29:21.000Z</time>
        <extensions>
          <ns3:TrackPointExtension>
            <ns3:hr>148</ns3:hr>
            <ns3:cad>91</ns3:cad>
          </ns3:TrackPointExtension>
        </extensions>
      </trkpt>
      <trkpt lat="45.81106136552989482879638671875" lon="126.65021158754825592041015625">
        <ele>116.40000152587890625</ele>
        <time>2026-10-04T21:29:22.000Z</time>
        <extensions>
          <ns3:TrackPointExtension>
            <ns3:hr>148</ns3:hr>
            <ns3:cad>92</ns3:cad>
          </ns3:TrackPointExtension>
        </extensions>
      </trkpt>
      <trkpt lat="45.8110518939793109893798828125" lon="126.65017135441303253173828125">
        <ele>116.59999847412109375</ele>
        <time>2026-10-04T21:29:23.000Z</time>
        <extensions>
          <ns3:TrackPointExtension>
            <ns3:hr>148</ns3:hr>
            <ns3:cad>92</ns3:cad>
          </ns3:TrackPointExtension>
        </extensions>
      </trkpt>
      <trkpt lat="45.81104259006679058074951171875" lon="126.650130450725555419921875">
        <ele>116.40000152587890625</ele>
        <time>2026-10-04T21:29:24.000Z</time>
        <extensions>
          <ns3:TrackPointExtension>
            <ns3:hr>149</ns3:hr>
            <ns3:cad>92</ns3:cad>
          </ns3:TrackPointExtension>
        </extensions>
      </trkpt>
      <trkpt lat="45.81103353761136531829833984375" lon="126.6500944085419178009033203125">
        <ele>116.40000152587890625</ele>
        <time>2026-10-04T21:29:25.000Z</time>
        <extensions>
          <ns3:TrackPointExtension>
            <ns3:hr>149</ns3:hr>
            <ns3:cad>92</ns3:cad>
          </ns3:TrackPointExtension>
        </extensions>
      </trkpt>
      <trkpt lat="45.81103387288749217987060546875" lon="126.6500407643616199493408203125">
        <ele>116.40000152587890625</ele>
        <time>2026-10-04T21:29:26.000Z</time>
        <extensions>
          <ns3:TrackPointExtension>
            <ns3:hr>149</ns3:hr>
            <ns3:cad>92</ns3:cad>
          </ns3:TrackPointExtension>
        </extensions>
      </trkpt>
      <trkpt lat="45.81102515570819377899169921875" lon="126.650000698864459991455078125">
        <ele>116.40000152587890625</ele>
        <time>2026-10-04T21:29:27.000Z</time>
        <extensions>
          <ns3:TrackPointExtension>
            <ns3:hr>148</ns3:hr>
            <ns3:cad>93</ns3:cad>
          </ns3:TrackPointExtension>
        </extensions>
      </trkpt>
      <trkpt lat="45.81102381460368633270263671875" lon="126.6499478928744792938232421875">
        <ele>116.40000152587890625</ele>
        <time>2026-10-04T21:29:28.000Z</time>
        <extensions>
          <ns3:TrackPointExtension>
            <ns3:hr>149</ns3:hr>
            <ns3:cad>93</ns3:cad>
          </ns3:TrackPointExtension>
        </extensions>
      </trkpt>
      <trkpt lat="45.81101090647280216217041015625" lon="126.649912856519222259521484375">
        <ele>116.40000152587890625</ele>
        <time>2026-10-04T21:29:29.000Z</time>
        <extensions>
          <ns3:TrackPointExtension>
            <ns3:hr>149</ns3:hr>
            <ns3:cad>93</ns3:cad>
          </ns3:TrackPointExtension>
        </extensions>
      </trkpt>
      <trkpt lat="45.81100285984575748443603515625" lon="126.6498684324324131011962890625">
        <ele>116.40000152587890625</ele>
        <time>2026-10-04T21:29:30.000Z</time>
        <extensions>
          <ns3:TrackPointExtension>
            <ns3:hr>148</ns3:hr>
            <ns3:cad>93</ns3:cad>
          </ns3:TrackPointExtension>
        </extensions>
      </trkpt>
      <trkpt lat="45.81099313683807849884033203125" lon="126.6498332284390926361083984375">
        <ele>116.40000152587890625</ele>
        <time>2026-10-04T21:29:31.000Z</time>
        <extensions>
          <ns3:TrackPointExtension>
            <ns3:hr>149</ns3:hr>
            <ns3:cad>93</ns3:cad>
          </ns3:TrackPointExtension>
        </extensions>
      </trkpt>
      <trkpt lat="45.81099028699100017547607421875" lon="126.64978754706680774688720703125">
        <ele>116.40000152587890625</ele>
        <time>2026-10-04T21:29:32.000Z</time>
        <extensions>
          <ns3:TrackPointExtension>
            <ns3:hr>149</ns3:hr>
            <ns3:cad>93</ns3:cad>
          </ns3:TrackPointExtension>
        </extensions>
      </trkpt>
      <trkpt lat="45.810985006392002105712890625" lon="126.64974982850253582000732421875">
        <ele>116.40000152587890625</ele>
        <time>2026-10-04T21:29:33.000Z</time>
        <extensions>
          <ns3:TrackPointExtension>
            <ns3:hr>148</ns3:hr>
            <ns3:cad>91</ns3:cad>
          </ns3:TrackPointExtension>
        </extensions>
      </trkpt>
      <trkpt lat="45.81098039634525775909423828125" lon="126.6497138701379299163818359375">
        <ele>116.40000152587890625</ele>
        <time>2026-10-04T21:29:34.000Z</time>
        <extensions>
          <ns3:TrackPointExtension>
            <ns3:hr>148</ns3:hr>
            <ns3:cad>91</ns3:cad>
          </ns3:TrackPointExtension>
        </extensions>
      </trkpt>
      <trkpt lat="45.81097167916595935821533203125" lon="126.6496652550995349884033203125">
        <ele>116.40000152587890625</ele>
        <time>2026-10-04T21:29:35.000Z</time>
        <extensions>
          <ns3:TrackPointExtension>
            <ns3:hr>148</ns3:hr>
            <ns3:cad>91</ns3:cad>
          </ns3:TrackPointExtension>
        </extensions>
      </trkpt>
      <trkpt lat="45.8109620399773120880126953125" lon="126.64962812326848506927490234375">
        <ele>116.40000152587890625</ele>
        <time>2026-10-04T21:29:36.000Z</time>
        <extensions>
          <ns3:TrackPointExtension>
            <ns3:hr>148</ns3:hr>
            <ns3:cad>91</ns3:cad>
          </ns3:TrackPointExtension>
        </extensions>
      </trkpt>
      <trkpt lat="45.8109583519399166107177734375" lon="126.6495743952691555023193359375">
        <ele>116.40000152587890625</ele>
        <time>2026-10-04T21:29:37.000Z</time>
        <extensions>
          <ns3:TrackPointExtension>
            <ns3:hr>148</ns3:hr>
            <ns3:cad>91</ns3:cad>
          </ns3:TrackPointExtension>
        </extensions>
      </trkpt>
      <trkpt lat="45.8109472878277301788330078125" lon="126.6495385207235813140869140625">
        <ele>116.40000152587890625</ele>
        <time>2026-10-04T21:29:38.000Z</time>
        <extensions>
          <ns3:TrackPointExtension>
            <ns3:hr>148</ns3:hr>
            <ns3:cad>91</ns3:cad>
          </ns3:TrackPointExtension>
        </extensions>
      </trkpt>
      <trkpt lat="45.8109430968761444091796875" lon="126.64948747493326663970947265625">
        <ele>116.1999969482421875</ele>
        <time>2026-10-04T21:29:39.000Z</time>
        <extensions>
          <ns3:TrackPointExtension>
            <ns3:hr>147</ns3:hr>
            <ns3:cad>91</ns3:cad>
          </ns3:TrackPointExtension>
        </extensions>
      </trkpt>
      <trkpt lat="45.8109311945736408233642578125" lon="126.64945252239704132080078125">
        <ele>116.1999969482421875</ele>
        <time>2026-10-04T21:29:40.000Z</time>
        <extensions>
          <ns3:TrackPointExtension>
            <ns3:hr>147</ns3:hr>
            <ns3:cad>91</ns3:cad>
          </ns3:TrackPointExtension>
        </extensions>
      </trkpt>
      <trkpt lat="45.81092658452689647674560546875" lon="126.6494010575115680694580078125">
        <ele>116.1999969482421875</ele>
        <time>2026-10-04T21:29:41.000Z</time>
        <extensions>
          <ns3:TrackPointExtension>
            <ns3:hr>147</ns3:hr>
            <ns3:cad>91</ns3:cad>
          </ns3:TrackPointExtension>
        </extensions>
      </trkpt>
      <trkpt lat="45.81091501750051975250244140625" lon="126.64936937391757965087890625">
        <ele>116.40000152587890625</ele>
        <time>2026-10-04T21:29:42.000Z</time>
        <extensions>
          <ns3:TrackPointExtension>
            <ns3:hr>147</ns3:hr>
            <ns3:cad>92</ns3:cad>
          </ns3:TrackPointExtension>
        </extensions>
      </trkpt>
      <trkpt lat="45.81091426312923431396484375" lon="126.64932352490723133087158203125">
        <ele>116.40000152587890625</ele>
        <time>2026-10-04T21:29:43.000Z</time>
        <extensions>
          <ns3:TrackPointExtension>
            <ns3:hr>147</ns3:hr>
            <ns3:cad>92</ns3:cad>
          </ns3:TrackPointExtension>
        </extensions>
      </trkpt>
      <trkpt lat="45.8109060488641262054443359375" lon="126.64928798563778400421142578125">
        <ele>116.40000152587890625</ele>
        <time>2026-10-04T21:29:44.000Z</time>
        <extensions>
          <ns3:TrackPointExtension>
            <ns3:hr>147</ns3:hr>
            <ns3:cad>92</ns3:cad>
          </ns3:TrackPointExtension>
        </extensions>
      </trkpt>
      <trkpt lat="45.81090194173157215118408203125" lon="126.64924473501741886138916015625">
        <ele>116.40000152587890625</ele>
        <time>2026-10-04T21:29:45.000Z</time>
        <extensions>
          <ns3:TrackPointExtension>
            <ns3:hr>147</ns3:hr>
            <ns3:cad>92</ns3:cad>
          </ns3:TrackPointExtension>
        </extensions>
      </trkpt>
      <trkpt lat="45.810893476009368896484375" lon="126.649200730025768280029296875">
        <ele>116.40000152587890625</ele>
        <time>2026-10-04T21:29:46.000Z</time>
        <extensions>
          <ns3:TrackPointExtension>
            <ns3:hr>147</ns3:hr>
            <ns3:cad>92</ns3:cad>
          </ns3:TrackPointExtension>
        </extensions>
      </trkpt>
      <trkpt lat="45.8108845911920070648193359375" lon="126.6491599939763545989990234375">
        <ele>116.40000152587890625</ele>
        <time>2026-10-04T21:29:47.000Z</time>
        <extensions>
          <ns3:TrackPointExtension>
            <ns3:hr>147</ns3:hr>
            <ns3:cad>91</ns3:cad>
          </ns3:TrackPointExtension>
        </extensions>
      </trkpt>
      <trkpt lat="45.810875706374645233154296875" lon="126.64911364205181598663330078125">
        <ele>116.40000152587890625</ele>
        <time>2026-10-04T21:29:48.000Z</time>
        <extensions>
          <ns3:TrackPointExtension>
            <ns3:hr>147</ns3:hr>
            <ns3:cad>92</ns3:cad>
          </ns3:TrackPointExtension>
        </extensions>
      </trkpt>
      <trkpt lat="45.81086891703307628631591796875" lon="126.6490758396685123443603515625">
        <ele>116.40000152587890625</ele>
        <time>2026-10-04T21:29:49.000Z</time>
        <extensions>
          <ns3:TrackPointExtension>
            <ns3:hr>146</ns3:hr>
            <ns3:cad>93</ns3:cad>
          </ns3:TrackPointExtension>
        </extensions>
      </trkpt>
      <trkpt lat="45.81086304970085620880126953125" lon="126.64902814663946628570556640625">
        <ele>116.40000152587890625</ele>
        <time>2026-10-04T21:29:50.000Z</time>
        <extensions>
          <ns3:TrackPointExtension>
            <ns3:hr>146</ns3:hr>
            <ns3:cad>93</ns3:cad>
          </ns3:TrackPointExtension>
        </extensions>
      </trkpt>
      <trkpt lat="45.810851566493511199951171875" lon="126.648989506065845489501953125">
        <ele>116.40000152587890625</ele>
        <time>2026-10-04T21:29:51.000Z</time>
        <extensions>
          <ns3:TrackPointExtension>
            <ns3:hr>145</ns3:hr>
            <ns3:cad>93</ns3:cad>
          </ns3:TrackPointExtension>
        </extensions>
      </trkpt>
      <trkpt lat="45.8108440227806568145751953125" lon="126.6489437408745288848876953125">
        <ele>116.40000152587890625</ele>
        <time>2026-10-04T21:29:52.000Z</time>
        <extensions>
          <ns3:TrackPointExtension>
            <ns3:hr>145</ns3:hr>
            <ns3:cad>93</ns3:cad>
          </ns3:TrackPointExtension>
        </extensions>
      </trkpt>
      <trkpt lat="45.8108309470117092132568359375" lon="126.6489061899483203887939453125">
        <ele>116.40000152587890625</ele>
        <time>2026-10-04T21:29:53.000Z</time>
        <extensions>
          <ns3:TrackPointExtension>
            <ns3:hr>144</ns3:hr>
            <ns3:cad>92</ns3:cad>
          </ns3:TrackPointExtension>
        </extensions>
      </trkpt>
      <trkpt lat="45.810824744403362274169921875" lon="126.6488604247570037841796875">
        <ele>116.40000152587890625</ele>
        <time>2026-10-04T21:29:54.000Z</time>
        <extensions>
          <ns3:TrackPointExtension>
            <ns3:hr>145</ns3:hr>
            <ns3:cad>94</ns3:cad>
          </ns3:TrackPointExtension>
        </extensions>
      </trkpt>
      <trkpt lat="45.81081443466246128082275390625" lon="126.64882178418338298797607421875">
        <ele>116.40000152587890625</ele>
        <time>2026-10-04T21:29:55.000Z</time>
        <extensions>
          <ns3:TrackPointExtension>
            <ns3:hr>145</ns3:hr>
            <ns3:cad>94</ns3:cad>
          </ns3:TrackPointExtension>
        </extensions>
      </trkpt>
      <trkpt lat="45.8108135126531124114990234375" lon="126.64878071285784244537353515625">
        <ele>116.40000152587890625</ele>
        <time>2026-10-04T21:29:56.000Z</time>
        <extensions>
          <ns3:TrackPointExtension>
            <ns3:hr>145</ns3:hr>
            <ns3:cad>94</ns3:cad>
          </ns3:TrackPointExtension>
        </extensions>
      </trkpt>
      <trkpt lat="45.81080269999802112579345703125" lon="126.6487412340939044952392578125">
        <ele>116.40000152587890625</ele>
        <time>2026-10-04T21:29:57.000Z</time>
        <extensions>
          <ns3:TrackPointExtension>
            <ns3:hr>146</ns3:hr>
            <ns3:cad>94</ns3:cad>
          </ns3:TrackPointExtension>
        </extensions>
      </trkpt>
      <trkpt lat="45.8108004368841648101806640625" lon="126.64870259352028369903564453125">
        <ele>116.40000152587890625</ele>
        <time>2026-10-04T21:29:58.000Z</time>
        <extensions>
          <ns3:TrackPointExtension>
            <ns3:hr>146</ns3:hr>
            <ns3:cad>94</ns3:cad>
          </ns3:TrackPointExtension>
        </extensions>
      </trkpt>
      <trkpt lat="45.8107907138764858245849609375" lon="126.648661606013774871826171875">
        <ele>116.40000152587890625</ele>
        <time>2026-10-04T21:29:59.000Z</time>
        <extensions>
          <ns3:TrackPointExtension>
            <ns3:hr>146</ns3:hr>
            <ns3:cad>94</ns3:cad>
          </ns3:TrackPointExtension>
        </extensions>
      </trkpt>
      <trkpt lat="45.8107875287532806396484375" lon="126.64862011559307575225830078125">
        <ele>116.40000152587890625</ele>
        <time>2026-10-04T21:30:00.000Z</time>
        <extensions>
          <ns3:TrackPointExtension>
            <ns3:hr>147</ns3:hr>
            <ns3:cad>92</ns3:cad>
          </ns3:TrackPointExtension>
        </extensions>
      </trkpt>
      <trkpt lat="45.810780487954616546630859375" lon="126.64857200346887111663818359375">
        <ele>116.40000152587890625</ele>
        <time>2026-10-04T21:30:01.000Z</time>
        <extensions>
          <ns3:TrackPointExtension>
            <ns3:hr>147</ns3:hr>
            <ns3:cad>92</ns3:cad>
          </ns3:TrackPointExtension>
        </extensions>
      </trkpt>
      <trkpt lat="45.8107699267566204071044921875" lon="126.64853042922914028167724609375">
        <ele>116.40000152587890625</ele>
        <time>2026-10-04T21:30:02.000Z</time>
        <extensions>
          <ns3:TrackPointExtension>
            <ns3:hr>148</ns3:hr>
            <ns3:cad>92</ns3:cad>
          </ns3:TrackPointExtension>
        </extensions>
      </trkpt>
      <trkpt lat="45.81076330505311489105224609375" lon="126.64848290383815765380859375">
        <ele>116.40000152587890625</ele>
        <time>2026-10-04T21:30:03.000Z</time>
        <extensions>
          <ns3:TrackPointExtension>
            <ns3:hr>148</ns3:hr>
            <ns3:cad>92</ns3:cad>
          </ns3:TrackPointExtension>
        </extensions>
      </trkpt>
      <trkpt lat="45.81075173802673816680908203125" lon="126.64845013059675693511962890625">
        <ele>116.40000152587890625</ele>
        <time>2026-10-04T21:30:04.000Z</time>
        <extensions>
          <ns3:TrackPointExtension>
            <ns3:hr>147</ns3:hr>
            <ns3:cad>93</ns3:cad>
          </ns3:TrackPointExtension>
        </extensions>
      </trkpt>
      <trkpt lat="45.81074402667582035064697265625" lon="126.6484029404819011688232421875">
        <ele>116.40000152587890625</ele>
        <time>2026-10-04T21:30:05.000Z</time>
        <extensions>
          <ns3:TrackPointExtension>
            <ns3:hr>148</ns3:hr>
            <ns3:cad>93</ns3:cad>
          </ns3:TrackPointExtension>
        </extensions>
      </trkpt>
      <trkpt lat="45.81072994507849216461181640625" lon="126.6483663953840732574462890625">
        <ele>116.40000152587890625</ele>
        <time>2026-10-04T21:30:06.000Z</time>
        <extensions>
          <ns3:TrackPointExtension>
            <ns3:hr>148</ns3:hr>
            <ns3:cad>92</ns3:cad>
          </ns3:TrackPointExtension>
        </extensions>
      </trkpt>
      <trkpt lat="45.81072525121271610260009765625" lon="126.64832171984016895294189453125">
        <ele>116.40000152587890625</ele>
        <time>2026-10-04T21:30:07.000Z</time>
        <extensions>
          <ns3:TrackPointExtension>
            <ns3:hr>148</ns3:hr>
            <ns3:cad>92</ns3:cad>
          </ns3:TrackPointExtension>
        </extensions>
      </trkpt>
      <trkpt lat="45.81071552820503711700439453125" lon="126.64828232489526271820068359375">
        <ele>116.40000152587890625</ele>
        <time>2026-10-04T21:30:08.000Z</time>
        <extensions>
          <ns3:TrackPointExtension>
            <ns3:hr>148</ns3:hr>
            <ns3:cad>93</ns3:cad>
          </ns3:TrackPointExtension>
        </extensions>
      </trkpt>
      <trkpt lat="45.81070982851088047027587890625" lon="126.64824360050261020660400390625">
        <ele>116.40000152587890625</ele>
        <time>2026-10-04T21:30:09.000Z</time>
        <extensions>
          <ns3:TrackPointExtension>
            <ns3:hr>148</ns3:hr>
            <ns3:cad>93</ns3:cad>
          </ns3:TrackPointExtension>
        </extensions>
      </trkpt>
      <trkpt lat="45.810700356960296630859375" lon="126.64820152334868907928466796875">
        <ele>116.40000152587890625</ele>
        <time>2026-10-04T21:30:10.000Z</time>
        <extensions>
          <ns3:TrackPointExtension>
            <ns3:hr>148</ns3:hr>
            <ns3:cad>92</ns3:cad>
          </ns3:TrackPointExtension>
        </extensions>
      </trkpt>
      <trkpt lat="45.81068686209619045257568359375" lon="126.64816129021346569061279296875">
        <ele>116.40000152587890625</ele>
        <time>2026-10-04T21:30:11.000Z</time>
        <extensions>
          <ns3:TrackPointExtension>
            <ns3:hr>148</ns3:hr>
            <ns3:cad>92</ns3:cad>
          </ns3:TrackPointExtension>
        </extensions>
      </trkpt>
      <trkpt lat="45.810677222907543182373046875" lon="126.64811518974602222442626953125">
        <ele>116.40000152587890625</ele>
        <time>2026-10-04T21:30:12.000Z</time>
        <extensions>
          <ns3:TrackPointExtension>
            <ns3:hr>149</ns3:hr>
            <ns3:cad>92</ns3:cad>
          </ns3:TrackPointExtension>
        </extensions>
      </trkpt>
      <trkpt lat="45.81066624261438846588134765625" lon="126.6480733640491962432861328125">
        <ele>116.1999969482421875</ele>
        <time>2026-10-04T21:30:13.000Z</time>
        <extensions>
          <ns3:TrackPointExtension>
            <ns3:hr>148</ns3:hr>
            <ns3:cad>92</ns3:cad>
          </ns3:TrackPointExtension>
        </extensions>
      </trkpt>
      <trkpt lat="45.81065735779702663421630859375" lon="126.6480371542274951934814453125">
        <ele>116.40000152587890625</ele>
        <time>2026-10-04T21:30:14.000Z</time>
        <extensions>
          <ns3:TrackPointExtension>
            <ns3:hr>148</ns3:hr>
            <ns3:cad>91</ns3:cad>
          </ns3:TrackPointExtension>
        </extensions>
      </trkpt>
      <trkpt lat="45.810649730265140533447265625" lon="126.6479994356632232666015625">
        <ele>116.40000152587890625</ele>
        <time>2026-10-04T21:30:15.000Z</time>
        <extensions>
          <ns3:TrackPointExtension>
            <ns3:hr>149</ns3:hr>
            <ns3:cad>91</ns3:cad>
          </ns3:TrackPointExtension>
        </extensions>
      </trkpt>
      <trkpt lat="45.81064403057098388671875" lon="126.6479684226214885711669921875">
        <ele>116.40000152587890625</ele>
        <time>2026-10-04T21:30:16.000Z</time>
        <extensions>
          <ns3:TrackPointExtension>
            <ns3:hr>148</ns3:hr>
            <ns3:cad>91</ns3:cad>
          </ns3:TrackPointExtension>
        </extensions>
      </trkpt>
      <trkpt lat="45.81063690595328807830810546875" lon="126.64793246425688266754150390625">
        <ele>116.40000152587890625</ele>
        <time>2026-10-04T21:30:17.000Z</time>
        <extensions>
          <ns3:TrackPointExtension>
            <ns3:hr>149</ns3:hr>
            <ns3:cad>91</ns3:cad>
          </ns3:TrackPointExtension>
        </extensions>
      </trkpt>
      <trkpt lat="45.81063053570687770843505859375" lon="126.64788703434169292449951171875">
        <ele>116.59999847412109375</ele>
        <time>2026-10-04T21:30:18.000Z</time>
        <extensions>
          <ns3:TrackPointExtension>
            <ns3:hr>149</ns3:hr>
            <ns3:cad>91</ns3:cad>
          </ns3:TrackPointExtension>
        </extensions>
      </trkpt>
      <trkpt lat="45.81062198616564273834228515625" lon="126.64784948341548442840576171875">
        <ele>116.40000152587890625</ele>
        <time>2026-10-04T21:30:19.000Z</time>
        <extensions>
          <ns3:TrackPointExtension>
            <ns3:hr>148</ns3:hr>
            <ns3:cad>91</ns3:cad>
          </ns3:TrackPointExtension>
        </extensions>
      </trkpt>
      <trkpt lat="45.81062098033726215362548828125" lon="126.64780371822416782379150390625">
        <ele>116.40000152587890625</ele>
        <time>2026-10-04T21:30:20.000Z</time>
        <extensions>
          <ns3:TrackPointExtension>
            <ns3:hr>148</ns3:hr>
            <ns3:cad>91</ns3:cad>
          </ns3:TrackPointExtension>
        </extensions>
      </trkpt>
      <trkpt lat="45.81061251461505889892578125" lon="126.64775577373802661895751953125">
        <ele>116.40000152587890625</ele>
        <time>2026-10-04T21:30:21.000Z</time>
        <extensions>
          <ns3:TrackPointExtension>
            <ns3:hr>148</ns3:hr>
            <ns3:cad>92</ns3:cad>
          </ns3:TrackPointExtension>
        </extensions>
      </trkpt>
      <trkpt lat="45.81060471944510936737060546875" lon="126.64771470241248607635498046875">
        <ele>116.40000152587890625</ele>
        <time>2026-10-04T21:30:22.000Z</time>
        <extensions>
          <ns3:TrackPointExtension>
            <ns3:hr>147</ns3:hr>
            <ns3:cad>92</ns3:cad>
          </ns3:TrackPointExtension>
        </extensions>
      </trkpt>
      <trkpt lat="45.81059231422841548919677734375" lon="126.647666506469249725341796875">
        <ele>116.40000152587890625</ele>
        <time>2026-10-04T21:30:23.000Z</time>
        <extensions>
          <ns3:TrackPointExtension>
            <ns3:hr>147</ns3:hr>
            <ns3:cad>93</ns3:cad>
          </ns3:TrackPointExtension>
        </extensions>
      </trkpt>
      <trkpt lat="45.81057974137365818023681640625" lon="126.64763004519045352935791015625">
        <ele>116.40000152587890625</ele>
        <time>2026-10-04T21:30:24.000Z</time>
        <extensions>
          <ns3:TrackPointExtension>
            <ns3:hr>147</ns3:hr>
            <ns3:cad>93</ns3:cad>
          </ns3:TrackPointExtension>
        </extensions>
      </trkpt>
      <trkpt lat="45.8105680905282497406005859375" lon="126.64758394472301006317138671875">
        <ele>116.40000152587890625</ele>
        <time>2026-10-04T21:30:25.000Z</time>
        <extensions>
          <ns3:TrackPointExtension>
            <ns3:hr>147</ns3:hr>
            <ns3:cad>94</ns3:cad>
          </ns3:TrackPointExtension>
        </extensions>
      </trkpt>
      <trkpt lat="45.8105568587779998779296875" lon="126.64754815399646759033203125">
        <ele>116.40000152587890625</ele>
        <time>2026-10-04T21:30:26.000Z</time>
        <extensions>
          <ns3:TrackPointExtension>
            <ns3:hr>147</ns3:hr>
            <ns3:cad>94</ns3:cad>
          </ns3:TrackPointExtension>
        </extensions>
      </trkpt>
      <trkpt lat="45.81054738722741603851318359375" lon="126.64749962277710437774658203125">
        <ele>116.40000152587890625</ele>
        <time>2026-10-04T21:30:27.000Z</time>
        <extensions>
          <ns3:TrackPointExtension>
            <ns3:hr>148</ns3:hr>
            <ns3:cad>92</ns3:cad>
          </ns3:TrackPointExtension>
        </extensions>
      </trkpt>
      <trkpt lat="45.81053582020103931427001953125" lon="126.6474671848118305206298828125">
        <ele>116.40000152587890625</ele>
        <time>2026-10-04T21:30:28.000Z</time>
        <extensions>
          <ns3:TrackPointExtension>
            <ns3:hr>148</ns3:hr>
            <ns3:cad>92</ns3:cad>
          </ns3:TrackPointExtension>
        </extensions>
      </trkpt>
      <trkpt lat="45.810527689754962921142578125" lon="126.64741865359246730804443359375">
        <ele>116.40000152587890625</ele>
        <time>2026-10-04T21:30:29.000Z</time>
        <extensions>
          <ns3:TrackPointExtension>
            <ns3:hr>149</ns3:hr>
            <ns3:cad>92</ns3:cad>
          </ns3:TrackPointExtension>
        </extensions>
      </trkpt>
      <trkpt lat="45.81051184795796871185302734375" lon="126.64738588035106658935546875">
        <ele>116.40000152587890625</ele>
        <time>2026-10-04T21:30:30.000Z</time>
        <extensions>
          <ns3:TrackPointExtension>
            <ns3:hr>150</ns3:hr>
            <ns3:cad>93</ns3:cad>
          </ns3:TrackPointExtension>
        </extensions>
      </trkpt>
      <trkpt lat="45.810508914291858673095703125" lon="126.64733567275106906890869140625">
        <ele>116.40000152587890625</ele>
        <time>2026-10-04T21:30:31.000Z</time>
        <extensions>
          <ns3:TrackPointExtension>
            <ns3:hr>150</ns3:hr>
            <ns3:cad>92</ns3:cad>
          </ns3:TrackPointExtension>
        </extensions>
      </trkpt>
      <trkpt lat="45.8104976825416088104248046875" lon="126.647292338311672210693359375">
        <ele>116.40000152587890625</ele>
        <time>2026-10-04T21:30:32.000Z</time>
        <extensions>
          <ns3:TrackPointExtension>
            <ns3:hr>150</ns3:hr>
            <ns3:cad>92</ns3:cad>
          </ns3:TrackPointExtension>
        </extensions>
      </trkpt>
      <trkpt lat="45.8104946650564670562744140625" lon="126.6472435556352138519287109375">
        <ele>116.40000152587890625</ele>
        <time>2026-10-04T21:30:33.000Z</time>
        <extensions>
          <ns3:TrackPointExtension>
            <ns3:hr>150</ns3:hr>
            <ns3:cad>92</ns3:cad>
          </ns3:TrackPointExtension>
        </extensions>
      </trkpt>
      <trkpt lat="45.810482762753963470458984375" lon="126.6471999697387218475341796875">
        <ele>116.40000152587890625</ele>
        <time>2026-10-04T21:30:34.000Z</time>
        <extensions>
          <ns3:TrackPointExtension>
            <ns3:hr>150</ns3:hr>
            <ns3:cad>92</ns3:cad>
          </ns3:TrackPointExtension>
        </extensions>
      </trkpt>
      <trkpt lat="45.81047412939369678497314453125" lon="126.64715864695608615875244140625">
        <ele>116.40000152587890625</ele>
        <time>2026-10-04T21:30:35.000Z</time>
        <extensions>
          <ns3:TrackPointExtension>
            <ns3:hr>150</ns3:hr>
            <ns3:cad>93</ns3:cad>
          </ns3:TrackPointExtension>
        </extensions>
      </trkpt>
      <trkpt lat="45.81046289764344692230224609375" lon="126.64711807854473590850830078125">
        <ele>116.59999847412109375</ele>
        <time>2026-10-04T21:30:36.000Z</time>
        <extensions>
          <ns3:TrackPointExtension>
            <ns3:hr>151</ns3:hr>
            <ns3:cad>93</ns3:cad>
          </ns3:TrackPointExtension>
        </extensions>
      </trkpt>
      <trkpt lat="45.81045091152191162109375" lon="126.6470779292285442352294921875">
        <ele>116.59999847412109375</ele>
        <time>2026-10-04T21:30:37.000Z</time>
        <extensions>
          <ns3:TrackPointExtension>
            <ns3:hr>150</ns3:hr>
            <ns3:cad>92</ns3:cad>
          </ns3:TrackPointExtension>
        </extensions>
      </trkpt>
      <trkpt lat="45.810443200170993804931640625" lon="126.64703291840851306915283203125">
        <ele>116.59999847412109375</ele>
        <time>2026-10-04T21:30:38.000Z</time>
        <extensions>
          <ns3:TrackPointExtension>
            <ns3:hr>150</ns3:hr>
            <ns3:cad>92</ns3:cad>
          </ns3:TrackPointExtension>
        </extensions>
      </trkpt>
      <trkpt lat="45.8104326389729976654052734375" lon="126.64699436165392398834228515625">
        <ele>116.59999847412109375</ele>
        <time>2026-10-04T21:30:39.000Z</time>
        <extensions>
          <ns3:TrackPointExtension>
            <ns3:hr>150</ns3:hr>
            <ns3:cad>92</ns3:cad>
          </ns3:TrackPointExtension>
        </extensions>
      </trkpt>
      <trkpt lat="45.81042853184044361114501953125" lon="126.64694021455943584442138671875">
        <ele>116.59999847412109375</ele>
        <time>2026-10-04T21:30:40.000Z</time>
        <extensions>
          <ns3:TrackPointExtension>
            <ns3:hr>150</ns3:hr>
            <ns3:cad>93</ns3:cad>
          </ns3:TrackPointExtension>
        </extensions>
      </trkpt>
      <trkpt lat="45.81041713245213031768798828125" lon="126.64690434001386165618896484375">
        <ele>116.59999847412109375</ele>
        <time>2026-10-04T21:30:41.000Z</time>
        <extensions>
          <ns3:TrackPointExtension>
            <ns3:hr>150</ns3:hr>
            <ns3:cad>92</ns3:cad>
          </ns3:TrackPointExtension>
        </extensions>
      </trkpt>
      <trkpt lat="45.81040866672992706298828125" lon="126.646856479346752166748046875">
        <ele>116.59999847412109375</ele>
        <time>2026-10-04T21:30:42.000Z</time>
        <extensions>
          <ns3:TrackPointExtension>
            <ns3:hr>150</ns3:hr>
            <ns3:cad>92</ns3:cad>
          </ns3:TrackPointExtension>
        </extensions>
      </trkpt>
      <trkpt lat="45.8103960938751697540283203125" lon="126.646822951734066009521484375">
        <ele>116.59999847412109375</ele>
        <time>2026-10-04T21:30:43.000Z</time>
        <extensions>
          <ns3:TrackPointExtension>
            <ns3:hr>150</ns3:hr>
            <ns3:cad>92</ns3:cad>
          </ns3:TrackPointExtension>
        </extensions>
      </trkpt>
      <trkpt lat="45.81039299257099628448486328125" lon="126.64677592925727367401123046875">
        <ele>116.59999847412109375</ele>
        <time>2026-10-04T21:30:44.000Z</time>
        <extensions>
          <ns3:TrackPointExtension>
            <ns3:hr>150</ns3:hr>
            <ns3:cad>92</ns3:cad>
          </ns3:TrackPointExtension>
        </extensions>
      </trkpt>
      <trkpt lat="45.81038092263042926788330078125" lon="126.646737791597843170166015625">
        <ele>116.40000152587890625</ele>
        <time>2026-10-04T21:30:45.000Z</time>
        <extensions>
          <ns3:TrackPointExtension>
            <ns3:hr>150</ns3:hr>
            <ns3:cad>92</ns3:cad>
          </ns3:TrackPointExtension>
        </extensions>
      </trkpt>
      <trkpt lat="45.81037580966949462890625" lon="126.64669814519584178924560546875">
        <ele>116.40000152587890625</ele>
        <time>2026-10-04T21:30:46.000Z</time>
        <extensions>
          <ns3:TrackPointExtension>
            <ns3:hr>150</ns3:hr>
            <ns3:cad>92</ns3:cad>
          </ns3:TrackPointExtension>
        </extensions>
      </trkpt>
      <trkpt lat="45.81036466173827648162841796875" lon="126.6466554813086986541748046875">
        <ele>116.40000152587890625</ele>
        <time>2026-10-04T21:30:47.000Z</time>
        <extensions>
          <ns3:TrackPointExtension>
            <ns3:hr>149</ns3:hr>
            <ns3:cad>93</ns3:cad>
          </ns3:TrackPointExtension>
        </extensions>
      </trkpt>
      <trkpt lat="45.81035594455897808074951171875" lon="126.64661617018282413482666015625">
        <ele>116.40000152587890625</ele>
        <time>2026-10-04T21:30:48.000Z</time>
        <extensions>
          <ns3:TrackPointExtension>
            <ns3:hr>149</ns3:hr>
            <ns3:cad>93</ns3:cad>
          </ns3:TrackPointExtension>
        </extensions>
      </trkpt>
      <trkpt lat="45.81034286879003047943115234375" lon="126.64657476358115673065185546875">
        <ele>116.40000152587890625</ele>
        <time>2026-10-04T21:30:49.000Z</time>
        <extensions>
          <ns3:TrackPointExtension>
            <ns3:hr>149</ns3:hr>
            <ns3:cad>94</ns3:cad>
          </ns3:TrackPointExtension>
        </extensions>
      </trkpt>
      <trkpt lat="45.8103315532207489013671875" lon="126.646536290645599365234375">
        <ele>116.40000152587890625</ele>
        <time>2026-10-04T21:30:50.000Z</time>
        <extensions>
          <ns3:TrackPointExtension>
            <ns3:hr>149</ns3:hr>
            <ns3:cad>94</ns3:cad>
          </ns3:TrackPointExtension>
        </extensions>
      </trkpt>
      <trkpt lat="45.8103261888027191162109375" lon="126.6464888490736484527587890625">
        <ele>116.59999847412109375</ele>
        <time>2026-10-04T21:30:51.000Z</time>
        <extensions>
          <ns3:TrackPointExtension>
            <ns3:hr>149</ns3:hr>
            <ns3:cad>92</ns3:cad>
          </ns3:TrackPointExtension>
        </extensions>
      </trkpt>
      <trkpt lat="45.8103173039853572845458984375" lon="126.64645791985094547271728515625">
        <ele>116.59999847412109375</ele>
        <time>2026-10-04T21:30:52.000Z</time>
        <extensions>
          <ns3:TrackPointExtension>
            <ns3:hr>149</ns3:hr>
            <ns3:cad>91</ns3:cad>
          </ns3:TrackPointExtension>
        </extensions>
      </trkpt>
      <trkpt lat="45.81031621433794498443603515625" lon="126.646410562098026275634765625">
        <ele>116.59999847412109375</ele>
        <time>2026-10-04T21:30:53.000Z</time>
        <extensions>
          <ns3:TrackPointExtension>
            <ns3:hr>149</ns3:hr>
            <ns3:cad>91</ns3:cad>
          </ns3:TrackPointExtension>
        </extensions>
      </trkpt>
      <trkpt lat="45.810305066406726837158203125" lon="126.6463761962950229644775390625">
        <ele>116.59999847412109375</ele>
        <time>2026-10-04T21:30:54.000Z</time>
        <extensions>
          <ns3:TrackPointExtension>
            <ns3:hr>149</ns3:hr>
            <ns3:cad>91</ns3:cad>
          </ns3:TrackPointExtension>
        </extensions>
      </trkpt>
      <trkpt lat="45.8102953433990478515625" lon="126.64632062427699565887451171875">
        <ele>116.40000152587890625</ele>
        <time>2026-10-04T21:30:55.000Z</time>
        <extensions>
          <ns3:TrackPointExtension>
            <ns3:hr>149</ns3:hr>
            <ns3:cad>92</ns3:cad>
          </ns3:TrackPointExtension>
        </extensions>
      </trkpt>
      <trkpt lat="45.8102797530591487884521484375" lon="126.6462799720466136932373046875">
        <ele>116.40000152587890625</ele>
        <time>2026-10-04T21:30:56.000Z</time>
        <extensions>
          <ns3:TrackPointExtension>
            <ns3:hr>150</ns3:hr>
            <ns3:cad>92</ns3:cad>
          </ns3:TrackPointExtension>
        </extensions>
      </trkpt>
      <trkpt lat="45.810272209346294403076171875" lon="126.6462370567023754119873046875">
        <ele>116.1999969482421875</ele>
        <time>2026-10-04T21:30:57.000Z</time>
        <extensions>
          <ns3:TrackPointExtension>
            <ns3:hr>150</ns3:hr>
            <ns3:cad>92</ns3:cad>
          </ns3:TrackPointExtension>
        </extensions>
      </trkpt>
      <trkpt lat="45.810260139405727386474609375" lon="126.64619707502424716949462890625">
        <ele>116.1999969482421875</ele>
        <time>2026-10-04T21:30:58.000Z</time>
        <extensions>
          <ns3:TrackPointExtension>
            <ns3:hr>151</ns3:hr>
            <ns3:cad>92</ns3:cad>
          </ns3:TrackPointExtension>
        </extensions>
      </trkpt>
      <trkpt lat="45.81025217659771442413330078125" lon="126.64615633897483348846435546875">
        <ele>116.40000152587890625</ele>
        <time>2026-10-04T21:30:59.000Z</time>
        <extensions>
          <ns3:TrackPointExtension>
            <ns3:hr>151</ns3:hr>
            <ns3:cad>92</ns3:cad>
          </ns3:TrackPointExtension>
        </extensions>
      </trkpt>
      <trkpt lat="45.810239352285861968994140625" lon="126.64611275307834148406982421875">
        <ele>116.40000152587890625</ele>
        <time>2026-10-04T21:31:00.000Z</time>
        <extensions>
          <ns3:TrackPointExtension>
            <ns3:hr>151</ns3:hr>
            <ns3:cad>93</ns3:cad>
          </ns3:TrackPointExtension>
        </extensions>
      </trkpt>
      <trkpt lat="45.81023189239203929901123046875" lon="126.6460709273815155029296875">
        <ele>116.40000152587890625</ele>
        <time>2026-10-04T21:31:01.000Z</time>
        <extensions>
          <ns3:TrackPointExtension>
            <ns3:hr>151</ns3:hr>
            <ns3:cad>94</ns3:cad>
          </ns3:TrackPointExtension>
        </extensions>
      </trkpt>
      <trkpt lat="45.810224600136280059814453125" lon="126.64602424018085002899169921875">
        <ele>116.40000152587890625</ele>
        <time>2026-10-04T21:31:02.000Z</time>
        <extensions>
          <ns3:TrackPointExtension>
            <ns3:hr>152</ns3:hr>
            <ns3:cad>94</ns3:cad>
          </ns3:TrackPointExtension>
        </extensions>
      </trkpt>
      <trkpt lat="45.8102160505950450897216796875" lon="126.64599088020622730255126953125">
        <ele>116.40000152587890625</ele>
        <time>2026-10-04T21:31:03.000Z</time>
        <extensions>
          <ns3:TrackPointExtension>
            <ns3:hr>152</ns3:hr>
            <ns3:cad>94</ns3:cad>
          </ns3:TrackPointExtension>
        </extensions>
      </trkpt>
      <trkpt lat="45.8102059923112392425537109375" lon="126.64594545029103755950927734375">
        <ele>116.40000152587890625</ele>
        <time>2026-10-04T21:31:04.000Z</time>
        <extensions>
          <ns3:TrackPointExtension>
            <ns3:hr>152</ns3:hr>
            <ns3:cad>93</ns3:cad>
          </ns3:TrackPointExtension>
        </extensions>
      </trkpt>
      <trkpt lat="45.81019409000873565673828125" lon="126.6459081508219242095947265625">
        <ele>116.1999969482421875</ele>
        <time>2026-10-04T21:31:05.000Z</time>
        <extensions>
          <ns3:TrackPointExtension>
            <ns3:hr>151</ns3:hr>
            <ns3:cad>93</ns3:cad>
          </ns3:TrackPointExtension>
        </extensions>
      </trkpt>
      <trkpt lat="45.8101848699152469635009765625" lon="126.6458649002015590667724609375">
        <ele>116.40000152587890625</ele>
        <time>2026-10-04T21:31:06.000Z</time>
        <extensions>
          <ns3:TrackPointExtension>
            <ns3:hr>151</ns3:hr>
            <ns3:cad>93</ns3:cad>
          </ns3:TrackPointExtension>
        </extensions>
      </trkpt>
      <trkpt lat="45.8101707883179187774658203125" lon="126.6458317078649997711181640625">
        <ele>116.40000152587890625</ele>
        <time>2026-10-04T21:31:07.000Z</time>
        <extensions>
          <ns3:TrackPointExtension>
            <ns3:hr>151</ns3:hr>
            <ns3:cad>93</ns3:cad>
          </ns3:TrackPointExtension>
        </extensions>
      </trkpt>
      <trkpt lat="45.81016550771892070770263671875" lon="126.64578728377819061279296875">
        <ele>116.40000152587890625</ele>
        <time>2026-10-04T21:31:08.000Z</time>
        <extensions>
          <ns3:TrackPointExtension>
            <ns3:hr>152</ns3:hr>
            <ns3:cad>92</ns3:cad>
          </ns3:TrackPointExtension>
        </extensions>
      </trkpt>
      <trkpt lat="45.81015964038670063018798828125" lon="126.6457535885274410247802734375">
        <ele>116.40000152587890625</ele>
        <time>2026-10-04T21:31:09.000Z</time>
        <extensions>
          <ns3:TrackPointExtension>
            <ns3:hr>151</ns3:hr>
            <ns3:cad>92</ns3:cad>
          </ns3:TrackPointExtension>
        </extensions>
      </trkpt>
      <trkpt lat="45.8101570419967174530029296875" lon="126.645703800022602081298828125">
        <ele>116.40000152587890625</ele>
        <time>2026-10-04T21:31:10.000Z</time>
        <extensions>
          <ns3:TrackPointExtension>
            <ns3:hr>151</ns3:hr>
            <ns3:cad>92</ns3:cad>
          </ns3:TrackPointExtension>
        </extensions>
      </trkpt>
      <trkpt lat="45.8101500011980533599853515625" lon="126.64566482417285442352294921875">
        <ele>116.1999969482421875</ele>
        <time>2026-10-04T21:31:11.000Z</time>
        <extensions>
          <ns3:TrackPointExtension>
            <ns3:hr>150</ns3:hr>
            <ns3:cad>92</ns3:cad>
          </ns3:TrackPointExtension>
        </extensions>
      </trkpt>
      <trkpt lat="45.81014555878937244415283203125" lon="126.6456201486289501190185546875">
        <ele>116.1999969482421875</ele>
        <time>2026-10-04T21:31:12.000Z</time>
        <extensions>
          <ns3:TrackPointExtension>
            <ns3:hr>150</ns3:hr>
            <ns3:cad>93</ns3:cad>
          </ns3:TrackPointExtension>
        </extensions>
      </trkpt>
      <trkpt lat="45.81013332121074199676513671875" lon="126.64558075368404388427734375">
        <ele>116.40000152587890625</ele>
        <time>2026-10-04T21:31:13.000Z</time>
        <extensions>
          <ns3:TrackPointExtension>
            <ns3:hr>150</ns3:hr>
            <ns3:cad>92</ns3:cad>
          </ns3:TrackPointExtension>
        </extensions>
      </trkpt>
      <trkpt lat="45.8101282082498073577880859375" lon="126.64554026909172534942626953125">
        <ele>116.40000152587890625</ele>
        <time>2026-10-04T21:31:14.000Z</time>
        <extensions>
          <ns3:TrackPointExtension>
            <ns3:hr>150</ns3:hr>
            <ns3:cad>92</ns3:cad>
          </ns3:TrackPointExtension>
        </extensions>
      </trkpt>
      <trkpt lat="45.81011840142309665679931640625" lon="126.64549450390040874481201171875">
        <ele>116.40000152587890625</ele>
        <time>2026-10-04T21:31:15.000Z</time>
        <extensions>
          <ns3:TrackPointExtension>
            <ns3:hr>150</ns3:hr>
            <ns3:cad>92</ns3:cad>
          </ns3:TrackPointExtension>
        </extensions>
      </trkpt>
      <trkpt lat="45.81010884605348110198974609375" lon="126.6454598866403102874755859375">
        <ele>116.40000152587890625</ele>
        <time>2026-10-04T21:31:16.000Z</time>
        <extensions>
          <ns3:TrackPointExtension>
            <ns3:hr>149</ns3:hr>
            <ns3:cad>93</ns3:cad>
          </ns3:TrackPointExtension>
        </extensions>
      </trkpt>
      <trkpt lat="45.810100547969341278076171875" lon="126.64541169069707393646240234375">
        <ele>116.40000152587890625</ele>
        <time>2026-10-04T21:31:17.000Z</time>
        <extensions>
          <ns3:TrackPointExtension>
            <ns3:hr>150</ns3:hr>
            <ns3:cad>93</ns3:cad>
          </ns3:TrackPointExtension>
        </extensions>
      </trkpt>
      <trkpt lat="45.81008688546717166900634765625" lon="126.64537782780826091766357421875">
        <ele>116.40000152587890625</ele>
        <time>2026-10-04T21:31:18.000Z</time>
        <extensions>
          <ns3:TrackPointExtension>
            <ns3:hr>150</ns3:hr>
            <ns3:cad>92</ns3:cad>
          </ns3:TrackPointExtension>
        </extensions>
      </trkpt>
      <trkpt lat="45.81007800064980983734130859375" lon="126.6453264467418193817138671875">
        <ele>116.40000152587890625</ele>
        <time>2026-10-04T21:31:19.000Z</time>
        <extensions>
          <ns3:TrackPointExtension>
            <ns3:hr>149</ns3:hr>
            <ns3:cad>92</ns3:cad>
          </ns3:TrackPointExtension>
        </extensions>
      </trkpt>
      <trkpt lat="45.81006375141441822052001953125" lon="126.64529509842395782470703125">
        <ele>116.40000152587890625</ele>
        <time>2026-10-04T21:31:20.000Z</time>
        <extensions>
          <ns3:TrackPointExtension>
            <ns3:hr>150</ns3:hr>
            <ns3:cad>92</ns3:cad>
          </ns3:TrackPointExtension>
        </extensions>
      </trkpt>
      <trkpt lat="45.81005595624446868896484375" lon="126.64524254389107227325439453125">
        <ele>116.40000152587890625</ele>
        <time>2026-10-04T21:31:21.000Z</time>
        <extensions>
          <ns3:TrackPointExtension>
            <ns3:hr>150</ns3:hr>
            <ns3:cad>92</ns3:cad>
          </ns3:TrackPointExtension>
        </extensions>
      </trkpt>
      <trkpt lat="45.81004061736166477203369140625" lon="126.6452070884406566619873046875">
        <ele>116.40000152587890625</ele>
        <time>2026-10-04T21:31:22.000Z</time>
        <extensions>
          <ns3:TrackPointExtension>
            <ns3:hr>150</ns3:hr>
            <ns3:cad>92</ns3:cad>
          </ns3:TrackPointExtension>
        </extensions>
      </trkpt>
      <trkpt lat="45.81003542058169841766357421875" lon="126.6451665200293064117431640625">
        <ele>116.40000152587890625</ele>
        <time>2026-10-04T21:31:23.000Z</time>
        <extensions>
          <ns3:TrackPointExtension>
            <ns3:hr>150</ns3:hr>
            <ns3:cad>93</ns3:cad>
          </ns3:TrackPointExtension>
        </extensions>
      </trkpt>
      <trkpt lat="45.81002536229789257049560546875" lon="126.6451289691030979156494140625">
        <ele>116.40000152587890625</ele>
        <time>2026-10-04T21:31:24.000Z</time>
        <extensions>
          <ns3:TrackPointExtension>
            <ns3:hr>150</ns3:hr>
            <ns3:cad>93</ns3:cad>
          </ns3:TrackPointExtension>
        </extensions>
      </trkpt>
      <trkpt lat="45.81001915968954563140869140625" lon="126.6450880654156208038330078125">
        <ele>116.40000152587890625</ele>
        <time>2026-10-04T21:31:25.000Z</time>
        <extensions>
          <ns3:TrackPointExtension>
            <ns3:hr>150</ns3:hr>
            <ns3:cad>93</ns3:cad>
          </ns3:TrackPointExtension>
        </extensions>
      </trkpt>
      <trkpt lat="45.81000993959605693817138671875" lon="126.64504489861428737640380859375">
        <ele>116.40000152587890625</ele>
        <time>2026-10-04T21:31:26.000Z</time>
        <extensions>
          <ns3:TrackPointExtension>
            <ns3:hr>150</ns3:hr>
            <ns3:cad>92</ns3:cad>
          </ns3:TrackPointExtension>
        </extensions>
      </trkpt>
      <trkpt lat="45.81000172533094882965087890625" lon="126.64500248618423938751220703125">
        <ele>116.40000152587890625</ele>
        <time>2026-10-04T21:31:27.000Z</time>
        <extensions>
          <ns3:TrackPointExtension>
            <ns3:hr>150</ns3:hr>
            <ns3:cad>93</ns3:cad>
          </ns3:TrackPointExtension>
        </extensions>
      </trkpt>
      <trkpt lat="45.8099944330751895904541015625" lon="126.6449576430022716522216796875">
        <ele>116.40000152587890625</ele>
        <time>2026-10-04T21:31:28.000Z</time>
        <extensions>
          <ns3:TrackPointExtension>
            <ns3:hr>150</ns3:hr>
            <ns3:cad>92</ns3:cad>
          </ns3:TrackPointExtension>
        </extensions>
      </trkpt>
      <trkpt lat="45.8099857158958911895751953125" lon="126.6449214331805706024169921875">
        <ele>116.40000152587890625</ele>
        <time>2026-10-04T21:31:29.000Z</time>
        <extensions>
          <ns3:TrackPointExtension>
            <ns3:hr>150</ns3:hr>
            <ns3:cad>93</ns3:cad>
          </ns3:TrackPointExtension>
        </extensions>
      </trkpt>
      <trkpt lat="45.80997674725949764251708984375" lon="126.6448671184480190277099609375">
        <ele>116.40000152587890625</ele>
        <time>2026-10-04T21:31:30.000Z</time>
        <extensions>
          <ns3:TrackPointExtension>
            <ns3:hr>150</ns3:hr>
            <ns3:cad>93</ns3:cad>
          </ns3:TrackPointExtension>
        </extensions>
      </trkpt>
      <trkpt lat="45.80996266566216945648193359375" lon="126.64483417756855487823486328125">
        <ele>116.40000152587890625</ele>
        <time>2026-10-04T21:31:31.000Z</time>
        <extensions>
          <ns3:TrackPointExtension>
            <ns3:hr>150</ns3:hr>
            <ns3:cad>93</ns3:cad>
          </ns3:TrackPointExtension>
        </extensions>
      </trkpt>
      <trkpt lat="45.80995461903512477874755859375" lon="126.64478355087339878082275390625">
        <ele>116.40000152587890625</ele>
        <time>2026-10-04T21:31:32.000Z</time>
        <extensions>
          <ns3:TrackPointExtension>
            <ns3:hr>150</ns3:hr>
            <ns3:cad>93</ns3:cad>
          </ns3:TrackPointExtension>
        </extensions>
      </trkpt>
      <trkpt lat="45.8099407888948917388916015625" lon="126.64474583230912685394287109375">
        <ele>116.40000152587890625</ele>
        <time>2026-10-04T21:31:33.000Z</time>
        <extensions>
          <ns3:TrackPointExtension>
            <ns3:hr>151</ns3:hr>
            <ns3:cad>92</ns3:cad>
          </ns3:TrackPointExtension>
        </extensions>
      </trkpt>
      <trkpt lat="45.8099344186484813690185546875" lon="126.6446994803845882415771484375">
        <ele>116.40000152587890625</ele>
        <time>2026-10-04T21:31:34.000Z</time>
        <extensions>
          <ns3:TrackPointExtension>
            <ns3:hr>150</ns3:hr>
            <ns3:cad>92</ns3:cad>
          </ns3:TrackPointExtension>
        </extensions>
      </trkpt>
      <trkpt lat="45.80992192961275577545166015625" lon="126.64466083981096744537353515625">
        <ele>116.1999969482421875</ele>
        <time>2026-10-04T21:31:35.000Z</time>
        <extensions>
          <ns3:TrackPointExtension>
            <ns3:hr>150</ns3:hr>
            <ns3:cad>94</ns3:cad>
          </ns3:TrackPointExtension>
        </extensions>
      </trkpt>
      <trkpt lat="45.80991514027118682861328125" lon="126.64462077431380748748779296875">
        <ele>116.1999969482421875</ele>
        <time>2026-10-04T21:31:36.000Z</time>
        <extensions>
          <ns3:TrackPointExtension>
            <ns3:hr>150</ns3:hr>
            <ns3:cad>94</ns3:cad>
          </ns3:TrackPointExtension>
        </extensions>
      </trkpt>
      <trkpt lat="45.8099029026925563812255859375" lon="126.64457970298826694488525390625">
        <ele>116.1999969482421875</ele>
        <time>2026-10-04T21:31:37.000Z</time>
        <extensions>
          <ns3:TrackPointExtension>
            <ns3:hr>151</ns3:hr>
            <ns3:cad>93</ns3:cad>
          </ns3:TrackPointExtension>
        </extensions>
      </trkpt>
      <trkpt lat="45.80989343114197254180908203125" lon="126.6445474326610565185546875">
        <ele>116.1999969482421875</ele>
        <time>2026-10-04T21:31:38.000Z</time>
        <extensions>
          <ns3:TrackPointExtension>
            <ns3:hr>150</ns3:hr>
            <ns3:cad>92</ns3:cad>
          </ns3:TrackPointExtension>
        </extensions>
      </trkpt>
      <trkpt lat="45.809881947934627532958984375" lon="126.6445030085742473602294921875">
        <ele>116.1999969482421875</ele>
        <time>2026-10-04T21:31:39.000Z</time>
        <extensions>
          <ns3:TrackPointExtension>
            <ns3:hr>150</ns3:hr>
            <ns3:cad>92</ns3:cad>
          </ns3:TrackPointExtension>
        </extensions>
      </trkpt>
      <trkpt lat="45.8098690398037433624267578125" lon="126.6444678045809268951416015625">
        <ele>116.40000152587890625</ele>
        <time>2026-10-04T21:31:40.000Z</time>
        <extensions>
          <ns3:TrackPointExtension>
            <ns3:hr>150</ns3:hr>
            <ns3:cad>92</ns3:cad>
          </ns3:TrackPointExtension>
        </extensions>
      </trkpt>
      <trkpt lat="45.80986040644347667694091796875" lon="126.64442245848476886749267578125">
        <ele>116.40000152587890625</ele>
        <time>2026-10-04T21:31:41.000Z</time>
        <extensions>
          <ns3:TrackPointExtension>
            <ns3:hr>150</ns3:hr>
            <ns3:cad>92</ns3:cad>
          </ns3:TrackPointExtension>
        </extensions>
      </trkpt>
      <trkpt lat="45.8098460733890533447265625" lon="126.644389517605304718017578125">
        <ele>116.40000152587890625</ele>
        <time>2026-10-04T21:31:42.000Z</time>
        <extensions>
          <ns3:TrackPointExtension>
            <ns3:hr>150</ns3:hr>
            <ns3:cad>92</ns3:cad>
          </ns3:TrackPointExtension>
        </extensions>
      </trkpt>
      <trkpt lat="45.80983995459973812103271484375" lon="126.6443363763391971588134765625">
        <ele>116.40000152587890625</ele>
        <time>2026-10-04T21:31:43.000Z</time>
        <extensions>
          <ns3:TrackPointExtension>
            <ns3:hr>150</ns3:hr>
            <ns3:cad>92</ns3:cad>
          </ns3:TrackPointExtension>
        </extensions>
      </trkpt>
      <trkpt lat="45.80982469953596591949462890625" lon="126.6443006694316864013671875">
        <ele>116.40000152587890625</ele>
        <time>2026-10-04T21:31:44.000Z</time>
        <extensions>
          <ns3:TrackPointExtension>
            <ns3:hr>150</ns3:hr>
            <ns3:cad>92</ns3:cad>
          </ns3:TrackPointExtension>
        </extensions>
      </trkpt>
      <trkpt lat="45.8098147250711917877197265625" lon="126.6442569158971309661865234375">
        <ele>116.40000152587890625</ele>
        <time>2026-10-04T21:31:45.000Z</time>
        <extensions>
          <ns3:TrackPointExtension>
            <ns3:hr>150</ns3:hr>
            <ns3:cad>93</ns3:cad>
          </ns3:TrackPointExtension>
        </extensions>
      </trkpt>
      <trkpt lat="45.80979854799807071685791015625" lon="126.64422690868377685546875">
        <ele>116.40000152587890625</ele>
        <time>2026-10-04T21:31:46.000Z</time>
        <extensions>
          <ns3:TrackPointExtension>
            <ns3:hr>150</ns3:hr>
            <ns3:cad>93</ns3:cad>
          </ns3:TrackPointExtension>
        </extensions>
      </trkpt>
      <trkpt lat="45.80978681333363056182861328125" lon="126.64418709464371204376220703125">
        <ele>116.40000152587890625</ele>
        <time>2026-10-04T21:31:47.000Z</time>
        <extensions>
          <ns3:TrackPointExtension>
            <ns3:hr>150</ns3:hr>
            <ns3:cad>93</ns3:cad>
          </ns3:TrackPointExtension>
        </extensions>
      </trkpt>
      <trkpt lat="45.80977189354598522186279296875" lon="126.64415406994521617889404296875">
        <ele>116.40000152587890625</ele>
        <time>2026-10-04T21:31:48.000Z</time>
        <extensions>
          <ns3:TrackPointExtension>
            <ns3:hr>150</ns3:hr>
            <ns3:cad>93</ns3:cad>
          </ns3:TrackPointExtension>
        </extensions>
      </trkpt>
      <trkpt lat="45.80976183526217937469482421875" lon="126.6441053710877895355224609375">
        <ele>116.40000152587890625</ele>
        <time>2026-10-04T21:31:49.000Z</time>
        <extensions>
          <ns3:TrackPointExtension>
            <ns3:hr>150</ns3:hr>
            <ns3:cad>92</ns3:cad>
          </ns3:TrackPointExtension>
        </extensions>
      </trkpt>
      <trkpt lat="45.80974959768354892730712890625" lon="126.6440684907138347625732421875">
        <ele>116.40000152587890625</ele>
        <time>2026-10-04T21:31:50.000Z</time>
        <extensions>
          <ns3:TrackPointExtension>
            <ns3:hr>150</ns3:hr>
            <ns3:cad>92</ns3:cad>
          </ns3:TrackPointExtension>
        </extensions>
      </trkpt>
      <trkpt lat="45.8097414672374725341796875" lon="126.64403806440532207489013671875">
        <ele>116.40000152587890625</ele>
        <time>2026-10-04T21:31:51.000Z</time>
        <extensions>
          <ns3:TrackPointExtension>
            <ns3:hr>150</ns3:hr>
            <ns3:cad>91</ns3:cad>
          </ns3:TrackPointExtension>
        </extensions>
      </trkpt>
      <trkpt lat="45.809756554663181304931640625" lon="126.6440718434751033782958984375">
        <ele>116.1999969482421875</ele>
        <time>2026-10-04T21:33:15.000Z</time>
        <extensions>
          <ns3:TrackPointExtension>
            <ns3:hr>111</ns3:hr>
            <ns3:cad>55</ns3:cad>
          </ns3:TrackPointExtension>
        </extensions>
      </trkpt>
      <trkpt lat="45.80975286662578582763671875" lon="126.64404409937560558319091796875">
        <ele>116.1999969482421875</ele>
        <time>2026-10-04T21:33:16.000Z</time>
        <extensions>
          <ns3:TrackPointExtension>
            <ns3:hr>111</ns3:hr>
            <ns3:cad>55</ns3:cad>
          </ns3:TrackPointExtension>
        </extensions>
      </trkpt>
      <trkpt lat="45.80974222160875797271728515625" lon="126.64399959146976470947265625">
        <ele>116.40000152587890625</ele>
        <time>2026-10-04T21:33:17.000Z</time>
        <extensions>
          <ns3:TrackPointExtension>
            <ns3:hr>111</ns3:hr>
            <ns3:cad>55</ns3:cad>
          </ns3:TrackPointExtension>
        </extensions>
      </trkpt>
      <trkpt lat="45.80973585136234760284423828125" lon="126.6439680755138397216796875">
        <ele>116.40000152587890625</ele>
        <time>2026-10-04T21:33:18.000Z</time>
        <extensions>
          <ns3:TrackPointExtension>
            <ns3:hr>110</ns3:hr>
            <ns3:cad>0</ns3:cad>
          </ns3:TrackPointExtension>
        </extensions>
      </trkpt>
      <trkpt lat="45.8097248710691928863525390625" lon="126.64391686208546161651611328125">
        <ele>116.1999969482421875</ele>
        <time>2026-10-04T21:33:19.000Z</time>
        <extensions>
          <ns3:TrackPointExtension>
            <ns3:hr>110</ns3:hr>
            <ns3:cad>0</ns3:cad>
          </ns3:TrackPointExtension>
        </extensions>
      </trkpt>
      <trkpt lat="45.80971389077603816986083984375" lon="126.6438720189034938812255859375">
        <ele>116.1999969482421875</ele>
        <time>2026-10-04T21:33:20.000Z</time>
        <extensions>
          <ns3:TrackPointExtension>
            <ns3:hr>110</ns3:hr>
            <ns3:cad>97</ns3:cad>
          </ns3:TrackPointExtension>
        </extensions>
      </trkpt>
      <trkpt lat="45.809704922139644622802734375" lon="126.643832288682460784912109375">
        <ele>116.1999969482421875</ele>
        <time>2026-10-04T21:33:21.000Z</time>
        <extensions>
          <ns3:TrackPointExtension>
            <ns3:hr>109</ns3:hr>
            <ns3:cad>97</ns3:cad>
          </ns3:TrackPointExtension>
        </extensions>
      </trkpt>
      <trkpt lat="45.80969042144715785980224609375" lon="126.643787361681461334228515625">
        <ele>116.1999969482421875</ele>
        <time>2026-10-04T21:33:22.000Z</time>
        <extensions>
          <ns3:TrackPointExtension>
            <ns3:hr>110</ns3:hr>
            <ns3:cad>92</ns3:cad>
          </ns3:TrackPointExtension>
        </extensions>
      </trkpt>
      <trkpt lat="45.80968187190592288970947265625" lon="126.64373581297695636749267578125">
        <ele>116.1999969482421875</ele>
        <time>2026-10-04T21:33:23.000Z</time>
        <extensions>
          <ns3:TrackPointExtension>
            <ns3:hr>111</ns3:hr>
            <ns3:cad>92</ns3:cad>
          </ns3:TrackPointExtension>
        </extensions>
      </trkpt>
      <trkpt lat="45.80966695211827754974365234375" lon="126.64369423873722553253173828125">
        <ele>116.1999969482421875</ele>
        <time>2026-10-04T21:33:24.000Z</time>
        <extensions>
          <ns3:TrackPointExtension>
            <ns3:hr>112</ns3:hr>
            <ns3:cad>92</ns3:cad>
          </ns3:TrackPointExtension>
        </extensions>
      </trkpt>
      <trkpt lat="45.80964448861777782440185546875" lon="126.6436542570590972900390625">
        <ele>116.1999969482421875</ele>
        <time>2026-10-04T21:33:25.000Z</time>
        <extensions>
          <ns3:TrackPointExtension>
            <ns3:hr>113</ns3:hr>
            <ns3:cad>93</ns3:cad>
          </ns3:TrackPointExtension>
        </extensions>
      </trkpt>
      <trkpt lat="45.80963292159140110015869140625" lon="126.643608324229717254638671875">
        <ele>116.40000152587890625</ele>
        <time>2026-10-04T21:33:26.000Z</time>
        <extensions>
          <ns3:TrackPointExtension>
            <ns3:hr>114</ns3:hr>
            <ns3:cad>93</ns3:cad>
          </ns3:TrackPointExtension>
        </extensions>
      </trkpt>
      <trkpt lat="45.80961070954799652099609375" lon="126.64356867782771587371826171875">
        <ele>116.40000152587890625</ele>
        <time>2026-10-04T21:33:27.000Z</time>
        <extensions>
          <ns3:TrackPointExtension>
            <ns3:hr>114</ns3:hr>
            <ns3:cad>93</ns3:cad>
          </ns3:TrackPointExtension>
        </extensions>
      </trkpt>
      <trkpt lat="45.8095961250364780426025390625" lon="126.64353020489215850830078125">
        <ele>116.40000152587890625</ele>
        <time>2026-10-04T21:33:28.000Z</time>
        <extensions>
          <ns3:TrackPointExtension>
            <ns3:hr>115</ns3:hr>
            <ns3:cad>93</ns3:cad>
          </ns3:TrackPointExtension>
        </extensions>
      </trkpt>
      <trkpt lat="45.80957659520208835601806640625" lon="126.6434948332607746124267578125">
        <ele>116.1999969482421875</ele>
        <time>2026-10-04T21:33:29.000Z</time>
        <extensions>
          <ns3:TrackPointExtension>
            <ns3:hr>115</ns3:hr>
            <ns3:cad>92</ns3:cad>
          </ns3:TrackPointExtension>
        </extensions>
      </trkpt>
      <trkpt lat="45.80956377089023590087890625" lon="126.64345619268715381622314453125">
        <ele>116.1999969482421875</ele>
        <time>2026-10-04T21:33:30.000Z</time>
        <extensions>
          <ns3:TrackPointExtension>
            <ns3:hr>116</ns3:hr>
            <ns3:cad>92</ns3:cad>
          </ns3:TrackPointExtension>
        </extensions>
      </trkpt>
      <trkpt lat="45.80954809673130512237548828125" lon="126.64342316798865795135498046875">
        <ele>116.1999969482421875</ele>
        <time>2026-10-04T21:33:31.000Z</time>
        <extensions>
          <ns3:TrackPointExtension>
            <ns3:hr>116</ns3:hr>
            <ns3:cad>92</ns3:cad>
          </ns3:TrackPointExtension>
        </extensions>
      </trkpt>
      <trkpt lat="45.80953217111527919769287109375" lon="126.64338679052889347076416015625">
        <ele>116.1999969482421875</ele>
        <time>2026-10-04T21:33:32.000Z</time>
        <extensions>
          <ns3:TrackPointExtension>
            <ns3:hr>116</ns3:hr>
            <ns3:cad>92</ns3:cad>
          </ns3:TrackPointExtension>
        </extensions>
      </trkpt>
      <trkpt lat="45.80951490439474582672119140625" lon="126.643344126641750335693359375">
        <ele>116.1999969482421875</ele>
        <time>2026-10-04T21:33:33.000Z</time>
        <extensions>
          <ns3:TrackPointExtension>
            <ns3:hr>116</ns3:hr>
            <ns3:cad>92</ns3:cad>
          </ns3:TrackPointExtension>
        </extensions>
      </trkpt>
      <trkpt lat="45.8094982244074344635009765625" lon="126.643309257924556732177734375">
        <ele>116.1999969482421875</ele>
        <time>2026-10-04T21:33:34.000Z</time>
        <extensions>
          <ns3:TrackPointExtension>
            <ns3:hr>115</ns3:hr>
            <ns3:cad>91</ns3:cad>
          </ns3:TrackPointExtension>
        </extensions>
      </trkpt>
      <trkpt lat="45.809482969343662261962890625" lon="126.6432705335319042205810546875">
        <ele>116.40000152587890625</ele>
        <time>2026-10-04T21:33:35.000Z</time>
        <extensions>
          <ns3:TrackPointExtension>
            <ns3:hr>115</ns3:hr>
            <ns3:cad>91</ns3:cad>
          </ns3:TrackPointExtension>
        </extensions>
      </trkpt>
      <trkpt lat="45.809466876089572906494140625" lon="126.643236838281154632568359375">
        <ele>116.1999969482421875</ele>
        <time>2026-10-04T21:33:36.000Z</time>
        <extensions>
          <ns3:TrackPointExtension>
            <ns3:hr>115</ns3:hr>
            <ns3:cad>91</ns3:cad>
          </ns3:TrackPointExtension>
        </extensions>
      </trkpt>
      <trkpt lat="45.80945522524416446685791015625" lon="126.64318713359534740447998046875">
        <ele>116.40000152587890625</ele>
        <time>2026-10-04T21:33:37.000Z</time>
        <extensions>
          <ns3:TrackPointExtension>
            <ns3:hr>116</ns3:hr>
            <ns3:cad>91</ns3:cad>
          </ns3:TrackPointExtension>
        </extensions>
      </trkpt>
      <trkpt lat="45.80943644978106021881103515625" lon="126.6431585513055324554443359375">
        <ele>116.40000152587890625</ele>
        <time>2026-10-04T21:33:38.000Z</time>
        <extensions>
          <ns3:TrackPointExtension>
            <ns3:hr>117</ns3:hr>
            <ns3:cad>94</ns3:cad>
          </ns3:TrackPointExtension>
        </extensions>
      </trkpt>
      <trkpt lat="45.80942152999341487884521484375" lon="126.64311404339969158172607421875">
        <ele>116.1999969482421875</ele>
        <time>2026-10-04T21:33:39.000Z</time>
        <extensions>
          <ns3:TrackPointExtension>
            <ns3:hr>118</ns3:hr>
            <ns3:cad>94</ns3:cad>
          </ns3:TrackPointExtension>
        </extensions>
      </trkpt>
      <trkpt lat="45.80940325744450092315673828125" lon="126.643074564635753631591796875">
        <ele>116.1999969482421875</ele>
        <time>2026-10-04T21:33:40.000Z</time>
        <extensions>
          <ns3:TrackPointExtension>
            <ns3:hr>119</ns3:hr>
            <ns3:cad>94</ns3:cad>
          </ns3:TrackPointExtension>
        </extensions>
      </trkpt>
      <trkpt lat="45.80939001403748989105224609375" lon="126.64303265511989593505859375">
        <ele>116.1999969482421875</ele>
        <time>2026-10-04T21:33:41.000Z</time>
        <extensions>
          <ns3:TrackPointExtension>
            <ns3:hr>119</ns3:hr>
            <ns3:cad>94</ns3:cad>
          </ns3:TrackPointExtension>
        </extensions>
      </trkpt>
      <trkpt lat="45.80936922691762447357177734375" lon="126.6429932601749897003173828125">
        <ele>116.1999969482421875</ele>
        <time>2026-10-04T21:33:42.000Z</time>
        <extensions>
          <ns3:TrackPointExtension>
            <ns3:hr>119</ns3:hr>
            <ns3:cad>94</ns3:cad>
          </ns3:TrackPointExtension>
        </extensions>
      </trkpt>
      <trkpt lat="45.8093496970832347869873046875" lon="126.6429593972861766815185546875">
        <ele>116.1999969482421875</ele>
        <time>2026-10-04T21:33:43.000Z</time>
        <extensions>
          <ns3:TrackPointExtension>
            <ns3:hr>119</ns3:hr>
            <ns3:cad>93</ns3:cad>
          </ns3:TrackPointExtension>
        </extensions>
      </trkpt>
      <trkpt lat="45.809329412877559661865234375" lon="126.64291388355195522308349609375">
        <ele>116.40000152587890625</ele>
        <time>2026-10-04T21:33:44.000Z</time>
        <extensions>
          <ns3:TrackPointExtension>
            <ns3:hr>120</ns3:hr>
            <ns3:cad>92</ns3:cad>
          </ns3:TrackPointExtension>
        </extensions>
      </trkpt>
      <trkpt lat="45.809306614100933074951171875" lon="126.64288337342441082000732421875">
        <ele>116.40000152587890625</ele>
        <time>2026-10-04T21:33:45.000Z</time>
        <extensions>
          <ns3:TrackPointExtension>
            <ns3:hr>120</ns3:hr>
            <ns3:cad>92</ns3:cad>
          </ns3:TrackPointExtension>
        </extensions>
      </trkpt>
      <trkpt lat="45.8092870004475116729736328125" lon="126.642831154167652130126953125">
        <ele>116.40000152587890625</ele>
        <time>2026-10-04T21:33:46.000Z</time>
        <extensions>
          <ns3:TrackPointExtension>
            <ns3:hr>121</ns3:hr>
            <ns3:cad>92</ns3:cad>
          </ns3:TrackPointExtension>
        </extensions>
      </trkpt>
      <trkpt lat="45.80926680006086826324462890625" lon="126.64279972203075885772705078125">
        <ele>116.40000152587890625</ele>
        <time>2026-10-04T21:33:47.000Z</time>
        <extensions>
          <ns3:TrackPointExtension>
            <ns3:hr>122</ns3:hr>
            <ns3:cad>92</ns3:cad>
          </ns3:TrackPointExtension>
        </extensions>
      </trkpt>
      <trkpt lat="45.8092514611780643463134765625" lon="126.6427495144307613372802734375">
        <ele>116.40000152587890625</ele>
        <time>2026-10-04T21:33:48.000Z</time>
        <extensions>
          <ns3:TrackPointExtension>
            <ns3:hr>123</ns3:hr>
            <ns3:cad>93</ns3:cad>
          </ns3:TrackPointExtension>
        </extensions>
      </trkpt>
      <trkpt lat="45.80923176370561122894287109375" lon="126.64272126741707324981689453125">
        <ele>116.40000152587890625</ele>
        <time>2026-10-04T21:33:49.000Z</time>
        <extensions>
          <ns3:TrackPointExtension>
            <ns3:hr>124</ns3:hr>
            <ns3:cad>93</ns3:cad>
          </ns3:TrackPointExtension>
        </extensions>
      </trkpt>
      <trkpt lat="45.809217430651187896728515625" lon="126.64267885498702526092529296875">
        <ele>116.40000152587890625</ele>
        <time>2026-10-04T21:33:50.000Z</time>
        <extensions>
          <ns3:TrackPointExtension>
            <ns3:hr>125</ns3:hr>
            <ns3:cad>93</ns3:cad>
          </ns3:TrackPointExtension>
        </extensions>
      </trkpt>
      <trkpt lat="45.80919588916003704071044921875" lon="126.64264951832592487335205078125">
        <ele>116.40000152587890625</ele>
        <time>2026-10-04T21:33:51.000Z</time>
        <extensions>
          <ns3:TrackPointExtension>
            <ns3:hr>129</ns3:hr>
            <ns3:cad>92</ns3:cad>
          </ns3:TrackPointExtension>
        </extensions>
      </trkpt>
      <trkpt lat="45.809180550277233123779296875" lon="126.64261280559003353118896484375">
        <ele>116.40000152587890625</ele>
        <time>2026-10-04T21:33:52.000Z</time>
        <extensions>
          <ns3:TrackPointExtension>
            <ns3:hr>131</ns3:hr>
            <ns3:cad>92</ns3:cad>
          </ns3:TrackPointExtension>
        </extensions>
      </trkpt>
      <trkpt lat="45.809159763157367706298828125" lon="126.64257542230188846588134765625">
        <ele>116.40000152587890625</ele>
        <time>2026-10-04T21:33:53.000Z</time>
        <extensions>
          <ns3:TrackPointExtension>
            <ns3:hr>133</ns3:hr>
            <ns3:cad>92</ns3:cad>
          </ns3:TrackPointExtension>
        </extensions>
      </trkpt>
      <trkpt lat="45.80913956277072429656982421875" lon="126.64254139177501201629638671875">
        <ele>116.40000152587890625</ele>
        <time>2026-10-04T21:33:54.000Z</time>
        <extensions>
          <ns3:TrackPointExtension>
            <ns3:hr>135</ns3:hr>
            <ns3:cad>93</ns3:cad>
          </ns3:TrackPointExtension>
        </extensions>
      </trkpt>
      <trkpt lat="45.80912296660244464874267578125" lon="126.64250669069588184356689453125">
        <ele>116.59999847412109375</ele>
        <time>2026-10-04T21:33:55.000Z</time>
        <extensions>
          <ns3:TrackPointExtension>
            <ns3:hr>136</ns3:hr>
            <ns3:cad>93</ns3:cad>
          </ns3:TrackPointExtension>
        </extensions>
      </trkpt>
      <trkpt lat="45.80910402350127696990966796875" lon="126.64248188026249408721923828125">
        <ele>116.59999847412109375</ele>
        <time>2026-10-04T21:33:56.000Z</time>
        <extensions>
          <ns3:TrackPointExtension>
            <ns3:hr>137</ns3:hr>
            <ns3:cad>94</ns3:cad>
          </ns3:TrackPointExtension>
        </extensions>
      </trkpt>
      <trkpt lat="45.809086672961711883544921875" lon="126.642434857785701751708984375">
        <ele>116.40000152587890625</ele>
        <time>2026-10-04T21:33:57.000Z</time>
        <extensions>
          <ns3:TrackPointExtension>
            <ns3:hr>137</ns3:hr>
            <ns3:cad>94</ns3:cad>
          </ns3:TrackPointExtension>
        </extensions>
      </trkpt>
      <trkpt lat="45.8090657182037830352783203125" lon="126.64240694604814052581787109375">
        <ele>116.40000152587890625</ele>
        <time>2026-10-04T21:33:58.000Z</time>
        <extensions>
          <ns3:TrackPointExtension>
            <ns3:hr>138</ns3:hr>
            <ns3:cad>94</ns3:cad>
          </ns3:TrackPointExtension>
        </extensions>
      </trkpt>
      <trkpt lat="45.8090513013303279876708984375" lon="126.6423612646758556365966796875">
        <ele>116.40000152587890625</ele>
        <time>2026-10-04T21:33:59.000Z</time>
        <extensions>
          <ns3:TrackPointExtension>
            <ns3:hr>138</ns3:hr>
            <ns3:cad>94</ns3:cad>
          </ns3:TrackPointExtension>
        </extensions>
      </trkpt>
      <trkpt lat="45.80903160385787487030029296875" lon="126.64233050309121608734130859375">
        <ele>116.40000152587890625</ele>
        <time>2026-10-04T21:34:00.000Z</time>
        <extensions>
          <ns3:TrackPointExtension>
            <ns3:hr>139</ns3:hr>
            <ns3:cad>94</ns3:cad>
          </ns3:TrackPointExtension>
        </extensions>
      </trkpt>
      <trkpt lat="45.80901685170829296112060546875" lon="126.6422905214130878448486328125">
        <ele>116.40000152587890625</ele>
        <time>2026-10-04T21:34:01.000Z</time>
        <extensions>
          <ns3:TrackPointExtension>
            <ns3:hr>139</ns3:hr>
            <ns3:cad>94</ns3:cad>
          </ns3:TrackPointExtension>
        </extensions>
      </trkpt>
      <trkpt lat="45.8089959807693958282470703125" lon="126.64225774817168712615966796875">
        <ele>116.40000152587890625</ele>
        <time>2026-10-04T21:34:02.000Z</time>
        <extensions>
          <ns3:TrackPointExtension>
            <ns3:hr>139</ns3:hr>
            <ns3:cad>94</ns3:cad>
          </ns3:TrackPointExtension>
        </extensions>
      </trkpt>
      <trkpt lat="45.8089748583734035491943359375" lon="126.64222522638738155364990234375">
        <ele>116.40000152587890625</ele>
        <time>2026-10-04T21:34:03.000Z</time>
        <extensions>
          <ns3:TrackPointExtension>
            <ns3:hr>139</ns3:hr>
            <ns3:cad>94</ns3:cad>
          </ns3:TrackPointExtension>
        </extensions>
      </trkpt>
      <trkpt lat="45.80895314924418926239013671875" lon="126.64218851365149021148681640625">
        <ele>116.40000152587890625</ele>
        <time>2026-10-04T21:34:04.000Z</time>
        <extensions>
          <ns3:TrackPointExtension>
            <ns3:hr>139</ns3:hr>
            <ns3:cad>93</ns3:cad>
          </ns3:TrackPointExtension>
        </extensions>
      </trkpt>
      <trkpt lat="45.80893051810562610626220703125" lon="126.64216437377035617828369140625">
        <ele>116.40000152587890625</ele>
        <time>2026-10-04T21:34:05.000Z</time>
        <extensions>
          <ns3:TrackPointExtension>
            <ns3:hr>139</ns3:hr>
            <ns3:cad>93</ns3:cad>
          </ns3:TrackPointExtension>
        </extensions>
      </trkpt>
      <trkpt lat="45.80890906043350696563720703125" lon="126.64211609400808811187744140625">
        <ele>116.40000152587890625</ele>
        <time>2026-10-04T21:34:06.000Z</time>
        <extensions>
          <ns3:TrackPointExtension>
            <ns3:hr>139</ns3:hr>
            <ns3:cad>93</ns3:cad>
          </ns3:TrackPointExtension>
        </extensions>
      </trkpt>
      <trkpt lat="45.80888944678008556365966796875" lon="126.64208843372762203216552734375">
        <ele>116.40000152587890625</ele>
        <time>2026-10-04T21:34:07.000Z</time>
        <extensions>
          <ns3:TrackPointExtension>
            <ns3:hr>139</ns3:hr>
            <ns3:cad>93</ns3:cad>
          </ns3:TrackPointExtension>
        </extensions>
      </trkpt>
      <trkpt lat="45.80886983312666416168212890625" lon="126.64204099215567111968994140625">
        <ele>116.40000152587890625</ele>
        <time>2026-10-04T21:34:08.000Z</time>
        <extensions>
          <ns3:TrackPointExtension>
            <ns3:hr>140</ns3:hr>
            <ns3:cad>93</ns3:cad>
          </ns3:TrackPointExtension>
        </extensions>
      </trkpt>
      <trkpt lat="45.80885030329227447509765625" lon="126.64201701991260051727294921875">
        <ele>116.40000152587890625</ele>
        <time>2026-10-04T21:34:09.000Z</time>
        <extensions>
          <ns3:TrackPointExtension>
            <ns3:hr>140</ns3:hr>
            <ns3:cad>93</ns3:cad>
          </ns3:TrackPointExtension>
        </extensions>
      </trkpt>
      <trkpt lat="45.8088330365717411041259765625" lon="126.6419733501970767974853515625">
        <ele>116.40000152587890625</ele>
        <time>2026-10-04T21:34:10.000Z</time>
        <extensions>
          <ns3:TrackPointExtension>
            <ns3:hr>140</ns3:hr>
            <ns3:cad>93</ns3:cad>
          </ns3:TrackPointExtension>
        </extensions>
      </trkpt>
      <trkpt lat="45.808813087642192840576171875" lon="126.6419471986591815948486328125">
        <ele>116.40000152587890625</ele>
        <time>2026-10-04T21:34:11.000Z</time>
        <extensions>
          <ns3:TrackPointExtension>
            <ns3:hr>141</ns3:hr>
            <ns3:cad>93</ns3:cad>
          </ns3:TrackPointExtension>
        </extensions>
      </trkpt>
      <trkpt lat="45.808799676597118377685546875" lon="126.64190839044749736785888671875">
        <ele>116.40000152587890625</ele>
        <time>2026-10-04T21:34:12.000Z</time>
        <extensions>
          <ns3:TrackPointExtension>
            <ns3:hr>141</ns3:hr>
            <ns3:cad>92</ns3:cad>
          </ns3:TrackPointExtension>
        </extensions>
      </trkpt>
      <trkpt lat="45.8087837509810924530029296875" lon="126.64187905378639698028564453125">
        <ele>116.40000152587890625</ele>
        <time>2026-10-04T21:34:13.000Z</time>
        <extensions>
          <ns3:TrackPointExtension>
            <ns3:hr>142</ns3:hr>
            <ns3:cad>93</ns3:cad>
          </ns3:TrackPointExtension>
        </extensions>
      </trkpt>
      <trkpt lat="45.8087693341076374053955078125" lon="126.64184049703180789947509765625">
        <ele>116.40000152587890625</ele>
        <time>2026-10-04T21:34:14.000Z</time>
        <extensions>
          <ns3:TrackPointExtension>
            <ns3:hr>142</ns3:hr>
            <ns3:cad>93</ns3:cad>
          </ns3:TrackPointExtension>
        </extensions>
      </trkpt>
      <trkpt lat="45.80874863080680370330810546875" lon="126.64180546067655086517333984375">
        <ele>116.40000152587890625</ele>
        <time>2026-10-04T21:34:15.000Z</time>
        <extensions>
          <ns3:TrackPointExtension>
            <ns3:hr>142</ns3:hr>
            <ns3:cad>93</ns3:cad>
          </ns3:TrackPointExtension>
        </extensions>
      </trkpt>
      <trkpt lat="45.8087291009724140167236328125" lon="126.6417738609015941619873046875">
        <ele>116.59999847412109375</ele>
        <time>2026-10-04T21:34:16.000Z</time>
        <extensions>
          <ns3:TrackPointExtension>
            <ns3:hr>142</ns3:hr>
            <ns3:cad>93</ns3:cad>
          </ns3:TrackPointExtension>
        </extensions>
      </trkpt>
      <trkpt lat="45.8087109960615634918212890625" lon="126.64173714816570281982421875">
        <ele>116.59999847412109375</ele>
        <time>2026-10-04T21:34:17.000Z</time>
        <extensions>
          <ns3:TrackPointExtension>
            <ns3:hr>142</ns3:hr>
            <ns3:cad>93</ns3:cad>
          </ns3:TrackPointExtension>
        </extensions>
      </trkpt>
      <trkpt lat="45.8086928911507129669189453125" lon="126.64170764386653900146484375">
        <ele>116.40000152587890625</ele>
        <time>2026-10-04T21:34:18.000Z</time>
        <extensions>
          <ns3:TrackPointExtension>
            <ns3:hr>142</ns3:hr>
            <ns3:cad>93</ns3:cad>
          </ns3:TrackPointExtension>
        </extensions>
      </trkpt>
      <trkpt lat="45.8086739480495452880859375" lon="126.64166330359876155853271484375">
        <ele>116.40000152587890625</ele>
        <time>2026-10-04T21:34:19.000Z</time>
        <extensions>
          <ns3:TrackPointExtension>
            <ns3:hr>142</ns3:hr>
            <ns3:cad>93</ns3:cad>
          </ns3:TrackPointExtension>
        </extensions>
      </trkpt>
      <trkpt lat="45.808654837310314178466796875" lon="126.6416370682418346405029296875">
        <ele>116.40000152587890625</ele>
        <time>2026-10-04T21:34:20.000Z</time>
        <extensions>
          <ns3:TrackPointExtension>
            <ns3:hr>142</ns3:hr>
            <ns3:cad>93</ns3:cad>
          </ns3:TrackPointExtension>
        </extensions>
      </trkpt>
      <trkpt lat="45.808634050190448760986328125" lon="126.64159499108791351318359375">
        <ele>116.40000152587890625</ele>
        <time>2026-10-04T21:34:21.000Z</time>
        <extensions>
          <ns3:TrackPointExtension>
            <ns3:hr>142</ns3:hr>
            <ns3:cad>93</ns3:cad>
          </ns3:TrackPointExtension>
        </extensions>
      </trkpt>
      <trkpt lat="45.80861586146056652069091796875" lon="126.6415626369416713714599609375">
        <ele>116.40000152587890625</ele>
        <time>2026-10-04T21:34:22.000Z</time>
        <extensions>
          <ns3:TrackPointExtension>
            <ns3:hr>142</ns3:hr>
            <ns3:cad>91</ns3:cad>
          </ns3:TrackPointExtension>
        </extensions>
      </trkpt>
      <trkpt lat="45.8086020313203334808349609375" lon="126.6415260918438434600830078125">
        <ele>116.59999847412109375</ele>
        <time>2026-10-04T21:34:23.000Z</time>
        <extensions>
          <ns3:TrackPointExtension>
            <ns3:hr>142</ns3:hr>
            <ns3:cad>91</ns3:cad>
          </ns3:TrackPointExtension>
        </extensions>
      </trkpt>
      <trkpt lat="45.80858451314270496368408203125" lon="126.64149306714534759521484375">
        <ele>116.40000152587890625</ele>
        <time>2026-10-04T21:34:24.000Z</time>
        <extensions>
          <ns3:TrackPointExtension>
            <ns3:hr>143</ns3:hr>
            <ns3:cad>91</ns3:cad>
          </ns3:TrackPointExtension>
        </extensions>
      </trkpt>
      <trkpt lat="45.8085678331553936004638671875" lon="126.64145551621913909912109375">
        <ele>116.40000152587890625</ele>
        <time>2026-10-04T21:34:25.000Z</time>
        <extensions>
          <ns3:TrackPointExtension>
            <ns3:hr>143</ns3:hr>
            <ns3:cad>92</ns3:cad>
          </ns3:TrackPointExtension>
        </extensions>
      </trkpt>
      <trkpt lat="45.80854830332100391387939453125" lon="126.6414198093116283416748046875">
        <ele>116.59999847412109375</ele>
        <time>2026-10-04T21:34:26.000Z</time>
        <extensions>
          <ns3:TrackPointExtension>
            <ns3:hr>143</ns3:hr>
            <ns3:cad>92</ns3:cad>
          </ns3:TrackPointExtension>
        </extensions>
      </trkpt>
      <trkpt lat="45.80853288061916828155517578125" lon="126.6413792409002780914306640625">
        <ele>116.40000152587890625</ele>
        <time>2026-10-04T21:34:27.000Z</time>
        <extensions>
          <ns3:TrackPointExtension>
            <ns3:hr>143</ns3:hr>
            <ns3:cad>92</ns3:cad>
          </ns3:TrackPointExtension>
        </extensions>
      </trkpt>
      <trkpt lat="45.80851192586123943328857421875" lon="126.64133674465119838714599609375">
        <ele>116.40000152587890625</ele>
        <time>2026-10-04T21:34:28.000Z</time>
        <extensions>
          <ns3:TrackPointExtension>
            <ns3:hr>143</ns3:hr>
            <ns3:cad>92</ns3:cad>
          </ns3:TrackPointExtension>
        </extensions>
      </trkpt>
      <trkpt lat="45.80849600024521350860595703125" lon="126.64130087010562419891357421875">
        <ele>116.40000152587890625</ele>
        <time>2026-10-04T21:34:29.000Z</time>
        <extensions>
          <ns3:TrackPointExtension>
            <ns3:hr>143</ns3:hr>
            <ns3:cad>92</ns3:cad>
          </ns3:TrackPointExtension>
        </extensions>
      </trkpt>
      <trkpt lat="45.80847353674471378326416015625" lon="126.64125879295170307159423828125">
        <ele>116.40000152587890625</ele>
        <time>2026-10-04T21:34:30.000Z</time>
        <extensions>
          <ns3:TrackPointExtension>
            <ns3:hr>143</ns3:hr>
            <ns3:cad>92</ns3:cad>
          </ns3:TrackPointExtension>
        </extensions>
      </trkpt>
      <trkpt lat="45.80845492891967296600341796875" lon="126.64122727699577808380126953125">
        <ele>116.40000152587890625</ele>
        <time>2026-10-04T21:34:31.000Z</time>
        <extensions>
          <ns3:TrackPointExtension>
            <ns3:hr>144</ns3:hr>
            <ns3:cad>92</ns3:cad>
          </ns3:TrackPointExtension>
        </extensions>
      </trkpt>
      <trkpt lat="45.80843112431466579437255859375" lon="126.641185618937015533447265625">
        <ele>116.59999847412109375</ele>
        <time>2026-10-04T21:34:32.000Z</time>
        <extensions>
          <ns3:TrackPointExtension>
            <ns3:hr>144</ns3:hr>
            <ns3:cad>92</ns3:cad>
          </ns3:TrackPointExtension>
        </extensions>
      </trkpt>
      <trkpt lat="45.8084102533757686614990234375" lon="126.64116072468459606170654296875">
        <ele>116.59999847412109375</ele>
        <time>2026-10-04T21:34:33.000Z</time>
        <extensions>
          <ns3:TrackPointExtension>
            <ns3:hr>144</ns3:hr>
            <ns3:cad>93</ns3:cad>
          </ns3:TrackPointExtension>
        </extensions>
      </trkpt>
      <trkpt lat="45.808387286961078643798828125" lon="126.64112065918743610382080078125">
        <ele>116.59999847412109375</ele>
        <time>2026-10-04T21:34:34.000Z</time>
        <extensions>
          <ns3:TrackPointExtension>
            <ns3:hr>145</ns3:hr>
            <ns3:cad>93</ns3:cad>
          </ns3:TrackPointExtension>
        </extensions>
      </trkpt>
      <trkpt lat="45.808363817632198333740234375" lon="126.6410982795059680938720703125">
        <ele>116.59999847412109375</ele>
        <time>2026-10-04T21:34:35.000Z</time>
        <extensions>
          <ns3:TrackPointExtension>
            <ns3:hr>145</ns3:hr>
            <ns3:cad>93</ns3:cad>
          </ns3:TrackPointExtension>
        </extensions>
      </trkpt>
      <trkpt lat="45.8083421923220157623291015625" lon="126.64105779491364955902099609375">
        <ele>116.59999847412109375</ele>
        <time>2026-10-04T21:34:36.000Z</time>
        <extensions>
          <ns3:TrackPointExtension>
            <ns3:hr>145</ns3:hr>
            <ns3:cad>93</ns3:cad>
          </ns3:TrackPointExtension>
        </extensions>
      </trkpt>
      <trkpt lat="45.80832190811634063720703125" lon="126.64102812297642230987548828125">
        <ele>116.59999847412109375</ele>
        <time>2026-10-04T21:34:37.000Z</time>
        <extensions>
          <ns3:TrackPointExtension>
            <ns3:hr>145</ns3:hr>
            <ns3:cad>93</ns3:cad>
          </ns3:TrackPointExtension>
        </extensions>
      </trkpt>
      <trkpt lat="45.8083036355674266815185546875" lon="126.64098604582250118255615234375">
        <ele>116.8000030517578125</ele>
        <time>2026-10-04T21:34:38.000Z</time>
        <extensions>
          <ns3:TrackPointExtension>
            <ns3:hr>146</ns3:hr>
            <ns3:cad>93</ns3:cad>
          </ns3:TrackPointExtension>
        </extensions>
      </trkpt>
      <trkpt lat="45.8082868717610836029052734375" lon="126.6409520991146564483642578125">
        <ele>116.8000030517578125</ele>
        <time>2026-10-04T21:34:39.000Z</time>
        <extensions>
          <ns3:TrackPointExtension>
            <ns3:hr>146</ns3:hr>
            <ns3:cad>93</ns3:cad>
          </ns3:TrackPointExtension>
        </extensions>
      </trkpt>
      <trkpt lat="45.8082687668502330780029296875" lon="126.640916056931018829345703125">
        <ele>116.8000030517578125</ele>
        <time>2026-10-04T21:34:40.000Z</time>
        <extensions>
          <ns3:TrackPointExtension>
            <ns3:hr>146</ns3:hr>
            <ns3:cad>93</ns3:cad>
          </ns3:TrackPointExtension>
        </extensions>
      </trkpt>
      <trkpt lat="45.80824546515941619873046875" lon="126.640886552631855010986328125">
        <ele>116.8000030517578125</ele>
        <time>2026-10-04T21:34:41.000Z</time>
        <extensions>
          <ns3:TrackPointExtension>
            <ns3:hr>146</ns3:hr>
            <ns3:cad>93</ns3:cad>
          </ns3:TrackPointExtension>
        </extensions>
      </trkpt>
      <trkpt lat="45.808230377733707427978515625" lon="126.64084975607693195343017578125">
        <ele>117</ele>
        <time>2026-10-04T21:34:42.000Z</time>
        <extensions>
          <ns3:TrackPointExtension>
            <ns3:hr>147</ns3:hr>
            <ns3:cad>93</ns3:cad>
          </ns3:TrackPointExtension>
        </extensions>
      </trkpt>
      <trkpt lat="45.80820791423320770263671875" lon="126.64081715047359466552734375">
        <ele>117</ele>
        <time>2026-10-04T21:34:43.000Z</time>
        <extensions>
          <ns3:TrackPointExtension>
            <ns3:hr>147</ns3:hr>
            <ns3:cad>92</ns3:cad>
          </ns3:TrackPointExtension>
        </extensions>
      </trkpt>
      <trkpt lat="45.80819022841751575469970703125" lon="126.64078454487025737762451171875">
        <ele>117</ele>
        <time>2026-10-04T21:34:44.000Z</time>
        <extensions>
          <ns3:TrackPointExtension>
            <ns3:hr>147</ns3:hr>
            <ns3:cad>92</ns3:cad>
          </ns3:TrackPointExtension>
        </extensions>
      </trkpt>
      <trkpt lat="45.8081705309450626373291015625" lon="126.64075001142919063568115234375">
        <ele>117</ele>
        <time>2026-10-04T21:34:45.000Z</time>
        <extensions>
          <ns3:TrackPointExtension>
            <ns3:hr>147</ns3:hr>
            <ns3:cad>92</ns3:cad>
          </ns3:TrackPointExtension>
        </extensions>
      </trkpt>
      <trkpt lat="45.80815820954740047454833984375" lon="126.6407145559787750244140625">
        <ele>117</ele>
        <time>2026-10-04T21:34:46.000Z</time>
        <extensions>
          <ns3:TrackPointExtension>
            <ns3:hr>147</ns3:hr>
            <ns3:cad>93</ns3:cad>
          </ns3:TrackPointExtension>
        </extensions>
      </trkpt>
      <trkpt lat="45.8081390149891376495361328125" lon="126.64067876525223255157470703125">
        <ele>117</ele>
        <time>2026-10-04T21:34:47.000Z</time>
        <extensions>
          <ns3:TrackPointExtension>
            <ns3:hr>148</ns3:hr>
            <ns3:cad>93</ns3:cad>
          </ns3:TrackPointExtension>
        </extensions>
      </trkpt>
      <trkpt lat="45.8081239275634288787841796875" lon="126.64065093733370304107666015625">
        <ele>117</ele>
        <time>2026-10-04T21:34:48.000Z</time>
        <extensions>
          <ns3:TrackPointExtension>
            <ns3:hr>147</ns3:hr>
            <ns3:cad>93</ns3:cad>
          </ns3:TrackPointExtension>
        </extensions>
      </trkpt>
      <trkpt lat="45.80810590647161006927490234375" lon="126.6406121291220188140869140625">
        <ele>117.1999969482421875</ele>
        <time>2026-10-04T21:34:49.000Z</time>
        <extensions>
          <ns3:TrackPointExtension>
            <ns3:hr>147</ns3:hr>
            <ns3:cad>93</ns3:cad>
          </ns3:TrackPointExtension>
        </extensions>
      </trkpt>
      <trkpt lat="45.8080877177417278289794921875" lon="126.6405869834125041961669921875">
        <ele>117.1999969482421875</ele>
        <time>2026-10-04T21:34:50.000Z</time>
        <extensions>
          <ns3:TrackPointExtension>
            <ns3:hr>147</ns3:hr>
            <ns3:cad>93</ns3:cad>
          </ns3:TrackPointExtension>
        </extensions>
      </trkpt>
      <trkpt lat="45.8080686070024967193603515625" lon="126.6405487619340419769287109375">
        <ele>117.1999969482421875</ele>
        <time>2026-10-04T21:34:51.000Z</time>
        <extensions>
          <ns3:TrackPointExtension>
            <ns3:hr>148</ns3:hr>
            <ns3:cad>93</ns3:cad>
          </ns3:TrackPointExtension>
        </extensions>
      </trkpt>
      <trkpt lat="45.8080521784722805023193359375" lon="126.64051934145390987396240234375">
        <ele>117.1999969482421875</ele>
        <time>2026-10-04T21:34:52.000Z</time>
        <extensions>
          <ns3:TrackPointExtension>
            <ns3:hr>148</ns3:hr>
            <ns3:cad>92</ns3:cad>
          </ns3:TrackPointExtension>
        </extensions>
      </trkpt>
      <trkpt lat="45.8080329000949859619140625" lon="126.64047592319548130035400390625">
        <ele>117.1999969482421875</ele>
        <time>2026-10-04T21:34:53.000Z</time>
        <extensions>
          <ns3:TrackPointExtension>
            <ns3:hr>148</ns3:hr>
            <ns3:cad>92</ns3:cad>
          </ns3:TrackPointExtension>
        </extensions>
      </trkpt>
      <trkpt lat="45.8080149628221988677978515625" lon="126.64044172503054141998291015625">
        <ele>117.1999969482421875</ele>
        <time>2026-10-04T21:34:54.000Z</time>
        <extensions>
          <ns3:TrackPointExtension>
            <ns3:hr>148</ns3:hr>
            <ns3:cad>92</ns3:cad>
          </ns3:TrackPointExtension>
        </extensions>
      </trkpt>
      <trkpt lat="45.80799945630133152008056640625" lon="126.6404020786285400390625">
        <ele>117.1999969482421875</ele>
        <time>2026-10-04T21:34:55.000Z</time>
        <extensions>
          <ns3:TrackPointExtension>
            <ns3:hr>148</ns3:hr>
            <ns3:cad>92</ns3:cad>
          </ns3:TrackPointExtension>
        </extensions>
      </trkpt>
      <trkpt lat="45.80797984264791011810302734375" lon="126.6403667069971561431884765625">
        <ele>117.1999969482421875</ele>
        <time>2026-10-04T21:34:56.000Z</time>
        <extensions>
          <ns3:TrackPointExtension>
            <ns3:hr>148</ns3:hr>
            <ns3:cad>93</ns3:cad>
          </ns3:TrackPointExtension>
        </extensions>
      </trkpt>
      <trkpt lat="45.80796492286026477813720703125" lon="126.64032940752804279327392578125">
        <ele>117.1999969482421875</ele>
        <time>2026-10-04T21:34:57.000Z</time>
        <extensions>
          <ns3:TrackPointExtension>
            <ns3:hr>148</ns3:hr>
            <ns3:cad>93</ns3:cad>
          </ns3:TrackPointExtension>
        </extensions>
      </trkpt>
      <trkpt lat="45.80794229172170162200927734375" lon="126.64029286243021488189697265625">
        <ele>117.1999969482421875</ele>
        <time>2026-10-04T21:34:58.000Z</time>
        <extensions>
          <ns3:TrackPointExtension>
            <ns3:hr>148</ns3:hr>
            <ns3:cad>93</ns3:cad>
          </ns3:TrackPointExtension>
        </extensions>
      </trkpt>
      <trkpt lat="45.8079227618873119354248046875" lon="126.64026084356009960174560546875">
        <ele>117.1999969482421875</ele>
        <time>2026-10-04T21:34:59.000Z</time>
        <extensions>
          <ns3:TrackPointExtension>
            <ns3:hr>149</ns3:hr>
            <ns3:cad>93</ns3:cad>
          </ns3:TrackPointExtension>
        </extensions>
      </trkpt>
      <trkpt lat="45.8078986220061779022216796875" lon="126.64021457545459270477294921875">
        <ele>117.1999969482421875</ele>
        <time>2026-10-04T21:35:00.000Z</time>
        <extensions>
          <ns3:TrackPointExtension>
            <ns3:hr>149</ns3:hr>
            <ns3:cad>93</ns3:cad>
          </ns3:TrackPointExtension>
        </extensions>
      </trkpt>
      <trkpt lat="45.80788412131369113922119140625" lon="126.64017702452838420867919921875">
        <ele>117.1999969482421875</ele>
        <time>2026-10-04T21:35:01.000Z</time>
        <extensions>
          <ns3:TrackPointExtension>
            <ns3:hr>149</ns3:hr>
            <ns3:cad>93</ns3:cad>
          </ns3:TrackPointExtension>
        </extensions>
      </trkpt>
      <trkpt lat="45.80786459147930145263671875" lon="126.6401400603353977203369140625">
        <ele>117.1999969482421875</ele>
        <time>2026-10-04T21:35:02.000Z</time>
        <extensions>
          <ns3:TrackPointExtension>
            <ns3:hr>148</ns3:hr>
            <ns3:cad>92</ns3:cad>
          </ns3:TrackPointExtension>
        </extensions>
      </trkpt>
      <trkpt lat="45.80784455873072147369384765625" lon="126.64011416025459766387939453125">
        <ele>117.1999969482421875</ele>
        <time>2026-10-04T21:35:03.000Z</time>
        <extensions>
          <ns3:TrackPointExtension>
            <ns3:hr>149</ns3:hr>
            <ns3:cad>92</ns3:cad>
          </ns3:TrackPointExtension>
        </extensions>
      </trkpt>
      <trkpt lat="45.807823352515697479248046875" lon="126.6400790400803089141845703125">
        <ele>117.1999969482421875</ele>
        <time>2026-10-04T21:35:04.000Z</time>
        <extensions>
          <ns3:TrackPointExtension>
            <ns3:hr>149</ns3:hr>
            <ns3:cad>92</ns3:cad>
          </ns3:TrackPointExtension>
        </extensions>
      </trkpt>
      <trkpt lat="45.8078049123287200927734375" lon="126.64005213417112827301025390625">
        <ele>117.1999969482421875</ele>
        <time>2026-10-04T21:35:05.000Z</time>
        <extensions>
          <ns3:TrackPointExtension>
            <ns3:hr>149</ns3:hr>
            <ns3:cad>92</ns3:cad>
          </ns3:TrackPointExtension>
        </extensions>
      </trkpt>
      <trkpt lat="45.8077856339514255523681640625" lon="126.6400166787207126617431640625">
        <ele>117.1999969482421875</ele>
        <time>2026-10-04T21:35:06.000Z</time>
        <extensions>
          <ns3:TrackPointExtension>
            <ns3:hr>149</ns3:hr>
            <ns3:cad>92</ns3:cad>
          </ns3:TrackPointExtension>
        </extensions>
      </trkpt>
      <trkpt lat="45.80776266753673553466796875" lon="126.63999094627797603607177734375">
        <ele>117</ele>
        <time>2026-10-04T21:35:07.000Z</time>
        <extensions>
          <ns3:TrackPointExtension>
            <ns3:hr>149</ns3:hr>
            <ns3:cad>92</ns3:cad>
          </ns3:TrackPointExtension>
        </extensions>
      </trkpt>
      <trkpt lat="45.807750262320041656494140625" lon="126.63995389826595783233642578125">
        <ele>117.1999969482421875</ele>
        <time>2026-10-04T21:35:08.000Z</time>
        <extensions>
          <ns3:TrackPointExtension>
            <ns3:hr>149</ns3:hr>
            <ns3:cad>92</ns3:cad>
          </ns3:TrackPointExtension>
        </extensions>
      </trkpt>
      <trkpt lat="45.80772872082889080047607421875" lon="126.63992472924292087554931640625">
        <ele>117.1999969482421875</ele>
        <time>2026-10-04T21:35:09.000Z</time>
        <extensions>
          <ns3:TrackPointExtension>
            <ns3:hr>149</ns3:hr>
            <ns3:cad>92</ns3:cad>
          </ns3:TrackPointExtension>
        </extensions>
      </trkpt>
      <trkpt lat="45.80770910717546939849853515625" lon="126.63989572785794734954833984375">
        <ele>117.1999969482421875</ele>
        <time>2026-10-04T21:35:10.000Z</time>
        <extensions>
          <ns3:TrackPointExtension>
            <ns3:hr>149</ns3:hr>
            <ns3:cad>92</ns3:cad>
          </ns3:TrackPointExtension>
        </extensions>
      </trkpt>
      <trkpt lat="45.8076868951320648193359375" lon="126.63986253552138805389404296875">
        <ele>117.1999969482421875</ele>
        <time>2026-10-04T21:35:11.000Z</time>
        <extensions>
          <ns3:TrackPointExtension>
            <ns3:hr>149</ns3:hr>
            <ns3:cad>92</ns3:cad>
          </ns3:TrackPointExtension>
        </extensions>
      </trkpt>
      <trkpt lat="45.8076696284115314483642578125" lon="126.639829762279987335205078125">
        <ele>117.1999969482421875</ele>
        <time>2026-10-04T21:35:12.000Z</time>
        <extensions>
          <ns3:TrackPointExtension>
            <ns3:hr>149</ns3:hr>
            <ns3:cad>92</ns3:cad>
          </ns3:TrackPointExtension>
        </extensions>
      </trkpt>
      <trkpt lat="45.8076478354632854461669921875" lon="126.63978894241154193878173828125">
        <ele>117.1999969482421875</ele>
        <time>2026-10-04T21:35:13.000Z</time>
        <extensions>
          <ns3:TrackPointExtension>
            <ns3:hr>150</ns3:hr>
            <ns3:cad>93</ns3:cad>
          </ns3:TrackPointExtension>
        </extensions>
      </trkpt>
      <trkpt lat="45.807627551257610321044921875" lon="126.6397605277597904205322265625">
        <ele>117.1999969482421875</ele>
        <time>2026-10-04T21:35:14.000Z</time>
        <extensions>
          <ns3:TrackPointExtension>
            <ns3:hr>150</ns3:hr>
            <ns3:cad>93</ns3:cad>
          </ns3:TrackPointExtension>
        </extensions>
      </trkpt>
      <trkpt lat="45.8075988851487636566162109375" lon="126.639714427292346954345703125">
        <ele>117.1999969482421875</ele>
        <time>2026-10-04T21:35:15.000Z</time>
        <extensions>
          <ns3:TrackPointExtension>
            <ns3:hr>150</ns3:hr>
            <ns3:cad>93</ns3:cad>
          </ns3:TrackPointExtension>
        </extensions>
      </trkpt>
      <trkpt lat="45.8075807802379131317138671875" lon="126.63968534208834171295166015625">
        <ele>117.40000152587890625</ele>
        <time>2026-10-04T21:35:16.000Z</time>
        <extensions>
          <ns3:TrackPointExtension>
            <ns3:hr>151</ns3:hr>
            <ns3:cad>92</ns3:cad>
          </ns3:TrackPointExtension>
        </extensions>
      </trkpt>
      <trkpt lat="45.80755806528031826019287109375" lon="126.639640331268310546875">
        <ele>117.1999969482421875</ele>
        <time>2026-10-04T21:35:17.000Z</time>
        <extensions>
          <ns3:TrackPointExtension>
            <ns3:hr>151</ns3:hr>
            <ns3:cad>92</ns3:cad>
          </ns3:TrackPointExtension>
        </extensions>
      </trkpt>
      <trkpt lat="45.8075402118265628814697265625" lon="126.63961225189268589019775390625">
        <ele>117.1999969482421875</ele>
        <time>2026-10-04T21:35:18.000Z</time>
        <extensions>
          <ns3:TrackPointExtension>
            <ns3:hr>151</ns3:hr>
            <ns3:cad>93</ns3:cad>
          </ns3:TrackPointExtension>
        </extensions>
      </trkpt>
      <trkpt lat="45.80752152018249034881591796875" lon="126.6395734436810016632080078125">
        <ele>117.1999969482421875</ele>
        <time>2026-10-04T21:35:19.000Z</time>
        <extensions>
          <ns3:TrackPointExtension>
            <ns3:hr>151</ns3:hr>
            <ns3:cad>93</ns3:cad>
          </ns3:TrackPointExtension>
        </extensions>
      </trkpt>
      <trkpt lat="45.80750140361487865447998046875" lon="126.63954184390604496002197265625">
        <ele>117.1999969482421875</ele>
        <time>2026-10-04T21:35:20.000Z</time>
        <extensions>
          <ns3:TrackPointExtension>
            <ns3:hr>152</ns3:hr>
            <ns3:cad>92</ns3:cad>
          </ns3:TrackPointExtension>
        </extensions>
      </trkpt>
      <trkpt lat="45.807484723627567291259765625" lon="126.63950429297983646392822265625">
        <ele>117.1999969482421875</ele>
        <time>2026-10-04T21:35:21.000Z</time>
        <extensions>
          <ns3:TrackPointExtension>
            <ns3:hr>152</ns3:hr>
            <ns3:cad>92</ns3:cad>
          </ns3:TrackPointExtension>
        </extensions>
      </trkpt>
      <trkpt lat="45.807462595403194427490234375" lon="126.63946825079619884490966796875">
        <ele>117.40000152587890625</ele>
        <time>2026-10-04T21:35:22.000Z</time>
        <extensions>
          <ns3:TrackPointExtension>
            <ns3:hr>152</ns3:hr>
            <ns3:cad>92</ns3:cad>
          </ns3:TrackPointExtension>
        </extensions>
      </trkpt>
      <trkpt lat="45.8074433170258998870849609375" lon="126.6394353099167346954345703125">
        <ele>117.40000152587890625</ele>
        <time>2026-10-04T21:35:23.000Z</time>
        <extensions>
          <ns3:TrackPointExtension>
            <ns3:hr>152</ns3:hr>
            <ns3:cad>92</ns3:cad>
          </ns3:TrackPointExtension>
        </extensions>
      </trkpt>
      <trkpt lat="45.807420350611209869384765625" lon="126.63939817808568477630615234375">
        <ele>117.40000152587890625</ele>
        <time>2026-10-04T21:35:24.000Z</time>
        <extensions>
          <ns3:TrackPointExtension>
            <ns3:hr>152</ns3:hr>
            <ns3:cad>93</ns3:cad>
          </ns3:TrackPointExtension>
        </extensions>
      </trkpt>
      <trkpt lat="45.80739763565361499786376953125" lon="126.63937412202358245849609375">
        <ele>117.40000152587890625</ele>
        <time>2026-10-04T21:35:25.000Z</time>
        <extensions>
          <ns3:TrackPointExtension>
            <ns3:hr>152</ns3:hr>
            <ns3:cad>93</ns3:cad>
          </ns3:TrackPointExtension>
        </extensions>
      </trkpt>
      <trkpt lat="45.80737533979117870330810546875" lon="126.6393397562205791473388671875">
        <ele>117.40000152587890625</ele>
        <time>2026-10-04T21:35:26.000Z</time>
        <extensions>
          <ns3:TrackPointExtension>
            <ns3:hr>151</ns3:hr>
            <ns3:cad>93</ns3:cad>
          </ns3:TrackPointExtension>
        </extensions>
      </trkpt>
      <trkpt lat="45.8073541335761547088623046875" lon="126.6393169574439525604248046875">
        <ele>117.40000152587890625</ele>
        <time>2026-10-04T21:35:27.000Z</time>
        <extensions>
          <ns3:TrackPointExtension>
            <ns3:hr>152</ns3:hr>
            <ns3:cad>93</ns3:cad>
          </ns3:TrackPointExtension>
        </extensions>
      </trkpt>
      <trkpt lat="45.80732882022857666015625" lon="126.63927630521357059478759765625">
        <ele>117.40000152587890625</ele>
        <time>2026-10-04T21:35:28.000Z</time>
        <extensions>
          <ns3:TrackPointExtension>
            <ns3:hr>152</ns3:hr>
            <ns3:cad>93</ns3:cad>
          </ns3:TrackPointExtension>
        </extensions>
      </trkpt>
      <trkpt lat="45.80730979330837726593017578125" lon="126.6392539255321025848388671875">
        <ele>117.40000152587890625</ele>
        <time>2026-10-04T21:35:29.000Z</time>
        <extensions>
          <ns3:TrackPointExtension>
            <ns3:hr>152</ns3:hr>
            <ns3:cad>93</ns3:cad>
          </ns3:TrackPointExtension>
        </extensions>
      </trkpt>
      <trkpt lat="45.807288251817226409912109375" lon="126.6392125189304351806640625">
        <ele>117.40000152587890625</ele>
        <time>2026-10-04T21:35:30.000Z</time>
        <extensions>
          <ns3:TrackPointExtension>
            <ns3:hr>151</ns3:hr>
            <ns3:cad>92</ns3:cad>
          </ns3:TrackPointExtension>
        </extensions>
      </trkpt>
      <trkpt lat="45.8072626031935214996337890625" lon="126.63918661884963512420654296875">
        <ele>117.40000152587890625</ele>
        <time>2026-10-04T21:35:31.000Z</time>
        <extensions>
          <ns3:TrackPointExtension>
            <ns3:hr>151</ns3:hr>
            <ns3:cad>94</ns3:cad>
          </ns3:TrackPointExtension>
        </extensions>
      </trkpt>
      <trkpt lat="45.807241313159465789794921875" lon="126.639149487018585205078125">
        <ele>117.40000152587890625</ele>
        <time>2026-10-04T21:35:32.000Z</time>
        <extensions>
          <ns3:TrackPointExtension>
            <ns3:hr>151</ns3:hr>
            <ns3:cad>93</ns3:cad>
          </ns3:TrackPointExtension>
        </extensions>
      </trkpt>
      <trkpt lat="45.807218514382839202880859375" lon="126.63911721669137477874755859375">
        <ele>117.40000152587890625</ele>
        <time>2026-10-04T21:35:33.000Z</time>
        <extensions>
          <ns3:TrackPointExtension>
            <ns3:hr>151</ns3:hr>
            <ns3:cad>93</ns3:cad>
          </ns3:TrackPointExtension>
        </extensions>
      </trkpt>
      <trkpt lat="45.80719764344394207000732421875" lon="126.6390832699835300445556640625">
        <ele>117.40000152587890625</ele>
        <time>2026-10-04T21:35:34.000Z</time>
        <extensions>
          <ns3:TrackPointExtension>
            <ns3:hr>151</ns3:hr>
            <ns3:cad>92</ns3:cad>
          </ns3:TrackPointExtension>
        </extensions>
      </trkpt>
      <trkpt lat="45.80717316828668117523193359375" lon="126.63905091583728790283203125">
        <ele>117.1999969482421875</ele>
        <time>2026-10-04T21:35:35.000Z</time>
        <extensions>
          <ns3:TrackPointExtension>
            <ns3:hr>151</ns3:hr>
            <ns3:cad>92</ns3:cad>
          </ns3:TrackPointExtension>
        </extensions>
      </trkpt>
      <trkpt lat="45.80715757794678211212158203125" lon="126.63901981897652149200439453125">
        <ele>117.1999969482421875</ele>
        <time>2026-10-04T21:35:36.000Z</time>
        <extensions>
          <ns3:TrackPointExtension>
            <ns3:hr>151</ns3:hr>
            <ns3:cad>92</ns3:cad>
          </ns3:TrackPointExtension>
        </extensions>
      </trkpt>
      <trkpt lat="45.8071268163621425628662109375" lon="126.638981513679027557373046875">
        <ele>117.1999969482421875</ele>
        <time>2026-10-04T21:35:37.000Z</time>
        <extensions>
          <ns3:TrackPointExtension>
            <ns3:hr>150</ns3:hr>
            <ns3:cad>93</ns3:cad>
          </ns3:TrackPointExtension>
        </extensions>
      </trkpt>
      <trkpt lat="45.8071030117571353912353515625" lon="126.63895569741725921630859375">
        <ele>117.1999969482421875</ele>
        <time>2026-10-04T21:35:38.000Z</time>
        <extensions>
          <ns3:TrackPointExtension>
            <ns3:hr>150</ns3:hr>
            <ns3:cad>93</ns3:cad>
          </ns3:TrackPointExtension>
        </extensions>
      </trkpt>
      <trkpt lat="45.8070751838386058807373046875" lon="126.6389260254800319671630859375">
        <ele>117.1999969482421875</ele>
        <time>2026-10-04T21:35:39.000Z</time>
        <extensions>
          <ns3:TrackPointExtension>
            <ns3:hr>150</ns3:hr>
            <ns3:cad>93</ns3:cad>
          </ns3:TrackPointExtension>
        </extensions>
      </trkpt>
      <trkpt lat="45.80705079250037670135498046875" lon="126.6389067471027374267578125">
        <ele>117.40000152587890625</ele>
        <time>2026-10-04T21:35:40.000Z</time>
        <extensions>
          <ns3:TrackPointExtension>
            <ns3:hr>150</ns3:hr>
            <ns3:cad>92</ns3:cad>
          </ns3:TrackPointExtension>
        </extensions>
      </trkpt>
      <trkpt lat="45.80702480860054492950439453125" lon="126.63887045346200466156005859375">
        <ele>117.40000152587890625</ele>
        <time>2026-10-04T21:35:41.000Z</time>
        <extensions>
          <ns3:TrackPointExtension>
            <ns3:hr>151</ns3:hr>
            <ns3:cad>92</ns3:cad>
          </ns3:TrackPointExtension>
        </extensions>
      </trkpt>
      <trkpt lat="45.8070027641952037811279296875" lon="126.63884564302861690521240234375">
        <ele>117.40000152587890625</ele>
        <time>2026-10-04T21:35:42.000Z</time>
        <extensions>
          <ns3:TrackPointExtension>
            <ns3:hr>150</ns3:hr>
            <ns3:cad>93</ns3:cad>
          </ns3:TrackPointExtension>
        </extensions>
      </trkpt>
      <trkpt lat="45.806979797780513763427734375" lon="126.63880960084497928619384765625">
        <ele>117.40000152587890625</ele>
        <time>2026-10-04T21:35:43.000Z</time>
        <extensions>
          <ns3:TrackPointExtension>
            <ns3:hr>151</ns3:hr>
            <ns3:cad>93</ns3:cad>
          </ns3:TrackPointExtension>
        </extensions>
      </trkpt>
      <trkpt lat="45.806956328451633453369140625" lon="126.6387828625738620758056640625">
        <ele>117.40000152587890625</ele>
        <time>2026-10-04T21:35:44.000Z</time>
        <extensions>
          <ns3:TrackPointExtension>
            <ns3:hr>151</ns3:hr>
            <ns3:cad>94</ns3:cad>
          </ns3:TrackPointExtension>
        </extensions>
      </trkpt>
      <trkpt lat="45.806934535503387451171875" lon="126.638751514256000518798828125">
        <ele>117.40000152587890625</ele>
        <time>2026-10-04T21:35:45.000Z</time>
        <extensions>
          <ns3:TrackPointExtension>
            <ns3:hr>150</ns3:hr>
            <ns3:cad>94</ns3:cad>
          </ns3:TrackPointExtension>
        </extensions>
      </trkpt>
      <trkpt lat="45.80690880306065082550048828125" lon="126.63872645236551761627197265625">
        <ele>117.40000152587890625</ele>
        <time>2026-10-04T21:35:46.000Z</time>
        <extensions>
          <ns3:TrackPointExtension>
            <ns3:hr>150</ns3:hr>
            <ns3:cad>93</ns3:cad>
          </ns3:TrackPointExtension>
        </extensions>
      </trkpt>
      <trkpt lat="45.80688701011240482330322265625" lon="126.63870088756084442138671875">
        <ele>117.40000152587890625</ele>
        <time>2026-10-04T21:35:47.000Z</time>
        <extensions>
          <ns3:TrackPointExtension>
            <ns3:hr>150</ns3:hr>
            <ns3:cad>93</ns3:cad>
          </ns3:TrackPointExtension>
        </extensions>
      </trkpt>
      <trkpt lat="45.806864798069000244140625" lon="126.638669706881046295166015625">
        <ele>117.40000152587890625</ele>
        <time>2026-10-04T21:35:48.000Z</time>
        <extensions>
          <ns3:TrackPointExtension>
            <ns3:hr>151</ns3:hr>
            <ns3:cad>92</ns3:cad>
          </ns3:TrackPointExtension>
        </extensions>
      </trkpt>
      <trkpt lat="45.8068431727588176727294921875" lon="126.63864011876285076141357421875">
        <ele>117.40000152587890625</ele>
        <time>2026-10-04T21:35:49.000Z</time>
        <extensions>
          <ns3:TrackPointExtension>
            <ns3:hr>151</ns3:hr>
            <ns3:cad>92</ns3:cad>
          </ns3:TrackPointExtension>
        </extensions>
      </trkpt>
      <trkpt lat="45.80681894905865192413330078125" lon="126.63860659115016460418701171875">
        <ele>117.40000152587890625</ele>
        <time>2026-10-04T21:35:50.000Z</time>
        <extensions>
          <ns3:TrackPointExtension>
            <ns3:hr>151</ns3:hr>
            <ns3:cad>92</ns3:cad>
          </ns3:TrackPointExtension>
        </extensions>
      </trkpt>
      <trkpt lat="45.8067958988249301910400390625" lon="126.63857926614582538604736328125">
        <ele>117.40000152587890625</ele>
        <time>2026-10-04T21:35:51.000Z</time>
        <extensions>
          <ns3:TrackPointExtension>
            <ns3:hr>151</ns3:hr>
            <ns3:cad>92</ns3:cad>
          </ns3:TrackPointExtension>
        </extensions>
      </trkpt>
      <trkpt lat="45.80676849000155925750732421875" lon="126.6385404579341411590576171875">
        <ele>117.40000152587890625</ele>
        <time>2026-10-04T21:35:52.000Z</time>
        <extensions>
          <ns3:TrackPointExtension>
            <ns3:hr>151</ns3:hr>
            <ns3:cad>92</ns3:cad>
          </ns3:TrackPointExtension>
        </extensions>
      </trkpt>
      <trkpt lat="45.80674342811107635498046875" lon="126.63851623423397541046142578125">
        <ele>117.40000152587890625</ele>
        <time>2026-10-04T21:35:53.000Z</time>
        <extensions>
          <ns3:TrackPointExtension>
            <ns3:hr>152</ns3:hr>
            <ns3:cad>92</ns3:cad>
          </ns3:TrackPointExtension>
        </extensions>
      </trkpt>
      <trkpt lat="45.80672088079154491424560546875" lon="126.63848002441227436065673828125">
        <ele>117.40000152587890625</ele>
        <time>2026-10-04T21:35:54.000Z</time>
        <extensions>
          <ns3:TrackPointExtension>
            <ns3:hr>151</ns3:hr>
            <ns3:cad>92</ns3:cad>
          </ns3:TrackPointExtension>
        </extensions>
      </trkpt>
      <trkpt lat="45.806699506938457489013671875" lon="126.63845990784466266632080078125">
        <ele>117.59999847412109375</ele>
        <time>2026-10-04T21:35:55.000Z</time>
        <extensions>
          <ns3:TrackPointExtension>
            <ns3:hr>151</ns3:hr>
            <ns3:cad>93</ns3:cad>
          </ns3:TrackPointExtension>
        </extensions>
      </trkpt>
      <trkpt lat="45.806676037609577178955078125" lon="126.6384294815361499786376953125">
        <ele>117.59999847412109375</ele>
        <time>2026-10-04T21:35:56.000Z</time>
        <extensions>
          <ns3:TrackPointExtension>
            <ns3:hr>151</ns3:hr>
            <ns3:cad>93</ns3:cad>
          </ns3:TrackPointExtension>
        </extensions>
      </trkpt>
      <trkpt lat="45.8066487126052379608154296875" lon="126.6384019888937473297119140625">
        <ele>117.59999847412109375</ele>
        <time>2026-10-04T21:35:57.000Z</time>
        <extensions>
          <ns3:TrackPointExtension>
            <ns3:hr>151</ns3:hr>
            <ns3:cad>93</ns3:cad>
          </ns3:TrackPointExtension>
        </extensions>
      </trkpt>
      <trkpt lat="45.8066232316195964813232421875" lon="126.6383741609752178192138671875">
        <ele>117.59999847412109375</ele>
        <time>2026-10-04T21:35:58.000Z</time>
        <extensions>
          <ns3:TrackPointExtension>
            <ns3:hr>150</ns3:hr>
            <ns3:cad>93</ns3:cad>
          </ns3:TrackPointExtension>
        </extensions>
      </trkpt>
      <trkpt lat="45.80659531988203525543212890625" lon="126.638351865112781524658203125">
        <ele>117.59999847412109375</ele>
        <time>2026-10-04T21:35:59.000Z</time>
        <extensions>
          <ns3:TrackPointExtension>
            <ns3:hr>150</ns3:hr>
            <ns3:cad>93</ns3:cad>
          </ns3:TrackPointExtension>
        </extensions>
      </trkpt>
      <trkpt lat="45.806572772562503814697265625" lon="126.638325713574886322021484375">
        <ele>117.59999847412109375</ele>
        <time>2026-10-04T21:36:00.000Z</time>
        <extensions>
          <ns3:TrackPointExtension>
            <ns3:hr>150</ns3:hr>
            <ns3:cad>93</ns3:cad>
          </ns3:TrackPointExtension>
        </extensions>
      </trkpt>
      <trkpt lat="45.80654838122427463531494140625" lon="126.6383014060556888580322265625">
        <ele>117.59999847412109375</ele>
        <time>2026-10-04T21:36:01.000Z</time>
        <extensions>
          <ns3:TrackPointExtension>
            <ns3:hr>151</ns3:hr>
            <ns3:cad>93</ns3:cad>
          </ns3:TrackPointExtension>
        </extensions>
      </trkpt>
      <trkpt lat="45.80652910284698009490966796875" lon="126.638276763260364532470703125">
        <ele>117.59999847412109375</ele>
        <time>2026-10-04T21:36:02.000Z</time>
        <extensions>
          <ns3:TrackPointExtension>
            <ns3:hr>150</ns3:hr>
            <ns3:cad>93</ns3:cad>
          </ns3:TrackPointExtension>
        </extensions>
      </trkpt>
      <trkpt lat="45.80650278367102146148681640625" lon="126.6382477618753910064697265625">
        <ele>117.59999847412109375</ele>
        <time>2026-10-04T21:36:03.000Z</time>
        <extensions>
          <ns3:TrackPointExtension>
            <ns3:hr>150</ns3:hr>
            <ns3:cad>93</ns3:cad>
          </ns3:TrackPointExtension>
        </extensions>
      </trkpt>
      <trkpt lat="45.8064799010753631591796875" lon="126.63823015987873077392578125">
        <ele>117.59999847412109375</ele>
        <time>2026-10-04T21:36:04.000Z</time>
        <extensions>
          <ns3:TrackPointExtension>
            <ns3:hr>150</ns3:hr>
            <ns3:cad>92</ns3:cad>
          </ns3:TrackPointExtension>
        </extensions>
      </trkpt>
      <trkpt lat="45.80645131878554821014404296875" lon="126.6381988115608692169189453125">
        <ele>117.59999847412109375</ele>
        <time>2026-10-04T21:36:05.000Z</time>
        <extensions>
          <ns3:TrackPointExtension>
            <ns3:hr>150</ns3:hr>
            <ns3:cad>92</ns3:cad>
          </ns3:TrackPointExtension>
        </extensions>
      </trkpt>
      <trkpt lat="45.80642449669539928436279296875" lon="126.638179533183574676513671875">
        <ele>117.59999847412109375</ele>
        <time>2026-10-04T21:36:06.000Z</time>
        <extensions>
          <ns3:TrackPointExtension>
            <ns3:hr>150</ns3:hr>
            <ns3:cad>93</ns3:cad>
          </ns3:TrackPointExtension>
        </extensions>
      </trkpt>
      <trkpt lat="45.80640236847102642059326171875" lon="126.638150699436664581298828125">
        <ele>117.40000152587890625</ele>
        <time>2026-10-04T21:36:07.000Z</time>
        <extensions>
          <ns3:TrackPointExtension>
            <ns3:hr>151</ns3:hr>
            <ns3:cad>93</ns3:cad>
          </ns3:TrackPointExtension>
        </extensions>
      </trkpt>
      <trkpt lat="45.806374959647655487060546875" lon="126.638130247592926025390625">
        <ele>117.40000152587890625</ele>
        <time>2026-10-04T21:36:08.000Z</time>
        <extensions>
          <ns3:TrackPointExtension>
            <ns3:hr>150</ns3:hr>
            <ns3:cad>93</ns3:cad>
          </ns3:TrackPointExtension>
        </extensions>
      </trkpt>
      <trkpt lat="45.8063546754419803619384765625" lon="126.6381066106259822845458984375">
        <ele>117.40000152587890625</ele>
        <time>2026-10-04T21:36:09.000Z</time>
        <extensions>
          <ns3:TrackPointExtension>
            <ns3:hr>150</ns3:hr>
            <ns3:cad>93</ns3:cad>
          </ns3:TrackPointExtension>
        </extensions>
      </trkpt>
      <trkpt lat="45.80633397214114665985107421875" lon="126.63808791898190975189208984375">
        <ele>117.40000152587890625</ele>
        <time>2026-10-04T21:36:10.000Z</time>
        <extensions>
          <ns3:TrackPointExtension>
            <ns3:hr>151</ns3:hr>
            <ns3:cad>93</ns3:cad>
          </ns3:TrackPointExtension>
        </extensions>
      </trkpt>
      <trkpt lat="45.80631117336452007293701171875" lon="126.6380640305578708648681640625">
        <ele>117.40000152587890625</ele>
        <time>2026-10-04T21:36:11.000Z</time>
        <extensions>
          <ns3:TrackPointExtension>
            <ns3:hr>150</ns3:hr>
            <ns3:cad>93</ns3:cad>
          </ns3:TrackPointExtension>
        </extensions>
      </trkpt>
      <trkpt lat="45.80628837458789348602294921875" lon="126.63804642856121063232421875">
        <ele>117.40000152587890625</ele>
        <time>2026-10-04T21:36:12.000Z</time>
        <extensions>
          <ns3:TrackPointExtension>
            <ns3:hr>150</ns3:hr>
            <ns3:cad>92</ns3:cad>
          </ns3:TrackPointExtension>
        </extensions>
      </trkpt>
      <trkpt lat="45.8062631450593471527099609375" lon="126.63801281712949275970458984375">
        <ele>117.59999847412109375</ele>
        <time>2026-10-04T21:36:13.000Z</time>
        <extensions>
          <ns3:TrackPointExtension>
            <ns3:hr>150</ns3:hr>
            <ns3:cad>92</ns3:cad>
          </ns3:TrackPointExtension>
        </extensions>
      </trkpt>
      <trkpt lat="45.80623447895050048828125" lon="126.63798482157289981842041015625">
        <ele>117.59999847412109375</ele>
        <time>2026-10-04T21:36:14.000Z</time>
        <extensions>
          <ns3:TrackPointExtension>
            <ns3:hr>150</ns3:hr>
            <ns3:cad>92</ns3:cad>
          </ns3:TrackPointExtension>
        </extensions>
      </trkpt>
      <trkpt lat="45.8062098361551761627197265625" lon="126.6379554010927677154541015625">
        <ele>117.59999847412109375</ele>
        <time>2026-10-04T21:36:15.000Z</time>
        <extensions>
          <ns3:TrackPointExtension>
            <ns3:hr>150</ns3:hr>
            <ns3:cad>95</ns3:cad>
          </ns3:TrackPointExtension>
        </extensions>
      </trkpt>
      <trkpt lat="45.80618075095117092132568359375" lon="126.63792531006038188934326171875">
        <ele>117.8000030517578125</ele>
        <time>2026-10-04T21:36:16.000Z</time>
        <extensions>
          <ns3:TrackPointExtension>
            <ns3:hr>150</ns3:hr>
            <ns3:cad>95</ns3:cad>
          </ns3:TrackPointExtension>
        </extensions>
      </trkpt>
      <trkpt lat="45.8061548508703708648681640625" lon="126.6379014216363430023193359375">
        <ele>117.8000030517578125</ele>
        <time>2026-10-04T21:36:17.000Z</time>
        <extensions>
          <ns3:TrackPointExtension>
            <ns3:hr>150</ns3:hr>
            <ns3:cad>94</ns3:cad>
          </ns3:TrackPointExtension>
        </extensions>
      </trkpt>
      <trkpt lat="45.8061273582279682159423828125" lon="126.63787686266005039215087890625">
        <ele>117.8000030517578125</ele>
        <time>2026-10-04T21:36:18.000Z</time>
        <extensions>
          <ns3:TrackPointExtension>
            <ns3:hr>150</ns3:hr>
            <ns3:cad>93</ns3:cad>
          </ns3:TrackPointExtension>
        </extensions>
      </trkpt>
      <trkpt lat="45.80610363744199275970458984375" lon="126.63785188458859920501708984375">
        <ele>117.8000030517578125</ele>
        <time>2026-10-04T21:36:19.000Z</time>
        <extensions>
          <ns3:TrackPointExtension>
            <ns3:hr>150</ns3:hr>
            <ns3:cad>93</ns3:cad>
          </ns3:TrackPointExtension>
        </extensions>
      </trkpt>
      <trkpt lat="45.80607555806636810302734375" lon="126.637824140489101409912109375">
        <ele>117.8000030517578125</ele>
        <time>2026-10-04T21:36:20.000Z</time>
        <extensions>
          <ns3:TrackPointExtension>
            <ns3:hr>151</ns3:hr>
            <ns3:cad>93</ns3:cad>
          </ns3:TrackPointExtension>
        </extensions>
      </trkpt>
      <trkpt lat="45.80605208873748779296875" lon="126.6378025151789188385009765625">
        <ele>117.8000030517578125</ele>
        <time>2026-10-04T21:36:21.000Z</time>
        <extensions>
          <ns3:TrackPointExtension>
            <ns3:hr>151</ns3:hr>
            <ns3:cad>92</ns3:cad>
          </ns3:TrackPointExtension>
        </extensions>
      </trkpt>
      <trkpt lat="45.8060204051434993743896484375" lon="126.6377753578126430511474609375">
        <ele>117.8000030517578125</ele>
        <time>2026-10-04T21:36:22.000Z</time>
        <extensions>
          <ns3:TrackPointExtension>
            <ns3:hr>151</ns3:hr>
            <ns3:cad>92</ns3:cad>
          </ns3:TrackPointExtension>
        </extensions>
      </trkpt>
      <trkpt lat="45.80599735490977764129638671875" lon="126.637755744159221649169921875">
        <ele>117.8000030517578125</ele>
        <time>2026-10-04T21:36:23.000Z</time>
        <extensions>
          <ns3:TrackPointExtension>
            <ns3:hr>152</ns3:hr>
            <ns3:cad>91</ns3:cad>
          </ns3:TrackPointExtension>
        </extensions>
      </trkpt>
      <trkpt lat="45.80596902407705783843994140625" lon="126.6377300955355167388916015625">
        <ele>117.8000030517578125</ele>
        <time>2026-10-04T21:36:24.000Z</time>
        <extensions>
          <ns3:TrackPointExtension>
            <ns3:hr>152</ns3:hr>
            <ns3:cad>91</ns3:cad>
          </ns3:TrackPointExtension>
        </extensions>
      </trkpt>
      <trkpt lat="45.805945135653018951416015625" lon="126.63770972751080989837646484375">
        <ele>117.8000030517578125</ele>
        <time>2026-10-04T21:36:25.000Z</time>
        <extensions>
          <ns3:TrackPointExtension>
            <ns3:hr>152</ns3:hr>
            <ns3:cad>93</ns3:cad>
          </ns3:TrackPointExtension>
        </extensions>
      </trkpt>
      <trkpt lat="45.8059220016002655029296875" lon="126.637677289545536041259765625">
        <ele>117.59999847412109375</ele>
        <time>2026-10-04T21:36:26.000Z</time>
        <extensions>
          <ns3:TrackPointExtension>
            <ns3:hr>151</ns3:hr>
            <ns3:cad>93</ns3:cad>
          </ns3:TrackPointExtension>
        </extensions>
      </trkpt>
      <trkpt lat="45.805898196995258331298828125" lon="126.63765616714954376220703125">
        <ele>117.59999847412109375</ele>
        <time>2026-10-04T21:36:27.000Z</time>
        <extensions>
          <ns3:TrackPointExtension>
            <ns3:hr>152</ns3:hr>
            <ns3:cad>93</ns3:cad>
          </ns3:TrackPointExtension>
        </extensions>
      </trkpt>
      <trkpt lat="45.8058718778192996978759765625" lon="126.63762398064136505126953125">
        <ele>117.59999847412109375</ele>
        <time>2026-10-04T21:36:28.000Z</time>
        <extensions>
          <ns3:TrackPointExtension>
            <ns3:hr>152</ns3:hr>
            <ns3:cad>93</ns3:cad>
          </ns3:TrackPointExtension>
        </extensions>
      </trkpt>
      <trkpt lat="45.80584631301462650299072265625" lon="126.63760126568377017974853515625">
        <ele>117.59999847412109375</ele>
        <time>2026-10-04T21:36:29.000Z</time>
        <extensions>
          <ns3:TrackPointExtension>
            <ns3:hr>151</ns3:hr>
            <ns3:cad>93</ns3:cad>
          </ns3:TrackPointExtension>
        </extensions>
      </trkpt>
      <trkpt lat="45.80582208931446075439453125" lon="126.63757327012717723846435546875">
        <ele>117.8000030517578125</ele>
        <time>2026-10-04T21:36:30.000Z</time>
        <extensions>
          <ns3:TrackPointExtension>
            <ns3:hr>152</ns3:hr>
            <ns3:cad>93</ns3:cad>
          </ns3:TrackPointExtension>
        </extensions>
      </trkpt>
      <trkpt lat="45.80579568631947040557861328125" lon="126.637550890445709228515625">
        <ele>117.8000030517578125</ele>
        <time>2026-10-04T21:36:31.000Z</time>
        <extensions>
          <ns3:TrackPointExtension>
            <ns3:hr>152</ns3:hr>
            <ns3:cad>93</ns3:cad>
          </ns3:TrackPointExtension>
        </extensions>
      </trkpt>
      <trkpt lat="45.8057723008096218109130859375" lon="126.6375208832323551177978515625">
        <ele>117.59999847412109375</ele>
        <time>2026-10-04T21:36:32.000Z</time>
        <extensions>
          <ns3:TrackPointExtension>
            <ns3:hr>151</ns3:hr>
            <ns3:cad>93</ns3:cad>
          </ns3:TrackPointExtension>
        </extensions>
      </trkpt>
      <trkpt lat="45.80574388615787029266357421875" lon="126.637491546571254730224609375">
        <ele>117.59999847412109375</ele>
        <time>2026-10-04T21:36:33.000Z</time>
        <extensions>
          <ns3:TrackPointExtension>
            <ns3:hr>152</ns3:hr>
            <ns3:cad>93</ns3:cad>
          </ns3:TrackPointExtension>
        </extensions>
      </trkpt>
      <trkpt lat="45.80572058446705341339111328125" lon="126.63746531121432781219482421875">
        <ele>117.8000030517578125</ele>
        <time>2026-10-04T21:36:34.000Z</time>
        <extensions>
          <ns3:TrackPointExtension>
            <ns3:hr>152</ns3:hr>
            <ns3:cad>92</ns3:cad>
          </ns3:TrackPointExtension>
        </extensions>
      </trkpt>
      <trkpt lat="45.8056913316249847412109375" lon="126.6374400816857814788818359375">
        <ele>117.59999847412109375</ele>
        <time>2026-10-04T21:36:35.000Z</time>
        <extensions>
          <ns3:TrackPointExtension>
            <ns3:hr>151</ns3:hr>
            <ns3:cad>92</ns3:cad>
          </ns3:TrackPointExtension>
        </extensions>
      </trkpt>
      <trkpt lat="45.8056663535535335540771484375" lon="126.63742356933653354644775390625">
        <ele>117.59999847412109375</ele>
        <time>2026-10-04T21:36:36.000Z</time>
        <extensions>
          <ns3:TrackPointExtension>
            <ns3:hr>152</ns3:hr>
            <ns3:cad>92</ns3:cad>
          </ns3:TrackPointExtension>
        </extensions>
      </trkpt>
      <trkpt lat="45.80563525669276714324951171875" lon="126.63739808835089206695556640625">
        <ele>117.59999847412109375</ele>
        <time>2026-10-04T21:36:37.000Z</time>
        <extensions>
          <ns3:TrackPointExtension>
            <ns3:hr>151</ns3:hr>
            <ns3:cad>93</ns3:cad>
          </ns3:TrackPointExtension>
        </extensions>
      </trkpt>
      <trkpt lat="45.8056096918880939483642578125" lon="126.63738258183002471923828125">
        <ele>117.40000152587890625</ele>
        <time>2026-10-04T21:36:38.000Z</time>
        <extensions>
          <ns3:TrackPointExtension>
            <ns3:hr>151</ns3:hr>
            <ns3:cad>93</ns3:cad>
          </ns3:TrackPointExtension>
        </extensions>
      </trkpt>
      <trkpt lat="45.8055872283875942230224609375" lon="126.63734997622668743133544921875">
        <ele>117.40000152587890625</ele>
        <time>2026-10-04T21:36:39.000Z</time>
        <extensions>
          <ns3:TrackPointExtension>
            <ns3:hr>151</ns3:hr>
            <ns3:cad>93</ns3:cad>
          </ns3:TrackPointExtension>
        </extensions>
      </trkpt>
      <trkpt lat="45.8055627532303333282470703125" lon="126.63732952438294887542724609375">
        <ele>117.40000152587890625</ele>
        <time>2026-10-04T21:36:40.000Z</time>
        <extensions>
          <ns3:TrackPointExtension>
            <ns3:hr>152</ns3:hr>
            <ns3:cad>92</ns3:cad>
          </ns3:TrackPointExtension>
        </extensions>
      </trkpt>
      <trkpt lat="45.805541463196277618408203125" lon="126.6372992657124996185302734375">
        <ele>117.40000152587890625</ele>
        <time>2026-10-04T21:36:41.000Z</time>
        <extensions>
          <ns3:TrackPointExtension>
            <ns3:hr>152</ns3:hr>
            <ns3:cad>92</ns3:cad>
          </ns3:TrackPointExtension>
        </extensions>
      </trkpt>
      <trkpt lat="45.80551656894385814666748046875" lon="126.6372774727642536163330078125">
        <ele>117.40000152587890625</ele>
        <time>2026-10-04T21:36:42.000Z</time>
        <extensions>
          <ns3:TrackPointExtension>
            <ns3:hr>152</ns3:hr>
            <ns3:cad>93</ns3:cad>
          </ns3:TrackPointExtension>
        </extensions>
      </trkpt>
      <trkpt lat="45.805495865643024444580078125" lon="126.63725291378796100616455078125">
        <ele>117.40000152587890625</ele>
        <time>2026-10-04T21:36:43.000Z</time>
        <extensions>
          <ns3:TrackPointExtension>
            <ns3:hr>152</ns3:hr>
            <ns3:cad>93</ns3:cad>
          </ns3:TrackPointExtension>
        </extensions>
      </trkpt>
      <trkpt lat="45.80546946264803409576416015625" lon="126.63723103702068328857421875">
        <ele>117.40000152587890625</ele>
        <time>2026-10-04T21:36:44.000Z</time>
        <extensions>
          <ns3:TrackPointExtension>
            <ns3:hr>151</ns3:hr>
            <ns3:cad>93</ns3:cad>
          </ns3:TrackPointExtension>
        </extensions>
      </trkpt>
      <trkpt lat="45.80544917844235897064208984375" lon="126.6372097469866275787353515625">
        <ele>117.1999969482421875</ele>
        <time>2026-10-04T21:36:45.000Z</time>
        <extensions>
          <ns3:TrackPointExtension>
            <ns3:hr>151</ns3:hr>
            <ns3:cad>92</ns3:cad>
          </ns3:TrackPointExtension>
        </extensions>
      </trkpt>
      <trkpt lat="45.8054242841899394989013671875" lon="126.6371849365532398223876953125">
        <ele>117.1999969482421875</ele>
        <time>2026-10-04T21:36:46.000Z</time>
        <extensions>
          <ns3:TrackPointExtension>
            <ns3:hr>151</ns3:hr>
            <ns3:cad>92</ns3:cad>
          </ns3:TrackPointExtension>
        </extensions>
      </trkpt>
      <trkpt lat="45.80540039576590061187744140625" lon="126.6371644847095012664794921875">
        <ele>117.1999969482421875</ele>
        <time>2026-10-04T21:36:47.000Z</time>
        <extensions>
          <ns3:TrackPointExtension>
            <ns3:hr>150</ns3:hr>
            <ns3:cad>92</ns3:cad>
          </ns3:TrackPointExtension>
        </extensions>
      </trkpt>
      <trkpt lat="45.8053716458380222320556640625" lon="126.63712986744940280914306640625">
        <ele>117.1999969482421875</ele>
        <time>2026-10-04T21:36:48.000Z</time>
        <extensions>
          <ns3:TrackPointExtension>
            <ns3:hr>150</ns3:hr>
            <ns3:cad>92</ns3:cad>
          </ns3:TrackPointExtension>
        </extensions>
      </trkpt>
      <trkpt lat="45.805348344147205352783203125" lon="126.63711092434823513031005859375">
        <ele>117.1999969482421875</ele>
        <time>2026-10-04T21:36:49.000Z</time>
        <extensions>
          <ns3:TrackPointExtension>
            <ns3:hr>150</ns3:hr>
            <ns3:cad>92</ns3:cad>
          </ns3:TrackPointExtension>
        </extensions>
      </trkpt>
      <trkpt lat="45.805322192609310150146484375" lon="126.6370736248791217803955078125">
        <ele>117.1999969482421875</ele>
        <time>2026-10-04T21:36:50.000Z</time>
        <extensions>
          <ns3:TrackPointExtension>
            <ns3:hr>150</ns3:hr>
            <ns3:cad>93</ns3:cad>
          </ns3:TrackPointExtension>
        </extensions>
      </trkpt>
      <trkpt lat="45.80529629252851009368896484375" lon="126.6370504908263683319091796875">
        <ele>117.1999969482421875</ele>
        <time>2026-10-04T21:36:51.000Z</time>
        <extensions>
          <ns3:TrackPointExtension>
            <ns3:hr>150</ns3:hr>
            <ns3:cad>93</ns3:cad>
          </ns3:TrackPointExtension>
        </extensions>
      </trkpt>
      <trkpt lat="45.80527332611382007598876953125" lon="126.63701788522303104400634765625">
        <ele>117.1999969482421875</ele>
        <time>2026-10-04T21:36:52.000Z</time>
        <extensions>
          <ns3:TrackPointExtension>
            <ns3:hr>150</ns3:hr>
            <ns3:cad>93</ns3:cad>
          </ns3:TrackPointExtension>
        </extensions>
      </trkpt>
      <trkpt lat="45.80525438301265239715576171875" lon="126.6369938291609287261962890625">
        <ele>117.1999969482421875</ele>
        <time>2026-10-04T21:36:53.000Z</time>
        <extensions>
          <ns3:TrackPointExtension>
            <ns3:hr>150</ns3:hr>
            <ns3:cad>93</ns3:cad>
          </ns3:TrackPointExtension>
        </extensions>
      </trkpt>
      <trkpt lat="45.80523091368377208709716796875" lon="126.63695904426276683807373046875">
        <ele>117.1999969482421875</ele>
        <time>2026-10-04T21:36:54.000Z</time>
        <extensions>
          <ns3:TrackPointExtension>
            <ns3:hr>149</ns3:hr>
            <ns3:cad>93</ns3:cad>
          </ns3:TrackPointExtension>
        </extensions>
      </trkpt>
      <trkpt lat="45.805210210382938385009765625" lon="126.63693624548614025115966796875">
        <ele>117.40000152587890625</ele>
        <time>2026-10-04T21:36:55.000Z</time>
        <extensions>
          <ns3:TrackPointExtension>
            <ns3:hr>149</ns3:hr>
            <ns3:cad>92</ns3:cad>
          </ns3:TrackPointExtension>
        </extensions>
      </trkpt>
      <trkpt lat="45.8051905967295169830322265625" lon="126.6369058191776275634765625">
        <ele>117.40000152587890625</ele>
        <time>2026-10-04T21:36:56.000Z</time>
        <extensions>
          <ns3:TrackPointExtension>
            <ns3:hr>149</ns3:hr>
            <ns3:cad>92</ns3:cad>
          </ns3:TrackPointExtension>
        </extensions>
      </trkpt>
      <trkpt lat="45.8051661215722560882568359375" lon="126.636882685124874114990234375">
        <ele>117.40000152587890625</ele>
        <time>2026-10-04T21:36:57.000Z</time>
        <extensions>
          <ns3:TrackPointExtension>
            <ns3:hr>149</ns3:hr>
            <ns3:cad>92</ns3:cad>
          </ns3:TrackPointExtension>
        </extensions>
      </trkpt>
      <trkpt lat="45.805143155157566070556640625" lon="126.63685209117829799652099609375">
        <ele>117.40000152587890625</ele>
        <time>2026-10-04T21:36:58.000Z</time>
        <extensions>
          <ns3:TrackPointExtension>
            <ns3:hr>149</ns3:hr>
            <ns3:cad>92</ns3:cad>
          </ns3:TrackPointExtension>
        </extensions>
      </trkpt>
      <trkpt lat="45.80511666834354400634765625" lon="126.63682744838297367095947265625">
        <ele>117.40000152587890625</ele>
        <time>2026-10-04T21:36:59.000Z</time>
        <extensions>
          <ns3:TrackPointExtension>
            <ns3:hr>149</ns3:hr>
            <ns3:cad>92</ns3:cad>
          </ns3:TrackPointExtension>
        </extensions>
      </trkpt>
      <trkpt lat="45.80509462393820285797119140625" lon="126.63679844699800014495849609375">
        <ele>117.40000152587890625</ele>
        <time>2026-10-04T21:37:00.000Z</time>
        <extensions>
          <ns3:TrackPointExtension>
            <ns3:hr>148</ns3:hr>
            <ns3:cad>92</ns3:cad>
          </ns3:TrackPointExtension>
        </extensions>
      </trkpt>
      <trkpt lat="45.8050655387341976165771484375" lon="126.63677128963172435760498046875">
        <ele>117.40000152587890625</ele>
        <time>2026-10-04T21:37:01.000Z</time>
        <extensions>
          <ns3:TrackPointExtension>
            <ns3:hr>149</ns3:hr>
            <ns3:cad>93</ns3:cad>
          </ns3:TrackPointExtension>
        </extensions>
      </trkpt>
      <trkpt lat="45.80503812991082668304443359375" lon="126.63674823939800262451171875">
        <ele>117.40000152587890625</ele>
        <time>2026-10-04T21:37:02.000Z</time>
        <extensions>
          <ns3:TrackPointExtension>
            <ns3:hr>149</ns3:hr>
            <ns3:cad>92</ns3:cad>
          </ns3:TrackPointExtension>
        </extensions>
      </trkpt>
      <trkpt lat="45.80500644631683826446533203125" lon="126.636716388165950775146484375">
        <ele>117.40000152587890625</ele>
        <time>2026-10-04T21:37:03.000Z</time>
        <extensions>
          <ns3:TrackPointExtension>
            <ns3:hr>149</ns3:hr>
            <ns3:cad>92</ns3:cad>
          </ns3:TrackPointExtension>
        </extensions>
      </trkpt>
      <trkpt lat="45.8049810491502285003662109375" lon="126.63669903762638568878173828125">
        <ele>117.40000152587890625</ele>
        <time>2026-10-04T21:37:04.000Z</time>
        <extensions>
          <ns3:TrackPointExtension>
            <ns3:hr>149</ns3:hr>
            <ns3:cad>92</ns3:cad>
          </ns3:TrackPointExtension>
        </extensions>
      </trkpt>
      <trkpt lat="45.80495305359363555908203125" lon="126.63666651584208011627197265625">
        <ele>117.40000152587890625</ele>
        <time>2026-10-04T21:37:05.000Z</time>
        <extensions>
          <ns3:TrackPointExtension>
            <ns3:hr>149</ns3:hr>
            <ns3:cad>93</ns3:cad>
          </ns3:TrackPointExtension>
        </extensions>
      </trkpt>
      <trkpt lat="45.80492698587477207183837890625" lon="126.6366454772651195526123046875">
        <ele>117.40000152587890625</ele>
        <time>2026-10-04T21:37:06.000Z</time>
        <extensions>
          <ns3:TrackPointExtension>
            <ns3:hr>149</ns3:hr>
            <ns3:cad>93</ns3:cad>
          </ns3:TrackPointExtension>
        </extensions>
      </trkpt>
      <trkpt lat="45.804897733032703399658203125" lon="126.63661806844174861907958984375">
        <ele>117.40000152587890625</ele>
        <time>2026-10-04T21:37:07.000Z</time>
        <extensions>
          <ns3:TrackPointExtension>
            <ns3:hr>149</ns3:hr>
            <ns3:cad>93</ns3:cad>
          </ns3:TrackPointExtension>
        </extensions>
      </trkpt>
      <trkpt lat="45.8048744313418865203857421875" lon="126.636606417596340179443359375">
        <ele>117.40000152587890625</ele>
        <time>2026-10-04T21:37:08.000Z</time>
        <extensions>
          <ns3:TrackPointExtension>
            <ns3:hr>149</ns3:hr>
            <ns3:cad>92</ns3:cad>
          </ns3:TrackPointExtension>
        </extensions>
      </trkpt>
      <trkpt lat="45.80485071055591106414794921875" lon="126.63657548837363719940185546875">
        <ele>117.40000152587890625</ele>
        <time>2026-10-04T21:37:09.000Z</time>
        <extensions>
          <ns3:TrackPointExtension>
            <ns3:hr>149</ns3:hr>
            <ns3:cad>92</ns3:cad>
          </ns3:TrackPointExtension>
        </extensions>
      </trkpt>
      <trkpt lat="45.8048258163034915924072265625" lon="126.63655386306345462799072265625">
        <ele>117.40000152587890625</ele>
        <time>2026-10-04T21:37:10.000Z</time>
        <extensions>
          <ns3:TrackPointExtension>
            <ns3:hr>149</ns3:hr>
            <ns3:cad>93</ns3:cad>
          </ns3:TrackPointExtension>
        </extensions>
      </trkpt>
      <trkpt lat="45.80480343662202358245849609375" lon="126.63652938790619373321533203125">
        <ele>117.40000152587890625</ele>
        <time>2026-10-04T21:37:11.000Z</time>
        <extensions>
          <ns3:TrackPointExtension>
            <ns3:hr>149</ns3:hr>
            <ns3:cad>93</ns3:cad>
          </ns3:TrackPointExtension>
        </extensions>
      </trkpt>
      <trkpt lat="45.80477778799831867218017578125" lon="126.6365100257098674774169921875">
        <ele>117.40000152587890625</ele>
        <time>2026-10-04T21:37:12.000Z</time>
        <extensions>
          <ns3:TrackPointExtension>
            <ns3:hr>149</ns3:hr>
            <ns3:cad>93</ns3:cad>
          </ns3:TrackPointExtension>
        </extensions>
      </trkpt>
      <trkpt lat="45.8047554083168506622314453125" lon="126.63649116642773151397705078125">
        <ele>117.40000152587890625</ele>
        <time>2026-10-04T21:37:13.000Z</time>
        <extensions>
          <ns3:TrackPointExtension>
            <ns3:hr>150</ns3:hr>
            <ns3:cad>92</ns3:cad>
          </ns3:TrackPointExtension>
        </extensions>
      </trkpt>
      <trkpt lat="45.80472380854189395904541015625" lon="126.6364681161940097808837890625">
        <ele>117.40000152587890625</ele>
        <time>2026-10-04T21:37:14.000Z</time>
        <extensions>
          <ns3:TrackPointExtension>
            <ns3:hr>150</ns3:hr>
            <ns3:cad>92</ns3:cad>
          </ns3:TrackPointExtension>
        </extensions>
      </trkpt>
      <trkpt lat="45.80470235086977481842041015625" lon="126.63644841872155666351318359375">
        <ele>117.40000152587890625</ele>
        <time>2026-10-04T21:37:15.000Z</time>
        <extensions>
          <ns3:TrackPointExtension>
            <ns3:hr>150</ns3:hr>
            <ns3:cad>92</ns3:cad>
          </ns3:TrackPointExtension>
        </extensions>
      </trkpt>
      <trkpt lat="45.80467418767511844635009765625" lon="126.63642461411654949188232421875">
        <ele>117.40000152587890625</ele>
        <time>2026-10-04T21:37:16.000Z</time>
        <extensions>
          <ns3:TrackPointExtension>
            <ns3:hr>150</ns3:hr>
            <ns3:cad>93</ns3:cad>
          </ns3:TrackPointExtension>
        </extensions>
      </trkpt>
      <trkpt lat="45.80464954487979412078857421875" lon="126.6364050842821598052978515625">
        <ele>117.40000152587890625</ele>
        <time>2026-10-04T21:37:17.000Z</time>
        <extensions>
          <ns3:TrackPointExtension>
            <ns3:hr>150</ns3:hr>
            <ns3:cad>93</ns3:cad>
          </ns3:TrackPointExtension>
        </extensions>
      </trkpt>
      <trkpt lat="45.80462289042770862579345703125" lon="126.63637298159301280975341796875">
        <ele>117.40000152587890625</ele>
        <time>2026-10-04T21:37:18.000Z</time>
        <extensions>
          <ns3:TrackPointExtension>
            <ns3:hr>150</ns3:hr>
            <ns3:cad>93</ns3:cad>
          </ns3:TrackPointExtension>
        </extensions>
      </trkpt>
      <trkpt lat="45.8046018518507480621337890625" lon="126.63634590804576873779296875">
        <ele>117.40000152587890625</ele>
        <time>2026-10-04T21:37:19.000Z</time>
        <extensions>
          <ns3:TrackPointExtension>
            <ns3:hr>149</ns3:hr>
            <ns3:cad>92</ns3:cad>
          </ns3:TrackPointExtension>
        </extensions>
      </trkpt>
      <trkpt lat="45.80457544885575771331787109375" lon="126.63631212897598743438720703125">
        <ele>117.40000152587890625</ele>
        <time>2026-10-04T21:37:20.000Z</time>
        <extensions>
          <ns3:TrackPointExtension>
            <ns3:hr>150</ns3:hr>
            <ns3:cad>92</ns3:cad>
          </ns3:TrackPointExtension>
        </extensions>
      </trkpt>
      <trkpt lat="45.80455214716494083404541015625" lon="126.63628497160971164703369140625">
        <ele>117.40000152587890625</ele>
        <time>2026-10-04T21:37:21.000Z</time>
        <extensions>
          <ns3:TrackPointExtension>
            <ns3:hr>150</ns3:hr>
            <ns3:cad>93</ns3:cad>
          </ns3:TrackPointExtension>
        </extensions>
      </trkpt>
      <trkpt lat="45.80452767200767993927001953125" lon="126.63625412620604038238525390625">
        <ele>117.40000152587890625</ele>
        <time>2026-10-04T21:37:22.000Z</time>
        <extensions>
          <ns3:TrackPointExtension>
            <ns3:hr>149</ns3:hr>
            <ns3:cad>93</ns3:cad>
          </ns3:TrackPointExtension>
        </extensions>
      </trkpt>
      <trkpt lat="45.8045019395649433135986328125" lon="126.63623015396296977996826171875">
        <ele>117.40000152587890625</ele>
        <time>2026-10-04T21:37:23.000Z</time>
        <extensions>
          <ns3:TrackPointExtension>
            <ns3:hr>149</ns3:hr>
            <ns3:cad>92</ns3:cad>
          </ns3:TrackPointExtension>
        </extensions>
      </trkpt>
      <trkpt lat="45.8044804818928241729736328125" lon="126.636204086244106292724609375">
        <ele>117.40000152587890625</ele>
        <time>2026-10-04T21:37:24.000Z</time>
        <extensions>
          <ns3:TrackPointExtension>
            <ns3:hr>149</ns3:hr>
            <ns3:cad>92</ns3:cad>
          </ns3:TrackPointExtension>
        </extensions>
      </trkpt>
      <trkpt lat="45.80445106141269207000732421875" lon="126.6361784376204013824462890625">
        <ele>117.40000152587890625</ele>
        <time>2026-10-04T21:37:25.000Z</time>
        <extensions>
          <ns3:TrackPointExtension>
            <ns3:hr>148</ns3:hr>
            <ns3:cad>92</ns3:cad>
          </ns3:TrackPointExtension>
        </extensions>
      </trkpt>
      <trkpt lat="45.8044268377125263214111328125" lon="126.63616142235696315765380859375">
        <ele>117.40000152587890625</ele>
        <time>2026-10-04T21:37:26.000Z</time>
        <extensions>
          <ns3:TrackPointExtension>
            <ns3:hr>148</ns3:hr>
            <ns3:cad>94</ns3:cad>
          </ns3:TrackPointExtension>
        </extensions>
      </trkpt>
      <trkpt lat="45.80439909361302852630615234375" lon="126.63613124750554561614990234375">
        <ele>117.40000152587890625</ele>
        <time>2026-10-04T21:37:27.000Z</time>
        <extensions>
          <ns3:TrackPointExtension>
            <ns3:hr>148</ns3:hr>
            <ns3:cad>94</ns3:cad>
          </ns3:TrackPointExtension>
        </extensions>
      </trkpt>
      <trkpt lat="45.8043752051889896392822265625" lon="126.63611297495663166046142578125">
        <ele>117.40000152587890625</ele>
        <time>2026-10-04T21:37:28.000Z</time>
        <extensions>
          <ns3:TrackPointExtension>
            <ns3:hr>148</ns3:hr>
            <ns3:cad>92</ns3:cad>
          </ns3:TrackPointExtension>
        </extensions>
      </trkpt>
      <trkpt lat="45.804351232945919036865234375" lon="126.63607634603977203369140625">
        <ele>117.40000152587890625</ele>
        <time>2026-10-04T21:37:29.000Z</time>
        <extensions>
          <ns3:TrackPointExtension>
            <ns3:hr>147</ns3:hr>
            <ns3:cad>92</ns3:cad>
          </ns3:TrackPointExtension>
        </extensions>
      </trkpt>
      <trkpt lat="45.80433086492121219635009765625" lon="126.63605145178735256195068359375">
        <ele>117.40000152587890625</ele>
        <time>2026-10-04T21:37:30.000Z</time>
        <extensions>
          <ns3:TrackPointExtension>
            <ns3:hr>147</ns3:hr>
            <ns3:cad>92</ns3:cad>
          </ns3:TrackPointExtension>
        </extensions>
      </trkpt>
      <trkpt lat="45.8043014444410800933837890625" lon="126.636021696031093597412109375">
        <ele>117.40000152587890625</ele>
        <time>2026-10-04T21:37:31.000Z</time>
        <extensions>
          <ns3:TrackPointExtension>
            <ns3:hr>147</ns3:hr>
            <ns3:cad>92</ns3:cad>
          </ns3:TrackPointExtension>
        </extensions>
      </trkpt>
      <trkpt lat="45.8042789809405803680419921875" lon="126.6360024176537990570068359375">
        <ele>117.40000152587890625</ele>
        <time>2026-10-04T21:37:32.000Z</time>
        <extensions>
          <ns3:TrackPointExtension>
            <ns3:hr>147</ns3:hr>
            <ns3:cad>92</ns3:cad>
          </ns3:TrackPointExtension>
        </extensions>
      </trkpt>
      <trkpt lat="45.80425224266946315765380859375" lon="126.63596981205046176910400390625">
        <ele>117.59999847412109375</ele>
        <time>2026-10-04T21:37:33.000Z</time>
        <extensions>
          <ns3:TrackPointExtension>
            <ns3:hr>147</ns3:hr>
            <ns3:cad>92</ns3:cad>
          </ns3:TrackPointExtension>
        </extensions>
      </trkpt>
      <trkpt lat="45.8042283542454242706298828125" lon="126.63594617508351802825927734375">
        <ele>117.40000152587890625</ele>
        <time>2026-10-04T21:37:34.000Z</time>
        <extensions>
          <ns3:TrackPointExtension>
            <ns3:hr>148</ns3:hr>
            <ns3:cad>93</ns3:cad>
          </ns3:TrackPointExtension>
        </extensions>
      </trkpt>
      <trkpt lat="45.80420312471687793731689453125" lon="126.63591683842241764068603515625">
        <ele>117.40000152587890625</ele>
        <time>2026-10-04T21:37:35.000Z</time>
        <extensions>
          <ns3:TrackPointExtension>
            <ns3:hr>147</ns3:hr>
            <ns3:cad>93</ns3:cad>
          </ns3:TrackPointExtension>
        </extensions>
      </trkpt>
      <trkpt lat="45.80417462624609470367431640625" lon="126.6358901001513004302978515625">
        <ele>117.59999847412109375</ele>
        <time>2026-10-04T21:37:36.000Z</time>
        <extensions>
          <ns3:TrackPointExtension>
            <ns3:hr>147</ns3:hr>
            <ns3:cad>93</ns3:cad>
          </ns3:TrackPointExtension>
        </extensions>
      </trkpt>
      <trkpt lat="45.8041545934975147247314453125" lon="126.635860092937946319580078125">
        <ele>117.59999847412109375</ele>
        <time>2026-10-04T21:37:37.000Z</time>
        <extensions>
          <ns3:TrackPointExtension>
            <ns3:hr>146</ns3:hr>
            <ns3:cad>93</ns3:cad>
          </ns3:TrackPointExtension>
        </extensions>
      </trkpt>
      <trkpt lat="45.8041277714073657989501953125" lon="126.635832600295543670654296875">
        <ele>117.40000152587890625</ele>
        <time>2026-10-04T21:37:38.000Z</time>
        <extensions>
          <ns3:TrackPointExtension>
            <ns3:hr>146</ns3:hr>
            <ns3:cad>93</ns3:cad>
          </ns3:TrackPointExtension>
        </extensions>
      </trkpt>
      <trkpt lat="45.804107822477817535400390625" lon="126.63580351509153842926025390625">
        <ele>117.40000152587890625</ele>
        <time>2026-10-04T21:37:39.000Z</time>
        <extensions>
          <ns3:TrackPointExtension>
            <ns3:hr>146</ns3:hr>
            <ns3:cad>93</ns3:cad>
          </ns3:TrackPointExtension>
        </extensions>
      </trkpt>
      <trkpt lat="45.8040818385779857635498046875" lon="126.6357739269733428955078125">
        <ele>117.40000152587890625</ele>
        <time>2026-10-04T21:37:40.000Z</time>
        <extensions>
          <ns3:TrackPointExtension>
            <ns3:hr>146</ns3:hr>
            <ns3:cad>93</ns3:cad>
          </ns3:TrackPointExtension>
        </extensions>
      </trkpt>
      <trkpt lat="45.8040580339729785919189453125" lon="126.63575506769120693206787109375">
        <ele>117.40000152587890625</ele>
        <time>2026-10-04T21:37:41.000Z</time>
        <extensions>
          <ns3:TrackPointExtension>
            <ns3:hr>147</ns3:hr>
            <ns3:cad>93</ns3:cad>
          </ns3:TrackPointExtension>
        </extensions>
      </trkpt>
      <trkpt lat="45.80402760766446590423583984375" lon="126.6357229650020599365234375">
        <ele>117.40000152587890625</ele>
        <time>2026-10-04T21:37:42.000Z</time>
        <extensions>
          <ns3:TrackPointExtension>
            <ns3:hr>146</ns3:hr>
            <ns3:cad>93</ns3:cad>
          </ns3:TrackPointExtension>
        </extensions>
      </trkpt>
      <trkpt lat="45.80400279723107814788818359375" lon="126.6357080452144145965576171875">
        <ele>117.59999847412109375</ele>
        <time>2026-10-04T21:37:43.000Z</time>
        <extensions>
          <ns3:TrackPointExtension>
            <ns3:hr>146</ns3:hr>
            <ns3:cad>93</ns3:cad>
          </ns3:TrackPointExtension>
        </extensions>
      </trkpt>
      <trkpt lat="45.8039738796651363372802734375" lon="126.63567862473428249359130859375">
        <ele>117.59999847412109375</ele>
        <time>2026-10-04T21:37:44.000Z</time>
        <extensions>
          <ns3:TrackPointExtension>
            <ns3:hr>146</ns3:hr>
            <ns3:cad>93</ns3:cad>
          </ns3:TrackPointExtension>
        </extensions>
      </trkpt>
      <trkpt lat="45.80394881777465343475341796875" lon="126.63565364666283130645751953125">
        <ele>117.59999847412109375</ele>
        <time>2026-10-04T21:37:45.000Z</time>
        <extensions>
          <ns3:TrackPointExtension>
            <ns3:hr>146</ns3:hr>
            <ns3:cad>93</ns3:cad>
          </ns3:TrackPointExtension>
        </extensions>
      </trkpt>
      <trkpt lat="45.80391897819936275482177734375" lon="126.63562548346817493438720703125">
        <ele>117.59999847412109375</ele>
        <time>2026-10-04T21:37:46.000Z</time>
        <extensions>
          <ns3:TrackPointExtension>
            <ns3:hr>145</ns3:hr>
            <ns3:cad>93</ns3:cad>
          </ns3:TrackPointExtension>
        </extensions>
      </trkpt>
      <trkpt lat="45.80389349721372127532958984375" lon="126.63560670800507068634033203125">
        <ele>117.40000152587890625</ele>
        <time>2026-10-04T21:37:47.000Z</time>
        <extensions>
          <ns3:TrackPointExtension>
            <ns3:hr>145</ns3:hr>
            <ns3:cad>92</ns3:cad>
          </ns3:TrackPointExtension>
        </extensions>
      </trkpt>
      <trkpt lat="45.80386835150420665740966796875" lon="126.63557879626750946044921875">
        <ele>117.40000152587890625</ele>
        <time>2026-10-04T21:37:48.000Z</time>
        <extensions>
          <ns3:TrackPointExtension>
            <ns3:hr>145</ns3:hr>
            <ns3:cad>92</ns3:cad>
          </ns3:TrackPointExtension>
        </extensions>
      </trkpt>
      <trkpt lat="45.803846307098865509033203125" lon="126.6355571709573268890380859375">
        <ele>117.40000152587890625</ele>
        <time>2026-10-04T21:37:49.000Z</time>
        <extensions>
          <ns3:TrackPointExtension>
            <ns3:hr>146</ns3:hr>
            <ns3:cad>92</ns3:cad>
          </ns3:TrackPointExtension>
        </extensions>
      </trkpt>
      <trkpt lat="45.8038253523409366607666015625" lon="126.63552707992494106292724609375">
        <ele>117.40000152587890625</ele>
        <time>2026-10-04T21:37:50.000Z</time>
        <extensions>
          <ns3:TrackPointExtension>
            <ns3:hr>146</ns3:hr>
            <ns3:cad>93</ns3:cad>
          </ns3:TrackPointExtension>
        </extensions>
      </trkpt>
      <trkpt lat="45.80379995517432689666748046875" lon="126.6354998387396335601806640625">
        <ele>117.40000152587890625</ele>
        <time>2026-10-04T21:37:51.000Z</time>
        <extensions>
          <ns3:TrackPointExtension>
            <ns3:hr>146</ns3:hr>
            <ns3:cad>93</ns3:cad>
          </ns3:TrackPointExtension>
        </extensions>
      </trkpt>
      <trkpt lat="45.8037821017205715179443359375" lon="126.63547527976334095001220703125">
        <ele>117.40000152587890625</ele>
        <time>2026-10-04T21:37:52.000Z</time>
        <extensions>
          <ns3:TrackPointExtension>
            <ns3:hr>146</ns3:hr>
            <ns3:cad>92</ns3:cad>
          </ns3:TrackPointExtension>
        </extensions>
      </trkpt>
      <trkpt lat="45.803755782544612884521484375" lon="126.63545046932995319366455078125">
        <ele>117.40000152587890625</ele>
        <time>2026-10-04T21:37:53.000Z</time>
        <extensions>
          <ns3:TrackPointExtension>
            <ns3:hr>147</ns3:hr>
            <ns3:cad>92</ns3:cad>
          </ns3:TrackPointExtension>
        </extensions>
      </trkpt>
      <trkpt lat="45.8037341572344303131103515625" lon="126.63542917929589748382568359375">
        <ele>117.40000152587890625</ele>
        <time>2026-10-04T21:37:54.000Z</time>
        <extensions>
          <ns3:TrackPointExtension>
            <ns3:hr>147</ns3:hr>
            <ns3:cad>92</ns3:cad>
          </ns3:TrackPointExtension>
        </extensions>
      </trkpt>
      <trkpt lat="45.80370808951556682586669921875" lon="126.63539900444447994232177734375">
        <ele>117.40000152587890625</ele>
        <time>2026-10-04T21:37:55.000Z</time>
        <extensions>
          <ns3:TrackPointExtension>
            <ns3:hr>147</ns3:hr>
            <ns3:cad>93</ns3:cad>
          </ns3:TrackPointExtension>
        </extensions>
      </trkpt>
      <trkpt lat="45.803684033453464508056640625" lon="126.635378636419773101806640625">
        <ele>117.40000152587890625</ele>
        <time>2026-10-04T21:37:56.000Z</time>
        <extensions>
          <ns3:TrackPointExtension>
            <ns3:hr>148</ns3:hr>
            <ns3:cad>93</ns3:cad>
          </ns3:TrackPointExtension>
        </extensions>
      </trkpt>
      <trkpt lat="45.80365486443042755126953125" lon="126.635345108807086944580078125">
        <ele>117.40000152587890625</ele>
        <time>2026-10-04T21:37:57.000Z</time>
        <extensions>
          <ns3:TrackPointExtension>
            <ns3:hr>148</ns3:hr>
            <ns3:cad>93</ns3:cad>
          </ns3:TrackPointExtension>
        </extensions>
      </trkpt>
      <trkpt lat="45.80363231711089611053466796875" lon="126.635330356657505035400390625">
        <ele>117.40000152587890625</ele>
        <time>2026-10-04T21:37:58.000Z</time>
        <extensions>
          <ns3:TrackPointExtension>
            <ns3:hr>148</ns3:hr>
            <ns3:cad>93</ns3:cad>
          </ns3:TrackPointExtension>
        </extensions>
      </trkpt>
      <trkpt lat="45.80360080115497112274169921875" lon="126.63529842160642147064208984375">
        <ele>117.40000152587890625</ele>
        <time>2026-10-04T21:37:59.000Z</time>
        <extensions>
          <ns3:TrackPointExtension>
            <ns3:hr>147</ns3:hr>
            <ns3:cad>92</ns3:cad>
          </ns3:TrackPointExtension>
        </extensions>
      </trkpt>
      <trkpt lat="45.803576074540615081787109375" lon="126.63527813740074634552001953125">
        <ele>117.40000152587890625</ele>
        <time>2026-10-04T21:38:00.000Z</time>
        <extensions>
          <ns3:TrackPointExtension>
            <ns3:hr>148</ns3:hr>
            <ns3:cad>92</ns3:cad>
          </ns3:TrackPointExtension>
        </extensions>
      </trkpt>
      <trkpt lat="45.8035500906407833099365234375" lon="126.63524393923580646514892578125">
        <ele>117.40000152587890625</ele>
        <time>2026-10-04T21:38:01.000Z</time>
        <extensions>
          <ns3:TrackPointExtension>
            <ns3:hr>148</ns3:hr>
            <ns3:cad>92</ns3:cad>
          </ns3:TrackPointExtension>
        </extensions>
      </trkpt>
      <trkpt lat="45.8035262860357761383056640625" lon="126.635219715535640716552734375">
        <ele>117.40000152587890625</ele>
        <time>2026-10-04T21:38:02.000Z</time>
        <extensions>
          <ns3:TrackPointExtension>
            <ns3:hr>147</ns3:hr>
            <ns3:cad>92</ns3:cad>
          </ns3:TrackPointExtension>
        </extensions>
      </trkpt>
      <trkpt lat="45.8035038225352764129638671875" lon="126.6351878643035888671875">
        <ele>117.59999847412109375</ele>
        <time>2026-10-04T21:38:03.000Z</time>
        <extensions>
          <ns3:TrackPointExtension>
            <ns3:hr>148</ns3:hr>
            <ns3:cad>92</ns3:cad>
          </ns3:TrackPointExtension>
        </extensions>
      </trkpt>
      <trkpt lat="45.8034785091876983642578125" lon="126.63515928201377391815185546875">
        <ele>117.59999847412109375</ele>
        <time>2026-10-04T21:38:04.000Z</time>
        <extensions>
          <ns3:TrackPointExtension>
            <ns3:hr>148</ns3:hr>
            <ns3:cad>92</ns3:cad>
          </ns3:TrackPointExtension>
        </extensions>
      </trkpt>
      <trkpt lat="45.80345814116299152374267578125" lon="126.6351353935897350311279296875">
        <ele>117.59999847412109375</ele>
        <time>2026-10-04T21:38:05.000Z</time>
        <extensions>
          <ns3:TrackPointExtension>
            <ns3:hr>148</ns3:hr>
            <ns3:cad>92</ns3:cad>
          </ns3:TrackPointExtension>
        </extensions>
      </trkpt>
      <trkpt lat="45.803432576358318328857421875" lon="126.63510915823280811309814453125">
        <ele>117.59999847412109375</ele>
        <time>2026-10-04T21:38:06.000Z</time>
        <extensions>
          <ns3:TrackPointExtension>
            <ns3:hr>148</ns3:hr>
            <ns3:cad>92</ns3:cad>
          </ns3:TrackPointExtension>
        </extensions>
      </trkpt>
      <trkpt lat="45.8034069277346134185791015625" lon="126.63509306497871875762939453125">
        <ele>117.59999847412109375</ele>
        <time>2026-10-04T21:38:07.000Z</time>
        <extensions>
          <ns3:TrackPointExtension>
            <ns3:hr>148</ns3:hr>
            <ns3:cad>92</ns3:cad>
          </ns3:TrackPointExtension>
        </extensions>
      </trkpt>
      <trkpt lat="45.80337700434029102325439453125" lon="126.63506515324115753173828125">
        <ele>117.59999847412109375</ele>
        <time>2026-10-04T21:38:08.000Z</time>
        <extensions>
          <ns3:TrackPointExtension>
            <ns3:hr>148</ns3:hr>
            <ns3:cad>91</ns3:cad>
          </ns3:TrackPointExtension>
        </extensions>
      </trkpt>
      <trkpt lat="45.8033522777259349822998046875" lon="126.63504662923514842987060546875">
        <ele>117.59999847412109375</ele>
        <time>2026-10-04T21:38:09.000Z</time>
        <extensions>
          <ns3:TrackPointExtension>
            <ns3:hr>148</ns3:hr>
            <ns3:cad>91</ns3:cad>
          </ns3:TrackPointExtension>
        </extensions>
      </trkpt>
      <trkpt lat="45.80332302488386631011962890625" lon="126.6350093297660350799560546875">
        <ele>117.59999847412109375</ele>
        <time>2026-10-04T21:38:10.000Z</time>
        <extensions>
          <ns3:TrackPointExtension>
            <ns3:hr>149</ns3:hr>
            <ns3:cad>91</ns3:cad>
          </ns3:TrackPointExtension>
        </extensions>
      </trkpt>
      <trkpt lat="45.80329704098403453826904296875" lon="126.634983010590076446533203125">
        <ele>117.59999847412109375</ele>
        <time>2026-10-04T21:38:11.000Z</time>
        <extensions>
          <ns3:TrackPointExtension>
            <ns3:hr>148</ns3:hr>
            <ns3:cad>92</ns3:cad>
          </ns3:TrackPointExtension>
        </extensions>
      </trkpt>
      <trkpt lat="45.80326753668487071990966796875" lon="126.63495107553899288177490234375">
        <ele>117.40000152587890625</ele>
        <time>2026-10-04T21:38:12.000Z</time>
        <extensions>
          <ns3:TrackPointExtension>
            <ns3:hr>148</ns3:hr>
            <ns3:cad>92</ns3:cad>
          </ns3:TrackPointExtension>
        </extensions>
      </trkpt>
      <trkpt lat="45.80324155278503894805908203125" lon="126.6349290311336517333984375">
        <ele>117.59999847412109375</ele>
        <time>2026-10-04T21:38:13.000Z</time>
        <extensions>
          <ns3:TrackPointExtension>
            <ns3:hr>148</ns3:hr>
            <ns3:cad>92</ns3:cad>
          </ns3:TrackPointExtension>
        </extensions>
      </trkpt>
      <trkpt lat="45.8032164908945560455322265625" lon="126.63489391095936298370361328125">
        <ele>117.59999847412109375</ele>
        <time>2026-10-04T21:38:14.000Z</time>
        <extensions>
          <ns3:TrackPointExtension>
            <ns3:hr>149</ns3:hr>
            <ns3:cad>92</ns3:cad>
          </ns3:TrackPointExtension>
        </extensions>
      </trkpt>
      <trkpt lat="45.803191848099231719970703125" lon="126.63487329147756099700927734375">
        <ele>117.40000152587890625</ele>
        <time>2026-10-04T21:38:15.000Z</time>
        <extensions>
          <ns3:TrackPointExtension>
            <ns3:hr>148</ns3:hr>
            <ns3:cad>93</ns3:cad>
          </ns3:TrackPointExtension>
        </extensions>
      </trkpt>
      <trkpt lat="45.8031682111322879791259765625" lon="126.63484345190227031707763671875">
        <ele>117.59999847412109375</ele>
        <time>2026-10-04T21:38:16.000Z</time>
        <extensions>
          <ns3:TrackPointExtension>
            <ns3:hr>149</ns3:hr>
            <ns3:cad>93</ns3:cad>
          </ns3:TrackPointExtension>
        </extensions>
      </trkpt>
      <trkpt lat="45.80314013175666332244873046875" lon="126.6348182223737239837646484375">
        <ele>117.40000152587890625</ele>
        <time>2026-10-04T21:38:17.000Z</time>
        <extensions>
          <ns3:TrackPointExtension>
            <ns3:hr>149</ns3:hr>
            <ns3:cad>93</ns3:cad>
          </ns3:TrackPointExtension>
        </extensions>
      </trkpt>
      <trkpt lat="45.8031172491610050201416015625" lon="126.63479768671095371246337890625">
        <ele>117.40000152587890625</ele>
        <time>2026-10-04T21:38:18.000Z</time>
        <extensions>
          <ns3:TrackPointExtension>
            <ns3:hr>148</ns3:hr>
            <ns3:cad>93</ns3:cad>
          </ns3:TrackPointExtension>
        </extensions>
      </trkpt>
      <trkpt lat="45.80309151671826839447021484375" lon="126.63477287627756595611572265625">
        <ele>117.40000152587890625</ele>
        <time>2026-10-04T21:38:19.000Z</time>
        <extensions>
          <ns3:TrackPointExtension>
            <ns3:hr>148</ns3:hr>
            <ns3:cad>92</ns3:cad>
          </ns3:TrackPointExtension>
        </extensions>
      </trkpt>
      <trkpt lat="45.803070478141307830810546875" lon="126.63475133478641510009765625">
        <ele>117.40000152587890625</ele>
        <time>2026-10-04T21:38:20.000Z</time>
        <extensions>
          <ns3:TrackPointExtension>
            <ns3:hr>148</ns3:hr>
            <ns3:cad>92</ns3:cad>
          </ns3:TrackPointExtension>
        </extensions>
      </trkpt>
      <trkpt lat="45.80304290167987346649169921875" lon="126.6347219981253147125244140625">
        <ele>117.40000152587890625</ele>
        <time>2026-10-04T21:38:21.000Z</time>
        <extensions>
          <ns3:TrackPointExtension>
            <ns3:hr>149</ns3:hr>
            <ns3:cad>92</ns3:cad>
          </ns3:TrackPointExtension>
        </extensions>
      </trkpt>
      <trkpt lat="45.8030193485319614410400390625" lon="126.6347032226622104644775390625">
        <ele>117.40000152587890625</ele>
        <time>2026-10-04T21:38:22.000Z</time>
        <extensions>
          <ns3:TrackPointExtension>
            <ns3:hr>148</ns3:hr>
            <ns3:cad>93</ns3:cad>
          </ns3:TrackPointExtension>
        </extensions>
      </trkpt>
      <trkpt lat="45.802989341318607330322265625" lon="126.63467246107757091522216796875">
        <ele>117.40000152587890625</ele>
        <time>2026-10-04T21:38:23.000Z</time>
        <extensions>
          <ns3:TrackPointExtension>
            <ns3:hr>148</ns3:hr>
            <ns3:cad>93</ns3:cad>
          </ns3:TrackPointExtension>
        </extensions>
      </trkpt>
      <trkpt lat="45.80296687781810760498046875" lon="126.63465452380478382110595703125">
        <ele>117.40000152587890625</ele>
        <time>2026-10-04T21:38:24.000Z</time>
        <extensions>
          <ns3:TrackPointExtension>
            <ns3:hr>148</ns3:hr>
            <ns3:cad>93</ns3:cad>
          </ns3:TrackPointExtension>
        </extensions>
      </trkpt>
      <trkpt lat="45.802936367690563201904296875" lon="126.634620912373065948486328125">
        <ele>117.40000152587890625</ele>
        <time>2026-10-04T21:38:25.000Z</time>
        <extensions>
          <ns3:TrackPointExtension>
            <ns3:hr>149</ns3:hr>
            <ns3:cad>93</ns3:cad>
          </ns3:TrackPointExtension>
        </extensions>
      </trkpt>
      <trkpt lat="45.80290828831493854522705078125" lon="126.6346049867570400238037109375">
        <ele>117.40000152587890625</ele>
        <time>2026-10-04T21:38:26.000Z</time>
        <extensions>
          <ns3:TrackPointExtension>
            <ns3:hr>149</ns3:hr>
            <ns3:cad>93</ns3:cad>
          </ns3:TrackPointExtension>
        </extensions>
      </trkpt>
      <trkpt lat="45.80288196913897991180419921875" lon="126.6345776617527008056640625">
        <ele>117.40000152587890625</ele>
        <time>2026-10-04T21:38:27.000Z</time>
        <extensions>
          <ns3:TrackPointExtension>
            <ns3:hr>149</ns3:hr>
            <ns3:cad>94</ns3:cad>
          </ns3:TrackPointExtension>
        </extensions>
      </trkpt>
      <trkpt lat="45.80285246483981609344482421875" lon="126.63456265814602375030517578125">
        <ele>117.40000152587890625</ele>
        <time>2026-10-04T21:38:28.000Z</time>
        <extensions>
          <ns3:TrackPointExtension>
            <ns3:hr>149</ns3:hr>
            <ns3:cad>94</ns3:cad>
          </ns3:TrackPointExtension>
        </extensions>
      </trkpt>
      <trkpt lat="45.80282564274966716766357421875" lon="126.6345386020839214324951171875">
        <ele>117.40000152587890625</ele>
        <time>2026-10-04T21:38:29.000Z</time>
        <extensions>
          <ns3:TrackPointExtension>
            <ns3:hr>149</ns3:hr>
            <ns3:cad>92</ns3:cad>
          </ns3:TrackPointExtension>
        </extensions>
      </trkpt>
      <trkpt lat="45.80279764719307422637939453125" lon="126.634518988430500030517578125">
        <ele>117.40000152587890625</ele>
        <time>2026-10-04T21:38:30.000Z</time>
        <extensions>
          <ns3:TrackPointExtension>
            <ns3:hr>149</ns3:hr>
            <ns3:cad>92</ns3:cad>
          </ns3:TrackPointExtension>
        </extensions>
      </trkpt>
      <trkpt lat="45.8027744293212890625" lon="126.63449141196906566619873046875">
        <ele>117.40000152587890625</ele>
        <time>2026-10-04T21:38:31.000Z</time>
        <extensions>
          <ns3:TrackPointExtension>
            <ns3:hr>150</ns3:hr>
            <ns3:cad>92</ns3:cad>
          </ns3:TrackPointExtension>
        </extensions>
      </trkpt>
      <trkpt lat="45.802744925022125244140625" lon="126.63446475751698017120361328125">
        <ele>117.40000152587890625</ele>
        <time>2026-10-04T21:38:32.000Z</time>
        <extensions>
          <ns3:TrackPointExtension>
            <ns3:hr>150</ns3:hr>
            <ns3:cad>94</ns3:cad>
          </ns3:TrackPointExtension>
        </extensions>
      </trkpt>
      <trkpt lat="45.80272145569324493408203125" lon="126.6344417072832584381103515625">
        <ele>117.40000152587890625</ele>
        <time>2026-10-04T21:38:33.000Z</time>
        <extensions>
          <ns3:TrackPointExtension>
            <ns3:hr>150</ns3:hr>
            <ns3:cad>93</ns3:cad>
          </ns3:TrackPointExtension>
        </extensions>
      </trkpt>
      <trkpt lat="45.8026937954127788543701171875" lon="126.63441446609795093536376953125">
        <ele>117.59999847412109375</ele>
        <time>2026-10-04T21:38:34.000Z</time>
        <extensions>
          <ns3:TrackPointExtension>
            <ns3:hr>149</ns3:hr>
            <ns3:cad>93</ns3:cad>
          </ns3:TrackPointExtension>
        </extensions>
      </trkpt>
      <trkpt lat="45.80266806297004222869873046875" lon="126.63439502008259296417236328125">
        <ele>117.40000152587890625</ele>
        <time>2026-10-04T21:38:35.000Z</time>
        <extensions>
          <ns3:TrackPointExtension>
            <ns3:hr>150</ns3:hr>
            <ns3:cad>93</ns3:cad>
          </ns3:TrackPointExtension>
        </extensions>
      </trkpt>
      <trkpt lat="45.80264107324182987213134765625" lon="126.63436434231698513031005859375">
        <ele>117.40000152587890625</ele>
        <time>2026-10-04T21:38:36.000Z</time>
        <extensions>
          <ns3:TrackPointExtension>
            <ns3:hr>149</ns3:hr>
            <ns3:cad>93</ns3:cad>
          </ns3:TrackPointExtension>
        </extensions>
      </trkpt>
      <trkpt lat="45.80261550843715667724609375" lon="126.63434498012065887451171875">
        <ele>117.40000152587890625</ele>
        <time>2026-10-04T21:38:37.000Z</time>
        <extensions>
          <ns3:TrackPointExtension>
            <ns3:hr>149</ns3:hr>
            <ns3:cad>93</ns3:cad>
          </ns3:TrackPointExtension>
        </extensions>
      </trkpt>
      <trkpt lat="45.8025878481566905975341796875" lon="126.634313799440860748291015625">
        <ele>117.59999847412109375</ele>
        <time>2026-10-04T21:38:38.000Z</time>
        <extensions>
          <ns3:TrackPointExtension>
            <ns3:hr>149</ns3:hr>
            <ns3:cad>92</ns3:cad>
          </ns3:TrackPointExtension>
        </extensions>
      </trkpt>
      <trkpt lat="45.80256345681846141815185546875" lon="126.6342935152351856231689453125">
        <ele>117.59999847412109375</ele>
        <time>2026-10-04T21:38:39.000Z</time>
        <extensions>
          <ns3:TrackPointExtension>
            <ns3:hr>149</ns3:hr>
            <ns3:cad>92</ns3:cad>
          </ns3:TrackPointExtension>
        </extensions>
      </trkpt>
      <trkpt lat="45.80253764055669307708740234375" lon="126.63426191546022891998291015625">
        <ele>117.59999847412109375</ele>
        <time>2026-10-04T21:38:40.000Z</time>
        <extensions>
          <ns3:TrackPointExtension>
            <ns3:hr>149</ns3:hr>
            <ns3:cad>92</ns3:cad>
          </ns3:TrackPointExtension>
        </extensions>
      </trkpt>
      <trkpt lat="45.802513919770717620849609375" lon="126.6342381946742534637451171875">
        <ele>117.59999847412109375</ele>
        <time>2026-10-04T21:38:41.000Z</time>
        <extensions>
          <ns3:TrackPointExtension>
            <ns3:hr>149</ns3:hr>
            <ns3:cad>92</ns3:cad>
          </ns3:TrackPointExtension>
        </extensions>
      </trkpt>
      <trkpt lat="45.80249036662280559539794921875" lon="126.63420642726123332977294921875">
        <ele>117.40000152587890625</ele>
        <time>2026-10-04T21:38:42.000Z</time>
        <extensions>
          <ns3:TrackPointExtension>
            <ns3:hr>149</ns3:hr>
            <ns3:cad>93</ns3:cad>
          </ns3:TrackPointExtension>
        </extensions>
      </trkpt>
      <trkpt lat="45.80246589146554470062255859375" lon="126.63418044336140155792236328125">
        <ele>117.40000152587890625</ele>
        <time>2026-10-04T21:38:43.000Z</time>
        <extensions>
          <ns3:TrackPointExtension>
            <ns3:hr>149</ns3:hr>
            <ns3:cad>93</ns3:cad>
          </ns3:TrackPointExtension>
        </extensions>
      </trkpt>
      <trkpt lat="45.802442841231822967529296875" lon="126.63414959795773029327392578125">
        <ele>117.40000152587890625</ele>
        <time>2026-10-04T21:38:44.000Z</time>
        <extensions>
          <ns3:TrackPointExtension>
            <ns3:hr>150</ns3:hr>
            <ns3:cad>93</ns3:cad>
          </ns3:TrackPointExtension>
        </extensions>
      </trkpt>
      <trkpt lat="45.802415348589420318603515625" lon="126.63412663154304027557373046875">
        <ele>117.40000152587890625</ele>
        <time>2026-10-04T21:38:45.000Z</time>
        <extensions>
          <ns3:TrackPointExtension>
            <ns3:hr>150</ns3:hr>
            <ns3:cad>93</ns3:cad>
          </ns3:TrackPointExtension>
        </extensions>
      </trkpt>
      <trkpt lat="45.80239355564117431640625" lon="126.634103246033191680908203125">
        <ele>117.40000152587890625</ele>
        <time>2026-10-04T21:38:46.000Z</time>
        <extensions>
          <ns3:TrackPointExtension>
            <ns3:hr>151</ns3:hr>
            <ns3:cad>93</ns3:cad>
          </ns3:TrackPointExtension>
        </extensions>
      </trkpt>
      <trkpt lat="45.80236648209393024444580078125" lon="126.6340760886669158935546875">
        <ele>117.40000152587890625</ele>
        <time>2026-10-04T21:38:47.000Z</time>
        <extensions>
          <ns3:TrackPointExtension>
            <ns3:hr>151</ns3:hr>
            <ns3:cad>93</ns3:cad>
          </ns3:TrackPointExtension>
        </extensions>
      </trkpt>
      <trkpt lat="45.80234619788825511932373046875" lon="126.63405169732868671417236328125">
        <ele>117.40000152587890625</ele>
        <time>2026-10-04T21:38:48.000Z</time>
        <extensions>
          <ns3:TrackPointExtension>
            <ns3:hr>151</ns3:hr>
            <ns3:cad>93</ns3:cad>
          </ns3:TrackPointExtension>
        </extensions>
      </trkpt>
      <trkpt lat="45.802318118512630462646484375" lon="126.6340206004679203033447265625">
        <ele>117.40000152587890625</ele>
        <time>2026-10-04T21:38:49.000Z</time>
        <extensions>
          <ns3:TrackPointExtension>
            <ns3:hr>150</ns3:hr>
            <ns3:cad>92</ns3:cad>
          </ns3:TrackPointExtension>
        </extensions>
      </trkpt>
      <trkpt lat="45.8022924698889255523681640625" lon="126.63400157354772090911865234375">
        <ele>117.40000152587890625</ele>
        <time>2026-10-04T21:38:50.000Z</time>
        <extensions>
          <ns3:TrackPointExtension>
            <ns3:hr>150</ns3:hr>
            <ns3:cad>92</ns3:cad>
          </ns3:TrackPointExtension>
        </extensions>
      </trkpt>
      <trkpt lat="45.802262462675571441650390625" lon="126.6339719854295253753662109375">
        <ele>117.59999847412109375</ele>
        <time>2026-10-04T21:38:51.000Z</time>
        <extensions>
          <ns3:TrackPointExtension>
            <ns3:hr>150</ns3:hr>
            <ns3:cad>92</ns3:cad>
          </ns3:TrackPointExtension>
        </extensions>
      </trkpt>
      <trkpt lat="45.80223555676639080047607421875" lon="126.63395446725189685821533203125">
        <ele>117.59999847412109375</ele>
        <time>2026-10-04T21:38:52.000Z</time>
        <extensions>
          <ns3:TrackPointExtension>
            <ns3:hr>150</ns3:hr>
            <ns3:cad>92</ns3:cad>
          </ns3:TrackPointExtension>
        </extensions>
      </trkpt>
      <trkpt lat="45.80220622010529041290283203125" lon="126.63392546586692333221435546875">
        <ele>117.59999847412109375</ele>
        <time>2026-10-04T21:38:53.000Z</time>
        <extensions>
          <ns3:TrackPointExtension>
            <ns3:hr>151</ns3:hr>
            <ns3:cad>92</ns3:cad>
          </ns3:TrackPointExtension>
        </extensions>
      </trkpt>
      <trkpt lat="45.80218006856739521026611328125" lon="126.6339045949280261993408203125">
        <ele>117.59999847412109375</ele>
        <time>2026-10-04T21:38:54.000Z</time>
        <extensions>
          <ns3:TrackPointExtension>
            <ns3:hr>151</ns3:hr>
            <ns3:cad>92</ns3:cad>
          </ns3:TrackPointExtension>
        </extensions>
      </trkpt>
      <trkpt lat="45.8021523244678974151611328125" lon="126.63387618027627468109130859375">
        <ele>117.59999847412109375</ele>
        <time>2026-10-04T21:38:55.000Z</time>
        <extensions>
          <ns3:TrackPointExtension>
            <ns3:hr>151</ns3:hr>
            <ns3:cad>92</ns3:cad>
          </ns3:TrackPointExtension>
        </extensions>
      </trkpt>
      <trkpt lat="45.802122652530670166015625" lon="126.63385237567126750946044921875">
        <ele>117.59999847412109375</ele>
        <time>2026-10-04T21:38:56.000Z</time>
        <extensions>
          <ns3:TrackPointExtension>
            <ns3:hr>151</ns3:hr>
            <ns3:cad>92</ns3:cad>
          </ns3:TrackPointExtension>
        </extensions>
      </trkpt>
      <trkpt lat="45.8020990155637264251708984375" lon="126.63383066654205322265625">
        <ele>117.59999847412109375</ele>
        <time>2026-10-04T21:38:57.000Z</time>
        <extensions>
          <ns3:TrackPointExtension>
            <ns3:hr>151</ns3:hr>
            <ns3:cad>92</ns3:cad>
          </ns3:TrackPointExtension>
        </extensions>
      </trkpt>
      <trkpt lat="45.80207076855003833770751953125" lon="126.63380610756576061248779296875">
        <ele>117.59999847412109375</ele>
        <time>2026-10-04T21:38:58.000Z</time>
        <extensions>
          <ns3:TrackPointExtension>
            <ns3:hr>150</ns3:hr>
            <ns3:cad>92</ns3:cad>
          </ns3:TrackPointExtension>
        </extensions>
      </trkpt>
      <trkpt lat="45.80204830504953861236572265625" lon="126.633782051503658294677734375">
        <ele>117.59999847412109375</ele>
        <time>2026-10-04T21:38:59.000Z</time>
        <extensions>
          <ns3:TrackPointExtension>
            <ns3:hr>150</ns3:hr>
            <ns3:cad>92</ns3:cad>
          </ns3:TrackPointExtension>
        </extensions>
      </trkpt>
      <trkpt lat="45.802022404968738555908203125" lon="126.63375489413738250732421875">
        <ele>117.59999847412109375</ele>
        <time>2026-10-04T21:39:00.000Z</time>
        <extensions>
          <ns3:TrackPointExtension>
            <ns3:hr>150</ns3:hr>
            <ns3:cad>92</ns3:cad>
          </ns3:TrackPointExtension>
        </extensions>
      </trkpt>
      <trkpt lat="45.80199818126857280731201171875" lon="126.63373343646526336669921875">
        <ele>117.59999847412109375</ele>
        <time>2026-10-04T21:39:01.000Z</time>
        <extensions>
          <ns3:TrackPointExtension>
            <ns3:hr>149</ns3:hr>
            <ns3:cad>93</ns3:cad>
          </ns3:TrackPointExtension>
        </extensions>
      </trkpt>
      <trkpt lat="45.80196666531264781951904296875" lon="126.63370435126125812530517578125">
        <ele>117.59999847412109375</ele>
        <time>2026-10-04T21:39:02.000Z</time>
        <extensions>
          <ns3:TrackPointExtension>
            <ns3:hr>149</ns3:hr>
            <ns3:cad>93</ns3:cad>
          </ns3:TrackPointExtension>
        </extensions>
      </trkpt>
      <trkpt lat="45.80194235779345035552978515625" lon="126.6336893476545810699462890625">
        <ele>117.59999847412109375</ele>
        <time>2026-10-04T21:39:03.000Z</time>
        <extensions>
          <ns3:TrackPointExtension>
            <ns3:hr>149</ns3:hr>
            <ns3:cad>94</ns3:cad>
          </ns3:TrackPointExtension>
        </extensions>
      </trkpt>
      <trkpt lat="45.801919139921665191650390625" lon="126.6336603462696075439453125">
        <ele>117.59999847412109375</ele>
        <time>2026-10-04T21:39:04.000Z</time>
        <extensions>
          <ns3:TrackPointExtension>
            <ns3:hr>150</ns3:hr>
            <ns3:cad>94</ns3:cad>
          </ns3:TrackPointExtension>
        </extensions>
      </trkpt>
      <trkpt lat="45.8018941618502140045166015625" lon="126.63363997824490070343017578125">
        <ele>117.59999847412109375</ele>
        <time>2026-10-04T21:39:05.000Z</time>
        <extensions>
          <ns3:TrackPointExtension>
            <ns3:hr>150</ns3:hr>
            <ns3:cad>93</ns3:cad>
          </ns3:TrackPointExtension>
        </extensions>
      </trkpt>
      <trkpt lat="45.8018723689019680023193359375" lon="126.63360293023288249969482421875">
        <ele>117.59999847412109375</ele>
        <time>2026-10-04T21:39:06.000Z</time>
        <extensions>
          <ns3:TrackPointExtension>
            <ns3:hr>150</ns3:hr>
            <ns3:cad>92</ns3:cad>
          </ns3:TrackPointExtension>
        </extensions>
      </trkpt>
      <trkpt lat="45.8018477261066436767578125" lon="126.63358080200850963592529296875">
        <ele>117.59999847412109375</ele>
        <time>2026-10-04T21:39:07.000Z</time>
        <extensions>
          <ns3:TrackPointExtension>
            <ns3:hr>150</ns3:hr>
            <ns3:cad>91</ns3:cad>
          </ns3:TrackPointExtension>
        </extensions>
      </trkpt>
      <trkpt lat="45.8018257655203342437744140625" lon="126.63354593329131603240966796875">
        <ele>117.59999847412109375</ele>
        <time>2026-10-04T21:39:08.000Z</time>
        <extensions>
          <ns3:TrackPointExtension>
            <ns3:hr>150</ns3:hr>
            <ns3:cad>91</ns3:cad>
          </ns3:TrackPointExtension>
        </extensions>
      </trkpt>
      <trkpt lat="45.80179953016340732574462890625" lon="126.63351592607796192169189453125">
        <ele>117.59999847412109375</ele>
        <time>2026-10-04T21:39:09.000Z</time>
        <extensions>
          <ns3:TrackPointExtension>
            <ns3:hr>150</ns3:hr>
            <ns3:cad>91</ns3:cad>
          </ns3:TrackPointExtension>
        </extensions>
      </trkpt>
      <trkpt lat="45.80177865922451019287109375" lon="126.63348759524524211883544921875">
        <ele>117.8000030517578125</ele>
        <time>2026-10-04T21:39:10.000Z</time>
        <extensions>
          <ns3:TrackPointExtension>
            <ns3:hr>150</ns3:hr>
            <ns3:cad>92</ns3:cad>
          </ns3:TrackPointExtension>
        </extensions>
      </trkpt>
      <trkpt lat="45.80175141803920269012451171875" lon="126.6334570012986660003662109375">
        <ele>117.59999847412109375</ele>
        <time>2026-10-04T21:39:11.000Z</time>
        <extensions>
          <ns3:TrackPointExtension>
            <ns3:hr>151</ns3:hr>
            <ns3:cad>92</ns3:cad>
          </ns3:TrackPointExtension>
        </extensions>
      </trkpt>
      <trkpt lat="45.8017288707196712493896484375" lon="126.63343177177011966705322265625">
        <ele>117.8000030517578125</ele>
        <time>2026-10-04T21:39:12.000Z</time>
        <extensions>
          <ns3:TrackPointExtension>
            <ns3:hr>150</ns3:hr>
            <ns3:cad>92</ns3:cad>
          </ns3:TrackPointExtension>
        </extensions>
      </trkpt>
      <trkpt lat="45.80170623958110809326171875" lon="126.633401177823543548583984375">
        <ele>117.8000030517578125</ele>
        <time>2026-10-04T21:39:13.000Z</time>
        <extensions>
          <ns3:TrackPointExtension>
            <ns3:hr>150</ns3:hr>
            <ns3:cad>92</ns3:cad>
          </ns3:TrackPointExtension>
        </extensions>
      </trkpt>
      <trkpt lat="45.801681093871593475341796875" lon="126.63338080979883670806884765625">
        <ele>117.59999847412109375</ele>
        <time>2026-10-04T21:39:14.000Z</time>
        <extensions>
          <ns3:TrackPointExtension>
            <ns3:hr>150</ns3:hr>
            <ns3:cad>92</ns3:cad>
          </ns3:TrackPointExtension>
        </extensions>
      </trkpt>
      <trkpt lat="45.8016490750014781951904296875" lon="126.6333492100238800048828125">
        <ele>117.59999847412109375</ele>
        <time>2026-10-04T21:39:15.000Z</time>
        <extensions>
          <ns3:TrackPointExtension>
            <ns3:hr>150</ns3:hr>
            <ns3:cad>92</ns3:cad>
          </ns3:TrackPointExtension>
        </extensions>
      </trkpt>
      <trkpt lat="45.80162518657743930816650390625" lon="126.63332632742822170257568359375">
        <ele>117.59999847412109375</ele>
        <time>2026-10-04T21:39:16.000Z</time>
        <extensions>
          <ns3:TrackPointExtension>
            <ns3:hr>150</ns3:hr>
            <ns3:cad>92</ns3:cad>
          </ns3:TrackPointExtension>
        </extensions>
      </trkpt>
      <trkpt lat="45.80159903503954410552978515625" lon="126.6332953982055187225341796875">
        <ele>117.59999847412109375</ele>
        <time>2026-10-04T21:39:17.000Z</time>
        <extensions>
          <ns3:TrackPointExtension>
            <ns3:hr>150</ns3:hr>
            <ns3:cad>92</ns3:cad>
          </ns3:TrackPointExtension>
        </extensions>
      </trkpt>
      <trkpt lat="45.80157573334872722625732421875" lon="126.6332742758095264434814453125">
        <ele>117.40000152587890625</ele>
        <time>2026-10-04T21:39:18.000Z</time>
        <extensions>
          <ns3:TrackPointExtension>
            <ns3:hr>150</ns3:hr>
            <ns3:cad>92</ns3:cad>
          </ns3:TrackPointExtension>
        </extensions>
      </trkpt>
      <trkpt lat="45.80154874362051486968994140625" lon="126.633243598043918609619140625">
        <ele>117.59999847412109375</ele>
        <time>2026-10-04T21:39:19.000Z</time>
        <extensions>
          <ns3:TrackPointExtension>
            <ns3:hr>150</ns3:hr>
            <ns3:cad>93</ns3:cad>
          </ns3:TrackPointExtension>
        </extensions>
      </trkpt>
      <trkpt lat="45.80152292735874652862548828125" lon="126.63322038017213344573974609375">
        <ele>117.59999847412109375</ele>
        <time>2026-10-04T21:39:20.000Z</time>
        <extensions>
          <ns3:TrackPointExtension>
            <ns3:hr>150</ns3:hr>
            <ns3:cad>94</ns3:cad>
          </ns3:TrackPointExtension>
        </extensions>
      </trkpt>
      <trkpt lat="45.80149945802986621856689453125" lon="126.6331938095390796661376953125">
        <ele>117.59999847412109375</ele>
        <time>2026-10-04T21:39:21.000Z</time>
        <extensions>
          <ns3:TrackPointExtension>
            <ns3:hr>149</ns3:hr>
            <ns3:cad>93</ns3:cad>
          </ns3:TrackPointExtension>
        </extensions>
      </trkpt>
      <trkpt lat="45.80146945081651210784912109375" lon="126.63317210040986537933349609375">
        <ele>117.59999847412109375</ele>
        <time>2026-10-04T21:39:22.000Z</time>
        <extensions>
          <ns3:TrackPointExtension>
            <ns3:hr>150</ns3:hr>
            <ns3:cad>93</ns3:cad>
          </ns3:TrackPointExtension>
        </extensions>
      </trkpt>
      <trkpt lat="45.8014472387731075286865234375" lon="126.63314863108098506927490234375">
        <ele>117.59999847412109375</ele>
        <time>2026-10-04T21:39:23.000Z</time>
        <extensions>
          <ns3:TrackPointExtension>
            <ns3:hr>150</ns3:hr>
            <ns3:cad>92</ns3:cad>
          </ns3:TrackPointExtension>
        </extensions>
      </trkpt>
      <trkpt lat="45.8014197461307048797607421875" lon="126.633122228085994720458984375">
        <ele>117.59999847412109375</ele>
        <time>2026-10-04T21:39:24.000Z</time>
        <extensions>
          <ns3:TrackPointExtension>
            <ns3:hr>150</ns3:hr>
            <ns3:cad>92</ns3:cad>
          </ns3:TrackPointExtension>
        </extensions>
      </trkpt>
      <trkpt lat="45.801398791372776031494140625" lon="126.63310043513774871826171875">
        <ele>117.59999847412109375</ele>
        <time>2026-10-04T21:39:25.000Z</time>
        <extensions>
          <ns3:TrackPointExtension>
            <ns3:hr>150</ns3:hr>
            <ns3:cad>93</ns3:cad>
          </ns3:TrackPointExtension>
        </extensions>
      </trkpt>
      <trkpt lat="45.80137372948229312896728515625" lon="126.6330667398869991302490234375">
        <ele>117.59999847412109375</ele>
        <time>2026-10-04T21:39:26.000Z</time>
        <extensions>
          <ns3:TrackPointExtension>
            <ns3:hr>150</ns3:hr>
            <ns3:cad>93</ns3:cad>
          </ns3:TrackPointExtension>
        </extensions>
      </trkpt>
      <trkpt lat="45.80135009251534938812255859375" lon="126.63304737769067287445068359375">
        <ele>117.59999847412109375</ele>
        <time>2026-10-04T21:39:27.000Z</time>
        <extensions>
          <ns3:TrackPointExtension>
            <ns3:hr>150</ns3:hr>
            <ns3:cad>93</ns3:cad>
          </ns3:TrackPointExtension>
        </extensions>
      </trkpt>
      <trkpt lat="45.8013220131397247314453125" lon="126.63301871158182621002197265625">
        <ele>117.59999847412109375</ele>
        <time>2026-10-04T21:39:28.000Z</time>
        <extensions>
          <ns3:TrackPointExtension>
            <ns3:hr>150</ns3:hr>
            <ns3:cad>92</ns3:cad>
          </ns3:TrackPointExtension>
        </extensions>
      </trkpt>
      <trkpt lat="45.80129586160182952880859375" lon="126.6329990141093730926513671875">
        <ele>117.8000030517578125</ele>
        <time>2026-10-04T21:39:29.000Z</time>
        <extensions>
          <ns3:TrackPointExtension>
            <ns3:hr>150</ns3:hr>
            <ns3:cad>92</ns3:cad>
          </ns3:TrackPointExtension>
        </extensions>
      </trkpt>
      <trkpt lat="45.80126577056944370269775390625" lon="126.63296992890536785125732421875">
        <ele>117.59999847412109375</ele>
        <time>2026-10-04T21:39:30.000Z</time>
        <extensions>
          <ns3:TrackPointExtension>
            <ns3:hr>150</ns3:hr>
            <ns3:cad>92</ns3:cad>
          </ns3:TrackPointExtension>
        </extensions>
      </trkpt>
      <trkpt lat="45.8012380264699459075927734375" lon="126.63295316509902477264404296875">
        <ele>117.59999847412109375</ele>
        <time>2026-10-04T21:39:31.000Z</time>
        <extensions>
          <ns3:TrackPointExtension>
            <ns3:hr>150</ns3:hr>
            <ns3:cad>92</ns3:cad>
          </ns3:TrackPointExtension>
        </extensions>
      </trkpt>
      <trkpt lat="45.8012138865888118743896484375" lon="126.6329235769808292388916015625">
        <ele>117.59999847412109375</ele>
        <time>2026-10-04T21:39:32.000Z</time>
        <extensions>
          <ns3:TrackPointExtension>
            <ns3:hr>150</ns3:hr>
            <ns3:cad>93</ns3:cad>
          </ns3:TrackPointExtension>
        </extensions>
      </trkpt>
      <trkpt lat="45.8011879026889801025390625" lon="126.6329044662415981292724609375">
        <ele>117.59999847412109375</ele>
        <time>2026-10-04T21:39:33.000Z</time>
        <extensions>
          <ns3:TrackPointExtension>
            <ns3:hr>150</ns3:hr>
            <ns3:cad>93</ns3:cad>
          </ns3:TrackPointExtension>
        </extensions>
      </trkpt>
      <trkpt lat="45.80116585828363895416259765625" lon="126.632879488170146942138671875">
        <ele>117.59999847412109375</ele>
        <time>2026-10-04T21:39:34.000Z</time>
        <extensions>
          <ns3:TrackPointExtension>
            <ns3:hr>150</ns3:hr>
            <ns3:cad>93</ns3:cad>
          </ns3:TrackPointExtension>
        </extensions>
      </trkpt>
      <trkpt lat="45.80113920383155345916748046875" lon="126.632851660251617431640625">
        <ele>117.8000030517578125</ele>
        <time>2026-10-04T21:39:35.000Z</time>
        <extensions>
          <ns3:TrackPointExtension>
            <ns3:hr>150</ns3:hr>
            <ns3:cad>93</ns3:cad>
          </ns3:TrackPointExtension>
        </extensions>
      </trkpt>
      <trkpt lat="45.80111858434975147247314453125" lon="126.6328239999711513519287109375">
        <ele>117.8000030517578125</ele>
        <time>2026-10-04T21:39:36.000Z</time>
        <extensions>
          <ns3:TrackPointExtension>
            <ns3:hr>151</ns3:hr>
            <ns3:cad>94</ns3:cad>
          </ns3:TrackPointExtension>
        </extensions>
      </trkpt>
      <trkpt lat="45.80109209753572940826416015625" lon="126.6327914781868457794189453125">
        <ele>117.8000030517578125</ele>
        <time>2026-10-04T21:39:37.000Z</time>
        <extensions>
          <ns3:TrackPointExtension>
            <ns3:hr>151</ns3:hr>
            <ns3:cad>94</ns3:cad>
          </ns3:TrackPointExtension>
        </extensions>
      </trkpt>
      <trkpt lat="45.801068879663944244384765625" lon="126.63276842795312404632568359375">
        <ele>117.8000030517578125</ele>
        <time>2026-10-04T21:39:38.000Z</time>
        <extensions>
          <ns3:TrackPointExtension>
            <ns3:hr>151</ns3:hr>
            <ns3:cad>92</ns3:cad>
          </ns3:TrackPointExtension>
        </extensions>
      </trkpt>
      <trkpt lat="45.801043398678302764892578125" lon="126.6327331401407718658447265625">
        <ele>117.8000030517578125</ele>
        <time>2026-10-04T21:39:39.000Z</time>
        <extensions>
          <ns3:TrackPointExtension>
            <ns3:hr>151</ns3:hr>
            <ns3:cad>92</ns3:cad>
          </ns3:TrackPointExtension>
        </extensions>
      </trkpt>
      <trkpt lat="45.801019258797168731689453125" lon="126.6327153705060482025146484375">
        <ele>117.8000030517578125</ele>
        <time>2026-10-04T21:39:40.000Z</time>
        <extensions>
          <ns3:TrackPointExtension>
            <ns3:hr>151</ns3:hr>
            <ns3:cad>91</ns3:cad>
          </ns3:TrackPointExtension>
        </extensions>
      </trkpt>
      <trkpt lat="45.800991766154766082763671875" lon="126.632681004703044891357421875">
        <ele>117.8000030517578125</ele>
        <time>2026-10-04T21:39:41.000Z</time>
        <extensions>
          <ns3:TrackPointExtension>
            <ns3:hr>152</ns3:hr>
            <ns3:cad>91</ns3:cad>
          </ns3:TrackPointExtension>
        </extensions>
      </trkpt>
      <trkpt lat="45.80096703954041004180908203125" lon="126.6326625645160675048828125">
        <ele>117.8000030517578125</ele>
        <time>2026-10-04T21:39:42.000Z</time>
        <extensions>
          <ns3:TrackPointExtension>
            <ns3:hr>152</ns3:hr>
            <ns3:cad>93</ns3:cad>
          </ns3:TrackPointExtension>
        </extensions>
      </trkpt>
      <trkpt lat="45.800940804183483123779296875" lon="126.63262928836047649383544921875">
        <ele>117.8000030517578125</ele>
        <time>2026-10-04T21:39:43.000Z</time>
        <extensions>
          <ns3:TrackPointExtension>
            <ns3:hr>152</ns3:hr>
            <ns3:cad>93</ns3:cad>
          </ns3:TrackPointExtension>
        </extensions>
      </trkpt>
      <trkpt lat="45.8009143173694610595703125" lon="126.6326116025447845458984375">
        <ele>117.8000030517578125</ele>
        <time>2026-10-04T21:39:44.000Z</time>
        <extensions>
          <ns3:TrackPointExtension>
            <ns3:hr>152</ns3:hr>
            <ns3:cad>92</ns3:cad>
          </ns3:TrackPointExtension>
        </extensions>
      </trkpt>
      <trkpt lat="45.80088824965059757232666015625" lon="126.63258234970271587371826171875">
        <ele>117.8000030517578125</ele>
        <time>2026-10-04T21:39:45.000Z</time>
        <extensions>
          <ns3:TrackPointExtension>
            <ns3:hr>153</ns3:hr>
            <ns3:cad>92</ns3:cad>
          </ns3:TrackPointExtension>
        </extensions>
      </trkpt>
      <trkpt lat="45.8008598349988460540771484375" lon="126.63255862891674041748046875">
        <ele>117.8000030517578125</ele>
        <time>2026-10-04T21:39:46.000Z</time>
        <extensions>
          <ns3:TrackPointExtension>
            <ns3:hr>153</ns3:hr>
            <ns3:cad>92</ns3:cad>
          </ns3:TrackPointExtension>
        </extensions>
      </trkpt>
      <trkpt lat="45.800836198031902313232421875" lon="126.632532142102718353271484375">
        <ele>117.8000030517578125</ele>
        <time>2026-10-04T21:39:47.000Z</time>
        <extensions>
          <ns3:TrackPointExtension>
            <ns3:hr>152</ns3:hr>
            <ns3:cad>92</ns3:cad>
          </ns3:TrackPointExtension>
        </extensions>
      </trkpt>
      <trkpt lat="45.80080912448465824127197265625" lon="126.63250087760388851165771484375">
        <ele>117.8000030517578125</ele>
        <time>2026-10-04T21:39:48.000Z</time>
        <extensions>
          <ns3:TrackPointExtension>
            <ns3:hr>152</ns3:hr>
            <ns3:cad>92</ns3:cad>
          </ns3:TrackPointExtension>
        </extensions>
      </trkpt>
      <trkpt lat="45.80078431405127048492431640625" lon="126.6324820183217525482177734375">
        <ele>117.8000030517578125</ele>
        <time>2026-10-04T21:39:49.000Z</time>
        <extensions>
          <ns3:TrackPointExtension>
            <ns3:hr>152</ns3:hr>
            <ns3:cad>92</ns3:cad>
          </ns3:TrackPointExtension>
        </extensions>
      </trkpt>
      <trkpt lat="45.80075363628566265106201171875" lon="126.63244597613811492919921875">
        <ele>117.8000030517578125</ele>
        <time>2026-10-04T21:39:50.000Z</time>
        <extensions>
          <ns3:TrackPointExtension>
            <ns3:hr>152</ns3:hr>
            <ns3:cad>92</ns3:cad>
          </ns3:TrackPointExtension>
        </extensions>
      </trkpt>
      <trkpt lat="45.800730921328067779541015625" lon="126.63241839967668056488037109375">
        <ele>117.8000030517578125</ele>
        <time>2026-10-04T21:39:51.000Z</time>
        <extensions>
          <ns3:TrackPointExtension>
            <ns3:hr>153</ns3:hr>
            <ns3:cad>92</ns3:cad>
          </ns3:TrackPointExtension>
        </extensions>
      </trkpt>
      <trkpt lat="45.8007019199430942535400390625" lon="126.63238428533077239990234375">
        <ele>117.8000030517578125</ele>
        <time>2026-10-04T21:39:52.000Z</time>
        <extensions>
          <ns3:TrackPointExtension>
            <ns3:hr>153</ns3:hr>
            <ns3:cad>92</ns3:cad>
          </ns3:TrackPointExtension>
        </extensions>
      </trkpt>
      <trkpt lat="45.80067601986229419708251953125" lon="126.63235620595514774322509765625">
        <ele>117.8000030517578125</ele>
        <time>2026-10-04T21:39:53.000Z</time>
        <extensions>
          <ns3:TrackPointExtension>
            <ns3:hr>154</ns3:hr>
            <ns3:cad>93</ns3:cad>
          </ns3:TrackPointExtension>
        </extensions>
      </trkpt>
      <trkpt lat="45.8006516285240650177001953125" lon="126.63232401944696903228759765625">
        <ele>117.8000030517578125</ele>
        <time>2026-10-04T21:39:54.000Z</time>
        <extensions>
          <ns3:TrackPointExtension>
            <ns3:hr>154</ns3:hr>
            <ns3:cad>94</ns3:cad>
          </ns3:TrackPointExtension>
        </extensions>
      </trkpt>
      <trkpt lat="45.80062405206263065338134765625" lon="126.63229568861424922943115234375">
        <ele>117.8000030517578125</ele>
        <time>2026-10-04T21:39:55.000Z</time>
        <extensions>
          <ns3:TrackPointExtension>
            <ns3:hr>155</ns3:hr>
            <ns3:cad>94</ns3:cad>
          </ns3:TrackPointExtension>
        </extensions>
      </trkpt>
      <trkpt lat="45.800600834190845489501953125" lon="126.63226769305765628814697265625">
        <ele>118</ele>
        <time>2026-10-04T21:39:56.000Z</time>
        <extensions>
          <ns3:TrackPointExtension>
            <ns3:hr>155</ns3:hr>
            <ns3:cad>92</ns3:cad>
          </ns3:TrackPointExtension>
        </extensions>
      </trkpt>
      <trkpt lat="45.800570659339427947998046875" lon="126.63223416544497013092041015625">
        <ele>118</ele>
        <time>2026-10-04T21:39:57.000Z</time>
        <extensions>
          <ns3:TrackPointExtension>
            <ns3:hr>155</ns3:hr>
            <ns3:cad>92</ns3:cad>
          </ns3:TrackPointExtension>
        </extensions>
      </trkpt>
      <trkpt lat="45.8005466870963573455810546875" lon="126.6322151385247707366943359375">
        <ele>118</ele>
        <time>2026-10-04T21:39:58.000Z</time>
        <extensions>
          <ns3:TrackPointExtension>
            <ns3:hr>155</ns3:hr>
            <ns3:cad>92</ns3:cad>
          </ns3:TrackPointExtension>
        </extensions>
      </trkpt>
      <trkpt lat="45.800519697368144989013671875" lon="126.6321846283972263336181640625">
        <ele>118</ele>
        <time>2026-10-04T21:39:59.000Z</time>
        <extensions>
          <ns3:TrackPointExtension>
            <ns3:hr>155</ns3:hr>
            <ns3:cad>93</ns3:cad>
          </ns3:TrackPointExtension>
        </extensions>
      </trkpt>
      <trkpt lat="45.8004957251250743865966796875" lon="126.63216476328670978546142578125">
        <ele>118</ele>
        <time>2026-10-04T21:40:00.000Z</time>
        <extensions>
          <ns3:TrackPointExtension>
            <ns3:hr>155</ns3:hr>
            <ns3:cad>94</ns3:cad>
          </ns3:TrackPointExtension>
        </extensions>
      </trkpt>
      <trkpt lat="45.8004678972065448760986328125" lon="126.63213224150240421295166015625">
        <ele>117.8000030517578125</ele>
        <time>2026-10-04T21:40:01.000Z</time>
        <extensions>
          <ns3:TrackPointExtension>
            <ns3:hr>155</ns3:hr>
            <ns3:cad>94</ns3:cad>
          </ns3:TrackPointExtension>
        </extensions>
      </trkpt>
      <trkpt lat="45.8004464395344257354736328125" lon="126.63211145438253879547119140625">
        <ele>118</ele>
        <time>2026-10-04T21:40:02.000Z</time>
        <extensions>
          <ns3:TrackPointExtension>
            <ns3:hr>155</ns3:hr>
            <ns3:cad>92</ns3:cad>
          </ns3:TrackPointExtension>
        </extensions>
      </trkpt>
      <trkpt lat="45.80041953362524509429931640625" lon="126.63207993842661380767822265625">
        <ele>118</ele>
        <time>2026-10-04T21:40:03.000Z</time>
        <extensions>
          <ns3:TrackPointExtension>
            <ns3:hr>155</ns3:hr>
            <ns3:cad>92</ns3:cad>
          </ns3:TrackPointExtension>
        </extensions>
      </trkpt>
      <trkpt lat="45.8003912866115570068359375" lon="126.63205898366868495941162109375">
        <ele>117.8000030517578125</ele>
        <time>2026-10-04T21:40:04.000Z</time>
        <extensions>
          <ns3:TrackPointExtension>
            <ns3:hr>154</ns3:hr>
            <ns3:cad>92</ns3:cad>
          </ns3:TrackPointExtension>
        </extensions>
      </trkpt>
      <trkpt lat="45.80036706291139125823974609375" lon="126.6320236958563327789306640625">
        <ele>117.8000030517578125</ele>
        <time>2026-10-04T21:40:05.000Z</time>
        <extensions>
          <ns3:TrackPointExtension>
            <ns3:hr>154</ns3:hr>
            <ns3:cad>92</ns3:cad>
          </ns3:TrackPointExtension>
        </extensions>
      </trkpt>
      <trkpt lat="45.80034174956381320953369140625" lon="126.63200098089873790740966796875">
        <ele>117.8000030517578125</ele>
        <time>2026-10-04T21:40:06.000Z</time>
        <extensions>
          <ns3:TrackPointExtension>
            <ns3:hr>154</ns3:hr>
            <ns3:cad>92</ns3:cad>
          </ns3:TrackPointExtension>
        </extensions>
      </trkpt>
      <trkpt lat="45.80031760968267917633056640625" lon="126.63197130896151065826416015625">
        <ele>117.8000030517578125</ele>
        <time>2026-10-04T21:40:07.000Z</time>
        <extensions>
          <ns3:TrackPointExtension>
            <ns3:hr>154</ns3:hr>
            <ns3:cad>93</ns3:cad>
          </ns3:TrackPointExtension>
        </extensions>
      </trkpt>
      <trkpt lat="45.80028944648802280426025390625" lon="126.6319462470710277557373046875">
        <ele>117.8000030517578125</ele>
        <time>2026-10-04T21:40:08.000Z</time>
        <extensions>
          <ns3:TrackPointExtension>
            <ns3:hr>153</ns3:hr>
            <ns3:cad>93</ns3:cad>
          </ns3:TrackPointExtension>
        </extensions>
      </trkpt>
      <trkpt lat="45.8002684079110622406005859375" lon="126.63191548548638820648193359375">
        <ele>117.8000030517578125</ele>
        <time>2026-10-04T21:40:09.000Z</time>
        <extensions>
          <ns3:TrackPointExtension>
            <ns3:hr>153</ns3:hr>
            <ns3:cad>93</ns3:cad>
          </ns3:TrackPointExtension>
        </extensions>
      </trkpt>
      <trkpt lat="45.80024183727800846099853515625" lon="126.63188078440725803375244140625">
        <ele>117.8000030517578125</ele>
        <time>2026-10-04T21:40:10.000Z</time>
        <extensions>
          <ns3:TrackPointExtension>
            <ns3:hr>152</ns3:hr>
            <ns3:cad>93</ns3:cad>
          </ns3:TrackPointExtension>
        </extensions>
      </trkpt>
      <trkpt lat="45.8002201281487941741943359375" lon="126.63185597397387027740478515625">
        <ele>117.8000030517578125</ele>
        <time>2026-10-04T21:40:11.000Z</time>
        <extensions>
          <ns3:TrackPointExtension>
            <ns3:hr>151</ns3:hr>
            <ns3:cad>93</ns3:cad>
          </ns3:TrackPointExtension>
        </extensions>
      </trkpt>
      <trkpt lat="45.800191126763820648193359375" lon="126.6318232007324695587158203125">
        <ele>118</ele>
        <time>2026-10-04T21:40:12.000Z</time>
        <extensions>
          <ns3:TrackPointExtension>
            <ns3:hr>151</ns3:hr>
            <ns3:cad>92</ns3:cad>
          </ns3:TrackPointExtension>
        </extensions>
      </trkpt>
      <trkpt lat="45.8001673221588134765625" lon="126.6318020783364772796630859375">
        <ele>117.8000030517578125</ele>
        <time>2026-10-04T21:40:13.000Z</time>
        <extensions>
          <ns3:TrackPointExtension>
            <ns3:hr>151</ns3:hr>
            <ns3:cad>92</ns3:cad>
          </ns3:TrackPointExtension>
        </extensions>
      </trkpt>
      <trkpt lat="45.80013873986899852752685546875" lon="126.6317742504179477691650390625">
        <ele>117.8000030517578125</ele>
        <time>2026-10-04T21:40:14.000Z</time>
        <extensions>
          <ns3:TrackPointExtension>
            <ns3:hr>152</ns3:hr>
            <ns3:cad>92</ns3:cad>
          </ns3:TrackPointExtension>
        </extensions>
      </trkpt>
      <trkpt lat="45.80011476762592792510986328125" lon="126.63176243193447589874267578125">
        <ele>117.8000030517578125</ele>
        <time>2026-10-04T21:40:15.000Z</time>
        <extensions>
          <ns3:TrackPointExtension>
            <ns3:hr>152</ns3:hr>
            <ns3:cad>92</ns3:cad>
          </ns3:TrackPointExtension>
        </extensions>
      </trkpt>
      <trkpt lat="45.80008593387901782989501953125" lon="126.63173007778823375701904296875">
        <ele>117.8000030517578125</ele>
        <time>2026-10-04T21:40:16.000Z</time>
        <extensions>
          <ns3:TrackPointExtension>
            <ns3:hr>152</ns3:hr>
            <ns3:cad>92</ns3:cad>
          </ns3:TrackPointExtension>
        </extensions>
      </trkpt>
      <trkpt lat="45.80005944706499576568603515625" lon="126.63170895539224147796630859375">
        <ele>117.8000030517578125</ele>
        <time>2026-10-04T21:40:17.000Z</time>
        <extensions>
          <ns3:TrackPointExtension>
            <ns3:hr>152</ns3:hr>
            <ns3:cad>92</ns3:cad>
          </ns3:TrackPointExtension>
        </extensions>
      </trkpt>
      <trkpt lat="45.80003581009805202484130859375" lon="126.6316755115985870361328125">
        <ele>118</ele>
        <time>2026-10-04T21:40:18.000Z</time>
        <extensions>
          <ns3:TrackPointExtension>
            <ns3:hr>152</ns3:hr>
            <ns3:cad>92</ns3:cad>
          </ns3:TrackPointExtension>
        </extensions>
      </trkpt>
      <trkpt lat="45.800009407103061676025390625" lon="126.63165271282196044921875">
        <ele>118</ele>
        <time>2026-10-04T21:40:19.000Z</time>
        <extensions>
          <ns3:TrackPointExtension>
            <ns3:hr>152</ns3:hr>
            <ns3:cad>92</ns3:cad>
          </ns3:TrackPointExtension>
        </extensions>
      </trkpt>
      <trkpt lat="45.79998702742159366607666015625" lon="126.63162228651344776153564453125">
        <ele>118</ele>
        <time>2026-10-04T21:40:20.000Z</time>
        <extensions>
          <ns3:TrackPointExtension>
            <ns3:hr>152</ns3:hr>
            <ns3:cad>92</ns3:cad>
          </ns3:TrackPointExtension>
        </extensions>
      </trkpt>
      <trkpt lat="45.79995785839855670928955078125" lon="126.63159906864166259765625">
        <ele>118</ele>
        <time>2026-10-04T21:40:21.000Z</time>
        <extensions>
          <ns3:TrackPointExtension>
            <ns3:hr>152</ns3:hr>
            <ns3:cad>92</ns3:cad>
          </ns3:TrackPointExtension>
        </extensions>
      </trkpt>
      <trkpt lat="45.79993187449872493743896484375" lon="126.63158087991178035736083984375">
        <ele>118</ele>
        <time>2026-10-04T21:40:22.000Z</time>
        <extensions>
          <ns3:TrackPointExtension>
            <ns3:hr>153</ns3:hr>
            <ns3:cad>92</ns3:cad>
          </ns3:TrackPointExtension>
        </extensions>
      </trkpt>
      <trkpt lat="45.79990513622760772705078125" lon="126.63155338726937770843505859375">
        <ele>118.40000152587890625</ele>
        <time>2026-10-04T21:40:23.000Z</time>
        <extensions>
          <ns3:TrackPointExtension>
            <ns3:hr>152</ns3:hr>
            <ns3:cad>92</ns3:cad>
          </ns3:TrackPointExtension>
        </extensions>
      </trkpt>
      <trkpt lat="45.79987990669906139373779296875" lon="126.6315288282930850982666015625">
        <ele>118.40000152587890625</ele>
        <time>2026-10-04T21:40:24.000Z</time>
        <extensions>
          <ns3:TrackPointExtension>
            <ns3:hr>152</ns3:hr>
            <ns3:cad>92</ns3:cad>
          </ns3:TrackPointExtension>
        </extensions>
      </trkpt>
      <trkpt lat="45.7998536713421344757080078125" lon="126.63149513304233551025390625">
        <ele>118.1999969482421875</ele>
        <time>2026-10-04T21:40:25.000Z</time>
        <extensions>
          <ns3:TrackPointExtension>
            <ns3:hr>152</ns3:hr>
            <ns3:cad>92</ns3:cad>
          </ns3:TrackPointExtension>
        </extensions>
      </trkpt>
      <trkpt lat="45.7998318783938884735107421875" lon="126.631474010646343231201171875">
        <ele>118.1999969482421875</ele>
        <time>2026-10-04T21:40:26.000Z</time>
        <extensions>
          <ns3:TrackPointExtension>
            <ns3:hr>152</ns3:hr>
            <ns3:cad>92</ns3:cad>
          </ns3:TrackPointExtension>
        </extensions>
      </trkpt>
      <trkpt lat="45.79980396665632724761962890625" lon="126.6314421594142913818359375">
        <ele>118</ele>
        <time>2026-10-04T21:40:27.000Z</time>
        <extensions>
          <ns3:TrackPointExtension>
            <ns3:hr>152</ns3:hr>
            <ns3:cad>92</ns3:cad>
          </ns3:TrackPointExtension>
        </extensions>
      </trkpt>
      <trkpt lat="45.7997778989374637603759765625" lon="126.631420366466045379638671875">
        <ele>117.8000030517578125</ele>
        <time>2026-10-04T21:40:28.000Z</time>
        <extensions>
          <ns3:TrackPointExtension>
            <ns3:hr>152</ns3:hr>
            <ns3:cad>94</ns3:cad>
          </ns3:TrackPointExtension>
        </extensions>
      </trkpt>
      <trkpt lat="45.7997534237802028656005859375" lon="126.6313911974430084228515625">
        <ele>117.8000030517578125</ele>
        <time>2026-10-04T21:40:29.000Z</time>
        <extensions>
          <ns3:TrackPointExtension>
            <ns3:hr>152</ns3:hr>
            <ns3:cad>94</ns3:cad>
          </ns3:TrackPointExtension>
        </extensions>
      </trkpt>
      <trkpt lat="45.79972400330007076263427734375" lon="126.6313678957521915435791015625">
        <ele>117.8000030517578125</ele>
        <time>2026-10-04T21:40:30.000Z</time>
        <extensions>
          <ns3:TrackPointExtension>
            <ns3:hr>152</ns3:hr>
            <ns3:cad>94</ns3:cad>
          </ns3:TrackPointExtension>
        </extensions>
      </trkpt>
      <trkpt lat="45.79970019869506359100341796875" lon="126.63134903647005558013916015625">
        <ele>118</ele>
        <time>2026-10-04T21:40:31.000Z</time>
        <extensions>
          <ns3:TrackPointExtension>
            <ns3:hr>152</ns3:hr>
            <ns3:cad>94</ns3:cad>
          </ns3:TrackPointExtension>
        </extensions>
      </trkpt>
      <trkpt lat="45.79967153258621692657470703125" lon="126.63132347166538238525390625">
        <ele>118</ele>
        <time>2026-10-04T21:40:32.000Z</time>
        <extensions>
          <ns3:TrackPointExtension>
            <ns3:hr>152</ns3:hr>
            <ns3:cad>93</ns3:cad>
          </ns3:TrackPointExtension>
        </extensions>
      </trkpt>
      <trkpt lat="45.79964957199990749359130859375" lon="126.63129874505102634429931640625">
        <ele>118</ele>
        <time>2026-10-04T21:40:33.000Z</time>
        <extensions>
          <ns3:TrackPointExtension>
            <ns3:hr>152</ns3:hr>
            <ns3:cad>93</ns3:cad>
          </ns3:TrackPointExtension>
        </extensions>
      </trkpt>
      <trkpt lat="45.79962274990975856781005859375" lon="126.6312666423618793487548828125">
        <ele>118</ele>
        <time>2026-10-04T21:40:34.000Z</time>
        <extensions>
          <ns3:TrackPointExtension>
            <ns3:hr>152</ns3:hr>
            <ns3:cad>94</ns3:cad>
          </ns3:TrackPointExtension>
        </extensions>
      </trkpt>
      <trkpt lat="45.799598358571529388427734375" lon="126.63124107755720615386962890625">
        <ele>118</ele>
        <time>2026-10-04T21:40:35.000Z</time>
        <extensions>
          <ns3:TrackPointExtension>
            <ns3:hr>151</ns3:hr>
            <ns3:cad>94</ns3:cad>
          </ns3:TrackPointExtension>
        </extensions>
      </trkpt>
      <trkpt lat="45.79957078211009502410888671875" lon="126.63120570592582225799560546875">
        <ele>118</ele>
        <time>2026-10-04T21:40:36.000Z</time>
        <extensions>
          <ns3:TrackPointExtension>
            <ns3:hr>152</ns3:hr>
            <ns3:cad>93</ns3:cad>
          </ns3:TrackPointExtension>
        </extensions>
      </trkpt>
      <trkpt lat="45.79954630695283412933349609375" lon="126.6311858408153057098388671875">
        <ele>118</ele>
        <time>2026-10-04T21:40:37.000Z</time>
        <extensions>
          <ns3:TrackPointExtension>
            <ns3:hr>151</ns3:hr>
            <ns3:cad>93</ns3:cad>
          </ns3:TrackPointExtension>
        </extensions>
      </trkpt>
      <trkpt lat="45.79952082596719264984130859375" lon="126.63114854134619235992431640625">
        <ele>118</ele>
        <time>2026-10-04T21:40:38.000Z</time>
        <extensions>
          <ns3:TrackPointExtension>
            <ns3:hr>151</ns3:hr>
            <ns3:cad>93</ns3:cad>
          </ns3:TrackPointExtension>
        </extensions>
      </trkpt>
      <trkpt lat="45.79949676990509033203125" lon="126.63112423382699489593505859375">
        <ele>118</ele>
        <time>2026-10-04T21:40:39.000Z</time>
        <extensions>
          <ns3:TrackPointExtension>
            <ns3:hr>151</ns3:hr>
            <ns3:cad>92</ns3:cad>
          </ns3:TrackPointExtension>
        </extensions>
      </trkpt>
      <trkpt lat="45.799470283091068267822265625" lon="126.6310902871191501617431640625">
        <ele>118</ele>
        <time>2026-10-04T21:40:40.000Z</time>
        <extensions>
          <ns3:TrackPointExtension>
            <ns3:hr>151</ns3:hr>
            <ns3:cad>92</ns3:cad>
          </ns3:TrackPointExtension>
        </extensions>
      </trkpt>
      <trkpt lat="45.79943977296352386474609375" lon="126.63107226602733135223388671875">
        <ele>118</ele>
        <time>2026-10-04T21:40:41.000Z</time>
        <extensions>
          <ns3:TrackPointExtension>
            <ns3:hr>152</ns3:hr>
            <ns3:cad>93</ns3:cad>
          </ns3:TrackPointExtension>
        </extensions>
      </trkpt>
      <trkpt lat="45.799414627254009246826171875" lon="126.6310416720807552337646484375">
        <ele>118</ele>
        <time>2026-10-04T21:40:42.000Z</time>
        <extensions>
          <ns3:TrackPointExtension>
            <ns3:hr>151</ns3:hr>
            <ns3:cad>94</ns3:cad>
          </ns3:TrackPointExtension>
        </extensions>
      </trkpt>
      <trkpt lat="45.799386799335479736328125" lon="126.63101627491414546966552734375">
        <ele>118</ele>
        <time>2026-10-04T21:40:43.000Z</time>
        <extensions>
          <ns3:TrackPointExtension>
            <ns3:hr>151</ns3:hr>
            <ns3:cad>93</ns3:cad>
          </ns3:TrackPointExtension>
        </extensions>
      </trkpt>
      <trkpt lat="45.79936492256820201873779296875" lon="126.63098928518593311309814453125">
        <ele>118</ele>
        <time>2026-10-04T21:40:44.000Z</time>
        <extensions>
          <ns3:TrackPointExtension>
            <ns3:hr>152</ns3:hr>
            <ns3:cad>93</ns3:cad>
          </ns3:TrackPointExtension>
        </extensions>
      </trkpt>
      <trkpt lat="45.79934111796319484710693359375" lon="126.63096011616289615631103515625">
        <ele>118</ele>
        <time>2026-10-04T21:40:45.000Z</time>
        <extensions>
          <ns3:TrackPointExtension>
            <ns3:hr>152</ns3:hr>
            <ns3:cad>92</ns3:cad>
          </ns3:TrackPointExtension>
        </extensions>
      </trkpt>
      <trkpt lat="45.7993189059197902679443359375" lon="126.63093782030045986175537109375">
        <ele>118</ele>
        <time>2026-10-04T21:40:46.000Z</time>
        <extensions>
          <ns3:TrackPointExtension>
            <ns3:hr>152</ns3:hr>
            <ns3:cad>91</ns3:cad>
          </ns3:TrackPointExtension>
        </extensions>
      </trkpt>
      <trkpt lat="45.79929300583899021148681640625" lon="126.63090395741164684295654296875">
        <ele>118</ele>
        <time>2026-10-04T21:40:47.000Z</time>
        <extensions>
          <ns3:TrackPointExtension>
            <ns3:hr>152</ns3:hr>
            <ns3:cad>91</ns3:cad>
          </ns3:TrackPointExtension>
        </extensions>
      </trkpt>
      <trkpt lat="45.7992679439485073089599609375" lon="126.63088467903435230255126953125">
        <ele>118</ele>
        <time>2026-10-04T21:40:48.000Z</time>
        <extensions>
          <ns3:TrackPointExtension>
            <ns3:hr>152</ns3:hr>
            <ns3:cad>91</ns3:cad>
          </ns3:TrackPointExtension>
        </extensions>
      </trkpt>
      <trkpt lat="45.799238272011280059814453125" lon="126.63085349835455417633056640625">
        <ele>118</ele>
        <time>2026-10-04T21:40:49.000Z</time>
        <extensions>
          <ns3:TrackPointExtension>
            <ns3:hr>152</ns3:hr>
            <ns3:cad>92</ns3:cad>
          </ns3:TrackPointExtension>
        </extensions>
      </trkpt>
      <trkpt lat="45.799213461577892303466796875" lon="126.6308361478149890899658203125">
        <ele>118</ele>
        <time>2026-10-04T21:40:50.000Z</time>
        <extensions>
          <ns3:TrackPointExtension>
            <ns3:hr>152</ns3:hr>
            <ns3:cad>93</ns3:cad>
          </ns3:TrackPointExtension>
        </extensions>
      </trkpt>
      <trkpt lat="45.799184627830982208251953125" lon="126.6308066435158252716064453125">
        <ele>118</ele>
        <time>2026-10-04T21:40:51.000Z</time>
        <extensions>
          <ns3:TrackPointExtension>
            <ns3:hr>152</ns3:hr>
            <ns3:cad>93</ns3:cad>
          </ns3:TrackPointExtension>
        </extensions>
      </trkpt>
      <trkpt lat="45.79915923066437244415283203125" lon="126.63078594021499156951904296875">
        <ele>118</ele>
        <time>2026-10-04T21:40:52.000Z</time>
        <extensions>
          <ns3:TrackPointExtension>
            <ns3:hr>152</ns3:hr>
            <ns3:cad>93</ns3:cad>
          </ns3:TrackPointExtension>
        </extensions>
      </trkpt>
      <trkpt lat="45.7991373538970947265625" lon="126.63075744174420833587646484375">
        <ele>118</ele>
        <time>2026-10-04T21:40:53.000Z</time>
        <extensions>
          <ns3:TrackPointExtension>
            <ns3:hr>152</ns3:hr>
            <ns3:cad>92</ns3:cad>
          </ns3:TrackPointExtension>
        </extensions>
      </trkpt>
      <trkpt lat="45.799114219844341278076171875" lon="126.630734391510486602783203125">
        <ele>118</ele>
        <time>2026-10-04T21:40:54.000Z</time>
        <extensions>
          <ns3:TrackPointExtension>
            <ns3:hr>152</ns3:hr>
            <ns3:cad>92</ns3:cad>
          </ns3:TrackPointExtension>
        </extensions>
      </trkpt>
      <trkpt lat="45.7990929298102855682373046875" lon="126.63070656359195709228515625">
        <ele>118</ele>
        <time>2026-10-04T21:40:55.000Z</time>
        <extensions>
          <ns3:TrackPointExtension>
            <ns3:hr>152</ns3:hr>
            <ns3:cad>93</ns3:cad>
          </ns3:TrackPointExtension>
        </extensions>
      </trkpt>
      <trkpt lat="45.79906585626304149627685546875" lon="126.63068233989179134368896484375">
        <ele>118</ele>
        <time>2026-10-04T21:40:56.000Z</time>
        <extensions>
          <ns3:TrackPointExtension>
            <ns3:hr>152</ns3:hr>
            <ns3:cad>93</ns3:cad>
          </ns3:TrackPointExtension>
        </extensions>
      </trkpt>
      <trkpt lat="45.79904741607606410980224609375" lon="126.6306587867438793182373046875">
        <ele>118</ele>
        <time>2026-10-04T21:40:57.000Z</time>
        <extensions>
          <ns3:TrackPointExtension>
            <ns3:hr>153</ns3:hr>
            <ns3:cad>93</ns3:cad>
          </ns3:TrackPointExtension>
        </extensions>
      </trkpt>
      <trkpt lat="45.79901925288140773773193359375" lon="126.63063003681600093841552734375">
        <ele>118</ele>
        <time>2026-10-04T21:40:58.000Z</time>
        <extensions>
          <ns3:TrackPointExtension>
            <ns3:hr>153</ns3:hr>
            <ns3:cad>92</ns3:cad>
          </ns3:TrackPointExtension>
        </extensions>
      </trkpt>
      <trkpt lat="45.798994861543178558349609375" lon="126.63060874678194522857666015625">
        <ele>118</ele>
        <time>2026-10-04T21:40:59.000Z</time>
        <extensions>
          <ns3:TrackPointExtension>
            <ns3:hr>153</ns3:hr>
            <ns3:cad>92</ns3:cad>
          </ns3:TrackPointExtension>
        </extensions>
      </trkpt>
      <trkpt lat="45.79896326176822185516357421875" lon="126.630574800074100494384765625">
        <ele>118</ele>
        <time>2026-10-04T21:41:00.000Z</time>
        <extensions>
          <ns3:TrackPointExtension>
            <ns3:hr>153</ns3:hr>
            <ns3:cad>92</ns3:cad>
          </ns3:TrackPointExtension>
        </extensions>
      </trkpt>
      <trkpt lat="45.79893711023032665252685546875" lon="126.63055543787777423858642578125">
        <ele>118</ele>
        <time>2026-10-04T21:41:01.000Z</time>
        <extensions>
          <ns3:TrackPointExtension>
            <ns3:hr>153</ns3:hr>
            <ns3:cad>93</ns3:cad>
          </ns3:TrackPointExtension>
        </extensions>
      </trkpt>
      <trkpt lat="45.798908360302448272705078125" lon="126.6305209882557392120361328125">
        <ele>118</ele>
        <time>2026-10-04T21:41:02.000Z</time>
        <extensions>
          <ns3:TrackPointExtension>
            <ns3:hr>153</ns3:hr>
            <ns3:cad>93</ns3:cad>
          </ns3:TrackPointExtension>
        </extensions>
      </trkpt>
      <trkpt lat="45.79887927509844303131103515625" lon="126.6305007040500640869140625">
        <ele>118.1999969482421875</ele>
        <time>2026-10-04T21:41:03.000Z</time>
        <extensions>
          <ns3:TrackPointExtension>
            <ns3:hr>153</ns3:hr>
            <ns3:cad>92</ns3:cad>
          </ns3:TrackPointExtension>
        </extensions>
      </trkpt>
      <trkpt lat="45.798852704465389251708984375" lon="126.630469523370265960693359375">
        <ele>118.1999969482421875</ele>
        <time>2026-10-04T21:41:04.000Z</time>
        <extensions>
          <ns3:TrackPointExtension>
            <ns3:hr>153</ns3:hr>
            <ns3:cad>92</ns3:cad>
          </ns3:TrackPointExtension>
        </extensions>
      </trkpt>
      <trkpt lat="45.79883032478392124176025390625" lon="126.6304475627839565277099609375">
        <ele>118.1999969482421875</ele>
        <time>2026-10-04T21:41:05.000Z</time>
        <extensions>
          <ns3:TrackPointExtension>
            <ns3:hr>152</ns3:hr>
            <ns3:cad>92</ns3:cad>
          </ns3:TrackPointExtension>
        </extensions>
      </trkpt>
      <trkpt lat="45.7988087832927703857421875" lon="126.6304202377796173095703125">
        <ele>118</ele>
        <time>2026-10-04T21:41:06.000Z</time>
        <extensions>
          <ns3:TrackPointExtension>
            <ns3:hr>153</ns3:hr>
            <ns3:cad>92</ns3:cad>
          </ns3:TrackPointExtension>
        </extensions>
      </trkpt>
      <trkpt lat="45.798780955374240875244140625" lon="126.630395762622356414794921875">
        <ele>118</ele>
        <time>2026-10-04T21:41:07.000Z</time>
        <extensions>
          <ns3:TrackPointExtension>
            <ns3:hr>153</ns3:hr>
            <ns3:cad>92</ns3:cad>
          </ns3:TrackPointExtension>
        </extensions>
      </trkpt>
      <trkpt lat="45.7987579889595508575439453125" lon="126.63037204183638095855712890625">
        <ele>118</ele>
        <time>2026-10-04T21:41:08.000Z</time>
        <extensions>
          <ns3:TrackPointExtension>
            <ns3:hr>153</ns3:hr>
            <ns3:cad>93</ns3:cad>
          </ns3:TrackPointExtension>
        </extensions>
      </trkpt>
      <trkpt lat="45.79872722737491130828857421875" lon="126.630339436233043670654296875">
        <ele>118</ele>
        <time>2026-10-04T21:41:09.000Z</time>
        <extensions>
          <ns3:TrackPointExtension>
            <ns3:hr>153</ns3:hr>
            <ns3:cad>93</ns3:cad>
          </ns3:TrackPointExtension>
        </extensions>
      </trkpt>
      <trkpt lat="45.798707194626331329345703125" lon="126.6303188167512416839599609375">
        <ele>118</ele>
        <time>2026-10-04T21:41:10.000Z</time>
        <extensions>
          <ns3:TrackPointExtension>
            <ns3:hr>152</ns3:hr>
            <ns3:cad>93</ns3:cad>
          </ns3:TrackPointExtension>
        </extensions>
      </trkpt>
      <trkpt lat="45.79867877997457981109619140625" lon="126.6302899830043315887451171875">
        <ele>118</ele>
        <time>2026-10-04T21:41:11.000Z</time>
        <extensions>
          <ns3:TrackPointExtension>
            <ns3:hr>152</ns3:hr>
            <ns3:cad>92</ns3:cad>
          </ns3:TrackPointExtension>
        </extensions>
      </trkpt>
      <trkpt lat="45.79865480773150920867919921875" lon="126.63027011789381504058837890625">
        <ele>118</ele>
        <time>2026-10-04T21:41:12.000Z</time>
        <extensions>
          <ns3:TrackPointExtension>
            <ns3:hr>152</ns3:hr>
            <ns3:cad>92</ns3:cad>
          </ns3:TrackPointExtension>
        </extensions>
      </trkpt>
      <trkpt lat="45.798630081117153167724609375" lon="126.63023223169147968292236328125">
        <ele>118.1999969482421875</ele>
        <time>2026-10-04T21:41:13.000Z</time>
        <extensions>
          <ns3:TrackPointExtension>
            <ns3:hr>151</ns3:hr>
            <ns3:cad>92</ns3:cad>
          </ns3:TrackPointExtension>
        </extensions>
      </trkpt>
      <trkpt lat="45.79860753379762172698974609375" lon="126.63021035492420196533203125">
        <ele>118.1999969482421875</ele>
        <time>2026-10-04T21:41:14.000Z</time>
        <extensions>
          <ns3:TrackPointExtension>
            <ns3:hr>151</ns3:hr>
            <ns3:cad>92</ns3:cad>
          </ns3:TrackPointExtension>
        </extensions>
      </trkpt>
      <trkpt lat="45.79857903532683849334716796875" lon="126.630177833139896392822265625">
        <ele>118.1999969482421875</ele>
        <time>2026-10-04T21:41:15.000Z</time>
        <extensions>
          <ns3:TrackPointExtension>
            <ns3:hr>151</ns3:hr>
            <ns3:cad>93</ns3:cad>
          </ns3:TrackPointExtension>
        </extensions>
      </trkpt>
      <trkpt lat="45.7985531352460384368896484375" lon="126.630155704915523529052734375">
        <ele>118.1999969482421875</ele>
        <time>2026-10-04T21:41:16.000Z</time>
        <extensions>
          <ns3:TrackPointExtension>
            <ns3:hr>151</ns3:hr>
            <ns3:cad>92</ns3:cad>
          </ns3:TrackPointExtension>
        </extensions>
      </trkpt>
      <trkpt lat="45.79852840863168239593505859375" lon="126.6301236860454082489013671875">
        <ele>118.1999969482421875</ele>
        <time>2026-10-04T21:41:17.000Z</time>
        <extensions>
          <ns3:TrackPointExtension>
            <ns3:hr>151</ns3:hr>
            <ns3:cad>92</ns3:cad>
          </ns3:TrackPointExtension>
        </extensions>
      </trkpt>
      <trkpt lat="45.7985004968941211700439453125" lon="126.63010063581168651580810546875">
        <ele>118.1999969482421875</ele>
        <time>2026-10-04T21:41:18.000Z</time>
        <extensions>
          <ns3:TrackPointExtension>
            <ns3:hr>150</ns3:hr>
            <ns3:cad>92</ns3:cad>
          </ns3:TrackPointExtension>
        </extensions>
      </trkpt>
      <trkpt lat="45.79847694374620914459228515625" lon="126.63006928749382495880126953125">
        <ele>118.1999969482421875</ele>
        <time>2026-10-04T21:41:19.000Z</time>
        <extensions>
          <ns3:TrackPointExtension>
            <ns3:hr>150</ns3:hr>
            <ns3:cad>92</ns3:cad>
          </ns3:TrackPointExtension>
        </extensions>
      </trkpt>
      <trkpt lat="45.79844810999929904937744140625" lon="126.63004011847078800201416015625">
        <ele>118.1999969482421875</ele>
        <time>2026-10-04T21:41:20.000Z</time>
        <extensions>
          <ns3:TrackPointExtension>
            <ns3:hr>150</ns3:hr>
            <ns3:cad>93</ns3:cad>
          </ns3:TrackPointExtension>
        </extensions>
      </trkpt>
      <trkpt lat="45.7984274066984653472900390625" lon="126.6300174035131931304931640625">
        <ele>118.1999969482421875</ele>
        <time>2026-10-04T21:41:21.000Z</time>
        <extensions>
          <ns3:TrackPointExtension>
            <ns3:hr>150</ns3:hr>
            <ns3:cad>93</ns3:cad>
          </ns3:TrackPointExtension>
        </extensions>
      </trkpt>
      <trkpt lat="45.798399746417999267578125" lon="126.629984714090824127197265625">
        <ele>118.1999969482421875</ele>
        <time>2026-10-04T21:41:22.000Z</time>
        <extensions>
          <ns3:TrackPointExtension>
            <ns3:hr>150</ns3:hr>
            <ns3:cad>93</ns3:cad>
          </ns3:TrackPointExtension>
        </extensions>
      </trkpt>
      <trkpt lat="45.7983757741749286651611328125" lon="126.6299634240567684173583984375">
        <ele>118.1999969482421875</ele>
        <time>2026-10-04T21:41:23.000Z</time>
        <extensions>
          <ns3:TrackPointExtension>
            <ns3:hr>151</ns3:hr>
            <ns3:cad>92</ns3:cad>
          </ns3:TrackPointExtension>
        </extensions>
      </trkpt>
      <trkpt lat="45.79834668897092342376708984375" lon="126.6299312375485897064208984375">
        <ele>118.1999969482421875</ele>
        <time>2026-10-04T21:41:24.000Z</time>
        <extensions>
          <ns3:TrackPointExtension>
            <ns3:hr>151</ns3:hr>
            <ns3:cad>93</ns3:cad>
          </ns3:TrackPointExtension>
        </extensions>
      </trkpt>
      <trkpt lat="45.7983234710991382598876953125" lon="126.62991003133356571197509765625">
        <ele>118.1999969482421875</ele>
        <time>2026-10-04T21:41:25.000Z</time>
        <extensions>
          <ns3:TrackPointExtension>
            <ns3:hr>151</ns3:hr>
            <ns3:cad>93</ns3:cad>
          </ns3:TrackPointExtension>
        </extensions>
      </trkpt>
      <trkpt lat="45.79829555936157703399658203125" lon="126.629878096282482147216796875">
        <ele>118.1999969482421875</ele>
        <time>2026-10-04T21:41:26.000Z</time>
        <extensions>
          <ns3:TrackPointExtension>
            <ns3:hr>151</ns3:hr>
            <ns3:cad>93</ns3:cad>
          </ns3:TrackPointExtension>
        </extensions>
      </trkpt>
      <trkpt lat="45.79827024601399898529052734375" lon="126.629858314990997314453125">
        <ele>118.1999969482421875</ele>
        <time>2026-10-04T21:41:27.000Z</time>
        <extensions>
          <ns3:TrackPointExtension>
            <ns3:hr>150</ns3:hr>
            <ns3:cad>92</ns3:cad>
          </ns3:TrackPointExtension>
        </extensions>
      </trkpt>
      <trkpt lat="45.79824962653219699859619140625" lon="126.62982822395861148834228515625">
        <ele>118.1999969482421875</ele>
        <time>2026-10-04T21:41:28.000Z</time>
        <extensions>
          <ns3:TrackPointExtension>
            <ns3:hr>151</ns3:hr>
            <ns3:cad>92</ns3:cad>
          </ns3:TrackPointExtension>
        </extensions>
      </trkpt>
      <trkpt lat="45.79822498373687267303466796875" lon="126.62980735301971435546875">
        <ele>118.1999969482421875</ele>
        <time>2026-10-04T21:41:29.000Z</time>
        <extensions>
          <ns3:TrackPointExtension>
            <ns3:hr>151</ns3:hr>
            <ns3:cad>93</ns3:cad>
          </ns3:TrackPointExtension>
        </extensions>
      </trkpt>
      <trkpt lat="45.79820285551249980926513671875" lon="126.62978480570018291473388671875">
        <ele>118.1999969482421875</ele>
        <time>2026-10-04T21:41:30.000Z</time>
        <extensions>
          <ns3:TrackPointExtension>
            <ns3:hr>151</ns3:hr>
            <ns3:cad>93</ns3:cad>
          </ns3:TrackPointExtension>
        </extensions>
      </trkpt>
      <trkpt lat="45.798174776136875152587890625" lon="126.62976250983774662017822265625">
        <ele>118.1999969482421875</ele>
        <time>2026-10-04T21:41:31.000Z</time>
        <extensions>
          <ns3:TrackPointExtension>
            <ns3:hr>150</ns3:hr>
            <ns3:cad>93</ns3:cad>
          </ns3:TrackPointExtension>
        </extensions>
      </trkpt>
      <trkpt lat="45.79815365374088287353515625" lon="126.629741974174976348876953125">
        <ele>118.1999969482421875</ele>
        <time>2026-10-04T21:41:32.000Z</time>
        <extensions>
          <ns3:TrackPointExtension>
            <ns3:hr>150</ns3:hr>
            <ns3:cad>92</ns3:cad>
          </ns3:TrackPointExtension>
        </extensions>
      </trkpt>
      <trkpt lat="45.798125155270099639892578125" lon="126.62971548736095428466796875">
        <ele>118.1999969482421875</ele>
        <time>2026-10-04T21:41:33.000Z</time>
        <extensions>
          <ns3:TrackPointExtension>
            <ns3:hr>150</ns3:hr>
            <ns3:cad>92</ns3:cad>
          </ns3:TrackPointExtension>
        </extensions>
      </trkpt>
      <trkpt lat="45.7981005124747753143310546875" lon="126.629697382450103759765625">
        <ele>118.1999969482421875</ele>
        <time>2026-10-04T21:41:34.000Z</time>
        <extensions>
          <ns3:TrackPointExtension>
            <ns3:hr>151</ns3:hr>
            <ns3:cad>92</ns3:cad>
          </ns3:TrackPointExtension>
        </extensions>
      </trkpt>
      <trkpt lat="45.798073522746562957763671875" lon="126.629659831523895263671875">
        <ele>118.1999969482421875</ele>
        <time>2026-10-04T21:41:35.000Z</time>
        <extensions>
          <ns3:TrackPointExtension>
            <ns3:hr>150</ns3:hr>
            <ns3:cad>92</ns3:cad>
          </ns3:TrackPointExtension>
        </extensions>
      </trkpt>
      <trkpt lat="45.79805231653153896331787109375" lon="126.6296331770718097686767578125">
        <ele>118.1999969482421875</ele>
        <time>2026-10-04T21:41:36.000Z</time>
        <extensions>
          <ns3:TrackPointExtension>
            <ns3:hr>150</ns3:hr>
            <ns3:cad>92</ns3:cad>
          </ns3:TrackPointExtension>
        </extensions>
      </trkpt>
      <trkpt lat="45.79802582971751689910888671875" lon="126.62959436886012554168701171875">
        <ele>118.1999969482421875</ele>
        <time>2026-10-04T21:41:37.000Z</time>
        <extensions>
          <ns3:TrackPointExtension>
            <ns3:hr>150</ns3:hr>
            <ns3:cad>92</ns3:cad>
          </ns3:TrackPointExtension>
        </extensions>
      </trkpt>
      <trkpt lat="45.79799942672252655029296875" lon="126.62956972606480121612548828125">
        <ele>118.1999969482421875</ele>
        <time>2026-10-04T21:41:38.000Z</time>
        <extensions>
          <ns3:TrackPointExtension>
            <ns3:hr>150</ns3:hr>
            <ns3:cad>92</ns3:cad>
          </ns3:TrackPointExtension>
        </extensions>
      </trkpt>
      <trkpt lat="45.79797520302236080169677734375" lon="126.62953586317598819732666015625">
        <ele>118.1999969482421875</ele>
        <time>2026-10-04T21:41:39.000Z</time>
        <extensions>
          <ns3:TrackPointExtension>
            <ns3:hr>150</ns3:hr>
            <ns3:cad>92</ns3:cad>
          </ns3:TrackPointExtension>
        </extensions>
      </trkpt>
      <trkpt lat="45.79794804565608501434326171875" lon="126.62950686179101467132568359375">
        <ele>118.1999969482421875</ele>
        <time>2026-10-04T21:41:40.000Z</time>
        <extensions>
          <ns3:TrackPointExtension>
            <ns3:hr>150</ns3:hr>
            <ns3:cad>92</ns3:cad>
          </ns3:TrackPointExtension>
        </extensions>
      </trkpt>
      <trkpt lat="45.79792499542236328125" lon="126.62948205135762691497802734375">
        <ele>118.40000152587890625</ele>
        <time>2026-10-04T21:41:41.000Z</time>
        <extensions>
          <ns3:TrackPointExtension>
            <ns3:hr>150</ns3:hr>
            <ns3:cad>93</ns3:cad>
          </ns3:TrackPointExtension>
        </extensions>
      </trkpt>
      <trkpt lat="45.7978943176567554473876953125" lon="126.62944902665913105010986328125">
        <ele>118.40000152587890625</ele>
        <time>2026-10-04T21:41:42.000Z</time>
        <extensions>
          <ns3:TrackPointExtension>
            <ns3:hr>150</ns3:hr>
            <ns3:cad>93</ns3:cad>
          </ns3:TrackPointExtension>
        </extensions>
      </trkpt>
      <trkpt lat="45.79786892049014568328857421875" lon="126.6294289939105510711669921875">
        <ele>118.1999969482421875</ele>
        <time>2026-10-04T21:41:43.000Z</time>
        <extensions>
          <ns3:TrackPointExtension>
            <ns3:hr>150</ns3:hr>
            <ns3:cad>94</ns3:cad>
          </ns3:TrackPointExtension>
        </extensions>
      </trkpt>
      <trkpt lat="45.7978351414203643798828125" lon="126.62939705885946750640869140625">
        <ele>118.1999969482421875</ele>
        <time>2026-10-04T21:41:44.000Z</time>
        <extensions>
          <ns3:TrackPointExtension>
            <ns3:hr>150</ns3:hr>
            <ns3:cad>94</ns3:cad>
          </ns3:TrackPointExtension>
        </extensions>
      </trkpt>
      <trkpt lat="45.797812007367610931396484375" lon="126.62938213907182216644287109375">
        <ele>118.1999969482421875</ele>
        <time>2026-10-04T21:41:45.000Z</time>
        <extensions>
          <ns3:TrackPointExtension>
            <ns3:hr>150</ns3:hr>
            <ns3:cad>93</ns3:cad>
          </ns3:TrackPointExtension>
        </extensions>
      </trkpt>
      <trkpt lat="45.79778728075325489044189453125" lon="126.629348695278167724609375">
        <ele>118.1999969482421875</ele>
        <time>2026-10-04T21:41:46.000Z</time>
        <extensions>
          <ns3:TrackPointExtension>
            <ns3:hr>151</ns3:hr>
            <ns3:cad>93</ns3:cad>
          </ns3:TrackPointExtension>
        </extensions>
      </trkpt>
      <trkpt lat="45.79776146449148654937744140625" lon="126.6293232142925262451171875">
        <ele>118.1999969482421875</ele>
        <time>2026-10-04T21:41:47.000Z</time>
        <extensions>
          <ns3:TrackPointExtension>
            <ns3:hr>151</ns3:hr>
            <ns3:cad>92</ns3:cad>
          </ns3:TrackPointExtension>
        </extensions>
      </trkpt>
      <trkpt lat="45.797736905515193939208984375" lon="126.629292704164981842041015625">
        <ele>118</ele>
        <time>2026-10-04T21:41:48.000Z</time>
        <extensions>
          <ns3:TrackPointExtension>
            <ns3:hr>151</ns3:hr>
            <ns3:cad>92</ns3:cad>
          </ns3:TrackPointExtension>
        </extensions>
      </trkpt>
      <trkpt lat="45.79771352000534534454345703125" lon="126.62926428951323032379150390625">
        <ele>118</ele>
        <time>2026-10-04T21:41:49.000Z</time>
        <extensions>
          <ns3:TrackPointExtension>
            <ns3:hr>151</ns3:hr>
            <ns3:cad>92</ns3:cad>
          </ns3:TrackPointExtension>
        </extensions>
      </trkpt>
      <trkpt lat="45.79769231379032135009765625" lon="126.6292373836040496826171875">
        <ele>118</ele>
        <time>2026-10-04T21:41:50.000Z</time>
        <extensions>
          <ns3:TrackPointExtension>
            <ns3:hr>151</ns3:hr>
            <ns3:cad>93</ns3:cad>
          </ns3:TrackPointExtension>
        </extensions>
      </trkpt>
      <trkpt lat="45.79767043702304363250732421875" lon="126.6292105615139007568359375">
        <ele>118</ele>
        <time>2026-10-04T21:41:51.000Z</time>
        <extensions>
          <ns3:TrackPointExtension>
            <ns3:hr>151</ns3:hr>
            <ns3:cad>93</ns3:cad>
          </ns3:TrackPointExtension>
        </extensions>
      </trkpt>
      <trkpt lat="45.7976475544273853302001953125" lon="126.6291865892708301544189453125">
        <ele>118</ele>
        <time>2026-10-04T21:41:52.000Z</time>
        <extensions>
          <ns3:TrackPointExtension>
            <ns3:hr>151</ns3:hr>
            <ns3:cad>93</ns3:cad>
          </ns3:TrackPointExtension>
        </extensions>
      </trkpt>
      <trkpt lat="45.79762450419366359710693359375" lon="126.62916420958936214447021484375">
        <ele>118</ele>
        <time>2026-10-04T21:41:53.000Z</time>
        <extensions>
          <ns3:TrackPointExtension>
            <ns3:hr>151</ns3:hr>
            <ns3:cad>93</ns3:cad>
          </ns3:TrackPointExtension>
        </extensions>
      </trkpt>
      <trkpt lat="45.79760271124541759490966796875" lon="126.62914526648819446563720703125">
        <ele>118</ele>
        <time>2026-10-04T21:41:54.000Z</time>
        <extensions>
          <ns3:TrackPointExtension>
            <ns3:hr>151</ns3:hr>
            <ns3:cad>93</ns3:cad>
          </ns3:TrackPointExtension>
        </extensions>
      </trkpt>
      <trkpt lat="45.79758393578231334686279296875" lon="126.62912095896899700164794921875">
        <ele>118</ele>
        <time>2026-10-04T21:41:55.000Z</time>
        <extensions>
          <ns3:TrackPointExtension>
            <ns3:hr>152</ns3:hr>
            <ns3:cad>91</ns3:cad>
          </ns3:TrackPointExtension>
        </extensions>
      </trkpt>
      <trkpt lat="45.797562897205352783203125" lon="126.6290957294404506683349609375">
        <ele>118</ele>
        <time>2026-10-04T21:41:56.000Z</time>
        <extensions>
          <ns3:TrackPointExtension>
            <ns3:hr>151</ns3:hr>
            <ns3:cad>91</ns3:cad>
          </ns3:TrackPointExtension>
        </extensions>
      </trkpt>
      <trkpt lat="45.79753615893423557281494140625" lon="126.62907670252025127410888671875">
        <ele>118.1999969482421875</ele>
        <time>2026-10-04T21:41:57.000Z</time>
        <extensions>
          <ns3:TrackPointExtension>
            <ns3:hr>151</ns3:hr>
            <ns3:cad>92</ns3:cad>
          </ns3:TrackPointExtension>
        </extensions>
      </trkpt>
      <trkpt lat="45.7975117675960063934326171875" lon="126.629068069159984588623046875">
        <ele>118.1999969482421875</ele>
        <time>2026-10-04T21:41:58.000Z</time>
        <extensions>
          <ns3:TrackPointExtension>
            <ns3:hr>151</ns3:hr>
            <ns3:cad>93</ns3:cad>
          </ns3:TrackPointExtension>
        </extensions>
      </trkpt>
      <trkpt lat="45.79748419113457202911376953125" lon="126.62905323319137096405029296875">
        <ele>118.40000152587890625</ele>
        <time>2026-10-04T21:41:59.000Z</time>
        <extensions>
          <ns3:TrackPointExtension>
            <ns3:hr>151</ns3:hr>
            <ns3:cad>92</ns3:cad>
          </ns3:TrackPointExtension>
        </extensions>
      </trkpt>
      <trkpt lat="45.7974587939679622650146484375" lon="126.6290410794317722320556640625">
        <ele>118.59999847412109375</ele>
        <time>2026-10-04T21:42:00.000Z</time>
        <extensions>
          <ns3:TrackPointExtension>
            <ns3:hr>151</ns3:hr>
            <ns3:cad>91</ns3:cad>
          </ns3:TrackPointExtension>
        </extensions>
      </trkpt>
      <trkpt lat="45.7974289543926715850830078125" lon="126.62901517935097217559814453125">
        <ele>118.59999847412109375</ele>
        <time>2026-10-04T21:42:01.000Z</time>
        <extensions>
          <ns3:TrackPointExtension>
            <ns3:hr>151</ns3:hr>
            <ns3:cad>91</ns3:cad>
          </ns3:TrackPointExtension>
        </extensions>
      </trkpt>
      <trkpt lat="45.7974044792354106903076171875" lon="126.62899020127952098846435546875">
        <ele>118.40000152587890625</ele>
        <time>2026-10-04T21:42:02.000Z</time>
        <extensions>
          <ns3:TrackPointExtension>
            <ns3:hr>151</ns3:hr>
            <ns3:cad>92</ns3:cad>
          </ns3:TrackPointExtension>
        </extensions>
      </trkpt>
      <trkpt lat="45.7973791658878326416015625" lon="126.62896472029387950897216796875">
        <ele>118.1999969482421875</ele>
        <time>2026-10-04T21:42:03.000Z</time>
        <extensions>
          <ns3:TrackPointExtension>
            <ns3:hr>151</ns3:hr>
            <ns3:cad>92</ns3:cad>
          </ns3:TrackPointExtension>
        </extensions>
      </trkpt>
      <trkpt lat="45.7973531819880008697509765625" lon="126.628930605947971343994140625">
        <ele>118.1999969482421875</ele>
        <time>2026-10-04T21:42:04.000Z</time>
        <extensions>
          <ns3:TrackPointExtension>
            <ns3:hr>151</ns3:hr>
            <ns3:cad>92</ns3:cad>
          </ns3:TrackPointExtension>
        </extensions>
      </trkpt>
      <trkpt lat="45.79732711426913738250732421875" lon="126.6289047896862030029296875">
        <ele>118.1999969482421875</ele>
        <time>2026-10-04T21:42:05.000Z</time>
        <extensions>
          <ns3:TrackPointExtension>
            <ns3:hr>152</ns3:hr>
            <ns3:cad>93</ns3:cad>
          </ns3:TrackPointExtension>
        </extensions>
      </trkpt>
      <trkpt lat="45.7972961850464344024658203125" lon="126.6288667358458042144775390625">
        <ele>118.1999969482421875</ele>
        <time>2026-10-04T21:42:06.000Z</time>
        <extensions>
          <ns3:TrackPointExtension>
            <ns3:hr>151</ns3:hr>
            <ns3:cad>93</ns3:cad>
          </ns3:TrackPointExtension>
        </extensions>
      </trkpt>
      <trkpt lat="45.79727162607014179229736328125" lon="126.6288372315466403961181640625">
        <ele>118.1999969482421875</ele>
        <time>2026-10-04T21:42:07.000Z</time>
        <extensions>
          <ns3:TrackPointExtension>
            <ns3:hr>151</ns3:hr>
            <ns3:cad>93</ns3:cad>
          </ns3:TrackPointExtension>
        </extensions>
      </trkpt>
      <trkpt lat="45.7972450554370880126953125" lon="126.628800518810749053955078125">
        <ele>118.40000152587890625</ele>
        <time>2026-10-04T21:42:08.000Z</time>
        <extensions>
          <ns3:TrackPointExtension>
            <ns3:hr>152</ns3:hr>
            <ns3:cad>93</ns3:cad>
          </ns3:TrackPointExtension>
        </extensions>
      </trkpt>
      <trkpt lat="45.7972204126417636871337890625" lon="126.62877595983445644378662109375">
        <ele>118.40000152587890625</ele>
        <time>2026-10-04T21:42:09.000Z</time>
        <extensions>
          <ns3:TrackPointExtension>
            <ns3:hr>151</ns3:hr>
            <ns3:cad>93</ns3:cad>
          </ns3:TrackPointExtension>
        </extensions>
      </trkpt>
      <trkpt lat="45.79719736240804195404052734375" lon="126.628744862973690032958984375">
        <ele>118.40000152587890625</ele>
        <time>2026-10-04T21:42:10.000Z</time>
        <extensions>
          <ns3:TrackPointExtension>
            <ns3:hr>151</ns3:hr>
            <ns3:cad>93</ns3:cad>
          </ns3:TrackPointExtension>
        </extensions>
      </trkpt>
      <trkpt lat="45.79716785810887813568115234375" lon="126.62872432731091976165771484375">
        <ele>118.40000152587890625</ele>
        <time>2026-10-04T21:42:11.000Z</time>
        <extensions>
          <ns3:TrackPointExtension>
            <ns3:hr>152</ns3:hr>
            <ns3:cad>93</ns3:cad>
          </ns3:TrackPointExtension>
        </extensions>
      </trkpt>
      <trkpt lat="45.79714514315128326416015625" lon="126.6287011094391345977783203125">
        <ele>118.40000152587890625</ele>
        <time>2026-10-04T21:42:12.000Z</time>
        <extensions>
          <ns3:TrackPointExtension>
            <ns3:hr>151</ns3:hr>
            <ns3:cad>92</ns3:cad>
          </ns3:TrackPointExtension>
        </extensions>
      </trkpt>
      <trkpt lat="45.7971168123185634613037109375" lon="126.6286794841289520263671875">
        <ele>118.40000152587890625</ele>
        <time>2026-10-04T21:42:13.000Z</time>
        <extensions>
          <ns3:TrackPointExtension>
            <ns3:hr>151</ns3:hr>
            <ns3:cad>92</ns3:cad>
          </ns3:TrackPointExtension>
        </extensions>
      </trkpt>
      <trkpt lat="45.7970936782658100128173828125" lon="126.628657020628452301025390625">
        <ele>118.40000152587890625</ele>
        <time>2026-10-04T21:42:14.000Z</time>
        <extensions>
          <ns3:TrackPointExtension>
            <ns3:hr>151</ns3:hr>
            <ns3:cad>92</ns3:cad>
          </ns3:TrackPointExtension>
        </extensions>
      </trkpt>
      <trkpt lat="45.79706593416631221771240234375" lon="126.62862223573029041290283203125">
        <ele>118.40000152587890625</ele>
        <time>2026-10-04T21:42:15.000Z</time>
        <extensions>
          <ns3:TrackPointExtension>
            <ns3:hr>151</ns3:hr>
            <ns3:cad>92</ns3:cad>
          </ns3:TrackPointExtension>
        </extensions>
      </trkpt>
      <trkpt lat="45.7970385253429412841796875" lon="126.62860061042010784149169921875">
        <ele>118.40000152587890625</ele>
        <time>2026-10-04T21:42:16.000Z</time>
        <extensions>
          <ns3:TrackPointExtension>
            <ns3:hr>152</ns3:hr>
            <ns3:cad>92</ns3:cad>
          </ns3:TrackPointExtension>
        </extensions>
      </trkpt>
      <trkpt lat="45.79701379872858524322509765625" lon="126.628566496074199676513671875">
        <ele>118.40000152587890625</ele>
        <time>2026-10-04T21:42:17.000Z</time>
        <extensions>
          <ns3:TrackPointExtension>
            <ns3:hr>152</ns3:hr>
            <ns3:cad>93</ns3:cad>
          </ns3:TrackPointExtension>
        </extensions>
      </trkpt>
      <trkpt lat="45.79698563553392887115478515625" lon="126.62854277528822422027587890625">
        <ele>118.40000152587890625</ele>
        <time>2026-10-04T21:42:18.000Z</time>
        <extensions>
          <ns3:TrackPointExtension>
            <ns3:hr>152</ns3:hr>
            <ns3:cad>93</ns3:cad>
          </ns3:TrackPointExtension>
        </extensions>
      </trkpt>
      <trkpt lat="45.79696065746247768402099609375" lon="126.6285123489797115325927734375">
        <ele>118.40000152587890625</ele>
        <time>2026-10-04T21:42:19.000Z</time>
        <extensions>
          <ns3:TrackPointExtension>
            <ns3:hr>153</ns3:hr>
            <ns3:cad>93</ns3:cad>
          </ns3:TrackPointExtension>
        </extensions>
      </trkpt>
      <trkpt lat="45.7969303987920284271240234375" lon="126.6284831799566745758056640625">
        <ele>118.40000152587890625</ele>
        <time>2026-10-04T21:42:20.000Z</time>
        <extensions>
          <ns3:TrackPointExtension>
            <ns3:hr>153</ns3:hr>
            <ns3:cad>93</ns3:cad>
          </ns3:TrackPointExtension>
        </extensions>
      </trkpt>
      <trkpt lat="45.7969070971012115478515625" lon="126.628460548818111419677734375">
        <ele>118.59999847412109375</ele>
        <time>2026-10-04T21:42:21.000Z</time>
        <extensions>
          <ns3:TrackPointExtension>
            <ns3:hr>154</ns3:hr>
            <ns3:cad>93</ns3:cad>
          </ns3:TrackPointExtension>
        </extensions>
      </trkpt>
      <trkpt lat="45.796877928078174591064453125" lon="126.62842928431928157806396484375">
        <ele>118.59999847412109375</ele>
        <time>2026-10-04T21:42:22.000Z</time>
        <extensions>
          <ns3:TrackPointExtension>
            <ns3:hr>154</ns3:hr>
            <ns3:cad>91</ns3:cad>
          </ns3:TrackPointExtension>
        </extensions>
      </trkpt>
      <trkpt lat="45.79685236327350139617919921875" lon="126.62841184996068477630615234375">
        <ele>118.40000152587890625</ele>
        <time>2026-10-04T21:42:23.000Z</time>
        <extensions>
          <ns3:TrackPointExtension>
            <ns3:hr>154</ns3:hr>
            <ns3:cad>91</ns3:cad>
          </ns3:TrackPointExtension>
        </extensions>
      </trkpt>
      <trkpt lat="45.79682327806949615478515625" lon="126.62837899290025234222412109375">
        <ele>118.59999847412109375</ele>
        <time>2026-10-04T21:42:24.000Z</time>
        <extensions>
          <ns3:TrackPointExtension>
            <ns3:hr>154</ns3:hr>
            <ns3:cad>93</ns3:cad>
          </ns3:TrackPointExtension>
        </extensions>
      </trkpt>
      <trkpt lat="45.79679905436933040618896484375" lon="126.62835694849491119384765625">
        <ele>118.59999847412109375</ele>
        <time>2026-10-04T21:42:25.000Z</time>
        <extensions>
          <ns3:TrackPointExtension>
            <ns3:hr>154</ns3:hr>
            <ns3:cad>93</ns3:cad>
          </ns3:TrackPointExtension>
        </extensions>
      </trkpt>
      <trkpt lat="45.7967704720795154571533203125" lon="126.628320403397083282470703125">
        <ele>118.59999847412109375</ele>
        <time>2026-10-04T21:42:26.000Z</time>
        <extensions>
          <ns3:TrackPointExtension>
            <ns3:hr>153</ns3:hr>
            <ns3:cad>92</ns3:cad>
          </ns3:TrackPointExtension>
        </extensions>
      </trkpt>
      <trkpt lat="45.79674725420773029327392578125" lon="126.628299616277217864990234375">
        <ele>118.59999847412109375</ele>
        <time>2026-10-04T21:42:27.000Z</time>
        <extensions>
          <ns3:TrackPointExtension>
            <ns3:hr>154</ns3:hr>
            <ns3:cad>92</ns3:cad>
          </ns3:TrackPointExtension>
        </extensions>
      </trkpt>
      <trkpt lat="45.79672403633594512939453125" lon="126.628264747560024261474609375">
        <ele>118.59999847412109375</ele>
        <time>2026-10-04T21:42:28.000Z</time>
        <extensions>
          <ns3:TrackPointExtension>
            <ns3:hr>154</ns3:hr>
            <ns3:cad>92</ns3:cad>
          </ns3:TrackPointExtension>
        </extensions>
      </trkpt>
      <trkpt lat="45.79670383594930171966552734375" lon="126.6282384283840656280517578125">
        <ele>118.59999847412109375</ele>
        <time>2026-10-04T21:42:29.000Z</time>
        <extensions>
          <ns3:TrackPointExtension>
            <ns3:hr>154</ns3:hr>
            <ns3:cad>94</ns3:cad>
          </ns3:TrackPointExtension>
        </extensions>
      </trkpt>
      <trkpt lat="45.7966844737529754638671875" lon="126.62820699624717235565185546875">
        <ele>118.59999847412109375</ele>
        <time>2026-10-04T21:42:30.000Z</time>
        <extensions>
          <ns3:TrackPointExtension>
            <ns3:hr>153</ns3:hr>
            <ns3:cad>94</ns3:cad>
          </ns3:TrackPointExtension>
        </extensions>
      </trkpt>
      <trkpt lat="45.796657316386699676513671875" lon="126.62817564792931079864501953125">
        <ele>118.59999847412109375</ele>
        <time>2026-10-04T21:42:31.000Z</time>
        <extensions>
          <ns3:TrackPointExtension>
            <ns3:hr>154</ns3:hr>
            <ns3:cad>93</ns3:cad>
          </ns3:TrackPointExtension>
        </extensions>
      </trkpt>
      <trkpt lat="45.7966340146958827972412109375" lon="126.62814983166754245758056640625">
        <ele>118.59999847412109375</ele>
        <time>2026-10-04T21:42:32.000Z</time>
        <extensions>
          <ns3:TrackPointExtension>
            <ns3:hr>153</ns3:hr>
            <ns3:cad>92</ns3:cad>
          </ns3:TrackPointExtension>
        </extensions>
      </trkpt>
      <trkpt lat="45.79660509712994098663330078125" lon="126.628115214407444000244140625">
        <ele>118.59999847412109375</ele>
        <time>2026-10-04T21:42:33.000Z</time>
        <extensions>
          <ns3:TrackPointExtension>
            <ns3:hr>153</ns3:hr>
            <ns3:cad>92</ns3:cad>
          </ns3:TrackPointExtension>
        </extensions>
      </trkpt>
      <trkpt lat="45.796581543982028961181640625" lon="126.628097109496593475341796875">
        <ele>118.59999847412109375</ele>
        <time>2026-10-04T21:42:34.000Z</time>
        <extensions>
          <ns3:TrackPointExtension>
            <ns3:hr>153</ns3:hr>
            <ns3:cad>93</ns3:cad>
          </ns3:TrackPointExtension>
        </extensions>
      </trkpt>
      <trkpt lat="45.79655430279672145843505859375" lon="126.62806333042681217193603515625">
        <ele>118.59999847412109375</ele>
        <time>2026-10-04T21:42:35.000Z</time>
        <extensions>
          <ns3:TrackPointExtension>
            <ns3:hr>153</ns3:hr>
            <ns3:cad>93</ns3:cad>
          </ns3:TrackPointExtension>
        </extensions>
      </trkpt>
      <trkpt lat="45.79652882181107997894287109375" lon="126.6280422918498516082763671875">
        <ele>118.59999847412109375</ele>
        <time>2026-10-04T21:42:36.000Z</time>
        <extensions>
          <ns3:TrackPointExtension>
            <ns3:hr>153</ns3:hr>
            <ns3:cad>93</ns3:cad>
          </ns3:TrackPointExtension>
        </extensions>
      </trkpt>
      <trkpt lat="45.7965002395212650299072265625" lon="126.6280090995132923126220703125">
        <ele>118.59999847412109375</ele>
        <time>2026-10-04T21:42:37.000Z</time>
        <extensions>
          <ns3:TrackPointExtension>
            <ns3:hr>153</ns3:hr>
            <ns3:cad>92</ns3:cad>
          </ns3:TrackPointExtension>
        </extensions>
      </trkpt>
      <trkpt lat="45.7964754290878772735595703125" lon="126.62798537872731685638427734375">
        <ele>118.59999847412109375</ele>
        <time>2026-10-04T21:42:38.000Z</time>
        <extensions>
          <ns3:TrackPointExtension>
            <ns3:hr>153</ns3:hr>
            <ns3:cad>92</ns3:cad>
          </ns3:TrackPointExtension>
        </extensions>
      </trkpt>
      <trkpt lat="45.79645740799605846405029296875" lon="126.62795537151396274566650390625">
        <ele>118.59999847412109375</ele>
        <time>2026-10-04T21:42:39.000Z</time>
        <extensions>
          <ns3:TrackPointExtension>
            <ns3:hr>153</ns3:hr>
            <ns3:cad>92</ns3:cad>
          </ns3:TrackPointExtension>
        </extensions>
      </trkpt>
      <trkpt lat="45.79643159173429012298583984375" lon="126.62792913615703582763671875">
        <ele>118.59999847412109375</ele>
        <time>2026-10-04T21:42:40.000Z</time>
        <extensions>
          <ns3:TrackPointExtension>
            <ns3:hr>153</ns3:hr>
            <ns3:cad>92</ns3:cad>
          </ns3:TrackPointExtension>
        </extensions>
      </trkpt>
      <trkpt lat="45.79640929587185382843017578125" lon="126.62790038622915744781494140625">
        <ele>118.59999847412109375</ele>
        <time>2026-10-04T21:42:41.000Z</time>
        <extensions>
          <ns3:TrackPointExtension>
            <ns3:hr>153</ns3:hr>
            <ns3:cad>92</ns3:cad>
          </ns3:TrackPointExtension>
        </extensions>
      </trkpt>
      <trkpt lat="45.796378366649150848388671875" lon="126.62787876091897487640380859375">
        <ele>118.8000030517578125</ele>
        <time>2026-10-04T21:42:42.000Z</time>
        <extensions>
          <ns3:TrackPointExtension>
            <ns3:hr>153</ns3:hr>
            <ns3:cad>92</ns3:cad>
          </ns3:TrackPointExtension>
        </extensions>
      </trkpt>
      <trkpt lat="45.79635330475866794586181640625" lon="126.62786434404551982879638671875">
        <ele>118.59999847412109375</ele>
        <time>2026-10-04T21:42:43.000Z</time>
        <extensions>
          <ns3:TrackPointExtension>
            <ns3:hr>152</ns3:hr>
            <ns3:cad>92</ns3:cad>
          </ns3:TrackPointExtension>
        </extensions>
      </trkpt>
      <trkpt lat="45.7963223755359649658203125" lon="126.6278394497931003570556640625">
        <ele>118.59999847412109375</ele>
        <time>2026-10-04T21:42:44.000Z</time>
        <extensions>
          <ns3:TrackPointExtension>
            <ns3:hr>152</ns3:hr>
            <ns3:cad>93</ns3:cad>
          </ns3:TrackPointExtension>
        </extensions>
      </trkpt>
      <trkpt lat="45.79629714600741863250732421875" lon="126.62781572900712490081787109375">
        <ele>118.59999847412109375</ele>
        <time>2026-10-04T21:42:45.000Z</time>
        <extensions>
          <ns3:TrackPointExtension>
            <ns3:hr>152</ns3:hr>
            <ns3:cad>93</ns3:cad>
          </ns3:TrackPointExtension>
        </extensions>
      </trkpt>
      <trkpt lat="45.79627032391726970672607421875" lon="126.62778974510729312896728515625">
        <ele>118.59999847412109375</ele>
        <time>2026-10-04T21:42:46.000Z</time>
        <extensions>
          <ns3:TrackPointExtension>
            <ns3:hr>152</ns3:hr>
            <ns3:cad>94</ns3:cad>
          </ns3:TrackPointExtension>
        </extensions>
      </trkpt>
      <trkpt lat="45.7962430827319622039794921875" lon="126.62777080200612545013427734375">
        <ele>118.59999847412109375</ele>
        <time>2026-10-04T21:42:47.000Z</time>
        <extensions>
          <ns3:TrackPointExtension>
            <ns3:hr>152</ns3:hr>
            <ns3:cad>93</ns3:cad>
          </ns3:TrackPointExtension>
        </extensions>
      </trkpt>
      <trkpt lat="45.7962191104888916015625" lon="126.62773559801280498504638671875">
        <ele>118.59999847412109375</ele>
        <time>2026-10-04T21:42:48.000Z</time>
        <extensions>
          <ns3:TrackPointExtension>
            <ns3:hr>151</ns3:hr>
            <ns3:cad>93</ns3:cad>
          </ns3:TrackPointExtension>
        </extensions>
      </trkpt>
      <trkpt lat="45.796192623674869537353515625" lon="126.6277150623500347137451171875">
        <ele>118.59999847412109375</ele>
        <time>2026-10-04T21:42:49.000Z</time>
        <extensions>
          <ns3:TrackPointExtension>
            <ns3:hr>152</ns3:hr>
            <ns3:cad>91</ns3:cad>
          </ns3:TrackPointExtension>
        </extensions>
      </trkpt>
      <trkpt lat="45.79617024399340152740478515625" lon="126.6276865638792514801025390625">
        <ele>118.59999847412109375</ele>
        <time>2026-10-04T21:42:50.000Z</time>
        <extensions>
          <ns3:TrackPointExtension>
            <ns3:hr>151</ns3:hr>
            <ns3:cad>91</ns3:cad>
          </ns3:TrackPointExtension>
        </extensions>
      </trkpt>
      <trkpt lat="45.79614643938839435577392578125" lon="126.6276590712368488311767578125">
        <ele>118.59999847412109375</ele>
        <time>2026-10-04T21:42:51.000Z</time>
        <extensions>
          <ns3:TrackPointExtension>
            <ns3:hr>151</ns3:hr>
            <ns3:cad>93</ns3:cad>
          </ns3:TrackPointExtension>
        </extensions>
      </trkpt>
      <trkpt lat="45.79612364061176776885986328125" lon="126.627631075680255889892578125">
        <ele>118.59999847412109375</ele>
        <time>2026-10-04T21:42:52.000Z</time>
        <extensions>
          <ns3:TrackPointExtension>
            <ns3:hr>151</ns3:hr>
            <ns3:cad>94</ns3:cad>
          </ns3:TrackPointExtension>
        </extensions>
      </trkpt>
      <trkpt lat="45.79609832726418972015380859375" lon="126.62760014645755290985107421875">
        <ele>118.59999847412109375</ele>
        <time>2026-10-04T21:42:53.000Z</time>
        <extensions>
          <ns3:TrackPointExtension>
            <ns3:hr>151</ns3:hr>
            <ns3:cad>93</ns3:cad>
          </ns3:TrackPointExtension>
        </extensions>
      </trkpt>
      <trkpt lat="45.79607536084949970245361328125" lon="126.62757215090095996856689453125">
        <ele>118.59999847412109375</ele>
        <time>2026-10-04T21:42:54.000Z</time>
        <extensions>
          <ns3:TrackPointExtension>
            <ns3:hr>151</ns3:hr>
            <ns3:cad>93</ns3:cad>
          </ns3:TrackPointExtension>
        </extensions>
      </trkpt>
      <trkpt lat="45.79604635946452617645263671875" lon="126.6275370307266712188720703125">
        <ele>118.59999847412109375</ele>
        <time>2026-10-04T21:42:55.000Z</time>
        <extensions>
          <ns3:TrackPointExtension>
            <ns3:hr>151</ns3:hr>
            <ns3:cad>92</ns3:cad>
          </ns3:TrackPointExtension>
        </extensions>
      </trkpt>
      <trkpt lat="45.79602188430726528167724609375" lon="126.62752211093902587890625">
        <ele>118.59999847412109375</ele>
        <time>2026-10-04T21:42:56.000Z</time>
        <extensions>
          <ns3:TrackPointExtension>
            <ns3:hr>151</ns3:hr>
            <ns3:cad>92</ns3:cad>
          </ns3:TrackPointExtension>
        </extensions>
      </trkpt>
      <trkpt lat="45.79598735086619853973388671875" lon="126.62749252282083034515380859375">
        <ele>118.59999847412109375</ele>
        <time>2026-10-04T21:42:57.000Z</time>
        <extensions>
          <ns3:TrackPointExtension>
            <ns3:hr>151</ns3:hr>
            <ns3:cad>92</ns3:cad>
          </ns3:TrackPointExtension>
        </extensions>
      </trkpt>
      <trkpt lat="45.7959634624421596527099609375" lon="126.62747944705188274383544921875">
        <ele>118.8000030517578125</ele>
        <time>2026-10-04T21:42:58.000Z</time>
        <extensions>
          <ns3:TrackPointExtension>
            <ns3:hr>151</ns3:hr>
            <ns3:cad>92</ns3:cad>
          </ns3:TrackPointExtension>
        </extensions>
      </trkpt>
      <trkpt lat="45.79593940638005733489990234375" lon="126.627449356019496917724609375">
        <ele>118.59999847412109375</ele>
        <time>2026-10-04T21:42:59.000Z</time>
        <extensions>
          <ns3:TrackPointExtension>
            <ns3:hr>151</ns3:hr>
            <ns3:cad>92</ns3:cad>
          </ns3:TrackPointExtension>
        </extensions>
      </trkpt>
      <trkpt lat="45.7959173619747161865234375" lon="126.6274287365376949310302734375">
        <ele>118.8000030517578125</ele>
        <time>2026-10-04T21:43:00.000Z</time>
        <extensions>
          <ns3:TrackPointExtension>
            <ns3:hr>150</ns3:hr>
            <ns3:cad>93</ns3:cad>
          </ns3:TrackPointExtension>
        </extensions>
      </trkpt>
      <trkpt lat="45.79589414410293102264404296875" lon="126.6274000704288482666015625">
        <ele>118.8000030517578125</ele>
        <time>2026-10-04T21:43:01.000Z</time>
        <extensions>
          <ns3:TrackPointExtension>
            <ns3:hr>151</ns3:hr>
            <ns3:cad>93</ns3:cad>
          </ns3:TrackPointExtension>
        </extensions>
      </trkpt>
      <trkpt lat="45.7958695851266384124755859375" lon="126.62737718783318996429443359375">
        <ele>118.8000030517578125</ele>
        <time>2026-10-04T21:43:02.000Z</time>
        <extensions>
          <ns3:TrackPointExtension>
            <ns3:hr>151</ns3:hr>
            <ns3:cad>94</ns3:cad>
          </ns3:TrackPointExtension>
        </extensions>
      </trkpt>
      <trkpt lat="45.79584804363548755645751953125" lon="126.62734550423920154571533203125">
        <ele>118.8000030517578125</ele>
        <time>2026-10-04T21:43:03.000Z</time>
        <extensions>
          <ns3:TrackPointExtension>
            <ns3:hr>151</ns3:hr>
            <ns3:cad>94</ns3:cad>
          </ns3:TrackPointExtension>
        </extensions>
      </trkpt>
      <trkpt lat="45.795824825763702392578125" lon="126.62732220254838466644287109375">
        <ele>118.8000030517578125</ele>
        <time>2026-10-04T21:43:04.000Z</time>
        <extensions>
          <ns3:TrackPointExtension>
            <ns3:hr>150</ns3:hr>
            <ns3:cad>94</ns3:cad>
          </ns3:TrackPointExtension>
        </extensions>
      </trkpt>
      <trkpt lat="45.795805044472217559814453125" lon="126.62729487754404544830322265625">
        <ele>118.8000030517578125</ele>
        <time>2026-10-04T21:43:05.000Z</time>
        <extensions>
          <ns3:TrackPointExtension>
            <ns3:hr>151</ns3:hr>
            <ns3:cad>93</ns3:cad>
          </ns3:TrackPointExtension>
        </extensions>
      </trkpt>
      <trkpt lat="45.79577830620110034942626953125" lon="126.62726202048361301422119140625">
        <ele>118.8000030517578125</ele>
        <time>2026-10-04T21:43:06.000Z</time>
        <extensions>
          <ns3:TrackPointExtension>
            <ns3:hr>150</ns3:hr>
            <ns3:cad>93</ns3:cad>
          </ns3:TrackPointExtension>
        </extensions>
      </trkpt>
      <trkpt lat="45.795754753053188323974609375" lon="126.627240814268589019775390625">
        <ele>118.8000030517578125</ele>
        <time>2026-10-04T21:43:07.000Z</time>
        <extensions>
          <ns3:TrackPointExtension>
            <ns3:hr>150</ns3:hr>
            <ns3:cad>93</ns3:cad>
          </ns3:TrackPointExtension>
        </extensions>
      </trkpt>
      <trkpt lat="45.795728266239166259765625" lon="126.627199240028858184814453125">
        <ele>118.8000030517578125</ele>
        <time>2026-10-04T21:43:08.000Z</time>
        <extensions>
          <ns3:TrackPointExtension>
            <ns3:hr>150</ns3:hr>
            <ns3:cad>92</ns3:cad>
          </ns3:TrackPointExtension>
        </extensions>
      </trkpt>
      <trkpt lat="45.79570102505385875701904296875" lon="126.62717811763286590576171875">
        <ele>118.8000030517578125</ele>
        <time>2026-10-04T21:43:09.000Z</time>
        <extensions>
          <ns3:TrackPointExtension>
            <ns3:hr>150</ns3:hr>
            <ns3:cad>91</ns3:cad>
          </ns3:TrackPointExtension>
        </extensions>
      </trkpt>
      <trkpt lat="45.79566984437406063079833984375" lon="126.62714400328695774078369140625">
        <ele>118.8000030517578125</ele>
        <time>2026-10-04T21:43:10.000Z</time>
        <extensions>
          <ns3:TrackPointExtension>
            <ns3:hr>150</ns3:hr>
            <ns3:cad>91</ns3:cad>
          </ns3:TrackPointExtension>
        </extensions>
      </trkpt>
      <trkpt lat="45.79564771614968776702880859375" lon="126.6271239705383777618408203125">
        <ele>118.8000030517578125</ele>
        <time>2026-10-04T21:43:11.000Z</time>
        <extensions>
          <ns3:TrackPointExtension>
            <ns3:hr>151</ns3:hr>
            <ns3:cad>92</ns3:cad>
          </ns3:TrackPointExtension>
        </extensions>
      </trkpt>
      <trkpt lat="45.79562298953533172607421875" lon="126.62709455005824565887451171875">
        <ele>118.8000030517578125</ele>
        <time>2026-10-04T21:43:12.000Z</time>
        <extensions>
          <ns3:TrackPointExtension>
            <ns3:hr>151</ns3:hr>
            <ns3:cad>92</ns3:cad>
          </ns3:TrackPointExtension>
        </extensions>
      </trkpt>
      <trkpt lat="45.79559742473065853118896484375" lon="126.62707007490098476409912109375">
        <ele>118.8000030517578125</ele>
        <time>2026-10-04T21:43:13.000Z</time>
        <extensions>
          <ns3:TrackPointExtension>
            <ns3:hr>151</ns3:hr>
            <ns3:cad>92</ns3:cad>
          </ns3:TrackPointExtension>
        </extensions>
      </trkpt>
      <trkpt lat="45.79557311721146106719970703125" lon="126.62704794667661190032958984375">
        <ele>118.8000030517578125</ele>
        <time>2026-10-04T21:43:14.000Z</time>
        <extensions>
          <ns3:TrackPointExtension>
            <ns3:hr>151</ns3:hr>
            <ns3:cad>92</ns3:cad>
          </ns3:TrackPointExtension>
        </extensions>
      </trkpt>
      <trkpt lat="45.79554478637874126434326171875" lon="126.6270218789577484130859375">
        <ele>118.8000030517578125</ele>
        <time>2026-10-04T21:43:15.000Z</time>
        <extensions>
          <ns3:TrackPointExtension>
            <ns3:hr>151</ns3:hr>
            <ns3:cad>92</ns3:cad>
          </ns3:TrackPointExtension>
        </extensions>
      </trkpt>
      <trkpt lat="45.7955192215740680694580078125" lon="126.627006120979785919189453125">
        <ele>118.8000030517578125</ele>
        <time>2026-10-04T21:43:16.000Z</time>
        <extensions>
          <ns3:TrackPointExtension>
            <ns3:hr>151</ns3:hr>
            <ns3:cad>93</ns3:cad>
          </ns3:TrackPointExtension>
        </extensions>
      </trkpt>
      <trkpt lat="45.79549214802682399749755859375" lon="126.62697829306125640869140625">
        <ele>118.8000030517578125</ele>
        <time>2026-10-04T21:43:17.000Z</time>
        <extensions>
          <ns3:TrackPointExtension>
            <ns3:hr>151</ns3:hr>
            <ns3:cad>94</ns3:cad>
          </ns3:TrackPointExtension>
        </extensions>
      </trkpt>
      <trkpt lat="45.7954675890505313873291015625" lon="126.62695976905524730682373046875">
        <ele>118.8000030517578125</ele>
        <time>2026-10-04T21:43:18.000Z</time>
        <extensions>
          <ns3:TrackPointExtension>
            <ns3:hr>151</ns3:hr>
            <ns3:cad>94</ns3:cad>
          </ns3:TrackPointExtension>
        </extensions>
      </trkpt>
      <trkpt lat="45.7954387553036212921142578125" lon="126.6269258223474025726318359375">
        <ele>118.8000030517578125</ele>
        <time>2026-10-04T21:43:19.000Z</time>
        <extensions>
          <ns3:TrackPointExtension>
            <ns3:hr>150</ns3:hr>
            <ns3:cad>93</ns3:cad>
          </ns3:TrackPointExtension>
        </extensions>
      </trkpt>
      <trkpt lat="45.7954131066799163818359375" lon="126.62691048346459865570068359375">
        <ele>118.8000030517578125</ele>
        <time>2026-10-04T21:43:20.000Z</time>
        <extensions>
          <ns3:TrackPointExtension>
            <ns3:hr>151</ns3:hr>
            <ns3:cad>92</ns3:cad>
          </ns3:TrackPointExtension>
        </extensions>
      </trkpt>
      <trkpt lat="45.79538586549460887908935546875" lon="126.626877374947071075439453125">
        <ele>118.8000030517578125</ele>
        <time>2026-10-04T21:43:21.000Z</time>
        <extensions>
          <ns3:TrackPointExtension>
            <ns3:hr>151</ns3:hr>
            <ns3:cad>92</ns3:cad>
          </ns3:TrackPointExtension>
        </extensions>
      </trkpt>
      <trkpt lat="45.79535971395671367645263671875" lon="126.6268534027040004730224609375">
        <ele>118.8000030517578125</ele>
        <time>2026-10-04T21:43:22.000Z</time>
        <extensions>
          <ns3:TrackPointExtension>
            <ns3:hr>151</ns3:hr>
            <ns3:cad>92</ns3:cad>
          </ns3:TrackPointExtension>
        </extensions>
      </trkpt>
      <trkpt lat="45.79533389769494533538818359375" lon="126.62682062946259975433349609375">
        <ele>118.8000030517578125</ele>
        <time>2026-10-04T21:43:23.000Z</time>
        <extensions>
          <ns3:TrackPointExtension>
            <ns3:hr>150</ns3:hr>
            <ns3:cad>92</ns3:cad>
          </ns3:TrackPointExtension>
        </extensions>
      </trkpt>
      <trkpt lat="45.79530707560479640960693359375" lon="126.62679699249565601348876953125">
        <ele>118.8000030517578125</ele>
        <time>2026-10-04T21:43:24.000Z</time>
        <extensions>
          <ns3:TrackPointExtension>
            <ns3:hr>151</ns3:hr>
            <ns3:cad>92</ns3:cad>
          </ns3:TrackPointExtension>
        </extensions>
      </trkpt>
      <trkpt lat="45.795284695923328399658203125" lon="126.626765727996826171875">
        <ele>118.8000030517578125</ele>
        <time>2026-10-04T21:43:25.000Z</time>
        <extensions>
          <ns3:TrackPointExtension>
            <ns3:hr>151</ns3:hr>
            <ns3:cad>92</ns3:cad>
          </ns3:TrackPointExtension>
        </extensions>
      </trkpt>
      <trkpt lat="45.79525594599545001983642578125" lon="126.6267350502312183380126953125">
        <ele>118.8000030517578125</ele>
        <time>2026-10-04T21:43:26.000Z</time>
        <extensions>
          <ns3:TrackPointExtension>
            <ns3:hr>150</ns3:hr>
            <ns3:cad>92</ns3:cad>
          </ns3:TrackPointExtension>
        </extensions>
      </trkpt>
      <trkpt lat="45.79523465596139430999755859375" lon="126.62670847959816455841064453125">
        <ele>118.8000030517578125</ele>
        <time>2026-10-04T21:43:27.000Z</time>
        <extensions>
          <ns3:TrackPointExtension>
            <ns3:hr>150</ns3:hr>
            <ns3:cad>93</ns3:cad>
          </ns3:TrackPointExtension>
        </extensions>
      </trkpt>
      <trkpt lat="45.7952100969851016998291015625" lon="126.62667897529900074005126953125">
        <ele>118.8000030517578125</ele>
        <time>2026-10-04T21:43:28.000Z</time>
        <extensions>
          <ns3:TrackPointExtension>
            <ns3:hr>150</ns3:hr>
            <ns3:cad>93</ns3:cad>
          </ns3:TrackPointExtension>
        </extensions>
      </trkpt>
      <trkpt lat="45.79518520273268222808837890625" lon="126.62666690535843372344970703125">
        <ele>118.8000030517578125</ele>
        <time>2026-10-04T21:43:29.000Z</time>
        <extensions>
          <ns3:TrackPointExtension>
            <ns3:hr>150</ns3:hr>
            <ns3:cad>92</ns3:cad>
          </ns3:TrackPointExtension>
        </extensions>
      </trkpt>
      <trkpt lat="45.79515771009027957916259765625" lon="126.62664108909666538238525390625">
        <ele>119</ele>
        <time>2026-10-04T21:43:30.000Z</time>
        <extensions>
          <ns3:TrackPointExtension>
            <ns3:hr>150</ns3:hr>
            <ns3:cad>92</ns3:cad>
          </ns3:TrackPointExtension>
        </extensions>
      </trkpt>
      <trkpt lat="45.79513541422784328460693359375" lon="126.6266254149377346038818359375">
        <ele>119</ele>
        <time>2026-10-04T21:43:31.000Z</time>
        <extensions>
          <ns3:TrackPointExtension>
            <ns3:hr>150</ns3:hr>
            <ns3:cad>93</ns3:cad>
          </ns3:TrackPointExtension>
        </extensions>
      </trkpt>
      <trkpt lat="45.79510800540447235107421875" lon="126.6265982575714588165283203125">
        <ele>118.8000030517578125</ele>
        <time>2026-10-04T21:43:32.000Z</time>
        <extensions>
          <ns3:TrackPointExtension>
            <ns3:hr>150</ns3:hr>
            <ns3:cad>94</ns3:cad>
          </ns3:TrackPointExtension>
        </extensions>
      </trkpt>
      <trkpt lat="45.79508210532367229461669921875" lon="126.62658543325960636138916015625">
        <ele>118.8000030517578125</ele>
        <time>2026-10-04T21:43:33.000Z</time>
        <extensions>
          <ns3:TrackPointExtension>
            <ns3:hr>150</ns3:hr>
            <ns3:cad>94</ns3:cad>
          </ns3:TrackPointExtension>
        </extensions>
      </trkpt>
      <trkpt lat="45.79505360685288906097412109375" lon="126.62655852735042572021484375">
        <ele>118.8000030517578125</ele>
        <time>2026-10-04T21:43:34.000Z</time>
        <extensions>
          <ns3:TrackPointExtension>
            <ns3:hr>150</ns3:hr>
            <ns3:cad>92</ns3:cad>
          </ns3:TrackPointExtension>
        </extensions>
      </trkpt>
      <trkpt lat="45.79502460546791553497314453125" lon="126.62653706967830657958984375">
        <ele>118.8000030517578125</ele>
        <time>2026-10-04T21:43:35.000Z</time>
        <extensions>
          <ns3:TrackPointExtension>
            <ns3:hr>150</ns3:hr>
            <ns3:cad>92</ns3:cad>
          </ns3:TrackPointExtension>
        </extensions>
      </trkpt>
      <trkpt lat="45.79500013031065464019775390625" lon="126.6265060566365718841552734375">
        <ele>118.8000030517578125</ele>
        <time>2026-10-04T21:43:36.000Z</time>
        <extensions>
          <ns3:TrackPointExtension>
            <ns3:hr>150</ns3:hr>
            <ns3:cad>92</ns3:cad>
          </ns3:TrackPointExtension>
        </extensions>
      </trkpt>
      <trkpt lat="45.7949713803827762603759765625" lon="126.62647948600351810455322265625">
        <ele>118.8000030517578125</ele>
        <time>2026-10-04T21:43:37.000Z</time>
        <extensions>
          <ns3:TrackPointExtension>
            <ns3:hr>150</ns3:hr>
            <ns3:cad>92</ns3:cad>
          </ns3:TrackPointExtension>
        </extensions>
      </trkpt>
      <trkpt lat="45.79494916833937168121337890625" lon="126.62645702250301837921142578125">
        <ele>119</ele>
        <time>2026-10-04T21:43:38.000Z</time>
        <extensions>
          <ns3:TrackPointExtension>
            <ns3:hr>150</ns3:hr>
            <ns3:cad>92</ns3:cad>
          </ns3:TrackPointExtension>
        </extensions>
      </trkpt>
      <trkpt lat="45.794918239116668701171875" lon="126.62643170915544033050537109375">
        <ele>119</ele>
        <time>2026-10-04T21:43:39.000Z</time>
        <extensions>
          <ns3:TrackPointExtension>
            <ns3:hr>149</ns3:hr>
            <ns3:cad>92</ns3:cad>
          </ns3:TrackPointExtension>
        </extensions>
      </trkpt>
      <trkpt lat="45.79489284195005893707275390625" lon="126.62641276605427265167236328125">
        <ele>119</ele>
        <time>2026-10-04T21:43:40.000Z</time>
        <extensions>
          <ns3:TrackPointExtension>
            <ns3:hr>150</ns3:hr>
            <ns3:cad>92</ns3:cad>
          </ns3:TrackPointExtension>
        </extensions>
      </trkpt>
      <trkpt lat="45.79486467875540256500244140625" lon="126.62638225592672824859619140625">
        <ele>119</ele>
        <time>2026-10-04T21:43:41.000Z</time>
        <extensions>
          <ns3:TrackPointExtension>
            <ns3:hr>150</ns3:hr>
            <ns3:cad>91</ns3:cad>
          </ns3:TrackPointExtension>
        </extensions>
      </trkpt>
      <trkpt lat="45.7948365993797779083251953125" lon="126.62636951543390750885009765625">
        <ele>119</ele>
        <time>2026-10-04T21:43:42.000Z</time>
        <extensions>
          <ns3:TrackPointExtension>
            <ns3:hr>150</ns3:hr>
            <ns3:cad>91</ns3:cad>
          </ns3:TrackPointExtension>
        </extensions>
      </trkpt>
      <trkpt lat="45.7948114536702632904052734375" lon="126.62634084932506084442138671875">
        <ele>119</ele>
        <time>2026-10-04T21:43:43.000Z</time>
        <extensions>
          <ns3:TrackPointExtension>
            <ns3:hr>150</ns3:hr>
            <ns3:cad>92</ns3:cad>
          </ns3:TrackPointExtension>
        </extensions>
      </trkpt>
      <trkpt lat="45.79478672705590724945068359375" lon="126.6263243369758129119873046875">
        <ele>119</ele>
        <time>2026-10-04T21:43:44.000Z</time>
        <extensions>
          <ns3:TrackPointExtension>
            <ns3:hr>151</ns3:hr>
            <ns3:cad>93</ns3:cad>
          </ns3:TrackPointExtension>
        </extensions>
      </trkpt>
      <trkpt lat="45.79475940205156803131103515625" lon="126.62629726342856884002685546875">
        <ele>119</ele>
        <time>2026-10-04T21:43:45.000Z</time>
        <extensions>
          <ns3:TrackPointExtension>
            <ns3:hr>151</ns3:hr>
            <ns3:cad>93</ns3:cad>
          </ns3:TrackPointExtension>
        </extensions>
      </trkpt>
      <trkpt lat="45.79473249614238739013671875" lon="126.62627513520419597625732421875">
        <ele>119</ele>
        <time>2026-10-04T21:43:46.000Z</time>
        <extensions>
          <ns3:TrackPointExtension>
            <ns3:hr>151</ns3:hr>
            <ns3:cad>92</ns3:cad>
          </ns3:TrackPointExtension>
        </extensions>
      </trkpt>
      <trkpt lat="45.79470860771834850311279296875" lon="126.626247055828571319580078125">
        <ele>118.8000030517578125</ele>
        <time>2026-10-04T21:43:47.000Z</time>
        <extensions>
          <ns3:TrackPointExtension>
            <ns3:hr>151</ns3:hr>
            <ns3:cad>92</ns3:cad>
          </ns3:TrackPointExtension>
        </extensions>
      </trkpt>
      <trkpt lat="45.79467960633337497711181640625" lon="126.62621797062456607818603515625">
        <ele>118.8000030517578125</ele>
        <time>2026-10-04T21:43:48.000Z</time>
        <extensions>
          <ns3:TrackPointExtension>
            <ns3:hr>151</ns3:hr>
            <ns3:cad>92</ns3:cad>
          </ns3:TrackPointExtension>
        </extensions>
      </trkpt>
      <trkpt lat="45.79465647228062152862548828125" lon="126.62619433365762233734130859375">
        <ele>118.8000030517578125</ele>
        <time>2026-10-04T21:43:49.000Z</time>
        <extensions>
          <ns3:TrackPointExtension>
            <ns3:hr>150</ns3:hr>
            <ns3:cad>92</ns3:cad>
          </ns3:TrackPointExtension>
        </extensions>
      </trkpt>
      <trkpt lat="45.79462797380983829498291015625" lon="126.6261630691587924957275390625">
        <ele>118.8000030517578125</ele>
        <time>2026-10-04T21:43:50.000Z</time>
        <extensions>
          <ns3:TrackPointExtension>
            <ns3:hr>151</ns3:hr>
            <ns3:cad>92</ns3:cad>
          </ns3:TrackPointExtension>
        </extensions>
      </trkpt>
      <trkpt lat="45.79460232518613338470458984375" lon="126.6261486522853374481201171875">
        <ele>118.8000030517578125</ele>
        <time>2026-10-04T21:43:51.000Z</time>
        <extensions>
          <ns3:TrackPointExtension>
            <ns3:hr>151</ns3:hr>
            <ns3:cad>93</ns3:cad>
          </ns3:TrackPointExtension>
        </extensions>
      </trkpt>
      <trkpt lat="45.79457416199147701263427734375" lon="126.6261206567287445068359375">
        <ele>118.8000030517578125</ele>
        <time>2026-10-04T21:43:52.000Z</time>
        <extensions>
          <ns3:TrackPointExtension>
            <ns3:hr>150</ns3:hr>
            <ns3:cad>93</ns3:cad>
          </ns3:TrackPointExtension>
        </extensions>
      </trkpt>
      <trkpt lat="45.7945499382913112640380859375" lon="126.6261005401611328125">
        <ele>118.8000030517578125</ele>
        <time>2026-10-04T21:43:53.000Z</time>
        <extensions>
          <ns3:TrackPointExtension>
            <ns3:hr>151</ns3:hr>
            <ns3:cad>93</ns3:cad>
          </ns3:TrackPointExtension>
        </extensions>
      </trkpt>
      <trkpt lat="45.79451917670667171478271484375" lon="126.62606961093842983245849609375">
        <ele>118.8000030517578125</ele>
        <time>2026-10-04T21:43:54.000Z</time>
        <extensions>
          <ns3:TrackPointExtension>
            <ns3:hr>151</ns3:hr>
            <ns3:cad>93</ns3:cad>
          </ns3:TrackPointExtension>
        </extensions>
      </trkpt>
      <trkpt lat="45.79449252225458621978759765625" lon="126.62605226039886474609375">
        <ele>118.8000030517578125</ele>
        <time>2026-10-04T21:43:55.000Z</time>
        <extensions>
          <ns3:TrackPointExtension>
            <ns3:hr>151</ns3:hr>
            <ns3:cad>93</ns3:cad>
          </ns3:TrackPointExtension>
        </extensions>
      </trkpt>
      <trkpt lat="45.79446536488831043243408203125" lon="126.62602007389068603515625">
        <ele>118.8000030517578125</ele>
        <time>2026-10-04T21:43:56.000Z</time>
        <extensions>
          <ns3:TrackPointExtension>
            <ns3:hr>151</ns3:hr>
            <ns3:cad>93</ns3:cad>
          </ns3:TrackPointExtension>
        </extensions>
      </trkpt>
      <trkpt lat="45.794440805912017822265625" lon="126.625995598733425140380859375">
        <ele>119</ele>
        <time>2026-10-04T21:43:57.000Z</time>
        <extensions>
          <ns3:TrackPointExtension>
            <ns3:hr>152</ns3:hr>
            <ns3:cad>93</ns3:cad>
          </ns3:TrackPointExtension>
        </extensions>
      </trkpt>
      <trkpt lat="45.79442027024924755096435546875" lon="126.62597539834678173065185546875">
        <ele>119</ele>
        <time>2026-10-04T21:43:58.000Z</time>
        <extensions>
          <ns3:TrackPointExtension>
            <ns3:hr>151</ns3:hr>
            <ns3:cad>46</ns3:cad>
          </ns3:TrackPointExtension>
        </extensions>
      </trkpt>
      <trkpt lat="45.79439361579716205596923828125" lon="126.62595611996948719024658203125">
        <ele>118.8000030517578125</ele>
        <time>2026-10-04T21:43:59.000Z</time>
        <extensions>
          <ns3:TrackPointExtension>
            <ns3:hr>152</ns3:hr>
            <ns3:cad>46</ns3:cad>
          </ns3:TrackPointExtension>
        </extensions>
      </trkpt>
      <trkpt lat="45.7943698950111865997314453125" lon="126.62593851797282695770263671875">
        <ele>119</ele>
        <time>2026-10-04T21:44:00.000Z</time>
        <extensions>
          <ns3:TrackPointExtension>
            <ns3:hr>152</ns3:hr>
            <ns3:cad>91</ns3:cad>
          </ns3:TrackPointExtension>
        </extensions>
      </trkpt>
      <trkpt lat="45.79433745704591274261474609375" lon="126.6259065829217433929443359375">
        <ele>119</ele>
        <time>2026-10-04T21:44:01.000Z</time>
        <extensions>
          <ns3:TrackPointExtension>
            <ns3:hr>152</ns3:hr>
            <ns3:cad>91</ns3:cad>
          </ns3:TrackPointExtension>
        </extensions>
      </trkpt>
      <trkpt lat="45.79431247897446155548095703125" lon="126.62588101811707019805908203125">
        <ele>118.8000030517578125</ele>
        <time>2026-10-04T21:44:02.000Z</time>
        <extensions>
          <ns3:TrackPointExtension>
            <ns3:hr>151</ns3:hr>
            <ns3:cad>91</ns3:cad>
          </ns3:TrackPointExtension>
        </extensions>
      </trkpt>
      <trkpt lat="45.79428330995142459869384765625" lon="126.6258418746292591094970703125">
        <ele>119</ele>
        <time>2026-10-04T21:44:03.000Z</time>
        <extensions>
          <ns3:TrackPointExtension>
            <ns3:hr>151</ns3:hr>
            <ns3:cad>92</ns3:cad>
          </ns3:TrackPointExtension>
        </extensions>
      </trkpt>
      <trkpt lat="45.7942548952996730804443359375" lon="126.6258202493190765380859375">
        <ele>119</ele>
        <time>2026-10-04T21:44:04.000Z</time>
        <extensions>
          <ns3:TrackPointExtension>
            <ns3:hr>151</ns3:hr>
            <ns3:cad>92</ns3:cad>
          </ns3:TrackPointExtension>
        </extensions>
      </trkpt>
      <trkpt lat="45.79422681592404842376708984375" lon="126.62579216994345188140869140625">
        <ele>119</ele>
        <time>2026-10-04T21:44:05.000Z</time>
        <extensions>
          <ns3:TrackPointExtension>
            <ns3:hr>151</ns3:hr>
            <ns3:cad>92</ns3:cad>
          </ns3:TrackPointExtension>
        </extensions>
      </trkpt>
      <trkpt lat="45.7942009158432483673095703125" lon="126.62577020935714244842529296875">
        <ele>119</ele>
        <time>2026-10-04T21:44:06.000Z</time>
        <extensions>
          <ns3:TrackPointExtension>
            <ns3:hr>151</ns3:hr>
            <ns3:cad>92</ns3:cad>
          </ns3:TrackPointExtension>
        </extensions>
      </trkpt>
      <trkpt lat="45.79417333938181400299072265625" lon="126.625738441944122314453125">
        <ele>119</ele>
        <time>2026-10-04T21:44:07.000Z</time>
        <extensions>
          <ns3:TrackPointExtension>
            <ns3:hr>151</ns3:hr>
            <ns3:cad>93</ns3:cad>
          </ns3:TrackPointExtension>
        </extensions>
      </trkpt>
      <trkpt lat="45.7941442541778087615966796875" lon="126.6257102787494659423828125">
        <ele>119</ele>
        <time>2026-10-04T21:44:08.000Z</time>
        <extensions>
          <ns3:TrackPointExtension>
            <ns3:hr>152</ns3:hr>
            <ns3:cad>93</ns3:cad>
          </ns3:TrackPointExtension>
        </extensions>
      </trkpt>
      <trkpt lat="45.79411835409700870513916015625" lon="126.625686474144458770751953125">
        <ele>119</ele>
        <time>2026-10-04T21:44:09.000Z</time>
        <extensions>
          <ns3:TrackPointExtension>
            <ns3:hr>152</ns3:hr>
            <ns3:cad>93</ns3:cad>
          </ns3:TrackPointExtension>
        </extensions>
      </trkpt>
      <trkpt lat="45.79408465884625911712646484375" lon="126.6256631724536418914794921875">
        <ele>119</ele>
        <time>2026-10-04T21:44:10.000Z</time>
        <extensions>
          <ns3:TrackPointExtension>
            <ns3:hr>152</ns3:hr>
            <ns3:cad>92</ns3:cad>
          </ns3:TrackPointExtension>
        </extensions>
      </trkpt>
      <trkpt lat="45.7940570823848247528076171875" lon="126.62564146332442760467529296875">
        <ele>119</ele>
        <time>2026-10-04T21:44:11.000Z</time>
        <extensions>
          <ns3:TrackPointExtension>
            <ns3:hr>153</ns3:hr>
            <ns3:cad>92</ns3:cad>
          </ns3:TrackPointExtension>
        </extensions>
      </trkpt>
      <trkpt lat="45.79402548260986804962158203125" lon="126.6256115399301052093505859375">
        <ele>119</ele>
        <time>2026-10-04T21:44:12.000Z</time>
        <extensions>
          <ns3:TrackPointExtension>
            <ns3:hr>153</ns3:hr>
            <ns3:cad>92</ns3:cad>
          </ns3:TrackPointExtension>
        </extensions>
      </trkpt>
      <trkpt lat="45.79399581067264080047607421875" lon="126.62559033371508121490478515625">
        <ele>119</ele>
        <time>2026-10-04T21:44:13.000Z</time>
        <extensions>
          <ns3:TrackPointExtension>
            <ns3:hr>153</ns3:hr>
            <ns3:cad>92</ns3:cad>
          </ns3:TrackPointExtension>
        </extensions>
      </trkpt>
      <trkpt lat="45.7939605228602886199951171875" lon="126.6255612485110759735107421875">
        <ele>119</ele>
        <time>2026-10-04T21:44:14.000Z</time>
        <extensions>
          <ns3:TrackPointExtension>
            <ns3:hr>152</ns3:hr>
            <ns3:cad>92</ns3:cad>
          </ns3:TrackPointExtension>
        </extensions>
      </trkpt>
      <trkpt lat="45.793932192027568817138671875" lon="126.625538952648639678955078125">
        <ele>119</ele>
        <time>2026-10-04T21:44:15.000Z</time>
        <extensions>
          <ns3:TrackPointExtension>
            <ns3:hr>153</ns3:hr>
            <ns3:cad>92</ns3:cad>
          </ns3:TrackPointExtension>
        </extensions>
      </trkpt>
      <trkpt lat="45.7939015142619609832763671875" lon="126.6255139745771884918212890625">
        <ele>119</ele>
        <time>2026-10-04T21:44:16.000Z</time>
        <extensions>
          <ns3:TrackPointExtension>
            <ns3:hr>153</ns3:hr>
            <ns3:cad>92</ns3:cad>
          </ns3:TrackPointExtension>
        </extensions>
      </trkpt>
      <trkpt lat="45.7938713394105434417724609375" lon="126.62550483830273151397705078125">
        <ele>119</ele>
        <time>2026-10-04T21:44:17.000Z</time>
        <extensions>
          <ns3:TrackPointExtension>
            <ns3:hr>154</ns3:hr>
            <ns3:cad>92</ns3:cad>
          </ns3:TrackPointExtension>
        </extensions>
      </trkpt>
      <trkpt lat="45.79384074546396732330322265625" lon="126.62548564374446868896484375">
        <ele>119</ele>
        <time>2026-10-04T21:44:18.000Z</time>
        <extensions>
          <ns3:TrackPointExtension>
            <ns3:hr>154</ns3:hr>
            <ns3:cad>93</ns3:cad>
          </ns3:TrackPointExtension>
        </extensions>
      </trkpt>
      <trkpt lat="45.79380981624126434326171875" lon="126.62546879611909389495849609375">
        <ele>119</ele>
        <time>2026-10-04T21:44:19.000Z</time>
        <extensions>
          <ns3:TrackPointExtension>
            <ns3:hr>155</ns3:hr>
            <ns3:cad>93</ns3:cad>
          </ns3:TrackPointExtension>
        </extensions>
      </trkpt>
      <trkpt lat="45.7937824912369251251220703125" lon="126.62545421160757541656494140625">
        <ele>119</ele>
        <time>2026-10-04T21:44:20.000Z</time>
        <extensions>
          <ns3:TrackPointExtension>
            <ns3:hr>155</ns3:hr>
            <ns3:cad>93</ns3:cad>
          </ns3:TrackPointExtension>
        </extensions>
      </trkpt>
      <trkpt lat="45.79374871216714382171630859375" lon="126.62544348277151584625244140625">
        <ele>119</ele>
        <time>2026-10-04T21:44:21.000Z</time>
        <extensions>
          <ns3:TrackPointExtension>
            <ns3:hr>155</ns3:hr>
            <ns3:cad>92</ns3:cad>
          </ns3:TrackPointExtension>
        </extensions>
      </trkpt>
      <trkpt lat="45.79372004605829715728759765625" lon="126.62543945945799350738525390625">
        <ele>119</ele>
        <time>2026-10-04T21:44:22.000Z</time>
        <extensions>
          <ns3:TrackPointExtension>
            <ns3:hr>155</ns3:hr>
            <ns3:cad>93</ns3:cad>
          </ns3:TrackPointExtension>
        </extensions>
      </trkpt>
      <trkpt lat="45.79368534497916698455810546875" lon="126.6254361905157566070556640625">
        <ele>119</ele>
        <time>2026-10-04T21:44:23.000Z</time>
        <extensions>
          <ns3:TrackPointExtension>
            <ns3:hr>156</ns3:hr>
            <ns3:cad>93</ns3:cad>
          </ns3:TrackPointExtension>
        </extensions>
      </trkpt>
      <trkpt lat="45.79365751706063747406005859375" lon="126.6254321672022342681884765625">
        <ele>119</ele>
        <time>2026-10-04T21:44:24.000Z</time>
        <extensions>
          <ns3:TrackPointExtension>
            <ns3:hr>156</ns3:hr>
            <ns3:cad>93</ns3:cad>
          </ns3:TrackPointExtension>
        </extensions>
      </trkpt>
      <trkpt lat="45.793622396886348724365234375" lon="126.62542705424129962921142578125">
        <ele>119</ele>
        <time>2026-10-04T21:44:25.000Z</time>
        <extensions>
          <ns3:TrackPointExtension>
            <ns3:hr>156</ns3:hr>
            <ns3:cad>93</ns3:cad>
          </ns3:TrackPointExtension>
        </extensions>
      </trkpt>
      <trkpt lat="45.7935945689678192138671875" lon="126.6254311613738536834716796875">
        <ele>119.1999969482421875</ele>
        <time>2026-10-04T21:44:26.000Z</time>
        <extensions>
          <ns3:TrackPointExtension>
            <ns3:hr>156</ns3:hr>
            <ns3:cad>93</ns3:cad>
          </ns3:TrackPointExtension>
        </extensions>
      </trkpt>
      <trkpt lat="45.793562047183513641357421875" lon="126.62543065845966339111328125">
        <ele>119.1999969482421875</ele>
        <time>2026-10-04T21:44:27.000Z</time>
        <extensions>
          <ns3:TrackPointExtension>
            <ns3:hr>156</ns3:hr>
            <ns3:cad>92</ns3:cad>
          </ns3:TrackPointExtension>
        </extensions>
      </trkpt>
      <trkpt lat="45.79353027977049350738525390625" lon="126.6254375316202640533447265625">
        <ele>119.1999969482421875</ele>
        <time>2026-10-04T21:44:28.000Z</time>
        <extensions>
          <ns3:TrackPointExtension>
            <ns3:hr>157</ns3:hr>
            <ns3:cad>92</ns3:cad>
          </ns3:TrackPointExtension>
        </extensions>
      </trkpt>
      <trkpt lat="45.79350027255713939666748046875" lon="126.62543895654380321502685546875">
        <ele>119.1999969482421875</ele>
        <time>2026-10-04T21:44:29.000Z</time>
        <extensions>
          <ns3:TrackPointExtension>
            <ns3:hr>157</ns3:hr>
            <ns3:cad>92</ns3:cad>
          </ns3:TrackPointExtension>
        </extensions>
      </trkpt>
      <trkpt lat="45.79346657730638980865478515625" lon="126.62544415332376956939697265625">
        <ele>119.1999969482421875</ele>
        <time>2026-10-04T21:44:30.000Z</time>
        <extensions>
          <ns3:TrackPointExtension>
            <ns3:hr>157</ns3:hr>
            <ns3:cad>92</ns3:cad>
          </ns3:TrackPointExtension>
        </extensions>
      </trkpt>
      <trkpt lat="45.79343640245497226715087890625" lon="126.62544365040957927703857421875">
        <ele>119.1999969482421875</ele>
        <time>2026-10-04T21:44:31.000Z</time>
        <extensions>
          <ns3:TrackPointExtension>
            <ns3:hr>156</ns3:hr>
            <ns3:cad>92</ns3:cad>
          </ns3:TrackPointExtension>
        </extensions>
      </trkpt>
      <trkpt lat="45.7934036292135715484619140625" lon="126.62545572035014629364013671875">
        <ele>119.1999969482421875</ele>
        <time>2026-10-04T21:44:32.000Z</time>
        <extensions>
          <ns3:TrackPointExtension>
            <ns3:hr>157</ns3:hr>
            <ns3:cad>92</ns3:cad>
          </ns3:TrackPointExtension>
        </extensions>
      </trkpt>
      <trkpt lat="45.79337663948535919189453125" lon="126.62545739673078060150146484375">
        <ele>119.40000152587890625</ele>
        <time>2026-10-04T21:44:33.000Z</time>
        <extensions>
          <ns3:TrackPointExtension>
            <ns3:hr>157</ns3:hr>
            <ns3:cad>93</ns3:cad>
          </ns3:TrackPointExtension>
        </extensions>
      </trkpt>
      <trkpt lat="45.79334177076816558837890625" lon="126.6254700534045696258544921875">
        <ele>119.40000152587890625</ele>
        <time>2026-10-04T21:44:34.000Z</time>
        <extensions>
          <ns3:TrackPointExtension>
            <ns3:hr>157</ns3:hr>
            <ns3:cad>93</ns3:cad>
          </ns3:TrackPointExtension>
        </extensions>
      </trkpt>
      <trkpt lat="45.79331235028803348541259765625" lon="126.62548136897385120391845703125">
        <ele>119.40000152587890625</ele>
        <time>2026-10-04T21:44:35.000Z</time>
        <extensions>
          <ns3:TrackPointExtension>
            <ns3:hr>157</ns3:hr>
            <ns3:cad>93</ns3:cad>
          </ns3:TrackPointExtension>
        </extensions>
      </trkpt>
      <trkpt lat="45.79327798448503017425537109375" lon="126.62550198845565319061279296875">
        <ele>119.40000152587890625</ele>
        <time>2026-10-04T21:44:36.000Z</time>
        <extensions>
          <ns3:TrackPointExtension>
            <ns3:hr>156</ns3:hr>
            <ns3:cad>94</ns3:cad>
          </ns3:TrackPointExtension>
        </extensions>
      </trkpt>
      <trkpt lat="45.79325149767100811004638671875" lon="126.62552227266132831573486328125">
        <ele>119.40000152587890625</ele>
        <time>2026-10-04T21:44:37.000Z</time>
        <extensions>
          <ns3:TrackPointExtension>
            <ns3:hr>157</ns3:hr>
            <ns3:cad>94</ns3:cad>
          </ns3:TrackPointExtension>
        </extensions>
      </trkpt>
      <trkpt lat="45.7932178862392902374267578125" lon="126.62553719244897365570068359375">
        <ele>119.59999847412109375</ele>
        <time>2026-10-04T21:44:38.000Z</time>
        <extensions>
          <ns3:TrackPointExtension>
            <ns3:hr>157</ns3:hr>
            <ns3:cad>93</ns3:cad>
          </ns3:TrackPointExtension>
        </extensions>
      </trkpt>
      <trkpt lat="45.793196596205234527587890625" lon="126.6255565546452999114990234375">
        <ele>119.59999847412109375</ele>
        <time>2026-10-04T21:44:39.000Z</time>
        <extensions>
          <ns3:TrackPointExtension>
            <ns3:hr>157</ns3:hr>
            <ns3:cad>93</ns3:cad>
          </ns3:TrackPointExtension>
        </extensions>
      </trkpt>
      <trkpt lat="45.793166421353816986083984375" lon="126.62557507865130901336669921875">
        <ele>119.59999847412109375</ele>
        <time>2026-10-04T21:44:40.000Z</time>
        <extensions>
          <ns3:TrackPointExtension>
            <ns3:hr>157</ns3:hr>
            <ns3:cad>92</ns3:cad>
          </ns3:TrackPointExtension>
        </extensions>
      </trkpt>
      <trkpt lat="45.79314672388136386871337890625" lon="126.62560592405498027801513671875">
        <ele>119.8000030517578125</ele>
        <time>2026-10-04T21:44:41.000Z</time>
        <extensions>
          <ns3:TrackPointExtension>
            <ns3:hr>157</ns3:hr>
            <ns3:cad>92</ns3:cad>
          </ns3:TrackPointExtension>
        </extensions>
      </trkpt>
      <trkpt lat="45.79311512410640716552734375" lon="126.6256271302700042724609375">
        <ele>119.8000030517578125</ele>
        <time>2026-10-04T21:44:42.000Z</time>
        <extensions>
          <ns3:TrackPointExtension>
            <ns3:hr>156</ns3:hr>
            <ns3:cad>92</ns3:cad>
          </ns3:TrackPointExtension>
        </extensions>
      </trkpt>
      <trkpt lat="45.79309240914881229400634765625" lon="126.6256614960730075836181640625">
        <ele>119.8000030517578125</ele>
        <time>2026-10-04T21:44:43.000Z</time>
        <extensions>
          <ns3:TrackPointExtension>
            <ns3:hr>156</ns3:hr>
            <ns3:cad>92</ns3:cad>
          </ns3:TrackPointExtension>
        </extensions>
      </trkpt>
      <trkpt lat="45.793068520724773406982421875" lon="126.62569561041891574859619140625">
        <ele>119.8000030517578125</ele>
        <time>2026-10-04T21:44:44.000Z</time>
        <extensions>
          <ns3:TrackPointExtension>
            <ns3:hr>155</ns3:hr>
            <ns3:cad>93</ns3:cad>
          </ns3:TrackPointExtension>
        </extensions>
      </trkpt>
      <trkpt lat="45.793044380843639373779296875" lon="126.62573374807834625244140625">
        <ele>119.8000030517578125</ele>
        <time>2026-10-04T21:44:45.000Z</time>
        <extensions>
          <ns3:TrackPointExtension>
            <ns3:hr>154</ns3:hr>
            <ns3:cad>92</ns3:cad>
          </ns3:TrackPointExtension>
        </extensions>
      </trkpt>
      <trkpt lat="45.7930244319140911102294921875" lon="126.62576735951006412506103515625">
        <ele>119.8000030517578125</ele>
        <time>2026-10-04T21:44:46.000Z</time>
        <extensions>
          <ns3:TrackPointExtension>
            <ns3:hr>152</ns3:hr>
            <ns3:cad>91</ns3:cad>
          </ns3:TrackPointExtension>
        </extensions>
      </trkpt>
      <trkpt lat="45.79299652017652988433837890625" lon="126.6258006356656551361083984375">
        <ele>120</ele>
        <time>2026-10-04T21:44:47.000Z</time>
        <extensions>
          <ns3:TrackPointExtension>
            <ns3:hr>152</ns3:hr>
            <ns3:cad>91</ns3:cad>
          </ns3:TrackPointExtension>
        </extensions>
      </trkpt>
      <trkpt lat="45.79297523014247417449951171875" lon="126.62583240307867527008056640625">
        <ele>120</ele>
        <time>2026-10-04T21:44:48.000Z</time>
        <extensions>
          <ns3:TrackPointExtension>
            <ns3:hr>151</ns3:hr>
            <ns3:cad>92</ns3:cad>
          </ns3:TrackPointExtension>
        </extensions>
      </trkpt>
      <trkpt lat="45.792950503528118133544921875" lon="126.6258680261671543121337890625">
        <ele>120</ele>
        <time>2026-10-04T21:44:49.000Z</time>
        <extensions>
          <ns3:TrackPointExtension>
            <ns3:hr>150</ns3:hr>
            <ns3:cad>92</ns3:cad>
          </ns3:TrackPointExtension>
        </extensions>
      </trkpt>
      <trkpt lat="45.7929312251508235931396484375" lon="126.6258992068469524383544921875">
        <ele>120.1999969482421875</ele>
        <time>2026-10-04T21:44:50.000Z</time>
        <extensions>
          <ns3:TrackPointExtension>
            <ns3:hr>149</ns3:hr>
            <ns3:cad>92</ns3:cad>
          </ns3:TrackPointExtension>
        </extensions>
      </trkpt>
      <trkpt lat="45.792914293706417083740234375" lon="126.6259407810866832733154296875">
        <ele>120.1999969482421875</ele>
        <time>2026-10-04T21:44:51.000Z</time>
        <extensions>
          <ns3:TrackPointExtension>
            <ns3:hr>149</ns3:hr>
            <ns3:cad>92</ns3:cad>
          </ns3:TrackPointExtension>
        </extensions>
      </trkpt>
      <trkpt lat="45.79290281049907207489013671875" lon="126.625973470509052276611328125">
        <ele>120.1999969482421875</ele>
        <time>2026-10-04T21:44:52.000Z</time>
        <extensions>
          <ns3:TrackPointExtension>
            <ns3:hr>149</ns3:hr>
            <ns3:cad>93</ns3:cad>
          </ns3:TrackPointExtension>
        </extensions>
      </trkpt>
      <trkpt lat="45.79288336448371410369873046875" lon="126.62601714022457599639892578125">
        <ele>120.1999969482421875</ele>
        <time>2026-10-04T21:44:53.000Z</time>
        <extensions>
          <ns3:TrackPointExtension>
            <ns3:hr>149</ns3:hr>
            <ns3:cad>93</ns3:cad>
          </ns3:TrackPointExtension>
        </extensions>
      </trkpt>
      <trkpt lat="45.7928688637912273406982421875" lon="126.62605720572173595428466796875">
        <ele>120.1999969482421875</ele>
        <time>2026-10-04T21:44:54.000Z</time>
        <extensions>
          <ns3:TrackPointExtension>
            <ns3:hr>150</ns3:hr>
            <ns3:cad>93</ns3:cad>
          </ns3:TrackPointExtension>
        </extensions>
      </trkpt>
      <trkpt lat="45.79285285435616970062255859375" lon="126.6261000372469425201416015625">
        <ele>120.1999969482421875</ele>
        <time>2026-10-04T21:44:55.000Z</time>
        <extensions>
          <ns3:TrackPointExtension>
            <ns3:hr>150</ns3:hr>
            <ns3:cad>93</ns3:cad>
          </ns3:TrackPointExtension>
        </extensions>
      </trkpt>
      <trkpt lat="45.7928407005965709686279296875" lon="126.62614622153341770172119140625">
        <ele>120.1999969482421875</ele>
        <time>2026-10-04T21:44:56.000Z</time>
        <extensions>
          <ns3:TrackPointExtension>
            <ns3:hr>150</ns3:hr>
            <ns3:cad>92</ns3:cad>
          </ns3:TrackPointExtension>
        </extensions>
      </trkpt>
      <trkpt lat="45.79282544553279876708984375" lon="126.626189053058624267578125">
        <ele>120.1999969482421875</ele>
        <time>2026-10-04T21:44:57.000Z</time>
        <extensions>
          <ns3:TrackPointExtension>
            <ns3:hr>150</ns3:hr>
            <ns3:cad>92</ns3:cad>
          </ns3:TrackPointExtension>
        </extensions>
      </trkpt>
      <trkpt lat="45.792809017002582550048828125" lon="126.62622970528900623321533203125">
        <ele>120.1999969482421875</ele>
        <time>2026-10-04T21:44:58.000Z</time>
        <extensions>
          <ns3:TrackPointExtension>
            <ns3:hr>150</ns3:hr>
            <ns3:cad>92</ns3:cad>
          </ns3:TrackPointExtension>
        </extensions>
      </trkpt>
      <trkpt lat="45.7927971147000789642333984375" lon="126.626269519329071044921875">
        <ele>120.1999969482421875</ele>
        <time>2026-10-04T21:44:59.000Z</time>
        <extensions>
          <ns3:TrackPointExtension>
            <ns3:hr>150</ns3:hr>
            <ns3:cad>92</ns3:cad>
          </ns3:TrackPointExtension>
        </extensions>
      </trkpt>
      <trkpt lat="45.79278864897787570953369140625" lon="126.6263193078339099884033203125">
        <ele>120.1999969482421875</ele>
        <time>2026-10-04T21:45:00.000Z</time>
        <extensions>
          <ns3:TrackPointExtension>
            <ns3:hr>150</ns3:hr>
            <ns3:cad>92</ns3:cad>
          </ns3:TrackPointExtension>
        </extensions>
      </trkpt>
      <trkpt lat="45.79278948716819286346435546875" lon="126.62636565975844860076904296875">
        <ele>120.1999969482421875</ele>
        <time>2026-10-04T21:45:01.000Z</time>
        <extensions>
          <ns3:TrackPointExtension>
            <ns3:hr>151</ns3:hr>
            <ns3:cad>92</ns3:cad>
          </ns3:TrackPointExtension>
        </extensions>
      </trkpt>
      <trkpt lat="45.79278328455984592437744140625" lon="126.6264121793210506439208984375">
        <ele>120.1999969482421875</ele>
        <time>2026-10-04T21:45:02.000Z</time>
        <extensions>
          <ns3:TrackPointExtension>
            <ns3:hr>151</ns3:hr>
            <ns3:cad>92</ns3:cad>
          </ns3:TrackPointExtension>
        </extensions>
      </trkpt>
      <trkpt lat="45.79278177581727504730224609375" lon="126.62645182572305202484130859375">
        <ele>120.1999969482421875</ele>
        <time>2026-10-04T21:45:03.000Z</time>
        <extensions>
          <ns3:TrackPointExtension>
            <ns3:hr>152</ns3:hr>
            <ns3:cad>92</ns3:cad>
          </ns3:TrackPointExtension>
        </extensions>
      </trkpt>
      <trkpt lat="45.7927738130092620849609375" lon="126.62650085985660552978515625">
        <ele>120.1999969482421875</ele>
        <time>2026-10-04T21:45:04.000Z</time>
        <extensions>
          <ns3:TrackPointExtension>
            <ns3:hr>152</ns3:hr>
            <ns3:cad>92</ns3:cad>
          </ns3:TrackPointExtension>
        </extensions>
      </trkpt>
      <trkpt lat="45.79277557320892810821533203125" lon="126.626544110476970672607421875">
        <ele>120.1999969482421875</ele>
        <time>2026-10-04T21:45:05.000Z</time>
        <extensions>
          <ns3:TrackPointExtension>
            <ns3:hr>153</ns3:hr>
            <ns3:cad>92</ns3:cad>
          </ns3:TrackPointExtension>
        </extensions>
      </trkpt>
      <trkpt lat="45.792772136628627777099609375" lon="126.6265922226011753082275390625">
        <ele>120.1999969482421875</ele>
        <time>2026-10-04T21:45:06.000Z</time>
        <extensions>
          <ns3:TrackPointExtension>
            <ns3:hr>154</ns3:hr>
            <ns3:cad>92</ns3:cad>
          </ns3:TrackPointExtension>
        </extensions>
      </trkpt>
      <trkpt lat="45.792776830494403839111328125" lon="126.62663974799215793609619140625">
        <ele>120.1999969482421875</ele>
        <time>2026-10-04T21:45:07.000Z</time>
        <extensions>
          <ns3:TrackPointExtension>
            <ns3:hr>154</ns3:hr>
            <ns3:cad>92</ns3:cad>
          </ns3:TrackPointExtension>
        </extensions>
      </trkpt>
      <trkpt lat="45.7927776686847209930419921875" lon="126.6266830824315547943115234375">
        <ele>120.1999969482421875</ele>
        <time>2026-10-04T21:45:08.000Z</time>
        <extensions>
          <ns3:TrackPointExtension>
            <ns3:hr>155</ns3:hr>
            <ns3:cad>92</ns3:cad>
          </ns3:TrackPointExtension>
        </extensions>
      </trkpt>
      <trkpt lat="45.79278051853179931640625" lon="126.62673178128898143768310546875">
        <ele>120.1999969482421875</ele>
        <time>2026-10-04T21:45:09.000Z</time>
        <extensions>
          <ns3:TrackPointExtension>
            <ns3:hr>155</ns3:hr>
            <ns3:cad>93</ns3:cad>
          </ns3:TrackPointExtension>
        </extensions>
      </trkpt>
      <trkpt lat="45.7927790097892284393310546875" lon="126.62677838467061519622802734375">
        <ele>120.1999969482421875</ele>
        <time>2026-10-04T21:45:10.000Z</time>
        <extensions>
          <ns3:TrackPointExtension>
            <ns3:hr>155</ns3:hr>
            <ns3:cad>93</ns3:cad>
          </ns3:TrackPointExtension>
        </extensions>
      </trkpt>
      <trkpt lat="45.79278529621660709381103515625" lon="126.62682917900383472442626953125">
        <ele>120.1999969482421875</ele>
        <time>2026-10-04T21:45:11.000Z</time>
        <extensions>
          <ns3:TrackPointExtension>
            <ns3:hr>156</ns3:hr>
            <ns3:cad>92</ns3:cad>
          </ns3:TrackPointExtension>
        </extensions>
      </trkpt>
      <trkpt lat="45.79279552213847637176513671875" lon="126.62686966359615325927734375">
        <ele>120.1999969482421875</ele>
        <time>2026-10-04T21:45:12.000Z</time>
        <extensions>
          <ns3:TrackPointExtension>
            <ns3:hr>156</ns3:hr>
            <ns3:cad>92</ns3:cad>
          </ns3:TrackPointExtension>
        </extensions>
      </trkpt>
      <trkpt lat="45.79280708916485309600830078125" lon="126.6269268281757831573486328125">
        <ele>120.1999969482421875</ele>
        <time>2026-10-04T21:45:13.000Z</time>
        <extensions>
          <ns3:TrackPointExtension>
            <ns3:hr>155</ns3:hr>
            <ns3:cad>92</ns3:cad>
          </ns3:TrackPointExtension>
        </extensions>
      </trkpt>
      <trkpt lat="45.79282410442829132080078125" lon="126.62696345709264278411865234375">
        <ele>120.1999969482421875</ele>
        <time>2026-10-04T21:45:14.000Z</time>
        <extensions>
          <ns3:TrackPointExtension>
            <ns3:hr>155</ns3:hr>
            <ns3:cad>92</ns3:cad>
          </ns3:TrackPointExtension>
        </extensions>
      </trkpt>
      <trkpt lat="45.79283617436885833740234375" lon="126.62701492197811603546142578125">
        <ele>120.1999969482421875</ele>
        <time>2026-10-04T21:45:15.000Z</time>
        <extensions>
          <ns3:TrackPointExtension>
            <ns3:hr>156</ns3:hr>
            <ns3:cad>92</ns3:cad>
          </ns3:TrackPointExtension>
        </extensions>
      </trkpt>
      <trkpt lat="45.7928507588803768157958984375" lon="126.62705205380916595458984375">
        <ele>120</ele>
        <time>2026-10-04T21:45:16.000Z</time>
        <extensions>
          <ns3:TrackPointExtension>
            <ns3:hr>156</ns3:hr>
            <ns3:cad>92</ns3:cad>
          </ns3:TrackPointExtension>
        </extensions>
      </trkpt>
      <trkpt lat="45.79286458902060985565185546875" lon="126.627098657190799713134765625">
        <ele>120</ele>
        <time>2026-10-04T21:45:17.000Z</time>
        <extensions>
          <ns3:TrackPointExtension>
            <ns3:hr>156</ns3:hr>
            <ns3:cad>92</ns3:cad>
          </ns3:TrackPointExtension>
        </extensions>
      </trkpt>
      <trkpt lat="45.79287867061793804168701171875" lon="126.627134196460247039794921875">
        <ele>120</ele>
        <time>2026-10-04T21:45:18.000Z</time>
        <extensions>
          <ns3:TrackPointExtension>
            <ns3:hr>156</ns3:hr>
            <ns3:cad>92</ns3:cad>
          </ns3:TrackPointExtension>
        </extensions>
      </trkpt>
      <trkpt lat="45.79288906417787075042724609375" lon="126.62718088366091251373291015625">
        <ele>120.1999969482421875</ele>
        <time>2026-10-04T21:45:19.000Z</time>
        <extensions>
          <ns3:TrackPointExtension>
            <ns3:hr>156</ns3:hr>
            <ns3:cad>92</ns3:cad>
          </ns3:TrackPointExtension>
        </extensions>
      </trkpt>
      <trkpt lat="45.79290079884231090545654296875" lon="126.6272203624248504638671875">
        <ele>120.1999969482421875</ele>
        <time>2026-10-04T21:45:20.000Z</time>
        <extensions>
          <ns3:TrackPointExtension>
            <ns3:hr>156</ns3:hr>
            <ns3:cad>92</ns3:cad>
          </ns3:TrackPointExtension>
        </extensions>
      </trkpt>
      <trkpt lat="45.79290934838354587554931640625" lon="126.62725850008428096771240234375">
        <ele>120.1999969482421875</ele>
        <time>2026-10-04T21:45:21.000Z</time>
        <extensions>
          <ns3:TrackPointExtension>
            <ns3:hr>156</ns3:hr>
            <ns3:cad>92</ns3:cad>
          </ns3:TrackPointExtension>
        </extensions>
      </trkpt>
      <trkpt lat="45.7929201610386371612548828125" lon="126.6273060254752635955810546875">
        <ele>120.1999969482421875</ele>
        <time>2026-10-04T21:45:22.000Z</time>
        <extensions>
          <ns3:TrackPointExtension>
            <ns3:hr>156</ns3:hr>
            <ns3:cad>94</ns3:cad>
          </ns3:TrackPointExtension>
        </extensions>
      </trkpt>
      <trkpt lat="45.79293298535048961639404296875" lon="126.62734466604888439178466796875">
        <ele>120.1999969482421875</ele>
        <time>2026-10-04T21:45:23.000Z</time>
        <extensions>
          <ns3:TrackPointExtension>
            <ns3:hr>156</ns3:hr>
            <ns3:cad>94</ns3:cad>
          </ns3:TrackPointExtension>
        </extensions>
      </trkpt>
      <trkpt lat="45.79294773750007152557373046875" lon="126.627387665212154388427734375">
        <ele>120.1999969482421875</ele>
        <time>2026-10-04T21:45:24.000Z</time>
        <extensions>
          <ns3:TrackPointExtension>
            <ns3:hr>156</ns3:hr>
            <ns3:cad>93</ns3:cad>
          </ns3:TrackPointExtension>
        </extensions>
      </trkpt>
      <trkpt lat="45.79296651296317577362060546875" lon="126.6274186782538890838623046875">
        <ele>120.1999969482421875</ele>
        <time>2026-10-04T21:45:25.000Z</time>
        <extensions>
          <ns3:TrackPointExtension>
            <ns3:hr>156</ns3:hr>
            <ns3:cad>93</ns3:cad>
          </ns3:TrackPointExtension>
        </extensions>
      </trkpt>
      <trkpt lat="45.79298478551208972930908203125" lon="126.6274646110832691192626953125">
        <ele>120</ele>
        <time>2026-10-04T21:45:26.000Z</time>
        <extensions>
          <ns3:TrackPointExtension>
            <ns3:hr>156</ns3:hr>
            <ns3:cad>93</ns3:cad>
          </ns3:TrackPointExtension>
        </extensions>
      </trkpt>
      <trkpt lat="45.793003141880035400390625" lon="126.627495288848876953125">
        <ele>120.1999969482421875</ele>
        <time>2026-10-04T21:45:27.000Z</time>
        <extensions>
          <ns3:TrackPointExtension>
            <ns3:hr>156</ns3:hr>
            <ns3:cad>93</ns3:cad>
          </ns3:TrackPointExtension>
        </extensions>
      </trkpt>
      <trkpt lat="45.7930205762386322021484375" lon="126.62754029966890811920166015625">
        <ele>120.1999969482421875</ele>
        <time>2026-10-04T21:45:28.000Z</time>
        <extensions>
          <ns3:TrackPointExtension>
            <ns3:hr>156</ns3:hr>
            <ns3:cad>93</ns3:cad>
          </ns3:TrackPointExtension>
        </extensions>
      </trkpt>
      <trkpt lat="45.793045721948146820068359375" lon="126.6275717318058013916015625">
        <ele>120.1999969482421875</ele>
        <time>2026-10-04T21:45:29.000Z</time>
        <extensions>
          <ns3:TrackPointExtension>
            <ns3:hr>156</ns3:hr>
            <ns3:cad>93</ns3:cad>
          </ns3:TrackPointExtension>
        </extensions>
      </trkpt>
      <trkpt lat="45.7930609770119190216064453125" lon="126.62761456333100795745849609375">
        <ele>120.1999969482421875</ele>
        <time>2026-10-04T21:45:30.000Z</time>
        <extensions>
          <ns3:TrackPointExtension>
            <ns3:hr>156</ns3:hr>
            <ns3:cad>93</ns3:cad>
          </ns3:TrackPointExtension>
        </extensions>
      </trkpt>
      <trkpt lat="45.7930774055421352386474609375" lon="126.6276550479233264923095703125">
        <ele>120.1999969482421875</ele>
        <time>2026-10-04T21:45:31.000Z</time>
        <extensions>
          <ns3:TrackPointExtension>
            <ns3:hr>156</ns3:hr>
            <ns3:cad>93</ns3:cad>
          </ns3:TrackPointExtension>
        </extensions>
      </trkpt>
      <trkpt lat="45.793089307844638824462890625" lon="126.62769771181046962738037109375">
        <ele>120.1999969482421875</ele>
        <time>2026-10-04T21:45:32.000Z</time>
        <extensions>
          <ns3:TrackPointExtension>
            <ns3:hr>156</ns3:hr>
            <ns3:cad>92</ns3:cad>
          </ns3:TrackPointExtension>
        </extensions>
      </trkpt>
      <trkpt lat="45.7931059040129184722900390625" lon="126.6277405433356761932373046875">
        <ele>120</ele>
        <time>2026-10-04T21:45:33.000Z</time>
        <extensions>
          <ns3:TrackPointExtension>
            <ns3:hr>157</ns3:hr>
            <ns3:cad>92</ns3:cad>
          </ns3:TrackPointExtension>
        </extensions>
      </trkpt>
      <trkpt lat="45.793117471039295196533203125" lon="126.62778203375637531280517578125">
        <ele>120.1999969482421875</ele>
        <time>2026-10-04T21:45:34.000Z</time>
        <extensions>
          <ns3:TrackPointExtension>
            <ns3:hr>157</ns3:hr>
            <ns3:cad>92</ns3:cad>
          </ns3:TrackPointExtension>
        </extensions>
      </trkpt>
      <trkpt lat="45.793135575950145721435546875" lon="126.627828888595104217529296875">
        <ele>120.1999969482421875</ele>
        <time>2026-10-04T21:45:35.000Z</time>
        <extensions>
          <ns3:TrackPointExtension>
            <ns3:hr>157</ns3:hr>
            <ns3:cad>93</ns3:cad>
          </ns3:TrackPointExtension>
        </extensions>
      </trkpt>
      <trkpt lat="45.79314571805298328399658203125" lon="126.62787104956805706024169921875">
        <ele>120</ele>
        <time>2026-10-04T21:45:36.000Z</time>
        <extensions>
          <ns3:TrackPointExtension>
            <ns3:hr>157</ns3:hr>
            <ns3:cad>93</ns3:cad>
          </ns3:TrackPointExtension>
        </extensions>
      </trkpt>
      <trkpt lat="45.79316399060189723968505859375" lon="126.627912037074565887451171875">
        <ele>120</ele>
        <time>2026-10-04T21:45:37.000Z</time>
        <extensions>
          <ns3:TrackPointExtension>
            <ns3:hr>158</ns3:hr>
            <ns3:cad>93</ns3:cad>
          </ns3:TrackPointExtension>
        </extensions>
      </trkpt>
      <trkpt lat="45.7931816764175891876220703125" lon="126.62794313393533229827880859375">
        <ele>120</ele>
        <time>2026-10-04T21:45:38.000Z</time>
        <extensions>
          <ns3:TrackPointExtension>
            <ns3:hr>158</ns3:hr>
            <ns3:cad>93</ns3:cad>
          </ns3:TrackPointExtension>
        </extensions>
      </trkpt>
      <trkpt lat="45.79319718293845653533935546875" lon="126.62799677811563014984130859375">
        <ele>120</ele>
        <time>2026-10-04T21:45:39.000Z</time>
        <extensions>
          <ns3:TrackPointExtension>
            <ns3:hr>158</ns3:hr>
            <ns3:cad>93</ns3:cad>
          </ns3:TrackPointExtension>
        </extensions>
      </trkpt>
      <trkpt lat="45.79321461729705333709716796875" lon="126.62802795879542827606201171875">
        <ele>120</ele>
        <time>2026-10-04T21:45:40.000Z</time>
        <extensions>
          <ns3:TrackPointExtension>
            <ns3:hr>157</ns3:hr>
            <ns3:cad>92</ns3:cad>
          </ns3:TrackPointExtension>
        </extensions>
      </trkpt>
      <trkpt lat="45.79323288984596729278564453125" lon="126.6280711255967617034912109375">
        <ele>120</ele>
        <time>2026-10-04T21:45:41.000Z</time>
        <extensions>
          <ns3:TrackPointExtension>
            <ns3:hr>158</ns3:hr>
            <ns3:cad>92</ns3:cad>
          </ns3:TrackPointExtension>
        </extensions>
      </trkpt>
      <trkpt lat="45.79325635917484760284423828125" lon="126.62810523994266986846923828125">
        <ele>120</ele>
        <time>2026-10-04T21:45:42.000Z</time>
        <extensions>
          <ns3:TrackPointExtension>
            <ns3:hr>159</ns3:hr>
            <ns3:cad>92</ns3:cad>
          </ns3:TrackPointExtension>
        </extensions>
      </trkpt>
      <trkpt lat="45.79326792620122432708740234375" lon="126.62814815528690814971923828125">
        <ele>120</ele>
        <time>2026-10-04T21:45:43.000Z</time>
        <extensions>
          <ns3:TrackPointExtension>
            <ns3:hr>159</ns3:hr>
            <ns3:cad>93</ns3:cad>
          </ns3:TrackPointExtension>
        </extensions>
      </trkpt>
      <trkpt lat="45.7932893000543117523193359375" lon="126.62818704731762409210205078125">
        <ele>120</ele>
        <time>2026-10-04T21:45:44.000Z</time>
        <extensions>
          <ns3:TrackPointExtension>
            <ns3:hr>159</ns3:hr>
            <ns3:cad>93</ns3:cad>
          </ns3:TrackPointExtension>
        </extensions>
      </trkpt>
      <trkpt lat="45.793301202356815338134765625" lon="126.62823113612830638885498046875">
        <ele>120.1999969482421875</ele>
        <time>2026-10-04T21:45:45.000Z</time>
        <extensions>
          <ns3:TrackPointExtension>
            <ns3:hr>159</ns3:hr>
            <ns3:cad>93</ns3:cad>
          </ns3:TrackPointExtension>
        </extensions>
      </trkpt>
      <trkpt lat="45.7933214865624904632568359375" lon="126.62827639840543270111083984375">
        <ele>120</ele>
        <time>2026-10-04T21:45:46.000Z</time>
        <extensions>
          <ns3:TrackPointExtension>
            <ns3:hr>159</ns3:hr>
            <ns3:cad>93</ns3:cad>
          </ns3:TrackPointExtension>
        </extensions>
      </trkpt>
      <trkpt lat="45.79333246685564517974853515625" lon="126.6283131949603557586669921875">
        <ele>120</ele>
        <time>2026-10-04T21:45:47.000Z</time>
        <extensions>
          <ns3:TrackPointExtension>
            <ns3:hr>159</ns3:hr>
            <ns3:cad>93</ns3:cad>
          </ns3:TrackPointExtension>
        </extensions>
      </trkpt>
      <trkpt lat="45.793350823223590850830078125" lon="126.62835451774299144744873046875">
        <ele>120.1999969482421875</ele>
        <time>2026-10-04T21:45:48.000Z</time>
        <extensions>
          <ns3:TrackPointExtension>
            <ns3:hr>159</ns3:hr>
            <ns3:cad>93</ns3:cad>
          </ns3:TrackPointExtension>
        </extensions>
      </trkpt>
      <trkpt lat="45.793360210955142974853515625" lon="126.628393493592739105224609375">
        <ele>120</ele>
        <time>2026-10-04T21:45:49.000Z</time>
        <extensions>
          <ns3:TrackPointExtension>
            <ns3:hr>159</ns3:hr>
            <ns3:cad>93</ns3:cad>
          </ns3:TrackPointExtension>
        </extensions>
      </trkpt>
      <trkpt lat="45.7933801598846912384033203125" lon="126.62843967787921428680419921875">
        <ele>120</ele>
        <time>2026-10-04T21:45:50.000Z</time>
        <extensions>
          <ns3:TrackPointExtension>
            <ns3:hr>159</ns3:hr>
            <ns3:cad>93</ns3:cad>
          </ns3:TrackPointExtension>
        </extensions>
      </trkpt>
      <trkpt lat="45.7933962531387805938720703125" lon="126.62847639061510562896728515625">
        <ele>120</ele>
        <time>2026-10-04T21:45:51.000Z</time>
        <extensions>
          <ns3:TrackPointExtension>
            <ns3:hr>160</ns3:hr>
            <ns3:cad>92</ns3:cad>
          </ns3:TrackPointExtension>
        </extensions>
      </trkpt>
      <trkpt lat="45.7934153638780117034912109375" lon="126.62852785550057888031005859375">
        <ele>120.1999969482421875</ele>
        <time>2026-10-04T21:45:52.000Z</time>
        <extensions>
          <ns3:TrackPointExtension>
            <ns3:hr>160</ns3:hr>
            <ns3:cad>92</ns3:cad>
          </ns3:TrackPointExtension>
        </extensions>
      </trkpt>
      <trkpt lat="45.7934361509978771209716796875" lon="126.62856305949389934539794921875">
        <ele>120.1999969482421875</ele>
        <time>2026-10-04T21:45:53.000Z</time>
        <extensions>
          <ns3:TrackPointExtension>
            <ns3:hr>160</ns3:hr>
            <ns3:cad>92</ns3:cad>
          </ns3:TrackPointExtension>
        </extensions>
      </trkpt>
      <trkpt lat="45.7934539206326007843017578125" lon="126.6286065615713596343994140625">
        <ele>120</ele>
        <time>2026-10-04T21:45:54.000Z</time>
        <extensions>
          <ns3:TrackPointExtension>
            <ns3:hr>160</ns3:hr>
            <ns3:cad>92</ns3:cad>
          </ns3:TrackPointExtension>
        </extensions>
      </trkpt>
      <trkpt lat="45.79347160644829273223876953125" lon="126.6286444477736949920654296875">
        <ele>120.1999969482421875</ele>
        <time>2026-10-04T21:45:55.000Z</time>
        <extensions>
          <ns3:TrackPointExtension>
            <ns3:hr>160</ns3:hr>
            <ns3:cad>92</ns3:cad>
          </ns3:TrackPointExtension>
        </extensions>
      </trkpt>
      <trkpt lat="45.79348392784595489501953125" lon="126.6286880336701869964599609375">
        <ele>120.1999969482421875</ele>
        <time>2026-10-04T21:45:56.000Z</time>
        <extensions>
          <ns3:TrackPointExtension>
            <ns3:hr>160</ns3:hr>
            <ns3:cad>92</ns3:cad>
          </ns3:TrackPointExtension>
        </extensions>
      </trkpt>
      <trkpt lat="45.79350027255713939666748046875" lon="126.6287277638912200927734375">
        <ele>120.1999969482421875</ele>
        <time>2026-10-04T21:45:57.000Z</time>
        <extensions>
          <ns3:TrackPointExtension>
            <ns3:hr>160</ns3:hr>
            <ns3:cad>92</ns3:cad>
          </ns3:TrackPointExtension>
        </extensions>
      </trkpt>
      <trkpt lat="45.79350848682224750518798828125" lon="126.628764979541301727294921875">
        <ele>120.1999969482421875</ele>
        <time>2026-10-04T21:45:58.000Z</time>
        <extensions>
          <ns3:TrackPointExtension>
            <ns3:hr>160</ns3:hr>
            <ns3:cad>92</ns3:cad>
          </ns3:TrackPointExtension>
        </extensions>
      </trkpt>
      <trkpt lat="45.79351670108735561370849609375" lon="126.62881200201809406280517578125">
        <ele>120.1999969482421875</ele>
        <time>2026-10-04T21:45:59.000Z</time>
        <extensions>
          <ns3:TrackPointExtension>
            <ns3:hr>160</ns3:hr>
            <ns3:cad>92</ns3:cad>
          </ns3:TrackPointExtension>
        </extensions>
      </trkpt>
      <trkpt lat="45.793526507914066314697265625" lon="126.6288484632968902587890625">
        <ele>120.1999969482421875</ele>
        <time>2026-10-04T21:46:00.000Z</time>
        <extensions>
          <ns3:TrackPointExtension>
            <ns3:hr>160</ns3:hr>
            <ns3:cad>92</ns3:cad>
          </ns3:TrackPointExtension>
        </extensions>
      </trkpt>
      <trkpt lat="45.79353757202625274658203125" lon="126.62890235893428325653076171875">
        <ele>120.1999969482421875</ele>
        <time>2026-10-04T21:46:01.000Z</time>
        <extensions>
          <ns3:TrackPointExtension>
            <ns3:hr>159</ns3:hr>
            <ns3:cad>92</ns3:cad>
          </ns3:TrackPointExtension>
        </extensions>
      </trkpt>
      <trkpt lat="45.7935548387467861175537109375" lon="126.628933288156986236572265625">
        <ele>120.1999969482421875</ele>
        <time>2026-10-04T21:46:02.000Z</time>
        <extensions>
          <ns3:TrackPointExtension>
            <ns3:hr>159</ns3:hr>
            <ns3:cad>93</ns3:cad>
          </ns3:TrackPointExtension>
        </extensions>
      </trkpt>
      <trkpt lat="45.79357721842825412750244140625" lon="126.62898265756666660308837890625">
        <ele>120.1999969482421875</ele>
        <time>2026-10-04T21:46:03.000Z</time>
        <extensions>
          <ns3:TrackPointExtension>
            <ns3:hr>159</ns3:hr>
            <ns3:cad>93</ns3:cad>
          </ns3:TrackPointExtension>
        </extensions>
      </trkpt>
      <trkpt lat="45.7935920543968677520751953125" lon="126.62902071140706539154052734375">
        <ele>120.1999969482421875</ele>
        <time>2026-10-04T21:46:04.000Z</time>
        <extensions>
          <ns3:TrackPointExtension>
            <ns3:hr>159</ns3:hr>
            <ns3:cad>93</ns3:cad>
          </ns3:TrackPointExtension>
        </extensions>
      </trkpt>
      <trkpt lat="45.79360269941389560699462890625" lon="126.6290638782083988189697265625">
        <ele>120.1999969482421875</ele>
        <time>2026-10-04T21:46:05.000Z</time>
        <extensions>
          <ns3:TrackPointExtension>
            <ns3:hr>159</ns3:hr>
            <ns3:cad>92</ns3:cad>
          </ns3:TrackPointExtension>
        </extensions>
      </trkpt>
      <trkpt lat="45.7936212234199047088623046875" lon="126.62910520099103450775146484375">
        <ele>120.1999969482421875</ele>
        <time>2026-10-04T21:46:06.000Z</time>
        <extensions>
          <ns3:TrackPointExtension>
            <ns3:hr>159</ns3:hr>
            <ns3:cad>92</ns3:cad>
          </ns3:TrackPointExtension>
        </extensions>
      </trkpt>
      <trkpt lat="45.793635807931423187255859375" lon="126.62913990207016468048095703125">
        <ele>120.1999969482421875</ele>
        <time>2026-10-04T21:46:07.000Z</time>
        <extensions>
          <ns3:TrackPointExtension>
            <ns3:hr>158</ns3:hr>
            <ns3:cad>92</ns3:cad>
          </ns3:TrackPointExtension>
        </extensions>
      </trkpt>
      <trkpt lat="45.7936510629951953887939453125" lon="126.629181392490863800048828125">
        <ele>120.1999969482421875</ele>
        <time>2026-10-04T21:46:08.000Z</time>
        <extensions>
          <ns3:TrackPointExtension>
            <ns3:hr>158</ns3:hr>
            <ns3:cad>93</ns3:cad>
          </ns3:TrackPointExtension>
        </extensions>
      </trkpt>
      <trkpt lat="45.79366497695446014404296875" lon="126.6292113997042179107666015625">
        <ele>120.1999969482421875</ele>
        <time>2026-10-04T21:46:09.000Z</time>
        <extensions>
          <ns3:TrackPointExtension>
            <ns3:hr>158</ns3:hr>
            <ns3:cad>93</ns3:cad>
          </ns3:TrackPointExtension>
        </extensions>
      </trkpt>
      <trkpt lat="45.79368283040821552276611328125" lon="126.62926487624645233154296875">
        <ele>120.1999969482421875</ele>
        <time>2026-10-04T21:46:10.000Z</time>
        <extensions>
          <ns3:TrackPointExtension>
            <ns3:hr>158</ns3:hr>
            <ns3:cad>93</ns3:cad>
          </ns3:TrackPointExtension>
        </extensions>
      </trkpt>
      <trkpt lat="45.79369775019586086273193359375" lon="126.629293374717235565185546875">
        <ele>120.1999969482421875</ele>
        <time>2026-10-04T21:46:11.000Z</time>
        <extensions>
          <ns3:TrackPointExtension>
            <ns3:hr>158</ns3:hr>
            <ns3:cad>93</ns3:cad>
          </ns3:TrackPointExtension>
        </extensions>
      </trkpt>
      <trkpt lat="45.79371585510671138763427734375" lon="126.629341654479503631591796875">
        <ele>120.1999969482421875</ele>
        <time>2026-10-04T21:46:12.000Z</time>
        <extensions>
          <ns3:TrackPointExtension>
            <ns3:hr>159</ns3:hr>
            <ns3:cad>91</ns3:cad>
          </ns3:TrackPointExtension>
        </extensions>
      </trkpt>
      <trkpt lat="45.7937382347881793975830078125" lon="126.6293741762638092041015625">
        <ele>120.1999969482421875</ele>
        <time>2026-10-04T21:46:13.000Z</time>
        <extensions>
          <ns3:TrackPointExtension>
            <ns3:hr>159</ns3:hr>
            <ns3:cad>91</ns3:cad>
          </ns3:TrackPointExtension>
        </extensions>
      </trkpt>
      <trkpt lat="45.79375441186130046844482421875" lon="126.62941650487482547760009765625">
        <ele>120.1999969482421875</ele>
        <time>2026-10-04T21:46:14.000Z</time>
        <extensions>
          <ns3:TrackPointExtension>
            <ns3:hr>158</ns3:hr>
            <ns3:cad>91</ns3:cad>
          </ns3:TrackPointExtension>
        </extensions>
      </trkpt>
      <trkpt lat="45.79377721063792705535888671875" lon="126.6294484399259090423583984375">
        <ele>120.1999969482421875</ele>
        <time>2026-10-04T21:46:15.000Z</time>
        <extensions>
          <ns3:TrackPointExtension>
            <ns3:hr>158</ns3:hr>
            <ns3:cad>92</ns3:cad>
          </ns3:TrackPointExtension>
        </extensions>
      </trkpt>
      <trkpt lat="45.79379104077816009521484375" lon="126.629491187632083892822265625">
        <ele>120.1999969482421875</ele>
        <time>2026-10-04T21:46:16.000Z</time>
        <extensions>
          <ns3:TrackPointExtension>
            <ns3:hr>158</ns3:hr>
            <ns3:cad>93</ns3:cad>
          </ns3:TrackPointExtension>
        </extensions>
      </trkpt>
      <trkpt lat="45.79380587674677371978759765625" lon="126.62953485734760761260986328125">
        <ele>120.1999969482421875</ele>
        <time>2026-10-04T21:46:17.000Z</time>
        <extensions>
          <ns3:TrackPointExtension>
            <ns3:hr>158</ns3:hr>
            <ns3:cad>92</ns3:cad>
          </ns3:TrackPointExtension>
        </extensions>
      </trkpt>
      <trkpt lat="45.7938225567340850830078125" lon="126.629577688872814178466796875">
        <ele>120.1999969482421875</ele>
        <time>2026-10-04T21:46:18.000Z</time>
        <extensions>
          <ns3:TrackPointExtension>
            <ns3:hr>158</ns3:hr>
            <ns3:cad>92</ns3:cad>
          </ns3:TrackPointExtension>
        </extensions>
      </trkpt>
      <trkpt lat="45.79383932054042816162109375" lon="126.62962353788316249847412109375">
        <ele>120.1999969482421875</ele>
        <time>2026-10-04T21:46:19.000Z</time>
        <extensions>
          <ns3:TrackPointExtension>
            <ns3:hr>158</ns3:hr>
            <ns3:cad>92</ns3:cad>
          </ns3:TrackPointExtension>
        </extensions>
      </trkpt>
      <trkpt lat="45.79385147430002689361572265625" lon="126.62965673021972179412841796875">
        <ele>120.1999969482421875</ele>
        <time>2026-10-04T21:46:20.000Z</time>
        <extensions>
          <ns3:TrackPointExtension>
            <ns3:hr>158</ns3:hr>
            <ns3:cad>92</ns3:cad>
          </ns3:TrackPointExtension>
        </extensions>
      </trkpt>
      <trkpt lat="45.79386689700186252593994140625" lon="126.62970618344843387603759765625">
        <ele>120.1999969482421875</ele>
        <time>2026-10-04T21:46:21.000Z</time>
        <extensions>
          <ns3:TrackPointExtension>
            <ns3:hr>158</ns3:hr>
            <ns3:cad>93</ns3:cad>
          </ns3:TrackPointExtension>
        </extensions>
      </trkpt>
      <trkpt lat="45.7938864268362522125244140625" lon="126.6297335922718048095703125">
        <ele>120.1999969482421875</ele>
        <time>2026-10-04T21:46:22.000Z</time>
        <extensions>
          <ns3:TrackPointExtension>
            <ns3:hr>158</ns3:hr>
            <ns3:cad>92</ns3:cad>
          </ns3:TrackPointExtension>
        </extensions>
      </trkpt>
      <trkpt lat="45.793902687728404998779296875" lon="126.62978447042405605316162109375">
        <ele>120.1999969482421875</ele>
        <time>2026-10-04T21:46:23.000Z</time>
        <extensions>
          <ns3:TrackPointExtension>
            <ns3:hr>158</ns3:hr>
            <ns3:cad>92</ns3:cad>
          </ns3:TrackPointExtension>
        </extensions>
      </trkpt>
      <trkpt lat="45.793916769325733184814453125" lon="126.62982135079801082611083984375">
        <ele>120.1999969482421875</ele>
        <time>2026-10-04T21:46:24.000Z</time>
        <extensions>
          <ns3:TrackPointExtension>
            <ns3:hr>159</ns3:hr>
            <ns3:cad>91</ns3:cad>
          </ns3:TrackPointExtension>
        </extensions>
      </trkpt>
      <trkpt lat="45.793930850923061370849609375" lon="126.6298678703606128692626953125">
        <ele>120.1999969482421875</ele>
        <time>2026-10-04T21:46:25.000Z</time>
        <extensions>
          <ns3:TrackPointExtension>
            <ns3:hr>158</ns3:hr>
            <ns3:cad>91</ns3:cad>
          </ns3:TrackPointExtension>
        </extensions>
      </trkpt>
      <trkpt lat="45.79394836910068988800048828125" lon="126.62989896722137928009033203125">
        <ele>120.1999969482421875</ele>
        <time>2026-10-04T21:46:26.000Z</time>
        <extensions>
          <ns3:TrackPointExtension>
            <ns3:hr>158</ns3:hr>
            <ns3:cad>92</ns3:cad>
          </ns3:TrackPointExtension>
        </extensions>
      </trkpt>
      <trkpt lat="45.793958343565464019775390625" lon="126.62994339130818843841552734375">
        <ele>120.1999969482421875</ele>
        <time>2026-10-04T21:46:27.000Z</time>
        <extensions>
          <ns3:TrackPointExtension>
            <ns3:hr>158</ns3:hr>
            <ns3:cad>92</ns3:cad>
          </ns3:TrackPointExtension>
        </extensions>
      </trkpt>
      <trkpt lat="45.79397602938115596771240234375" lon="126.62998546846210956573486328125">
        <ele>120.1999969482421875</ele>
        <time>2026-10-04T21:46:28.000Z</time>
        <extensions>
          <ns3:TrackPointExtension>
            <ns3:hr>158</ns3:hr>
            <ns3:cad>92</ns3:cad>
          </ns3:TrackPointExtension>
        </extensions>
      </trkpt>
      <trkpt lat="45.7939930446445941925048828125" lon="126.6300241090357303619384765625">
        <ele>120.1999969482421875</ele>
        <time>2026-10-04T21:46:29.000Z</time>
        <extensions>
          <ns3:TrackPointExtension>
            <ns3:hr>158</ns3:hr>
            <ns3:cad>92</ns3:cad>
          </ns3:TrackPointExtension>
        </extensions>
      </trkpt>
      <trkpt lat="45.794005282223224639892578125" lon="126.63007247261703014373779296875">
        <ele>120.1999969482421875</ele>
        <time>2026-10-04T21:46:30.000Z</time>
        <extensions>
          <ns3:TrackPointExtension>
            <ns3:hr>158</ns3:hr>
            <ns3:cad>94</ns3:cad>
          </ns3:TrackPointExtension>
        </extensions>
      </trkpt>
      <trkpt lat="45.7940188609063625335693359375" lon="126.63011111319065093994140625">
        <ele>120.1999969482421875</ele>
        <time>2026-10-04T21:46:31.000Z</time>
        <extensions>
          <ns3:TrackPointExtension>
            <ns3:hr>158</ns3:hr>
            <ns3:cad>93</ns3:cad>
          </ns3:TrackPointExtension>
        </extensions>
      </trkpt>
      <trkpt lat="45.7940413244068622589111328125" lon="126.63015796802937984466552734375">
        <ele>120.1999969482421875</ele>
        <time>2026-10-04T21:46:32.000Z</time>
        <extensions>
          <ns3:TrackPointExtension>
            <ns3:hr>158</ns3:hr>
            <ns3:cad>93</ns3:cad>
          </ns3:TrackPointExtension>
        </extensions>
      </trkpt>
      <trkpt lat="45.7940611056983470916748046875" lon="126.6301870532333850860595703125">
        <ele>120.1999969482421875</ele>
        <time>2026-10-04T21:46:33.000Z</time>
        <extensions>
          <ns3:TrackPointExtension>
            <ns3:hr>157</ns3:hr>
            <ns3:cad>92</ns3:cad>
          </ns3:TrackPointExtension>
        </extensions>
      </trkpt>
      <trkpt lat="45.79408130608499050140380859375" lon="126.63022921420633792877197265625">
        <ele>120.1999969482421875</ele>
        <time>2026-10-04T21:46:34.000Z</time>
        <extensions>
          <ns3:TrackPointExtension>
            <ns3:hr>158</ns3:hr>
            <ns3:cad>92</ns3:cad>
          </ns3:TrackPointExtension>
        </extensions>
      </trkpt>
      <trkpt lat="45.79409974627196788787841796875" lon="126.63025838322937488555908203125">
        <ele>120.1999969482421875</ele>
        <time>2026-10-04T21:46:35.000Z</time>
        <extensions>
          <ns3:TrackPointExtension>
            <ns3:hr>158</ns3:hr>
            <ns3:cad>93</ns3:cad>
          </ns3:TrackPointExtension>
        </extensions>
      </trkpt>
      <trkpt lat="45.794115252792835235595703125" lon="126.63030825555324554443359375">
        <ele>120.1999969482421875</ele>
        <time>2026-10-04T21:46:36.000Z</time>
        <extensions>
          <ns3:TrackPointExtension>
            <ns3:hr>157</ns3:hr>
            <ns3:cad>93</ns3:cad>
          </ns3:TrackPointExtension>
        </extensions>
      </trkpt>
      <trkpt lat="45.7941336929798126220703125" lon="126.6303476504981517791748046875">
        <ele>120.1999969482421875</ele>
        <time>2026-10-04T21:46:37.000Z</time>
        <extensions>
          <ns3:TrackPointExtension>
            <ns3:hr>157</ns3:hr>
            <ns3:cad>93</ns3:cad>
          </ns3:TrackPointExtension>
        </extensions>
      </trkpt>
      <trkpt lat="45.79414266161620616912841796875" lon="126.6303966008126735687255859375">
        <ele>120.1999969482421875</ele>
        <time>2026-10-04T21:46:38.000Z</time>
        <extensions>
          <ns3:TrackPointExtension>
            <ns3:hr>158</ns3:hr>
            <ns3:cad>93</ns3:cad>
          </ns3:TrackPointExtension>
        </extensions>
      </trkpt>
      <trkpt lat="45.7941551506519317626953125" lon="126.63043842650949954986572265625">
        <ele>120.1999969482421875</ele>
        <time>2026-10-04T21:46:39.000Z</time>
        <extensions>
          <ns3:TrackPointExtension>
            <ns3:hr>158</ns3:hr>
            <ns3:cad>93</ns3:cad>
          </ns3:TrackPointExtension>
        </extensions>
      </trkpt>
      <trkpt lat="45.794162191450595855712890625" lon="126.63047513924539089202880859375">
        <ele>120.1999969482421875</ele>
        <time>2026-10-04T21:46:40.000Z</time>
        <extensions>
          <ns3:TrackPointExtension>
            <ns3:hr>157</ns3:hr>
            <ns3:cad>93</ns3:cad>
          </ns3:TrackPointExtension>
        </extensions>
      </trkpt>
      <trkpt lat="45.7941797934472560882568359375" lon="126.630522496998310089111328125">
        <ele>120.1999969482421875</ele>
        <time>2026-10-04T21:46:41.000Z</time>
        <extensions>
          <ns3:TrackPointExtension>
            <ns3:hr>157</ns3:hr>
            <ns3:cad>94</ns3:cad>
          </ns3:TrackPointExtension>
        </extensions>
      </trkpt>
      <trkpt lat="45.794197060167789459228515625" lon="126.63055409677326679229736328125">
        <ele>120.1999969482421875</ele>
        <time>2026-10-04T21:46:42.000Z</time>
        <extensions>
          <ns3:TrackPointExtension>
            <ns3:hr>157</ns3:hr>
            <ns3:cad>94</ns3:cad>
          </ns3:TrackPointExtension>
        </extensions>
      </trkpt>
      <trkpt lat="45.79421776346862316131591796875" lon="126.63059793412685394287109375">
        <ele>120.1999969482421875</ele>
        <time>2026-10-04T21:46:43.000Z</time>
        <extensions>
          <ns3:TrackPointExtension>
            <ns3:hr>157</ns3:hr>
            <ns3:cad>92</ns3:cad>
          </ns3:TrackPointExtension>
        </extensions>
      </trkpt>
      <trkpt lat="45.79423628747463226318359375" lon="126.63063238374888896942138671875">
        <ele>120.1999969482421875</ele>
        <time>2026-10-04T21:46:44.000Z</time>
        <extensions>
          <ns3:TrackPointExtension>
            <ns3:hr>157</ns3:hr>
            <ns3:cad>92</ns3:cad>
          </ns3:TrackPointExtension>
        </extensions>
      </trkpt>
      <trkpt lat="45.794249363243579864501953125" lon="126.6306777298450469970703125">
        <ele>120</ele>
        <time>2026-10-04T21:46:45.000Z</time>
        <extensions>
          <ns3:TrackPointExtension>
            <ns3:hr>157</ns3:hr>
            <ns3:cad>92</ns3:cad>
          </ns3:TrackPointExtension>
        </extensions>
      </trkpt>
      <trkpt lat="45.794269479811191558837890625" lon="126.630708910524845123291015625">
        <ele>120</ele>
        <time>2026-10-04T21:46:46.000Z</time>
        <extensions>
          <ns3:TrackPointExtension>
            <ns3:hr>157</ns3:hr>
            <ns3:cad>92</ns3:cad>
          </ns3:TrackPointExtension>
        </extensions>
      </trkpt>
      <trkpt lat="45.7942827232182025909423828125" lon="126.63075174205005168914794921875">
        <ele>120</ele>
        <time>2026-10-04T21:46:47.000Z</time>
        <extensions>
          <ns3:TrackPointExtension>
            <ns3:hr>157</ns3:hr>
            <ns3:cad>92</ns3:cad>
          </ns3:TrackPointExtension>
        </extensions>
      </trkpt>
      <trkpt lat="45.79429797828197479248046875" lon="126.63079163990914821624755859375">
        <ele>120.1999969482421875</ele>
        <time>2026-10-04T21:46:48.000Z</time>
        <extensions>
          <ns3:TrackPointExtension>
            <ns3:hr>157</ns3:hr>
            <ns3:cad>92</ns3:cad>
          </ns3:TrackPointExtension>
        </extensions>
      </trkpt>
      <trkpt lat="45.79431281425058841705322265625" lon="126.63083120249211788177490234375">
        <ele>120.1999969482421875</ele>
        <time>2026-10-04T21:46:49.000Z</time>
        <extensions>
          <ns3:TrackPointExtension>
            <ns3:hr>158</ns3:hr>
            <ns3:cad>92</ns3:cad>
          </ns3:TrackPointExtension>
        </extensions>
      </trkpt>
      <trkpt lat="45.79432773403823375701904296875" lon="126.63087244145572185516357421875">
        <ele>120.1999969482421875</ele>
        <time>2026-10-04T21:46:50.000Z</time>
        <extensions>
          <ns3:TrackPointExtension>
            <ns3:hr>157</ns3:hr>
            <ns3:cad>92</ns3:cad>
          </ns3:TrackPointExtension>
        </extensions>
      </trkpt>
      <trkpt lat="45.7943402230739593505859375" lon="126.63091317750513553619384765625">
        <ele>120.1999969482421875</ele>
        <time>2026-10-04T21:46:51.000Z</time>
        <extensions>
          <ns3:TrackPointExtension>
            <ns3:hr>157</ns3:hr>
            <ns3:cad>92</ns3:cad>
          </ns3:TrackPointExtension>
        </extensions>
      </trkpt>
      <trkpt lat="45.7943536341190338134765625" lon="126.6309647262096405029296875">
        <ele>120.1999969482421875</ele>
        <time>2026-10-04T21:46:52.000Z</time>
        <extensions>
          <ns3:TrackPointExtension>
            <ns3:hr>157</ns3:hr>
            <ns3:cad>92</ns3:cad>
          </ns3:TrackPointExtension>
        </extensions>
      </trkpt>
      <trkpt lat="45.79436344094574451446533203125" lon="126.6310021094977855682373046875">
        <ele>120.1999969482421875</ele>
        <time>2026-10-04T21:46:53.000Z</time>
        <extensions>
          <ns3:TrackPointExtension>
            <ns3:hr>157</ns3:hr>
            <ns3:cad>93</ns3:cad>
          </ns3:TrackPointExtension>
        </extensions>
      </trkpt>
      <trkpt lat="45.79438003711402416229248046875" lon="126.6310497187077999114990234375">
        <ele>120.1999969482421875</ele>
        <time>2026-10-04T21:46:54.000Z</time>
        <extensions>
          <ns3:TrackPointExtension>
            <ns3:hr>157</ns3:hr>
            <ns3:cad>93</ns3:cad>
          </ns3:TrackPointExtension>
        </extensions>
      </trkpt>
      <trkpt lat="45.79439814202487468719482421875" lon="126.63108282722532749176025390625">
        <ele>120.1999969482421875</ele>
        <time>2026-10-04T21:46:55.000Z</time>
        <extensions>
          <ns3:TrackPointExtension>
            <ns3:hr>158</ns3:hr>
            <ns3:cad>93</ns3:cad>
          </ns3:TrackPointExtension>
        </extensions>
      </trkpt>
      <trkpt lat="45.794412307441234588623046875" lon="126.63112741895020008087158203125">
        <ele>120.1999969482421875</ele>
        <time>2026-10-04T21:46:56.000Z</time>
        <extensions>
          <ns3:TrackPointExtension>
            <ns3:hr>158</ns3:hr>
            <ns3:cad>93</ns3:cad>
          </ns3:TrackPointExtension>
        </extensions>
      </trkpt>
      <trkpt lat="45.7944309152662754058837890625" lon="126.631166227161884307861328125">
        <ele>120.1999969482421875</ele>
        <time>2026-10-04T21:46:57.000Z</time>
        <extensions>
          <ns3:TrackPointExtension>
            <ns3:hr>159</ns3:hr>
            <ns3:cad>93</ns3:cad>
          </ns3:TrackPointExtension>
        </extensions>
      </trkpt>
      <trkpt lat="45.79444508068263530731201171875" lon="126.63120687939226627349853515625">
        <ele>120.1999969482421875</ele>
        <time>2026-10-04T21:46:58.000Z</time>
        <extensions>
          <ns3:TrackPointExtension>
            <ns3:hr>159</ns3:hr>
            <ns3:cad>93</ns3:cad>
          </ns3:TrackPointExtension>
        </extensions>
      </trkpt>
      <trkpt lat="45.79446167685091495513916015625" lon="126.6312492080032825469970703125">
        <ele>120.1999969482421875</ele>
        <time>2026-10-04T21:46:59.000Z</time>
        <extensions>
          <ns3:TrackPointExtension>
            <ns3:hr>159</ns3:hr>
            <ns3:cad>93</ns3:cad>
          </ns3:TrackPointExtension>
        </extensions>
      </trkpt>
      <trkpt lat="45.794471316039562225341796875" lon="126.63129036314785480499267578125">
        <ele>120.1999969482421875</ele>
        <time>2026-10-04T21:47:00.000Z</time>
        <extensions>
          <ns3:TrackPointExtension>
            <ns3:hr>159</ns3:hr>
            <ns3:cad>93</ns3:cad>
          </ns3:TrackPointExtension>
        </extensions>
      </trkpt>
      <trkpt lat="45.79448615200817584991455078125" lon="126.63132690824568271636962890625">
        <ele>120.1999969482421875</ele>
        <time>2026-10-04T21:47:01.000Z</time>
        <extensions>
          <ns3:TrackPointExtension>
            <ns3:hr>159</ns3:hr>
            <ns3:cad>93</ns3:cad>
          </ns3:TrackPointExtension>
        </extensions>
      </trkpt>
      <trkpt lat="45.79450090415775775909423828125" lon="126.6313616931438446044921875">
        <ele>120</ele>
        <time>2026-10-04T21:47:02.000Z</time>
        <extensions>
          <ns3:TrackPointExtension>
            <ns3:hr>159</ns3:hr>
            <ns3:cad>92</ns3:cad>
          </ns3:TrackPointExtension>
        </extensions>
      </trkpt>
      <trkpt lat="45.7945137284696102142333984375" lon="126.631408967077732086181640625">
        <ele>120.1999969482421875</ele>
        <time>2026-10-04T21:47:03.000Z</time>
        <extensions>
          <ns3:TrackPointExtension>
            <ns3:hr>159</ns3:hr>
            <ns3:cad>92</ns3:cad>
          </ns3:TrackPointExtension>
        </extensions>
      </trkpt>
      <trkpt lat="45.79453535377979278564453125" lon="126.63144308142364025115966796875">
        <ele>120.1999969482421875</ele>
        <time>2026-10-04T21:47:04.000Z</time>
        <extensions>
          <ns3:TrackPointExtension>
            <ns3:hr>159</ns3:hr>
            <ns3:cad>92</ns3:cad>
          </ns3:TrackPointExtension>
        </extensions>
      </trkpt>
      <trkpt lat="45.79454599879682064056396484375" lon="126.63148708641529083251953125">
        <ele>120.1999969482421875</ele>
        <time>2026-10-04T21:47:05.000Z</time>
        <extensions>
          <ns3:TrackPointExtension>
            <ns3:hr>159</ns3:hr>
            <ns3:cad>92</ns3:cad>
          </ns3:TrackPointExtension>
        </extensions>
      </trkpt>
      <trkpt lat="45.7945630140602588653564453125" lon="126.63152187131345272064208984375">
        <ele>120.1999969482421875</ele>
        <time>2026-10-04T21:47:06.000Z</time>
        <extensions>
          <ns3:TrackPointExtension>
            <ns3:hr>159</ns3:hr>
            <ns3:cad>92</ns3:cad>
          </ns3:TrackPointExtension>
        </extensions>
      </trkpt>
      <trkpt lat="45.79457826912403106689453125" lon="126.63156964816153049468994140625">
        <ele>120.1999969482421875</ele>
        <time>2026-10-04T21:47:07.000Z</time>
        <extensions>
          <ns3:TrackPointExtension>
            <ns3:hr>159</ns3:hr>
            <ns3:cad>92</ns3:cad>
          </ns3:TrackPointExtension>
        </extensions>
      </trkpt>
      <trkpt lat="45.7945952005684375762939453125" lon="126.6316046006977558135986328125">
        <ele>120.1999969482421875</ele>
        <time>2026-10-04T21:47:08.000Z</time>
        <extensions>
          <ns3:TrackPointExtension>
            <ns3:hr>159</ns3:hr>
            <ns3:cad>92</ns3:cad>
          </ns3:TrackPointExtension>
        </extensions>
      </trkpt>
      <trkpt lat="45.7946079410612583160400390625" lon="126.63164936006069183349609375">
        <ele>120</ele>
        <time>2026-10-04T21:47:09.000Z</time>
        <extensions>
          <ns3:TrackPointExtension>
            <ns3:hr>159</ns3:hr>
            <ns3:cad>92</ns3:cad>
          </ns3:TrackPointExtension>
        </extensions>
      </trkpt>
      <trkpt lat="45.79462277702987194061279296875" lon="126.6316889226436614990234375">
        <ele>120</ele>
        <time>2026-10-04T21:47:10.000Z</time>
        <extensions>
          <ns3:TrackPointExtension>
            <ns3:hr>159</ns3:hr>
            <ns3:cad>92</ns3:cad>
          </ns3:TrackPointExtension>
        </extensions>
      </trkpt>
      <trkpt lat="45.794630907475948333740234375" lon="126.6317283175885677337646484375">
        <ele>120.1999969482421875</ele>
        <time>2026-10-04T21:47:11.000Z</time>
        <extensions>
          <ns3:TrackPointExtension>
            <ns3:hr>158</ns3:hr>
            <ns3:cad>92</ns3:cad>
          </ns3:TrackPointExtension>
        </extensions>
      </trkpt>
      <trkpt lat="45.79464456997811794281005859375" lon="126.63177299313247203826904296875">
        <ele>120.1999969482421875</ele>
        <time>2026-10-04T21:47:12.000Z</time>
        <extensions>
          <ns3:TrackPointExtension>
            <ns3:hr>158</ns3:hr>
            <ns3:cad>92</ns3:cad>
          </ns3:TrackPointExtension>
        </extensions>
      </trkpt>
      <trkpt lat="45.7946612499654293060302734375" lon="126.63181356154382228851318359375">
        <ele>120</ele>
        <time>2026-10-04T21:47:13.000Z</time>
        <extensions>
          <ns3:TrackPointExtension>
            <ns3:hr>158</ns3:hr>
            <ns3:cad>92</ns3:cad>
          </ns3:TrackPointExtension>
        </extensions>
      </trkpt>
      <trkpt lat="45.79467625357210636138916015625" lon="126.63185915909707546234130859375">
        <ele>120.1999969482421875</ele>
        <time>2026-10-04T21:47:14.000Z</time>
        <extensions>
          <ns3:TrackPointExtension>
            <ns3:hr>158</ns3:hr>
            <ns3:cad>92</ns3:cad>
          </ns3:TrackPointExtension>
        </extensions>
      </trkpt>
      <trkpt lat="45.7946924306452274322509765625" lon="126.63190023042261600494384765625">
        <ele>120.1999969482421875</ele>
        <time>2026-10-04T21:47:15.000Z</time>
        <extensions>
          <ns3:TrackPointExtension>
            <ns3:hr>158</ns3:hr>
            <ns3:cad>93</ns3:cad>
          </ns3:TrackPointExtension>
        </extensions>
      </trkpt>
      <trkpt lat="45.79470626078546047210693359375" lon="126.63194532506167888641357421875">
        <ele>120</ele>
        <time>2026-10-04T21:47:16.000Z</time>
        <extensions>
          <ns3:TrackPointExtension>
            <ns3:hr>158</ns3:hr>
            <ns3:cad>93</ns3:cad>
          </ns3:TrackPointExtension>
        </extensions>
      </trkpt>
      <trkpt lat="45.794726125895977020263671875" lon="126.631982959806919097900390625">
        <ele>120</ele>
        <time>2026-10-04T21:47:17.000Z</time>
        <extensions>
          <ns3:TrackPointExtension>
            <ns3:hr>158</ns3:hr>
            <ns3:cad>93</ns3:cad>
          </ns3:TrackPointExtension>
        </extensions>
      </trkpt>
      <trkpt lat="45.7947398722171783447265625" lon="126.63202889263629913330078125">
        <ele>120.1999969482421875</ele>
        <time>2026-10-04T21:47:18.000Z</time>
        <extensions>
          <ns3:TrackPointExtension>
            <ns3:hr>159</ns3:hr>
            <ns3:cad>92</ns3:cad>
          </ns3:TrackPointExtension>
        </extensions>
      </trkpt>
      <trkpt lat="45.79475529491901397705078125" lon="126.63206501863896846771240234375">
        <ele>120.1999969482421875</ele>
        <time>2026-10-04T21:47:19.000Z</time>
        <extensions>
          <ns3:TrackPointExtension>
            <ns3:hr>158</ns3:hr>
            <ns3:cad>92</ns3:cad>
          </ns3:TrackPointExtension>
        </extensions>
      </trkpt>
      <trkpt lat="45.7947725616395473480224609375" lon="126.63210676051676273345947265625">
        <ele>120.1999969482421875</ele>
        <time>2026-10-04T21:47:20.000Z</time>
        <extensions>
          <ns3:TrackPointExtension>
            <ns3:hr>159</ns3:hr>
            <ns3:cad>92</ns3:cad>
          </ns3:TrackPointExtension>
        </extensions>
      </trkpt>
      <trkpt lat="45.7947899959981441497802734375" lon="126.6321460716426372528076171875">
        <ele>120.1999969482421875</ele>
        <time>2026-10-04T21:47:21.000Z</time>
        <extensions>
          <ns3:TrackPointExtension>
            <ns3:hr>158</ns3:hr>
            <ns3:cad>92</ns3:cad>
          </ns3:TrackPointExtension>
        </extensions>
      </trkpt>
      <trkpt lat="45.79480030573904514312744140625" lon="126.63218487985432147979736328125">
        <ele>120.1999969482421875</ele>
        <time>2026-10-04T21:47:22.000Z</time>
        <extensions>
          <ns3:TrackPointExtension>
            <ns3:hr>158</ns3:hr>
            <ns3:cad>92</ns3:cad>
          </ns3:TrackPointExtension>
        </extensions>
      </trkpt>
      <trkpt lat="45.79481472261250019073486328125" lon="126.63222980685532093048095703125">
        <ele>120.1999969482421875</ele>
        <time>2026-10-04T21:47:23.000Z</time>
        <extensions>
          <ns3:TrackPointExtension>
            <ns3:hr>158</ns3:hr>
            <ns3:cad>93</ns3:cad>
          </ns3:TrackPointExtension>
        </extensions>
      </trkpt>
      <trkpt lat="45.79483182169497013092041015625" lon="126.6322661004960536956787109375">
        <ele>120.1999969482421875</ele>
        <time>2026-10-04T21:47:24.000Z</time>
        <extensions>
          <ns3:TrackPointExtension>
            <ns3:hr>158</ns3:hr>
            <ns3:cad>93</ns3:cad>
          </ns3:TrackPointExtension>
        </extensions>
      </trkpt>
      <trkpt lat="45.79485042952001094818115234375" lon="126.63230759091675281524658203125">
        <ele>120.1999969482421875</ele>
        <time>2026-10-04T21:47:25.000Z</time>
        <extensions>
          <ns3:TrackPointExtension>
            <ns3:hr>158</ns3:hr>
            <ns3:cad>93</ns3:cad>
          </ns3:TrackPointExtension>
        </extensions>
      </trkpt>
      <trkpt lat="45.7948644272983074188232421875" lon="126.6323492489755153656005859375">
        <ele>120.1999969482421875</ele>
        <time>2026-10-04T21:47:26.000Z</time>
        <extensions>
          <ns3:TrackPointExtension>
            <ns3:hr>158</ns3:hr>
            <ns3:cad>93</ns3:cad>
          </ns3:TrackPointExtension>
        </extensions>
      </trkpt>
      <trkpt lat="45.794877670705318450927734375" lon="126.6323971934616565704345703125">
        <ele>120.1999969482421875</ele>
        <time>2026-10-04T21:47:27.000Z</time>
        <extensions>
          <ns3:TrackPointExtension>
            <ns3:hr>158</ns3:hr>
            <ns3:cad>93</ns3:cad>
          </ns3:TrackPointExtension>
        </extensions>
      </trkpt>
      <trkpt lat="45.794895105063915252685546875" lon="126.63243097253143787384033203125">
        <ele>120</ele>
        <time>2026-10-04T21:47:28.000Z</time>
        <extensions>
          <ns3:TrackPointExtension>
            <ns3:hr>158</ns3:hr>
            <ns3:cad>92</ns3:cad>
          </ns3:TrackPointExtension>
        </extensions>
      </trkpt>
      <trkpt lat="45.794911198318004608154296875" lon="126.6324753127992153167724609375">
        <ele>120</ele>
        <time>2026-10-04T21:47:29.000Z</time>
        <extensions>
          <ns3:TrackPointExtension>
            <ns3:hr>158</ns3:hr>
            <ns3:cad>92</ns3:cad>
          </ns3:TrackPointExtension>
        </extensions>
      </trkpt>
      <trkpt lat="45.79493173398077487945556640625" lon="126.6325041465461254119873046875">
        <ele>120</ele>
        <time>2026-10-04T21:47:30.000Z</time>
        <extensions>
          <ns3:TrackPointExtension>
            <ns3:hr>157</ns3:hr>
            <ns3:cad>92</ns3:cad>
          </ns3:TrackPointExtension>
        </extensions>
      </trkpt>
      <trkpt lat="45.79494916833937168121337890625" lon="126.63254764862358570098876953125">
        <ele>120</ele>
        <time>2026-10-04T21:47:31.000Z</time>
        <extensions>
          <ns3:TrackPointExtension>
            <ns3:hr>158</ns3:hr>
            <ns3:cad>92</ns3:cad>
          </ns3:TrackPointExtension>
        </extensions>
      </trkpt>
      <trkpt lat="45.79496643505990505218505859375" lon="126.6325849480926990509033203125">
        <ele>120</ele>
        <time>2026-10-04T21:47:32.000Z</time>
        <extensions>
          <ns3:TrackPointExtension>
            <ns3:hr>157</ns3:hr>
            <ns3:cad>92</ns3:cad>
          </ns3:TrackPointExtension>
        </extensions>
      </trkpt>
      <trkpt lat="45.79498521052300930023193359375" lon="126.63262568414211273193359375">
        <ele>120</ele>
        <time>2026-10-04T21:47:33.000Z</time>
        <extensions>
          <ns3:TrackPointExtension>
            <ns3:hr>157</ns3:hr>
            <ns3:cad>92</ns3:cad>
          </ns3:TrackPointExtension>
        </extensions>
      </trkpt>
      <trkpt lat="45.79499929212033748626708984375" lon="126.63266734220087528228759765625">
        <ele>120</ele>
        <time>2026-10-04T21:47:34.000Z</time>
        <extensions>
          <ns3:TrackPointExtension>
            <ns3:hr>157</ns3:hr>
            <ns3:cad>92</ns3:cad>
          </ns3:TrackPointExtension>
        </extensions>
      </trkpt>
      <trkpt lat="45.7950119487941265106201171875" lon="126.6327083297073841094970703125">
        <ele>120</ele>
        <time>2026-10-04T21:47:35.000Z</time>
        <extensions>
          <ns3:TrackPointExtension>
            <ns3:hr>157</ns3:hr>
            <ns3:cad>92</ns3:cad>
          </ns3:TrackPointExtension>
        </extensions>
      </trkpt>
      <trkpt lat="45.79502728767693042755126953125" lon="126.63275820203125476837158203125">
        <ele>120.1999969482421875</ele>
        <time>2026-10-04T21:47:36.000Z</time>
        <extensions>
          <ns3:TrackPointExtension>
            <ns3:hr>157</ns3:hr>
            <ns3:cad>93</ns3:cad>
          </ns3:TrackPointExtension>
        </extensions>
      </trkpt>
      <trkpt lat="45.7950456440448760986328125" lon="126.63278703577816486358642578125">
        <ele>120.1999969482421875</ele>
        <time>2026-10-04T21:47:37.000Z</time>
        <extensions>
          <ns3:TrackPointExtension>
            <ns3:hr>156</ns3:hr>
            <ns3:cad>94</ns3:cad>
          </ns3:TrackPointExtension>
        </extensions>
      </trkpt>
      <trkpt lat="45.79506316222250461578369140625" lon="126.63283615373075008392333984375">
        <ele>120</ele>
        <time>2026-10-04T21:47:38.000Z</time>
        <extensions>
          <ns3:TrackPointExtension>
            <ns3:hr>156</ns3:hr>
            <ns3:cad>94</ns3:cad>
          </ns3:TrackPointExtension>
        </extensions>
      </trkpt>
      <trkpt lat="45.79507858492434024810791015625" lon="126.6328726150095462799072265625">
        <ele>120</ele>
        <time>2026-10-04T21:47:39.000Z</time>
        <extensions>
          <ns3:TrackPointExtension>
            <ns3:hr>156</ns3:hr>
            <ns3:cad>94</ns3:cad>
          </ns3:TrackPointExtension>
        </extensions>
      </trkpt>
      <trkpt lat="45.79509635455906391143798828125" lon="126.63291695527732372283935546875">
        <ele>120.1999969482421875</ele>
        <time>2026-10-04T21:47:40.000Z</time>
        <extensions>
          <ns3:TrackPointExtension>
            <ns3:hr>156</ns3:hr>
            <ns3:cad>93</ns3:cad>
          </ns3:TrackPointExtension>
        </extensions>
      </trkpt>
      <trkpt lat="45.7951185666024684906005859375" lon="126.63295199163258075714111328125">
        <ele>120.1999969482421875</ele>
        <time>2026-10-04T21:47:41.000Z</time>
        <extensions>
          <ns3:TrackPointExtension>
            <ns3:hr>156</ns3:hr>
            <ns3:cad>92</ns3:cad>
          </ns3:TrackPointExtension>
        </extensions>
      </trkpt>
      <trkpt lat="45.79513457603752613067626953125" lon="126.63299406878650188446044921875">
        <ele>120.1999969482421875</ele>
        <time>2026-10-04T21:47:42.000Z</time>
        <extensions>
          <ns3:TrackPointExtension>
            <ns3:hr>156</ns3:hr>
            <ns3:cad>92</ns3:cad>
          </ns3:TrackPointExtension>
        </extensions>
      </trkpt>
      <trkpt lat="45.79515159130096435546875" lon="126.633032374083995819091796875">
        <ele>120.1999969482421875</ele>
        <time>2026-10-04T21:47:43.000Z</time>
        <extensions>
          <ns3:TrackPointExtension>
            <ns3:hr>156</ns3:hr>
            <ns3:cad>91</ns3:cad>
          </ns3:TrackPointExtension>
        </extensions>
      </trkpt>
      <trkpt lat="45.79516299068927764892578125" lon="126.63307017646729946136474609375">
        <ele>120.1999969482421875</ele>
        <time>2026-10-04T21:47:44.000Z</time>
        <extensions>
          <ns3:TrackPointExtension>
            <ns3:hr>155</ns3:hr>
            <ns3:cad>91</ns3:cad>
          </ns3:TrackPointExtension>
        </extensions>
      </trkpt>
      <trkpt lat="45.7951782457530498504638671875" lon="126.633110828697681427001953125">
        <ele>120</ele>
        <time>2026-10-04T21:47:45.000Z</time>
        <extensions>
          <ns3:TrackPointExtension>
            <ns3:hr>155</ns3:hr>
            <ns3:cad>93</ns3:cad>
          </ns3:TrackPointExtension>
        </extensions>
      </trkpt>
      <trkpt lat="45.79518620856106281280517578125" lon="126.6331512294709682464599609375">
        <ele>120</ele>
        <time>2026-10-04T21:47:46.000Z</time>
        <extensions>
          <ns3:TrackPointExtension>
            <ns3:hr>155</ns3:hr>
            <ns3:cad>94</ns3:cad>
          </ns3:TrackPointExtension>
        </extensions>
      </trkpt>
      <trkpt lat="45.7952023856341838836669921875" lon="126.633203029632568359375">
        <ele>120</ele>
        <time>2026-10-04T21:47:47.000Z</time>
        <extensions>
          <ns3:TrackPointExtension>
            <ns3:hr>155</ns3:hr>
            <ns3:cad>94</ns3:cad>
          </ns3:TrackPointExtension>
        </extensions>
      </trkpt>
      <trkpt lat="45.79521437175571918487548828125" lon="126.63324351422488689422607421875">
        <ele>120</ele>
        <time>2026-10-04T21:47:48.000Z</time>
        <extensions>
          <ns3:TrackPointExtension>
            <ns3:hr>155</ns3:hr>
            <ns3:cad>94</ns3:cad>
          </ns3:TrackPointExtension>
        </extensions>
      </trkpt>
      <trkpt lat="45.7952345721423625946044921875" lon="126.63329279981553554534912109375">
        <ele>120</ele>
        <time>2026-10-04T21:47:49.000Z</time>
        <extensions>
          <ns3:TrackPointExtension>
            <ns3:hr>155</ns3:hr>
            <ns3:cad>92</ns3:cad>
          </ns3:TrackPointExtension>
        </extensions>
      </trkpt>
      <trkpt lat="45.7952546887099742889404296875" lon="126.63332012481987476348876953125">
        <ele>120</ele>
        <time>2026-10-04T21:47:50.000Z</time>
        <extensions>
          <ns3:TrackPointExtension>
            <ns3:hr>156</ns3:hr>
            <ns3:cad>92</ns3:cad>
          </ns3:TrackPointExtension>
        </extensions>
      </trkpt>
      <trkpt lat="45.7952741347253322601318359375" lon="126.6333664767444133758544921875">
        <ele>120.1999969482421875</ele>
        <time>2026-10-04T21:47:51.000Z</time>
        <extensions>
          <ns3:TrackPointExtension>
            <ns3:hr>156</ns3:hr>
            <ns3:cad>92</ns3:cad>
          </ns3:TrackPointExtension>
        </extensions>
      </trkpt>
      <trkpt lat="45.7952922396361827850341796875" lon="126.63340209983289241790771484375">
        <ele>120.1999969482421875</ele>
        <time>2026-10-04T21:47:52.000Z</time>
        <extensions>
          <ns3:TrackPointExtension>
            <ns3:hr>156</ns3:hr>
            <ns3:cad>92</ns3:cad>
          </ns3:TrackPointExtension>
        </extensions>
      </trkpt>
      <trkpt lat="45.795308165252208709716796875" lon="126.6334439255297183990478515625">
        <ele>120.1999969482421875</ele>
        <time>2026-10-04T21:47:53.000Z</time>
        <extensions>
          <ns3:TrackPointExtension>
            <ns3:hr>156</ns3:hr>
            <ns3:cad>93</ns3:cad>
          </ns3:TrackPointExtension>
        </extensions>
      </trkpt>
      <trkpt lat="45.79532568342983722686767578125" lon="126.6334824822843074798583984375">
        <ele>120.1999969482421875</ele>
        <time>2026-10-04T21:47:54.000Z</time>
        <extensions>
          <ns3:TrackPointExtension>
            <ns3:hr>156</ns3:hr>
            <ns3:cad>93</ns3:cad>
          </ns3:TrackPointExtension>
        </extensions>
      </trkpt>
      <trkpt lat="45.79533624462783336639404296875" lon="126.63351961411535739898681640625">
        <ele>120.1999969482421875</ele>
        <time>2026-10-04T21:47:55.000Z</time>
        <extensions>
          <ns3:TrackPointExtension>
            <ns3:hr>156</ns3:hr>
            <ns3:cad>93</ns3:cad>
          </ns3:TrackPointExtension>
        </extensions>
      </trkpt>
      <trkpt lat="45.79535133205354213714599609375" lon="126.633565127849578857421875">
        <ele>120</ele>
        <time>2026-10-04T21:47:56.000Z</time>
        <extensions>
          <ns3:TrackPointExtension>
            <ns3:hr>156</ns3:hr>
            <ns3:cad>93</ns3:cad>
          </ns3:TrackPointExtension>
        </extensions>
      </trkpt>
      <trkpt lat="45.79536088742315769195556640625" lon="126.63360175676643848419189453125">
        <ele>120</ele>
        <time>2026-10-04T21:47:57.000Z</time>
        <extensions>
          <ns3:TrackPointExtension>
            <ns3:hr>156</ns3:hr>
            <ns3:cad>93</ns3:cad>
          </ns3:TrackPointExtension>
        </extensions>
      </trkpt>
      <trkpt lat="45.79537765122950077056884765625" lon="126.63365162909030914306640625">
        <ele>120.1999969482421875</ele>
        <time>2026-10-04T21:47:58.000Z</time>
        <extensions>
          <ns3:TrackPointExtension>
            <ns3:hr>156</ns3:hr>
            <ns3:cad>92</ns3:cad>
          </ns3:TrackPointExtension>
        </extensions>
      </trkpt>
      <trkpt lat="45.79539391212165355682373046875" lon="126.63368104957044124603271484375">
        <ele>120</ele>
        <time>2026-10-04T21:47:59.000Z</time>
        <extensions>
          <ns3:TrackPointExtension>
            <ns3:hr>156</ns3:hr>
            <ns3:cad>92</ns3:cad>
          </ns3:TrackPointExtension>
        </extensions>
      </trkpt>
      <trkpt lat="45.79540916718542575836181640625" lon="126.6337332688271999359130859375">
        <ele>120</ele>
        <time>2026-10-04T21:48:00.000Z</time>
        <extensions>
          <ns3:TrackPointExtension>
            <ns3:hr>156</ns3:hr>
            <ns3:cad>92</ns3:cad>
          </ns3:TrackPointExtension>
        </extensions>
      </trkpt>
      <trkpt lat="45.7954266853630542755126953125" lon="126.633763946592807769775390625">
        <ele>120</ele>
        <time>2026-10-04T21:48:01.000Z</time>
        <extensions>
          <ns3:TrackPointExtension>
            <ns3:hr>156</ns3:hr>
            <ns3:cad>92</ns3:cad>
          </ns3:TrackPointExtension>
        </extensions>
      </trkpt>
      <trkpt lat="45.79544462263584136962890625" lon="126.63380979560315608978271484375">
        <ele>120</ele>
        <time>2026-10-04T21:48:02.000Z</time>
        <extensions>
          <ns3:TrackPointExtension>
            <ns3:hr>156</ns3:hr>
            <ns3:cad>92</ns3:cad>
          </ns3:TrackPointExtension>
        </extensions>
      </trkpt>
      <trkpt lat="45.79546314664185047149658203125" lon="126.63384474813938140869140625">
        <ele>120</ele>
        <time>2026-10-04T21:48:03.000Z</time>
        <extensions>
          <ns3:TrackPointExtension>
            <ns3:hr>157</ns3:hr>
            <ns3:cad>93</ns3:cad>
          </ns3:TrackPointExtension>
        </extensions>
      </trkpt>
      <trkpt lat="45.7954774796962738037109375" lon="126.6338854841887950897216796875">
        <ele>120</ele>
        <time>2026-10-04T21:48:04.000Z</time>
        <extensions>
          <ns3:TrackPointExtension>
            <ns3:hr>157</ns3:hr>
            <ns3:cad>93</ns3:cad>
          </ns3:TrackPointExtension>
        </extensions>
      </trkpt>
      <trkpt lat="45.79549558460712432861328125" lon="126.63392462767660617828369140625">
        <ele>120</ele>
        <time>2026-10-04T21:48:05.000Z</time>
        <extensions>
          <ns3:TrackPointExtension>
            <ns3:hr>157</ns3:hr>
            <ns3:cad>93</ns3:cad>
          </ns3:TrackPointExtension>
        </extensions>
      </trkpt>
      <trkpt lat="45.79551125876605510711669921875" lon="126.633959747850894927978515625">
        <ele>120.1999969482421875</ele>
        <time>2026-10-04T21:48:06.000Z</time>
        <extensions>
          <ns3:TrackPointExtension>
            <ns3:hr>157</ns3:hr>
            <ns3:cad>93</ns3:cad>
          </ns3:TrackPointExtension>
        </extensions>
      </trkpt>
      <trkpt lat="45.7955249212682247161865234375" lon="126.6340011544525623321533203125">
        <ele>120.1999969482421875</ele>
        <time>2026-10-04T21:48:07.000Z</time>
        <extensions>
          <ns3:TrackPointExtension>
            <ns3:hr>157</ns3:hr>
            <ns3:cad>93</ns3:cad>
          </ns3:TrackPointExtension>
        </extensions>
      </trkpt>
      <trkpt lat="45.7955346442759037017822265625" lon="126.63403677754104137420654296875">
        <ele>120.1999969482421875</ele>
        <time>2026-10-04T21:48:08.000Z</time>
        <extensions>
          <ns3:TrackPointExtension>
            <ns3:hr>157</ns3:hr>
            <ns3:cad>93</ns3:cad>
          </ns3:TrackPointExtension>
        </extensions>
      </trkpt>
      <trkpt lat="45.7955450378358364105224609375" lon="126.63408405147492885589599609375">
        <ele>120.1999969482421875</ele>
        <time>2026-10-04T21:48:09.000Z</time>
        <extensions>
          <ns3:TrackPointExtension>
            <ns3:hr>157</ns3:hr>
            <ns3:cad>93</ns3:cad>
          </ns3:TrackPointExtension>
        </extensions>
      </trkpt>
      <trkpt lat="45.79555836506187915802001953125" lon="126.6341149806976318359375">
        <ele>120.1999969482421875</ele>
        <time>2026-10-04T21:48:10.000Z</time>
        <extensions>
          <ns3:TrackPointExtension>
            <ns3:hr>157</ns3:hr>
            <ns3:cad>93</ns3:cad>
          </ns3:TrackPointExtension>
        </extensions>
      </trkpt>
      <trkpt lat="45.79557160846889019012451171875" lon="126.6341620869934558868408203125">
        <ele>120.1999969482421875</ele>
        <time>2026-10-04T21:48:11.000Z</time>
        <extensions>
          <ns3:TrackPointExtension>
            <ns3:hr>158</ns3:hr>
            <ns3:cad>93</ns3:cad>
          </ns3:TrackPointExtension>
        </extensions>
      </trkpt>
      <trkpt lat="45.79559038393199443817138671875" lon="126.63418999873101711273193359375">
        <ele>120.1999969482421875</ele>
        <time>2026-10-04T21:48:12.000Z</time>
        <extensions>
          <ns3:TrackPointExtension>
            <ns3:hr>158</ns3:hr>
            <ns3:cad>93</ns3:cad>
          </ns3:TrackPointExtension>
        </extensions>
      </trkpt>
      <trkpt lat="45.79560429789125919342041015625" lon="126.63423626683652400970458984375">
        <ele>120.1999969482421875</ele>
        <time>2026-10-04T21:48:13.000Z</time>
        <extensions>
          <ns3:TrackPointExtension>
            <ns3:hr>157</ns3:hr>
            <ns3:cad>92</ns3:cad>
          </ns3:TrackPointExtension>
        </extensions>
      </trkpt>
      <trkpt lat="45.79561972059309482574462890625" lon="126.63427012972533702850341796875">
        <ele>120.1999969482421875</ele>
        <time>2026-10-04T21:48:14.000Z</time>
        <extensions>
          <ns3:TrackPointExtension>
            <ns3:hr>157</ns3:hr>
            <ns3:cad>92</ns3:cad>
          </ns3:TrackPointExtension>
        </extensions>
      </trkpt>
      <trkpt lat="45.79563279636204242706298828125" lon="126.63431338034570217132568359375">
        <ele>120.1999969482421875</ele>
        <time>2026-10-04T21:48:15.000Z</time>
        <extensions>
          <ns3:TrackPointExtension>
            <ns3:hr>157</ns3:hr>
            <ns3:cad>92</ns3:cad>
          </ns3:TrackPointExtension>
        </extensions>
      </trkpt>
      <trkpt lat="45.79564981162548065185546875" lon="126.63435168564319610595703125">
        <ele>120.1999969482421875</ele>
        <time>2026-10-04T21:48:16.000Z</time>
        <extensions>
          <ns3:TrackPointExtension>
            <ns3:hr>157</ns3:hr>
            <ns3:cad>92</ns3:cad>
          </ns3:TrackPointExtension>
        </extensions>
      </trkpt>
      <trkpt lat="45.79565844498574733734130859375" lon="126.63439803756773471832275390625">
        <ele>120.1999969482421875</ele>
        <time>2026-10-04T21:48:17.000Z</time>
        <extensions>
          <ns3:TrackPointExtension>
            <ns3:hr>158</ns3:hr>
            <ns3:cad>92</ns3:cad>
          </ns3:TrackPointExtension>
        </extensions>
      </trkpt>
      <trkpt lat="45.79567126929759979248046875" lon="126.63444447331130504608154296875">
        <ele>120.1999969482421875</ele>
        <time>2026-10-04T21:48:18.000Z</time>
        <extensions>
          <ns3:TrackPointExtension>
            <ns3:hr>157</ns3:hr>
            <ns3:cad>92</ns3:cad>
          </ns3:TrackPointExtension>
        </extensions>
      </trkpt>
      <trkpt lat="45.79567973501980304718017578125" lon="126.6344852931797504425048828125">
        <ele>120.1999969482421875</ele>
        <time>2026-10-04T21:48:19.000Z</time>
        <extensions>
          <ns3:TrackPointExtension>
            <ns3:hr>157</ns3:hr>
            <ns3:cad>92</ns3:cad>
          </ns3:TrackPointExtension>
        </extensions>
      </trkpt>
      <trkpt lat="45.7956893742084503173828125" lon="126.63453063927590847015380859375">
        <ele>120.1999969482421875</ele>
        <time>2026-10-04T21:48:20.000Z</time>
        <extensions>
          <ns3:TrackPointExtension>
            <ns3:hr>157</ns3:hr>
            <ns3:cad>92</ns3:cad>
          </ns3:TrackPointExtension>
        </extensions>
      </trkpt>
      <trkpt lat="45.79570345580577850341796875" lon="126.6345587186515331268310546875">
        <ele>120.1999969482421875</ele>
        <time>2026-10-04T21:48:21.000Z</time>
        <extensions>
          <ns3:TrackPointExtension>
            <ns3:hr>157</ns3:hr>
            <ns3:cad>93</ns3:cad>
          </ns3:TrackPointExtension>
        </extensions>
      </trkpt>
      <trkpt lat="45.7957160286605358123779296875" lon="126.63460691459476947784423828125">
        <ele>120.1999969482421875</ele>
        <time>2026-10-04T21:48:22.000Z</time>
        <extensions>
          <ns3:TrackPointExtension>
            <ns3:hr>157</ns3:hr>
            <ns3:cad>93</ns3:cad>
          </ns3:TrackPointExtension>
        </extensions>
      </trkpt>
      <trkpt lat="45.79573103226721286773681640625" lon="126.63463926874101161956787109375">
        <ele>120.1999969482421875</ele>
        <time>2026-10-04T21:48:23.000Z</time>
        <extensions>
          <ns3:TrackPointExtension>
            <ns3:hr>156</ns3:hr>
            <ns3:cad>93</ns3:cad>
          </ns3:TrackPointExtension>
        </extensions>
      </trkpt>
      <trkpt lat="45.79574561677873134613037109375" lon="126.63468402810394763946533203125">
        <ele>120.1999969482421875</ele>
        <time>2026-10-04T21:48:24.000Z</time>
        <extensions>
          <ns3:TrackPointExtension>
            <ns3:hr>156</ns3:hr>
            <ns3:cad>93</ns3:cad>
          </ns3:TrackPointExtension>
        </extensions>
      </trkpt>
      <trkpt lat="45.795763470232486724853515625" lon="126.63471956737339496612548828125">
        <ele>120.1999969482421875</ele>
        <time>2026-10-04T21:48:25.000Z</time>
        <extensions>
          <ns3:TrackPointExtension>
            <ns3:hr>156</ns3:hr>
            <ns3:cad>92</ns3:cad>
          </ns3:TrackPointExtension>
        </extensions>
      </trkpt>
      <trkpt lat="45.79577931202948093414306640625" lon="126.63475963287055492401123046875">
        <ele>120.1999969482421875</ele>
        <time>2026-10-04T21:48:26.000Z</time>
        <extensions>
          <ns3:TrackPointExtension>
            <ns3:hr>156</ns3:hr>
            <ns3:cad>92</ns3:cad>
          </ns3:TrackPointExtension>
        </extensions>
      </trkpt>
      <trkpt lat="45.795799680054187774658203125" lon="126.63479500450193881988525390625">
        <ele>120.1999969482421875</ele>
        <time>2026-10-04T21:48:27.000Z</time>
        <extensions>
          <ns3:TrackPointExtension>
            <ns3:hr>156</ns3:hr>
            <ns3:cad>92</ns3:cad>
          </ns3:TrackPointExtension>
        </extensions>
      </trkpt>
      <trkpt lat="45.79581568948924541473388671875" lon="126.634836830198764801025390625">
        <ele>120.1999969482421875</ele>
        <time>2026-10-04T21:48:28.000Z</time>
        <extensions>
          <ns3:TrackPointExtension>
            <ns3:hr>156</ns3:hr>
            <ns3:cad>92</ns3:cad>
          </ns3:TrackPointExtension>
        </extensions>
      </trkpt>
      <trkpt lat="45.79583488404750823974609375" lon="126.63487781770527362823486328125">
        <ele>120.1999969482421875</ele>
        <time>2026-10-04T21:48:29.000Z</time>
        <extensions>
          <ns3:TrackPointExtension>
            <ns3:hr>156</ns3:hr>
            <ns3:cad>92</ns3:cad>
          </ns3:TrackPointExtension>
        </extensions>
      </trkpt>
      <trkpt lat="45.79584737308323383331298828125" lon="126.6349127702414989471435546875">
        <ele>120.1999969482421875</ele>
        <time>2026-10-04T21:48:30.000Z</time>
        <extensions>
          <ns3:TrackPointExtension>
            <ns3:hr>156</ns3:hr>
            <ns3:cad>93</ns3:cad>
          </ns3:TrackPointExtension>
        </extensions>
      </trkpt>
      <trkpt lat="45.7958608679473400115966796875" lon="126.63495694287121295928955078125">
        <ele>120.1999969482421875</ele>
        <time>2026-10-04T21:48:31.000Z</time>
        <extensions>
          <ns3:TrackPointExtension>
            <ns3:hr>156</ns3:hr>
            <ns3:cad>93</ns3:cad>
          </ns3:TrackPointExtension>
        </extensions>
      </trkpt>
      <trkpt lat="45.79587855376303195953369140625" lon="126.63499063812196254730224609375">
        <ele>120.1999969482421875</ele>
        <time>2026-10-04T21:48:32.000Z</time>
        <extensions>
          <ns3:TrackPointExtension>
            <ns3:hr>156</ns3:hr>
            <ns3:cad>93</ns3:cad>
          </ns3:TrackPointExtension>
        </extensions>
      </trkpt>
      <trkpt lat="45.79589523375034332275390625" lon="126.63502953015267848968505859375">
        <ele>120.1999969482421875</ele>
        <time>2026-10-04T21:48:33.000Z</time>
        <extensions>
          <ns3:TrackPointExtension>
            <ns3:hr>156</ns3:hr>
            <ns3:cad>93</ns3:cad>
          </ns3:TrackPointExtension>
        </extensions>
      </trkpt>
      <trkpt lat="45.7959138415753841400146484375" lon="126.63506322540342807769775390625">
        <ele>120.1999969482421875</ele>
        <time>2026-10-04T21:48:34.000Z</time>
        <extensions>
          <ns3:TrackPointExtension>
            <ns3:hr>155</ns3:hr>
            <ns3:cad>93</ns3:cad>
          </ns3:TrackPointExtension>
        </extensions>
      </trkpt>
      <trkpt lat="45.79592783935368061065673828125" lon="126.63511318154633045196533203125">
        <ele>120.1999969482421875</ele>
        <time>2026-10-04T21:48:35.000Z</time>
        <extensions>
          <ns3:TrackPointExtension>
            <ns3:hr>155</ns3:hr>
            <ns3:cad>94</ns3:cad>
          </ns3:TrackPointExtension>
        </extensions>
      </trkpt>
      <trkpt lat="45.79594896174967288970947265625" lon="126.6351528279483318328857421875">
        <ele>120.1999969482421875</ele>
        <time>2026-10-04T21:48:36.000Z</time>
        <extensions>
          <ns3:TrackPointExtension>
            <ns3:hr>155</ns3:hr>
            <ns3:cad>94</ns3:cad>
          </ns3:TrackPointExtension>
        </extensions>
      </trkpt>
      <trkpt lat="45.79596673138439655303955078125" lon="126.63520060479640960693359375">
        <ele>120.1999969482421875</ele>
        <time>2026-10-04T21:48:37.000Z</time>
        <extensions>
          <ns3:TrackPointExtension>
            <ns3:hr>155</ns3:hr>
            <ns3:cad>93</ns3:cad>
          </ns3:TrackPointExtension>
        </extensions>
      </trkpt>
      <trkpt lat="45.79598785378038883209228515625" lon="126.635245867073535919189453125">
        <ele>120.1999969482421875</ele>
        <time>2026-10-04T21:48:38.000Z</time>
        <extensions>
          <ns3:TrackPointExtension>
            <ns3:hr>155</ns3:hr>
            <ns3:cad>93</ns3:cad>
          </ns3:TrackPointExtension>
        </extensions>
      </trkpt>
      <trkpt lat="45.79600210301578044891357421875" lon="126.63529423065483570098876953125">
        <ele>120.1999969482421875</ele>
        <time>2026-10-04T21:48:39.000Z</time>
        <extensions>
          <ns3:TrackPointExtension>
            <ns3:hr>155</ns3:hr>
            <ns3:cad>93</ns3:cad>
          </ns3:TrackPointExtension>
        </extensions>
      </trkpt>
      <trkpt lat="45.796011574566364288330078125" lon="126.63534569554030895233154296875">
        <ele>120.1999969482421875</ele>
        <time>2026-10-04T21:48:40.000Z</time>
        <extensions>
          <ns3:TrackPointExtension>
            <ns3:hr>155</ns3:hr>
            <ns3:cad>93</ns3:cad>
          </ns3:TrackPointExtension>
        </extensions>
      </trkpt>
      <trkpt lat="45.79602800309658050537109375" lon="126.6353851743042469024658203125">
        <ele>120.1999969482421875</ele>
        <time>2026-10-04T21:48:41.000Z</time>
        <extensions>
          <ns3:TrackPointExtension>
            <ns3:hr>155</ns3:hr>
            <ns3:cad>93</ns3:cad>
          </ns3:TrackPointExtension>
        </extensions>
      </trkpt>
      <trkpt lat="45.796045102179050445556640625" lon="126.6354386508464813232421875">
        <ele>120.1999969482421875</ele>
        <time>2026-10-04T21:48:42.000Z</time>
        <extensions>
          <ns3:TrackPointExtension>
            <ns3:hr>155</ns3:hr>
            <ns3:cad>93</ns3:cad>
          </ns3:TrackPointExtension>
        </extensions>
      </trkpt>
      <trkpt lat="45.796060860157012939453125" lon="126.63547729142010211944580078125">
        <ele>120.1999969482421875</ele>
        <time>2026-10-04T21:48:43.000Z</time>
        <extensions>
          <ns3:TrackPointExtension>
            <ns3:hr>154</ns3:hr>
            <ns3:cad>93</ns3:cad>
          </ns3:TrackPointExtension>
        </extensions>
      </trkpt>
      <trkpt lat="45.79608273692429065704345703125" lon="126.63552691228687763214111328125">
        <ele>120.1999969482421875</ele>
        <time>2026-10-04T21:48:44.000Z</time>
        <extensions>
          <ns3:TrackPointExtension>
            <ns3:hr>155</ns3:hr>
            <ns3:cad>94</ns3:cad>
          </ns3:TrackPointExtension>
        </extensions>
      </trkpt>
      <trkpt lat="45.79610520042479038238525390625" lon="126.63556404411792755126953125">
        <ele>120.1999969482421875</ele>
        <time>2026-10-04T21:48:45.000Z</time>
        <extensions>
          <ns3:TrackPointExtension>
            <ns3:hr>155</ns3:hr>
            <ns3:cad>94</ns3:cad>
          </ns3:TrackPointExtension>
        </extensions>
      </trkpt>
      <trkpt lat="45.79611559398472309112548828125" lon="126.6356101445853710174560546875">
        <ele>120.1999969482421875</ele>
        <time>2026-10-04T21:48:46.000Z</time>
        <extensions>
          <ns3:TrackPointExtension>
            <ns3:hr>155</ns3:hr>
            <ns3:cad>94</ns3:cad>
          </ns3:TrackPointExtension>
        </extensions>
      </trkpt>
      <trkpt lat="45.79613235779106616973876953125" lon="126.6356510482728481292724609375">
        <ele>120.1999969482421875</ele>
        <time>2026-10-04T21:48:47.000Z</time>
        <extensions>
          <ns3:TrackPointExtension>
            <ns3:hr>156</ns3:hr>
            <ns3:cad>94</ns3:cad>
          </ns3:TrackPointExtension>
        </extensions>
      </trkpt>
      <trkpt lat="45.7961426675319671630859375" lon="126.635686419904232025146484375">
        <ele>120.1999969482421875</ele>
        <time>2026-10-04T21:48:48.000Z</time>
        <extensions>
          <ns3:TrackPointExtension>
            <ns3:hr>155</ns3:hr>
            <ns3:cad>94</ns3:cad>
          </ns3:TrackPointExtension>
        </extensions>
      </trkpt>
      <trkpt lat="45.79616387374699115753173828125" lon="126.635743416845798492431640625">
        <ele>120.1999969482421875</ele>
        <time>2026-10-04T21:48:49.000Z</time>
        <extensions>
          <ns3:TrackPointExtension>
            <ns3:hr>156</ns3:hr>
            <ns3:cad>94</ns3:cad>
          </ns3:TrackPointExtension>
        </extensions>
      </trkpt>
      <trkpt lat="45.7961787097156047821044921875" lon="126.635783649981021881103515625">
        <ele>120.1999969482421875</ele>
        <time>2026-10-04T21:48:50.000Z</time>
        <extensions>
          <ns3:TrackPointExtension>
            <ns3:hr>156</ns3:hr>
            <ns3:cad>94</ns3:cad>
          </ns3:TrackPointExtension>
        </extensions>
      </trkpt>
      <trkpt lat="45.79620108939707279205322265625" lon="126.63584073074162006378173828125">
        <ele>120.1999969482421875</ele>
        <time>2026-10-04T21:48:51.000Z</time>
        <extensions>
          <ns3:TrackPointExtension>
            <ns3:hr>156</ns3:hr>
            <ns3:cad>94</ns3:cad>
          </ns3:TrackPointExtension>
        </extensions>
      </trkpt>
      <trkpt lat="45.7962253130972385406494140625" lon="126.6358807124197483062744140625">
        <ele>120.1999969482421875</ele>
        <time>2026-10-04T21:48:52.000Z</time>
        <extensions>
          <ns3:TrackPointExtension>
            <ns3:hr>156</ns3:hr>
            <ns3:cad>94</ns3:cad>
          </ns3:TrackPointExtension>
        </extensions>
      </trkpt>
      <trkpt lat="45.79623855650424957275390625" lon="126.6359246335923671722412109375">
        <ele>120.1999969482421875</ele>
        <time>2026-10-04T21:48:53.000Z</time>
        <extensions>
          <ns3:TrackPointExtension>
            <ns3:hr>156</ns3:hr>
            <ns3:cad>94</ns3:cad>
          </ns3:TrackPointExtension>
        </extensions>
      </trkpt>
      <trkpt lat="45.7962564937770366668701171875" lon="126.6359724104404449462890625">
        <ele>120.1999969482421875</ele>
        <time>2026-10-04T21:48:54.000Z</time>
        <extensions>
          <ns3:TrackPointExtension>
            <ns3:hr>156</ns3:hr>
            <ns3:cad>94</ns3:cad>
          </ns3:TrackPointExtension>
        </extensions>
      </trkpt>
      <trkpt lat="45.7962705753743648529052734375" lon="126.63601373322308063507080078125">
        <ele>120</ele>
        <time>2026-10-04T21:48:55.000Z</time>
        <extensions>
          <ns3:TrackPointExtension>
            <ns3:hr>156</ns3:hr>
            <ns3:cad>93</ns3:cad>
          </ns3:TrackPointExtension>
        </extensions>
      </trkpt>
      <trkpt lat="45.79629010520875453948974609375" lon="126.6360674612224102020263671875">
        <ele>120</ele>
        <time>2026-10-04T21:48:56.000Z</time>
        <extensions>
          <ns3:TrackPointExtension>
            <ns3:hr>157</ns3:hr>
            <ns3:cad>93</ns3:cad>
          </ns3:TrackPointExtension>
        </extensions>
      </trkpt>
      <trkpt lat="45.7963104732334613800048828125" lon="126.63610610179603099822998046875">
        <ele>120</ele>
        <time>2026-10-04T21:48:57.000Z</time>
        <extensions>
          <ns3:TrackPointExtension>
            <ns3:hr>157</ns3:hr>
            <ns3:cad>94</ns3:cad>
          </ns3:TrackPointExtension>
        </extensions>
      </trkpt>
      <trkpt lat="45.7963289134204387664794921875" lon="126.636157818138599395751953125">
        <ele>120</ele>
        <time>2026-10-04T21:48:58.000Z</time>
        <extensions>
          <ns3:TrackPointExtension>
            <ns3:hr>158</ns3:hr>
            <ns3:cad>95</ns3:cad>
          </ns3:TrackPointExtension>
        </extensions>
      </trkpt>
      <trkpt lat="45.79634827561676502227783203125" lon="126.63620383478701114654541015625">
        <ele>120</ele>
        <time>2026-10-04T21:48:59.000Z</time>
        <extensions>
          <ns3:TrackPointExtension>
            <ns3:hr>158</ns3:hr>
            <ns3:cad>95</ns3:cad>
          </ns3:TrackPointExtension>
        </extensions>
      </trkpt>
      <trkpt lat="45.79635850153863430023193359375" lon="126.6362485103309154510498046875">
        <ele>120</ele>
        <time>2026-10-04T21:49:00.000Z</time>
        <extensions>
          <ns3:TrackPointExtension>
            <ns3:hr>159</ns3:hr>
            <ns3:cad>95</ns3:cad>
          </ns3:TrackPointExtension>
        </extensions>
      </trkpt>
      <trkpt lat="45.7963738404214382171630859375" lon="126.6363011486828327178955078125">
        <ele>120</ele>
        <time>2026-10-04T21:49:01.000Z</time>
        <extensions>
          <ns3:TrackPointExtension>
            <ns3:hr>159</ns3:hr>
            <ns3:cad>95</ns3:cad>
          </ns3:TrackPointExtension>
        </extensions>
      </trkpt>
      <trkpt lat="45.79639186151325702667236328125" lon="126.636334843933582305908203125">
        <ele>120.1999969482421875</ele>
        <time>2026-10-04T21:49:02.000Z</time>
        <extensions>
          <ns3:TrackPointExtension>
            <ns3:hr>159</ns3:hr>
            <ns3:cad>95</ns3:cad>
          </ns3:TrackPointExtension>
        </extensions>
      </trkpt>
      <trkpt lat="45.7964110560715198516845703125" lon="126.6363863088190555572509765625">
        <ele>120.1999969482421875</ele>
        <time>2026-10-04T21:49:03.000Z</time>
        <extensions>
          <ns3:TrackPointExtension>
            <ns3:hr>159</ns3:hr>
            <ns3:cad>95</ns3:cad>
          </ns3:TrackPointExtension>
        </extensions>
      </trkpt>
      <trkpt lat="45.79643159173429012298583984375" lon="126.636424697935581207275390625">
        <ele>120.1999969482421875</ele>
        <time>2026-10-04T21:49:04.000Z</time>
        <extensions>
          <ns3:TrackPointExtension>
            <ns3:hr>159</ns3:hr>
            <ns3:cad>95</ns3:cad>
          </ns3:TrackPointExtension>
        </extensions>
      </trkpt>
      <trkpt lat="45.79644734971225261688232421875" lon="126.6364597342908382415771484375">
        <ele>120.1999969482421875</ele>
        <time>2026-10-04T21:49:05.000Z</time>
        <extensions>
          <ns3:TrackPointExtension>
            <ns3:hr>159</ns3:hr>
            <ns3:cad>95</ns3:cad>
          </ns3:TrackPointExtension>
        </extensions>
      </trkpt>
      <trkpt lat="45.79646662808954715728759765625" lon="126.6365013085305690765380859375">
        <ele>120.1999969482421875</ele>
        <time>2026-10-04T21:49:06.000Z</time>
        <extensions>
          <ns3:TrackPointExtension>
            <ns3:hr>160</ns3:hr>
            <ns3:cad>95</ns3:cad>
          </ns3:TrackPointExtension>
        </extensions>
      </trkpt>
      <trkpt lat="45.7964787818491458892822265625" lon="126.63654061965644359588623046875">
        <ele>120.1999969482421875</ele>
        <time>2026-10-04T21:49:07.000Z</time>
        <extensions>
          <ns3:TrackPointExtension>
            <ns3:hr>160</ns3:hr>
            <ns3:cad>93</ns3:cad>
          </ns3:TrackPointExtension>
        </extensions>
      </trkpt>
      <trkpt lat="45.7964978925883769989013671875" lon="126.63659476675093173980712890625">
        <ele>120.1999969482421875</ele>
        <time>2026-10-04T21:49:08.000Z</time>
        <extensions>
          <ns3:TrackPointExtension>
            <ns3:hr>159</ns3:hr>
            <ns3:cad>93</ns3:cad>
          </ns3:TrackPointExtension>
        </extensions>
      </trkpt>
      <trkpt lat="45.796508453786373138427734375" lon="126.63663097657263278961181640625">
        <ele>120.1999969482421875</ele>
        <time>2026-10-04T21:49:09.000Z</time>
        <extensions>
          <ns3:TrackPointExtension>
            <ns3:hr>160</ns3:hr>
            <ns3:cad>93</ns3:cad>
          </ns3:TrackPointExtension>
        </extensions>
      </trkpt>
      <trkpt lat="45.79652613960206508636474609375" lon="126.6366751492023468017578125">
        <ele>120</ele>
        <time>2026-10-04T21:49:10.000Z</time>
        <extensions>
          <ns3:TrackPointExtension>
            <ns3:hr>160</ns3:hr>
            <ns3:cad>93</ns3:cad>
          </ns3:TrackPointExtension>
        </extensions>
      </trkpt>
      <trkpt lat="45.7965421490371227264404296875" lon="126.63670892827212810516357421875">
        <ele>120.1999969482421875</ele>
        <time>2026-10-04T21:49:11.000Z</time>
        <extensions>
          <ns3:TrackPointExtension>
            <ns3:hr>160</ns3:hr>
            <ns3:cad>95</ns3:cad>
          </ns3:TrackPointExtension>
        </extensions>
      </trkpt>
      <trkpt lat="45.79655547626316547393798828125" lon="126.63675854913890361785888671875">
        <ele>120.1999969482421875</ele>
        <time>2026-10-04T21:49:12.000Z</time>
        <extensions>
          <ns3:TrackPointExtension>
            <ns3:hr>161</ns3:hr>
            <ns3:cad>95</ns3:cad>
          </ns3:TrackPointExtension>
        </extensions>
      </trkpt>
      <trkpt lat="45.79657324589788913726806640625" lon="126.6368003748357295989990234375">
        <ele>120</ele>
        <time>2026-10-04T21:49:13.000Z</time>
        <extensions>
          <ns3:TrackPointExtension>
            <ns3:hr>161</ns3:hr>
            <ns3:cad>94</ns3:cad>
          </ns3:TrackPointExtension>
        </extensions>
      </trkpt>
      <trkpt lat="45.796586237847805023193359375" lon="126.636840440332889556884765625">
        <ele>120.1999969482421875</ele>
        <time>2026-10-04T21:49:14.000Z</time>
        <extensions>
          <ns3:TrackPointExtension>
            <ns3:hr>161</ns3:hr>
            <ns3:cad>94</ns3:cad>
          </ns3:TrackPointExtension>
        </extensions>
      </trkpt>
      <trkpt lat="45.7966040074825286865234375" lon="126.63688662461936473846435546875">
        <ele>120.1999969482421875</ele>
        <time>2026-10-04T21:49:15.000Z</time>
        <extensions>
          <ns3:TrackPointExtension>
            <ns3:hr>160</ns3:hr>
            <ns3:cad>94</ns3:cad>
          </ns3:TrackPointExtension>
        </extensions>
      </trkpt>
      <trkpt lat="45.79661850817501544952392578125" lon="126.6369299590587615966796875">
        <ele>120.1999969482421875</ele>
        <time>2026-10-04T21:49:16.000Z</time>
        <extensions>
          <ns3:TrackPointExtension>
            <ns3:hr>160</ns3:hr>
            <ns3:cad>94</ns3:cad>
          </ns3:TrackPointExtension>
        </extensions>
      </trkpt>
      <trkpt lat="45.79663208685815334320068359375" lon="126.63697564043104648590087890625">
        <ele>120.1999969482421875</ele>
        <time>2026-10-04T21:49:17.000Z</time>
        <extensions>
          <ns3:TrackPointExtension>
            <ns3:hr>160</ns3:hr>
            <ns3:cad>94</ns3:cad>
          </ns3:TrackPointExtension>
        </extensions>
      </trkpt>
      <trkpt lat="45.796647258102893829345703125" lon="126.63701419718563556671142578125">
        <ele>120.1999969482421875</ele>
        <time>2026-10-04T21:49:18.000Z</time>
        <extensions>
          <ns3:TrackPointExtension>
            <ns3:hr>160</ns3:hr>
            <ns3:cad>94</ns3:cad>
          </ns3:TrackPointExtension>
        </extensions>
      </trkpt>
      <trkpt lat="45.7966651953756809234619140625" lon="126.63706381805241107940673828125">
        <ele>120.1999969482421875</ele>
        <time>2026-10-04T21:49:19.000Z</time>
        <extensions>
          <ns3:TrackPointExtension>
            <ns3:hr>160</ns3:hr>
            <ns3:cad>94</ns3:cad>
          </ns3:TrackPointExtension>
        </extensions>
      </trkpt>
      <trkpt lat="45.796685479581356048583984375" lon="126.63710304535925388336181640625">
        <ele>120.1999969482421875</ele>
        <time>2026-10-04T21:49:20.000Z</time>
        <extensions>
          <ns3:TrackPointExtension>
            <ns3:hr>160</ns3:hr>
            <ns3:cad>95</ns3:cad>
          </ns3:TrackPointExtension>
        </extensions>
      </trkpt>
      <trkpt lat="45.7966983877122402191162109375" lon="126.6371493972837924957275390625">
        <ele>120.1999969482421875</ele>
        <time>2026-10-04T21:49:21.000Z</time>
        <extensions>
          <ns3:TrackPointExtension>
            <ns3:hr>161</ns3:hr>
            <ns3:cad>94</ns3:cad>
          </ns3:TrackPointExtension>
        </extensions>
      </trkpt>
      <trkpt lat="45.7967138104140758514404296875" lon="126.63719692267477512359619140625">
        <ele>120.1999969482421875</ele>
        <time>2026-10-04T21:49:22.000Z</time>
        <extensions>
          <ns3:TrackPointExtension>
            <ns3:hr>160</ns3:hr>
            <ns3:cad>93</ns3:cad>
          </ns3:TrackPointExtension>
        </extensions>
      </trkpt>
      <trkpt lat="45.7967342622578144073486328125" lon="126.637237071990966796875">
        <ele>120.1999969482421875</ele>
        <time>2026-10-04T21:49:23.000Z</time>
        <extensions>
          <ns3:TrackPointExtension>
            <ns3:hr>160</ns3:hr>
            <ns3:cad>93</ns3:cad>
          </ns3:TrackPointExtension>
        </extensions>
      </trkpt>
      <trkpt lat="45.7967540435492992401123046875" lon="126.63728870451450347900390625">
        <ele>120.1999969482421875</ele>
        <time>2026-10-04T21:49:24.000Z</time>
        <extensions>
          <ns3:TrackPointExtension>
            <ns3:hr>160</ns3:hr>
            <ns3:cad>93</ns3:cad>
          </ns3:TrackPointExtension>
        </extensions>
      </trkpt>
      <trkpt lat="45.79676963388919830322265625" lon="126.63732700981199741363525390625">
        <ele>120.1999969482421875</ele>
        <time>2026-10-04T21:49:25.000Z</time>
        <extensions>
          <ns3:TrackPointExtension>
            <ns3:hr>159</ns3:hr>
            <ns3:cad>93</ns3:cad>
          </ns3:TrackPointExtension>
        </extensions>
      </trkpt>
      <trkpt lat="45.79678975045680999755859375" lon="126.63737428374588489532470703125">
        <ele>120.1999969482421875</ele>
        <time>2026-10-04T21:49:26.000Z</time>
        <extensions>
          <ns3:TrackPointExtension>
            <ns3:hr>159</ns3:hr>
            <ns3:cad>93</ns3:cad>
          </ns3:TrackPointExtension>
        </extensions>
      </trkpt>
      <trkpt lat="45.79681078903377056121826171875" lon="126.63741116411983966827392578125">
        <ele>120.40000152587890625</ele>
        <time>2026-10-04T21:49:27.000Z</time>
        <extensions>
          <ns3:TrackPointExtension>
            <ns3:hr>159</ns3:hr>
            <ns3:cad>93</ns3:cad>
          </ns3:TrackPointExtension>
        </extensions>
      </trkpt>
      <trkpt lat="45.79682671464979648590087890625" lon="126.6374518163502216339111328125">
        <ele>120.40000152587890625</ele>
        <time>2026-10-04T21:49:28.000Z</time>
        <extensions>
          <ns3:TrackPointExtension>
            <ns3:hr>160</ns3:hr>
            <ns3:cad>93</ns3:cad>
          </ns3:TrackPointExtension>
        </extensions>
      </trkpt>
      <trkpt lat="45.7968432269990444183349609375" lon="126.6374985873699188232421875">
        <ele>120.40000152587890625</ele>
        <time>2026-10-04T21:49:29.000Z</time>
        <extensions>
          <ns3:TrackPointExtension>
            <ns3:hr>160</ns3:hr>
            <ns3:cad>93</ns3:cad>
          </ns3:TrackPointExtension>
        </extensions>
      </trkpt>
      <trkpt lat="45.79686409793794155120849609375" lon="126.63753169588744640350341796875">
        <ele>120.40000152587890625</ele>
        <time>2026-10-04T21:49:30.000Z</time>
        <extensions>
          <ns3:TrackPointExtension>
            <ns3:hr>160</ns3:hr>
            <ns3:cad>94</ns3:cad>
          </ns3:TrackPointExtension>
        </extensions>
      </trkpt>
      <trkpt lat="45.7968861423432826995849609375" lon="126.6375790536403656005859375">
        <ele>120.1999969482421875</ele>
        <time>2026-10-04T21:49:31.000Z</time>
        <extensions>
          <ns3:TrackPointExtension>
            <ns3:hr>160</ns3:hr>
            <ns3:cad>95</ns3:cad>
          </ns3:TrackPointExtension>
        </extensions>
      </trkpt>
      <trkpt lat="45.79690248705446720123291015625" lon="126.63761702366173267364501953125">
        <ele>120.1999969482421875</ele>
        <time>2026-10-04T21:49:32.000Z</time>
        <extensions>
          <ns3:TrackPointExtension>
            <ns3:hr>160</ns3:hr>
            <ns3:cad>95</ns3:cad>
          </ns3:TrackPointExtension>
        </extensions>
      </trkpt>
      <trkpt lat="45.796919167041778564453125" lon="126.63766379468142986297607421875">
        <ele>120.1999969482421875</ele>
        <time>2026-10-04T21:49:33.000Z</time>
        <extensions>
          <ns3:TrackPointExtension>
            <ns3:hr>160</ns3:hr>
            <ns3:cad>95</ns3:cad>
          </ns3:TrackPointExtension>
        </extensions>
      </trkpt>
      <trkpt lat="45.79693802632391452789306640625" lon="126.6376982443034648895263671875">
        <ele>120.1999969482421875</ele>
        <time>2026-10-04T21:49:34.000Z</time>
        <extensions>
          <ns3:TrackPointExtension>
            <ns3:hr>160</ns3:hr>
            <ns3:cad>94</ns3:cad>
          </ns3:TrackPointExtension>
        </extensions>
      </trkpt>
      <trkpt lat="45.79695009626448154449462890625" lon="126.63773923180997371673583984375">
        <ele>120.1999969482421875</ele>
        <time>2026-10-04T21:49:35.000Z</time>
        <extensions>
          <ns3:TrackPointExtension>
            <ns3:hr>160</ns3:hr>
            <ns3:cad>94</ns3:cad>
          </ns3:TrackPointExtension>
        </extensions>
      </trkpt>
      <trkpt lat="45.79696635715663433074951171875" lon="126.63777829147875308990478515625">
        <ele>120.1999969482421875</ele>
        <time>2026-10-04T21:49:36.000Z</time>
        <extensions>
          <ns3:TrackPointExtension>
            <ns3:hr>160</ns3:hr>
            <ns3:cad>94</ns3:cad>
          </ns3:TrackPointExtension>
        </extensions>
      </trkpt>
      <trkpt lat="45.79697457142174243927001953125" lon="126.637819111347198486328125">
        <ele>120.1999969482421875</ele>
        <time>2026-10-04T21:49:37.000Z</time>
        <extensions>
          <ns3:TrackPointExtension>
            <ns3:hr>160</ns3:hr>
            <ns3:cad>94</ns3:cad>
          </ns3:TrackPointExtension>
        </extensions>
      </trkpt>
      <trkpt lat="45.7969875633716583251953125" lon="126.6378722526133060455322265625">
        <ele>120.1999969482421875</ele>
        <time>2026-10-04T21:49:38.000Z</time>
        <extensions>
          <ns3:TrackPointExtension>
            <ns3:hr>159</ns3:hr>
            <ns3:cad>94</ns3:cad>
          </ns3:TrackPointExtension>
        </extensions>
      </trkpt>
      <trkpt lat="45.79700122587382793426513671875" lon="126.6379036009311676025390625">
        <ele>120.1999969482421875</ele>
        <time>2026-10-04T21:49:39.000Z</time>
        <extensions>
          <ns3:TrackPointExtension>
            <ns3:hr>160</ns3:hr>
            <ns3:cad>94</ns3:cad>
          </ns3:TrackPointExtension>
        </extensions>
      </trkpt>
      <trkpt lat="45.79701497219502925872802734375" lon="126.637948863208293914794921875">
        <ele>120.1999969482421875</ele>
        <time>2026-10-04T21:49:40.000Z</time>
        <extensions>
          <ns3:TrackPointExtension>
            <ns3:hr>160</ns3:hr>
            <ns3:cad>93</ns3:cad>
          </ns3:TrackPointExtension>
        </extensions>
      </trkpt>
      <trkpt lat="45.7970316521823406219482421875" lon="126.63798264227807521820068359375">
        <ele>120.1999969482421875</ele>
        <time>2026-10-04T21:49:41.000Z</time>
        <extensions>
          <ns3:TrackPointExtension>
            <ns3:hr>159</ns3:hr>
            <ns3:cad>93</ns3:cad>
          </ns3:TrackPointExtension>
        </extensions>
      </trkpt>
      <trkpt lat="45.7970430515706539154052734375" lon="126.63802723400294780731201171875">
        <ele>120.1999969482421875</ele>
        <time>2026-10-04T21:49:42.000Z</time>
        <extensions>
          <ns3:TrackPointExtension>
            <ns3:hr>159</ns3:hr>
            <ns3:cad>94</ns3:cad>
          </ns3:TrackPointExtension>
        </extensions>
      </trkpt>
      <trkpt lat="45.79706358723342418670654296875" lon="126.638069562613964080810546875">
        <ele>120.1999969482421875</ele>
        <time>2026-10-04T21:49:43.000Z</time>
        <extensions>
          <ns3:TrackPointExtension>
            <ns3:hr>159</ns3:hr>
            <ns3:cad>94</ns3:cad>
          </ns3:TrackPointExtension>
        </extensions>
      </trkpt>
      <trkpt lat="45.797081775963306427001953125" lon="126.63811323232948780059814453125">
        <ele>120.1999969482421875</ele>
        <time>2026-10-04T21:49:44.000Z</time>
        <extensions>
          <ns3:TrackPointExtension>
            <ns3:hr>159</ns3:hr>
            <ns3:cad>94</ns3:cad>
          </ns3:TrackPointExtension>
        </extensions>
      </trkpt>
      <trkpt lat="45.797095857560634613037109375" lon="126.6381683014333248138427734375">
        <ele>120.1999969482421875</ele>
        <time>2026-10-04T21:49:45.000Z</time>
        <extensions>
          <ns3:TrackPointExtension>
            <ns3:hr>159</ns3:hr>
            <ns3:cad>94</ns3:cad>
          </ns3:TrackPointExtension>
        </extensions>
      </trkpt>
      <trkpt lat="45.79711236990988254547119140625" lon="126.63820576854050159454345703125">
        <ele>120.40000152587890625</ele>
        <time>2026-10-04T21:49:46.000Z</time>
        <extensions>
          <ns3:TrackPointExtension>
            <ns3:hr>160</ns3:hr>
            <ns3:cad>94</ns3:cad>
          </ns3:TrackPointExtension>
        </extensions>
      </trkpt>
      <trkpt lat="45.7971312291920185089111328125" lon="126.63826167583465576171875">
        <ele>120.40000152587890625</ele>
        <time>2026-10-04T21:49:47.000Z</time>
        <extensions>
          <ns3:TrackPointExtension>
            <ns3:hr>159</ns3:hr>
            <ns3:cad>94</ns3:cad>
          </ns3:TrackPointExtension>
        </extensions>
      </trkpt>
      <trkpt lat="45.7971506752073764801025390625" lon="126.63829478435218334197998046875">
        <ele>120.40000152587890625</ele>
        <time>2026-10-04T21:49:48.000Z</time>
        <extensions>
          <ns3:TrackPointExtension>
            <ns3:hr>159</ns3:hr>
            <ns3:cad>94</ns3:cad>
          </ns3:TrackPointExtension>
        </extensions>
      </trkpt>
      <trkpt lat="45.7971664331853389739990234375" lon="126.63834683597087860107421875">
        <ele>120.1999969482421875</ele>
        <time>2026-10-04T21:49:49.000Z</time>
        <extensions>
          <ns3:TrackPointExtension>
            <ns3:hr>159</ns3:hr>
            <ns3:cad>94</ns3:cad>
          </ns3:TrackPointExtension>
        </extensions>
      </trkpt>
      <trkpt lat="45.7971858792006969451904296875" lon="126.63838363252580165863037109375">
        <ele>120.1999969482421875</ele>
        <time>2026-10-04T21:49:50.000Z</time>
        <extensions>
          <ns3:TrackPointExtension>
            <ns3:hr>159</ns3:hr>
            <ns3:cad>93</ns3:cad>
          </ns3:TrackPointExtension>
        </extensions>
      </trkpt>
      <trkpt lat="45.79719685949385166168212890625" lon="126.63842403329908847808837890625">
        <ele>120.1999969482421875</ele>
        <time>2026-10-04T21:49:51.000Z</time>
        <extensions>
          <ns3:TrackPointExtension>
            <ns3:hr>160</ns3:hr>
            <ns3:cad>93</ns3:cad>
          </ns3:TrackPointExtension>
        </extensions>
      </trkpt>
      <trkpt lat="45.79721429385244846343994140625" lon="126.6384677030146121978759765625">
        <ele>120.1999969482421875</ele>
        <time>2026-10-04T21:49:52.000Z</time>
        <extensions>
          <ns3:TrackPointExtension>
            <ns3:hr>159</ns3:hr>
            <ns3:cad>92</ns3:cad>
          </ns3:TrackPointExtension>
        </extensions>
      </trkpt>
      <trkpt lat="45.797225274145603179931640625" lon="126.638511121273040771484375">
        <ele>120.1999969482421875</ele>
        <time>2026-10-04T21:49:53.000Z</time>
        <extensions>
          <ns3:TrackPointExtension>
            <ns3:hr>159</ns3:hr>
            <ns3:cad>92</ns3:cad>
          </ns3:TrackPointExtension>
        </extensions>
      </trkpt>
      <trkpt lat="45.7972435466945171356201171875" lon="126.6385525278747081756591796875">
        <ele>120.40000152587890625</ele>
        <time>2026-10-04T21:49:54.000Z</time>
        <extensions>
          <ns3:TrackPointExtension>
            <ns3:hr>159</ns3:hr>
            <ns3:cad>93</ns3:cad>
          </ns3:TrackPointExtension>
        </extensions>
      </trkpt>
      <trkpt lat="45.7972611486911773681640625" lon="126.63858580403029918670654296875">
        <ele>120.40000152587890625</ele>
        <time>2026-10-04T21:49:55.000Z</time>
        <extensions>
          <ns3:TrackPointExtension>
            <ns3:hr>159</ns3:hr>
            <ns3:cad>93</ns3:cad>
          </ns3:TrackPointExtension>
        </extensions>
      </trkpt>
      <trkpt lat="45.79728134907782077789306640625" lon="126.638634502887725830078125">
        <ele>120.1999969482421875</ele>
        <time>2026-10-04T21:49:56.000Z</time>
        <extensions>
          <ns3:TrackPointExtension>
            <ns3:hr>160</ns3:hr>
            <ns3:cad>93</ns3:cad>
          </ns3:TrackPointExtension>
        </extensions>
      </trkpt>
      <trkpt lat="45.79729727469384670257568359375" lon="126.63867012597620487213134765625">
        <ele>120.40000152587890625</ele>
        <time>2026-10-04T21:49:57.000Z</time>
        <extensions>
          <ns3:TrackPointExtension>
            <ns3:hr>159</ns3:hr>
            <ns3:cad>94</ns3:cad>
          </ns3:TrackPointExtension>
        </extensions>
      </trkpt>
      <trkpt lat="45.79730800352990627288818359375" lon="126.63872108794748783111572265625">
        <ele>120.40000152587890625</ele>
        <time>2026-10-04T21:49:58.000Z</time>
        <extensions>
          <ns3:TrackPointExtension>
            <ns3:hr>160</ns3:hr>
            <ns3:cad>94</ns3:cad>
          </ns3:TrackPointExtension>
        </extensions>
      </trkpt>
      <trkpt lat="45.7973273657262325286865234375" lon="126.63875629194080829620361328125">
        <ele>120.1999969482421875</ele>
        <time>2026-10-04T21:49:59.000Z</time>
        <extensions>
          <ns3:TrackPointExtension>
            <ns3:hr>160</ns3:hr>
            <ns3:cad>94</ns3:cad>
          </ns3:TrackPointExtension>
        </extensions>
      </trkpt>
      <trkpt lat="45.7973417825996875762939453125" lon="126.63880021311342716217041015625">
        <ele>120.1999969482421875</ele>
        <time>2026-10-04T21:50:00.000Z</time>
        <extensions>
          <ns3:TrackPointExtension>
            <ns3:hr>160</ns3:hr>
            <ns3:cad>94</ns3:cad>
          </ns3:TrackPointExtension>
        </extensions>
      </trkpt>
      <trkpt lat="45.79736231826245784759521484375" lon="126.6388428770005702972412109375">
        <ele>120.40000152587890625</ele>
        <time>2026-10-04T21:50:01.000Z</time>
        <extensions>
          <ns3:TrackPointExtension>
            <ns3:hr>159</ns3:hr>
            <ns3:cad>93</ns3:cad>
          </ns3:TrackPointExtension>
        </extensions>
      </trkpt>
      <trkpt lat="45.79737120307981967926025390625" lon="126.63888185285031795501708984375">
        <ele>120.40000152587890625</ele>
        <time>2026-10-04T21:50:02.000Z</time>
        <extensions>
          <ns3:TrackPointExtension>
            <ns3:hr>159</ns3:hr>
            <ns3:cad>93</ns3:cad>
          </ns3:TrackPointExtension>
        </extensions>
      </trkpt>
      <trkpt lat="45.797385871410369873046875" lon="126.63892627693712711334228515625">
        <ele>120.40000152587890625</ele>
        <time>2026-10-04T21:50:03.000Z</time>
        <extensions>
          <ns3:TrackPointExtension>
            <ns3:hr>159</ns3:hr>
            <ns3:cad>92</ns3:cad>
          </ns3:TrackPointExtension>
        </extensions>
      </trkpt>
      <trkpt lat="45.79739970155060291290283203125" lon="126.63896030746400356292724609375">
        <ele>120.40000152587890625</ele>
        <time>2026-10-04T21:50:04.000Z</time>
        <extensions>
          <ns3:TrackPointExtension>
            <ns3:hr>159</ns3:hr>
            <ns3:cad>93</ns3:cad>
          </ns3:TrackPointExtension>
        </extensions>
      </trkpt>
      <trkpt lat="45.79741361550986766815185546875" lon="126.639012359082698822021484375">
        <ele>120.40000152587890625</ele>
        <time>2026-10-04T21:50:05.000Z</time>
        <extensions>
          <ns3:TrackPointExtension>
            <ns3:hr>159</ns3:hr>
            <ns3:cad>94</ns3:cad>
          </ns3:TrackPointExtension>
        </extensions>
      </trkpt>
      <trkpt lat="45.7974316366016864776611328125" lon="126.63904932327568531036376953125">
        <ele>120.40000152587890625</ele>
        <time>2026-10-04T21:50:06.000Z</time>
        <extensions>
          <ns3:TrackPointExtension>
            <ns3:hr>159</ns3:hr>
            <ns3:cad>94</ns3:cad>
          </ns3:TrackPointExtension>
        </extensions>
      </trkpt>
      <trkpt lat="45.79744714312255382537841796875" lon="126.6390933282673358917236328125">
        <ele>120.40000152587890625</ele>
        <time>2026-10-04T21:50:07.000Z</time>
        <extensions>
          <ns3:TrackPointExtension>
            <ns3:hr>159</ns3:hr>
            <ns3:cad>93</ns3:cad>
          </ns3:TrackPointExtension>
        </extensions>
      </trkpt>
      <trkpt lat="45.79746927134692668914794921875" lon="126.6391292028129100799560546875">
        <ele>120.1999969482421875</ele>
        <time>2026-10-04T21:50:08.000Z</time>
        <extensions>
          <ns3:TrackPointExtension>
            <ns3:hr>159</ns3:hr>
            <ns3:cad>92</ns3:cad>
          </ns3:TrackPointExtension>
        </extensions>
      </trkpt>
      <trkpt lat="45.797482095658779144287109375" lon="126.63916884921491146087646484375">
        <ele>120.1999969482421875</ele>
        <time>2026-10-04T21:50:09.000Z</time>
        <extensions>
          <ns3:TrackPointExtension>
            <ns3:hr>159</ns3:hr>
            <ns3:cad>92</ns3:cad>
          </ns3:TrackPointExtension>
        </extensions>
      </trkpt>
      <trkpt lat="45.79749383032321929931640625" lon="126.63921360857784748077392578125">
        <ele>120.40000152587890625</ele>
        <time>2026-10-04T21:50:10.000Z</time>
        <extensions>
          <ns3:TrackPointExtension>
            <ns3:hr>159</ns3:hr>
            <ns3:cad>94</ns3:cad>
          </ns3:TrackPointExtension>
        </extensions>
      </trkpt>
      <trkpt lat="45.7975090853869915008544921875" lon="126.6392525844275951385498046875">
        <ele>120.40000152587890625</ele>
        <time>2026-10-04T21:50:11.000Z</time>
        <extensions>
          <ns3:TrackPointExtension>
            <ns3:hr>159</ns3:hr>
            <ns3:cad>94</ns3:cad>
          </ns3:TrackPointExtension>
        </extensions>
      </trkpt>
      <trkpt lat="45.7975298725068569183349609375" lon="126.63929910399019718170166015625">
        <ele>120.40000152587890625</ele>
        <time>2026-10-04T21:50:12.000Z</time>
        <extensions>
          <ns3:TrackPointExtension>
            <ns3:hr>159</ns3:hr>
            <ns3:cad>94</ns3:cad>
          </ns3:TrackPointExtension>
        </extensions>
      </trkpt>
      <trkpt lat="45.79754554666578769683837890625" lon="126.63933179341256618499755859375">
        <ele>120.59999847412109375</ele>
        <time>2026-10-04T21:50:13.000Z</time>
        <extensions>
          <ns3:TrackPointExtension>
            <ns3:hr>159</ns3:hr>
            <ns3:cad>94</ns3:cad>
          </ns3:TrackPointExtension>
        </extensions>
      </trkpt>
      <trkpt lat="45.79756088554859161376953125" lon="126.63937889970839023590087890625">
        <ele>120.59999847412109375</ele>
        <time>2026-10-04T21:50:14.000Z</time>
        <extensions>
          <ns3:TrackPointExtension>
            <ns3:hr>159</ns3:hr>
            <ns3:cad>94</ns3:cad>
          </ns3:TrackPointExtension>
        </extensions>
      </trkpt>
      <trkpt lat="45.79757840372622013092041015625" lon="126.63941125385463237762451171875">
        <ele>120.40000152587890625</ele>
        <time>2026-10-04T21:50:15.000Z</time>
        <extensions>
          <ns3:TrackPointExtension>
            <ns3:hr>159</ns3:hr>
            <ns3:cad>93</ns3:cad>
          </ns3:TrackPointExtension>
        </extensions>
      </trkpt>
      <trkpt lat="45.7975915633141994476318359375" lon="126.63945995271205902099609375">
        <ele>120.40000152587890625</ele>
        <time>2026-10-04T21:50:16.000Z</time>
        <extensions>
          <ns3:TrackPointExtension>
            <ns3:hr>159</ns3:hr>
            <ns3:cad>92</ns3:cad>
          </ns3:TrackPointExtension>
        </extensions>
      </trkpt>
      <trkpt lat="45.79760656692087650299072265625" lon="126.63949976675212383270263671875">
        <ele>120.40000152587890625</ele>
        <time>2026-10-04T21:50:17.000Z</time>
        <extensions>
          <ns3:TrackPointExtension>
            <ns3:hr>159</ns3:hr>
            <ns3:cad>92</ns3:cad>
          </ns3:TrackPointExtension>
        </extensions>
      </trkpt>
      <trkpt lat="45.79761712811887264251708984375" lon="126.63954016752541065216064453125">
        <ele>120.1999969482421875</ele>
        <time>2026-10-04T21:50:18.000Z</time>
        <extensions>
          <ns3:TrackPointExtension>
            <ns3:hr>159</ns3:hr>
            <ns3:cad>93</ns3:cad>
          </ns3:TrackPointExtension>
        </extensions>
      </trkpt>
      <trkpt lat="45.7976358197629451751708984375" lon="126.6395838372409343719482421875">
        <ele>120.40000152587890625</ele>
        <time>2026-10-04T21:50:19.000Z</time>
        <extensions>
          <ns3:TrackPointExtension>
            <ns3:hr>159</ns3:hr>
            <ns3:cad>93</ns3:cad>
          </ns3:TrackPointExtension>
        </extensions>
      </trkpt>
      <trkpt lat="45.7976509071886539459228515625" lon="126.6396244056522846221923828125">
        <ele>120.40000152587890625</ele>
        <time>2026-10-04T21:50:20.000Z</time>
        <extensions>
          <ns3:TrackPointExtension>
            <ns3:hr>159</ns3:hr>
            <ns3:cad>93</ns3:cad>
          </ns3:TrackPointExtension>
        </extensions>
      </trkpt>
      <trkpt lat="45.79766624607145786285400390625" lon="126.63966841064393520355224609375">
        <ele>120.40000152587890625</ele>
        <time>2026-10-04T21:50:21.000Z</time>
        <extensions>
          <ns3:TrackPointExtension>
            <ns3:hr>159</ns3:hr>
            <ns3:cad>93</ns3:cad>
          </ns3:TrackPointExtension>
        </extensions>
      </trkpt>
      <trkpt lat="45.7976790703833103179931640625" lon="126.6397087275981903076171875">
        <ele>120.40000152587890625</ele>
        <time>2026-10-04T21:50:22.000Z</time>
        <extensions>
          <ns3:TrackPointExtension>
            <ns3:hr>159</ns3:hr>
            <ns3:cad>94</ns3:cad>
          </ns3:TrackPointExtension>
        </extensions>
      </trkpt>
      <trkpt lat="45.79769759438931941986083984375" lon="126.6397596895694732666015625">
        <ele>120.40000152587890625</ele>
        <time>2026-10-04T21:50:23.000Z</time>
        <extensions>
          <ns3:TrackPointExtension>
            <ns3:hr>159</ns3:hr>
            <ns3:cad>93</ns3:cad>
          </ns3:TrackPointExtension>
        </extensions>
      </trkpt>
      <trkpt lat="45.79771511256694793701171875" lon="126.63979589939117431640625">
        <ele>120.40000152587890625</ele>
        <time>2026-10-04T21:50:24.000Z</time>
        <extensions>
          <ns3:TrackPointExtension>
            <ns3:hr>160</ns3:hr>
            <ns3:cad>93</ns3:cad>
          </ns3:TrackPointExtension>
        </extensions>
      </trkpt>
      <trkpt lat="45.79772986471652984619140625" lon="126.63984610699117183685302734375">
        <ele>120.40000152587890625</ele>
        <time>2026-10-04T21:50:25.000Z</time>
        <extensions>
          <ns3:TrackPointExtension>
            <ns3:hr>159</ns3:hr>
            <ns3:cad>93</ns3:cad>
          </ns3:TrackPointExtension>
        </extensions>
      </trkpt>
      <trkpt lat="45.7977501489222049713134765625" lon="126.6398803889751434326171875">
        <ele>120.40000152587890625</ele>
        <time>2026-10-04T21:50:26.000Z</time>
        <extensions>
          <ns3:TrackPointExtension>
            <ns3:hr>159</ns3:hr>
            <ns3:cad>94</ns3:cad>
          </ns3:TrackPointExtension>
        </extensions>
      </trkpt>
      <trkpt lat="45.79776607453823089599609375" lon="126.639925651252269744873046875">
        <ele>120.40000152587890625</ele>
        <time>2026-10-04T21:50:27.000Z</time>
        <extensions>
          <ns3:TrackPointExtension>
            <ns3:hr>159</ns3:hr>
            <ns3:cad>94</ns3:cad>
          </ns3:TrackPointExtension>
        </extensions>
      </trkpt>
      <trkpt lat="45.7977833412587642669677734375" lon="126.639959849417209625244140625">
        <ele>120.40000152587890625</ele>
        <time>2026-10-04T21:50:28.000Z</time>
        <extensions>
          <ns3:TrackPointExtension>
            <ns3:hr>159</ns3:hr>
            <ns3:cad>94</ns3:cad>
          </ns3:TrackPointExtension>
        </extensions>
      </trkpt>
      <trkpt lat="45.7977967523038387298583984375" lon="126.63999882526695728302001953125">
        <ele>120.40000152587890625</ele>
        <time>2026-10-04T21:50:29.000Z</time>
        <extensions>
          <ns3:TrackPointExtension>
            <ns3:hr>159</ns3:hr>
            <ns3:cad>93</ns3:cad>
          </ns3:TrackPointExtension>
        </extensions>
      </trkpt>
      <trkpt lat="45.7978136837482452392578125" lon="126.64003872312605381011962890625">
        <ele>120.40000152587890625</ele>
        <time>2026-10-04T21:50:30.000Z</time>
        <extensions>
          <ns3:TrackPointExtension>
            <ns3:hr>159</ns3:hr>
            <ns3:cad>93</ns3:cad>
          </ns3:TrackPointExtension>
        </extensions>
      </trkpt>
      <trkpt lat="45.79782374203205108642578125" lon="126.64007778279483318328857421875">
        <ele>120.40000152587890625</ele>
        <time>2026-10-04T21:50:31.000Z</time>
        <extensions>
          <ns3:TrackPointExtension>
            <ns3:hr>159</ns3:hr>
            <ns3:cad>92</ns3:cad>
          </ns3:TrackPointExtension>
        </extensions>
      </trkpt>
      <trkpt lat="45.79783639870584011077880859375" lon="126.6401202790439128875732421875">
        <ele>120.40000152587890625</ele>
        <time>2026-10-04T21:50:32.000Z</time>
        <extensions>
          <ns3:TrackPointExtension>
            <ns3:hr>158</ns3:hr>
            <ns3:cad>92</ns3:cad>
          </ns3:TrackPointExtension>
        </extensions>
      </trkpt>
      <trkpt lat="45.79785190522670745849609375" lon="126.6401551477611064910888671875">
        <ele>120.40000152587890625</ele>
        <time>2026-10-04T21:50:33.000Z</time>
        <extensions>
          <ns3:TrackPointExtension>
            <ns3:hr>159</ns3:hr>
            <ns3:cad>93</ns3:cad>
          </ns3:TrackPointExtension>
        </extensions>
      </trkpt>
      <trkpt lat="45.797866992652416229248046875" lon="126.640204600989818572998046875">
        <ele>120.40000152587890625</ele>
        <time>2026-10-04T21:50:34.000Z</time>
        <extensions>
          <ns3:TrackPointExtension>
            <ns3:hr>158</ns3:hr>
            <ns3:cad>93</ns3:cad>
          </ns3:TrackPointExtension>
        </extensions>
      </trkpt>
      <trkpt lat="45.79788836650550365447998046875" lon="126.64023284800350666046142578125">
        <ele>120.40000152587890625</ele>
        <time>2026-10-04T21:50:35.000Z</time>
        <extensions>
          <ns3:TrackPointExtension>
            <ns3:hr>158</ns3:hr>
            <ns3:cad>92</ns3:cad>
          </ns3:TrackPointExtension>
        </extensions>
      </trkpt>
      <trkpt lat="45.79790814779698848724365234375" lon="126.64028448052704334259033203125">
        <ele>120.40000152587890625</ele>
        <time>2026-10-04T21:50:36.000Z</time>
        <extensions>
          <ns3:TrackPointExtension>
            <ns3:hr>158</ns3:hr>
            <ns3:cad>92</ns3:cad>
          </ns3:TrackPointExtension>
        </extensions>
      </trkpt>
      <trkpt lat="45.79792541451752185821533203125" lon="126.6403174214065074920654296875">
        <ele>120.40000152587890625</ele>
        <time>2026-10-04T21:50:37.000Z</time>
        <extensions>
          <ns3:TrackPointExtension>
            <ns3:hr>158</ns3:hr>
            <ns3:cad>92</ns3:cad>
          </ns3:TrackPointExtension>
        </extensions>
      </trkpt>
      <trkpt lat="45.79794335179030895233154296875" lon="126.640369892120361328125">
        <ele>120.40000152587890625</ele>
        <time>2026-10-04T21:50:38.000Z</time>
        <extensions>
          <ns3:TrackPointExtension>
            <ns3:hr>159</ns3:hr>
            <ns3:cad>92</ns3:cad>
          </ns3:TrackPointExtension>
        </extensions>
      </trkpt>
      <trkpt lat="45.79796447418630123138427734375" lon="126.6404076106846332550048828125">
        <ele>120.40000152587890625</ele>
        <time>2026-10-04T21:50:39.000Z</time>
        <extensions>
          <ns3:TrackPointExtension>
            <ns3:hr>159</ns3:hr>
            <ns3:cad>92</ns3:cad>
          </ns3:TrackPointExtension>
        </extensions>
      </trkpt>
      <trkpt lat="45.797981321811676025390625" lon="126.6404542140662670135498046875">
        <ele>120.40000152587890625</ele>
        <time>2026-10-04T21:50:40.000Z</time>
        <extensions>
          <ns3:TrackPointExtension>
            <ns3:hr>159</ns3:hr>
            <ns3:cad>92</ns3:cad>
          </ns3:TrackPointExtension>
        </extensions>
      </trkpt>
      <trkpt lat="45.7979992590844631195068359375" lon="126.640492938458919525146484375">
        <ele>120.40000152587890625</ele>
        <time>2026-10-04T21:50:41.000Z</time>
        <extensions>
          <ns3:TrackPointExtension>
            <ns3:hr>159</ns3:hr>
            <ns3:cad>93</ns3:cad>
          </ns3:TrackPointExtension>
        </extensions>
      </trkpt>
      <trkpt lat="45.798015855252742767333984375" lon="126.64052571170032024383544921875">
        <ele>120.59999847412109375</ele>
        <time>2026-10-04T21:50:42.000Z</time>
        <extensions>
          <ns3:TrackPointExtension>
            <ns3:hr>158</ns3:hr>
            <ns3:cad>93</ns3:cad>
          </ns3:TrackPointExtension>
        </extensions>
      </trkpt>
      <trkpt lat="45.79803437925875186920166015625" lon="126.64056879468262195587158203125">
        <ele>120.59999847412109375</ele>
        <time>2026-10-04T21:50:43.000Z</time>
        <extensions>
          <ns3:TrackPointExtension>
            <ns3:hr>159</ns3:hr>
            <ns3:cad>92</ns3:cad>
          </ns3:TrackPointExtension>
        </extensions>
      </trkpt>
      <trkpt lat="45.79804980196058750152587890625" lon="126.6406050883233547210693359375">
        <ele>120.40000152587890625</ele>
        <time>2026-10-04T21:50:44.000Z</time>
        <extensions>
          <ns3:TrackPointExtension>
            <ns3:hr>159</ns3:hr>
            <ns3:cad>92</ns3:cad>
          </ns3:TrackPointExtension>
        </extensions>
      </trkpt>
      <trkpt lat="45.79806723631918430328369140625" lon="126.6406500153243541717529296875">
        <ele>120.59999847412109375</ele>
        <time>2026-10-04T21:50:45.000Z</time>
        <extensions>
          <ns3:TrackPointExtension>
            <ns3:hr>159</ns3:hr>
            <ns3:cad>92</ns3:cad>
          </ns3:TrackPointExtension>
        </extensions>
      </trkpt>
      <trkpt lat="45.79808684997260570526123046875" lon="126.64067675359547138214111328125">
        <ele>120.59999847412109375</ele>
        <time>2026-10-04T21:50:46.000Z</time>
        <extensions>
          <ns3:TrackPointExtension>
            <ns3:hr>159</ns3:hr>
            <ns3:cad>92</ns3:cad>
          </ns3:TrackPointExtension>
        </extensions>
      </trkpt>
      <trkpt lat="45.79811350442469120025634765625" lon="126.6407227702438831329345703125">
        <ele>120.40000152587890625</ele>
        <time>2026-10-04T21:50:47.000Z</time>
        <extensions>
          <ns3:TrackPointExtension>
            <ns3:hr>159</ns3:hr>
            <ns3:cad>92</ns3:cad>
          </ns3:TrackPointExtension>
        </extensions>
      </trkpt>
      <trkpt lat="45.79813714139163494110107421875" lon="126.64074447937309741973876953125">
        <ele>120.59999847412109375</ele>
        <time>2026-10-04T21:50:48.000Z</time>
        <extensions>
          <ns3:TrackPointExtension>
            <ns3:hr>159</ns3:hr>
            <ns3:cad>92</ns3:cad>
          </ns3:TrackPointExtension>
        </extensions>
      </trkpt>
      <trkpt lat="45.79815859906375408172607421875" lon="126.6407894901931285858154296875">
        <ele>120.59999847412109375</ele>
        <time>2026-10-04T21:50:49.000Z</time>
        <extensions>
          <ns3:TrackPointExtension>
            <ns3:hr>160</ns3:hr>
            <ns3:cad>92</ns3:cad>
          </ns3:TrackPointExtension>
        </extensions>
      </trkpt>
      <trkpt lat="45.7981823198497295379638671875" lon="126.64082243107259273529052734375">
        <ele>120.59999847412109375</ele>
        <time>2026-10-04T21:50:50.000Z</time>
        <extensions>
          <ns3:TrackPointExtension>
            <ns3:hr>159</ns3:hr>
            <ns3:cad>92</ns3:cad>
          </ns3:TrackPointExtension>
        </extensions>
      </trkpt>
      <trkpt lat="45.798205621540546417236328125" lon="126.64086517877876758575439453125">
        <ele>120.59999847412109375</ele>
        <time>2026-10-04T21:50:51.000Z</time>
        <extensions>
          <ns3:TrackPointExtension>
            <ns3:hr>159</ns3:hr>
            <ns3:cad>92</ns3:cad>
          </ns3:TrackPointExtension>
        </extensions>
      </trkpt>
      <trkpt lat="45.79822481609880924224853515625" lon="126.64089987985789775848388671875">
        <ele>120.59999847412109375</ele>
        <time>2026-10-04T21:50:52.000Z</time>
        <extensions>
          <ns3:TrackPointExtension>
            <ns3:hr>159</ns3:hr>
            <ns3:cad>93</ns3:cad>
          </ns3:TrackPointExtension>
        </extensions>
      </trkpt>
      <trkpt lat="45.79823671840131282806396484375" lon="126.6409313119947910308837890625">
        <ele>120.59999847412109375</ele>
        <time>2026-10-04T21:50:53.000Z</time>
        <extensions>
          <ns3:TrackPointExtension>
            <ns3:hr>159</ns3:hr>
            <ns3:cad>94</ns3:cad>
          </ns3:TrackPointExtension>
        </extensions>
      </trkpt>
      <trkpt lat="45.7982510514557361602783203125" lon="126.64097380824387073516845703125">
        <ele>120.59999847412109375</ele>
        <time>2026-10-04T21:50:54.000Z</time>
        <extensions>
          <ns3:TrackPointExtension>
            <ns3:hr>159</ns3:hr>
            <ns3:cad>94</ns3:cad>
          </ns3:TrackPointExtension>
        </extensions>
      </trkpt>
      <trkpt lat="45.79826840199530124664306640625" lon="126.64100230671465396881103515625">
        <ele>120.59999847412109375</ele>
        <time>2026-10-04T21:50:55.000Z</time>
        <extensions>
          <ns3:TrackPointExtension>
            <ns3:hr>159</ns3:hr>
            <ns3:cad>94</ns3:cad>
          </ns3:TrackPointExtension>
        </extensions>
      </trkpt>
      <trkpt lat="45.7982912845909595489501953125" lon="126.6410471498966217041015625">
        <ele>120.59999847412109375</ele>
        <time>2026-10-04T21:50:56.000Z</time>
        <extensions>
          <ns3:TrackPointExtension>
            <ns3:hr>159</ns3:hr>
            <ns3:cad>94</ns3:cad>
          </ns3:TrackPointExtension>
        </extensions>
      </trkpt>
      <trkpt lat="45.79831215552985668182373046875" lon="126.6410805098712444305419921875">
        <ele>120.59999847412109375</ele>
        <time>2026-10-04T21:50:57.000Z</time>
        <extensions>
          <ns3:TrackPointExtension>
            <ns3:hr>159</ns3:hr>
            <ns3:cad>94</ns3:cad>
          </ns3:TrackPointExtension>
        </extensions>
      </trkpt>
      <trkpt lat="45.79833813942968845367431640625" lon="126.6411249339580535888671875">
        <ele>120.59999847412109375</ele>
        <time>2026-10-04T21:50:58.000Z</time>
        <extensions>
          <ns3:TrackPointExtension>
            <ns3:hr>159</ns3:hr>
            <ns3:cad>94</ns3:cad>
          </ns3:TrackPointExtension>
        </extensions>
      </trkpt>
      <trkpt lat="45.7983610220253467559814453125" lon="126.6411475650966167449951171875">
        <ele>120.59999847412109375</ele>
        <time>2026-10-04T21:50:59.000Z</time>
        <extensions>
          <ns3:TrackPointExtension>
            <ns3:hr>159</ns3:hr>
            <ns3:cad>94</ns3:cad>
          </ns3:TrackPointExtension>
        </extensions>
      </trkpt>
      <trkpt lat="45.79838658683001995086669921875" lon="126.6411866247653961181640625">
        <ele>120.59999847412109375</ele>
        <time>2026-10-04T21:51:00.000Z</time>
        <extensions>
          <ns3:TrackPointExtension>
            <ns3:hr>159</ns3:hr>
            <ns3:cad>93</ns3:cad>
          </ns3:TrackPointExtension>
        </extensions>
      </trkpt>
      <trkpt lat="45.798414163291454315185546875" lon="126.6412122733891010284423828125">
        <ele>120.59999847412109375</ele>
        <time>2026-10-04T21:51:01.000Z</time>
        <extensions>
          <ns3:TrackPointExtension>
            <ns3:hr>159</ns3:hr>
            <ns3:cad>93</ns3:cad>
          </ns3:TrackPointExtension>
        </extensions>
      </trkpt>
      <trkpt lat="45.7984364591538906097412109375" lon="126.6412461362779140472412109375">
        <ele>120.8000030517578125</ele>
        <time>2026-10-04T21:51:02.000Z</time>
        <extensions>
          <ns3:TrackPointExtension>
            <ns3:hr>159</ns3:hr>
            <ns3:cad>92</ns3:cad>
          </ns3:TrackPointExtension>
        </extensions>
      </trkpt>
      <trkpt lat="45.7984627783298492431640625" lon="126.641272790729999542236328125">
        <ele>120.59999847412109375</ele>
        <time>2026-10-04T21:51:03.000Z</time>
        <extensions>
          <ns3:TrackPointExtension>
            <ns3:hr>159</ns3:hr>
            <ns3:cad>92</ns3:cad>
          </ns3:TrackPointExtension>
        </extensions>
      </trkpt>
      <trkpt lat="45.79848297871649265289306640625" lon="126.64130271412432193756103515625">
        <ele>120.59999847412109375</ele>
        <time>2026-10-04T21:51:04.000Z</time>
        <extensions>
          <ns3:TrackPointExtension>
            <ns3:hr>159</ns3:hr>
            <ns3:cad>93</ns3:cad>
          </ns3:TrackPointExtension>
        </extensions>
      </trkpt>
      <trkpt lat="45.79850594513118267059326171875" lon="126.64134043268859386444091796875">
        <ele>120.8000030517578125</ele>
        <time>2026-10-04T21:51:05.000Z</time>
        <extensions>
          <ns3:TrackPointExtension>
            <ns3:hr>159</ns3:hr>
            <ns3:cad>93</ns3:cad>
          </ns3:TrackPointExtension>
        </extensions>
      </trkpt>
      <trkpt lat="45.79852673225104808807373046875" lon="126.64136239327490329742431640625">
        <ele>120.59999847412109375</ele>
        <time>2026-10-04T21:51:06.000Z</time>
        <extensions>
          <ns3:TrackPointExtension>
            <ns3:hr>159</ns3:hr>
            <ns3:cad>93</ns3:cad>
          </ns3:TrackPointExtension>
        </extensions>
      </trkpt>
      <trkpt lat="45.798554979264736175537109375" lon="126.6413980163633823394775390625">
        <ele>120.59999847412109375</ele>
        <time>2026-10-04T21:51:07.000Z</time>
        <extensions>
          <ns3:TrackPointExtension>
            <ns3:hr>158</ns3:hr>
            <ns3:cad>93</ns3:cad>
          </ns3:TrackPointExtension>
        </extensions>
      </trkpt>
      <trkpt lat="45.79857685603201389312744140625" lon="126.64141855202615261077880859375">
        <ele>120.59999847412109375</ele>
        <time>2026-10-04T21:51:08.000Z</time>
        <extensions>
          <ns3:TrackPointExtension>
            <ns3:hr>158</ns3:hr>
            <ns3:cad>93</ns3:cad>
          </ns3:TrackPointExtension>
        </extensions>
      </trkpt>
      <trkpt lat="45.7986040972173213958740234375" lon="126.64145375601947307586669921875">
        <ele>120.59999847412109375</ele>
        <time>2026-10-04T21:51:09.000Z</time>
        <extensions>
          <ns3:TrackPointExtension>
            <ns3:hr>158</ns3:hr>
            <ns3:cad>92</ns3:cad>
          </ns3:TrackPointExtension>
        </extensions>
      </trkpt>
      <trkpt lat="45.7986292429268360137939453125" lon="126.64148024283349514007568359375">
        <ele>120.8000030517578125</ele>
        <time>2026-10-04T21:51:10.000Z</time>
        <extensions>
          <ns3:TrackPointExtension>
            <ns3:hr>158</ns3:hr>
            <ns3:cad>92</ns3:cad>
          </ns3:TrackPointExtension>
        </extensions>
      </trkpt>
      <trkpt lat="45.79865447245538234710693359375" lon="126.641510836780071258544921875">
        <ele>120.8000030517578125</ele>
        <time>2026-10-04T21:51:11.000Z</time>
        <extensions>
          <ns3:TrackPointExtension>
            <ns3:hr>159</ns3:hr>
            <ns3:cad>92</ns3:cad>
          </ns3:TrackPointExtension>
        </extensions>
      </trkpt>
      <trkpt lat="45.79868230037391185760498046875" lon="126.64153355173766613006591796875">
        <ele>120.8000030517578125</ele>
        <time>2026-10-04T21:51:12.000Z</time>
        <extensions>
          <ns3:TrackPointExtension>
            <ns3:hr>158</ns3:hr>
            <ns3:cad>92</ns3:cad>
          </ns3:TrackPointExtension>
        </extensions>
      </trkpt>
      <trkpt lat="45.7987046800553798675537109375" lon="126.6415636427700519561767578125">
        <ele>120.59999847412109375</ele>
        <time>2026-10-04T21:51:13.000Z</time>
        <extensions>
          <ns3:TrackPointExtension>
            <ns3:hr>158</ns3:hr>
            <ns3:cad>92</ns3:cad>
          </ns3:TrackPointExtension>
        </extensions>
      </trkpt>
      <trkpt lat="45.79872672446072101593017578125" lon="126.64159188978374004364013671875">
        <ele>120.59999847412109375</ele>
        <time>2026-10-04T21:51:14.000Z</time>
        <extensions>
          <ns3:TrackPointExtension>
            <ns3:hr>158</ns3:hr>
            <ns3:cad>92</ns3:cad>
          </ns3:TrackPointExtension>
        </extensions>
      </trkpt>
      <trkpt lat="45.798746086657047271728515625" lon="126.6416184604167938232421875">
        <ele>120.59999847412109375</ele>
        <time>2026-10-04T21:51:15.000Z</time>
        <extensions>
          <ns3:TrackPointExtension>
            <ns3:hr>157</ns3:hr>
            <ns3:cad>92</ns3:cad>
          </ns3:TrackPointExtension>
        </extensions>
      </trkpt>
      <trkpt lat="45.79877098090946674346923828125" lon="126.6416551731526851654052734375">
        <ele>120.59999847412109375</ele>
        <time>2026-10-04T21:51:16.000Z</time>
        <extensions>
          <ns3:TrackPointExtension>
            <ns3:hr>157</ns3:hr>
            <ns3:cad>92</ns3:cad>
          </ns3:TrackPointExtension>
        </extensions>
      </trkpt>
      <trkpt lat="45.7987962104380130767822265625" lon="126.64167369715869426727294921875">
        <ele>120.8000030517578125</ele>
        <time>2026-10-04T21:51:17.000Z</time>
        <extensions>
          <ns3:TrackPointExtension>
            <ns3:hr>157</ns3:hr>
            <ns3:cad>92</ns3:cad>
          </ns3:TrackPointExtension>
        </extensions>
      </trkpt>
      <trkpt lat="45.7988257147371768951416015625" lon="126.64171300828456878662109375">
        <ele>120.8000030517578125</ele>
        <time>2026-10-04T21:51:18.000Z</time>
        <extensions>
          <ns3:TrackPointExtension>
            <ns3:hr>157</ns3:hr>
            <ns3:cad>92</ns3:cad>
          </ns3:TrackPointExtension>
        </extensions>
      </trkpt>
      <trkpt lat="45.79885127954185009002685546875" lon="126.6417292691767215728759765625">
        <ele>120.8000030517578125</ele>
        <time>2026-10-04T21:51:19.000Z</time>
        <extensions>
          <ns3:TrackPointExtension>
            <ns3:hr>157</ns3:hr>
            <ns3:cad>92</ns3:cad>
          </ns3:TrackPointExtension>
        </extensions>
      </trkpt>
      <trkpt lat="45.7988750003278255462646484375" lon="126.64176573045551776885986328125">
        <ele>120.8000030517578125</ele>
        <time>2026-10-04T21:51:20.000Z</time>
        <extensions>
          <ns3:TrackPointExtension>
            <ns3:hr>157</ns3:hr>
            <ns3:cad>92</ns3:cad>
          </ns3:TrackPointExtension>
        </extensions>
      </trkpt>
      <trkpt lat="45.7989011518657207489013671875" lon="126.6417889483273029327392578125">
        <ele>120.8000030517578125</ele>
        <time>2026-10-04T21:51:21.000Z</time>
        <extensions>
          <ns3:TrackPointExtension>
            <ns3:hr>157</ns3:hr>
            <ns3:cad>93</ns3:cad>
          </ns3:TrackPointExtension>
        </extensions>
      </trkpt>
      <trkpt lat="45.79892470501363277435302734375" lon="126.6418244875967502593994140625">
        <ele>120.59999847412109375</ele>
        <time>2026-10-04T21:51:22.000Z</time>
        <extensions>
          <ns3:TrackPointExtension>
            <ns3:hr>157</ns3:hr>
            <ns3:cad>94</ns3:cad>
          </ns3:TrackPointExtension>
        </extensions>
      </trkpt>
      <trkpt lat="45.798950605094432830810546875" lon="126.641849465668201446533203125">
        <ele>120.59999847412109375</ele>
        <time>2026-10-04T21:51:23.000Z</time>
        <extensions>
          <ns3:TrackPointExtension>
            <ns3:hr>156</ns3:hr>
            <ns3:cad>94</ns3:cad>
          </ns3:TrackPointExtension>
        </extensions>
      </trkpt>
      <trkpt lat="45.79897449351847171783447265625" lon="126.64188198745250701904296875">
        <ele>120.59999847412109375</ele>
        <time>2026-10-04T21:51:24.000Z</time>
        <extensions>
          <ns3:TrackPointExtension>
            <ns3:hr>157</ns3:hr>
            <ns3:cad>94</ns3:cad>
          </ns3:TrackPointExtension>
        </extensions>
      </trkpt>
      <trkpt lat="45.79899779520928859710693359375" lon="126.6419106535613536834716796875">
        <ele>120.59999847412109375</ele>
        <time>2026-10-04T21:51:25.000Z</time>
        <extensions>
          <ns3:TrackPointExtension>
            <ns3:hr>157</ns3:hr>
            <ns3:cad>93</ns3:cad>
          </ns3:TrackPointExtension>
        </extensions>
      </trkpt>
      <trkpt lat="45.7990184985101222991943359375" lon="126.64193789474666118621826171875">
        <ele>120.59999847412109375</ele>
        <time>2026-10-04T21:51:26.000Z</time>
        <extensions>
          <ns3:TrackPointExtension>
            <ns3:hr>157</ns3:hr>
            <ns3:cad>92</ns3:cad>
          </ns3:TrackPointExtension>
        </extensions>
      </trkpt>
      <trkpt lat="45.79904548823833465576171875" lon="126.64197410456836223602294921875">
        <ele>120.8000030517578125</ele>
        <time>2026-10-04T21:51:27.000Z</time>
        <extensions>
          <ns3:TrackPointExtension>
            <ns3:hr>157</ns3:hr>
            <ns3:cad>92</ns3:cad>
          </ns3:TrackPointExtension>
        </extensions>
      </trkpt>
      <trkpt lat="45.79906853847205638885498046875" lon="126.64199866354465484619140625">
        <ele>120.8000030517578125</ele>
        <time>2026-10-04T21:51:28.000Z</time>
        <extensions>
          <ns3:TrackPointExtension>
            <ns3:hr>158</ns3:hr>
            <ns3:cad>92</ns3:cad>
          </ns3:TrackPointExtension>
        </extensions>
      </trkpt>
      <trkpt lat="45.79909586347639560699462890625" lon="126.64203478954732418060302734375">
        <ele>120.8000030517578125</ele>
        <time>2026-10-04T21:51:29.000Z</time>
        <extensions>
          <ns3:TrackPointExtension>
            <ns3:hr>157</ns3:hr>
            <ns3:cad>92</ns3:cad>
          </ns3:TrackPointExtension>
        </extensions>
      </trkpt>
      <trkpt lat="45.79912151210010051727294921875" lon="126.64206010289490222930908203125">
        <ele>120.8000030517578125</ele>
        <time>2026-10-04T21:51:30.000Z</time>
        <extensions>
          <ns3:TrackPointExtension>
            <ns3:hr>157</ns3:hr>
            <ns3:cad>92</ns3:cad>
          </ns3:TrackPointExtension>
        </extensions>
      </trkpt>
      <trkpt lat="45.7991495914757251739501953125" lon="126.6420910321176052093505859375">
        <ele>120.8000030517578125</ele>
        <time>2026-10-04T21:51:31.000Z</time>
        <extensions>
          <ns3:TrackPointExtension>
            <ns3:hr>158</ns3:hr>
            <ns3:cad>92</ns3:cad>
          </ns3:TrackPointExtension>
        </extensions>
      </trkpt>
      <trkpt lat="45.7991821132600307464599609375" lon="126.64211332798004150390625">
        <ele>120.8000030517578125</ele>
        <time>2026-10-04T21:51:32.000Z</time>
        <extensions>
          <ns3:TrackPointExtension>
            <ns3:hr>157</ns3:hr>
            <ns3:cad>92</ns3:cad>
          </ns3:TrackPointExtension>
        </extensions>
      </trkpt>
      <trkpt lat="45.79920466057956218719482421875" lon="126.6421470232307910919189453125">
        <ele>120.8000030517578125</ele>
        <time>2026-10-04T21:51:33.000Z</time>
        <extensions>
          <ns3:TrackPointExtension>
            <ns3:hr>157</ns3:hr>
            <ns3:cad>93</ns3:cad>
          </ns3:TrackPointExtension>
        </extensions>
      </trkpt>
      <trkpt lat="45.79923483543097972869873046875" lon="126.6421748511493206024169921875">
        <ele>120.59999847412109375</ele>
        <time>2026-10-04T21:51:34.000Z</time>
        <extensions>
          <ns3:TrackPointExtension>
            <ns3:hr>158</ns3:hr>
            <ns3:cad>93</ns3:cad>
          </ns3:TrackPointExtension>
        </extensions>
      </trkpt>
      <trkpt lat="45.79925931058824062347412109375" lon="126.64220075123012065887451171875">
        <ele>120.59999847412109375</ele>
        <time>2026-10-04T21:51:35.000Z</time>
        <extensions>
          <ns3:TrackPointExtension>
            <ns3:hr>157</ns3:hr>
            <ns3:cad>93</ns3:cad>
          </ns3:TrackPointExtension>
        </extensions>
      </trkpt>
      <trkpt lat="45.7992880605161190032958984375" lon="126.6422345302999019622802734375">
        <ele>120.59999847412109375</ele>
        <time>2026-10-04T21:51:36.000Z</time>
        <extensions>
          <ns3:TrackPointExtension>
            <ns3:hr>157</ns3:hr>
            <ns3:cad>93</ns3:cad>
          </ns3:TrackPointExtension>
        </extensions>
      </trkpt>
      <trkpt lat="45.79931563697755336761474609375" lon="126.64225481450557708740234375">
        <ele>120.59999847412109375</ele>
        <time>2026-10-04T21:51:37.000Z</time>
        <extensions>
          <ns3:TrackPointExtension>
            <ns3:hr>158</ns3:hr>
            <ns3:cad>91</ns3:cad>
          </ns3:TrackPointExtension>
        </extensions>
      </trkpt>
      <trkpt lat="45.79934581182897090911865234375" lon="126.64228968322277069091796875">
        <ele>120.40000152587890625</ele>
        <time>2026-10-04T21:51:38.000Z</time>
        <extensions>
          <ns3:TrackPointExtension>
            <ns3:hr>157</ns3:hr>
            <ns3:cad>91</ns3:cad>
          </ns3:TrackPointExtension>
        </extensions>
      </trkpt>
      <trkpt lat="45.79937347210943698883056640625" lon="126.64231139235198497772216796875">
        <ele>120.40000152587890625</ele>
        <time>2026-10-04T21:51:39.000Z</time>
        <extensions>
          <ns3:TrackPointExtension>
            <ns3:hr>157</ns3:hr>
            <ns3:cad>92</ns3:cad>
          </ns3:TrackPointExtension>
        </extensions>
      </trkpt>
      <trkpt lat="45.79940465278923511505126953125" lon="126.6423495300114154815673828125">
        <ele>120.40000152587890625</ele>
        <time>2026-10-04T21:51:40.000Z</time>
        <extensions>
          <ns3:TrackPointExtension>
            <ns3:hr>158</ns3:hr>
            <ns3:cad>92</ns3:cad>
          </ns3:TrackPointExtension>
        </extensions>
      </trkpt>
      <trkpt lat="45.799429714679718017578125" lon="126.6423740051686763763427734375">
        <ele>120.40000152587890625</ele>
        <time>2026-10-04T21:51:41.000Z</time>
        <extensions>
          <ns3:TrackPointExtension>
            <ns3:hr>157</ns3:hr>
            <ns3:cad>92</ns3:cad>
          </ns3:TrackPointExtension>
        </extensions>
      </trkpt>
      <trkpt lat="45.7994556985795497894287109375" lon="126.64240811951458454132080078125">
        <ele>120.40000152587890625</ele>
        <time>2026-10-04T21:51:42.000Z</time>
        <extensions>
          <ns3:TrackPointExtension>
            <ns3:hr>157</ns3:hr>
            <ns3:cad>92</ns3:cad>
          </ns3:TrackPointExtension>
        </extensions>
      </trkpt>
      <trkpt lat="45.79947975464165210723876953125" lon="126.642434857785701751708984375">
        <ele>120.59999847412109375</ele>
        <time>2026-10-04T21:51:43.000Z</time>
        <extensions>
          <ns3:TrackPointExtension>
            <ns3:hr>158</ns3:hr>
            <ns3:cad>92</ns3:cad>
          </ns3:TrackPointExtension>
        </extensions>
      </trkpt>
      <trkpt lat="45.799499787390232086181640625" lon="126.6424698941409587860107421875">
        <ele>120.40000152587890625</ele>
        <time>2026-10-04T21:51:44.000Z</time>
        <extensions>
          <ns3:TrackPointExtension>
            <ns3:hr>158</ns3:hr>
            <ns3:cad>92</ns3:cad>
          </ns3:TrackPointExtension>
        </extensions>
      </trkpt>
      <trkpt lat="45.79952652566134929656982421875" lon="126.64249864406883716583251953125">
        <ele>120.40000152587890625</ele>
        <time>2026-10-04T21:51:45.000Z</time>
        <extensions>
          <ns3:TrackPointExtension>
            <ns3:hr>158</ns3:hr>
            <ns3:cad>92</ns3:cad>
          </ns3:TrackPointExtension>
        </extensions>
      </trkpt>
      <trkpt lat="45.799543373286724090576171875" lon="126.64252881892025470733642578125">
        <ele>120.40000152587890625</ele>
        <time>2026-10-04T21:51:46.000Z</time>
        <extensions>
          <ns3:TrackPointExtension>
            <ns3:hr>158</ns3:hr>
            <ns3:cad>92</ns3:cad>
          </ns3:TrackPointExtension>
        </extensions>
      </trkpt>
      <trkpt lat="45.799569189548492431640625" lon="126.64256595075130462646484375">
        <ele>120.40000152587890625</ele>
        <time>2026-10-04T21:51:47.000Z</time>
        <extensions>
          <ns3:TrackPointExtension>
            <ns3:hr>158</ns3:hr>
            <ns3:cad>92</ns3:cad>
          </ns3:TrackPointExtension>
        </extensions>
      </trkpt>
      <trkpt lat="45.799590311944484710693359375" lon="126.64258799515664577484130859375">
        <ele>120.1999969482421875</ele>
        <time>2026-10-04T21:51:48.000Z</time>
        <extensions>
          <ns3:TrackPointExtension>
            <ns3:hr>157</ns3:hr>
            <ns3:cad>92</ns3:cad>
          </ns3:TrackPointExtension>
        </extensions>
      </trkpt>
      <trkpt lat="45.79962174408137798309326171875" lon="126.64262370206415653228759765625">
        <ele>120.1999969482421875</ele>
        <time>2026-10-04T21:51:49.000Z</time>
        <extensions>
          <ns3:TrackPointExtension>
            <ns3:hr>158</ns3:hr>
            <ns3:cad>92</ns3:cad>
          </ns3:TrackPointExtension>
        </extensions>
      </trkpt>
      <trkpt lat="45.79964437521994113922119140625" lon="126.642651446163654327392578125">
        <ele>120.1999969482421875</ele>
        <time>2026-10-04T21:51:50.000Z</time>
        <extensions>
          <ns3:TrackPointExtension>
            <ns3:hr>158</ns3:hr>
            <ns3:cad>92</ns3:cad>
          </ns3:TrackPointExtension>
        </extensions>
      </trkpt>
      <trkpt lat="45.79967052675783634185791015625" lon="126.64269075728952884674072265625">
        <ele>120.1999969482421875</ele>
        <time>2026-10-04T21:51:51.000Z</time>
        <extensions>
          <ns3:TrackPointExtension>
            <ns3:hr>157</ns3:hr>
            <ns3:cad>92</ns3:cad>
          </ns3:TrackPointExtension>
        </extensions>
      </trkpt>
      <trkpt lat="45.7997011207044124603271484375" lon="126.6427101194858551025390625">
        <ele>120.1999969482421875</ele>
        <time>2026-10-04T21:51:52.000Z</time>
        <extensions>
          <ns3:TrackPointExtension>
            <ns3:hr>158</ns3:hr>
            <ns3:cad>93</ns3:cad>
          </ns3:TrackPointExtension>
        </extensions>
      </trkpt>
      <trkpt lat="45.79972836188971996307373046875" lon="126.64274238981306552886962890625">
        <ele>120.1999969482421875</ele>
        <time>2026-10-04T21:51:53.000Z</time>
        <extensions>
          <ns3:TrackPointExtension>
            <ns3:hr>158</ns3:hr>
            <ns3:cad>93</ns3:cad>
          </ns3:TrackPointExtension>
        </extensions>
      </trkpt>
      <trkpt lat="45.79975367523729801177978515625" lon="126.64276887662708759307861328125">
        <ele>120.1999969482421875</ele>
        <time>2026-10-04T21:51:54.000Z</time>
        <extensions>
          <ns3:TrackPointExtension>
            <ns3:hr>158</ns3:hr>
            <ns3:cad>93</ns3:cad>
          </ns3:TrackPointExtension>
        </extensions>
      </trkpt>
      <trkpt lat="45.79977395944297313690185546875" lon="126.64280357770621776580810546875">
        <ele>120.1999969482421875</ele>
        <time>2026-10-04T21:51:55.000Z</time>
        <extensions>
          <ns3:TrackPointExtension>
            <ns3:hr>157</ns3:hr>
            <ns3:cad>92</ns3:cad>
          </ns3:TrackPointExtension>
        </extensions>
      </trkpt>
      <trkpt lat="45.799794830381870269775390625" lon="126.6428319923579692840576171875">
        <ele>120</ele>
        <time>2026-10-04T21:51:56.000Z</time>
        <extensions>
          <ns3:TrackPointExtension>
            <ns3:hr>157</ns3:hr>
            <ns3:cad>92</ns3:cad>
          </ns3:TrackPointExtension>
        </extensions>
      </trkpt>
      <trkpt lat="45.799808241426944732666015625" lon="126.642867028713226318359375">
        <ele>120</ele>
        <time>2026-10-04T21:51:57.000Z</time>
        <extensions>
          <ns3:TrackPointExtension>
            <ns3:hr>156</ns3:hr>
            <ns3:cad>92</ns3:cad>
          </ns3:TrackPointExtension>
        </extensions>
      </trkpt>
      <trkpt lat="45.799832046031951904296875" lon="126.64290516637265682220458984375">
        <ele>120</ele>
        <time>2026-10-04T21:51:58.000Z</time>
        <extensions>
          <ns3:TrackPointExtension>
            <ns3:hr>156</ns3:hr>
            <ns3:cad>92</ns3:cad>
          </ns3:TrackPointExtension>
        </extensions>
      </trkpt>
      <trkpt lat="45.79985274933278560638427734375" lon="126.6429315693676471710205078125">
        <ele>120</ele>
        <time>2026-10-04T21:51:59.000Z</time>
        <extensions>
          <ns3:TrackPointExtension>
            <ns3:hr>156</ns3:hr>
            <ns3:cad>92</ns3:cad>
          </ns3:TrackPointExtension>
        </extensions>
      </trkpt>
      <trkpt lat="45.799877978861331939697265625" lon="126.64297456853091716766357421875">
        <ele>120</ele>
        <time>2026-10-04T21:52:00.000Z</time>
        <extensions>
          <ns3:TrackPointExtension>
            <ns3:hr>156</ns3:hr>
            <ns3:cad>92</ns3:cad>
          </ns3:TrackPointExtension>
        </extensions>
      </trkpt>
      <trkpt lat="45.799898765981197357177734375" lon="126.64300038479268550872802734375">
        <ele>120</ele>
        <time>2026-10-04T21:52:01.000Z</time>
        <extensions>
          <ns3:TrackPointExtension>
            <ns3:hr>156</ns3:hr>
            <ns3:cad>93</ns3:cad>
          </ns3:TrackPointExtension>
        </extensions>
      </trkpt>
      <trkpt lat="45.799916870892047882080078125" lon="126.643046401441097259521484375">
        <ele>120</ele>
        <time>2026-10-04T21:52:02.000Z</time>
        <extensions>
          <ns3:TrackPointExtension>
            <ns3:hr>156</ns3:hr>
            <ns3:cad>94</ns3:cad>
          </ns3:TrackPointExtension>
        </extensions>
      </trkpt>
      <trkpt lat="45.7999388314783573150634765625" lon="126.6430817730724811553955078125">
        <ele>120</ele>
        <time>2026-10-04T21:52:03.000Z</time>
        <extensions>
          <ns3:TrackPointExtension>
            <ns3:hr>156</ns3:hr>
            <ns3:cad>94</ns3:cad>
          </ns3:TrackPointExtension>
        </extensions>
      </trkpt>
      <trkpt lat="45.79995752312242984771728515625" lon="126.64312183856964111328125">
        <ele>120</ele>
        <time>2026-10-04T21:52:04.000Z</time>
        <extensions>
          <ns3:TrackPointExtension>
            <ns3:hr>156</ns3:hr>
            <ns3:cad>93</ns3:cad>
          </ns3:TrackPointExtension>
        </extensions>
      </trkpt>
      <trkpt lat="45.79998015426099300384521484375" lon="126.64316383190453052520751953125">
        <ele>120</ele>
        <time>2026-10-04T21:52:05.000Z</time>
        <extensions>
          <ns3:TrackPointExtension>
            <ns3:hr>156</ns3:hr>
            <ns3:cad>93</ns3:cad>
          </ns3:TrackPointExtension>
        </extensions>
      </trkpt>
      <trkpt lat="45.7999964989721775054931640625" lon="126.64320389740169048309326171875">
        <ele>120</ele>
        <time>2026-10-04T21:52:06.000Z</time>
        <extensions>
          <ns3:TrackPointExtension>
            <ns3:hr>156</ns3:hr>
            <ns3:cad>92</ns3:cad>
          </ns3:TrackPointExtension>
        </extensions>
      </trkpt>
      <trkpt lat="45.80001602880656719207763671875" lon="126.6432551108300685882568359375">
        <ele>120</ele>
        <time>2026-10-04T21:52:07.000Z</time>
        <extensions>
          <ns3:TrackPointExtension>
            <ns3:hr>156</ns3:hr>
            <ns3:cad>92</ns3:cad>
          </ns3:TrackPointExtension>
        </extensions>
      </trkpt>
      <trkpt lat="45.8000320382416248321533203125" lon="126.64329282939434051513671875">
        <ele>120</ele>
        <time>2026-10-04T21:52:08.000Z</time>
        <extensions>
          <ns3:TrackPointExtension>
            <ns3:hr>157</ns3:hr>
            <ns3:cad>92</ns3:cad>
          </ns3:TrackPointExtension>
        </extensions>
      </trkpt>
      <trkpt lat="45.800050981342792510986328125" lon="126.64334320463240146636962890625">
        <ele>120</ele>
        <time>2026-10-04T21:52:09.000Z</time>
        <extensions>
          <ns3:TrackPointExtension>
            <ns3:hr>156</ns3:hr>
            <ns3:cad>95</ns3:cad>
          </ns3:TrackPointExtension>
        </extensions>
      </trkpt>
      <trkpt lat="45.8000642247498035430908203125" lon="126.6433744691312313079833984375">
        <ele>120</ele>
        <time>2026-10-04T21:52:10.000Z</time>
        <extensions>
          <ns3:TrackPointExtension>
            <ns3:hr>156</ns3:hr>
            <ns3:cad>95</ns3:cad>
          </ns3:TrackPointExtension>
        </extensions>
      </trkpt>
      <trkpt lat="45.8000809885561466217041015625" lon="126.643421910703182220458984375">
        <ele>120</ele>
        <time>2026-10-04T21:52:11.000Z</time>
        <extensions>
          <ns3:TrackPointExtension>
            <ns3:hr>156</ns3:hr>
            <ns3:cad>93</ns3:cad>
          </ns3:TrackPointExtension>
        </extensions>
      </trkpt>
      <trkpt lat="45.80009934492409229278564453125" lon="126.64345585741102695465087890625">
        <ele>120</ele>
        <time>2026-10-04T21:52:12.000Z</time>
        <extensions>
          <ns3:TrackPointExtension>
            <ns3:hr>156</ns3:hr>
            <ns3:cad>92</ns3:cad>
          </ns3:TrackPointExtension>
        </extensions>
      </trkpt>
      <trkpt lat="45.8001094870269298553466796875" lon="126.643502376973628997802734375">
        <ele>120</ele>
        <time>2026-10-04T21:52:13.000Z</time>
        <extensions>
          <ns3:TrackPointExtension>
            <ns3:hr>156</ns3:hr>
            <ns3:cad>93</ns3:cad>
          </ns3:TrackPointExtension>
        </extensions>
      </trkpt>
      <trkpt lat="45.8001244068145751953125" lon="126.64354772306978702545166015625">
        <ele>120</ele>
        <time>2026-10-04T21:52:14.000Z</time>
        <extensions>
          <ns3:TrackPointExtension>
            <ns3:hr>157</ns3:hr>
            <ns3:cad>94</ns3:cad>
          </ns3:TrackPointExtension>
        </extensions>
      </trkpt>
      <trkpt lat="45.80013840459287166595458984375" lon="126.64358996786177158355712890625">
        <ele>119.8000030517578125</ele>
        <time>2026-10-04T21:52:15.000Z</time>
        <extensions>
          <ns3:TrackPointExtension>
            <ns3:hr>156</ns3:hr>
            <ns3:cad>94</ns3:cad>
          </ns3:TrackPointExtension>
        </extensions>
      </trkpt>
      <trkpt lat="45.80015131272375583648681640625" lon="126.64364151656627655029296875">
        <ele>119.8000030517578125</ele>
        <time>2026-10-04T21:52:16.000Z</time>
        <extensions>
          <ns3:TrackPointExtension>
            <ns3:hr>156</ns3:hr>
            <ns3:cad>93</ns3:cad>
          </ns3:TrackPointExtension>
        </extensions>
      </trkpt>
      <trkpt lat="45.80015919171273708343505859375" lon="126.64368300698697566986083984375">
        <ele>119.8000030517578125</ele>
        <time>2026-10-04T21:52:17.000Z</time>
        <extensions>
          <ns3:TrackPointExtension>
            <ns3:hr>156</ns3:hr>
            <ns3:cad>92</ns3:cad>
          </ns3:TrackPointExtension>
        </extensions>
      </trkpt>
      <trkpt lat="45.80016531050205230712890625" lon="126.6437345556914806365966796875">
        <ele>119.8000030517578125</ele>
        <time>2026-10-04T21:52:18.000Z</time>
        <extensions>
          <ns3:TrackPointExtension>
            <ns3:hr>156</ns3:hr>
            <ns3:cad>92</ns3:cad>
          </ns3:TrackPointExtension>
        </extensions>
      </trkpt>
      <trkpt lat="45.800176374614238739013671875" lon="126.64377051405608654022216796875">
        <ele>119.8000030517578125</ele>
        <time>2026-10-04T21:52:19.000Z</time>
        <extensions>
          <ns3:TrackPointExtension>
            <ns3:hr>156</ns3:hr>
            <ns3:cad>92</ns3:cad>
          </ns3:TrackPointExtension>
        </extensions>
      </trkpt>
      <trkpt lat="45.80018668435513973236083984375" lon="126.6438257507979869842529296875">
        <ele>120</ele>
        <time>2026-10-04T21:52:20.000Z</time>
        <extensions>
          <ns3:TrackPointExtension>
            <ns3:hr>156</ns3:hr>
            <ns3:cad>93</ns3:cad>
          </ns3:TrackPointExtension>
        </extensions>
      </trkpt>
      <trkpt lat="45.80019976012408733367919921875" lon="126.64386020042002201080322265625">
        <ele>120</ele>
        <time>2026-10-04T21:52:21.000Z</time>
        <extensions>
          <ns3:TrackPointExtension>
            <ns3:hr>156</ns3:hr>
            <ns3:cad>92</ns3:cad>
          </ns3:TrackPointExtension>
        </extensions>
      </trkpt>
      <trkpt lat="45.8002062141895294189453125" lon="126.643907390534877777099609375">
        <ele>120</ele>
        <time>2026-10-04T21:52:22.000Z</time>
        <extensions>
          <ns3:TrackPointExtension>
            <ns3:hr>157</ns3:hr>
            <ns3:cad>92</ns3:cad>
          </ns3:TrackPointExtension>
        </extensions>
      </trkpt>
      <trkpt lat="45.80021669156849384307861328125" lon="126.64394770748913288116455078125">
        <ele>120</ele>
        <time>2026-10-04T21:52:23.000Z</time>
        <extensions>
          <ns3:TrackPointExtension>
            <ns3:hr>157</ns3:hr>
            <ns3:cad>92</ns3:cad>
          </ns3:TrackPointExtension>
        </extensions>
      </trkpt>
      <trkpt lat="45.80022088252007961273193359375" lon="126.64399565197527408599853515625">
        <ele>120</ele>
        <time>2026-10-04T21:52:24.000Z</time>
        <extensions>
          <ns3:TrackPointExtension>
            <ns3:hr>157</ns3:hr>
            <ns3:cad>93</ns3:cad>
          </ns3:TrackPointExtension>
        </extensions>
      </trkpt>
      <trkpt lat="45.80022968351840972900390625" lon="126.64404141716659069061279296875">
        <ele>120</ele>
        <time>2026-10-04T21:52:25.000Z</time>
        <extensions>
          <ns3:TrackPointExtension>
            <ns3:hr>158</ns3:hr>
            <ns3:cad>93</ns3:cad>
          </ns3:TrackPointExtension>
        </extensions>
      </trkpt>
      <trkpt lat="45.80023462884128093719482421875" lon="126.6440865956246852874755859375">
        <ele>120</ele>
        <time>2026-10-04T21:52:26.000Z</time>
        <extensions>
          <ns3:TrackPointExtension>
            <ns3:hr>159</ns3:hr>
            <ns3:cad>93</ns3:cad>
          </ns3:TrackPointExtension>
        </extensions>
      </trkpt>
      <trkpt lat="45.80023881979286670684814453125" lon="126.64414317347109317779541015625">
        <ele>120</ele>
        <time>2026-10-04T21:52:27.000Z</time>
        <extensions>
          <ns3:TrackPointExtension>
            <ns3:hr>159</ns3:hr>
            <ns3:cad>92</ns3:cad>
          </ns3:TrackPointExtension>
        </extensions>
      </trkpt>
      <trkpt lat="45.8002452738583087921142578125" lon="126.64418944157660007476806640625">
        <ele>120</ele>
        <time>2026-10-04T21:52:28.000Z</time>
        <extensions>
          <ns3:TrackPointExtension>
            <ns3:hr>160</ns3:hr>
            <ns3:cad>92</ns3:cad>
          </ns3:TrackPointExtension>
        </extensions>
      </trkpt>
      <trkpt lat="45.8002549968659877777099609375" lon="126.64423839189112186431884765625">
        <ele>120</ele>
        <time>2026-10-04T21:52:29.000Z</time>
        <extensions>
          <ns3:TrackPointExtension>
            <ns3:hr>160</ns3:hr>
            <ns3:cad>92</ns3:cad>
          </ns3:TrackPointExtension>
        </extensions>
      </trkpt>
      <trkpt lat="45.80026446841657161712646484375" lon="126.6442792117595672607421875">
        <ele>120</ele>
        <time>2026-10-04T21:52:30.000Z</time>
        <extensions>
          <ns3:TrackPointExtension>
            <ns3:hr>161</ns3:hr>
            <ns3:cad>92</ns3:cad>
          </ns3:TrackPointExtension>
        </extensions>
      </trkpt>
      <trkpt lat="45.800270251929759979248046875" lon="126.64433461613953113555908203125">
        <ele>120</ele>
        <time>2026-10-04T21:52:31.000Z</time>
        <extensions>
          <ns3:TrackPointExtension>
            <ns3:hr>161</ns3:hr>
            <ns3:cad>93</ns3:cad>
          </ns3:TrackPointExtension>
        </extensions>
      </trkpt>
      <trkpt lat="45.80028022639453411102294921875" lon="126.64437568746507167816162109375">
        <ele>120</ele>
        <time>2026-10-04T21:52:32.000Z</time>
        <extensions>
          <ns3:TrackPointExtension>
            <ns3:hr>161</ns3:hr>
            <ns3:cad>94</ns3:cad>
          </ns3:TrackPointExtension>
        </extensions>
      </trkpt>
      <trkpt lat="45.8002771250903606414794921875" lon="126.6444235481321811676025390625">
        <ele>120</ele>
        <time>2026-10-04T21:52:33.000Z</time>
        <extensions>
          <ns3:TrackPointExtension>
            <ns3:hr>161</ns3:hr>
            <ns3:cad>94</ns3:cad>
          </ns3:TrackPointExtension>
        </extensions>
      </trkpt>
      <trkpt lat="45.80028190277516841888427734375" lon="126.64446570910513401031494140625">
        <ele>120</ele>
        <time>2026-10-04T21:52:34.000Z</time>
        <extensions>
          <ns3:TrackPointExtension>
            <ns3:hr>161</ns3:hr>
            <ns3:cad>92</ns3:cad>
          </ns3:TrackPointExtension>
        </extensions>
      </trkpt>
      <trkpt lat="45.8002839982509613037109375" lon="126.64451030083000659942626953125">
        <ele>120</ele>
        <time>2026-10-04T21:52:35.000Z</time>
        <extensions>
          <ns3:TrackPointExtension>
            <ns3:hr>161</ns3:hr>
            <ns3:cad>92</ns3:cad>
          </ns3:TrackPointExtension>
        </extensions>
      </trkpt>
      <trkpt lat="45.80029045231640338897705078125" lon="126.64455824531614780426025390625">
        <ele>120</ele>
        <time>2026-10-04T21:52:36.000Z</time>
        <extensions>
          <ns3:TrackPointExtension>
            <ns3:hr>162</ns3:hr>
            <ns3:cad>93</ns3:cad>
          </ns3:TrackPointExtension>
        </extensions>
      </trkpt>
      <trkpt lat="45.80029279924929141998291015625" lon="126.6446009092032909393310546875">
        <ele>120</ele>
        <time>2026-10-04T21:52:37.000Z</time>
        <extensions>
          <ns3:TrackPointExtension>
            <ns3:hr>162</ns3:hr>
            <ns3:cad>93</ns3:cad>
          </ns3:TrackPointExtension>
        </extensions>
      </trkpt>
      <trkpt lat="45.80029129050672054290771484375" lon="126.64465606212615966796875">
        <ele>120</ele>
        <time>2026-10-04T21:52:38.000Z</time>
        <extensions>
          <ns3:TrackPointExtension>
            <ns3:hr>163</ns3:hr>
            <ns3:cad>93</ns3:cad>
          </ns3:TrackPointExtension>
        </extensions>
      </trkpt>
      <trkpt lat="45.80028978176414966583251953125" lon="126.6446964628994464874267578125">
        <ele>120</ele>
        <time>2026-10-04T21:52:39.000Z</time>
        <extensions>
          <ns3:TrackPointExtension>
            <ns3:hr>163</ns3:hr>
            <ns3:cad>93</ns3:cad>
          </ns3:TrackPointExtension>
        </extensions>
      </trkpt>
      <trkpt lat="45.80028626136481761932373046875" lon="126.6447497718036174774169921875">
        <ele>120</ele>
        <time>2026-10-04T21:52:40.000Z</time>
        <extensions>
          <ns3:TrackPointExtension>
            <ns3:hr>163</ns3:hr>
            <ns3:cad>94</ns3:cad>
          </ns3:TrackPointExtension>
        </extensions>
      </trkpt>
      <trkpt lat="45.80028709955513477325439453125" lon="126.64479662664234638214111328125">
        <ele>120</ele>
        <time>2026-10-04T21:52:41.000Z</time>
        <extensions>
          <ns3:TrackPointExtension>
            <ns3:hr>164</ns3:hr>
            <ns3:cad>93</ns3:cad>
          </ns3:TrackPointExtension>
        </extensions>
      </trkpt>
      <trkpt lat="45.8002786338329315185546875" lon="126.6448505222797393798828125">
        <ele>120</ele>
        <time>2026-10-04T21:52:42.000Z</time>
        <extensions>
          <ns3:TrackPointExtension>
            <ns3:hr>164</ns3:hr>
            <ns3:cad>93</ns3:cad>
          </ns3:TrackPointExtension>
        </extensions>
      </trkpt>
      <trkpt lat="45.800282657146453857421875" lon="126.64489603601396083831787109375">
        <ele>120</ele>
        <time>2026-10-04T21:52:43.000Z</time>
        <extensions>
          <ns3:TrackPointExtension>
            <ns3:hr>164</ns3:hr>
            <ns3:cad>93</ns3:cad>
          </ns3:TrackPointExtension>
        </extensions>
      </trkpt>
      <trkpt lat="45.80027787946164608001708984375" lon="126.64494582451879978179931640625">
        <ele>120</ele>
        <time>2026-10-04T21:52:44.000Z</time>
        <extensions>
          <ns3:TrackPointExtension>
            <ns3:hr>163</ns3:hr>
            <ns3:cad>93</ns3:cad>
          </ns3:TrackPointExtension>
        </extensions>
      </trkpt>
      <trkpt lat="45.80027771182358264923095703125" lon="126.644994355738162994384765625">
        <ele>120.1999969482421875</ele>
        <time>2026-10-04T21:52:45.000Z</time>
        <extensions>
          <ns3:TrackPointExtension>
            <ns3:hr>163</ns3:hr>
            <ns3:cad>92</ns3:cad>
          </ns3:TrackPointExtension>
        </extensions>
      </trkpt>
      <trkpt lat="45.8002744428813457489013671875" lon="126.6450382769107818603515625">
        <ele>120</ele>
        <time>2026-10-04T21:52:46.000Z</time>
        <extensions>
          <ns3:TrackPointExtension>
            <ns3:hr>163</ns3:hr>
            <ns3:cad>92</ns3:cad>
          </ns3:TrackPointExtension>
        </extensions>
      </trkpt>
      <trkpt lat="45.80027184449136257171630859375" lon="126.645088903605937957763671875">
        <ele>120</ele>
        <time>2026-10-04T21:52:47.000Z</time>
        <extensions>
          <ns3:TrackPointExtension>
            <ns3:hr>163</ns3:hr>
            <ns3:cad>92</ns3:cad>
          </ns3:TrackPointExtension>
        </extensions>
      </trkpt>
      <trkpt lat="45.8002697490155696868896484375" lon="126.6451336629688739776611328125">
        <ele>120</ele>
        <time>2026-10-04T21:52:48.000Z</time>
        <extensions>
          <ns3:TrackPointExtension>
            <ns3:hr>163</ns3:hr>
            <ns3:cad>92</ns3:cad>
          </ns3:TrackPointExtension>
        </extensions>
      </trkpt>
      <trkpt lat="45.80026480369269847869873046875" lon="126.64518554694950580596923828125">
        <ele>120</ele>
        <time>2026-10-04T21:52:49.000Z</time>
        <extensions>
          <ns3:TrackPointExtension>
            <ns3:hr>162</ns3:hr>
            <ns3:cad>92</ns3:cad>
          </ns3:TrackPointExtension>
        </extensions>
      </trkpt>
      <trkpt lat="45.80026379786431789398193359375" lon="126.64522678591310977935791015625">
        <ele>120</ele>
        <time>2026-10-04T21:52:50.000Z</time>
        <extensions>
          <ns3:TrackPointExtension>
            <ns3:hr>161</ns3:hr>
            <ns3:cad>92</ns3:cad>
          </ns3:TrackPointExtension>
        </extensions>
      </trkpt>
      <trkpt lat="45.8002560026943683624267578125" lon="126.64527632296085357666015625">
        <ele>120</ele>
        <time>2026-10-04T21:52:51.000Z</time>
        <extensions>
          <ns3:TrackPointExtension>
            <ns3:hr>161</ns3:hr>
            <ns3:cad>92</ns3:cad>
          </ns3:TrackPointExtension>
        </extensions>
      </trkpt>
      <trkpt lat="45.80025876872241497039794921875" lon="126.64531965740025043487548828125">
        <ele>120</ele>
        <time>2026-10-04T21:52:52.000Z</time>
        <extensions>
          <ns3:TrackPointExtension>
            <ns3:hr>161</ns3:hr>
            <ns3:cad>92</ns3:cad>
          </ns3:TrackPointExtension>
        </extensions>
      </trkpt>
      <trkpt lat="45.80025172792375087738037109375" lon="126.64536860771477222442626953125">
        <ele>120</ele>
        <time>2026-10-04T21:52:53.000Z</time>
        <extensions>
          <ns3:TrackPointExtension>
            <ns3:hr>161</ns3:hr>
            <ns3:cad>92</ns3:cad>
          </ns3:TrackPointExtension>
        </extensions>
      </trkpt>
      <trkpt lat="45.80025390721857547760009765625" lon="126.64541018195450305938720703125">
        <ele>120</ele>
        <time>2026-10-04T21:52:54.000Z</time>
        <extensions>
          <ns3:TrackPointExtension>
            <ns3:hr>160</ns3:hr>
            <ns3:cad>92</ns3:cad>
          </ns3:TrackPointExtension>
        </extensions>
      </trkpt>
      <trkpt lat="45.80024803988635540008544921875" lon="126.6454568691551685333251953125">
        <ele>120</ele>
        <time>2026-10-04T21:52:55.000Z</time>
        <extensions>
          <ns3:TrackPointExtension>
            <ns3:hr>160</ns3:hr>
            <ns3:cad>92</ns3:cad>
          </ns3:TrackPointExtension>
        </extensions>
      </trkpt>
      <trkpt lat="45.80024535767734050750732421875" lon="126.645503304898738861083984375">
        <ele>120</ele>
        <time>2026-10-04T21:52:56.000Z</time>
        <extensions>
          <ns3:TrackPointExtension>
            <ns3:hr>159</ns3:hr>
            <ns3:cad>92</ns3:cad>
          </ns3:TrackPointExtension>
        </extensions>
      </trkpt>
      <trkpt lat="45.80023504793643951416015625" lon="126.645546220242977142333984375">
        <ele>120</ele>
        <time>2026-10-04T21:52:57.000Z</time>
        <extensions>
          <ns3:TrackPointExtension>
            <ns3:hr>158</ns3:hr>
            <ns3:cad>92</ns3:cad>
          </ns3:TrackPointExtension>
        </extensions>
      </trkpt>
      <trkpt lat="45.80022859387099742889404296875" lon="126.64559676311910152435302734375">
        <ele>120</ele>
        <time>2026-10-04T21:52:58.000Z</time>
        <extensions>
          <ns3:TrackPointExtension>
            <ns3:hr>158</ns3:hr>
            <ns3:cad>92</ns3:cad>
          </ns3:TrackPointExtension>
        </extensions>
      </trkpt>
      <trkpt lat="45.80022758804261684417724609375" lon="126.64564018137753009796142578125">
        <ele>120</ele>
        <time>2026-10-04T21:52:59.000Z</time>
        <extensions>
          <ns3:TrackPointExtension>
            <ns3:hr>158</ns3:hr>
            <ns3:cad>94</ns3:cad>
          </ns3:TrackPointExtension>
        </extensions>
      </trkpt>
      <trkpt lat="45.8002231456339359283447265625" lon="126.64569365791976451873779296875">
        <ele>120</ele>
        <time>2026-10-04T21:53:00.000Z</time>
        <extensions>
          <ns3:TrackPointExtension>
            <ns3:hr>158</ns3:hr>
            <ns3:cad>94</ns3:cad>
          </ns3:TrackPointExtension>
        </extensions>
      </trkpt>
      <trkpt lat="45.80022540874779224395751953125" lon="126.645739339292049407958984375">
        <ele>120</ele>
        <time>2026-10-04T21:53:01.000Z</time>
        <extensions>
          <ns3:TrackPointExtension>
            <ns3:hr>158</ns3:hr>
            <ns3:cad>92</ns3:cad>
          </ns3:TrackPointExtension>
        </extensions>
      </trkpt>
      <trkpt lat="45.80022054724395275115966796875" lon="126.64579021744430065155029296875">
        <ele>120</ele>
        <time>2026-10-04T21:53:02.000Z</time>
        <extensions>
          <ns3:TrackPointExtension>
            <ns3:hr>158</ns3:hr>
            <ns3:cad>91</ns3:cad>
          </ns3:TrackPointExtension>
        </extensions>
      </trkpt>
      <trkpt lat="45.8002207987010478973388671875" lon="126.64583095349371433258056640625">
        <ele>120.1999969482421875</ele>
        <time>2026-10-04T21:53:03.000Z</time>
        <extensions>
          <ns3:TrackPointExtension>
            <ns3:hr>158</ns3:hr>
            <ns3:cad>91</ns3:cad>
          </ns3:TrackPointExtension>
        </extensions>
      </trkpt>
      <trkpt lat="45.80021216534078121185302734375" lon="126.64587722159922122955322265625">
        <ele>120.1999969482421875</ele>
        <time>2026-10-04T21:53:04.000Z</time>
        <extensions>
          <ns3:TrackPointExtension>
            <ns3:hr>157</ns3:hr>
            <ns3:cad>91</ns3:cad>
          </ns3:TrackPointExtension>
        </extensions>
      </trkpt>
      <trkpt lat="45.8002117462456226348876953125" lon="126.64591996930539608001708984375">
        <ele>120.1999969482421875</ele>
        <time>2026-10-04T21:53:05.000Z</time>
        <extensions>
          <ns3:TrackPointExtension>
            <ns3:hr>158</ns3:hr>
            <ns3:cad>91</ns3:cad>
          </ns3:TrackPointExtension>
        </extensions>
      </trkpt>
      <trkpt lat="45.800206549465656280517578125" lon="126.64597160182893276214599609375">
        <ele>120.1999969482421875</ele>
        <time>2026-10-04T21:53:06.000Z</time>
        <extensions>
          <ns3:TrackPointExtension>
            <ns3:hr>158</ns3:hr>
            <ns3:cad>91</ns3:cad>
          </ns3:TrackPointExtension>
        </extensions>
      </trkpt>
      <trkpt lat="45.80020562745630741119384765625" lon="126.6460218094289302825927734375">
        <ele>120</ele>
        <time>2026-10-04T21:53:07.000Z</time>
        <extensions>
          <ns3:TrackPointExtension>
            <ns3:hr>158</ns3:hr>
            <ns3:cad>91</ns3:cad>
          </ns3:TrackPointExtension>
        </extensions>
      </trkpt>
      <trkpt lat="45.800208561122417449951171875" lon="126.6460660658776760101318359375">
        <ele>120.1999969482421875</ele>
        <time>2026-10-04T21:53:08.000Z</time>
        <extensions>
          <ns3:TrackPointExtension>
            <ns3:hr>157</ns3:hr>
            <ns3:cad>91</ns3:cad>
          </ns3:TrackPointExtension>
        </extensions>
      </trkpt>
      <trkpt lat="45.8002073876559734344482421875" lon="126.6461237333714962005615234375">
        <ele>120.1999969482421875</ele>
        <time>2026-10-04T21:53:09.000Z</time>
        <extensions>
          <ns3:TrackPointExtension>
            <ns3:hr>158</ns3:hr>
            <ns3:cad>92</ns3:cad>
          </ns3:TrackPointExtension>
        </extensions>
      </trkpt>
      <trkpt lat="45.800209902226924896240234375" lon="126.64616807363927364349365234375">
        <ele>120.1999969482421875</ele>
        <time>2026-10-04T21:53:10.000Z</time>
        <extensions>
          <ns3:TrackPointExtension>
            <ns3:hr>158</ns3:hr>
            <ns3:cad>93</ns3:cad>
          </ns3:TrackPointExtension>
        </extensions>
      </trkpt>
      <trkpt lat="45.8002040348947048187255859375" lon="126.6462259925901889801025390625">
        <ele>120.1999969482421875</ele>
        <time>2026-10-04T21:53:11.000Z</time>
        <extensions>
          <ns3:TrackPointExtension>
            <ns3:hr>157</ns3:hr>
            <ns3:cad>93</ns3:cad>
          </ns3:TrackPointExtension>
        </extensions>
      </trkpt>
      <trkpt lat="45.80020847730338573455810546875" lon="126.646271087229251861572265625">
        <ele>120.1999969482421875</ele>
        <time>2026-10-04T21:53:12.000Z</time>
        <extensions>
          <ns3:TrackPointExtension>
            <ns3:hr>158</ns3:hr>
            <ns3:cad>95</ns3:cad>
          </ns3:TrackPointExtension>
        </extensions>
      </trkpt>
      <trkpt lat="45.80020093359053134918212890625" lon="126.64632280357182025909423828125">
        <ele>120.1999969482421875</ele>
        <time>2026-10-04T21:53:13.000Z</time>
        <extensions>
          <ns3:TrackPointExtension>
            <ns3:hr>157</ns3:hr>
            <ns3:cad>95</ns3:cad>
          </ns3:TrackPointExtension>
        </extensions>
      </trkpt>
      <trkpt lat="45.80019691027700901031494140625" lon="126.64636840112507343292236328125">
        <ele>120.1999969482421875</ele>
        <time>2026-10-04T21:53:14.000Z</time>
        <extensions>
          <ns3:TrackPointExtension>
            <ns3:hr>157</ns3:hr>
            <ns3:cad>93</ns3:cad>
          </ns3:TrackPointExtension>
        </extensions>
      </trkpt>
      <trkpt lat="45.8001866005361080169677734375" lon="126.6464144177734851837158203125">
        <ele>120.1999969482421875</ele>
        <time>2026-10-04T21:53:15.000Z</time>
        <extensions>
          <ns3:TrackPointExtension>
            <ns3:hr>157</ns3:hr>
            <ns3:cad>92</ns3:cad>
          </ns3:TrackPointExtension>
        </extensions>
      </trkpt>
      <trkpt lat="45.80018366686999797821044921875" lon="126.64646160788834095001220703125">
        <ele>120.1999969482421875</ele>
        <time>2026-10-04T21:53:16.000Z</time>
        <extensions>
          <ns3:TrackPointExtension>
            <ns3:hr>158</ns3:hr>
            <ns3:cad>92</ns3:cad>
          </ns3:TrackPointExtension>
        </extensions>
      </trkpt>
      <trkpt lat="45.80017830245196819305419921875" lon="126.646506451070308685302734375">
        <ele>120.1999969482421875</ele>
        <time>2026-10-04T21:53:17.000Z</time>
        <extensions>
          <ns3:TrackPointExtension>
            <ns3:hr>158</ns3:hr>
            <ns3:cad>92</ns3:cad>
          </ns3:TrackPointExtension>
        </extensions>
      </trkpt>
      <trkpt lat="45.80017243511974811553955078125" lon="126.64656219072639942169189453125">
        <ele>120.1999969482421875</ele>
        <time>2026-10-04T21:53:18.000Z</time>
        <extensions>
          <ns3:TrackPointExtension>
            <ns3:hr>158</ns3:hr>
            <ns3:cad>92</ns3:cad>
          </ns3:TrackPointExtension>
        </extensions>
      </trkpt>
      <trkpt lat="45.80016690306365489959716796875" lon="126.6466098837554454803466796875">
        <ele>120</ele>
        <time>2026-10-04T21:53:19.000Z</time>
        <extensions>
          <ns3:TrackPointExtension>
            <ns3:hr>157</ns3:hr>
            <ns3:cad>92</ns3:cad>
          </ns3:TrackPointExtension>
        </extensions>
      </trkpt>
      <trkpt lat="45.8001567609608173370361328125" lon="126.64666495285928249359130859375">
        <ele>120.1999969482421875</ele>
        <time>2026-10-04T21:53:20.000Z</time>
        <extensions>
          <ns3:TrackPointExtension>
            <ns3:hr>157</ns3:hr>
            <ns3:cad>92</ns3:cad>
          </ns3:TrackPointExtension>
        </extensions>
      </trkpt>
      <trkpt lat="45.800148546695709228515625" lon="126.64671021513640880584716796875">
        <ele>120.1999969482421875</ele>
        <time>2026-10-04T21:53:21.000Z</time>
        <extensions>
          <ns3:TrackPointExtension>
            <ns3:hr>157</ns3:hr>
            <ns3:cad>93</ns3:cad>
          </ns3:TrackPointExtension>
        </extensions>
      </trkpt>
      <trkpt lat="45.80013848841190338134765625" lon="126.646753884851932525634765625">
        <ele>120.1999969482421875</ele>
        <time>2026-10-04T21:53:22.000Z</time>
        <extensions>
          <ns3:TrackPointExtension>
            <ns3:hr>157</ns3:hr>
            <ns3:cad>94</ns3:cad>
          </ns3:TrackPointExtension>
        </extensions>
      </trkpt>
      <trkpt lat="45.8001316152513027191162109375" lon="126.646796800196170806884765625">
        <ele>120.1999969482421875</ele>
        <time>2026-10-04T21:53:23.000Z</time>
        <extensions>
          <ns3:TrackPointExtension>
            <ns3:hr>158</ns3:hr>
            <ns3:cad>93</ns3:cad>
          </ns3:TrackPointExtension>
        </extensions>
      </trkpt>
      <trkpt lat="45.80011971294879913330078125" lon="126.64684717543423175811767578125">
        <ele>120.1999969482421875</ele>
        <time>2026-10-04T21:53:24.000Z</time>
        <extensions>
          <ns3:TrackPointExtension>
            <ns3:hr>157</ns3:hr>
            <ns3:cad>93</ns3:cad>
          </ns3:TrackPointExtension>
        </extensions>
      </trkpt>
      <trkpt lat="45.8001151867210865020751953125" lon="126.646896712481975555419921875">
        <ele>120.1999969482421875</ele>
        <time>2026-10-04T21:53:25.000Z</time>
        <extensions>
          <ns3:TrackPointExtension>
            <ns3:hr>158</ns3:hr>
            <ns3:cad>93</ns3:cad>
          </ns3:TrackPointExtension>
        </extensions>
      </trkpt>
      <trkpt lat="45.8001034520566463470458984375" lon="126.6469444893300533294677734375">
        <ele>120.1999969482421875</ele>
        <time>2026-10-04T21:53:26.000Z</time>
        <extensions>
          <ns3:TrackPointExtension>
            <ns3:hr>158</ns3:hr>
            <ns3:cad>93</ns3:cad>
          </ns3:TrackPointExtension>
        </extensions>
      </trkpt>
      <trkpt lat="45.8000950701534748077392578125" lon="126.64699855260550975799560546875">
        <ele>120</ele>
        <time>2026-10-04T21:53:27.000Z</time>
        <extensions>
          <ns3:TrackPointExtension>
            <ns3:hr>158</ns3:hr>
            <ns3:cad>92</ns3:cad>
          </ns3:TrackPointExtension>
        </extensions>
      </trkpt>
      <trkpt lat="45.80009263940155506134033203125" lon="126.64703719317913055419921875">
        <ele>120.1999969482421875</ele>
        <time>2026-10-04T21:53:28.000Z</time>
        <extensions>
          <ns3:TrackPointExtension>
            <ns3:hr>157</ns3:hr>
            <ns3:cad>92</ns3:cad>
          </ns3:TrackPointExtension>
        </extensions>
      </trkpt>
      <trkpt lat="45.80008559860289096832275390625" lon="126.64709326811134815216064453125">
        <ele>120.1999969482421875</ele>
        <time>2026-10-04T21:53:29.000Z</time>
        <extensions>
          <ns3:TrackPointExtension>
            <ns3:hr>158</ns3:hr>
            <ns3:cad>92</ns3:cad>
          </ns3:TrackPointExtension>
        </extensions>
      </trkpt>
      <trkpt lat="45.80008408986032009124755859375" lon="126.6471397876739501953125">
        <ele>120.1999969482421875</ele>
        <time>2026-10-04T21:53:30.000Z</time>
        <extensions>
          <ns3:TrackPointExtension>
            <ns3:hr>158</ns3:hr>
            <ns3:cad>92</ns3:cad>
          </ns3:TrackPointExtension>
        </extensions>
      </trkpt>
      <trkpt lat="45.80007612705230712890625" lon="126.6471962817013263702392578125">
        <ele>120.1999969482421875</ele>
        <time>2026-10-04T21:53:31.000Z</time>
        <extensions>
          <ns3:TrackPointExtension>
            <ns3:hr>157</ns3:hr>
            <ns3:cad>93</ns3:cad>
          </ns3:TrackPointExtension>
        </extensions>
      </trkpt>
      <trkpt lat="45.80007386393845081329345703125" lon="126.64724238216876983642578125">
        <ele>120.1999969482421875</ele>
        <time>2026-10-04T21:53:32.000Z</time>
        <extensions>
          <ns3:TrackPointExtension>
            <ns3:hr>158</ns3:hr>
            <ns3:cad>92</ns3:cad>
          </ns3:TrackPointExtension>
        </extensions>
      </trkpt>
      <trkpt lat="45.80006363801658153533935546875" lon="126.64728219620883464813232421875">
        <ele>120.1999969482421875</ele>
        <time>2026-10-04T21:53:33.000Z</time>
        <extensions>
          <ns3:TrackPointExtension>
            <ns3:hr>158</ns3:hr>
            <ns3:cad>93</ns3:cad>
          </ns3:TrackPointExtension>
        </extensions>
      </trkpt>
      <trkpt lat="45.80006095580756664276123046875" lon="126.64733223617076873779296875">
        <ele>120.1999969482421875</ele>
        <time>2026-10-04T21:53:34.000Z</time>
        <extensions>
          <ns3:TrackPointExtension>
            <ns3:hr>158</ns3:hr>
            <ns3:cad>94</ns3:cad>
          </ns3:TrackPointExtension>
        </extensions>
      </trkpt>
      <trkpt lat="45.80004955641925334930419921875" lon="126.6473729722201824188232421875">
        <ele>120.1999969482421875</ele>
        <time>2026-10-04T21:53:35.000Z</time>
        <extensions>
          <ns3:TrackPointExtension>
            <ns3:hr>157</ns3:hr>
            <ns3:cad>94</ns3:cad>
          </ns3:TrackPointExtension>
        </extensions>
      </trkpt>
      <trkpt lat="45.80004067160189151763916015625" lon="126.6474266164004802703857421875">
        <ele>120.1999969482421875</ele>
        <time>2026-10-04T21:53:36.000Z</time>
        <extensions>
          <ns3:TrackPointExtension>
            <ns3:hr>158</ns3:hr>
            <ns3:cad>92</ns3:cad>
          </ns3:TrackPointExtension>
        </extensions>
      </trkpt>
      <trkpt lat="45.80003346316516399383544921875" lon="126.64746324531733989715576171875">
        <ele>120.1999969482421875</ele>
        <time>2026-10-04T21:53:37.000Z</time>
        <extensions>
          <ns3:TrackPointExtension>
            <ns3:hr>158</ns3:hr>
            <ns3:cad>92</ns3:cad>
          </ns3:TrackPointExtension>
        </extensions>
      </trkpt>
      <trkpt lat="45.80001988448202610015869140625" lon="126.64752879180014133453369140625">
        <ele>120.1999969482421875</ele>
        <time>2026-10-04T21:53:38.000Z</time>
        <extensions>
          <ns3:TrackPointExtension>
            <ns3:hr>158</ns3:hr>
            <ns3:cad>92</ns3:cad>
          </ns3:TrackPointExtension>
        </extensions>
      </trkpt>
      <trkpt lat="45.8000182919204235076904296875" lon="126.647577323019504547119140625">
        <ele>120.1999969482421875</ele>
        <time>2026-10-04T21:53:39.000Z</time>
        <extensions>
          <ns3:TrackPointExtension>
            <ns3:hr>158</ns3:hr>
            <ns3:cad>93</ns3:cad>
          </ns3:TrackPointExtension>
        </extensions>
      </trkpt>
      <trkpt lat="45.80000747926533222198486328125" lon="126.64763390086591243743896484375">
        <ele>120.1999969482421875</ele>
        <time>2026-10-04T21:53:40.000Z</time>
        <extensions>
          <ns3:TrackPointExtension>
            <ns3:hr>158</ns3:hr>
            <ns3:cad>94</ns3:cad>
          </ns3:TrackPointExtension>
        </extensions>
      </trkpt>
      <trkpt lat="45.80000563524663448333740234375" lon="126.64767798967659473419189453125">
        <ele>120.40000152587890625</ele>
        <time>2026-10-04T21:53:41.000Z</time>
        <extensions>
          <ns3:TrackPointExtension>
            <ns3:hr>158</ns3:hr>
            <ns3:cad>94</ns3:cad>
          </ns3:TrackPointExtension>
        </extensions>
      </trkpt>
      <trkpt lat="45.79999088309705257415771484375" lon="126.64772693999111652374267578125">
        <ele>120.40000152587890625</ele>
        <time>2026-10-04T21:53:42.000Z</time>
        <extensions>
          <ns3:TrackPointExtension>
            <ns3:hr>158</ns3:hr>
            <ns3:cad>94</ns3:cad>
          </ns3:TrackPointExtension>
        </extensions>
      </trkpt>
      <trkpt lat="45.79998434521257877349853515625" lon="126.64777589030563831329345703125">
        <ele>120.40000152587890625</ele>
        <time>2026-10-04T21:53:43.000Z</time>
        <extensions>
          <ns3:TrackPointExtension>
            <ns3:hr>158</ns3:hr>
            <ns3:cad>92</ns3:cad>
          </ns3:TrackPointExtension>
        </extensions>
      </trkpt>
      <trkpt lat="45.79997713677585124969482421875" lon="126.6478229127824306488037109375">
        <ele>120.40000152587890625</ele>
        <time>2026-10-04T21:53:44.000Z</time>
        <extensions>
          <ns3:TrackPointExtension>
            <ns3:hr>158</ns3:hr>
            <ns3:cad>92</ns3:cad>
          </ns3:TrackPointExtension>
        </extensions>
      </trkpt>
      <trkpt lat="45.7999690063297748565673828125" lon="126.6478742100298404693603515625">
        <ele>120.40000152587890625</ele>
        <time>2026-10-04T21:53:45.000Z</time>
        <extensions>
          <ns3:TrackPointExtension>
            <ns3:hr>160</ns3:hr>
            <ns3:cad>93</ns3:cad>
          </ns3:TrackPointExtension>
        </extensions>
      </trkpt>
      <trkpt lat="45.79996456392109394073486328125" lon="126.6479184664785861968994140625">
        <ele>120.40000152587890625</ele>
        <time>2026-10-04T21:53:46.000Z</time>
        <extensions>
          <ns3:TrackPointExtension>
            <ns3:hr>160</ns3:hr>
            <ns3:cad>93</ns3:cad>
          </ns3:TrackPointExtension>
        </extensions>
      </trkpt>
      <trkpt lat="45.799956433475017547607421875" lon="126.64796599186956882476806640625">
        <ele>120.40000152587890625</ele>
        <time>2026-10-04T21:53:47.000Z</time>
        <extensions>
          <ns3:TrackPointExtension>
            <ns3:hr>160</ns3:hr>
            <ns3:cad>93</ns3:cad>
          </ns3:TrackPointExtension>
        </extensions>
      </trkpt>
      <trkpt lat="45.79995333217084407806396484375" lon="126.64801594801247119903564453125">
        <ele>120.40000152587890625</ele>
        <time>2026-10-04T21:53:48.000Z</time>
        <extensions>
          <ns3:TrackPointExtension>
            <ns3:hr>160</ns3:hr>
            <ns3:cad>93</ns3:cad>
          </ns3:TrackPointExtension>
        </extensions>
      </trkpt>
      <trkpt lat="45.79994612373411655426025390625" lon="126.6480576060712337493896484375">
        <ele>120.40000152587890625</ele>
        <time>2026-10-04T21:53:49.000Z</time>
        <extensions>
          <ns3:TrackPointExtension>
            <ns3:hr>161</ns3:hr>
            <ns3:cad>93</ns3:cad>
          </ns3:TrackPointExtension>
        </extensions>
      </trkpt>
      <trkpt lat="45.79994813539087772369384765625" lon="126.648097671568393707275390625">
        <ele>120.40000152587890625</ele>
        <time>2026-10-04T21:53:50.000Z</time>
        <extensions>
          <ns3:TrackPointExtension>
            <ns3:hr>160</ns3:hr>
            <ns3:cad>93</ns3:cad>
          </ns3:TrackPointExtension>
        </extensions>
      </trkpt>
      <trkpt lat="45.7999398373067378997802734375" lon="126.64815324358642101287841796875">
        <ele>120.1999969482421875</ele>
        <time>2026-10-04T21:53:51.000Z</time>
        <extensions>
          <ns3:TrackPointExtension>
            <ns3:hr>160</ns3:hr>
            <ns3:cad>93</ns3:cad>
          </ns3:TrackPointExtension>
        </extensions>
      </trkpt>
      <trkpt lat="45.7999353110790252685546875" lon="126.6481950692832469940185546875">
        <ele>120.40000152587890625</ele>
        <time>2026-10-04T21:53:52.000Z</time>
        <extensions>
          <ns3:TrackPointExtension>
            <ns3:hr>161</ns3:hr>
            <ns3:cad>92</ns3:cad>
          </ns3:TrackPointExtension>
        </extensions>
      </trkpt>
      <trkpt lat="45.7999284379184246063232421875" lon="126.6482426784932613372802734375">
        <ele>120.40000152587890625</ele>
        <time>2026-10-04T21:53:53.000Z</time>
        <extensions>
          <ns3:TrackPointExtension>
            <ns3:hr>160</ns3:hr>
            <ns3:cad>92</ns3:cad>
          </ns3:TrackPointExtension>
        </extensions>
      </trkpt>
      <trkpt lat="45.7999257557094097137451171875" lon="126.64829439483582973480224609375">
        <ele>120.40000152587890625</ele>
        <time>2026-10-04T21:53:54.000Z</time>
        <extensions>
          <ns3:TrackPointExtension>
            <ns3:hr>161</ns3:hr>
            <ns3:cad>92</ns3:cad>
          </ns3:TrackPointExtension>
        </extensions>
      </trkpt>
      <trkpt lat="45.799923576414585113525390625" lon="126.64833898656070232391357421875">
        <ele>120.40000152587890625</ele>
        <time>2026-10-04T21:53:55.000Z</time>
        <extensions>
          <ns3:TrackPointExtension>
            <ns3:hr>161</ns3:hr>
            <ns3:cad>92</ns3:cad>
          </ns3:TrackPointExtension>
        </extensions>
      </trkpt>
      <trkpt lat="45.79992131330072879791259765625" lon="126.64839112199842929840087890625">
        <ele>120.40000152587890625</ele>
        <time>2026-10-04T21:53:56.000Z</time>
        <extensions>
          <ns3:TrackPointExtension>
            <ns3:hr>161</ns3:hr>
            <ns3:cad>92</ns3:cad>
          </ns3:TrackPointExtension>
        </extensions>
      </trkpt>
      <trkpt lat="45.79991779290139675140380859375" lon="126.648437976837158203125">
        <ele>120.1999969482421875</ele>
        <time>2026-10-04T21:53:57.000Z</time>
        <extensions>
          <ns3:TrackPointExtension>
            <ns3:hr>161</ns3:hr>
            <ns3:cad>92</ns3:cad>
          </ns3:TrackPointExtension>
        </extensions>
      </trkpt>
      <trkpt lat="45.79990656115114688873291015625" lon="126.6484944708645343780517578125">
        <ele>120.40000152587890625</ele>
        <time>2026-10-04T21:53:58.000Z</time>
        <extensions>
          <ns3:TrackPointExtension>
            <ns3:hr>160</ns3:hr>
            <ns3:cad>92</ns3:cad>
          </ns3:TrackPointExtension>
        </extensions>
      </trkpt>
      <trkpt lat="45.79990019090473651885986328125" lon="126.64854115806519985198974609375">
        <ele>120.40000152587890625</ele>
        <time>2026-10-04T21:53:59.000Z</time>
        <extensions>
          <ns3:TrackPointExtension>
            <ns3:hr>161</ns3:hr>
            <ns3:cad>92</ns3:cad>
          </ns3:TrackPointExtension>
        </extensions>
      </trkpt>
      <trkpt lat="45.79989616759121417999267578125" lon="126.6485873423516750335693359375">
        <ele>120.40000152587890625</ele>
        <time>2026-10-04T21:54:00.000Z</time>
        <extensions>
          <ns3:TrackPointExtension>
            <ns3:hr>161</ns3:hr>
            <ns3:cad>92</ns3:cad>
          </ns3:TrackPointExtension>
        </extensions>
      </trkpt>
      <trkpt lat="45.79989298246800899505615234375" lon="126.64863117970526218414306640625">
        <ele>120.40000152587890625</ele>
        <time>2026-10-04T21:54:01.000Z</time>
        <extensions>
          <ns3:TrackPointExtension>
            <ns3:hr>161</ns3:hr>
            <ns3:cad>92</ns3:cad>
          </ns3:TrackPointExtension>
        </extensions>
      </trkpt>
    </trkseg>
  </trk>
</gpx>
